date,hf_mom_pct,hf_mobility_factor,hf_yoy
2014-10-17,0.000000,100.000000,
2014-10-20,-0.173544,99.826456,
2014-10-21,0.186396,100.012528,
2014-10-22,-0.221057,99.791444,
2014-10-23,-0.115503,99.676182,
2014-10-24,0.253823,99.929183,
2014-10-27,0.744288,100.672944,
2014-10-28,-0.206451,100.465103,
2014-10-29,-0.269683,100.194166,
2014-10-30,-0.530062,99.663075,
2014-10-31,-0.685504,98.979881,
2014-11-03,0.508867,99.483557,
2014-11-04,-0.339569,99.145742,
2014-11-05,0.362983,99.505624,
2014-11-06,0.408154,99.911760,
2014-11-07,-0.060778,99.851036,
2014-11-10,-1.472927,98.380303,
2014-11-11,-1.863971,96.546522,
2014-11-12,0.254519,96.792252,
2014-11-13,-0.456434,96.350459,
2014-11-14,-0.169847,96.186810,
2014-11-17,1.086951,97.232313,
2014-11-18,0.971534,98.176959,
2014-11-19,0.457435,98.626054,
2014-11-20,-0.081967,98.545213,
2014-11-21,-0.641240,97.913302,
2014-11-24,-0.958374,96.974926,
2014-11-25,-0.237672,96.744444,
2014-11-26,-0.766590,96.002811,
2014-11-27,-0.522177,95.501506,
2014-11-28,-1.779793,93.801777,
2014-12-01,-0.802787,93.048748,
2014-12-02,-2.120299,91.075837,
2014-12-03,0.080245,91.148920,
2014-12-04,-2.647130,88.736090,
2014-12-05,-2.396550,86.609485,
2014-12-08,-2.098340,84.792124,
2014-12-09,2.136341,86.603573,
2014-12-10,-0.541152,86.134916,
2014-12-11,1.433108,87.369323,
2014-12-12,0.250153,87.587880,
2014-12-15,-2.289500,85.582555,
2014-12-16,-2.053198,83.825376,
2014-12-17,-1.754792,82.354415,
2014-12-18,0.250829,82.560984,
2014-12-19,-1.846122,81.036807,
2014-12-22,-3.246059,78.406304,
2014-12-23,1.452145,79.544878,
2014-12-24,2.821097,81.788916,
2014-12-25,-1.935296,80.206058,
2014-12-26,-1.966008,78.629200,
2014-12-29,-1.155895,77.720329,
2014-12-30,-0.996750,76.945651,
2014-12-31,-1.237404,75.993523,
2015-01-05,-2.406896,74.164438,
2015-01-06,0.747427,74.718763,
2015-01-07,-0.341732,74.463425,
2015-01-08,1.742754,75.761139,
2015-01-09,-0.187724,75.618918,
2015-01-12,0.535020,76.023494,
2015-01-13,0.659173,76.524620,
2015-01-14,-0.032824,76.499502,
2015-01-15,-2.256637,74.773185,
2015-01-16,-0.183450,74.636014,
2015-01-19,4.793111,78.213401,
2015-01-20,0.535661,78.632360,
2015-01-21,-2.508400,76.659946,
2015-01-22,0.367872,76.941956,
2015-01-23,-0.577586,76.497550,
2015-01-26,0.698036,77.031531,
2015-01-27,0.677819,77.553665,
2015-01-28,1.003563,78.331965,
2015-01-29,0.917281,79.050489,
2015-01-30,0.534777,79.473233,
2015-02-02,1.864957,80.955375,
2015-02-03,-0.996943,80.148296,
2015-02-04,0.793722,80.784450,
2015-02-05,0.803209,81.433318,
2015-02-06,0.554868,81.885165,
2015-02-09,-0.877307,81.166781,
2015-02-10,-0.513748,80.749788,
2015-02-11,0.093408,80.825215,
2015-02-12,0.062733,80.875919,
2015-02-13,-0.004069,80.872628,
2015-02-16,0.403288,81.198778,
2015-02-17,-0.275366,80.975184,
2015-02-25,0.469129,81.355062,
2015-02-26,-1.339184,80.265568,
2015-02-27,0.330767,80.531061,
2015-03-02,0.128380,80.634446,
2015-03-03,1.637425,81.954774,
2015-03-04,0.304258,82.204128,
2015-03-05,0.980963,83.010521,
2015-03-06,-0.487361,82.605960,
2015-03-09,-0.774518,81.966162,
2015-03-10,1.229704,82.974103,
2015-03-11,-0.177409,82.826899,
2015-03-12,-1.648202,81.461745,
2015-03-13,0.440366,81.820475,
2015-03-16,0.002556,81.822565,
2015-03-17,-0.247432,81.620110,
2015-03-18,-0.683678,81.062091,
2015-03-19,0.425773,81.407232,
2015-03-20,-0.210177,81.236132,
2015-03-23,-0.575511,80.768609,
2015-03-24,0.582800,81.239328,
2015-03-25,1.506609,82.463287,
2015-03-26,-1.132687,81.529236,
2015-03-27,-0.510431,81.113085,
2015-03-30,-1.847162,79.614795,
2015-03-31,0.998538,80.409779,
2015-04-01,0.060414,80.458357,
2015-04-02,1.020279,81.279257,
2015-04-03,0.465657,81.657740,
2015-04-07,-0.879289,80.939732,
2015-04-08,-1.342401,79.853197,
2015-04-09,0.340059,80.124744,
2015-04-10,-0.294344,79.888902,
2015-04-13,-0.508348,79.482788,
2015-04-14,-0.013364,79.472167,
2015-04-15,-1.103813,78.594943,
2015-04-16,-1.487996,77.425453,
2015-04-17,-1.284046,76.431274,
2015-04-20,0.916696,77.131917,
2015-04-21,0.558765,77.562903,
2015-04-22,-0.166804,77.433525,
2015-04-23,0.689578,77.967489,
2015-04-24,0.545348,78.392683,
2015-04-27,-1.989267,76.833243,
2015-04-28,-1.817270,75.436976,
2015-04-29,1.307998,76.423691,
2015-04-30,1.491811,77.563788,
2015-05-04,-0.239059,77.378365,
2015-05-05,1.619275,78.631334,
2015-05-06,0.759598,79.228616,
2015-05-07,1.029737,80.044462,
2015-05-08,0.522182,80.462440,
2015-05-11,0.055656,80.507222,
2015-05-12,0.347864,80.787278,
2015-05-13,0.760771,81.401884,
2015-05-14,0.406280,81.732604,
2015-05-15,1.265884,82.767244,
2015-05-18,1.843380,84.292959,
2015-05-19,-1.105143,83.361401,
2015-05-20,0.693819,83.939779,
2015-05-21,0.944150,84.732296,
2015-05-22,-1.403560,83.543027,
2015-05-25,-1.506074,82.284808,
2015-05-26,0.491113,82.688919,
2015-05-27,0.580614,83.169023,
2015-05-28,2.179078,84.981341,
2015-05-29,0.684263,85.562836,
2015-06-01,-1.298508,84.451796,
2015-06-02,0.774167,85.105593,
2015-06-03,0.410384,85.454853,
2015-06-04,-1.023062,84.580597,
2015-06-05,-0.200190,84.411275,
2015-06-08,-3.762025,81.235702,
2015-06-09,0.464806,81.613290,
2015-06-10,1.411584,82.765330,
2015-06-11,0.962401,83.561865,
2015-06-12,0.211427,83.738538,
2015-06-15,-2.207931,81.889649,
2015-06-16,0.333880,82.163062,
2015-06-17,-0.193126,82.004383,
2015-06-18,1.833847,83.508218,
2015-06-19,1.352023,84.637268,
2015-06-23,-1.959043,82.979187,
2015-06-24,-0.835632,82.285786,
2015-06-25,0.555539,82.742916,
2015-06-26,1.665493,84.120993,
2015-06-29,-1.429897,82.918150,
2015-06-30,-2.306626,81.005538,
2015-07-01,1.238966,82.009169,
2015-07-02,-1.565301,80.725479,
2015-07-03,0.978375,81.515277,
2015-07-06,-4.669748,77.708719,
2015-07-07,-2.639586,75.657530,
2015-07-08,2.930081,77.874357,
2015-07-09,-2.375433,76.024504,
2015-07-10,-1.313580,75.025862,
2015-07-13,1.385219,76.065134,
2015-07-14,2.905863,78.275483,
2015-07-15,-0.477872,77.901426,
2015-07-16,0.368486,78.188482,
2015-07-17,0.328524,78.445351,
2015-07-20,0.954323,79.193972,
2015-07-21,0.820021,79.843380,
2015-07-22,0.850450,80.522408,
2015-07-23,-0.095521,80.445492,
2015-07-24,0.885791,81.158070,
2015-07-27,3.140707,83.707008,
2015-07-28,-1.217823,82.687605,
2015-07-29,0.109367,82.778038,
2015-07-30,0.476393,83.172387,
2015-07-31,-0.972998,82.363121,
2015-08-03,-2.218110,80.536216,
2015-08-04,0.577810,81.001563,
2015-08-05,1.168699,81.948228,
2015-08-06,0.613837,82.451257,
2015-08-07,0.274120,82.677272,
2015-08-10,-0.793278,82.021411,
2015-08-11,0.584774,82.501051,
2015-08-12,0.191129,82.658735,
2015-08-13,0.295091,82.902653,
2015-08-14,0.363436,83.203951,
2015-08-17,0.770171,83.844764,
2015-08-18,0.609202,84.355548,
2015-08-19,0.457962,84.741864,
2015-08-20,0.647723,85.290756,
2015-08-21,0.577832,85.783594,
2015-08-24,3.459232,88.751048,
2015-08-25,1.989078,90.516375,
2015-08-26,-1.803880,88.883569,
2015-08-27,-2.116522,87.002328,
2015-08-28,-0.705057,86.388913,
2015-08-31,-1.170432,85.377789,
2015-09-01,-3.436944,82.443402,
2015-09-02,-2.434714,80.436142,
2015-09-07,3.728772,83.435422,
2015-09-08,0.573397,83.913838,
2015-09-09,0.340923,84.199919,
2015-09-10,0.162750,84.336955,
2015-09-11,0.684324,84.914093,
2015-09-14,-1.668974,83.496898,
2015-09-15,-0.026542,83.474736,
2015-09-16,-0.144555,83.354069,
2015-09-17,0.992955,84.181737,
2015-09-18,0.569984,84.661559,
2015-09-21,0.645615,85.208147,
2015-09-22,-0.407718,84.860738,
2015-09-23,1.171550,85.854924,
2015-09-24,0.258305,86.076692,
2015-09-25,-0.782652,85.403011,
2015-09-28,1.051931,86.301391,
2015-09-29,0.699588,86.905145,
2015-09-30,-0.334147,86.614755,
2015-10-08,-0.177135,86.461330,
2015-10-09,-0.168874,86.315319,
2015-10-12,-0.379833,85.987465,
2015-10-13,0.750067,86.632428,
2015-10-14,0.072829,86.695522,
2015-10-15,0.027707,86.719543,
2015-10-16,-0.258173,86.495657,
2015-10-19,0.080281,86.565096,
2015-10-20,0.190483,86.729989,
2015-10-21,-1.361252,85.549375,
2015-10-22,0.981251,86.388829,
2015-10-23,0.396827,86.731643,
2015-10-26,-0.202854,86.555704,
2015-10-27,0.262784,86.783159,
2015-10-28,0.066778,86.841110,
2015-10-29,-0.140487,86.719110,-14.249591
2015-10-30,-1.069987,85.791227,-15.151648
2015-11-02,0.697903,86.389966,-14.642392
2015-11-03,0.227875,86.586827,-14.193475
2015-11-04,-0.842326,85.857484,-14.923800
2015-11-05,-1.439322,84.621718,-16.627081
2015-11-06,-0.259882,84.401802,-17.628833
2015-11-09,-0.379032,84.081893,-17.801920
2015-11-10,0.536294,84.532819,-16.997012
2015-11-11,0.825017,85.230229,-15.643908
2015-11-12,0.778821,85.894019,-14.180241
2015-11-13,-0.074728,85.829832,-14.762573
2015-11-16,0.731839,86.457969,-13.693252
2015-11-17,-0.348940,86.156283,-14.405128
2015-11-18,-0.197016,85.986541,-15.009662
2015-11-19,0.538427,86.449516,-14.411883
2015-11-20,0.753461,87.100879,-12.177364
2015-11-23,0.010594,87.110106,-10.285208
2015-11-24,0.481586,87.529617,-10.058973
2015-11-25,0.362104,87.846565,-9.240045
2015-11-26,0.037160,87.879209,-9.032900
2015-11-27,0.833632,88.611798,-9.283809
2015-11-30,-0.025649,88.589069,-10.276307
2015-12-01,-0.316019,88.309111,-11.049218
2015-12-02,-2.865117,85.778952,-13.874180
2015-12-03,0.231444,85.977482,-12.999699
2015-12-04,1.332708,87.123311,-10.712797
2015-12-07,0.587619,87.635264,-9.888943
2015-12-08,0.391097,87.978003,-8.729065
2015-12-09,-0.296069,87.717528,-8.502028
2015-12-10,0.360839,88.034047,-6.346016
2015-12-11,-0.025479,88.011617,-5.565472
2015-12-14,-1.792303,86.434182,-5.230931
2015-12-15,1.033491,87.327471,-4.282956
2015-12-16,0.420842,87.694982,-1.180200
2015-12-17,0.044664,87.734150,1.290188
2015-12-18,-0.334708,87.440496,3.075586
2015-12-21,-1.075816,86.499797,-0.119900
2015-12-22,0.314664,86.771981,0.736891
2015-12-23,-0.543323,86.300529,-1.230850
2015-12-24,0.575978,86.797601,-0.906365
2015-12-25,0.502500,87.233759,1.910993
2015-12-28,0.889952,88.010098,4.871578
2015-12-29,-0.009169,88.002028,6.632779
2015-12-30,0.665845,88.587985,7.045902
2015-12-31,-0.358835,88.270100,8.549797
2016-01-04,0.675162,88.866066,12.522602
2016-01-05,-0.951878,88.020170,10.124463
2016-01-06,-0.165107,87.874842,7.177183
2016-01-07,0.748942,88.532974,9.877602
2016-01-08,-1.229911,87.444097,10.625656
2016-01-11,0.155329,87.579923,11.943492
2016-01-12,-0.353655,87.270192,12.590961
2016-01-13,-0.360389,86.955679,13.475044
2016-01-14,0.502434,87.392574,16.412554
2016-01-15,0.781133,88.075226,16.446005
2016-01-18,0.829705,88.805990,17.614604
2016-01-19,-0.492914,88.368253,15.392728
2016-01-20,0.430318,88.748518,16.010024
2016-01-21,-0.136584,88.627301,15.339753
2016-01-22,-0.132775,88.509627,14.549880
2016-01-25,0.197244,88.684207,14.779760
2016-01-26,0.908940,89.490294,17.967083
2016-01-27,-0.140723,89.364360,18.009880
2016-01-28,-0.399312,89.007518,12.927983
2016-01-29,-0.264586,88.772017,12.128816
2016-02-01,0.394450,89.122178,15.062886
2016-02-02,0.300086,89.389621,14.995326
2016-02-03,0.620456,89.944245,16.193126
2016-02-04,0.147911,90.077282,15.645316
2016-02-05,-0.042329,90.039153,14.927446
2016-02-15,0.593215,90.573279,14.520348
2016-02-16,-0.281314,90.318483,13.325537
2016-02-17,0.113228,90.420749,12.905349
2016-02-18,0.107551,90.517997,11.165062
2016-02-19,0.445628,90.921371,12.611646
2016-02-22,-0.756986,90.233109,11.061192
2016-02-23,0.356224,90.554541,10.616783
2016-02-24,-0.425332,90.169383,9.637210
2016-02-25,0.649182,90.754747,11.165472
2016-02-26,-0.900241,89.937736,10.776227
2016-02-29,-1.732563,88.379508,8.935115
2016-03-01,-0.231509,88.174901,8.640624
2016-03-02,-0.668019,87.585876,7.974432
2016-03-03,-0.182806,87.425763,7.388981
2016-03-04,-2.666181,85.094834,4.962359
2016-03-07,0.885613,85.848444,5.376040
2016-03-08,0.246768,86.060290,6.970736
2016-03-09,-0.290001,85.810714,6.350092
2016-03-10,0.667748,86.383713,6.887323
2016-03-11,-0.364338,86.068984,4.898156
2016-03-14,0.666185,86.642363,5.258335
2016-03-15,-0.501624,86.207745,3.779266
2016-03-16,-0.894244,85.436837,3.369553
2016-03-17,0.853410,86.165964,4.996875
2016-03-18,0.666048,86.739871,4.438510
2016-03-21,-0.241815,86.530120,4.373969
2016-03-22,0.574208,87.026983,6.608470
2016-03-23,0.278718,87.269543,6.447401
2016-03-24,0.292984,87.525228,6.737401
2016-03-25,0.058773,87.576670,7.043895
2016-03-28,0.466522,87.985234,8.195359
2016-03-29,-0.166599,87.838652,7.603752
2016-03-30,0.108497,87.933954,7.922589
2016-03-31,-0.222621,87.738195,8.276894
2016-04-01,-0.493615,87.305106,7.200949
2016-04-05,0.523159,87.761851,6.227372
2016-04-06,0.374493,88.090513,7.740317
2016-04-07,0.160662,88.232041,8.412588
2016-04-08,0.228381,88.433546,10.505144
2016-04-11,0.023963,88.454737,9.535518
2016-04-12,-0.256299,88.228028,9.218494
2016-04-13,-0.274799,87.985578,7.928207
2016-04-14,0.164982,88.130738,7.628476
2016-04-15,-0.078093,88.061914,8.433530
2016-04-18,0.143783,88.188532,9.928703
2016-04-19,-0.116243,88.086020,9.472911
2016-04-20,-0.908233,87.285994,8.855306
2016-04-21,-0.160896,87.145554,9.203925
2016-04-22,-0.120871,87.040220,9.096346
2016-04-25,-0.020501,87.022376,10.185792
2016-04-26,-0.113841,86.923309,11.571064
2016-04-27,-0.203019,86.746838,12.660201
2016-04-28,-0.292222,86.493345,11.455031
2016-04-29,-0.917332,85.699913,9.976256
2016-05-03,0.132708,85.813644,10.275819
2016-05-04,0.198978,85.984395,9.787389
2016-05-05,0.193286,86.150590,9.436622
2016-05-06,0.212482,86.333645,11.658198
2016-05-09,-0.290796,86.082590,13.200963
2016-05-10,-0.113740,85.984680,11.787640
2016-05-11,-0.704296,85.379093,9.600059
2016-05-12,-0.115037,85.280875,9.724300
2016-05-13,0.117263,85.380878,8.235190
2016-05-16,0.181665,85.535985,7.659962
2016-05-17,0.114830,85.634206,6.750255
2016-05-18,-0.823392,84.929101,5.402631
2016-05-19,0.345357,85.222409,5.691752
2016-05-20,0.159248,85.358124,5.503612
2016-05-23,0.428320,85.723730,5.173126
2016-05-24,0.012378,85.734341,4.780046
2016-05-25,-0.010845,85.725043,3.511262
2016-05-26,0.023185,85.744918,1.707849
2016-05-27,-0.012340,85.734337,2.806803
2016-05-30,-0.370088,85.417045,1.744605
2016-05-31,-0.333592,85.132100,0.470735
2016-06-01,0.457693,85.521744,2.340886
2016-06-02,0.364146,85.833168,4.221901
2016-06-03,-0.258733,85.611090,3.472922
2016-06-06,0.167888,85.754820,3.061734
2016-06-07,0.092108,85.833807,0.998124
2016-06-08,0.197110,86.002994,0.513108
2016-06-13,0.138654,86.122241,1.958679
2016-06-14,-0.174860,85.971648,1.012481
2016-06-15,0.753988,86.619864,1.354097
2016-06-16,0.434793,86.996481,2.816278
2016-06-17,0.046441,87.036883,3.063098
2016-06-20,0.132205,87.151950,7.029832
2016-06-21,-0.372446,86.827356,6.192961
2016-06-22,0.209582,87.009330,5.000610
2016-06-23,0.160654,87.149114,4.203335
2016-06-24,0.547345,87.626120,4.537983
2016-06-27,0.212161,87.812029,6.982590
2016-06-28,0.137662,87.932913,6.786834
2016-06-29,-0.317056,87.654116,6.662587
2016-06-30,0.061977,87.708441,4.907310
2016-07-01,-0.136823,87.588436,3.427429
2016-07-04,-0.275350,87.347261,5.130186
2016-07-05,-0.024370,87.325974,5.944956
2016-07-06,0.024211,87.347117,5.415162
2016-07-07,0.073035,87.410910,3.836395
2016-07-08,0.569659,87.908855,5.844656
2016-07-11,-0.679276,87.311711,7.496707
2016-07-12,-1.031689,86.410926,5.228306
2016-07-13,0.111314,86.507114,6.917240
2016-07-14,0.305238,86.771166,6.248393
2016-07-15,-0.402956,86.421516,10.626921
2016-07-18,-0.092613,86.341479,13.209314
2016-07-19,0.458029,86.736948,10.778322
2016-07-20,0.258928,86.961534,13.441017
2016-07-21,-0.228674,86.762676,14.534365
2016-07-22,0.082191,86.833987,13.240810
2016-07-25,-0.266110,86.602913,10.109902
2016-07-26,-0.197791,86.431620,10.390932
2016-07-27,-1.104030,85.477389,8.912954
2016-07-28,-0.136329,85.360859,8.448545
2016-07-29,-0.390715,85.027341,7.107267
2016-08-01,-0.512773,84.591343,5.776498
2016-08-02,0.182863,84.746030,5.112340
2016-08-03,0.043043,84.782507,5.250940
2016-08-04,0.223363,84.971879,4.592163
2016-08-05,-0.212866,84.791003,1.286674
2016-08-08,-0.112906,84.695269,2.399004
2016-08-09,-0.180204,84.542645,2.109330
2016-08-10,0.033149,84.570669,1.667211
2016-08-11,-0.617892,84.048114,2.025165
2016-08-12,-0.980424,83.224086,3.282983
2016-08-15,-1.047976,82.351918,1.653329
2016-08-16,0.698156,82.926863,1.187137
2016-08-17,0.293621,83.170354,0.868367
2016-08-18,0.265600,83.391254,0.859870
2016-08-19,-0.072446,83.330841,1.583839
2016-08-22,-0.263823,83.110995,0.736597
2016-08-23,-0.387261,82.789138,0.157637
2016-08-24,0.292415,83.031226,0.154968
2016-08-25,-0.054464,82.986004,-0.262287
2016-08-26,-0.372814,82.676621,-1.403018
2016-08-29,-0.536878,82.232748,-2.548696
2016-08-30,0.019391,82.248694,-2.986223
2016-08-31,-0.620758,81.738128,-4.254551
2016-09-01,0.157672,81.867006,-4.673173
2016-09-02,-0.384314,81.552379,-8.458973
2016-09-05,0.112925,81.644472,-10.315666
2016-09-06,0.393166,81.965470,-8.102923
2016-09-07,-0.045233,81.928394,-6.008926
2016-09-08,0.174163,82.071083,-5.127360
2016-09-09,0.044237,82.107389,-3.905797
2016-09-12,-0.197204,81.945470,-0.605800
2016-09-13,0.385138,82.261072,2.243440
2016-09-14,0.328027,82.530911,-1.090005
2016-09-19,0.035358,82.560092,-1.626412
2016-09-20,0.190992,82.717775,-1.775946
2016-09-21,-0.026409,82.695930,-1.964975
2016-09-22,-0.301393,82.446690,-2.948816
2016-09-23,0.045432,82.484147,-1.220336
2016-09-26,0.153502,82.610762,-1.040406
2016-09-27,0.115523,82.706196,-0.780290
2016-09-28,0.158835,82.837563,-1.609639
2016-09-29,-0.145516,82.717020,-2.323626
2016-09-30,0.052750,82.760654,-2.914430
2016-10-10,0.079508,82.826455,-2.426402
2016-10-11,-0.022010,82.808225,-3.613155
2016-10-12,0.168905,82.948093,-3.702364
2016-10-13,0.063967,83.001152,-2.852687
2016-10-14,-0.136078,82.888206,-4.035294
2016-10-17,0.155809,83.017353,-4.576758
2016-10-18,-0.423027,82.666167,-4.665976
2016-10-19,-0.082488,82.597978,-4.571206
2016-10-20,0.095245,82.676649,-4.306989
2016-10-21,-0.513945,82.251736,-4.441704
2016-10-24,-0.614514,81.746288,-5.805381
2016-10-25,0.101117,81.828947,-5.777117
2016-10-26,-0.021437,81.811405,-5.826260
2016-10-27,-0.159937,81.680559,-5.727818
2016-10-28,-0.426324,81.332335,-6.235303
2016-10-31,-0.134411,81.223015,-6.560107
2016-11-01,-0.023897,81.203605,-5.213405
2016-11-02,0.278398,81.429674,-5.911862
2016-11-03,-0.371718,81.126985,-6.680314
2016-11-04,0.106639,81.213498,-6.370672
2016-11-07,-0.059281,81.165354,-6.692410
2016-11-08,-0.094657,81.088525,-6.853867
2016-11-09,0.085258,81.157659,-6.628060
2016-11-10,-0.166123,81.022838,-5.718569
2016-11-11,-0.251399,80.819147,-6.665763
2016-11-14,-0.153649,80.694969,-7.047147
2016-11-15,0.303719,80.940055,-5.897993
2016-11-16,0.066768,80.994097,-4.381468
2016-11-17,-0.296643,80.753833,-4.418332
2016-11-18,0.306414,81.001274,-3.732635
2016-11-21,-0.417508,80.663087,-4.685878
2016-11-22,-0.207182,80.495968,-5.714907
2016-11-23,-0.353896,80.211096,-6.845234
2016-11-24,-0.392569,79.896213,-7.163819
2016-11-25,-0.509040,79.489509,-8.403333
2016-11-28,-0.375885,79.190720,-8.430376
2016-11-29,-0.949106,78.439116,-9.186804
2016-11-30,0.666970,78.962282,-9.059032
2016-12-01,-0.284654,78.737512,-10.094728
2016-12-02,-0.258511,78.533967,-10.364168
2016-12-05,0.750906,79.123683,-10.096498
2016-12-06,0.301144,79.361959,-10.157256
2016-12-07,0.231659,79.545808,-9.963018
2016-12-08,-0.181792,79.401200,-10.975152
2016-12-09,-0.791853,78.772459,-11.744505
2016-12-12,-0.637694,78.270132,-12.067722
2016-12-13,0.096496,78.345659,-9.064310
2016-12-14,0.105890,78.428619,-9.189653
2016-12-15,1.443226,79.560521,-9.080648
2016-12-16,0.332090,79.824734,-9.335006
2016-12-19,0.150326,79.944732,-9.575128
2016-12-20,0.392878,80.258817,-8.886511
2016-12-21,-0.380180,79.953690,-9.627605
2016-12-22,-0.044424,79.918171,-9.646557
2016-12-23,-0.004294,79.914740,-7.842291
2016-12-26,-0.035172,79.886632,-8.905656
2016-12-27,0.464965,80.258077,-8.861727
2016-12-28,0.013389,80.268823,-8.892993
2016-12-29,-0.066148,80.215726,-8.623893
2016-12-30,-0.265633,80.002647,-7.808235
2017-01-03,-0.260815,79.793988,-8.383561
2017-01-04,-0.013526,79.783195,-7.852283
2017-01-05,-0.121967,79.685886,-8.548651
2017-01-06,-0.141834,79.572864,-9.191827
2017-01-09,-0.109754,79.485529,-10.187657
2017-01-10,-0.063217,79.435281,-10.241724
2017-01-11,-0.044775,79.399714,-10.950147
2017-01-12,-0.116709,79.307048,-10.707443
2017-01-13,-0.919422,78.577881,-12.304011
2017-01-16,-1.840011,77.132039,-13.204724
2017-01-17,0.401914,77.442044,-12.638372
2017-01-18,-0.484086,77.067158,-13.869784
2017-01-19,0.003037,77.069498,-12.629211
2017-01-20,0.274812,77.281295,-12.509983
2017-01-23,0.213256,77.446102,-11.942673
2017-01-24,-0.412645,77.126524,-11.995131
2017-01-25,-0.104524,77.045909,-12.600885
2017-01-26,-0.109454,76.961579,-13.488496
2017-02-03,0.333188,77.218006,-13.982144
2017-02-06,0.297332,77.447600,-13.191120
2017-02-07,0.142905,77.558277,-13.477711
2017-02-08,0.007405,77.564020,-13.333630
2017-02-09,0.041929,77.596541,-13.158847
2017-02-10,-0.460357,77.239320,-13.817317
2017-02-13,-0.006144,77.234574,-14.728296
2017-02-14,-0.084372,77.169409,-14.671882
2017-02-15,-0.346563,76.901969,-14.618936
2017-02-16,0.029934,76.924988,-14.324070
2017-02-17,0.166060,77.052730,-14.551822
2017-02-20,-0.500656,76.666961,-15.353373
2017-02-21,0.156686,76.787087,-15.815349
2017-02-22,-0.110659,76.702115,-16.073870
2017-02-23,0.256602,76.898935,-15.775259
2017-02-24,-0.049315,76.861012,-16.416048
2017-02-27,-0.053994,76.819512,-16.188346
2017-02-28,-0.844899,76.170465,-17.149998
2017-03-01,-0.068924,76.117965,-17.326439
2017-03-02,0.145327,76.228585,-17.625855
2017-03-03,0.370502,76.511013,-16.496173
2017-03-06,0.358438,76.785258,-16.493966
2017-03-07,-0.026058,76.765250,-16.093788
2017-03-08,-0.115413,76.676652,-16.856352
2017-03-09,0.272641,76.885704,-15.679765
2017-03-10,0.048669,76.923123,-13.883360
2017-03-13,-0.198757,76.770234,-13.850537
2017-03-14,-0.120591,76.677655,-13.300941
2017-03-15,-0.105312,76.596904,-13.223335
2017-03-16,0.167844,76.725467,-10.353263
2017-03-17,0.226422,76.899191,-11.008811
2017-03-20,0.312991,77.139878,-10.942773
2017-03-21,-0.387357,76.841071,-11.040460
2017-03-22,0.251028,77.033964,-11.455274
2017-03-23,-0.233859,76.853813,-11.324404
2017-03-24,-0.272740,76.644202,-12.261492
2017-03-27,0.293435,76.869103,-11.465601
2017-03-28,0.132457,76.970921,-10.434966
2017-03-29,-0.094396,76.898264,-11.379195
2017-03-30,-0.330563,76.644066,-12.374146
2017-03-31,-0.020490,76.628362,-12.152530
2017-04-05,0.019797,76.643532,-12.705300
2017-04-06,-0.047977,76.606761,-13.031619
2017-04-07,-0.061266,76.559827,-13.385459
2017-04-10,-0.342585,76.297544,-13.787388
2017-04-11,-0.122889,76.203783,-14.375790
2017-04-12,-0.381305,75.913214,-14.591086
2017-04-13,-0.083817,75.849586,-14.783377
2017-04-14,-0.103235,75.771283,-14.663796
2017-04-17,-0.721029,75.224950,-14.892600
2017-04-18,-0.087210,75.159346,-15.501643
2017-04-19,0.049404,75.196478,-15.826045
2017-04-20,-0.483484,74.832915,-16.471235
2017-04-21,-0.846757,74.199262,-17.549717
2017-04-24,-0.922017,73.515132,-18.499971
2017-04-25,0.051095,73.552695,-18.192260
2017-04-26,-0.545840,73.151215,-18.464418
2017-04-27,0.331509,73.393718,-18.298303
2017-04-28,0.967241,74.103612,-17.257586
2017-05-02,0.604484,74.551556,-16.798602
2017-05-03,0.181162,74.686615,-16.501294
2017-05-04,-0.005007,74.682876,-15.593919
2017-05-05,-0.184520,74.545071,-15.617584
2017-05-08,-0.512941,74.162698,-16.010901
2017-05-09,0.410518,74.467149,-15.580720
2017-05-10,-0.555663,74.053363,-16.024027
2017-05-11,-0.751888,73.496564,-16.575531
2017-05-12,-0.735902,72.955702,-17.021504
2017-05-15,-0.056743,72.914305,-16.156697
2017-05-16,0.547277,73.313348,-15.743532
2017-05-17,0.000000,73.313348,-15.942313
2017-05-18,0.346321,73.567248,-15.789689
2017-05-19,-0.068661,73.516736,-16.070630
2017-05-22,-0.948768,72.819233,-16.732708
2017-05-23,-1.654226,71.614638,-18.286964
2017-05-24,0.203791,71.760582,-17.376593
2017-05-25,-0.774352,71.204902,-18.038855
2017-05-26,-0.031819,71.182245,-18.187874
2017-05-31,-0.328206,70.948621,-18.698120
2017-06-01,-1.302749,70.024338,-20.124193
2017-06-02,0.634735,70.468807,-18.664664
2017-06-05,0.949915,71.138201,-18.063994
2017-06-06,-0.118859,71.053647,-18.342045
2017-06-07,0.179293,71.181041,-18.590317
2017-06-08,-0.326116,70.948909,-18.929344
2017-06-09,-0.209236,70.800458,-19.127954
2017-06-12,-2.025666,69.366277,-21.197600
2017-06-13,0.439054,69.670832,-20.747166
2017-06-14,0.740386,70.186665,-19.638733
2017-06-15,0.714940,70.688458,-18.592187
2017-06-16,0.174010,70.811463,-18.874976
2017-06-19,-0.201696,70.668639,-19.440361
2017-06-20,0.110213,70.746525,-19.071141
2017-06-21,-0.533901,70.368808,-19.774219
2017-06-22,-0.821592,69.790664,-20.691270
2017-06-23,-0.378668,69.526389,-21.267574
2017-06-26,-0.068938,69.478459,-21.475094
2017-06-27,-0.050874,69.443112,-21.350968
2017-06-28,0.133165,69.535586,-21.969051
2017-06-29,-0.230167,69.375538,-22.633333
2017-06-30,0.082752,69.432948,-22.597045
2017-07-03,0.541317,69.808800,-22.189306
2017-07-04,0.281681,70.005439,-21.534880
2017-07-05,-0.171853,69.885132,-21.916243
2017-07-06,-0.034248,69.861198,-22.111022
2017-07-07,0.151248,69.966861,-22.505741
2017-07-10,-0.233964,69.803164,-22.951915
2017-07-11,-0.665368,69.338717,-23.757074
2017-07-12,0.071593,69.388358,-23.367946
2017-07-13,-0.528044,69.021957,-23.959347
2017-07-14,-0.364495,68.770376,-24.187592
2017-07-17,-1.927851,67.444585,-25.858538
2017-07-18,0.298537,67.645932,-25.536072
2017-07-19,-0.294412,67.446775,-25.855126
2017-07-20,-0.149561,67.345900,-26.077807
2017-07-21,0.277749,67.532953,-26.368486
2017-07-24,0.033406,67.555513,-25.653492
2017-07-25,-0.025720,67.538137,-24.642169
2017-07-26,-0.092583,67.475609,-24.846047
2017-07-27,0.472182,67.794216,-24.679749
2017-07-28,-0.119553,67.713166,-24.395603
2017-07-31,0.068254,67.759384,-24.234716
2017-08-01,-0.613893,67.343413,-25.307484
2017-08-02,-0.342470,67.112783,-25.909135
2017-08-03,0.668354,67.561334,-25.014069
2017-08-04,0.049869,67.595026,-25.046370
2017-08-07,0.059468,67.635223,-24.720455
2017-08-08,-0.029160,67.615501,-24.551632
2017-08-09,0.512061,67.961734,-22.930708
2017-08-10,-0.174529,67.843121,-22.968968
2017-08-11,0.444222,68.144495,-22.134248
2017-08-14,0.200784,68.281318,-21.419573
2017-08-15,-0.337102,68.051141,-21.939941
2017-08-16,0.272265,68.236420,-21.711079
2017-08-17,0.015016,68.246666,-21.919178
2017-08-18,-0.507544,67.900285,-22.214922
2017-08-21,-0.196817,67.766645,-22.298963
2017-08-22,-0.553974,67.391235,-22.674111
2017-08-23,-0.604455,66.983886,-23.313543
2017-08-24,-0.101715,66.915753,-22.795502
2017-08-25,-1.257098,66.074556,-23.075306
2017-08-28,-0.128681,65.989531,-22.150564
2017-08-29,-0.298733,65.792398,-23.145475
2017-08-30,0.323240,66.005065,-23.115947
2017-08-31,1.021628,66.679391,-22.364751
2017-09-01,0.634499,67.102471,-21.659785
2017-09-04,-0.047306,67.070727,-21.442931
2017-09-05,-0.310855,66.862234,-21.366257
2017-09-06,0.391007,67.123671,-21.268000
2017-09-07,0.193837,67.253781,-21.019872
2017-09-08,0.182542,67.376548,-20.463986
2017-09-11,0.405064,67.649466,-19.521416
2017-09-12,-0.318216,67.434194,-19.859528
2017-09-13,0.134522,67.524908,-19.102404
2017-09-14,0.221992,67.674808,-19.038205
2017-09-15,-0.022282,67.659729,-18.675435
2017-09-18,0.186110,67.785650,-18.602360
2017-09-19,-0.115266,67.707516,-19.110087
2017-09-20,0.194205,67.839007,-18.870827
2017-09-21,-0.596579,67.434294,-19.643204
2017-09-22,-0.226749,67.281388,-19.914438
2017-09-25,-0.547871,66.912772,-20.266416
2017-09-26,0.036782,66.937384,-20.614038
2017-09-27,0.439964,67.231885,-20.502529
2017-09-28,-0.210251,67.090529,-20.748353
2017-09-29,0.236574,67.249248,-20.702867
2017-10-09,-0.106611,67.177553,-20.783122
2017-10-10,0.113923,67.254084,-20.367416
2017-10-11,-0.360874,67.011382,-20.774364
2017-10-12,-0.143838,66.914994,-21.071690
2017-10-13,0.170059,67.028789,-21.017231
2017-10-16,-0.748508,66.527074,-21.927262
2017-10-17,-0.000612,66.526667,-21.782252
2017-10-18,-0.971550,65.880327,-22.811288
2017-10-19,-0.540859,65.524008,-23.433091
2017-10-20,0.554254,65.887177,-22.858355
2017-10-23,0.228810,66.037934,-22.798569
2017-10-24,-0.691675,65.581166,-23.556593
2017-10-25,0.055778,65.617746,-23.364660
2017-10-26,0.050815,65.651090,-23.469545
2017-10-27,-0.477964,65.337302,-23.524731
2017-10-30,-0.587341,64.953549,-24.031282
2017-10-31,0.596921,65.341270,-23.531335
2017-11-01,0.039238,65.366909,-22.976835
2017-11-02,-0.601353,64.973823,-22.963593
2017-11-03,-0.201561,64.842861,-23.266423
2017-11-06,0.195450,64.969597,-23.049725
2017-11-07,-0.329568,64.755478,-23.219772
2017-11-08,0.189327,64.878077,-22.603388
2017-11-09,0.024320,64.893856,-22.444570
2017-11-10,-0.047962,64.862731,-22.468643
2017-11-13,-0.247658,64.702093,-22.994620
2017-11-14,0.087494,64.758704,-22.534753
2017-11-15,0.079637,64.810276,-22.561730
2017-11-16,-0.216008,64.670280,-22.718672
2017-11-17,-1.827382,63.488507,-24.468256
2017-11-20,-0.271181,63.316338,-24.825027
2017-11-21,-0.723395,62.858311,-25.384790
2017-11-22,-0.509152,62.538267,-25.643527
2017-11-23,0.741723,63.002128,-24.750773
2017-11-24,0.041947,63.028555,-25.012093
2017-11-27,0.069675,63.072471,-25.009188
2017-11-28,0.652479,63.484005,-24.061744
2017-11-29,0.115405,63.557269,-24.252351
2017-11-30,0.294150,63.744223,-23.540251
2017-12-01,0.499059,64.062344,-22.835037
2017-12-04,-0.569093,63.697770,-23.051231
2017-12-05,-1.535845,62.719471,-24.205651
2017-12-06,0.897666,63.282482,-22.801651
2017-12-07,0.635956,63.684931,-21.791115
2017-12-08,0.141509,63.775051,-20.696068
2017-12-11,-1.760430,62.652336,-23.136933
2017-12-12,0.530131,62.984475,-22.323142
2017-12-13,-0.220013,62.845901,-22.284551
2017-12-14,0.409155,63.103038,-22.624332
2017-12-15,0.469974,63.399606,-22.456150
2017-12-18,-0.488805,63.089705,-23.177545
2017-12-19,-0.552360,62.741223,-23.549478
2017-12-20,-0.391852,62.495371,-23.147095
2017-12-21,-0.242064,62.344092,-22.749716
2017-12-22,0.070760,62.388207,-22.775430
2017-12-25,-0.439065,62.114282,-23.321295
2017-12-26,-0.209428,61.984197,-24.963854
2017-12-27,0.607950,62.361031,-24.689284
2017-12-28,-0.413212,62.103347,-25.253566
2017-12-29,0.068937,62.146159,-25.576761
2018-01-02,-0.473920,61.851636,-25.670903
2018-01-03,0.033155,61.872143,-25.593320
2018-01-04,-0.146584,61.781449,-25.735718
2018-01-05,-0.144599,61.692113,-25.845243
2018-01-08,-0.200028,61.568712,-26.509359
2018-01-09,-0.272621,61.400863,-26.795740
2018-01-10,-0.683243,60.981346,-27.415157
2018-01-11,0.084663,61.032975,-27.064543
2018-01-12,-0.463326,60.750193,-27.267790
2018-01-15,-1.101635,60.080948,-28.362012
2018-01-16,-0.156787,59.986749,-28.396879
2018-01-17,-0.270799,59.824305,-28.526110
2018-01-18,-0.841728,59.320747,-29.261587
2018-01-19,-0.456906,59.049707,-29.656304
2018-01-22,-0.090342,58.996360,-29.701902
2018-01-23,-1.172643,58.304543,-30.764698
2018-01-24,0.242826,58.446122,-29.598491
2018-01-25,0.325893,58.636594,-27.415977
2018-01-26,-0.341965,58.436077,-28.159637
2018-01-29,0.364166,58.648882,-27.310871
2018-01-30,0.789407,59.111860,-26.527601
2018-01-31,-1.183324,58.412375,-27.992418
2018-02-01,-1.477731,57.549197,-29.694205
2018-02-02,-0.564797,57.224161,-29.847104
2018-02-05,-0.715434,56.814760,-30.460531
2018-02-06,-0.024840,56.800647,-30.375861
2018-02-07,1.887349,57.872673,-28.838736
2018-02-08,1.440638,58.706409,-27.705268
2018-02-09,1.436959,59.549996,-26.421338
2018-02-12,0.589155,59.900838,-25.841316
2018-02-13,-0.580540,59.553090,-26.465468
2018-02-14,-0.181799,59.444823,-26.186011
2018-02-22,-0.804423,58.966635,-26.987543
2018-02-23,-0.256498,58.815387,-27.159962
2018-02-26,0.103380,58.876191,-26.709471
2018-02-27,0.866498,59.386352,-25.876634
2018-02-28,0.853044,59.892944,-25.193130
2018-03-01,0.218218,60.023641,-24.473236
2018-03-02,0.295873,60.201235,-24.334363
2018-03-05,0.212973,60.329447,-24.010896
2018-03-06,-0.243611,60.182478,-24.511078
2018-03-07,0.057949,60.217353,-24.403819
2018-03-08,-0.147341,60.128628,-24.497260
2018-03-09,0.267855,60.289685,-23.381275
2018-03-12,0.494043,60.587542,-22.819501
2018-03-13,0.229622,60.726664,-22.735364
2018-03-14,-0.108728,60.660637,-23.213969
2018-03-15,-0.271217,60.496115,-23.843352
2018-03-16,0.307855,60.682355,-23.509909
2018-03-19,-0.189005,60.567662,-23.583613
2018-03-20,-0.361603,60.348648,-24.218142
2018-03-21,0.545312,60.677736,-23.722968
2018-03-22,0.394530,60.917128,-23.130260
2018-03-23,-0.283920,60.744172,-23.293919
2018-03-26,1.253830,61.505801,-21.942517
2018-03-27,0.715024,61.945582,-21.397740
2018-03-28,0.822673,62.455192,-20.804598
2018-03-29,-0.776576,61.970180,-21.896708
2018-03-30,0.899076,62.527339,-20.613540
2018-04-02,-0.030199,62.508456,-20.894457
2018-04-03,-0.032135,62.488369,-20.692464
2018-04-04,-0.132283,62.405707,-20.551722
2018-04-09,0.012150,62.413290,-20.832578
2018-04-10,-1.289816,61.608273,-22.263154
2018-04-11,-0.378472,61.375103,-22.547904
2018-04-12,0.526917,61.698498,-21.691260
2018-04-13,0.477199,61.992923,-21.194703
2018-04-16,1.235934,62.759115,-19.986140
2018-04-17,-0.149367,62.665373,-20.087629
2018-04-18,0.052023,62.697974,-19.974335
2018-04-19,-0.464937,62.406468,-20.097183
2018-04-20,-0.072796,62.361038,-20.047042
2018-04-23,-0.682181,61.935623,-20.349526
2018-04-24,-0.540599,61.600800,-20.807739
2018-04-25,0.662037,62.008620,-20.044596
2018-04-26,0.400530,62.256983,-18.921225
2018-04-27,-0.631852,61.863611,-19.467834
2018-05-02,0.283929,62.039260,-19.233699
2018-05-03,-0.008698,62.033864,-18.757741
2018-05-04,0.236652,62.180668,-17.671005
2018-05-07,-0.248945,62.025873,-16.993967
2018-05-08,-0.476439,61.730357,-17.522627
2018-05-09,0.049366,61.760831,-16.925938
2018-05-10,-0.076672,61.713478,-17.333600
2018-05-11,-0.262937,61.551210,-18.559476
2018-05-14,-0.701848,61.119214,-19.866463
2018-05-15,0.194493,61.238086,-19.853157
2018-05-16,0.364420,61.461250,-19.484393
2018-05-17,0.149740,61.553283,-19.150073
2018-05-18,-0.741111,61.097105,-19.379683
2018-05-21,0.281463,61.269070,-19.508293
2018-05-22,0.434367,61.535203,-18.517654
2018-05-23,0.534124,61.863877,-17.230222
2018-05-24,0.331668,62.069060,-16.160480
2018-05-25,-0.179585,61.957593,-16.283468
2018-05-28,-0.351516,61.739802,-17.181388
2018-05-29,0.122610,61.815501,-17.058853
2018-05-30,0.180951,61.927357,-17.223789
2018-05-31,-0.575627,61.570886,-17.732394
2018-06-01,-0.059181,61.534448,-16.838296
2018-06-04,-0.581329,61.176730,-15.753260
2018-06-05,0.345346,61.388001,-15.612093
2018-06-06,0.191828,61.505761,-14.643082
2018-06-07,-0.336136,61.299018,-14.947961
2018-06-08,0.543123,61.631947,-14.077561
2018-06-11,-0.429967,61.366950,-13.197146
2018-06-12,-0.407430,61.116923,-14.238136
2018-06-13,-0.117203,61.045292,-15.300840
2018-06-14,-0.078633,60.997290,-15.260574
2018-06-15,-0.681718,60.581461,-16.123759
2018-06-19,-0.836189,60.074885,-16.636815
2018-06-20,0.533746,60.395533,-15.895033
2018-06-21,-0.169425,60.293208,-14.018137
2018-06-22,0.420121,60.546512,-14.036989
2018-06-25,0.714268,60.978976,-14.062918
2018-06-26,0.941525,61.553109,-13.838194
2018-06-27,0.709638,61.989913,-13.304921
2018-06-28,0.175172,62.098502,-12.928002
2018-06-29,-0.198103,61.975484,-13.236453
2018-07-02,1.519318,62.917088,-11.193230
2018-07-03,0.322470,63.119977,-10.046293
2018-07-04,-0.285654,62.939672,-9.952969
2018-07-05,-0.767569,62.456567,-10.654537
2018-07-06,-0.179577,62.344409,-10.783389
2018-07-09,-1.013783,61.712372,-11.935422
2018-07-10,0.094331,61.770586,-11.610704
2018-07-11,0.181547,61.882728,-11.512040
2018-07-12,-0.264624,61.718972,-12.316872
2018-07-13,0.363830,61.943524,-12.234987
2018-07-16,0.654164,62.348736,-11.410953
2018-07-17,0.699731,62.785009,-10.679405
2018-07-18,0.026756,62.801808,-10.803786
2018-07-19,-0.239053,62.651678,-10.808888
2018-07-20,-1.167876,61.919984,-11.316046
2018-07-23,-0.459084,61.635719,-11.847755
2018-07-24,-0.326611,61.434411,-11.645456
2018-07-25,0.134394,61.516975,-11.145992
2018-07-26,0.342350,61.727578,-8.857550
2018-07-27,0.006801,61.731776,-9.148842
2018-07-30,-0.589262,61.368014,-9.445001
2018-07-31,-0.218636,61.233841,-9.514203
2018-08-01,0.684026,61.652697,-9.109870
2018-08-02,0.418991,61.911016,-8.725155
2018-08-03,0.052087,61.943264,-8.647357
2018-08-06,-0.243878,61.792197,-8.798908
2018-08-07,-0.866817,61.256572,-10.140575
2018-08-08,0.244167,61.406140,-9.777081
2018-08-09,-0.446343,61.132058,-10.292654
2018-08-10,0.267889,61.295824,-9.409339
2018-08-13,0.566382,61.642993,-8.501497
2018-08-14,-0.055176,61.608981,-9.222819
2018-08-15,0.517763,61.927969,-8.756248
2018-08-16,-0.206421,61.800136,-9.022334
2018-08-17,0.120367,61.874523,-8.872875
2018-08-20,-0.908047,61.312674,-10.295824
2018-08-21,-0.785092,60.831313,-10.909332
2018-08-22,0.193039,60.948741,-11.159717
2018-08-23,0.050274,60.979383,-11.310039
2018-08-24,-0.518821,60.663009,-11.492539
2018-08-27,-0.326110,60.465181,-12.091077
2018-08-28,0.233049,60.606094,-11.873314
2018-08-29,0.307533,60.792478,-11.057416
2018-08-30,0.076756,60.839140,-10.783678
2018-08-31,-0.184785,60.726718,-10.413120
2018-09-03,0.137160,60.810011,-9.669765
2018-09-04,-0.324834,60.612479,-9.893361
2018-09-05,0.668611,61.017741,-7.961908
2018-09-06,0.288815,61.193969,-7.544747
2018-09-07,-0.144726,61.105405,-7.390397
2018-09-10,0.007170,61.109786,-7.705946
2018-09-11,0.099718,61.170724,-8.622722
2018-09-12,0.300413,61.354489,-8.955254
2018-09-13,-0.536827,61.025121,-9.446209
2018-09-14,-0.417657,60.770245,-9.553401
2018-09-17,-0.013679,60.761933,-9.957326
2018-09-18,-0.437789,60.495924,-10.589725
2018-09-19,-0.411838,60.246779,-11.184789
2018-09-20,-0.160734,60.149942,-11.749898
2018-09-21,-1.508968,59.242298,-12.951644
2018-09-25,0.450849,59.509392,-12.636239
2018-09-26,-0.473416,59.227665,-13.332525
2018-09-27,-0.366475,59.010610,-13.677389
2018-09-28,-0.432434,58.755428,-14.296697
2018-10-08,1.426478,59.593561,-12.764965
2018-10-09,-0.057234,59.559454,-13.016232
2018-10-10,-0.057182,59.525396,-12.475065
2018-10-11,0.196571,59.642406,-12.051681
2018-10-12,-1.266823,58.886842,-12.777219
2018-10-15,0.406974,59.126496,-12.407846
2018-10-16,-0.598860,58.772411,-13.447506
2018-10-17,-0.090868,58.719006,-13.327944
2018-10-18,0.459865,58.989034,-13.105427
2018-10-19,-0.973956,58.414506,-13.977490
2018-10-22,-0.690830,58.010962,-14.784576
2018-10-23,1.043595,58.616361,-13.384862
2018-10-24,-0.336656,58.419026,-13.578145
2018-10-25,-0.548696,58.098483,-14.298267
2018-10-26,0.102624,58.158106,-13.444372
2018-10-29,1.042405,58.764349,-12.406752
2018-10-30,-0.397154,58.530963,-11.828397
2018-10-31,0.389672,58.759042,-10.897156
2018-11-01,0.067717,58.798832,-11.382186
2018-11-02,-0.676163,58.401256,-12.289193
2018-11-05,0.862210,58.904798,-10.736601
2018-11-06,0.294115,59.078046,-10.498681
2018-11-07,0.315007,59.264146,-10.234971
2018-11-08,-0.080119,59.216664,-9.836012
2018-11-09,1.039950,59.832487,-8.212360
2018-11-12,0.483026,60.121494,-8.325644
2018-11-13,0.236502,60.263682,-8.128651
2018-11-14,0.719534,60.697299,-6.808526
2018-11-15,-0.075868,60.651249,-6.682659
2018-11-16,0.213334,60.780639,-6.664811
2018-11-19,-0.542796,60.450724,-6.878973
2018-11-20,0.351985,60.663502,-6.716754
2018-11-21,0.148089,60.753338,-6.593092
2018-11-22,0.217842,60.885684,-6.327513
2018-11-23,-0.305697,60.699558,-6.385713
2018-11-26,-0.037039,60.677076,-6.510214
2018-11-27,0.358434,60.894563,-6.232027
2018-11-28,-0.205868,60.769201,-6.221865
2018-11-29,-0.167898,60.667171,-4.545620
2018-11-30,-0.335951,60.463359,-4.610587
2018-12-03,-0.480774,60.172667,-4.366496
2018-12-04,0.222600,60.306611,-3.633690
2018-12-05,0.148549,60.396196,-4.224237
2018-12-06,0.511265,60.704981,-3.756214
2018-12-07,0.121526,60.778753,-3.704412
2018-12-10,0.183779,60.890452,-4.171162
2018-12-11,0.085511,60.942520,-4.201026
2018-12-12,-0.285770,60.768364,-4.780923
2018-12-13,-0.499947,60.464555,-5.779941
2018-12-14,0.014900,60.473564,-5.194325
2018-12-17,1.869567,61.604157,-1.794259
2018-12-18,0.385127,61.841411,-2.303532
2018-12-19,0.190880,61.959454,-2.746777
2018-12-20,0.685951,62.384466,-2.204576
2018-12-21,0.380737,62.621987,-0.048452
2018-12-24,0.228602,62.765142,-0.348842
2018-12-25,0.103968,62.830398,-0.024672
2018-12-26,0.039178,62.855013,-0.393822
2018-12-27,-0.276555,62.681185,-1.139633
2018-12-28,-0.302957,62.491288,-0.953046
2019-01-02,0.780470,62.979014,0.378286
2019-01-03,-0.351534,62.757621,0.418754
2019-01-04,-0.314830,62.560041,0.345784
2019-01-07,0.437444,62.833707,0.711540
2019-01-08,0.113701,62.905149,1.265207
2019-01-09,-0.567229,62.548333,0.906011
2019-01-10,0.156086,62.645962,0.455866
2019-01-11,-0.139661,62.558470,0.730175
2019-01-14,0.319504,62.758347,0.980257
2019-01-15,-0.604202,62.379160,0.849269
2019-01-16,-0.079564,62.329529,0.736523
2019-01-17,-0.065914,62.288445,0.817280
2019-01-18,-0.883371,61.738207,0.074687
2019-01-21,-0.161088,61.638754,0.113697
2019-01-22,0.402292,61.886721,0.788175
2019-01-23,0.055034,61.920780,1.528782
2019-01-24,-0.084071,61.868723,1.360048
2019-01-25,-0.743446,61.408762,1.078227
2019-01-28,-0.533949,61.080871,1.650596
2019-01-29,-0.834611,60.571083,0.969392
2019-01-30,-0.266484,60.409671,0.973719
2019-01-31,-1.293390,59.628338,0.517182
2019-02-01,0.344062,59.833497,1.318607
2019-02-11,0.246232,59.980826,1.654920
2019-02-12,0.166453,60.080666,3.000807
2019-02-13,-0.718543,59.648961,2.037138
2019-02-14,0.272686,59.811615,1.984090
2019-02-15,1.091180,60.464267,3.411910
2019-02-18,-0.571479,60.118726,2.475287
2019-02-19,0.159063,60.214353,1.847917
2019-02-20,-0.223796,60.079596,2.814251
2019-02-21,0.000173,60.079700,4.303183
2019-02-22,-0.393600,59.843226,4.475205
2019-02-25,-1.804130,58.763576,3.372607
2019-02-26,0.785648,59.225251,4.180028
2019-02-27,-0.307249,59.043282,2.002547
2019-02-28,1.402253,59.871219,1.964700
2019-03-01,-1.028845,59.255237,-0.496207
2019-03-04,0.165671,59.353406,-0.918100
2019-03-05,0.783363,59.818358,0.444442
2019-03-06,-0.138938,59.735247,0.487371
2019-03-07,1.143391,60.418255,2.431951
2019-03-08,1.127148,61.099258,3.809622
2019-03-11,0.604801,61.468787,4.309274
2019-03-12,0.339683,61.677586,3.785616
2019-03-13,-0.044111,61.650379,2.892068
2019-03-14,-0.565279,61.301883,2.107205
2019-03-15,-0.032836,61.281753,1.778927
2019-03-18,-0.771745,60.808814,0.791442
2019-03-19,0.252068,60.962094,1.287101
2019-03-20,0.045893,60.990071,1.275052
2019-03-21,0.504976,61.298056,1.926207
2019-03-22,0.283160,61.471628,1.941470
2019-03-25,1.474611,62.378095,2.912488
2019-03-26,-0.284344,62.200727,2.398381
2019-03-27,-0.251300,62.044416,2.255551
2019-03-28,-0.535838,61.711959,1.989858
2019-03-29,-0.937204,61.133592,0.740853
2019-04-01,0.429869,61.396386,1.358985
2019-04-02,0.245237,61.546953,1.966180
2019-04-03,-0.451620,61.268994,0.969706
2019-04-04,-0.614450,60.892527,-0.040393
2019-04-08,-0.093197,60.835777,0.150691
2019-04-09,0.064442,60.874981,-1.030923
2019-04-10,-0.177423,60.766975,-1.920983
2019-04-11,0.322708,60.963075,-2.418102
2019-04-12,0.005982,60.966722,-1.632513
2019-04-15,0.120495,61.040184,-2.407148
2019-04-16,-1.032275,60.410081,-3.414585
2019-04-17,0.050785,60.440760,-3.331673
2019-04-18,0.094160,60.497671,-3.105187
2019-04-19,-0.173545,60.392680,-3.291032
2019-04-22,0.912512,60.943771,-1.084452
2019-04-23,-0.453161,60.667597,-1.159453
2019-04-24,0.363278,60.887989,-1.322366
2019-04-25,-0.339166,60.681477,-2.138173
2019-04-26,0.608294,61.050599,-2.760080
2019-04-29,-1.541024,60.109795,-4.163623
2019-04-30,1.020961,60.723493,-3.199848
2019-05-06,0.614045,61.096362,-2.121659
2019-05-07,0.118551,61.168792,-1.930356
2019-05-08,0.751494,61.628473,-0.497153
2019-05-09,0.648733,62.028277,0.691551
2019-05-10,-0.486534,61.726488,-0.456026
2019-05-13,0.718941,62.170265,-0.139388
2019-05-14,0.056574,62.205437,0.551027
2019-05-15,-0.434070,61.935422,-0.167515
2019-05-16,-0.016841,61.924991,-0.175659
2019-05-17,0.148675,62.017059,-0.263467
2019-05-20,0.067159,62.058709,0.052926
2019-05-21,0.058791,62.095194,0.589278
2019-05-22,0.052718,62.127929,0.592628
2019-05-23,0.085802,62.181237,0.755095
2019-05-24,-0.577031,61.822432,0.439676
2019-05-27,0.402347,62.071172,1.545539
2019-05-28,-0.566637,61.719454,0.782986
2019-05-29,0.248167,61.872621,0.667087
2019-05-30,0.020371,61.885225,0.537828
2019-05-31,0.190215,62.002940,1.471733
2019-06-03,-0.512946,61.684899,0.676399
2019-06-04,-0.226931,61.544917,0.015784
2019-06-05,-0.039763,61.520445,-0.556688
2019-06-06,-0.406520,61.270352,-1.295156
2019-06-10,-0.183572,61.157877,-1.299150
2019-06-11,-0.131003,61.077758,-1.078104
2019-06-12,0.279862,61.248692,-0.921168
2019-06-13,0.249252,61.401355,-0.853013
2019-06-14,-0.345310,61.189330,-0.621631
2019-06-17,-1.254298,60.421833,-1.824663
2019-06-18,-0.161794,60.324074,-1.403562
2019-06-19,-0.107865,60.259006,-1.856236
2019-06-20,-1.094723,59.599337,-3.148639
2019-06-21,0.460760,59.873947,-2.352235
2019-06-24,-0.140199,59.790004,-3.034185
2019-06-25,0.273886,59.953761,-2.329780
2019-06-26,0.135083,60.034748,-1.786526
2019-06-27,-0.186640,59.922700,-1.856069
2019-06-28,-0.316149,59.733255,-2.094055
2019-07-01,-0.382654,59.504683,-1.793391
2019-07-02,0.095499,59.561509,-0.858233
2019-07-03,0.167338,59.661178,-1.223362
2019-07-04,0.024969,59.676075,-1.028828
2019-07-05,-0.070024,59.634287,-1.518117
2019-07-08,0.292445,59.808685,-1.937827
2019-07-09,0.287770,59.980796,-2.587591
2019-07-10,-0.009821,59.974906,-3.304544
2019-07-11,-0.068523,59.933810,-3.548109
2019-07-12,-0.296813,59.755918,-3.647065
2019-07-15,0.183628,59.865647,-4.971497
2019-07-16,0.339589,60.068944,-4.954435
2019-07-17,0.052636,60.100562,-4.615750
2019-07-18,-0.123656,60.026244,-3.968953
2019-07-19,-0.356766,59.812090,-4.146618
2019-07-22,-0.520606,59.500705,-3.649627
2019-07-23,0.239663,59.643306,-3.504538
2019-07-24,-0.033170,59.623522,-3.719096
2019-07-25,-0.267414,59.464080,-3.721893
2019-07-26,-0.073170,59.420570,-4.158259
2019-07-29,0.135704,59.501207,-4.674680
2019-07-30,-0.203661,59.380026,-5.575843
2019-07-31,0.104653,59.442169,-5.497997
2019-08-01,0.305137,59.623549,-4.953985
2019-08-02,0.400031,59.862062,-3.380002
2019-08-05,0.754205,60.313545,-2.168486
2019-08-06,-0.262323,60.155328,-2.104009
2019-08-07,0.209778,60.281521,-2.028754
2019-08-08,-0.450311,60.010067,-2.821847
2019-08-09,0.056862,60.044190,-2.771802
2019-08-12,-0.349848,59.834126,-2.531259
2019-08-13,0.435778,60.094870,-1.877552
2019-08-14,0.006420,60.098728,-2.552829
2019-08-15,0.021939,60.111913,-2.949009
2019-08-16,0.381871,60.341463,-2.619938
2019-08-19,-0.079739,60.293347,-2.455533
2019-08-20,0.155075,60.386847,-1.429982
2019-08-21,0.145988,60.475004,-1.527971
2019-08-22,-0.060510,60.438411,-1.141156
2019-08-23,-0.161520,60.340791,-1.570337
2019-08-26,0.848801,60.852964,-1.289902
2019-08-27,-0.214357,60.722522,-1.449299
2019-08-28,0.105614,60.786653,-1.860168
2019-08-29,0.782149,61.262095,-0.874427
2019-08-30,-0.606213,60.890716,-1.602780
2019-09-02,0.503508,61.197306,-0.188340
2019-09-03,0.151248,61.289866,0.750984
2019-09-04,-0.332918,61.085821,0.224658
2019-09-05,-0.337283,60.879789,-0.163457
2019-09-06,-0.152286,60.787078,0.204312
2019-09-09,0.509674,61.096893,1.039334
2019-09-10,0.297014,61.278360,1.103130
2019-09-11,-0.095840,61.219631,0.700184
2019-09-12,-0.378666,60.987813,0.244072
2019-09-16,0.346156,61.198926,0.774587
2019-09-17,0.113454,61.268358,0.750910
2019-09-18,-0.144513,61.179817,0.931655
2019-09-19,0.201417,61.303044,0.466484
2019-09-20,-0.099774,61.241879,0.078262
2019-09-23,0.321238,61.438611,0.543816
2019-09-24,0.046877,61.467412,0.583512
2019-09-25,-0.202906,61.342691,0.280732
2019-09-26,-0.820114,60.839611,-0.842726
2019-09-27,0.185197,60.952284,-0.119428
2019-09-30,0.169720,61.055732,0.468680
2019-10-08,-0.293552,60.876502,0.188376
2019-10-09,0.177626,60.984635,0.804595
2019-10-10,0.149610,61.075874,1.366782
2019-10-11,-0.608041,60.704507,0.917747
2019-10-14,-0.144831,60.616588,2.293280
2019-10-15,-0.314589,60.425895,1.528359
2019-10-16,0.142262,60.511858,2.145060
2019-10-17,-0.067867,60.470791,2.444319
2019-10-18,0.330224,60.670480,3.207370
2019-10-21,-0.597251,60.308125,1.191929
2019-10-22,0.164429,60.407288,1.413473
2019-10-23,0.079445,60.455279,1.550085
2019-10-24,-0.208304,60.329348,1.145185
2019-10-25,0.117217,60.400064,2.537249
2019-10-28,0.255584,60.554437,2.386359
2019-10-29,0.188088,60.668333,3.174932
2019-10-30,0.047903,60.697395,3.313733
2019-10-31,0.212373,60.826300,3.067070
2019-11-01,-0.381117,60.594481,3.663956
2019-11-04,-0.149002,60.504194,4.208070
2019-11-05,-0.264746,60.344012,2.904785
2019-11-06,-0.135199,60.262427,3.106719
2019-11-07,0.232955,60.402812,3.889611
2019-11-08,0.296543,60.581932,4.083143
2019-11-11,0.106171,60.646252,3.152249
2019-11-12,-0.013445,60.638099,3.536748
2019-11-13,0.138488,60.722075,3.286226
2019-11-14,0.253951,60.876280,3.472162
2019-11-15,-0.085108,60.824469,4.065477
2019-11-18,-0.182517,60.713454,3.024279
2019-11-19,0.210976,60.841545,2.941349
2019-11-20,0.387297,61.077183,3.013386
2019-11-21,0.140335,61.162895,3.233773
2019-11-22,-0.042968,61.136615,2.156217
2019-11-25,-0.773679,60.663614,0.897667
2019-11-26,-0.164021,60.564113,0.497289
2019-11-27,0.202746,60.686904,-0.017128
2019-11-28,0.210307,60.814532,0.268855
2019-11-29,0.416734,61.067968,0.471616
2019-12-02,-0.014290,61.059241,1.001599
2019-12-03,0.042410,61.085136,0.692633
2019-12-04,0.206268,61.211135,0.750708
2019-12-05,0.033928,61.231902,0.567026
2019-12-06,-0.023292,61.217640,0.849896
2019-12-09,0.203089,61.341966,1.089825
2019-12-10,0.186483,61.456359,0.918341
2019-12-11,-0.319499,61.260007,0.804411
2019-12-12,0.179726,61.370107,1.152015
2019-12-13,-0.737973,60.917212,0.747822
2019-12-16,-0.593382,60.555740,0.634606
2019-12-17,-0.358265,60.338790,0.053345
2019-12-18,0.104536,60.401866,0.009387
2019-12-19,0.172060,60.505793,-0.328663
2019-12-20,-0.270665,60.342025,-0.721148
2019-12-23,0.051066,60.372839,-0.853705
2019-12-24,0.263557,60.531956,-0.675970
2019-12-25,0.249760,60.683140,-0.140342
2019-12-26,-0.241199,60.536773,0.119368
2019-12-27,-0.285820,60.363747,-0.181760
2019-12-30,-0.541585,60.036826,-2.577122
2019-12-31,0.121547,60.109799,-2.840036
2020-01-02,-0.107412,60.045234,-3.138203
2020-01-03,0.211320,60.172121,-3.610716
2020-01-06,0.523094,60.486878,-3.468999
2020-01-07,0.199898,60.607790,-3.497642
2020-01-08,0.269076,60.770871,-3.332842
2020-01-09,0.170295,60.874361,-3.201862
2020-01-10,-0.065275,60.834625,-2.990221
2020-01-13,-0.018239,60.823529,-2.705045
2020-01-14,0.105543,60.887724,-3.376998
2020-01-15,0.413062,61.139228,-2.612633
2020-01-16,0.368837,61.364732,-1.929148
2020-01-17,-0.121391,61.290241,-2.487103
2020-01-20,0.113505,61.359808,-2.487299
2020-01-21,0.632818,61.748104,-1.287631
2020-01-22,-0.050718,61.716787,-1.494327
2020-01-23,0.350841,61.933315,-1.004341
2020-02-03,1.793407,63.044031,0.454180
2020-02-04,-1.219146,62.275432,-0.166425
2020-02-05,0.204086,62.402527,0.117049
2020-02-06,0.089938,62.458651,0.272881
2020-02-07,0.497888,62.769625,1.656830
2020-02-10,0.276262,62.943033,2.093929
2020-02-11,-0.704709,62.499468,0.985241
2020-02-12,0.355382,62.721580,1.284973
2020-02-13,0.049532,62.752647,1.418599
2020-02-14,-0.220956,62.613991,1.943622
2020-02-17,-0.082129,62.562567,2.396839
2020-02-18,1.137560,63.274254,4.366091
2020-02-19,-0.312924,63.076253,4.319516
2020-02-20,-0.600918,62.697217,5.018612
2020-02-21,0.352766,62.918391,5.027286
2020-02-24,1.097054,63.608640,5.872436
2020-02-25,0.523538,63.941655,6.228294
2020-02-26,-0.627814,63.540221,6.319638
2020-02-27,0.040024,63.565652,6.087339
2020-02-28,0.113854,63.638024,5.115858
2020-03-02,-0.321942,63.433146,5.366515
2020-03-03,0.287073,63.615246,5.494240
2020-03-04,-0.158345,63.514514,5.559817
2020-03-05,-0.768283,63.026543,4.788395
2020-03-06,0.624416,63.420091,5.805245
2020-03-09,0.561206,63.776008,8.185486
2020-03-10,-0.286945,63.593006,7.115551
2020-03-11,0.114481,63.665808,7.537688
2020-03-12,0.245899,63.822362,6.390773
2020-03-13,0.477073,64.126841,7.900886
2020-03-16,0.356713,64.355590,8.091430
2020-03-17,0.198878,64.483579,7.509800
2020-03-18,0.626424,64.887519,8.273305
2020-03-19,1.499379,65.860429,8.624651
2020-03-20,-0.695630,65.402285,6.805747
2020-03-23,0.405549,65.667523,6.607496
2020-03-24,-0.973897,65.027989,5.289718
2020-03-25,-0.578956,64.651505,4.753200
2020-03-26,0.283850,64.835018,5.603530
2020-03-27,-0.279073,64.654081,5.356909
2020-03-30,-0.299700,64.460312,5.831497
2020-03-31,0.477542,64.768138,6.056152
2020-04-01,0.008448,64.773609,6.018717
2020-04-02,-0.109626,64.702601,5.405326
2020-04-03,0.170571,64.812965,5.292993
2020-04-07,-0.042091,64.785684,3.787048
2020-04-08,0.544261,65.138288,4.614583
2020-04-09,0.197816,65.267142,5.063820
2020-04-10,-0.486085,64.949888,5.113828
2020-04-13,-0.016450,64.939204,6.039001
2020-04-14,-0.109927,64.867818,5.500065
2020-04-15,0.199720,64.997372,5.454649
2020-04-16,0.341353,65.219243,6.248064
2020-04-17,-0.427951,64.940136,6.435540
2020-04-20,0.596058,65.327217,7.123070
2020-04-21,0.681595,65.772484,7.737931
2020-04-22,-0.260864,65.600907,7.654307
2020-04-23,0.089779,65.659803,7.421857
2020-04-24,-0.400893,65.396578,7.014176
2020-04-27,-0.343801,65.171743,6.549360
2020-04-28,-0.378989,64.924750,7.207290
2020-04-29,0.100752,64.990163,7.257220
2020-04-30,-0.400079,64.730150,6.762223
2020-05-06,0.613869,65.127509,7.547911
2020-05-07,0.254170,65.293044,6.893385
2020-05-08,-0.156848,65.190633,7.190606
2020-05-11,-0.116846,65.114460,6.711072
2020-05-12,0.309285,65.315850,7.359623
2020-05-13,0.243827,65.475108,6.996701
2020-05-14,0.282205,65.659882,8.831531
2020-05-15,0.313382,65.865648,8.128638
2020-05-18,-0.275599,65.684123,7.240491
2020-05-19,0.002676,65.685881,7.124687
2020-05-20,-0.193510,65.558772,6.182305
2020-05-21,-0.156894,65.455914,5.378649
2020-05-22,0.683924,65.903583,6.547966
2020-05-25,-0.081238,65.850044,5.750326
2020-05-26,0.347022,66.078558,6.040190
2020-05-27,-0.017851,66.066762,6.457352
2020-05-28,-0.296400,65.870940,6.177354
2020-05-29,0.377508,66.119608,6.405586
2020-06-01,-0.349960,65.888216,5.987875
2020-06-02,-0.267388,65.712038,5.661354
2020-06-03,-0.102489,65.644690,5.506108
2020-06-04,0.258389,65.814309,5.678399
2020-06-05,-0.270910,65.636012,5.985823
2020-06-08,-0.375753,65.389382,5.207823
2020-06-09,-0.153099,65.289272,5.622856
2020-06-10,0.308212,65.490501,5.682735
2020-06-11,0.490441,65.811694,6.151608
2020-06-12,0.032060,65.832793,5.993629
2020-06-15,0.320273,66.043638,6.827656
2020-06-16,-0.100210,65.977455,6.954584
2020-06-17,0.142074,66.071192,7.136327
2020-06-18,-0.492844,65.745564,7.049614
2020-06-19,-0.480855,65.429423,6.751339
2020-06-22,0.246825,65.590920,7.128950
2020-06-23,-0.026584,65.573483,6.822891
2020-06-24,-0.314027,65.367565,6.259428
2020-06-29,0.377392,65.614257,6.982017
2020-06-30,0.229749,65.765005,8.473734
2020-07-01,-1.044250,65.078254,7.585919
2020-07-02,-1.047972,64.396252,6.640340
2020-07-03,-1.053634,63.717751,6.681874
2020-07-06,-2.471038,62.143261,3.720092
2020-07-07,0.276508,62.315093,4.136516
2020-07-08,-0.120066,62.240274,3.742866
2020-07-09,0.397210,62.487498,4.004297
2020-07-10,1.496810,63.422818,5.676830
2020-07-13,0.182812,63.538762,6.176126
2020-07-14,0.276388,63.714376,6.835520
2020-07-15,-0.020438,63.701354,6.719627
2020-07-16,0.784232,64.200920,7.333602
2020-07-17,-0.130754,64.116975,7.177797
2020-07-20,-0.585819,63.741365,6.660303
2020-07-21,0.196499,63.866617,6.564592
2020-07-22,0.153248,63.964491,6.430365
2020-07-23,0.194404,64.088841,6.634402
2020-07-24,0.805711,64.605212,7.505431
2020-07-27,-0.298282,64.412506,7.503958
2020-07-28,-0.056727,64.375967,7.263755
2020-07-29,-0.340367,64.156853,6.583794
2020-07-30,0.275511,64.333611,6.806303
2020-07-31,-0.029419,64.314685,6.900612
2020-08-03,0.174059,64.426630,7.431924
2020-08-04,-0.497433,64.106151,7.455215
2020-08-05,0.310495,64.305197,7.525853
2020-08-06,0.006001,64.309056,7.565030
2020-08-07,0.133340,64.394806,7.966054
2020-08-10,-0.384432,64.147252,7.654078
2020-08-11,-0.215072,64.009289,7.303162
2020-08-12,-0.329344,63.798478,7.177142
2020-08-13,0.301835,63.991044,7.373924
2020-08-14,-0.661641,63.567653,6.405412
2020-08-17,-0.888471,63.002873,5.113738
2020-08-18,0.308638,63.197324,4.670526
2020-08-19,0.232233,63.344089,5.165158
2020-08-20,0.014103,63.353023,4.969702
2020-08-21,-0.074905,63.305568,5.346097
2020-08-24,0.007649,63.310411,5.296900
2020-08-25,-0.373979,63.073643,5.272681
2020-08-26,-0.495331,62.761219,4.341288
2020-08-27,-0.208521,62.630349,4.126129
2020-08-28,-0.110480,62.561155,3.993652
2020-08-31,-2.182026,61.196055,1.406324
2020-09-01,-0.158754,61.098903,1.327215
2020-09-02,0.086076,61.151495,1.258299
2020-09-03,-0.073713,61.106418,1.038677
2020-09-04,0.425224,61.366257,1.523528
2020-09-07,0.430363,61.630355,2.114618
2020-09-08,-0.386873,61.391923,0.881775
2020-09-09,0.093408,61.449268,1.189727
2020-09-10,-1.088924,60.780132,-0.010728
2020-09-11,0.109075,60.846428,-0.680818
2020-09-14,0.261628,61.005619,0.188526
2020-09-15,-0.170394,60.901669,-0.484258
2020-09-16,-0.044604,60.874505,-0.680006
2020-09-17,0.408189,61.122988,0.060824
2020-09-18,-0.856550,60.599439,-0.461562
2020-09-21,0.581244,60.951669,0.270402
2020-09-22,0.195419,61.070781,-0.042749
2020-09-23,0.144922,61.159285,-0.194506
2020-09-24,0.074797,61.205031,-0.023852
2020-09-25,-0.299627,61.021644,0.055456
2020-09-28,-0.659979,60.618914,-0.952268
2020-09-29,0.315724,60.810302,-0.750432
2020-09-30,0.080008,60.858955,-0.525838
2020-10-09,0.038158,60.882178,-0.688901
2020-10-12,-0.649439,60.486785,-1.240634
2020-10-13,-0.011425,60.479875,-1.572782
2020-10-14,0.045465,60.507372,-1.574193
2020-10-15,-0.308271,60.320845,-1.679829
2020-10-16,-0.220889,60.187604,-1.077466
2020-10-19,-0.092563,60.131892,-1.355098
2020-10-20,0.179311,60.239715,-1.345523
2020-10-21,-0.682048,59.828851,-1.735924
2020-10-22,-0.073297,59.784998,-1.986717
2020-10-23,0.053645,59.817070,-2.082585
2020-10-26,0.192002,59.931920,-1.280870
2020-10-27,0.046720,59.959920,-1.089224
2020-10-28,-0.711293,59.533429,-1.487974
2020-10-29,0.132768,59.612471,-1.497456
2020-10-30,-0.720666,59.182864,-2.152841
2020-11-02,-0.657277,58.793868,-3.141968
2020-11-03,-0.071602,58.751771,-2.614554
2020-11-04,-0.363486,58.538217,-3.142995
2020-11-05,-0.163620,58.442437,-3.386162
2020-11-06,-0.353867,58.235628,-3.532135
2020-11-09,-0.271077,58.077765,-3.920728
2020-11-10,-0.119614,58.008296,-4.295671
2020-11-11,-0.147995,57.922446,-4.631688
2020-11-12,0.161543,58.016016,-4.518168
2020-11-13,0.743982,58.447645,-3.989087
2020-11-16,-0.314062,58.264083,-3.921799
2020-11-17,-0.290687,58.094716,-4.063797
2020-11-18,-0.137254,58.014979,-3.936048
2020-11-19,-0.174197,57.913919,-3.975106
2020-11-20,0.136863,57.993182,-4.071021
2020-11-23,-0.606253,57.641596,-4.975224
2020-11-24,0.389000,57.865822,-4.693092
2020-11-25,0.020942,57.877941,-4.658706
2020-11-26,-0.396578,57.648410,-5.194465
2020-11-27,-0.972151,57.087980,-6.425002
2020-11-30,0.202876,57.203798,-6.137188
2020-12-01,-0.712583,56.796173,-6.669638
2020-12-02,0.243006,56.934191,-6.637680
2020-12-03,0.030138,56.951350,-6.994096
2020-12-04,0.242704,57.089573,-6.891922
2020-12-07,0.604625,57.434751,-6.246141
2020-12-08,0.270297,57.589995,-5.199522
2020-12-09,0.034195,57.609688,-5.001177
2020-12-10,0.161114,57.702505,-5.042733
2020-12-11,-0.063212,57.666030,-5.316051
2020-12-14,-2.554209,56.193119,-8.319315
2020-12-15,0.199956,56.305481,-8.105268
2020-12-16,-0.309659,56.131126,-8.457808
2020-12-17,-0.440007,55.884145,-9.104841
2020-12-18,0.059759,55.917540,-9.079022
2020-12-21,0.167229,56.011051,-8.888637
2020-12-22,0.322722,56.191811,-8.769318
2020-12-23,-0.223727,56.066095,-9.179605
2020-12-24,-0.441416,55.818610,-9.301988
2020-12-25,-0.134560,55.743501,-9.616203
2020-12-28,-0.487961,55.471494,-9.364650
2020-12-29,-0.023978,55.458193,-8.793481
2020-12-30,-0.440669,55.213805,-8.876216
2020-12-31,-0.431904,54.975335,-9.413537
2021-01-04,0.353599,55.169727,-9.232474
2021-01-05,-0.814316,54.720471,-9.779091
2021-01-06,-0.981362,54.183465,-10.816353
2021-01-07,-1.562620,53.336784,-12.654520
2021-01-08,-0.143532,53.260228,-13.047604
2021-01-11,0.009458,53.265265,-12.796656
2021-01-12,-1.107339,52.675438,-13.623943
2021-01-13,-0.198403,52.570929,-13.279486
2021-01-14,0.910821,53.049756,-12.494261
2021-01-15,0.409476,53.266982,-11.978152
2021-01-18,0.228383,53.388634,-11.961126
2021-01-19,0.440377,53.623745,-12.043447
2021-01-20,0.120474,53.688348,-12.122743
2021-01-21,-0.510976,53.414014,-12.903744
2021-01-22,0.169898,53.504763,-12.904140
2021-01-25,-0.826779,53.062397,-13.669059
2021-01-26,0.424196,53.287486,-13.227519
2021-01-27,-0.142671,53.211460,-13.475779
2021-01-28,0.764881,53.618464,-13.126020
2021-01-29,-0.301072,53.457034,-13.795704
2021-02-01,-0.299230,53.297075,-13.973918
2021-02-02,-0.325553,53.123564,-14.413443
2021-02-03,-0.326122,52.950317,-15.370922
2021-02-04,-0.242628,52.821844,-15.563114
2021-02-05,-0.952959,52.318474,-16.870870
2021-02-08,-0.490733,52.061729,-19.140327
2021-02-09,-0.222703,51.945787,-18.136638
2021-02-10,-1.051666,51.399491,-19.397751
2021-02-18,0.773699,51.797168,-18.716927
2021-02-19,0.529073,52.071213,-18.685901
2021-02-22,1.401844,52.801170,-17.569673
2021-02-23,-0.020572,52.790308,-16.883043
2021-02-24,1.217459,53.433008,-16.027687
2021-02-25,-0.738830,53.038229,-16.818780
2021-02-26,1.094319,53.618636,-15.509205
2021-03-01,0.323073,53.791864,-15.104490
2021-03-02,0.804278,54.224500,-15.434568
2021-03-03,-0.865567,53.755150,-15.990488
2021-03-04,0.975594,54.279582,-14.416892
2021-03-05,0.101616,54.334739,-14.667473
2021-03-08,1.086081,54.924858,-14.678328
2021-03-09,-0.005111,54.922051,-15.205612
2021-03-10,-0.426072,54.688043,-15.002801
2021-03-11,-0.585306,54.367950,-15.629843
2021-03-12,-0.218731,54.249031,-15.962602
2021-03-15,0.735981,54.648293,-14.906854
2021-03-16,-0.556125,54.344380,-15.751194
2021-03-17,0.235558,54.472393,-15.357442
2021-03-18,-0.149736,54.390828,-14.736041
2021-03-19,1.412522,55.159111,-13.955877
2021-03-22,0.011237,55.165309,-14.504278
2021-03-23,0.144210,55.244863,-14.072814
2021-03-24,0.258344,55.387585,-13.929219
2021-03-25,0.068214,55.425367,-14.106626
2021-03-26,-0.450975,55.175412,-15.034560
2021-03-29,1.012046,55.733813,-14.383679
2021-03-30,-0.346519,55.540685,-14.929479
2021-03-31,0.963549,56.075846,-14.595013
2021-04-01,-0.366163,55.870517,-16.450097
2021-04-02,-0.367986,55.664922,-16.120701
2021-04-06,0.535074,55.962770,-15.991782
2021-04-07,0.305468,56.133719,-14.708109
2021-04-08,-0.280804,55.976093,-14.408669
2021-04-09,0.497433,56.254537,-14.195917
2021-04-12,0.113969,56.318649,-13.802550
2021-04-13,-0.163373,56.226640,-13.665907
2021-04-14,0.054796,56.257449,-14.087531
2021-04-15,0.562245,56.573754,-13.535308
2021-04-16,-0.048878,56.546102,-13.474512
2021-04-19,-0.457682,56.287301,-14.103671
2021-04-20,-0.026062,56.272631,-14.087637
2021-04-21,-0.109139,56.211216,-14.739621
2021-04-22,0.362817,56.415160,-14.575081
2021-04-23,-0.937448,55.886297,-15.029680
2021-04-26,0.408532,56.114610,-14.605529
2021-04-27,-0.654821,55.747160,-15.152516
2021-04-28,-1.032928,55.171332,-16.390336
2021-04-29,0.162519,55.260996,-16.568721
2021-04-30,2.162053,56.455768,-14.000840
2021-05-06,0.607753,56.798880,-13.989215
2021-05-07,0.111613,56.862275,-14.556947
2021-05-10,0.008735,56.867242,-14.287007
2021-05-11,-0.318512,56.686113,-14.695767
2021-05-12,0.067758,56.724522,-14.226332
2021-05-13,0.321868,56.907100,-13.560588
2021-05-14,-0.806756,56.447999,-13.990906
2021-05-17,-0.643609,56.084694,-14.737297
2021-05-18,0.113725,56.148476,-14.222755
2021-05-19,0.231037,56.278200,-14.603977
2021-05-20,-0.153227,56.191967,-15.011170
2021-05-21,0.574305,56.514680,-14.281536
2021-05-24,0.042087,56.538466,-14.122544
2021-05-25,-1.328402,55.787407,-15.768656
2021-05-26,0.065908,55.824176,-15.946300
2021-05-27,0.203290,55.937661,-16.025025
2021-05-28,0.005766,55.940886,-16.332151
2021-05-31,0.700464,56.332732,-15.358149
2021-06-01,0.098994,56.388498,-15.261880
2021-06-02,-0.042400,56.364590,-15.110591
2021-06-03,0.266290,56.514683,-14.687638
2021-06-04,-0.119792,56.446982,-15.489097
2021-06-07,0.359991,56.650187,-15.048481
2021-06-08,0.105825,56.710137,-15.289134
2021-06-09,-0.035854,56.689804,-15.307141
2021-06-10,0.040084,56.712527,-14.970225
2021-06-11,0.249317,56.853921,-15.098016
2021-06-15,0.176439,56.954233,-14.571158
2021-06-16,0.027907,56.970128,-14.275508
2021-06-17,0.543179,57.279577,-13.631258
2021-06-18,0.401688,57.509662,-13.488431
2021-06-21,0.670626,57.895337,-12.548766
2021-06-22,-0.226201,57.764377,-12.398762
2021-06-23,0.031740,57.782711,-12.213812
2021-06-24,-0.455799,57.519339,-12.978390
2021-06-25,-0.766997,57.078167,-14.237586
2021-06-28,0.275571,57.235458,-13.994449
2021-06-29,0.428946,57.480967,-13.886182
2021-06-30,0.001458,57.481805,-13.784464
2021-07-01,-0.556201,57.162090,-14.484191
2021-07-02,1.182986,57.838310,-12.814085
2021-07-05,0.342494,58.036403,-11.990161
2021-07-06,-0.122107,57.965536,-12.358864
2021-07-07,0.104502,58.026111,-12.227830
2021-07-08,0.712129,58.439332,-11.203703
2021-07-09,0.476695,58.717909,-11.104822
2021-07-12,0.092058,58.771964,-11.242293
2021-07-13,0.156816,58.864128,-10.035859
2021-07-14,0.319736,59.052337,-8.663131
2021-07-15,-0.638322,58.675393,-8.244275
2021-07-16,0.538413,58.991309,-5.205226
2021-07-19,-0.204309,58.870785,-5.685870
2021-07-20,0.254297,59.020492,-5.311758
2021-07-21,0.314942,59.206372,-5.393733
2021-07-22,0.025801,59.221648,-6.853655
2021-07-23,0.143088,59.306387,-6.893314
2021-07-26,1.470526,60.178503,-5.709502
2021-07-27,1.016159,60.790012,-4.678031
2021-07-28,-0.924591,60.227953,-6.388097
2021-07-29,0.466300,60.508796,-5.792041
2021-07-30,0.581255,60.860506,-4.624927
2021-08-02,-0.773094,60.389997,-5.597331
2021-08-03,-0.332497,60.189203,-6.083512
2021-08-04,0.323127,60.383690,-5.955123
2021-08-05,0.180658,60.492778,-6.577110
2021-08-06,0.396174,60.732435,-5.882990
2021-08-09,-0.634102,60.347329,-6.462369
2021-08-10,-0.522731,60.031875,-6.645523
2021-08-11,0.418893,60.283344,-6.502637
2021-08-12,0.520889,60.597353,-5.953677
2021-08-13,0.269202,60.760482,-5.858744
2021-08-16,-0.079103,60.712419,-5.439203
2021-08-17,-0.013844,60.704015,-5.763062
2021-08-18,-0.743322,60.252788,-6.515161
2021-08-19,0.683685,60.664728,-5.967054
2021-08-20,0.839468,61.173988,-4.745918
2021-08-23,0.354927,61.391112,-4.176315
2021-08-24,-0.345774,61.178837,-4.192800
2021-08-25,0.208211,61.306218,-4.286185
2021-08-26,0.176393,61.414359,-3.446108
2021-08-27,0.167347,61.517134,-2.386459
2021-08-30,1.890603,62.680179,-0.821669
2021-08-31,0.990702,63.301152,-0.067806
2021-09-01,-1.456261,62.379323,-1.548877
2021-09-02,0.327830,62.583821,-1.146651
2021-09-03,-0.074910,62.536939,-1.229237
2021-09-06,-0.502065,62.222963,-1.357886
2021-09-07,-0.087642,62.168430,-0.949005
2021-09-08,0.184748,62.283285,-0.555688
2021-09-09,-0.086786,62.229232,-0.531971
2021-09-10,-0.270858,62.060678,1.402987
2021-09-13,0.255052,62.218965,1.816594
2021-09-14,0.767398,62.696433,2.495024
2021-09-15,0.815525,63.207737,3.380982
2021-09-16,-0.223480,63.066481,2.732930
2021-09-17,-0.528223,62.733349,1.773867
2021-09-22,0.562889,63.086469,2.722802
2021-09-23,-0.155161,62.988583,2.474156
2021-09-24,-0.293034,62.804005,3.275589
2021-09-27,-1.338271,61.963518,1.819267
2021-09-28,-0.199702,61.839775,1.358079
2021-09-29,-0.624007,61.453891,0.902656
2021-09-30,0.730463,61.902789,1.675078
2021-10-08,-0.788477,61.414700,0.476119
2021-10-11,-0.343083,61.203997,0.992686
2021-10-12,-0.137450,61.119872,0.275580
2021-10-13,-0.093963,61.062441,-0.013656
2021-10-14,0.547962,61.397040,0.387993
2021-10-15,-0.338675,61.189103,-0.026026
2021-10-18,0.963937,61.778928,1.233372
2021-10-19,-0.264985,61.615223,1.630202
2021-10-20,0.161045,61.714452,1.475891
2021-10-21,-0.454385,61.434030,0.940495
2021-10-22,-0.625602,61.049698,0.274777
2021-10-25,0.267551,61.213037,1.193528
2021-10-26,-0.077328,61.165703,1.127595
2021-10-27,0.495434,61.468738,1.576351
2021-10-28,-0.485424,61.170354,1.398493
2021-10-29,-0.548764,60.834673,1.069350
2021-11-01,1.188656,61.557789,2.343604
2021-11-02,0.222574,61.694800,2.386780
2021-11-03,0.378673,61.928422,3.449122
2021-11-04,-0.083640,61.876625,3.438771
2021-11-05,-0.085514,61.823712,3.299590
2021-11-08,0.043069,61.850339,3.150833
2021-11-09,0.510624,62.166162,3.613448
2021-11-10,0.349992,62.383739,4.676665
2021-11-11,-0.650886,61.977691,3.890971
2021-11-12,0.679314,62.398715,5.291264
2021-11-15,-0.027980,62.381255,5.922726
2021-11-16,-0.420829,62.118737,5.572638
2021-11-17,0.566300,62.470516,6.501488
2021-11-18,0.516736,62.793323,7.180647
2021-11-19,-0.230472,62.648602,7.304403
2021-11-22,0.394699,62.895875,7.969770
2021-11-23,-0.063764,62.855771,8.025672
2021-11-24,-0.076803,62.807495,8.096944
2021-11-25,0.218178,62.944527,8.153471
2021-11-26,0.564254,63.299694,7.974911
2021-11-29,0.419566,63.565278,8.708156
2021-11-30,0.380644,63.807236,9.379188
2021-12-01,-0.258893,63.642044,9.257308
2021-12-02,-0.582438,63.271368,8.847516
2021-12-03,-0.236811,63.121535,8.473655
2021-12-06,-0.452584,62.835857,8.628141
2021-12-07,-0.855412,62.298351,7.380804
2021-12-08,-0.183672,62.183927,7.176023
2021-12-09,-0.884318,61.634023,6.685138
2021-12-10,0.386010,61.871937,8.047312
2021-12-13,-5.676035,58.360064,2.001153
2021-12-14,0.451936,58.623814,3.167205
2021-12-15,0.351051,58.829614,3.274930
2021-12-16,-0.127734,58.754468,3.116981
2021-12-17,0.324354,58.945040,3.198400
2021-12-20,0.186642,59.055057,2.782064
2021-12-21,-0.078589,59.008646,2.433512
2021-12-22,0.377062,59.231145,2.775676
2021-12-23,-0.401136,58.993548,2.212748
2021-12-24,-0.315904,58.807185,1.959576
2021-12-27,0.060933,58.843017,4.607886
2021-12-28,-0.034565,58.822678,4.373559
2021-12-29,0.844403,59.319379,5.524557
2021-12-30,-0.066736,59.279792,5.898777
2021-12-31,0.161662,59.375625,6.000567
2022-01-04,0.060426,59.411503,5.893885
2022-01-05,-0.391299,59.179027,5.179617
2022-01-06,0.809705,59.658202,6.210038
2022-01-07,-0.861421,59.144294,5.787279
2022-01-10,0.027623,59.160631,5.949548
2022-01-11,0.162750,59.256915,6.601322
2022-01-12,0.093793,59.312494,6.719052
2022-01-13,0.206368,59.434896,7.366851
2022-01-14,0.835892,59.931707,8.632107
2022-01-17,0.240529,60.075860,8.519372
2022-01-18,-0.884000,59.544790,8.449091
2022-01-19,-0.027016,59.528703,9.408281
2022-01-20,-1.356335,58.721295,9.617622
2022-01-21,0.054881,58.753521,9.816123
2022-01-24,0.119155,58.823529,9.925749
2022-01-25,0.002662,58.825095,11.041927
2022-01-26,-0.266247,58.668474,10.973924
2022-01-27,0.076453,58.713328,10.143650
2022-01-28,0.886339,59.233728,10.617444
2022-02-07,-0.764813,58.780700,9.621570
2022-02-08,0.087496,58.832131,9.269617
2022-02-09,0.107767,58.895533,9.256924
2022-02-10,-0.087233,58.844156,9.681939
2022-02-11,-0.492462,58.554371,9.018507
2022-02-14,0.642547,58.930611,10.489214
2022-02-15,0.131851,59.008311,10.197679
2022-02-16,-0.004640,59.005574,10.335812
2022-02-17,0.122685,59.077964,9.696451
2022-02-18,-0.205782,58.956393,9.791983
2022-02-21,0.619122,59.321404,10.708875
2022-02-22,0.375772,59.544317,11.410026
2022-02-23,0.352569,59.754252,12.088630
2022-02-24,0.358153,59.968263,12.689066
2022-02-25,-0.037561,59.945739,13.609027
2022-02-28,-0.131938,59.866648,13.968943
2022-03-01,-0.495815,59.569820,13.694846
2022-03-02,0.247141,59.717041,14.998916
2022-03-03,-0.125443,59.642130,14.102673
2022-03-04,0.223444,59.775397,13.798189
2022-03-07,0.841084,60.278158,13.243646
2022-03-08,-0.017752,60.267457,13.246467
2022-03-09,0.167380,60.368333,12.203598
2022-03-10,0.070392,60.410827,13.015539
2022-03-11,0.160504,60.507789,12.087540
2022-03-14,0.778528,60.978859,12.540501
2022-03-15,1.093146,61.645447,12.826655
2022-03-16,-1.058585,60.992878,12.631762
2022-03-17,-0.255801,60.836857,11.404767
2022-03-18,-0.578084,60.485169,10.723442
2022-03-21,0.578855,60.835291,10.220403
2022-03-22,-0.231398,60.694519,9.993848
2022-03-23,-0.025715,60.678912,10.395113
2022-03-24,-0.043152,60.652728,10.938977
2022-03-25,0.487568,60.948451,11.644331
2022-03-28,-0.030303,60.929982,10.880738
2022-03-29,-0.109279,60.863398,11.329076
2022-03-30,-0.449111,60.590053,10.643672
2022-03-31,-0.270547,60.426129,10.522606
2022-04-01,-0.531672,60.104860,8.586877
2022-04-06,0.022721,60.118517,8.598360
2022-04-07,-0.011249,60.111754,8.443004
2022-04-08,-0.656441,59.717156,7.526388
2022-04-11,0.465219,59.994972,7.922338
2022-04-12,-0.402290,59.753618,7.971232
2022-04-13,-0.216440,59.624287,6.747597
2022-04-14,-0.284191,59.454840,6.810123
2022-04-15,-0.550375,59.127615,5.299291
2022-04-18,0.993780,59.715214,6.655000
2022-04-19,0.324759,59.909144,7.347897
2022-04-20,0.221539,60.041866,7.035543
2022-04-21,-0.448852,59.772367,6.280679
2022-04-22,-0.829816,59.276366,5.728599
2022-04-25,0.051579,59.306940,5.283965
2022-04-26,-0.602937,58.949357,4.565299
2022-04-27,0.521188,59.256594,5.248640
2022-04-28,-0.235693,59.116930,4.957888
2022-04-29,-0.329249,58.922288,4.067425
2022-05-05,1.316890,59.698230,5.424610
2022-05-06,1.044243,60.321624,6.922171
2022-05-09,0.813296,60.812218,7.758243
2022-05-10,0.211025,60.940547,8.078244
2022-05-11,-0.353691,60.725006,7.361766
2022-05-12,0.344584,60.934254,8.647626
2022-05-13,-0.366706,60.710804,7.872547
2022-05-16,0.512708,61.022073,9.040919
2022-05-17,-0.505511,60.713600,9.572425
2022-05-18,0.246519,60.863271,9.656253
2022-05-19,0.187212,60.977214,7.704278
2022-05-20,-0.600043,60.611324,6.496514
2022-05-23,0.782300,61.085486,7.164219
2022-05-24,-0.294109,60.905829,6.860942
2022-05-25,0.236098,61.049626,7.415782
2022-05-26,0.060690,61.086677,7.408718
2022-05-27,-0.221474,60.951385,6.865647
2022-05-30,0.119904,61.024469,7.795507
2022-05-31,-0.383416,60.790491,8.057044
2022-06-01,0.225692,60.927691,8.168822
2022-06-02,0.361547,61.147973,8.298947
2022-06-06,-0.040177,61.123406,8.412106
2022-06-07,-0.228501,60.983738,7.610681
2022-06-08,-0.542577,60.652854,7.024548
2022-06-09,-0.206093,60.527853,8.155547
2022-06-10,-0.160065,60.430969,7.929467
2022-06-13,-0.770204,59.965527,6.953198
2022-06-14,-0.680343,59.557556,6.264764
2022-06-15,-0.790738,59.086611,4.772861
2022-06-16,0.762697,59.537263,5.433719
2022-06-17,-0.283875,59.368252,5.191848
2022-06-20,0.390090,59.599841,5.315244
2022-06-21,-0.427482,59.345063,5.006710
2022-06-22,0.311455,59.529896,4.958336
2022-06-23,-0.211044,59.404262,4.641300
2022-06-24,-0.047789,59.375873,4.629361
2022-06-27,-0.207839,59.252467,4.381229
2022-06-28,-0.118293,59.182375,4.013860
2022-06-29,-0.187755,59.071258,3.649645
2022-06-30,-0.184382,58.962341,3.437190
2022-07-01,0.258682,59.114866,3.153829
2022-07-04,0.061886,59.151450,2.814813
2022-07-05,-0.092948,59.096470,2.053434
2022-07-06,0.405469,59.336087,2.684540
2022-07-07,0.223897,59.468939,2.876452
2022-07-08,0.048782,59.497949,3.382063
2022-07-11,0.443971,59.762103,4.595004
2022-07-12,0.011657,59.769069,4.331469
2022-07-13,0.281406,59.937263,4.184451
2022-07-14,0.579323,60.284493,4.760644
2022-07-15,0.698620,60.705652,6.014589
2022-07-18,-0.182479,60.594877,4.655899
2022-07-19,0.461499,60.874522,4.774428
2022-07-20,0.273333,61.040912,5.169570
2022-07-21,0.526561,61.362330,5.590302
2022-07-22,-0.312000,61.170879,4.568208
2022-07-25,-0.138628,61.086079,3.953922
2022-07-26,0.014227,61.094770,3.876133
2022-07-27,0.760999,61.559701,4.477558
2022-07-28,0.224904,61.698151,4.382984
2022-07-29,0.623307,62.082720,5.644724
2022-08-01,0.077107,62.130590,5.184833
2022-08-02,-0.016896,62.120092,5.372453
2022-08-03,0.303965,62.308915,5.421982
2022-08-04,-0.365444,62.081211,4.741421
2022-08-05,-0.133263,61.998480,4.582272
2022-08-08,0.562711,62.347352,5.000420
2022-08-09,0.007878,62.352264,3.548479
2022-08-10,0.570992,62.708291,3.106816
2022-08-11,-0.839735,62.181708,3.192429
2022-08-12,-0.200841,62.056821,2.526170
2022-08-15,0.418214,62.316352,2.363939
2022-08-16,0.472498,62.610795,3.611423
2022-08-17,-0.524293,62.282531,3.418801
2022-08-18,0.626925,62.672996,3.721164
2022-08-19,-0.207748,62.542794,3.332704
2022-08-22,-0.286040,62.363897,2.650863
2022-08-23,0.185673,62.479690,3.472485
2022-08-24,-0.194841,62.357954,3.801556
2022-08-25,-0.916617,61.786370,2.462695
2022-08-26,0.358530,62.007893,2.301047
2022-08-29,0.880063,62.553602,2.908420
2022-08-30,-0.284508,62.375632,2.702640
2022-08-31,-0.810698,61.869953,1.902482
2022-09-01,0.243050,62.020329,2.891336
2022-09-02,0.640241,62.417408,2.848178
2022-09-05,0.086306,62.471278,2.098482
2022-09-06,0.234215,62.617595,1.978125
2022-09-07,0.193033,62.738467,2.517344
2022-09-08,-0.155916,62.640648,2.153312
2022-09-09,-0.712242,62.194496,1.262284
2022-09-13,-0.218762,62.058438,0.876075
2022-09-14,0.235429,62.204542,-0.761726
2022-09-15,-0.710393,61.762645,-2.460480
2022-09-16,0.704886,62.198001,-0.291099
2022-09-19,-0.438454,61.925292,-1.057810
2022-09-20,0.455213,62.207184,-0.528693
2022-09-21,0.247397,62.361083,0.221729
2022-09-22,0.409386,62.616380,0.717959
2022-09-23,-0.770577,62.133873,-0.240180
2022-09-26,0.129589,62.214391,-0.023851
2022-09-27,-0.079690,62.164813,0.167654
2022-09-28,-0.319915,61.965938,-0.407501
2022-09-29,0.217392,62.100647,-0.954814
2022-09-30,-0.449797,61.821320,-2.217843
2022-10-10,0.260706,61.982492,-1.733746
2022-10-11,0.100910,62.045039,-1.103264
2022-10-12,0.216404,62.179307,-1.448404
2022-10-13,0.882509,62.728045,-0.414485
2022-10-14,-0.238200,62.578627,-0.359505
2022-10-17,0.381521,62.817377,1.368596
2022-10-18,0.282489,62.994829,1.850588
2022-10-19,0.585339,63.363563,3.060183
2022-10-20,-0.008074,63.358447,2.324300
2022-10-21,0.275228,63.532827,3.390751
2022-10-24,1.233737,64.316655,4.960612
2022-10-25,-0.109239,64.246396,4.988858
2022-10-26,0.412002,64.511092,5.494022
2022-10-27,-0.069448,64.466290,4.878083
2022-10-28,0.682297,64.906142,5.897313
2022-10-31,1.191026,65.679191,6.121981
2022-11-01,-0.999861,65.022490,5.382425
2022-11-02,-0.132809,64.936135,5.088612
2022-11-03,0.730906,65.410757,6.272279
2022-11-04,-1.011610,64.749055,5.883084
2022-11-07,-0.124502,64.668441,5.491311
2022-11-08,0.181097,64.785553,5.749602
2022-11-09,0.450290,65.077276,5.704671
2022-11-10,-0.113068,65.003695,6.078145
2022-11-11,-1.349587,64.126413,5.269643
2022-11-14,-0.343459,63.906166,3.743946
2022-11-15,-0.142129,63.815337,3.379389
2022-11-16,0.166181,63.921386,3.167475
2022-11-17,0.306896,64.117558,3.557577
2022-11-18,-0.078030,64.067527,3.565066
2022-11-21,0.709318,64.521970,4.228821
2022-11-22,-0.900440,63.940988,2.814977
2022-11-23,-0.235143,63.790636,2.230176
2022-11-24,0.425386,64.061992,3.307674
2022-11-25,-1.095233,63.360364,1.529382
2022-11-28,0.655709,63.775824,2.210935
2022-11-29,-1.238571,62.985915,1.386346
2022-11-30,-0.164065,62.882577,0.657444
2022-12-01,-0.040179,62.857312,0.101852
2022-12-02,0.501474,63.172525,0.832811
2022-12-05,-1.247359,62.384537,-0.816315
2022-12-06,-0.309595,62.191398,-1.062606
2022-12-07,0.368418,62.420522,-0.618032
2022-12-08,-0.228784,62.277714,-1.065018
2022-12-09,-0.403552,62.026391,-2.032055
2022-12-12,0.305061,62.215609,-2.146147
2022-12-13,-0.330241,62.010147,-2.856857
2022-12-14,-0.175118,61.901556,-2.772900
2022-12-15,0.217404,62.036133,-1.971590
2022-12-16,-0.551736,61.693857,-2.287762
2022-12-19,0.354991,61.912865,-1.479788
2022-12-20,0.662716,62.323172,0.039833
2022-12-21,-0.372237,62.091182,-0.149258
2022-12-22,-0.717047,61.645958,0.019363
2022-12-23,-0.116658,61.574044,-0.482630
2022-12-26,0.530288,61.900564,5.889746
2022-12-27,-0.373661,61.669266,5.064469
2022-12-28,-0.210210,61.539631,4.503601
2022-12-29,0.325214,61.739766,4.956103
2022-12-30,-0.075739,61.693005,4.556506
2023-01-03,0.415752,61.949495,4.784928
2023-01-04,-0.255310,61.791332,4.607912
2023-01-05,-0.554305,61.448820,3.675713
2023-01-06,-0.116032,61.377520,3.961557
2023-01-09,-0.222808,61.240766,4.054905
2023-01-10,0.074738,61.286536,4.068700
2023-01-11,-0.326467,61.086456,3.776270
2023-01-12,-0.140071,61.000891,2.795243
2023-01-13,-0.603207,60.632930,2.256966
2023-01-16,-0.202249,60.510300,1.892981
2023-01-17,0.219677,60.643227,2.052009
2023-01-18,0.016538,60.653256,2.460613
2023-01-19,0.046087,60.681210,1.700244
2023-01-20,-0.124120,60.605892,2.441201
2023-01-30,0.146818,60.694872,2.560292
2023-01-31,0.618693,61.070387,3.014461
2023-02-01,-0.035319,61.048818,2.885386
2023-02-02,0.263011,61.209383,2.941897
2023-02-03,0.427790,61.471230,2.536357
2023-02-06,0.491659,61.773459,2.786571
2023-02-07,0.133415,61.855874,3.807827
2023-02-08,0.047831,61.885460,3.882666
2023-02-09,-0.165911,61.782785,5.082234
2023-02-10,0.158315,61.880597,5.185558
2023-02-13,0.056026,61.915266,5.122485
2023-02-14,-0.035440,61.893323,5.084377
2023-02-15,0.189775,62.010782,5.540575
2023-02-16,-0.469224,61.719812,4.993822
2023-02-17,0.490102,62.022302,4.600292
2023-02-20,-1.085838,61.348840,4.276269
2023-02-21,0.004456,61.351574,4.193268
2023-02-22,0.641249,61.744990,4.724760
2023-02-23,-0.084464,61.692838,4.727532
2023-02-24,0.499809,62.001184,5.719774
2023-02-27,-0.049542,61.970468,5.029728
2023-02-28,-0.015692,61.960744,4.882271
2023-03-01,-0.757006,61.491697,4.127025
2023-03-02,-0.099996,61.430208,3.904370
2023-03-03,-0.518524,61.111677,3.590490
2023-03-06,0.481732,61.406072,3.453853
2023-03-07,-0.127972,61.327489,2.950731
2023-03-08,0.344268,61.538620,2.942459
2023-03-09,0.145043,61.627877,2.729884
2023-03-10,0.462433,61.912865,3.228819
2023-03-13,-0.924031,61.340771,2.432518
2023-03-14,0.133831,61.422864,3.063308
2023-03-15,-0.034805,61.401486,2.781661
2023-03-16,-0.306105,61.213533,2.600609
2023-03-17,-0.195551,61.093829,2.181672
2023-03-20,0.391388,61.332943,1.734729
2023-03-21,-0.011014,61.326188,1.741468
2023-03-22,-0.211891,61.196243,1.362112
2023-03-23,-0.523382,60.875953,0.766988
2023-03-24,0.409551,61.125271,1.015328
2023-03-27,0.564585,61.470375,0.802811
2023-03-28,-0.393236,61.228651,-0.678415
2023-03-29,-0.080570,61.179319,0.305210
2023-03-30,-0.283254,61.006026,0.277684
2023-03-31,0.336167,61.211108,1.193048
2023-04-03,-0.284252,61.037115,0.331205
2023-04-04,-0.603467,60.668776,-0.042423
2023-04-06,0.213146,60.798089,0.196214
2023-04-07,0.005793,60.801611,0.245168
2023-04-10,-0.124619,60.725840,-0.365913
2023-04-11,0.220515,60.859750,-0.115333
2023-04-12,-0.033469,60.839381,-0.039468
2023-04-13,-0.005308,60.836152,0.405347
2023-04-14,-0.183824,60.724320,0.492267
2023-04-17,-0.733787,60.278733,0.288865
2023-04-18,-0.606129,59.913366,-0.341827
2023-04-19,0.289747,60.086964,-0.041249
2023-04-20,-0.015497,60.077652,0.601857
2023-04-21,0.389487,60.311646,0.526447
2023-04-24,0.154558,60.404863,1.083987
2023-04-25,-0.115658,60.335000,1.184937
2023-04-26,0.711757,60.764438,2.178769
2023-04-27,0.039646,60.788529,2.770302
2023-04-28,0.320269,60.983215,2.101184
2023-05-04,1.329513,61.793995,3.097705
2023-05-05,-0.312971,61.600598,2.562949
2023-05-08,-1.201474,60.860483,1.804062
2023-05-09,0.223213,60.996332,2.860305
2023-05-10,1.038416,61.629727,3.841800
2023-05-11,0.231663,61.772501,4.677958
2023-05-12,0.356583,61.992771,4.514072
2023-05-15,-0.558231,61.646708,4.190248
2023-05-16,0.054465,61.680284,4.574491
2023-05-17,0.660883,62.087919,3.924906
2023-05-18,-0.214670,61.954635,2.671177
2023-05-19,0.441817,62.228361,2.302014
2023-05-22,-0.290731,62.047444,1.800057
2023-05-23,0.706458,62.485783,2.858350
2023-05-24,0.966417,63.089656,3.476135
2023-05-25,0.127709,63.170228,3.971143
2023-05-26,0.039980,63.195483,3.499717
2023-05-29,-0.161112,63.093667,3.845268
2023-05-30,0.033608,63.114872,3.632654
2023-05-31,0.518045,63.441835,3.962326
2023-06-01,-0.216963,63.304190,4.346977
2023-06-02,-0.391603,63.056289,3.175350
2023-06-05,0.087593,63.111522,3.557447
2023-06-06,-0.374968,62.874874,2.945955
2023-06-07,0.200685,63.001054,3.085767
2023-06-08,-0.924372,62.418690,2.378816
2023-06-09,-0.080130,62.368674,2.178821
2023-06-12,1.590815,63.360844,4.141268
2023-06-13,-0.010572,63.354145,3.905258
2023-06-14,0.376876,63.592912,3.920530
2023-06-15,-0.562750,63.235043,3.396375
2023-06-16,-0.132390,63.151326,3.492660
2023-06-19,0.595910,63.527651,4.630857
2023-06-20,0.355921,63.753759,5.192451
2023-06-21,0.100454,63.817803,5.453049
2023-06-26,0.157216,63.918135,6.383327
2023-06-27,-0.234405,63.768307,6.831315
2023-06-28,-0.003312,63.766195,7.621884
2023-06-29,0.485200,64.075589,7.346107
2023-06-30,0.151551,64.172696,7.781822
2023-07-03,-0.817971,63.647782,6.571157
2023-07-04,0.087496,63.703471,7.087012
2023-07-05,0.223564,63.845889,6.999355
2023-07-06,0.227662,63.991241,7.438025
2023-07-07,0.010194,63.997765,7.496019
2023-07-10,-0.159371,63.895771,7.544577
2023-07-11,-0.036726,63.872305,7.626207
2023-07-12,-0.113581,63.799758,7.700493
2023-07-13,-0.637544,63.393006,7.245460
2023-07-14,-0.044378,63.364874,6.942724
2023-07-17,0.643653,63.772724,7.522447
2023-07-18,0.274976,63.948084,7.890038
2023-07-19,-0.104098,63.881515,7.381236
2023-07-20,0.001868,63.882708,7.159458
2023-07-21,0.013273,63.891187,7.123960
2023-07-24,0.115521,63.964995,6.796426
2023-07-25,-1.110716,63.254526,5.667839
2023-07-26,0.020152,63.267272,5.406978
2023-07-27,-0.285702,63.086517,4.543216
2023-07-28,-1.159877,62.354791,2.680369
2023-07-31,0.070601,62.398814,2.933591
2023-08-01,0.037580,62.422263,2.510727
2023-08-02,0.673186,62.842481,2.908697
2023-08-03,-0.451971,62.558452,1.930523
2023-08-04,-0.258795,62.396553,1.983880
2023-08-07,0.330036,62.602485,2.452096
2023-08-08,-0.021708,62.588895,2.416160
2023-08-09,-0.085853,62.535160,1.572152
2023-08-10,-0.109304,62.466807,1.238136
2023-08-11,0.716278,62.914243,1.330489
2023-08-14,0.585476,63.282590,1.837180
2023-08-15,-0.217836,63.144738,1.636004
2023-08-16,0.092050,63.202863,1.424508
2023-08-17,0.328665,63.410588,2.118747
2023-08-18,-0.080171,63.359751,2.171895
2023-08-21,0.378813,63.599766,1.988859
2023-08-22,-0.378813,63.358842,1.601449
2023-08-23,0.076125,63.407074,1.108177
2023-08-24,-0.206960,63.275847,1.744282
2023-08-25,-0.222668,63.134952,1.722409
2023-08-28,-1.049964,62.472058,0.249552
2023-08-29,1.041557,63.122740,0.814337
2023-08-30,-0.017963,63.111401,1.322045
2023-08-31,-0.401071,62.858280,0.295199
2023-09-01,-0.284391,62.679516,0.218367
2023-09-04,-0.496001,62.368625,0.007581
2023-09-05,0.313702,62.564277,0.135291
2023-09-06,0.224890,62.704978,0.554960
2023-09-07,0.029382,62.723402,1.505181
2023-09-08,0.339839,62.936560,1.486555
2023-09-11,0.055872,62.971724,0.666198
2023-09-12,0.161084,63.073161,1.112067
2023-09-13,-0.197762,62.948426,1.728110
2023-09-14,-0.359032,62.722421,1.125677
2023-09-15,0.467677,63.015759,0.954063
2023-09-18,-0.127838,62.935201,0.739875
2023-09-19,-0.410577,62.676804,0.094511
2023-09-20,-0.107512,62.609419,-0.205905
2023-09-21,0.240959,62.760281,0.190801
2023-09-22,-0.286783,62.580296,0.618396
2023-09-25,0.222463,62.719513,1.059613
2023-09-26,0.176969,62.830507,1.001273
2023-09-27,0.249817,62.987468,1.963706
2023-09-28,0.423288,63.254087,1.683687
2023-10-09,-0.123847,63.175749,1.999182
2023-10-10,0.251749,63.334793,1.796435
2023-10-11,-0.039783,63.309596,1.509552
2023-10-12,-0.511563,62.985728,0.588126
2023-10-13,0.179071,63.098517,1.540598
2023-10-16,0.113903,63.170388,1.524930
2023-10-17,-0.472939,62.871631,1.130591
2023-10-18,-0.377387,62.634361,1.072918
2023-10-19,0.963296,63.237716,1.814448
2023-10-20,0.135650,63.323498,2.400818
2023-10-23,-0.185828,63.205825,1.954450
2023-10-24,0.630039,63.604047,2.481654
2023-10-25,0.368077,63.838158,2.632884
2023-10-26,-0.098216,63.775459,1.655982
2023-10-27,0.298784,63.966010,2.192805
2023-10-30,0.263962,64.134856,2.075624
2023-10-31,-0.408510,63.872858,1.384186
2023-11-01,-0.150598,63.776667,0.649842
2023-11-02,-0.245266,63.620244,0.412349
2023-11-03,0.129102,63.702379,0.266518
2023-11-06,0.339592,63.918708,-0.620653
2023-11-07,0.238789,64.071339,-0.272849
2023-11-08,0.315375,64.273404,-0.369127
2023-11-09,-0.376545,64.031386,-0.676910
2023-11-10,0.220533,64.172596,-1.136599
2023-11-13,0.424712,64.445145,-1.896776
2023-11-14,0.122407,64.524030,-0.769550
2023-11-15,-0.219788,64.382214,-0.856683
2023-11-16,0.112588,64.454700,-1.472406
2023-11-17,0.497165,64.775146,0.040288
2023-11-20,0.180599,64.892130,0.345304
2023-11-21,-0.329225,64.678488,-0.165398
2023-11-22,0.009730,64.684781,-0.604947
2023-11-23,0.199130,64.813589,-0.292883
2023-11-24,-0.123803,64.733348,0.942014
2023-11-27,0.452418,65.026213,1.737462
2023-11-28,0.136957,65.115271,2.016555
2023-11-29,0.334265,65.332929,2.184220
2023-11-30,-0.517405,64.994893,1.359045
2023-12-01,0.395410,65.251889,1.831737
2023-12-04,0.259317,65.421099,1.383903
2023-12-05,0.372079,65.664517,2.659810
2023-12-06,0.341273,65.888612,3.235921
2023-12-07,-0.030346,65.868617,2.781087
2023-12-08,-0.295279,65.674121,3.586645
2023-12-11,-0.140082,65.582123,2.792897
2023-12-12,-0.185219,65.460653,3.853811
2023-12-13,0.574548,65.836756,4.590916
2023-12-14,0.173049,65.950686,4.804001
2023-12-15,0.001436,65.951633,4.305216
2023-12-18,-0.521171,65.607912,5.037886
2023-12-19,-0.125858,65.525339,5.222024
2023-12-20,0.007308,65.530128,4.861591
2023-12-21,-0.154005,65.429208,4.936513
2023-12-22,-0.574212,65.053505,4.765014
2023-12-25,-0.218344,64.911465,4.241835
2023-12-26,-0.238000,64.756976,4.334339
2023-12-27,-0.097967,64.693535,4.411595
2023-12-28,-0.284391,64.509553,3.909631
2023-12-29,0.185461,64.629193,4.648184
2024-01-02,-0.017703,64.617751,4.276117
2024-01-03,0.130887,64.702327,3.746388
2024-01-04,0.039603,64.727952,4.158915
2024-01-05,-0.303105,64.531758,4.574980
2024-01-08,-0.231371,64.382450,4.460068
2024-01-09,0.099841,64.446730,4.030971
2024-01-10,0.127832,64.529114,4.533082
2024-01-11,0.677088,64.966032,5.418319
2024-01-12,-0.101622,64.900012,4.991958
2024-01-15,-0.209212,64.764234,4.858294
2024-01-16,-0.494085,64.444243,3.948095
2024-01-17,0.244913,64.602075,4.448344
2024-01-18,-0.790732,64.091246,4.210316
2024-01-19,-0.286667,63.907518,4.039337
2024-01-22,-1.356195,63.040807,2.896917
2024-01-23,0.454682,63.327443,3.275859
2024-01-24,-0.641423,62.921246,2.959371
2024-01-25,-0.328473,62.714567,2.770527
2024-01-26,-0.522261,62.387033,2.851931
2024-01-29,-0.606186,62.008851,2.446354
2024-01-30,-0.072411,61.963950,2.154481
2024-01-31,-1.133849,61.261373,0.997619
2024-02-01,0.104504,61.325394,1.055992
2024-02-02,-0.984788,60.721468,0.190520
2024-02-05,-2.742800,59.056000,-2.737307
2024-02-06,0.881467,59.576559,-2.476489
2024-02-07,1.245885,60.318815,-1.202976
2024-02-08,1.131000,61.001021,-0.340990
2024-02-19,-0.965792,60.411877,-1.738353
2024-02-20,-0.129616,60.333574,-2.358507
2024-02-21,-0.510121,60.025800,-3.003260
2024-02-22,-0.180277,59.917587,-3.231519
2024-02-23,0.420286,60.169412,-2.646065
2024-02-26,1.201912,60.892595,-1.609509
2024-02-27,0.210811,61.020964,-1.454930
2024-02-28,-0.680094,60.605964,-2.101900
2024-02-29,0.299088,60.787229,-1.992854
2024-03-01,0.090121,60.842011,-1.432445
2024-03-04,-0.087198,60.788959,-2.008585
2024-03-05,-0.879156,60.254529,-1.799853
2024-03-06,0.429179,60.513129,-1.376049
2024-03-07,-0.384953,60.280181,-2.400946
2024-03-08,0.057378,60.314769,-2.259085
2024-03-11,0.251499,60.466460,-2.506466
2024-03-12,0.457666,60.743195,-2.000289
2024-03-13,0.610645,61.114120,-1.375809
2024-03-14,-0.199682,60.992086,-0.815804
2024-03-15,0.422898,61.250020,-0.293752
2024-03-18,0.062608,61.288368,0.288710
2024-03-19,0.084464,61.340134,-0.107438
2024-03-20,-0.060729,61.302883,-0.040131
2024-03-21,0.066104,61.343407,-0.317725
2024-03-22,-0.161251,61.244490,-0.624043
2024-03-25,-0.663387,60.838202,-1.751008
2024-03-26,-0.496463,60.536163,-1.320380
2024-03-27,-0.538999,60.209874,-1.994579
2024-03-28,0.441411,60.475647,-1.519328
2024-03-29,-0.566892,60.132815,-1.781259
2024-04-01,0.032536,60.152380,-1.552985
2024-04-02,-0.236290,60.010246,-2.180178
2024-04-03,0.052677,60.041858,-2.116501
2024-04-08,-0.317653,59.851133,-2.222543
2024-04-09,0.625681,60.225610,-1.074054
2024-04-10,-0.177741,60.118565,-1.660668
2024-04-11,0.174352,60.223383,-2.049466
2024-04-12,0.338906,60.427483,-1.317121
2024-04-15,-1.527505,59.504450,-2.775810
2024-04-16,-0.695728,59.090462,-3.190313
2024-04-17,0.573707,59.429468,-2.953849
2024-04-18,0.033372,59.449301,-2.635826
2024-04-19,-0.111583,59.382965,-2.142176
2024-04-22,0.502438,59.681328,-1.853914
2024-04-23,0.433212,59.939875,-1.427431
2024-04-24,0.429399,60.197256,-0.874254
2024-04-25,-0.102765,60.135394,-1.197345
2024-04-26,-0.119544,60.063506,-1.283486
2024-04-29,0.719113,60.495430,-0.561638
2024-04-30,-0.801441,60.010595,-1.182314
2024-05-06,0.275623,60.175998,-0.170579
2024-05-07,-0.015720,60.166539,0.421674
2024-05-08,-0.186847,60.054119,-0.054676
2024-05-09,0.279261,60.221827,0.239694
2024-05-10,-0.370635,59.998624,-0.520359
2024-05-13,0.000000,59.998624,-0.674798
2024-05-14,0.417420,60.249070,-0.142522
2024-05-15,0.118257,60.320319,-0.733571
2024-05-16,-0.327356,60.122857,-1.101102
2024-05-17,-0.107732,60.058085,-1.528649
2024-05-20,-0.023407,60.044027,-2.872811
2024-05-21,-0.192661,59.928346,-2.752196
2024-05-22,-0.131339,59.849637,-1.674872
2024-05-23,-0.204304,59.727361,-2.102349
2024-05-24,0.250493,59.876974,-2.885232
2024-05-27,-0.365870,59.657902,-3.483168
2024-05-28,-0.110195,59.592162,-3.949372
2024-05-29,-0.060872,59.555887,-3.450468
2024-05-30,0.308418,59.739568,-3.196975
2024-05-31,0.331410,59.937551,-3.524822
2024-06-03,-0.692029,59.522766,-4.004356
2024-06-04,0.016962,59.532863,-4.428239
2024-06-05,-0.189295,59.420170,-4.326558
2024-06-06,-0.766022,58.964998,-5.799504
2024-06-07,0.312939,59.149523,-6.448831
2024-06-11,0.874755,59.666936,-5.705508
2024-06-12,0.003991,59.669317,-5.741489
2024-06-13,-0.135431,59.588506,-5.715770
2024-06-14,-0.198810,59.470038,-5.948381
2024-06-17,0.243737,59.614988,-6.221648
2024-06-18,0.002548,59.616508,-6.001901
2024-06-19,-0.494246,59.321855,-6.105001
2024-06-20,-0.537527,59.002984,-6.731533
2024-06-21,0.127731,59.078349,-6.228210
2024-06-24,-1.018745,58.476492,-7.452663
2024-06-25,-0.004892,58.473631,-6.528884
2024-06-26,0.713866,58.891055,-5.737392
2024-06-27,-0.678742,58.491337,-7.996742
2024-06-28,-0.220456,58.362389,-8.206869
2024-07-01,-0.132347,58.285148,-8.715471
2024-07-02,-0.585843,57.943689,-8.738696
2024-07-03,-0.095291,57.888474,-8.701555
2024-07-04,-0.616691,57.531481,-9.914297
2024-07-05,0.890702,58.043915,-9.382827
2024-07-08,-0.694695,57.640687,-10.180350
2024-07-09,0.272166,57.797565,-10.065647
2024-07-10,0.153669,57.886382,-9.677416
2024-07-11,0.424712,58.132233,-9.250291
2024-07-12,-0.212394,58.008764,-9.946936
2024-07-15,-0.790810,57.550025,-10.892326
2024-07-16,-0.109206,57.487176,-10.180258
2024-07-17,-0.028613,57.470727,-10.296332
2024-07-18,-0.331036,57.280479,-10.851231
2024-07-19,-0.054346,57.249349,-11.132996
2024-07-22,0.619709,57.604128,-10.525393
2024-07-23,-0.198945,57.489528,-10.565038
2024-07-24,-0.330192,57.299702,-10.859044
2024-07-25,0.503323,57.588104,-10.243337
2024-07-26,0.814168,58.056968,-8.792881
2024-07-29,-0.164523,57.961451,-8.913152
2024-07-30,0.582813,58.299258,-8.973621
2024-07-31,0.625659,58.664013,-8.624510
2024-08-01,0.062984,58.700962,-8.457393
2024-08-02,0.068202,58.740997,-8.391082
2024-08-05,-0.196777,58.625408,-8.601325
2024-08-06,0.777678,59.081325,-7.942110
2024-08-07,-0.151575,58.991772,-6.976869
2024-08-08,0.036225,59.013142,-6.960801
2024-08-09,-0.211974,58.888050,-6.886889
2024-08-12,-0.107017,58.825029,-5.827308
2024-08-13,-0.157378,58.732452,-6.055386
2024-08-14,-0.192939,58.619134,-6.286084
2024-08-15,-0.410780,58.378338,-7.368641
2024-08-16,-0.599794,58.028188,-7.517245
2024-08-19,-0.361238,57.818569,-7.620006
2024-08-20,-0.200282,57.702769,-8.149981
2024-08-21,-0.036992,57.681423,-8.165270
2024-08-22,-0.438474,57.428505,-8.518817
2024-08-23,0.057810,57.461705,-8.351660
2024-08-26,0.608621,57.811429,-8.458609
2024-08-27,-0.704791,57.403979,-9.749664
2024-08-28,0.419823,57.644974,-9.112645
2024-08-29,1.707149,58.629060,-7.511912
2024-08-30,1.013114,59.223039,-6.832022
2024-09-02,-0.043243,59.197429,-6.795071
2024-09-03,0.713233,59.619645,-6.462467
2024-09-04,0.407117,59.862366,-5.676644
2024-09-05,0.380069,60.089885,-5.373391
2024-09-06,-0.254465,59.936977,-5.421006
2024-09-09,0.506859,60.240773,-4.692511
2024-09-10,-0.229326,60.102625,-3.866586
2024-09-11,0.616390,60.473092,-4.288258
2024-09-12,-0.047870,60.444143,-4.318175
2024-09-13,-0.355965,60.228983,-4.272897
2024-09-18,-0.553485,59.895625,-4.543124
2024-09-19,0.387003,60.127423,-3.659632
2024-09-20,-0.452791,59.855172,-4.426662
2024-09-23,-0.382621,59.626153,-5.034654
2024-09-24,-1.239533,58.887068,-6.311311
2024-09-25,-0.549883,58.563258,-7.201974
2024-09-26,-0.687311,58.160746,-7.947515
2024-09-27,0.211598,58.283812,-7.897095
2024-09-30,-0.900547,57.758939,-8.603763
2024-10-08,-0.116329,57.691749,-8.360481
2024-10-09,1.153957,58.357487,-7.679718
2024-10-10,-1.364125,57.561418,-8.925313
2024-10-11,-0.225714,57.431494,-8.739860
2024-10-14,-0.047342,57.404304,-8.679643
2024-10-15,1.046021,58.004765,-7.879724
2024-10-16,0.198800,58.120079,-7.393926
2024-10-17,0.559021,58.444983,-7.058677
2024-10-18,-0.299740,58.269800,-7.535680
2024-10-21,0.705088,58.680653,-7.082571
2024-10-22,0.445872,58.942294,-7.060085
2024-10-23,-0.079950,58.895169,-7.016143
2024-10-24,0.209014,59.018269,-7.058780
2024-10-25,0.449184,59.283369,-6.570810
2024-10-28,0.632253,59.658190,-5.427671
2024-10-29,-0.156880,59.564599,-5.763586
2024-10-30,0.698640,59.980741,-5.181212
2024-10-31,2.232510,61.319817,-2.499198
2024-11-01,-1.202054,60.582720,-3.330433
2024-11-04,0.109231,60.648895,-4.179948
2024-11-05,-0.177271,60.541382,-4.492935
2024-11-06,0.551262,60.875123,-3.757186
2024-11-07,-1.123744,60.191043,-5.515354
2024-11-08,0.621094,60.564886,-5.263581
2024-11-11,0.844128,61.076131,-4.324732
2024-11-12,0.356997,61.294171,-4.266710
2024-11-13,-0.552672,60.955415,-5.084529
2024-11-14,-0.337559,60.749655,-5.013312
2024-11-15,-0.023213,60.735553,-4.885816
2024-11-18,-0.763119,60.272068,-5.406294
2024-11-19,0.724749,60.708890,-4.813177
2024-11-20,0.481877,61.001432,-4.671474
2024-11-21,-0.014361,60.992671,-4.924341
2024-11-22,0.382051,61.225694,-4.857897
2024-11-25,0.382939,61.460151,-4.098434
2024-11-26,-0.467633,61.172743,-4.787454
2024-11-27,-0.115121,61.102321,-5.326455
2024-11-28,0.272415,61.268773,-5.176742
2024-11-29,0.194234,61.387777,-4.762666
2024-12-02,0.257687,61.545966,-4.617835
2024-12-03,-0.335764,61.339317,-5.450097
2024-12-04,-0.583558,60.981366,-6.215800
2024-12-05,0.640938,61.372219,-5.247139
2024-12-06,-0.362820,61.149548,-5.620348
2024-12-09,-0.237216,61.004492,-6.056779
2024-12-10,-0.072539,60.960240,-6.005464
2024-12-11,0.728690,61.404451,-5.730814
2024-12-12,-0.354045,61.187051,-6.222351
2024-12-13,0.515768,61.502634,-6.041617
2024-12-16,-0.488689,61.202078,-6.012755
2024-12-17,-0.820116,60.700150,-7.230884
2024-12-18,-0.125650,60.623880,-7.615594
2024-12-19,0.229855,60.763227,-7.757391
2024-12-20,0.673463,61.172445,-7.426877
2024-12-23,-1.431803,60.296576,-8.838680
2024-12-24,-0.332548,60.096061,-8.876066
2024-12-25,-0.693450,59.679325,-9.431751
2024-12-26,0.543122,60.003456,-8.704709
2024-12-27,0.189329,60.117060,-9.088463
2024-12-30,-0.527962,59.799664,-9.790723
2024-12-31,-0.289365,59.626625,-10.081944
2025-01-02,0.867829,60.144082,-8.695325
2025-01-03,-0.355731,59.930131,-8.925753
2025-01-06,0.116210,59.999775,-8.816919
2025-01-07,0.161146,60.096462,-8.501779
2025-01-08,-0.261855,59.939096,-8.188110
2025-01-09,0.418064,60.189680,-7.552335
2025-01-10,0.002480,60.191173,-7.311572
2025-01-13,0.283409,60.361760,-6.930548
2025-01-14,0.235751,60.504064,-6.410279
2025-01-15,0.129046,60.582142,-6.466606
2025-01-16,-0.111291,60.514719,-6.560254
2025-01-17,0.216961,60.646012,-6.474329
2025-01-20,0.293564,60.824047,-6.220791
2025-01-21,0.331531,61.025698,-5.586242
2025-01-22,0.317712,61.219584,-5.037395
2025-01-23,-0.596339,60.854508,-5.735310
2025-01-24,0.406422,61.101834,-5.457462
2025-01-27,-0.597528,60.736733,-6.731589
2025-02-05,0.667920,61.142406,-5.964215
2025-02-06,0.285358,61.316880,-5.469832
2025-02-07,-0.076602,61.269910,-5.051155
2025-02-10,0.207535,61.397066,-5.088448
2025-02-11,-0.139224,61.311587,-4.433895
2025-02-12,-0.079370,61.262924,-4.226217
2025-02-13,-0.323242,61.064897,-3.184507
2025-02-14,-0.334998,60.860331,-3.973719
2025-02-17,0.149769,60.951480,-3.180574
2025-02-18,-0.449514,60.677495,-3.302088
2025-02-19,0.682229,61.091454,-2.098545
2025-02-20,0.425598,61.351458,-1.065820
2025-02-21,-0.000145,61.351370,-0.993528
2025-02-24,0.398845,61.596066,0.544850
2025-02-25,0.578543,61.952426,1.017276
2025-02-26,0.107410,62.018969,2.114298
2025-02-27,-0.417367,61.760123,4.477174
2025-02-28,-0.167640,61.656588,3.431788
2025-03-03,0.096210,61.715907,2.289764
2025-03-04,0.773112,62.193040,1.935250
2025-03-05,-0.262342,62.029882,2.643050
2025-03-06,0.125294,62.107601,2.897965
2025-03-07,0.038372,62.131433,3.447757
2025-03-10,0.442524,62.406380,4.069744
2025-03-11,-0.078204,62.357576,3.572105
2025-03-12,0.268986,62.525309,2.645983
2025-03-13,-0.491730,62.217853,1.942451
2025-03-14,-0.873036,61.674669,1.747999
2025-03-17,0.106530,61.740371,1.555831
2025-03-18,0.122707,61.816131,1.588382
2025-03-19,-0.386365,61.577295,1.288504
2025-03-20,0.388172,61.816320,2.558968
2025-03-21,0.138205,61.901754,2.268817
2025-03-24,-0.312785,61.708134,2.341238
2025-03-25,-0.169800,61.603354,2.113932
2025-03-26,0.353445,61.821088,2.215571
2025-03-27,-0.202264,61.696046,1.556480
2025-03-28,0.300694,61.881562,1.247934
2025-03-31,0.077431,61.929478,1.525217
2025-04-01,0.196226,62.050999,1.299244
2025-04-02,0.085586,62.104106,1.322205
2025-04-03,-0.253715,61.946539,0.983739
2025-04-07,-0.257017,61.787326,0.787139
2025-04-08,-1.015070,61.160141,-0.299201
2025-04-09,0.391825,61.399782,0.253240
2025-04-10,0.377624,61.631642,1.295750
2025-04-11,0.394920,61.875038,2.187591
2025-04-14,0.053612,61.908210,2.781645
2025-04-15,-0.234718,61.762901,2.106212
2025-04-16,-0.809430,61.262973,1.861993
2025-04-17,0.029543,61.281072,1.859001
2025-04-18,-0.202537,61.156955,1.892828
2025-04-21,0.795376,61.643383,2.632395
2025-04-22,-0.344457,61.431048,2.605501
2025-04-23,0.480932,61.726490,2.461549
2025-04-24,-0.557483,61.382375,2.080405
2025-04-25,0.297636,61.565071,2.203399
2025-04-28,-0.244572,61.414500,1.620194
2025-04-29,0.531683,61.741031,3.689761
2025-04-30,0.899868,62.296619,5.283764
2025-05-06,0.455679,62.580492,5.166340
2025-05-07,-0.531486,62.247885,4.600070
2025-05-08,0.007039,62.252266,4.718754
2025-05-09,-0.393818,62.007106,3.822978
2025-05-12,-0.036892,61.984230,3.353803
2025-05-13,-0.217297,61.849540,2.707789
2025-05-14,-0.705808,61.413001,2.102297
2025-05-15,-0.162108,61.313446,2.059673
2025-05-16,0.403324,61.560737,1.745646
2025-05-19,0.398998,61.806364,2.948519
2025-05-20,-0.069756,61.763250,2.603495
2025-05-21,-0.349012,61.547689,2.269593
2025-05-22,-0.366111,61.322355,2.089832
2025-05-23,0.108848,61.389104,1.919749
2025-05-26,0.509400,61.701820,2.799179
2025-05-27,0.019742,61.714001,2.818919
2025-05-28,-0.071581,61.669825,2.330762
2025-05-29,0.309847,61.860907,2.521942
2025-05-30,-0.192496,61.741828,2.657154
2025-06-03,0.039465,61.766194,2.804402
2025-06-04,0.148471,61.857899,2.976172
2025-06-05,0.048657,61.887997,3.217664
2025-06-06,-0.083871,61.836091,3.265184
2025-06-09,0.334331,62.042829,3.803470
2025-06-10,-0.091084,61.986318,3.462166
2025-06-11,-1.285615,61.189412,2.534756
2025-06-12,0.119413,61.262480,2.764353
2025-06-13,-0.197776,61.141318,2.627272
2025-06-16,0.233962,61.284366,2.553018
2025-06-17,-0.027702,61.267389,2.194450
2025-06-18,-0.251876,61.113071,2.636691
2025-06-19,-0.397792,60.869968,2.221144
2025-06-20,-0.425733,60.610825,1.983977
2025-06-23,-0.051611,60.579543,2.701324
2025-06-24,0.110419,60.646434,2.499233
2025-06-25,-0.321680,60.451347,1.306083
2025-06-26,-0.099036,60.391478,1.203007
2025-06-27,0.910278,60.941209,2.244690
2025-06-30,0.226352,61.079151,2.669795
2025-07-01,-0.163034,60.979571,2.263188
2025-07-02,-0.388018,60.742959,1.871866
2025-07-03,0.008440,60.748086,2.375778
2025-07-04,-0.505420,60.441052,2.408053
2025-07-07,0.298279,60.621335,2.578238
2025-07-08,0.046459,60.649499,3.648656
2025-07-09,-0.130855,60.570136,3.522607
2025-07-10,-0.223230,60.434926,2.587797
2025-07-11,0.443896,60.703194,3.711767
2025-07-14,-0.048136,60.673974,3.884318
2025-07-15,-0.055394,60.640364,3.961343
2025-07-16,0.270863,60.804617,4.819406
2025-07-17,0.240725,60.950989,5.155179
2025-07-18,-0.248394,60.799590,5.525076
2025-07-21,0.075577,60.845541,4.713865
2025-07-22,-0.156101,60.750560,5.254761
2025-07-23,-0.266896,60.588420,4.715713
2025-07-24,0.325621,60.785708,4.887253
2025-07-25,0.474233,61.073974,4.936552
2025-07-28,0.000956,61.074558,5.150128
2025-07-29,0.967334,61.665353,6.906767
2025-07-30,-0.493504,61.361032,6.521307
2025-07-31,0.643456,61.755863,7.191319
2025-08-01,0.358652,61.977352,7.880915
2025-08-04,0.178059,62.087708,8.113177
2025-08-05,-0.332764,61.881103,7.162062
2025-08-06,0.174401,61.989024,7.535453
2025-08-07,-0.050543,61.957693,7.815636
2025-08-08,0.063629,61.997116,7.377184
2025-08-11,0.573436,62.352629,7.138111
2025-08-12,-0.317875,62.154426,6.984388
2025-08-13,0.438981,62.427272,6.841286
2025-08-14,-0.501642,62.114111,5.714672
2025-08-15,0.534495,62.446108,6.184780
2025-08-18,0.128166,62.526142,6.244685
2025-08-19,0.099934,62.588627,6.541540
2025-08-20,-0.241033,62.437768,5.525546
2025-08-21,-0.593154,62.067416,5.082316
2025-08-22,-0.327462,61.864168,4.718098
2025-08-25,-0.543555,61.527903,4.385259
2025-08-26,0.369126,61.755018,4.860781
2025-08-27,0.487882,62.056309,5.504978
2025-08-28,-0.490694,61.751803,5.206201
2025-08-29,-0.512353,61.435416,5.104158
2025-09-01,0.221745,61.571646,5.927257
2025-09-02,-0.859435,61.042478,5.425999
2025-09-03,0.075309,61.088448,5.701762
2025-09-04,-0.135630,61.005593,5.603039
2025-09-05,0.388894,61.242840,6.430616
2025-09-08,0.321958,61.440016,6.694263
2025-09-09,-0.005454,61.436666,6.082033
2025-09-10,-0.219395,61.301877,6.569684
2025-09-11,-0.239844,61.154848,5.910608
2025-09-12,0.333524,61.358814,4.550835
2025-09-15,-0.046946,61.330008,3.495862
2025-09-16,0.508028,61.641582,4.045856
2025-09-17,0.059374,61.678181,3.394511
2025-09-18,0.544348,62.013925,3.531092
2025-09-19,-0.128214,61.934414,3.023447
2025-09-22,0.137771,62.019742,3.415912
2025-09-23,-0.533894,61.688622,2.375009
2025-09-24,0.254684,61.845733,2.858959
2025-09-25,-0.271132,61.678049,1.972960
2025-09-26,-0.045104,61.650230,1.975726
2025-09-29,-0.253836,61.493739,2.078168
2025-09-30,0.261264,61.654400,2.894113
2025-10-09,-0.431844,61.388149,2.075078
2025-10-10,0.252716,61.543287,2.781293
2025-10-13,0.240259,61.691150,3.404619
2025-10-14,-0.479572,61.395297,4.171173
2025-10-15,-0.145850,61.305752,4.576617
2025-10-16,-0.877660,60.767695,4.384767
2025-10-17,0.077210,60.814615,4.250574
2025-10-20,-0.107653,60.749146,5.047489
2025-10-21,-0.179015,60.640396,4.984710
2025-10-22,-0.153093,60.547560,3.684151
2025-10-23,-0.258886,60.390810,4.798443
2025-10-24,0.035686,60.412361,5.060092
2025-10-27,-0.336882,60.208843,4.769994
2025-10-28,0.092539,60.264559,3.821902
2025-10-29,0.265958,60.424838,3.888904
2025-10-30,-0.021536,60.411825,3.309901
2025-10-31,1.945597,61.587195,5.537003
2025-11-03,-0.327271,61.385638,4.506582
2025-11-04,-0.313178,61.193392,3.748032
2025-11-05,0.093252,61.250456,3.921222
2025-11-06,-0.188124,61.135229,3.524125
2025-11-07,0.132077,61.215975,3.207936
2025-11-10,-0.203736,61.091256,2.373730
2025-11-11,0.252499,61.245511,2.782914
2025-11-12,-0.494920,60.942395,1.590554
2025-11-13,0.052245,60.974234,-0.565169
2025-11-14,0.292864,61.152805,0.936604
2025-11-17,0.515737,61.468193,1.341844
2025-11-18,-0.039081,61.444170,1.480184
2025-11-19,-0.755653,60.979865,0.171913
2025-11-20,-0.203389,60.855839,1.098422
2025-11-21,-0.119487,60.783125,0.359691
2025-11-24,0.715204,61.217848,0.231765
2025-11-25,-0.061957,61.179919,-0.186572
2025-11-26,-0.012161,61.172479,0.355470
2025-11-27,-0.146279,61.082997,0.547214
2025-11-28,0.459952,61.363949,1.029328
2025-12-01,-0.209973,61.235102,1.585180
2025-12-02,-0.250997,61.081404,0.611731
2025-12-03,0.171172,61.185958,0.302038
2025-12-04,-0.085286,61.133775,0.231078
2025-12-05,0.130387,61.213485,-0.019943
2025-12-08,0.043894,61.240354,-0.358266
2025-12-09,0.051153,61.271680,0.161603
2025-12-10,0.457780,61.552170,0.733526
2025-12-11,-0.063957,61.512803,0.397503
2025-12-12,0.200509,61.636141,0.403766
2025-12-15,-0.567256,61.286507,-0.422461
2025-12-16,-0.068389,61.244593,-0.154544
2025-12-17,-0.318648,61.049439,0.111566
2025-12-18,-0.072281,61.005311,-0.599634
2025-12-19,0.287742,61.180849,0.051174
2025-12-22,-0.005145,61.177701,0.283527
2025-12-23,-0.203700,61.053083,0.152185
2025-12-24,0.397698,61.295889,-0.176954
2025-12-25,0.218129,61.429593,0.395611
2025-12-26,0.010064,61.435776,-0.108768
2025-12-29,0.000000,61.435776,0.381119
2025-12-30,-0.131439,61.355025,1.073091
2025-12-31,0.059172,61.391330,1.257974
2026-01-05,-0.047254,61.362320,0.981118
2026-01-06,-0.311778,61.171006,-0.002352
2026-01-07,0.551851,61.508579,1.990134
2026-01-08,0.688789,61.932243,3.009664
2026-01-09,0.400172,62.180079,4.104903
2026-01-12,0.449988,62.459881,4.012229
2026-01-13,-0.565010,62.106977,3.256467
2026-01-14,0.700077,62.541773,4.483466
2026-01-15,0.180419,62.654611,4.953507
2026-01-16,0.475450,62.952502,4.563746
2026-01-19,0.356939,63.177204,5.276415
2026-01-20,-0.430449,62.905259,4.728895
2026-01-21,0.557455,63.255928,5.123786
2026-01-22,0.248759,63.413282,5.634435
2026-01-23,1.058219,64.084334,6.269902
2026-01-26,-0.720858,63.622377,5.543953
2026-01-27,0.121068,63.699403,5.381940
2026-01-28,-0.166320,63.593458,4.980008
2026-01-29,-0.891882,63.026280,3.955162
2026-01-30,0.383027,63.267687,4.448811
2026-02-02,0.006186,63.271601,4.238271
2026-02-03,0.701970,63.715749,4.644655
2026-02-04,-0.719262,63.257466,3.591811
2026-02-05,-0.452857,62.971000,2.820716
2026-02-06,0.159091,63.071181,3.577805
2026-02-09,0.082707,63.123345,3.254880
2026-02-10,-0.073004,63.077263,3.781170
2026-02-11,0.031730,63.097277,3.147195
2026-02-12,0.457925,63.386215,3.319123
2026-02-13,0.384836,63.630148,3.779852
2026-02-24,-0.152927,63.532840,3.419488
2026-02-25,0.340026,63.748868,3.898258
2026-02-26,0.504877,64.070721,4.481266
2026-02-27,0.319925,64.275699,5.124445
2026-03-02,-1.069242,63.588437,4.385006
2026-03-03,-1.423723,62.683113,2.801394
2026-03-04,0.522464,63.010610,3.773026
2026-03-05,0.003359,63.012727,3.096472
2026-03-06,0.281132,63.189876,2.952515
2026-03-09,-0.133006,63.105829,2.819565
2026-03-10,0.669392,63.528255,3.088675
2026-03-11,-0.406000,63.270330,2.104973
2026-03-12,-0.135685,63.184482,1.861843
2026-03-13,-0.683133,62.752847,1.594607
2026-03-16,-0.063654,62.712903,1.698713
2026-03-17,-0.660327,62.298792,0.940033
2026-03-18,0.133295,62.381834,0.303101
2026-03-19,-0.529915,62.051263,0.034464
2026-03-20,-0.127227,61.972317,-0.218060
2026-03-23,0.092658,62.029740,-0.163809
2026-03-24,0.438166,62.301533,-0.168148
2026-03-25,0.469371,62.593958,0.378359
2026-03-26,-0.132421,62.511071,-0.022774
2026-03-27,-0.078690,62.461881,0.391448
2026-03-30,-0.087485,62.407235,1.180793
2026-03-31,-0.326032,62.203768,0.747754
2026-04-01,0.115256,62.275461,0.740312
2026-04-02,-0.145293,62.184979,0.982026
2026-04-03,0.239129,62.333682,0.833450
2026-04-07,0.360161,62.558183,1.054854
2026-04-08,0.263555,62.723058,1.631337
2026-04-09,0.223984,62.863547,2.025015
2026-04-10,-0.290681,62.680815,1.381089
2026-04-13,-0.155886,62.583104,1.427550
2026-04-14,-0.007218,62.578587,1.120089
2026-04-15,-0.106510,62.511935,0.936122
2026-04-16,0.259982,62.674455,0.999733
2026-04-17,0.180562,62.787621,1.094583
2026-04-20,0.086917,62.842194,1.435499
2026-04-21,0.003638,62.844480,1.696485
2026-04-22,0.380845,63.083820,3.096864
2026-04-23,-0.160184,62.982770,2.545491
2026-04-24,0.064225,63.023221,2.232783
2026-04-27,0.391474,63.269941,2.229351
2026-04-28,-0.391474,63.022255,1.783511
2026-04-29,-0.101352,62.958381,1.917102
2026-04-30,-0.193656,62.836459,2.535982
2026-05-06,0.191409,62.956733,2.697669
2026-05-07,0.738189,63.421473,3.635890
2026-05-08,0.390024,63.668832,3.232925
2026-05-11,-0.097889,63.606507,3.480040
2026-05-12,0.021109,63.619934,3.021367
2026-05-13,0.225313,63.763278,3.805470
2026-05-14,0.020827,63.776558,3.529101
2026-05-15,0.087846,63.832583,3.861780
2026-05-18,0.300810,64.024598,3.631863
2026-05-19,0.015872,64.034760,2.751890
2026-05-20,0.323960,64.242206,2.620682
2026-05-21,-0.438457,63.960532,2.714164
2026-05-22,0.405059,64.219609,3.111366
2026-05-25,-0.230875,64.071342,3.274819
2026-05-26,-0.705519,63.619307,2.603698
2026-05-27,0.013328,63.627786,2.834560
2026-05-28,0.505048,63.949137,4.046647
2026-05-29,-0.725333,63.485293,3.480911
2026-06-01,-0.193661,63.362347,2.884550
2026-06-02,-0.400162,63.108795,2.085381
2026-06-03,0.165802,63.213430,2.320826
2026-06-04,0.615637,63.602596,3.284199
2026-06-05,0.318428,63.805124,3.968904
2026-06-08,-0.363963,63.572897,3.495488
2026-06-09,0.516816,63.901452,3.502867
2026-06-10,-0.193063,63.778083,3.289877
2026-06-11,0.086845,63.833471,3.448291
2026-06-12,-0.435807,63.555280,2.702164
2026-06-15,-1.962532,62.307987,0.912800
2026-06-16,0.984065,62.921138,1.852597
2026-06-17,0.016307,62.931399,1.720542
2026-06-18,0.714944,63.381323,2.384297
2026-06-22,-0.925325,62.794840,1.538570
2026-06-23,0.390369,63.039971,1.594406
2026-06-24,0.561062,63.393665,2.245025
2026-06-25,-0.276623,63.218303,3.261969
2026-06-26,0.696863,63.658848,3.837074
2026-06-29,-0.619866,63.264249,3.413250
2026-06-30,0.728158,63.724913,3.905081
2026-07-01,0.322713,63.930561,4.254980
2026-07-02,0.234715,64.080615,4.741613
2026-07-03,-0.372035,63.842213,4.767470
2026-07-06,-0.971126,63.222225,4.218240
2026-07-07,-0.387040,62.977530,3.882074
2026-07-08,-0.793168,62.478012,2.975385
2026-07-09,-0.203628,62.350790,3.093749
2026-07-10,0.245158,62.503648,3.437691
2026-07-13,-1.361150,61.652879,1.161032
2026-07-14,-0.276525,61.482394,0.658028
2026-07-15,-0.507366,61.170453,0.312537
2026-07-16,0.121099,61.244529,0.822336
2026-07-17,-0.887530,60.700966,-0.077596
2026-07-20,-2.491709,59.188474,-2.094172
2026-07-21,0.535016,59.505142,-1.858417
2026-07-22,-0.650069,59.118317,-2.557057
2026-07-23,-0.014563,59.109708,-2.440680
2026-07-24,-0.135207,59.029788,-2.352498
2026-07-27,0.821162,59.514518,-1.977604
2026-07-28,-0.642244,59.132290,-2.573771
2026-07-29,0.226800,59.266402,-2.291818
2026-07-30,-1.041961,58.648869,-3.609743
2026-07-31,0.697377,59.057872,-3.155223
