指标名称,中国:M2:同比,中国:社会融资规模存量:同比,市盈率:申万小盘指数,市盈率:申万大盘指数
频率,月,月,日,日
单位,%,%,倍,倍
指标ID,M0001385,M5525763,M0049387,M0049385
来源,中国人民银行,中国人民银行,上海申银万国证券研究所,上海申银万国证券研究所
2026-07-08,,,36.58,18.55
2026-07-07,,,37.46,18.72
2026-07-06,,,38.24,18.89
2026-07-03,,,38.86,18.92
2026-07-02,,,38.82,18.77
2026-07-01,,,39.74,19.47
2026-06-30,,,41.86,17.8
2026-06-29,,,40.96,17.59
2026-06-26,,,40.63,17.37
2026-06-25,,,41.67,17.93
2026-06-24,,,41.4,17.67
2026-06-23,,,40.92,17.6
2026-06-22,,,41.84,18.12
2026-06-18,,,41.34,17.73
2026-06-17,,,41.16,17.7
2026-06-16,,,40.77,17.57
2026-06-15,,,40.2,17.61
2026-06-12,,,38.87,17.24
2026-06-11,,,38.59,17.05
2026-06-10,,,38.67,17.13
2026-06-09,,,39.29,17.33
2026-06-08,,,38.26,17.04
2026-06-05,,,39.52,17.39
2026-06-04,,,39.73,17.73
2026-06-03,,,39.59,17.85
2026-06-02,,,39.41,17.75
2026-06-01,,,39.32,17.47
2026-05-31,8.6,7.7,,
2026-05-29,,,39.64,17.67
2026-05-28,,,40.7,17.73
2026-05-27,,,40.41,17.72
2026-05-26,,,41.13,17.87
2026-05-25,,,41.59,17.77
2026-05-22,,,41.2,17.46
2026-05-21,,,40.42,17.25
2026-05-20,,,41.66,17.48
2026-05-19,,,41.65,17.49
2026-05-18,,,41.16,17.43
2026-05-15,,,41,17.53
2026-05-14,,,41.41,17.7
2026-05-13,,,42.43,18.01
2026-05-12,,,41.85,17.83
2026-05-11,,,42.05,17.85
2026-05-08,,,41.39,17.52
2026-05-07,,,41.21,17.64
2026-05-06,,,40.65,17.54
2026-04-30,8.6,7.8,40.23,17.53
2026-04-29,,,39.99,17.63
2026-04-28,,,39.33,17.3
2026-04-27,,,39.86,16.97
2026-04-24,,,39.74,16.94
2026-04-23,,,39.76,17.02
2026-04-22,,,40.08,17.02
2026-04-21,,,39.61,16.88
2026-04-20,,,39.44,16.86
2026-04-17,,,39.12,16.76
2026-04-16,,,38.94,16.75
2026-04-15,,,38.45,16.59
2026-04-14,,,38.61,16.66
2026-04-13,,,38.07,16.78
2026-04-10,,,37.7,16.73
2026-04-09,,,37.39,16.45
2026-04-08,,,37.75,16.56
2026-04-07,,,36.17,16
2026-04-03,,,35.92,16.01
2026-04-02,,,36.27,16.15
2026-04-01,,,36.98,16.38
2026-03-31,8.5,7.9,36.29,16.08
2026-03-30,,,36.86,16.25
2026-03-27,,,36.87,16.25
2026-03-26,,,36.22,16.12
2026-03-25,,,36.81,16.33
2026-03-24,,,36.05,16.1
2026-03-23,,,35.25,15.95
2026-03-20,,,37.1,16.53
2026-03-19,,,37.64,16.55
2026-03-18,,,38.57,16.8
2026-03-17,,,38.23,16.73
2026-03-16,,,39.06,16.82
2026-03-13,,,39.23,16.79
2026-03-12,,,39.84,16.85
2026-03-11,,,40.01,16.92
2026-03-10,,,39.99,16.82
2026-03-09,,,39.29,16.67
2026-03-06,,,39.73,16.83
2026-03-05,,,39.45,16.79
2026-03-04,,,39.08,16.62
2026-03-03,,,39.31,16.81
2026-03-02,,,41.02,17.07
2026-02-28,9,8.2,,
2026-02-27,,,41.3,17.01
2026-02-26,,,40.89,17.09
2026-02-25,,,40.64,17.14
2026-02-24,,,40.01,17.04
2026-02-13,,,39.71,16.88
2026-02-12,,,40.22,17.09
2026-02-11,,,39.93,17.07
2026-02-10,,,40.03,17.12
2026-02-09,,,39.93,17.1
2026-02-06,,,39.1,16.83
2026-02-05,,,39.13,16.93
2026-02-04,,,39.7,17.02
2026-02-03,,,39.67,16.9
2026-02-02,,,38.42,16.74
2026-01-31,9,8.2,,
2026-01-30,,,39.7,17.06
2026-01-29,,,40.13,17.19
2026-01-28,,,40.5,17.06
2026-01-27,,,40.44,17.03
2026-01-26,,,40.32,17.01
2026-01-23,,,41,17.01
2026-01-22,,,40.05,17.13
2026-01-21,,,39.72,17.13
2026-01-20,,,39.49,17.12
2026-01-19,,,39.85,17.2
2026-01-16,,,39.67,17.16
2026-01-15,,,39.7,17.22
2026-01-14,,,39.76,17.18
2026-01-13,,,39.51,17.26
2026-01-12,,,40.25,17.37
2026-01-09,,,39.12,17.29
2026-01-08,,,38.4,17.22
2026-01-07,,,38.01,17.37
2026-01-06,,,37.77,17.43
2026-01-05,,,37.21,17.17
2025-12-31,8.5,8.3,38.04,16.43
2025-12-30,,,37.98,16.52
2025-12-29,,,37.85,16.47
2025-12-26,,,38.01,16.53
2025-12-25,,,37.83,16.49
2025-12-24,,,37.49,16.45
2025-12-23,,,36.92,16.43
2025-12-22,,,36.92,16.39
2025-12-19,,,36.53,16.25
2025-12-18,,,36.24,16.2
2025-12-17,,,36.39,16.29
2025-12-16,,,35.75,16.02
2025-12-15,,,36.38,16.22
2025-12-12,,,36.71,16.31
2025-12-11,,,36.33,16.2
2025-12-10,,,36.78,16.34
2025-12-09,,,36.6,16.37
2025-12-08,,,36.87,16.43
2025-12-05,,,36.43,16.29
2025-12-04,,,35.97,16.16
2025-12-03,,,35.95,16.09
2025-12-02,,,36.25,16.2
2025-12-01,,,36.63,16.26
2025-11-30,8,8.5,,
2025-11-28,,,36.32,16.09
2025-11-27,,,35.92,16.05
2025-11-26,,,35.94,16.05
2025-11-25,,,35.95,15.93
2025-11-24,,,35.47,15.77
2025-11-21,,,35.08,15.79
2025-11-20,,,36.44,16.16
2025-11-19,,,36.71,16.24
2025-11-18,,,36.95,16.17
2025-11-17,,,37.3,16.25
2025-11-14,,,37.1,16.36
2025-11-13,,,37.58,16.64
2025-11-12,,,37.04,16.45
2025-11-11,,,37.36,16.44
2025-11-10,,,37.45,16.59
2025-11-07,,,37.33,16.55
2025-11-06,,,37.35,16.63
2025-11-05,,,36.85,16.38
2025-11-04,,,36.7,16.35
2025-11-03,,,37.26,16.47
2025-10-31,8.2,8.5,37.38,16.93
2025-10-30,,,37.28,17.19
2025-10-29,,,37.68,17.35
2025-10-28,,,37.15,17.17
2025-10-27,,,37.22,17.26
2025-10-24,,,36.79,17.05
2025-10-23,,,36.22,16.83
2025-10-22,,,36.22,16.77
2025-10-21,,,36.44,16.82
2025-10-20,,,35.91,16.54
2025-10-17,,,35.59,16.46
2025-10-16,,,36.69,16.82
2025-10-15,,,37.07,16.76
2025-10-14,,,36.53,16.49
2025-10-13,,,37.28,16.68
2025-10-10,,,37.4,16.82
2025-10-09,,,38.04,17.17
2025-09-30,8.4,8.7,37.58,16.95
2025-09-29,,,37.22,16.9
2025-09-26,,,36.71,16.64
2025-09-25,,,37.32,16.81
2025-09-24,,,37.37,16.71
2025-09-23,,,36.73,16.54
2025-09-22,,,37.07,16.54
2025-09-19,,,36.86,16.45
2025-09-18,,,37.02,16.46
2025-09-17,,,37.4,16.64
2025-09-16,,,37.06,16.54
2025-09-15,,,36.74,16.47
2025-09-12,,,36.73,16.42
2025-09-11,,,36.66,16.51
2025-09-10,,,35.79,16.1
2025-09-09,,,35.79,16.04
2025-09-08,,,36.14,16.15
2025-09-05,,,35.76,16.15
2025-09-04,,,34.7,15.71
2025-09-03,,,35.55,16.06
2025-09-02,,,36.06,16.17
2025-09-01,,,36.97,16.27
2025-08-31,8.8,8.8,,
2025-08-29,,,36.59,16.44
2025-08-28,,,36.61,16.33
2025-08-27,,,36.04,16.04
2025-08-26,,,36.6,16.28
2025-08-25,,,36.56,16.35
2025-08-22,,,35.89,16
2025-08-21,,,35.34,15.64
2025-08-20,,,35.55,15.56
2025-08-19,,,35.22,15.37
2025-08-18,,,35.24,15.44
2025-08-15,,,34.63,15.31
2025-08-14,,,33.94,15.21
2025-08-13,,,34.38,15.19
2025-08-12,,,33.89,15.07
2025-08-11,,,33.8,14.98
2025-08-08,,,33.36,14.93
2025-08-07,,,33.52,14.97
2025-08-06,,,33.55,14.96
2025-08-05,,,33.26,14.92
2025-08-04,,,33.08,14.8
2025-08-01,,,32.75,14.74
2025-07-31,8.8,9,32.7,14.82
2025-07-30,,,33.03,15.09
2025-07-29,,,33.28,15.1
2025-07-28,,,33.06,15.06
2025-07-25,,,33.01,15.02
2025-07-24,,,32.98,15.1
2025-07-23,,,32.47,15
2025-07-22,,,32.58,14.98
2025-07-21,,,32.39,14.86
2025-07-18,,,32.03,14.76
2025-07-17,,,31.9,14.66
2025-07-16,,,31.57,14.57
2025-07-15,,,31.46,14.61
2025-07-14,,,31.48,14.6
2025-07-11,,,31.46,14.6
2025-07-10,,,31.22,14.57
2025-07-09,,,31.11,14.51
2025-07-08,,,31.2,14.53
2025-07-07,,,30.78,14.42
2025-07-04,,,30.75,14.48
2025-07-03,,,30.86,14.42
2025-07-02,,,30.74,14.33
2025-07-01,,,31.02,14.33
2025-06-30,8.3,8.9,31.19,14.34
2025-06-27,,,30.85,14.29
2025-06-26,,,30.71,14.38
2025-06-25,,,30.85,14.43
2025-06-24,,,30.42,14.15
2025-06-23,,,29.89,13.98
2025-06-20,,,29.62,13.94
2025-06-19,,,29.85,13.92
2025-06-18,,,30.26,14.03
2025-06-17,,,30.29,14.01
2025-06-16,,,30.3,14.03
2025-06-13,,,30.11,13.99
2025-06-12,,,30.53,14.1
2025-06-11,,,30.51,14.12
2025-06-10,,,30.35,14
2025-06-09,,,30.63,14.07
2025-06-06,,,30.32,14.04
2025-06-05,,,30.38,14.06
2025-06-04,,,30.16,14.03
2025-06-03,,,29.9,13.98
2025-05-31,7.9,8.7,,
2025-05-30,,,29.74,13.94
2025-05-29,,,30.01,14.01
2025-05-28,,,29.47,13.94
2025-05-27,,,29.56,13.95
2025-05-26,,,29.68,14.03
2025-05-23,,,29.54,14.12
2025-05-22,,,29.87,14.23
2025-05-21,,,30.18,14.24
2025-05-20,,,30.21,14.17
2025-05-19,,,30.05,14.09
2025-05-16,,,29.99,14.13
2025-05-15,,,29.96,14.21
2025-05-14,,,30.49,14.33
2025-05-13,,,30.43,14.15
2025-05-12,,,30.49,14.14
2025-05-09,,,30.06,13.97
2025-05-08,,,30.45,13.98
2025-05-07,,,30.25,13.89
2025-05-06,,,30.2,13.8
2025-04-30,8,8.7,29.78,14.03
2025-04-29,,,29.34,13.97
2025-04-28,,,29.02,13.95
2025-04-25,,,29.04,13.98
2025-04-24,,,28.81,13.97
2025-04-23,,,29.02,14.02
2025-04-22,,,28.93,14.03
2025-04-21,,,28.96,14.01
2025-04-18,,,28.22,13.98
2025-04-17,,,28.28,13.99
2025-04-16,,,28.28,13.98
2025-04-15,,,28.61,13.92
2025-04-14,,,28.75,13.9
2025-04-11,,,28.41,13.86
2025-04-10,,,28.02,13.83
2025-04-09,,,27.46,13.64
2025-04-08,,,26.49,13.53
2025-04-07,,,26.34,13.29
2025-04-03,,,29.48,14.29
2025-04-02,,,29.79,14.36
2025-04-01,,,29.73,14.38
2025-03-31,7,8.4,29.53,14.42
2025-03-28,,,29.85,14.56
2025-03-27,,,30.18,14.68
2025-03-26,,,30.19,14.67
2025-03-25,,,30.14,14.74
2025-03-24,,,30.34,14.78
2025-03-21,,,30.54,14.76
2025-03-20,,,31.09,15
2025-03-19,,,31.28,15.28
2025-03-18,,,31.52,15.26
2025-03-17,,,31.44,15.16
2025-03-14,,,31.4,15.22
2025-03-13,,,30.92,14.84
2025-03-12,,,31.35,14.9
2025-03-11,,,31.37,14.95
2025-03-10,,,31.22,14.91
2025-03-07,,,31.18,14.96
2025-03-06,,,31.31,15.01
2025-03-05,,,30.7,14.8
2025-03-04,,,30.5,14.72
2025-03-03,,,30.26,14.8
2025-02-28,7,8.2,30.19,14.81
2025-02-27,,,31.28,15.1
2025-02-26,,,31.45,15.06
2025-02-25,,,31.01,14.94
2025-02-24,,,31.28,15.11
2025-02-21,,,31.25,15.14
2025-02-20,,,30.66,14.94
2025-02-19,,,30.45,14.99
2025-02-18,,,29.77,14.89
2025-02-17,,,30.36,15.01
2025-02-14,,,30.18,14.98
2025-02-13,,,29.93,14.86
2025-02-12,,,30.24,14.9
2025-02-11,,,29.78,14.76
2025-02-10,,,29.89,14.84
2025-02-07,,,29.52,14.81
2025-02-06,,,29.03,14.62
2025-02-05,,,28.29,14.44
2025-01-31,7,8,,
2025-01-27,,,28.06,14.52
2025-01-24,,,28.4,14.58
2025-01-23,,,27.96,14.49
2025-01-22,,,28.08,14.46
2025-01-21,,,28.35,14.61
2025-01-20,,,28.21,14.59
2025-01-17,,,28.07,14.5
2025-01-16,,,27.89,14.47
2025-01-15,,,27.8,14.47
2025-01-14,,,27.96,14.56
2025-01-13,,,26.83,14.19
2025-01-10,,,26.72,14.24
2025-01-09,,,27.29,14.4
2025-01-08,,,27.24,14.43
2025-01-07,,,27.35,14.45
2025-01-06,,,27.01,14.34
2025-01-03,,,27.03,14.37
2025-01-02,,,27.77,14.54
2024-12-31,7.3,8,29.57,14.78
2024-12-30,,,30.47,15.01
2024-12-27,,,30.52,14.92
2024-12-26,,,30.45,14.95
2024-12-25,,,30.14,14.95
2024-12-24,,,30.46,14.94
2024-12-23,,,30.11,14.75
2024-12-20,,,30.82,14.71
2024-12-19,,,30.58,14.78
2024-12-18,,,30.49,14.77
2024-12-17,,,30.25,14.69
2024-12-16,,,30.8,14.64
2024-12-13,,,31.17,14.72
2024-12-12,,,31.8,15.09
2024-12-11,,,31.58,14.94
2024-12-10,,,31.25,14.97
2024-12-09,,,31.02,14.85
2024-12-06,,,31.25,14.87
2024-12-05,,,30.85,14.68
2024-12-04,,,30.54,14.72
2024-12-03,,,30.96,14.79
2024-12-02,,,31,14.76
2024-11-30,7.1,7.8,,
2024-11-29,,,30.45,14.64
2024-11-28,,,29.97,14.47
2024-11-27,,,30.15,14.61
2024-11-26,,,29.49,14.36
2024-11-25,,,29.79,14.38
2024-11-22,,,29.73,14.46
2024-11-21,,,30.88,14.91
2024-11-20,,,30.89,14.9
2024-11-19,,,30.41,14.87
2024-11-18,,,29.71,14.78
2024-11-15,,,30.28,14.83
2024-11-14,,,31.07,15.1
2024-11-13,,,32.08,15.35
2024-11-12,,,32.13,15.24
2024-11-11,,,32.5,15.41
2024-11-08,,,31.73,15.36
2024-11-07,,,31.67,15.53
2024-11-06,,,31.11,15.05
2024-11-05,,,31,15.14
2024-11-04,,,29.97,14.77
2024-11-01,,,29.38,14.54
2024-10-31,7.5,7.8,29.92,15.14
2024-10-30,,,29.55,15.14
2024-10-29,,,29.44,15.28
2024-10-28,,,29.87,15.41
2024-10-25,,,29.43,15.39
2024-10-24,,,28.93,15.31
2024-10-23,,,29.13,15.48
2024-10-22,,,29.09,15.41
2024-10-21,,,28.9,15.32
2024-10-18,,,28.45,15.3
2024-10-17,,,27.28,14.76
2024-10-16,,,27.4,14.93
2024-10-15,,,27.36,15.02
2024-10-14,,,27.92,15.45
2024-10-11,,,27.08,15.16
2024-10-10,,,28.27,15.57
2024-10-09,,,28.61,15.36
2024-10-08,,,30.82,16.53
2024-09-30,6.8,8,28.43,15.61
2024-09-27,,,25.63,14.4
2024-09-26,,,24.28,13.79
2024-09-25,,,23.29,13.22
2024-09-24,,,23.08,13.03
2024-09-23,,,22.19,12.46
2024-09-20,,,22.2,12.41
2024-09-19,,,22.32,12.38
2024-09-18,,,21.96,12.29
2024-09-13,,,21.98,12.24
2024-09-12,,,22.24,12.28
2024-09-11,,,22.36,12.33
2024-09-10,,,22.34,12.36
2024-09-09,,,22.31,12.35
2024-09-06,,,22.48,12.51
2024-09-05,,,22.86,12.6
2024-09-04,,,22.7,12.58
2024-09-03,,,22.77,12.66
2024-09-02,,,22.56,12.64
2024-08-31,6.3,8.1,,
2024-08-30,,,22.46,12.89
2024-08-29,,,22.07,12.71
2024-08-28,,,21.71,12.76
2024-08-27,,,21.69,12.84
2024-08-26,,,21.95,12.91
2024-08-23,,,21.85,12.93
2024-08-22,,,21.85,12.86
2024-08-21,,,22.11,12.89
2024-08-20,,,22.24,12.92
2024-08-19,,,22.64,13
2024-08-16,,,22.65,12.95
2024-08-15,,,22.83,12.92
2024-08-14,,,22.67,12.79
2024-08-13,,,22.93,12.88
2024-08-12,,,22.83,12.85
2024-08-09,,,22.93,12.86
2024-08-08,,,23.13,12.89
2024-08-07,,,23.13,12.88
2024-08-06,,,23.16,12.88
2024-08-05,,,22.86,12.91
2024-08-02,,,23.42,13.05
2024-08-01,,,23.69,13.18
2024-07-31,6.3,8.2,23.76,13.28
2024-07-30,,,22.83,13
2024-07-29,,,22.78,13.1
2024-07-26,,,22.9,13.16
2024-07-25,,,22.59,13.11
2024-07-24,,,22.58,13.2
2024-07-23,,,22.9,13.29
2024-07-22,,,23.55,13.57
2024-07-19,,,23.55,13.67
2024-07-18,,,23.51,13.61
2024-07-17,,,23.4,13.53
2024-07-16,,,23.56,13.51
2024-07-15,,,23.49,13.43
2024-07-12,,,23.72,13.41
2024-07-11,,,23.77,13.39
2024-07-10,,,23.21,13.25
2024-07-09,,,23.3,13.29
2024-07-08,,,22.83,13.15
2024-07-05,,,23.37,13.25
2024-07-04,,,23.18,13.33
2024-07-03,,,23.63,13.38
2024-07-02,,,23.81,13.4
2024-07-01,,,24.01,13.41
2024-06-30,6.2,8.1,,
2024-06-28,,,23.11,13.48
2024-06-27,,,22.99,13.47
2024-06-26,,,23.53,13.57
2024-06-25,,,22.96,13.49
2024-06-24,,,23.16,13.56
2024-06-21,,,23.82,13.61
2024-06-20,,,23.8,13.65
2024-06-19,,,25.61,13.89
2024-06-18,,,25.94,13.96
2024-06-17,,,25.77,13.92
2024-06-14,,,25.78,13.94
2024-06-13,,,25.77,13.87
2024-06-12,,,25.93,13.95
2024-06-11,,,25.85,13.95
2024-06-07,,,25.68,14.08
2024-06-06,,,25.64,14.17
2024-06-05,,,26.06,14.17
2024-06-04,,,26.36,14.25
2024-06-03,,,26.11,14.14
2024-05-31,7,8.4,26.37,14.1
2024-05-30,,,26.31,14.15
2024-05-29,,,26.37,14.23
2024-05-28,,,26.34,14.22
2024-05-27,,,26.6,14.33
2024-05-24,,,26.33,14.2
2024-05-23,,,26.58,14.36
2024-05-22,,,27.17,14.52
2024-05-21,,,27.16,14.49
2024-05-20,,,27.42,14.54
2024-05-17,,,27.25,14.51
2024-05-16,,,26.91,14.35
2024-05-15,,,26.94,14.28
2024-05-14,,,27.23,14.41
2024-05-13,,,27.16,14.45
2024-05-10,,,27.39,14.46
2024-05-09,,,27.6,14.46
2024-05-08,,,27.12,14.33
2024-05-07,,,27.53,14.45
2024-05-06,,,27.51,14.45
2024-04-30,7.2,8.3,23.29,13.56
2024-04-29,,,23.38,13.59
2024-04-26,,,22.8,13.42
2024-04-25,,,22.23,13.15
2024-04-24,,,22.19,13.12
2024-04-23,,,21.72,13.07
2024-04-22,,,21.99,13.11
2024-04-19,,,22.29,13.15
2024-04-18,,,22.46,13.25
2024-04-17,,,22.49,13.24
2024-04-16,,,21.64,13.05
2024-04-15,,,22.41,13.17
2024-04-12,,,22.39,12.89
2024-04-11,,,22.53,13.01
2024-04-10,,,22.46,13.01
2024-04-09,,,22.83,13.14
2024-04-08,,,22.66,13.13
2024-04-03,,,23.01,13.25
2024-04-02,,,23.1,13.31
2024-04-01,,,23.24,13.35
2024-03-31,8.3,8.7,,
2024-03-29,,,22.63,13.11
2024-03-28,,,22.47,12.85
2024-03-27,,,21.93,12.72
2024-03-26,,,22.62,12.85
2024-03-25,,,22.69,12.79
2024-03-22,,,23.18,12.88
2024-03-21,,,23.48,12.95
2024-03-20,,,23.53,12.96
2024-03-19,,,23.37,12.93
2024-03-18,,,23.53,13.03
2024-03-15,,,23.2,12.92
2024-03-14,,,22.93,12.89
2024-03-13,,,23.09,12.92
2024-03-12,,,22.97,13.02
2024-03-11,,,22.93,12.98
2024-03-08,,,22.56,12.8
2024-03-07,,,22.27,12.76
2024-03-06,,,22.58,12.82
2024-03-05,,,22.55,12.87
2024-03-04,,,22.75,12.77
2024-03-01,,,22.64,12.78
2024-02-29,8.7,9,22.42,12.7
2024-02-28,,,21.71,12.48
2024-02-27,,,22.49,12.62
2024-02-26,,,21.97,12.49
2024-02-23,,,21.92,12.62
2024-02-22,,,21.7,12.61
2024-02-21,,,21.41,12.52
2024-02-20,,,21.34,12.34
2024-02-19,,,21.26,12.31
2024-02-08,,,21.11,12.21
2024-02-07,,,20.65,12.13
2024-02-06,,,19.58,12.02
2024-02-05,,,18.25,11.63
2024-02-02,,,19.17,11.53
2024-02-01,,,19.8,11.66
2024-01-31,8.7,9.5,19.93,11.65
2024-01-30,,,20.64,11.74
2024-01-29,,,21.19,11.94
2024-01-26,,,21.71,12.04
2024-01-25,,,21.85,11.99
2024-01-24,,,21.16,11.76
2024-01-23,,,20.86,11.6
2024-01-22,,,20.52,11.56
2024-01-19,,,21.69,11.72
2024-01-18,,,21.93,11.73
2024-01-17,,,21.94,11.56
2024-01-16,,,22.51,11.82
2024-01-15,,,22.57,11.75
2024-01-12,,,22.63,11.76
2024-01-11,,,22.74,11.8
2024-01-10,,,22.37,11.73
2024-01-09,,,22.53,11.78
2024-01-08,,,22.49,11.76
2024-01-05,,,23,11.91
2024-01-04,,,23.39,11.95
2024-01-03,,,23.55,12.08
2024-01-02,,,23.62,12.11
2023-12-31,9.7,9.5,,
2023-12-29,,,24.73,12.29
2023-12-28,,,24.44,12.23
2023-12-27,,,24.03,11.93
2023-12-26,,,23.86,11.9
2023-12-25,,,24.18,11.97
2023-12-22,,,24.13,11.93
2023-12-21,,,24.4,11.89
2023-12-20,,,24.26,11.76
2023-12-19,,,24.66,11.89
2023-12-18,,,24.66,11.87
2023-12-15,,,25.01,11.92
2023-12-14,,,25.15,11.94
2023-12-13,,,25.26,12
2023-12-12,,,25.49,12.22
2023-12-11,,,25.43,12.19
2023-12-08,,,25.08,12.12
2023-12-07,,,25.13,12.09
2023-12-06,,,25.15,12.12
2023-12-05,,,25.03,12.1
2023-12-04,,,25.51,12.32
2023-12-01,,,25.55,12.4
2023-11-30,10,9.4,25.32,12.45
2023-11-29,,,25.46,12.43
2023-11-28,,,25.59,12.54
2023-11-27,,,25.49,12.52
2023-11-24,,,25.57,12.62
2023-11-23,,,25.87,12.7
2023-11-22,,,25.61,12.63
2023-11-21,,,25.91,12.76
2023-11-20,,,26.09,12.73
2023-11-17,,,25.86,12.7
2023-11-16,,,25.67,12.72
2023-11-15,,,25.91,12.83
2023-11-14,,,25.78,12.74
2023-11-13,,,25.66,12.73
2023-11-10,,,25.42,12.77
2023-11-09,,,25.54,12.86
2023-11-08,,,25.67,12.87
2023-11-07,,,25.56,12.91
2023-11-06,,,25.49,12.96
2023-11-03,,,24.98,12.78
2023-11-02,,,24.67,12.67
2023-11-01,,,24.91,12.73
2023-10-31,10.3,9.3,24.57,12.54
2023-10-30,,,24.7,12.61
2023-10-27,,,24.46,12.53
2023-10-26,,,24.08,12.37
2023-10-25,,,23.95,12.32
2023-10-24,,,23.72,12.26
2023-10-23,,,23.4,12.23
2023-10-20,,,23.99,12.34
2023-10-19,,,24.25,12.42
2023-10-18,,,24.56,12.71
2023-10-17,,,24.94,12.79
2023-10-16,,,24.99,12.74
2023-10-13,,,25.18,12.87
2023-10-12,,,25.29,13.01
2023-10-11,,,25.08,12.88
2023-10-10,,,25.03,12.85
2023-10-09,,,25.09,12.94
2023-09-30,10.3,9,,
2023-09-28,,,25.13,12.96
2023-09-27,,,24.97,13.01
2023-09-26,,,24.85,12.99
2023-09-25,,,24.96,13.07
2023-09-22,,,25.09,13.16
2023-09-21,,,24.65,12.91
2023-09-20,,,24.82,13.05
2023-09-19,,,24.99,13.1
2023-09-18,,,25.18,13.12
2023-09-15,,,25.16,13.05
2023-09-14,,,25.13,13.14
2023-09-13,,,25.22,13.15
2023-09-12,,,25.53,13.23
2023-09-11,,,25.51,13.24
2023-09-08,,,25.22,13.15
2023-09-07,,,25.18,13.22
2023-09-06,,,25.61,13.43
2023-09-05,,,25.53,13.48
2023-09-04,,,25.67,13.58
2023-09-01,,,25.22,13.37
2023-08-31,10.6,9,23.67,13.03
2023-08-30,,,23.85,13.11
2023-08-29,,,23.78,13.13
2023-08-28,,,23.13,13.02
2023-08-25,,,22.93,12.86
2023-08-24,,,23.3,12.91
2023-08-23,,,23.25,12.8
2023-08-22,,,23.71,13.02
2023-08-21,,,23.52,12.92
2023-08-18,,,23.74,13.11
2023-08-17,,,24.23,13.27
2023-08-16,,,24.01,13.23
2023-08-15,,,24.27,13.31
2023-08-14,,,24.46,13.34
2023-08-11,,,24.39,13.45
2023-08-10,,,24.87,13.77
2023-08-09,,,24.85,13.75
2023-08-08,,,25.05,13.79
2023-08-07,,,25.19,13.83
2023-08-04,,,25.31,13.93
2023-08-03,,,25.18,13.88
2023-08-02,,,25.13,13.75
2023-08-01,,,25.17,13.85
2023-07-31,10.7,8.9,25.17,13.91
2023-07-28,,,24.92,13.83
2023-07-27,,,24.61,13.5
2023-07-26,,,24.78,13.51
2023-07-25,,,24.93,13.54
2023-07-24,,,24.52,13.14
2023-07-21,,,24.52,13.2
2023-07-20,,,24.53,13.21
2023-07-19,,,24.83,13.3
2023-07-18,,,24.84,13.31
2023-07-17,,,24.82,13.36
2023-07-14,,,24.94,13.47
2023-07-13,,,24.94,13.47
2023-07-12,,,24.69,13.26
2023-07-11,,,25.03,13.34
2023-07-10,,,24.85,13.25
2023-07-07,,,24.83,13.18
2023-07-06,,,25,13.23
2023-07-05,,,25.08,13.32
2023-07-04,,,25.27,13.42
2023-07-03,,,25.25,13.44
2023-06-30,11.3,9,26.97,13.15
2023-06-29,,,26.65,13.08
2023-06-28,,,26.5,13.14
2023-06-27,,,26.61,13.14
2023-06-26,,,26.24,13.02
2023-06-21,,,26.81,13.23
2023-06-20,,,27.44,13.42
2023-06-19,,,27.45,13.43
2023-06-16,,,27.39,13.57
2023-06-15,,,27.18,13.46
2023-06-14,,,27.02,13.2
2023-06-13,,,26.89,13.2
2023-06-12,,,26.81,13.14
2023-06-09,,,26.66,13.1
2023-06-08,,,26.45,13.06
2023-06-07,,,26.61,12.95
2023-06-06,,,26.55,13.01
2023-06-05,,,27.14,13.11
2023-06-02,,,27.07,13.18
2023-06-01,,,26.87,12.96
2023-05-31,11.6,9.5,26.84,12.93
2023-05-30,,,26.87,13.09
2023-05-29,,,26.67,13.1
2023-05-26,,,26.71,13.16
2023-05-25,,,26.49,13.19
2023-05-24,,,26.59,13.23
2023-05-23,,,26.72,13.41
2023-05-22,,,27.03,13.59
2023-05-19,,,27.05,13.49
2023-05-18,,,27.04,13.54
2023-05-17,,,26.89,13.58
2023-05-16,,,26.76,13.65
2023-05-15,,,27.05,13.71
2023-05-12,,,26.85,13.49
2023-05-11,,,27.19,13.67
2023-05-10,,,27.27,13.68
2023-05-09,,,27.28,13.78
2023-05-08,,,27.59,13.88
2023-05-05,,,27.36,13.73
2023-05-04,,,27.67,13.76
2023-04-30,12.4,10,,
2023-04-28,,,26.47,14.06
2023-04-27,,,25.57,13.98
2023-04-26,,,25.59,13.85
2023-04-25,,,25.52,13.89
2023-04-24,,,25.71,14.03
2023-04-21,,,25.79,14.21
2023-04-20,,,26.55,14.45
2023-04-19,,,26.42,14.48
2023-04-18,,,26.66,14.61
2023-04-17,,,26.53,14.49
2023-04-14,,,26.2,14.28
2023-04-13,,,26.04,14.22
2023-04-12,,,26.2,14.28
2023-04-11,,,26,14.31
2023-04-10,,,26.07,14.34
2023-04-07,,,26.44,14.36
2023-04-06,,,26.25,14.28
2023-04-04,,,26.17,14.31
2023-04-03,,,26.17,14.24
2023-03-31,12.7,10,25.83,14.16
2023-03-30,,,25.43,14.14
2023-03-29,,,25.43,14.04
2023-03-28,,,25.53,14.05
2023-03-27,,,25.7,14.06
2023-03-24,,,25.6,14.11
2023-03-23,,,25.58,14.15
2023-03-22,,,25.49,14.05
2023-03-21,,,25.34,13.99
2023-03-20,,,25.04,13.8
2023-03-17,,,25,13.85
2023-03-16,,,24.81,13.81
2023-03-15,,,25.16,13.9
2023-03-14,,,25.03,13.89
2023-03-13,,,25.26,13.98
2023-03-10,,,25.1,13.85
2023-03-09,,,25.46,14.06
2023-03-08,,,25.49,14.12
2023-03-07,,,25.36,14.2
2023-03-06,,,25.87,14.41
2023-03-03,,,25.83,14.49
2023-03-02,,,25.82,14.44
2023-03-01,,,25.88,14.48
2023-02-28,12.9,9.9,25.67,14.29
2023-02-27,,,25.42,14.2
2023-02-24,,,25.61,14.26
2023-02-23,,,25.66,14.43
2023-02-22,,,25.78,14.43
2023-02-21,,,25.77,14.57
2023-02-20,,,25.63,14.53
2023-02-17,,,25.24,14.19
2023-02-16,,,25.45,14.39
2023-02-15,,,25.94,14.49
2023-02-14,,,25.94,14.57
2023-02-13,,,25.89,14.57
2023-02-10,,,25.57,14.44
2023-02-09,,,25.62,14.52
2023-02-08,,,25.19,14.33
2023-02-07,,,25.4,14.4
2023-02-06,,,25.26,14.38
2023-02-03,,,25.37,14.58
2023-02-02,,,25.44,14.74
2023-02-01,,,25.4,14.8
2023-01-31,12.6,9.4,25.01,14.66
2023-01-30,,,24.93,14.82
2023-01-20,,,24.73,14.74
2023-01-19,,,24.52,14.66
2023-01-18,,,24.3,14.58
2023-01-17,,,24.24,14.62
2023-01-16,,,24.21,14.63
2023-01-13,,,23.96,14.39
2023-01-12,,,23.82,14.19
2023-01-11,,,23.83,14.16
2023-01-10,,,23.99,14.18
2023-01-09,,,24.02,14.16
2023-01-06,,,23.9,14.04
2023-01-05,,,23.86,13.96
2023-01-04,,,23.65,13.68
2023-01-03,,,23.62,13.66
2022-12-31,11.8,9.6,,
2022-12-30,,,22.75,13.49
2022-12-29,,,22.66,13.44
2022-12-28,,,22.71,13.49
2022-12-27,,,22.87,13.55
2022-12-26,,,22.72,13.38
2022-12-23,,,22.39,13.35
2022-12-22,,,22.48,13.38
2022-12-21,,,22.79,13.34
2022-12-20,,,22.95,13.32
2022-12-19,,,23.14,13.57
2022-12-16,,,23.66,13.77
2022-12-15,,,23.82,13.75
2022-12-14,,,23.73,13.77
2022-12-13,,,23.83,13.72
2022-12-12,,,23.97,13.75
2022-12-09,,,24.07,13.92
2022-12-08,,,24,13.77
2022-12-07,,,24.12,13.76
2022-12-06,,,24.17,13.78
2022-12-05,,,24.22,13.69
2022-12-02,,,23.99,13.42
2022-12-01,,,23.95,13.51
2022-11-30,12.4,10,23.77,13.35
2022-11-29,,,23.79,13.34
2022-11-28,,,23.35,12.92
2022-11-25,,,23.43,13.07
2022-11-24,,,23.59,13
2022-11-23,,,23.52,13.06
2022-11-22,,,23.6,13.05
2022-11-21,,,23.89,13.04
2022-11-18,,,23.82,13.16
2022-11-17,,,23.96,13.22
2022-11-16,,,23.86,13.29
2022-11-15,,,24,13.4
2022-11-14,,,23.51,13.15
2022-11-11,,,23.57,13.13
2022-11-10,,,23.41,12.75
2022-11-09,,,23.58,12.84
2022-11-08,,,23.57,12.97
2022-11-07,,,23.6,13.06
2022-11-04,,,23.57,13.01
2022-11-03,,,23.06,12.56
2022-11-02,,,22.98,12.68
2022-11-01,,,22.73,12.53
2022-10-31,11.8,10.3,21.1,12.15
2022-10-28,,,20.97,12.27
2022-10-27,,,21.75,12.58
2022-10-26,,,21.76,12.69
2022-10-25,,,21.33,12.59
2022-10-24,,,21.43,12.61
2022-10-21,,,21.65,13.01
2022-10-20,,,21.65,13.07
2022-10-19,,,21.74,13.16
2022-10-18,,,21.93,13.39
2022-10-17,,,21.83,13.42
2022-10-14,,,21.63,13.42
2022-10-13,,,21.13,13.1
2022-10-12,,,20.96,13.23
2022-10-11,,,20.4,13.05
2022-10-10,,,20.25,13.02
2022-09-30,12.1,10.6,20.58,13.31
2022-09-29,,,20.85,13.39
2022-09-28,,,20.87,13.4
2022-09-27,,,21.48,13.62
2022-09-26,,,21.03,13.42
2022-09-23,,,21.39,13.48
2022-09-22,,,21.75,13.51
2022-09-21,,,21.79,13.64
2022-09-20,,,21.72,13.76
2022-09-19,,,21.47,13.75
2022-09-16,,,21.72,13.75
2022-09-15,,,22.25,14.09
2022-09-14,,,22.83,14.21
2022-09-13,,,23.07,14.37
2022-09-09,,,23.11,14.3
2022-09-08,,,23.03,14.09
2022-09-07,,,23.22,14.15
2022-09-06,,,23.12,14.18
2022-09-05,,,22.72,14.05
2022-09-02,,,22.7,14.08
2022-09-01,,,22.5,14.16
2022-08-31,12.2,10.5,21.35,14.67
2022-08-30,,,21.94,14.63
2022-08-29,,,22.03,14.69
2022-08-26,,,21.94,14.76
2022-08-25,,,22.05,14.83
2022-08-24,,,22.01,14.7
2022-08-23,,,22.77,14.97
2022-08-22,,,22.72,15.05
2022-08-19,,,22.53,14.94
2022-08-18,,,22.84,15.01
2022-08-17,,,22.84,15.27
2022-08-16,,,22.77,15.11
2022-08-15,,,22.66,15.15
2022-08-12,,,22.54,15.15
2022-08-11,,,22.65,15.16
2022-08-10,,,22.32,14.85
2022-08-09,,,22.3,15.07
2022-08-08,,,22.26,14.98
2022-08-05,,,22.03,15.02
2022-08-04,,,21.7,14.84
2022-08-03,,,21.54,14.59
2022-08-02,,,21.68,14.76
2022-08-01,,,22.42,15.19
2022-07-31,12,10.7,,
2022-07-29,,,22.25,15.12
2022-07-28,,,22.38,15.31
2022-07-27,,,22.24,15.34
2022-07-26,,,22.08,15.42
2022-07-25,,,21.82,15.3
2022-07-22,,,22.08,15.38
2022-07-21,,,22.22,15.36
2022-07-20,,,22.37,15.55
2022-07-19,,,22.1,15.5
2022-07-18,,,21.87,15.59
2022-07-15,,,21.45,15.51
2022-07-14,,,21.77,15.77
2022-07-13,,,21.61,15.8
2022-07-12,,,21.47,15.77
2022-07-11,,,21.8,15.92
2022-07-08,,,22.06,16.2
2022-07-07,,,22.17,16.24
2022-07-06,,,21.95,16.17
2022-07-05,,,22.28,16.42
2022-07-04,,,22.41,16.44
2022-07-01,,,22.2,16.36
2022-06-30,11.4,10.8,21.7,16.53
2022-06-29,,,21.49,16.28
2022-06-28,,,21.99,16.55
2022-06-27,,,21.71,16.37
2022-06-24,,,21.48,16.17
2022-06-23,,,21.25,15.97
2022-06-22,,,20.83,15.68
2022-06-21,,,21.13,15.89
2022-06-20,,,21.34,15.9
2022-06-17,,,21.15,15.81
2022-06-16,,,21,15.59
2022-06-15,,,20.93,15.69
2022-06-14,,,20.98,15.47
2022-06-13,,,20.92,15.34
2022-06-10,,,20.84,15.54
2022-06-09,,,20.42,15.3
2022-06-08,,,20.75,15.44
2022-06-07,,,20.72,15.31
2022-06-06,,,20.74,15.16
2022-06-02,,,20.35,14.96
2022-06-01,,,20.22,14.92
2022-05-31,11.1,10.5,20.14,14.96
2022-05-30,,,19.9,14.75
2022-05-27,,,19.7,14.59
2022-05-26,,,19.79,14.54
2022-05-25,,,19.59,14.5
2022-05-24,,,19.22,14.44
2022-05-23,,,20.01,14.79
2022-05-20,,,19.75,14.89
2022-05-19,,,19.47,14.59
2022-05-18,,,19.32,14.57
2022-05-17,,,19.35,14.62
2022-05-16,,,19.29,14.4
2022-05-13,,,19.26,14.52
2022-05-12,,,19.11,14.41
2022-05-11,,,19.02,14.5
2022-05-10,,,18.92,14.25
2022-05-09,,,18.63,14.09
2022-05-06,,,18.41,14.22
2022-05-05,,,18.71,14.6
2022-04-30,10.5,10.2,,
2022-04-29,,,17.84,14.86
2022-04-28,,,17.16,14.5
2022-04-27,,,17.14,14.4
2022-04-26,,,16.46,13.97
2022-04-25,,,16.78,14.09
2022-04-22,,,18.12,14.75
2022-04-21,,,18.36,14.71
2022-04-20,,,19.08,15
2022-04-19,,,19.36,15.25
2022-04-18,,,19.24,15.36
2022-04-15,,,18.96,15.45
2022-04-14,,,19.25,15.46
2022-04-13,,,19.01,15.26
2022-04-12,,,19.25,15.41
2022-04-11,,,18.93,15.12
2022-04-08,,,19.59,15.64
2022-04-07,,,19.66,15.48
2022-04-06,,,20.09,15.67
2022-04-01,,,20.02,15.74
2022-03-31,9.7,10.5,19.94,15.54
2022-03-30,,,19.99,15.66
2022-03-29,,,19.72,15.22
2022-03-28,,,19.77,15.31
2022-03-25,,,19.76,15.42
2022-03-24,,,20,15.75
2022-03-23,,,20.2,15.79
2022-03-22,,,20.01,15.72
2022-03-21,,,20.08,15.72
2022-03-18,,,19.94,15.8
2022-03-17,,,19.73,15.52
2022-03-16,,,19.34,15.21
2022-03-15,,,18.73,14.55
2022-03-14,,,19.82,15.2
2022-03-11,,,20.39,15.7
2022-03-10,,,20.25,15.66
2022-03-09,,,19.84,15.41
2022-03-08,,,20.16,15.53
2022-03-07,,,20.83,15.82
2022-03-04,,,21.29,16.37
2022-03-03,,,21.56,16.59
2022-03-02,,,21.64,16.71
2022-03-01,,,21.62,16.91
2022-02-28,9.2,10.2,21.57,16.77
2022-02-25,,,21.46,16.74
2022-02-24,,,21.28,16.57
2022-02-23,,,21.79,16.92
2022-02-22,,,21.42,16.72
2022-02-21,,,21.7,16.93
2022-02-18,,,21.49,17
2022-02-17,,,21.3,16.93
2022-02-16,,,21.28,16.86
2022-02-15,,,21.13,16.75
2022-02-14,,,20.96,16.52
2022-02-11,,,21.11,16.69
2022-02-10,,,21.5,16.83
2022-02-09,,,21.56,16.89
2022-02-08,,,21.18,16.73
2022-02-07,,,20.98,16.89
2022-01-31,9.8,10.5,,
2022-01-28,,,20.68,16.6
2022-01-27,,,20.67,16.8
2022-01-26,,,21.27,17.16
2022-01-25,,,21.15,17.03
2022-01-24,,,22.02,17.4
2022-01-21,,,21.98,17.35
2022-01-20,,,22.32,17.5
2022-01-19,,,22.73,17.33
2022-01-18,,,22.92,17.33
2022-01-17,,,23,17.17
2022-01-14,,,22.64,17.01
2022-01-13,,,22.62,17.15
2022-01-12,,,22.97,17.44
2022-01-11,,,22.71,17.24
2022-01-10,,,22.87,17.4
2022-01-07,,,22.74,17.34
2022-01-06,,,23.04,17.33
2022-01-05,,,22.88,17.52
2022-01-04,,,23.34,17.71
2021-12-31,9,10.3,26.03,17.02
2021-12-30,,,25.79,16.97
2021-12-29,,,25.55,16.82
2021-12-28,,,25.61,17.1
2021-12-27,,,25.4,16.97
2021-12-24,,,25.45,16.98
2021-12-23,,,25.89,17.07
2021-12-22,,,25.83,16.95
2021-12-21,,,25.59,16.95
2021-12-20,,,25.25,16.83
2021-12-17,,,25.71,17.08
2021-12-16,,,26.03,17.35
2021-12-15,,,25.79,17.25
2021-12-14,,,25.79,17.39
2021-12-13,,,25.83,17.5
2021-12-10,,,25.66,17.41
2021-12-09,,,25.6,17.48
2021-12-08,,,25.58,17.21
2021-12-07,,,25.17,16.95
2021-12-06,,,25.49,16.89
2021-12-03,,,25.78,16.96
2021-12-02,,,25.54,16.81
2021-12-01,,,25.78,16.75
2021-11-30,8.5,10.1,25.68,16.73
2021-11-29,,,25.56,16.8
2021-11-26,,,25.41,16.78
2021-11-25,,,25.39,16.89
2021-11-24,,,25.46,16.96
2021-11-23,,,25.49,16.96
2021-11-22,,,25.48,16.98
2021-11-19,,,25.05,16.85
2021-11-18,,,24.77,16.67
2021-11-17,,,24.73,16.83
2021-11-16,,,24.3,16.79
2021-11-15,,,24.56,16.77
2021-11-12,,,24.69,16.82
2021-11-11,,,24.41,16.89
2021-11-10,,,24.22,16.62
2021-11-09,,,24.24,16.73
2021-11-08,,,23.91,16.74
2021-11-05,,,23.78,16.7
2021-11-04,,,24.09,16.8
2021-11-03,,,23.8,16.62
2021-11-02,,,23.74,16.75
2021-11-01,,,23.62,16.75
2021-10-31,8.7,10,,
2021-10-29,,,24.11,17.18
2021-10-28,,,23.7,17
2021-10-27,,,24.24,17.15
2021-10-26,,,24.45,17.36
2021-10-25,,,24.51,17.48
2021-10-22,,,24.2,17.41
2021-10-21,,,24.42,17.31
2021-10-20,,,24.39,17.17
2021-10-19,,,24.28,17.22
2021-10-18,,,24.05,17.07
2021-10-15,,,23.73,17.25
2021-10-14,,,23.76,17.12
2021-10-13,,,23.64,17.2
2021-10-12,,,23.52,16.96
2021-10-11,,,24.12,17.12
2021-10-08,,,24.22,17.13
2021-09-30,8.3,10,24.15,16.9
2021-09-29,,,23.53,16.75
2021-09-28,,,24.44,16.89
2021-09-27,,,24.43,16.89
2021-09-24,,,25.3,16.72
2021-09-23,,,25.76,16.7
2021-09-22,,,25.63,16.62
2021-09-17,,,25.39,16.76
2021-09-16,,,25.51,16.57
2021-09-15,,,26.2,16.78
2021-09-14,,,25.99,16.98
2021-09-13,,,26.22,17.18
2021-09-10,,,26.11,17.27
2021-09-09,,,26.02,17.11
2021-09-08,,,25.9,17.12
2021-09-07,,,25.66,17.24
2021-09-06,,,25.09,17.07
2021-09-03,,,24.9,16.74
2021-09-02,,,25.07,16.83
2021-09-01,,,24.51,16.87
2021-08-31,8.2,10.3,27.09,17.49
2021-08-30,,,26.95,17.56
2021-08-27,,,26.72,17.6
2021-08-26,,,26.52,17.5
2021-08-25,,,26.73,17.87
2021-08-24,,,26.52,17.82
2021-08-23,,,26.32,17.6
2021-08-20,,,25.73,17.34
2021-08-19,,,25.69,17.7
2021-08-18,,,25.59,17.81
2021-08-17,,,25.42,17.6
2021-08-16,,,26.05,17.98
2021-08-13,,,26.28,18.01
2021-08-12,,,26.27,18.12
2021-08-11,,,26.08,18.3
2021-08-10,,,25.87,18.37
2021-08-09,,,25.74,18.17
2021-08-06,,,25.6,17.98
2021-08-05,,,25.42,18.11
2021-08-04,,,25.53,18.19
2021-08-03,,,25.01,18.01
2021-08-02,,,25.43,17.98
2021-07-31,8.3,10.7,,
2021-07-30,,,24.99,17.55
2021-07-29,,,24.79,17.75
2021-07-28,,,24.05,17.4
2021-07-27,,,24.57,17.28
2021-07-26,,,25.28,17.97
2021-07-23,,,25.63,18.59
2021-07-22,,,25.77,18.85
2021-07-21,,,25.5,18.84
2021-07-20,,,25.05,18.66
2021-07-19,,,24.95,18.68
2021-07-16,,,25.06,18.57
2021-07-15,,,25.03,18.87
2021-07-14,,,24.97,18.56
2021-07-13,,,25.3,18.81
2021-07-12,,,25.08,18.79
2021-07-09,,,24.65,18.5
2021-07-08,,,24.38,18.61
2021-07-07,,,24.43,18.81
2021-07-06,,,24.15,18.55
2021-07-05,,,24.13,18.54
2021-07-02,,,23.82,18.58
2021-07-01,,,23.92,19.16
2021-06-30,8.6,11,25.63,18.56
2021-06-29,,,25.42,18.41
2021-06-28,,,25.64,18.62
2021-06-25,,,25.47,18.55
2021-06-24,,,25.33,18.25
2021-06-23,,,25.54,18.12
2021-06-22,,,25.37,18.1
2021-06-21,,,25.28,17.98
2021-06-18,,,24.93,18.03
2021-06-17,,,24.69,18.02
2021-06-16,,,24.4,17.95
2021-06-15,,,24.91,18.27
2021-06-11,,,25.07,18.47
2021-06-10,,,25.23,18.55
2021-06-09,,,24.99,18.43
2021-06-08,,,24.94,18.35
2021-06-07,,,25.04,18.54
2021-06-04,,,24.81,18.6
2021-06-03,,,24.73,18.48
2021-06-02,,,24.73,18.61
2021-06-01,,,25.01,18.79
2021-05-31,8.3,11,24.87,18.76
2021-05-28,,,24.53,18.69
2021-05-27,,,24.55,18.73
2021-05-26,,,24.37,18.68
2021-05-25,,,24.25,18.71
2021-05-24,,,23.97,18.11
2021-05-21,,,23.82,18.01
2021-05-20,,,23.81,18.22
2021-05-19,,,23.95,18.14
2021-05-18,,,23.96,18.16
2021-05-17,,,23.85,18.15
2021-05-14,,,23.88,17.89
2021-05-13,,,23.57,17.47
2021-05-12,,,23.8,17.66
2021-05-11,,,23.52,17.56
2021-05-10,,,23.5,17.4
2021-05-07,,,23.41,17.41
2021-05-06,,,23.59,17.69
2021-04-30,8.1,11.7,27.16,19.13
2021-04-29,,,27.29,19.26
2021-04-28,,,27.18,19.21
2021-04-27,,,27.07,19.09
2021-04-26,,,27.09,19.05
2021-04-23,,,27.38,19.34
2021-04-22,,,27.53,19.15
2021-04-21,,,27.52,19.04
2021-04-20,,,27.7,19
2021-04-19,,,27.46,19.03
2021-04-16,,,27.18,18.56
2021-04-15,,,26.92,18.53
2021-04-14,,,27.02,18.67
2021-04-13,,,26.71,18.5
2021-04-12,,,26.81,18.54
2021-04-09,,,27.38,18.85
2021-04-08,,,27.51,19.16
2021-04-07,,,27.61,19.11
2021-04-06,,,27.58,19.27
2021-04-02,,,27.39,19.36
2021-04-01,,,27.29,19.15
2021-03-31,9.4,12.3,27.08,18.91
2021-03-30,,,27.31,19.17
2021-03-29,,,27.62,18.99
2021-03-26,,,27.59,19.13
2021-03-25,,,27.19,18.69
2021-03-24,,,27.26,18.68
2021-03-23,,,27.68,18.98
2021-03-22,,,28.09,19.15
2021-03-19,,,27.59,19.05
2021-03-18,,,27.81,19.61
2021-03-17,,,27.73,19.43
2021-03-16,,,27.59,19.35
2021-03-15,,,27.37,19.19
2021-03-12,,,27.43,19.68
2021-03-11,,,27.45,19.61
2021-03-10,,,26.14,18.59
2021-03-09,,,26.44,18.41
2021-03-08,,,27.2,18.82
2021-03-05,,,27.65,19.51
2021-03-04,,,27.63,19.59
2021-03-03,,,27.99,20.25
2021-03-02,,,27.49,19.86
2021-03-01,,,27.71,20.1
2021-02-28,10.1,13.3,,
2021-02-26,,,27.03,19.79
2021-02-25,,,27.44,20.3
2021-02-24,,,27.66,20.17
2021-02-23,,,27.82,20.73
2021-02-22,,,27.96,20.79
2021-02-19,,,27.78,21.54
2021-02-18,,,27.1,21.54
2021-02-10,,,26.5,21.76
2021-02-09,,,26.26,21.27
2021-02-08,,,25.62,20.84
2021-02-05,,,25.41,20.5
2021-02-04,,,25.89,20.41
2021-02-03,,,26.42,20.66
2021-02-02,,,26.8,20.7
2021-02-01,,,26.58,20.39
2021-01-31,9.4,13,,
2021-01-29,,,26.44,20.14
2021-01-28,,,26.79,20.25
2021-01-27,,,27.29,20.84
2021-01-26,,,27.21,20.75
2021-01-25,,,27.78,21.18
2021-01-22,,,28,20.96
2021-01-21,,,28.13,20.86
2021-01-20,,,27.8,20.52
2021-01-19,,,27.65,20.35
2021-01-18,,,27.78,20.84
2021-01-15,,,27.35,20.64
2021-01-14,,,27.31,20.64
2021-01-13,,,27.41,21.08
2021-01-12,,,27.6,21.18
2021-01-11,,,27.26,20.57
2021-01-08,,,27.78,20.76
2021-01-07,,,27.76,20.87
2021-01-06,,,28.07,20.47
2021-01-05,,,28.34,20.24
2021-01-04,,,28.3,19.86
2020-12-31,10.1,13.3,28.35,19.35
2020-12-30,,,27.78,18.98
2020-12-29,,,27.59,18.67
2020-12-28,,,27.77,18.76
2020-12-25,,,27.88,18.65
2020-12-24,,,27.59,18.51
2020-12-23,,,28.04,18.53
2020-12-22,,,27.8,18.35
2020-12-21,,,28.36,18.63
2020-12-18,,,27.86,18.44
2020-12-17,,,27.91,18.48
2020-12-16,,,27.6,18.27
2020-12-15,,,27.83,18.2
2020-12-14,,,27.78,18.15
2020-12-11,,,27.47,17.98
2020-12-10,,,27.92,18.16
2020-12-09,,,27.9,18.17
2020-12-08,,,28.45,18.4
2020-12-07,,,28.41,18.43
2020-12-04,,,28.53,18.57
2020-12-03,,,28.43,18.53
2020-12-02,,,28.56,18.56
2020-12-01,,,28.46,18.56
2020-11-30,10.7,13.6,28.03,18.15
2020-11-27,,,28.12,18.22
2020-11-26,,,28.09,18.04
2020-11-25,,,28.28,18
2020-11-24,,,28.73,18.24
2020-11-23,,,28.71,18.37
2020-11-20,,,28.45,18.14
2020-11-19,,,28.08,18.09
2020-11-18,,,27.99,17.92
2020-11-17,,,27.93,17.95
2020-11-16,,,28.22,17.99
2020-11-13,,,27.86,17.83
2020-11-12,,,27.89,18.04
2020-11-11,,,27.84,18.02
2020-11-10,,,28.24,18.21
2020-11-09,,,28.52,18.31
2020-11-06,,,27.85,17.97
2020-11-05,,,28.03,17.99
2020-11-04,,,27.48,17.73
2020-11-03,,,27.55,17.58
2020-11-02,,,27.05,17.37
2020-10-31,10.5,13.7,,
2020-10-30,,,28.63,17.76
2020-10-29,,,29.31,18.04
2020-10-28,,,29.34,17.88
2020-10-27,,,29.29,17.72
2020-10-26,,,29.21,17.69
2020-10-23,,,29.23,17.76
2020-10-22,,,29.7,18
2020-10-21,,,29.85,18.06
2020-10-20,,,30.3,18.07
2020-10-19,,,30.03,17.92
2020-10-16,,,30.25,18.04
2020-10-15,,,30.36,18.09
2020-10-14,,,30.62,18.11
2020-10-13,,,30.88,18.23
2020-10-12,,,30.85,18.15
2020-10-09,,,29.92,17.6
2020-09-30,10.9,13.5,29.03,17.22
2020-09-29,,,29.08,17.22
2020-09-28,,,28.81,17.16
2020-09-25,,,29.05,17.08
2020-09-24,,,29.19,17.05
2020-09-23,,,29.99,17.38
2020-09-22,,,29.91,17.3
2020-09-21,,,30.42,17.5
2020-09-18,,,30.44,17.69
2020-09-17,,,29.94,17.31
2020-09-16,,,29.87,17.4
2020-09-15,,,30.1,17.54
2020-09-14,,,29.96,17.4
2020-09-11,,,29.61,17.29
2020-09-10,,,29.23,17.11
2020-09-09,,,30.11,17.07
2020-09-08,,,30.96,17.48
2020-09-07,,,30.78,17.39
2020-09-04,,,31.35,17.78
2020-09-03,,,31.44,17.96
2020-09-02,,,31.75,18.05
2020-09-01,,,31.72,18.04
2020-08-31,10.4,13.3,32.89,17.63
2020-08-28,,,32.87,17.75
2020-08-27,,,32.41,17.33
2020-08-26,,,32.09,17.23
2020-08-25,,,32.89,17.44
2020-08-24,,,33.15,17.39
2020-08-21,,,32.84,17.22
2020-08-20,,,32.68,17.05
2020-08-19,,,33.12,17.25
2020-08-18,,,33.79,17.58
2020-08-17,,,33.51,17.59
2020-08-14,,,32.81,17.21
2020-08-13,,,32.49,16.94
2020-08-12,,,32.38,16.96
2020-08-11,,,32.88,17.09
2020-08-10,,,33.57,17.23
2020-08-07,,,33.46,17.18
2020-08-06,,,33.85,17.38
2020-08-05,,,33.93,17.46
2020-08-04,,,33.48,17.48
2020-08-03,,,33.73,17.46
2020-07-31,10.7,12.9,32.69,17.2
2020-07-30,,,32.27,17.01
2020-07-29,,,32.37,17.09
2020-07-28,,,31.51,16.67
2020-07-27,,,31.14,16.51
2020-07-24,,,31.17,16.44
2020-07-23,,,32.74,17.19
2020-07-22,,,32.82,17.19
2020-07-21,,,32.58,17.1
2020-07-20,,,32.42,17.05
2020-07-17,,,31.27,16.59
2020-07-16,,,31.12,16.46
2020-07-15,,,32.78,17.3
2020-07-14,,,33.74,17.49
2020-07-13,,,34.13,17.67
2020-07-10,,,32.96,17.3
2020-07-09,,,33.15,17.64
2020-07-08,,,32.26,17.41
2020-07-07,,,31.51,17.15
2020-07-06,,,31.09,17.01
2020-07-03,,,29.78,16.09
2020-07-02,,,29.43,15.79
2020-07-01,,,28.98,15.5
2020-06-30,11.1,12.8,31.06,14.8
2020-06-29,,,30.5,14.6
2020-06-24,,,30.58,14.68
2020-06-23,,,30.67,14.6
2020-06-22,,,30.62,14.53
2020-06-19,,,30.48,14.52
2020-06-18,,,30.32,14.32
2020-06-17,,,30.39,14.22
2020-06-16,,,30.2,14.2
2020-06-15,,,29.64,14
2020-06-12,,,29.6,14.17
2020-06-11,,,29.55,14.16
2020-06-10,,,29.66,14.3
2020-06-09,,,29.65,14.32
2020-06-08,,,29.48,14.24
2020-06-05,,,29.52,14.13
2020-06-04,,,29.48,14.08
2020-06-03,,,29.46,14.08
2020-06-02,,,29.48,14.07
2020-06-01,,,29.38,14.03
2020-05-31,11.1,12.5,,
2020-05-29,,,28.48,13.66
2020-05-28,,,28.23,13.63
2020-05-27,,,28.25,13.6
2020-05-26,,,28.47,13.69
2020-05-25,,,27.84,13.48
2020-05-22,,,27.9,13.49
2020-05-21,,,28.4,13.81
2020-05-20,,,28.77,13.88
2020-05-19,,,29.06,13.92
2020-05-18,,,28.73,13.82
2020-05-15,,,28.88,13.76
2020-05-14,,,28.81,13.8
2020-05-13,,,29.05,13.95
2020-05-12,,,28.87,13.92
2020-05-11,,,28.79,13.91
2020-05-08,,,28.81,13.94
2020-05-07,,,28.47,13.81
2020-05-06,,,28.52,13.86
2020-04-30,11.1,12,25.22,13.32
2020-04-29,,,24.27,13.14
2020-04-28,,,24.15,13.07
2020-04-27,,,24.58,12.97
2020-04-24,,,24.67,12.86
2020-04-23,,,25.08,13.05
2020-04-22,,,25.19,13.06
2020-04-21,,,24.96,12.93
2020-04-20,,,25.13,13.12
2020-04-17,,,24.78,13.03
2020-04-16,,,24.83,12.89
2020-04-15,,,24.53,12.93
2020-04-14,,,24.67,12.99
2020-04-13,,,24.19,12.76
2020-04-10,,,24.46,12.82
2020-04-09,,,25.12,12.87
2020-04-08,,,24.86,12.89
2020-04-07,,,24.79,13
2020-04-03,,,23.98,12.73
2020-04-02,,,24.21,12.79
2020-04-01,,,23.63,12.61
2020-03-31,10.1,11.5,23.73,12.64
2020-03-30,,,23.79,12.63
2020-03-27,,,24.53,12.8
2020-03-26,,,24.65,12.77
2020-03-25,,,24.92,12.85
2020-03-24,,,24.33,12.51
2020-03-23,,,23.97,12.17
2020-03-20,,,25.06,12.58
2020-03-19,,,24.84,12.34
2020-03-18,,,24.58,12.52
2020-03-17,,,25.02,12.78
2020-03-16,,,25.02,12.85
2020-03-13,,,26.24,13.44
2020-03-12,,,26.54,13.63
2020-03-11,,,27.07,13.91
2020-03-10,,,27.48,14.1
2020-03-09,,,26.82,13.81
2020-03-06,,,27.85,14.31
2020-03-05,,,27.96,14.55
2020-03-04,,,27.59,14.22
2020-03-03,,,27.48,14.15
2020-03-02,,,27.13,14.06
2020-02-29,8.8,10.7,,
2020-02-28,,,26.06,13.62
2020-02-27,,,27.51,14.11
2020-02-26,,,27.52,14.08
2020-02-25,,,28.28,14.25
2020-02-24,,,28.22,14.27
2020-02-21,,,27.68,14.33
2020-02-20,,,27.19,14.23
2020-02-19,,,26.77,13.91
2020-02-18,,,27.05,13.92
2020-02-17,,,26.5,14
2020-02-14,,,25.59,13.71
2020-02-13,,,25.49,13.62
2020-02-12,,,25.71,13.72
2020-02-11,,,25.17,13.63
2020-02-10,,,25.37,13.5
2020-02-07,,,25.05,13.44
2020-02-06,,,24.79,13.47
2020-02-05,,,24,13.22
2020-02-04,,,23.33,13.07
2020-02-03,,,23.17,12.7
2020-01-31,8.4,10.7,,
2020-01-23,,,25.38,13.74
2020-01-22,,,26.3,14.17
2020-01-21,,,26.17,14.1
2020-01-20,,,26.39,14.33
2020-01-17,,,26.04,14.22
2020-01-16,,,26.17,14.2
2020-01-15,,,26.22,14.26
2020-01-14,,,26.24,14.33
2020-01-13,,,26.3,14.4
2020-01-10,,,25.98,14.26
2020-01-09,,,26.06,14.27
2020-01-08,,,25.69,14.09
2020-01-07,,,26.05,14.24
2020-01-06,,,25.67,14.13
2020-01-03,,,25.41,14.2
2020-01-02,,,25.28,14.23
2019-12-31,8.7,10.692756,25.87,13.87
2019-12-30,,,25.64,13.83
2019-12-27,,,25.51,13.62
2019-12-26,,,25.71,13.62
2019-12-25,,,25.5,13.53
2019-12-24,,,25.37,13.55
2019-12-23,,,24.93,13.47
2019-12-20,,,25.5,13.63
2019-12-19,,,25.81,13.65
2019-12-18,,,25.69,13.66
2019-12-17,,,25.68,13.69
2019-12-16,,,25.33,13.51
2019-12-13,,,24.86,13.47
2019-12-12,,,24.54,13.19
2019-12-11,,,24.56,13.22
2019-12-10,,,24.68,13.22
2019-12-09,,,24.55,13.2
2019-12-06,,,24.43,13.23
2019-12-05,,,24.25,13.15
2019-12-04,,,23.98,13.05
2019-12-03,,,23.97,13.05
2019-12-02,,,23.83,13
2019-11-30,8.2,10.669227,,
2019-11-29,,,23.76,12.98
2019-11-28,,,23.72,13.1
2019-11-27,,,23.77,13.15
2019-11-26,,,23.74,13.21
2019-11-25,,,23.79,13.16
2019-11-22,,,23.87,13.06
2019-11-21,,,24.16,13.19
2019-11-20,,,24.16,13.26
2019-11-19,,,24.29,13.39
2019-11-18,,,23.84,13.29
2019-11-15,,,23.7,13.2
2019-11-14,,,23.94,13.29
2019-11-13,,,23.77,13.28
2019-11-12,,,23.86,13.28
2019-11-11,,,23.82,13.28
2019-11-08,,,24.47,13.51
2019-11-07,,,24.53,13.56
2019-11-06,,,24.4,13.53
2019-11-05,,,24.63,13.6
2019-11-04,,,24.53,13.51
2019-11-01,,,24.37,13.42
2019-10-31,8.4,10.581898,24.16,13.74
2019-10-30,,,24.36,13.77
2019-10-29,,,24.62,13.83
2019-10-28,,,24.99,13.87
2019-10-25,,,24.44,13.78
2019-10-24,,,24.27,13.69
2019-10-23,,,24.31,13.69
2019-10-22,,,24.49,13.77
2019-10-21,,,24.2,13.71
2019-10-18,,,24.33,13.65
2019-10-17,,,24.66,13.84
2019-10-16,,,24.72,13.77
2019-10-15,,,24.84,13.83
2019-10-14,,,25.23,13.87
2019-10-11,,,24.81,13.74
2019-10-10,,,24.77,13.6
2019-10-09,,,24.45,13.49
2019-10-08,,,24.24,13.47
2019-09-30,8.4,10.666387,24.23,13.36
2019-09-27,,,24.53,13.49
2019-09-26,,,24.31,13.45
2019-09-25,,,25.05,13.55
2019-09-24,,,25.53,13.64
2019-09-23,,,25.48,13.6
2019-09-20,,,25.74,13.77
2019-09-19,,,25.71,13.74
2019-09-18,,,25.43,13.7
2019-09-17,,,25.46,13.63
2019-09-16,,,26.09,13.85
2019-09-12,,,25.97,13.91
2019-09-11,,,25.83,13.75
2019-09-10,,,26.02,13.86
2019-09-09,,,26.01,13.91
2019-09-06,,,25.37,13.84
2019-09-05,,,25.26,13.77
2019-09-04,,,25.01,13.62
2019-09-03,,,24.84,13.52
2019-09-02,,,24.63,13.5
2019-08-31,8.2,10.676172,,
2019-08-30,,,23.07,13.93
2019-08-29,,,23.39,13.88
2019-08-28,,,23.35,13.93
2019-08-27,,,23.42,13.98
2019-08-26,,,22.99,13.79
2019-08-23,,,23.11,14
2019-08-22,,,23.15,13.89
2019-08-21,,,23.07,13.84
2019-08-20,,,23.05,13.85
2019-08-19,,,22.99,13.87
2019-08-16,,,22.27,13.59
2019-08-15,,,22.16,13.54
2019-08-14,,,22.03,13.49
2019-08-13,,,21.88,13.43
2019-08-12,,,22,13.56
2019-08-09,,,21.6,13.31
2019-08-08,,,21.85,13.45
2019-08-07,,,21.71,13.26
2019-08-06,,,21.76,13.32
2019-08-05,,,22.38,13.45
2019-08-02,,,22.64,13.73
2019-08-01,,,23.01,13.92
2019-07-31,8.1,10.848681,23.16,14.04
2019-07-30,,,23.31,14.18
2019-07-29,,,23.19,14.12
2019-07-26,,,23.19,14.14
2019-07-25,,,23.19,14.11
2019-07-24,,,23.12,13.98
2019-07-23,,,22.86,13.87
2019-07-22,,,22.62,13.85
2019-07-19,,,23.2,13.92
2019-07-18,,,23.08,13.77
2019-07-17,,,23.49,13.89
2019-07-16,,,23.48,13.9
2019-07-15,,,23.43,13.97
2019-07-12,,,23.17,13.92
2019-07-11,,,23.11,13.83
2019-07-10,,,23.1,13.84
2019-07-09,,,23.33,13.85
2019-07-08,,,23.26,13.89
2019-07-05,,,24.1,14.21
2019-07-04,,,24.04,14.12
2019-07-03,,,24.13,14.18
2019-07-02,,,24.32,14.36
2019-07-01,,,24.34,14.35
2019-06-30,8.5,11.193424,,
2019-06-28,,,24.52,13.77
2019-06-27,,,24.87,13.8
2019-06-26,,,24.65,13.63
2019-06-25,,,24.68,13.65
2019-06-24,,,24.94,13.8
2019-06-21,,,24.96,13.75
2019-06-20,,,24.52,13.73
2019-06-19,,,24.12,13.31
2019-06-18,,,23.81,13.14
2019-06-17,,,23.85,13.08
2019-06-14,,,23.88,13.09
2019-06-13,,,24.35,13.18
2019-06-12,,,24.22,13.16
2019-06-11,,,24.36,13.25
2019-06-10,,,23.48,12.87
2019-06-06,,,23.18,12.7
2019-06-05,,,23.75,12.81
2019-06-04,,,23.77,12.81
2019-06-03,,,24.14,12.92
2019-05-31,8.5,11.025001,24.5,12.91
2019-05-30,,,24.54,12.95
2019-05-29,,,24.7,13.03
2019-05-28,,,24.6,13.06
2019-05-27,,,24.65,12.91
2019-05-24,,,23.96,12.77
2019-05-23,,,24.22,12.73
2019-05-22,,,24.75,12.96
2019-05-21,,,24.92,13.03
2019-05-20,,,24.46,12.86
2019-05-17,,,24.55,12.97
2019-05-16,,,25.47,13.29
2019-05-15,,,25.26,13.23
2019-05-14,,,24.74,12.93
2019-05-13,,,24.93,13.02
2019-05-10,,,25.22,13.25
2019-05-09,,,24.3,12.78
2019-05-08,,,24.59,13.03
2019-05-07,,,24.67,13.23
2019-05-06,,,24.38,13.11
2019-04-30,8.5,10.805548,26.71,14.45
2019-04-29,,,25.6,14.29
2019-04-26,,,25.94,14.13
2019-04-25,,,25.68,14.29
2019-04-24,,,26.46,14.56
2019-04-23,,,26.07,14.53
2019-04-22,,,26.25,14.51
2019-04-19,,,26.35,14.86
2019-04-18,,,26.16,14.67
2019-04-17,,,26.25,14.7
2019-04-16,,,26.03,14.72
2019-04-15,,,25.34,14.33
2019-04-12,,,25.53,14.36
2019-04-11,,,25.57,14.42
2019-04-10,,,26.1,14.72
2019-04-09,,,26.13,14.65
2019-04-08,,,26.11,14.55
2019-04-04,,,26.18,14.6
2019-04-03,,,26.04,14.44
2019-04-02,,,25.76,14.27
2019-04-01,,,25.68,14.29
2019-03-31,8.6,11.162117,,
2019-03-29,,,24.29,13.93
2019-03-28,,,23.43,13.38
2019-03-27,,,23.75,13.42
2019-03-26,,,23.59,13.25
2019-03-25,,,24.37,13.39
2019-03-22,,,24.63,13.73
2019-03-21,,,24.45,13.76
2019-03-20,,,24.17,13.76
2019-03-19,,,24.22,13.76
2019-03-18,,,24.12,13.82
2019-03-15,,,23.58,13.42
2019-03-14,,,23.25,13.25
2019-03-13,,,23.96,13.34
2019-03-12,,,24.56,13.51
2019-03-11,,,24.11,13.4
2019-03-08,,,23.13,13.18
2019-03-07,,,24.1,13.7
2019-03-06,,,23.67,13.9
2019-03-05,,,23.14,13.81
2019-03-04,,,22.43,13.74
2019-03-01,,,21.95,13.58
2019-02-28,8,10.645691,21.79,13.26
2019-02-27,,,21.72,13.3
2019-02-26,,,21.72,13.32
2019-02-25,,,21.61,13.5
2019-02-22,,,20.48,12.76
2019-02-21,,,19.98,12.5
2019-02-20,,,20.05,12.53
2019-02-19,,,20.03,12.46
2019-02-18,,,19.93,12.48
2019-02-15,,,19.27,12.1
2019-02-14,,,19.33,12.34
2019-02-13,,,19.27,12.32
2019-02-12,,,18.94,12.08
2019-02-11,,,18.7,12
2019-02-01,,,18.19,11.79
2019-01-31,8.4,10.851788,17.67,11.64
2019-01-30,,,17.92,11.49
2019-01-29,,,18.13,11.58
2019-01-28,,,18.43,11.53
2019-01-25,,,18.55,11.52
2019-01-24,,,18.67,11.42
2019-01-23,,,18.57,11.34
2019-01-22,,,18.56,11.35
2019-01-21,,,18.8,11.5
2019-01-18,,,18.71,11.44
2019-01-17,,,18.57,11.23
2019-01-16,,,18.62,11.29
2019-01-15,,,18.67,11.27
2019-01-14,,,18.45,11.05
2019-01-11,,,18.56,11.15
2019-01-10,,,18.4,11.07
2019-01-09,,,18.47,11.08
2019-01-08,,,18.43,10.95
2019-01-07,,,18.46,10.98
2019-01-04,,,18.09,10.92
2019-01-03,,,17.6,10.67
2019-01-02,,,17.7,10.68
2018-12-31,8.1,10.259731,,
2018-12-28,,,17.99,10.78
2018-12-27,,,17.97,10.7
2018-12-26,,,18.21,10.74
2018-12-25,,,18.28,10.79
2018-12-24,,,18.48,10.86
2018-12-21,,,18.33,10.83
2018-12-20,,,18.47,10.97
2018-12-19,,,18.42,11.07
2018-12-18,,,18.65,11.2
2018-12-17,,,18.76,11.32
2018-12-14,,,18.8,11.34
2018-12-13,,,19.28,11.52
2018-12-12,,,19.11,11.35
2018-12-11,,,19.1,11.31
2018-12-10,,,18.95,11.25
2018-12-07,,,19.17,11.38
2018-12-06,,,19.16,11.4
2018-12-05,,,19.5,11.65
2018-12-04,,,19.66,11.7
2018-12-03,,,19.52,11.68
2018-11-30,8,10.307183,18.93,11.35
2018-11-29,,,18.78,11.22
2018-11-28,,,19.23,11.36
2018-11-27,,,19.01,11.21
2018-11-26,,,18.88,11.23
2018-11-23,,,18.88,11.24
2018-11-22,,,19.73,11.47
2018-11-21,,,19.72,11.51
2018-11-20,,,19.6,11.49
2018-11-19,,,20.14,11.75
2018-11-16,,,20.07,11.62
2018-11-15,,,19.85,11.57
2018-11-14,,,19.52,11.45
2018-11-13,,,19.53,11.57
2018-11-12,,,19.14,11.46
2018-11-09,,,18.61,11.34
2018-11-08,,,18.66,11.52
2018-11-07,,,18.76,11.54
2018-11-06,,,18.84,11.62
2018-11-05,,,18.81,11.69
2018-11-02,,,18.7,11.8
2018-11-01,,,18.16,11.38
2018-10-31,8,10.789977,17.92,11.37
2018-10-30,,,17.7,11.21
2018-10-29,,,17.54,11.1
2018-10-26,,,17.78,11.47
2018-10-25,,,17.72,11.54
2018-10-24,,,17.79,11.52
2018-10-23,,,17.78,11.51
2018-10-22,,,18.07,11.83
2018-10-19,,,17.23,11.35
2018-10-18,,,16.85,11.02
2018-10-17,,,17.4,11.3
2018-10-16,,,17.26,11.24
2018-10-15,,,17.68,11.32
2018-10-12,,,17.99,11.47
2018-10-11,,,18.17,11.27
2018-10-10,,,19.62,11.78
2018-10-09,,,19.64,11.81
2018-10-08,,,19.63,11.81
2018-09-30,8.3,11.208433,,
2018-09-28,,,20.27,12.36
2018-09-27,,,20.09,12.23
2018-09-26,,,20.37,12.27
2018-09-25,,,20.29,12.12
2018-09-21,,,20.35,12.23
2018-09-20,,,20.12,11.86
2018-09-19,,,20.17,11.87
2018-09-18,,,19.99,11.71
2018-09-17,,,19.68,11.49
2018-09-14,,,19.98,11.61
2018-09-13,,,20.17,11.58
2018-09-12,,,20.03,11.46
2018-09-11,,,20.02,11.56
2018-09-10,,,19.98,11.58
2018-09-07,,,20.35,11.74
2018-09-06,,,20.32,11.68
2018-09-05,,,20.4,11.81
2018-09-04,,,20.68,12.05
2018-09-03,,,20.45,11.9
2018-08-31,8.2,11.516139,21.53,12.4
2018-08-30,,,21.79,12.47
2018-08-29,,,22.13,12.58
2018-08-28,,,22.25,12.63
2018-08-27,,,22.22,12.65
2018-08-24,,,21.78,12.34
2018-08-23,,,21.84,12.31
2018-08-22,,,21.72,12.27
2018-08-21,,,21.96,12.33
2018-08-20,,,21.76,12.1
2018-08-17,,,21.66,11.96
2018-08-16,,,22,12.14
2018-08-15,,,22.25,12.2
2018-08-14,,,22.65,12.5
2018-08-13,,,22.71,12.56
2018-08-10,,,22.63,12.64
2018-08-09,,,22.57,12.6
2018-08-08,,,22.1,12.29
2018-08-07,,,22.44,12.49
2018-08-06,,,21.87,12.14
2018-08-03,,,22.28,12.27
2018-08-02,,,22.5,12.48
2018-08-01,,,23.03,12.76
2018-07-31,8.5,11.485086,23.4,13.02
2018-07-30,,,23.43,13.01
2018-07-27,,,23.74,12.96
2018-07-26,,,23.87,13.02
2018-07-25,,,23.98,13.18
2018-07-24,,,23.94,13.19
2018-07-23,,,23.55,12.99
2018-07-20,,,23.32,12.87
2018-07-19,,,23.07,12.62
2018-07-18,,,23.24,12.62
2018-07-17,,,23.36,12.67
2018-07-16,,,23.31,12.77
2018-07-13,,,23.31,12.85
2018-07-12,,,23.2,12.81
2018-07-11,,,22.62,12.55
2018-07-10,,,23.14,12.76
2018-07-09,,,23.04,12.72
2018-07-06,,,22.59,12.37
2018-07-05,,,22.51,12.23
2018-07-04,,,23.09,12.31
2018-07-03,,,23.49,12.48
2018-07-02,,,23.19,12.49
2018-06-30,8,11.76127,,
2018-06-29,,,24.47,12.63
2018-06-28,,,23.74,12.36
2018-06-27,,,24.02,12.49
2018-06-26,,,24.22,12.76
2018-06-25,,,24.02,12.87
2018-06-22,,,24.16,13.06
2018-06-21,,,23.83,13.01
2018-06-20,,,24.34,13.15
2018-06-19,,,24.08,13.11
2018-06-15,,,25.72,13.55
2018-06-14,,,26.25,13.6
2018-06-13,,,26.35,13.65
2018-06-12,,,26.76,13.77
2018-06-11,,,26.52,13.6
2018-06-08,,,26.74,13.59
2018-06-07,,,27.04,13.77
2018-06-06,,,27.22,13.78
2018-06-05,,,27.2,13.8
2018-06-04,,,26.79,13.69
2018-06-01,,,26.88,13.52
2018-05-31,8.3,12.199076,27.19,13.64
2018-05-30,,,26.79,13.29
2018-05-29,,,27.6,13.6
2018-05-28,,,27.83,13.7
2018-05-25,,,28.01,13.63
2018-05-24,,,28.37,13.65
2018-05-23,,,28.43,13.76
2018-05-22,,,28.76,13.95
2018-05-21,,,28.64,14
2018-05-18,,,28.34,13.95
2018-05-17,,,28.2,13.8
2018-05-16,,,28.38,13.92
2018-05-15,,,28.49,14.04
2018-05-14,,,28.24,14
2018-05-11,,,28.42,13.84
2018-05-10,,,28.65,13.91
2018-05-09,,,28.57,13.84
2018-05-08,,,28.62,13.86
2018-05-07,,,28.52,13.68
2018-05-04,,,28.01,13.46
2018-05-03,,,28.05,13.52
2018-05-02,,,27.83,13.39
2018-04-30,8.3,12.652969,,
2018-04-27,,,28.65,13.78
2018-04-26,,,28.5,13.8
2018-04-25,,,29.01,14.11
2018-04-24,,,28.94,14.2
2018-04-23,,,28.39,13.91
2018-04-20,,,28.71,13.88
2018-04-19,,,29.26,14.07
2018-04-18,,,29.19,13.89
2018-04-17,,,28.76,13.82
2018-04-16,,,29.43,14.05
2018-04-13,,,29.59,14.32
2018-04-12,,,29.59,14.43
2018-04-11,,,29.78,14.6
2018-04-10,,,29.67,14.57
2018-04-09,,,29.66,14.32
2018-04-04,,,29.6,14.34
2018-04-03,,,29.88,14.34
2018-04-02,,,30.21,14.42
2018-03-31,8.2,12.690308,,
2018-03-30,,,30.79,14.52
2018-03-29,,,30.26,14.63
2018-03-28,,,30.03,14.5
2018-03-27,,,30.43,14.83
2018-03-26,,,29.74,14.81
2018-03-23,,,29.39,14.98
2018-03-22,,,31.02,15.43
2018-03-21,,,31.11,15.61
2018-03-20,,,31.33,15.91
2018-03-19,,,31.35,15.9
2018-03-16,,,31.26,15.83
2018-03-15,,,31.5,16.05
2018-03-14,,,31.58,15.97
2018-03-13,,,31.91,16.03
2018-03-12,,,32.13,16.21
2018-03-09,,,31.67,16.15
2018-03-08,,,31.21,16.03
2018-03-07,,,31.07,15.86
2018-03-06,,,31.33,15.96
2018-03-05,,,30.97,15.77
2018-03-02,,,30.79,15.78
2018-03-01,,,30.91,15.92
2018-02-28,8.8,13.388316,30.51,15.82
2018-02-27,,,30.53,15.99
2018-02-26,,,30.48,16.26
2018-02-23,,,29.92,16.09
2018-02-22,,,29.83,16.02
2018-02-14,,,29.29,15.68
2018-02-13,,,29.17,15.54
2018-02-12,,,29.04,15.35
2018-02-09,,,28.35,15.16
2018-02-08,,,29.32,15.83
2018-02-07,,,29.01,16.01
2018-02-06,,,28.92,16.44
2018-02-05,,,30.31,16.9
2018-02-02,,,30.4,16.89
2018-02-01,,,30.35,16.8
2018-01-31,8.6,13.433579,31.53,16.86
2018-01-30,,,32.21,16.74
2018-01-29,,,32.21,16.92
2018-01-26,,,32.61,17.26
2018-01-25,,,32.63,17.19
2018-01-24,,,32.63,17.3
2018-01-23,,,32.38,17.3
2018-01-22,,,32.37,17.1
2018-01-19,,,32.03,16.89
2018-01-18,,,32.12,16.86
2018-01-17,,,32.04,16.76
2018-01-16,,,32.15,16.82
2018-01-15,,,31.99,16.69
2018-01-12,,,32.89,16.64
2018-01-11,,,33.11,16.53
2018-01-10,,,32.93,16.54
2018-01-09,,,33.1,16.46
2018-01-08,,,33.15,16.3
2018-01-05,,,33.06,16.17
2018-01-04,,,33.05,16.13
2018-01-03,,,32.97,16.04
2018-01-02,,,32.67,15.95
2017-12-31,8.1,14.081822,,
2017-12-29,,,31.35,15.66
2017-12-28,,,31.11,15.6
2017-12-27,,,30.97,15.48
2017-12-26,,,31.12,15.73
2017-12-25,,,30.96,15.69
2017-12-22,,,31.36,15.73
2017-12-21,,,31.39,15.79
2017-12-20,,,31.26,15.64
2017-12-19,,,31.57,15.64
2017-12-18,,,31.35,15.44
2017-12-15,,,31.55,15.4
2017-12-14,,,31.7,15.58
2017-12-13,,,31.66,15.69
2017-12-12,,,31.45,15.55
2017-12-11,,,31.7,15.77
2017-12-08,,,31.33,15.52
2017-12-07,,,31.02,15.39
2017-12-06,,,31.05,15.57
2017-12-05,,,30.77,15.7
2017-12-04,,,31.56,15.58
2017-12-01,,,31.87,15.47
2017-11-30,9.1,14.492229,31.62,15.52
2017-11-29,,,31.87,15.69
2017-11-28,,,31.75,15.71
2017-11-27,,,31.21,15.7
2017-11-24,,,31.55,15.92
2017-11-23,,,31.5,15.93
2017-11-22,,,32.22,16.44
2017-11-21,,,32.16,16.48
2017-11-20,,,32.12,16.17
2017-11-17,,,31.91,16.08
2017-11-16,,,33.02,15.96
2017-11-15,,,33.07,15.81
2017-11-14,,,33.4,15.89
2017-11-13,,,33.62,16.01
2017-11-10,,,33.53,15.95
2017-11-09,,,33.45,15.8
2017-11-08,,,33.24,15.68
2017-11-07,,,33.16,15.72
2017-11-06,,,32.95,15.59
2017-11-03,,,32.6,15.48
2017-11-02,,,32.88,15.48
2017-11-01,,,33.23,15.47
2017-10-31,8.9,14.955353,36.61,16.14
2017-10-30,,,36.37,16.19
2017-10-27,,,37.28,16.21
2017-10-26,,,37.58,16.05
2017-10-25,,,37.4,15.96
2017-10-24,,,37.2,15.87
2017-10-23,,,37.35,15.75
2017-10-20,,,37.15,15.74
2017-10-19,,,36.74,15.79
2017-10-18,,,37.11,15.82
2017-10-17,,,37.45,15.68
2017-10-16,,,37.5,15.67
2017-10-13,,,38.12,15.67
2017-10-12,,,37.91,15.64
2017-10-11,,,37.99,15.59
2017-10-10,,,38.21,15.51
2017-10-09,,,38.01,15.47
2017-09-30,9,14.888994,,
2017-09-29,,,37.55,15.29
2017-09-28,,,37.24,15.23
2017-09-27,,,37.42,15.2
2017-09-26,,,37.13,15.21
2017-09-25,,,36.97,15.21
2017-09-22,,,37.52,15.25
2017-09-21,,,37.75,15.24
2017-09-20,,,38.21,15.24
2017-09-19,,,37.8,15.21
2017-09-18,,,37.92,15.26
2017-09-15,,,37.65,15.21
2017-09-14,,,37.87,15.2
2017-09-13,,,37.95,15.25
2017-09-12,,,37.75,15.24
2017-09-11,,,37.79,15.16
2017-09-08,,,37.36,15.18
2017-09-07,,,37.28,15.2
2017-09-06,,,37.51,15.27
2017-09-05,,,37.26,15.31
2017-09-04,,,37.25,15.25
2017-09-01,,,36.99,15.21
2017-08-31,8.6,15.112273,39.79,15.49
2017-08-30,,,39.64,15.56
2017-08-29,,,39.38,15.57
2017-08-28,,,39.51,15.59
2017-08-25,,,39.09,15.4
2017-08-24,,,38.7,15.14
2017-08-23,,,38.96,15.22
2017-08-22,,,39.26,15.19
2017-08-21,,,39.51,15.12
2017-08-18,,,39.2,15.06
2017-08-17,,,39.35,15.04
2017-08-16,,,39.01,14.98
2017-08-15,,,38.86,15
2017-08-14,,,38.7,14.95
2017-08-11,,,37.95,14.77
2017-08-10,,,38.66,15.04
2017-08-09,,,38.88,15.09
2017-08-08,,,38.68,15.1
2017-08-07,,,38.55,15.07
2017-08-04,,,38.16,15
2017-08-03,,,38.342,15.079
2017-08-02,,,38.16,15.29
2017-08-01,,,38.44,15.32
2017-07-31,8.9,15.542253,38.47,15.16
2017-07-28,,,38.05,15.11
2017-07-27,,,37.99,15.07
2017-07-26,,,37.63,15.06
2017-07-25,,,37.58,15.12
2017-07-24,,,37.69,15.22
2017-07-21,,,37.44,15.15
2017-07-20,,,37.33,15.24
2017-07-19,,,37.08,15.17
2017-07-18,,,36.51,14.91
2017-07-17,,,36.21,14.94
2017-07-14,,,37.95,15.05
2017-07-13,,,38.09,14.98
2017-07-12,,,38.06,14.82
2017-07-11,,,38.09,14.89
2017-07-10,,,38.56,14.78
2017-07-07,,,38.73,14.79
2017-07-06,,,38.58,14.81
2017-07-05,,,38.53,14.81
2017-07-04,,,38.25,14.64
2017-07-03,,,38.3,14.76
2017-06-30,9.1,14.917823,39.62,15.05
2017-06-29,,,39.59,15.05
2017-06-28,,,39.42,14.98
2017-06-27,,,39.66,15.1
2017-06-26,,,39.59,15.06
2017-06-23,,,39.13,14.9
2017-06-22,,,39.08,14.77
2017-06-21,,,39.69,14.75
2017-06-20,,,39.69,14.58
2017-06-19,,,39.59,14.62
2017-06-16,,,39.3,14.45
2017-06-15,,,39.36,14.51
2017-06-14,,,38.96,14.55
2017-06-13,,,38.93,14.76
2017-06-12,,,38.42,14.75
2017-06-09,,,38.92,14.74
2017-06-08,,,38.78,14.66
2017-06-07,,,39,14.55
2017-06-06,,,38.24,14.39
2017-06-05,,,38.02,14.27
2017-06-02,,,37.69,14.37
2017-06-01,,,37.3,14.41
2017-05-31,9.1,15.503387,38.24,14.32
2017-05-26,,,38.28,14.3
2017-05-25,,,38.26,14.27
2017-05-24,,,37.95,14.04
2017-05-23,,,37.77,14.04
2017-05-22,,,38.84,13.95
2017-05-19,,,39.49,13.89
2017-05-18,,,39.48,13.85
2017-05-17,,,39.79,13.91
2017-05-16,,,39.67,14
2017-05-15,,,38.88,13.9
2017-05-12,,,38.7,13.82
2017-05-11,,,38.76,13.68
2017-05-10,,,39.05,13.58
2017-05-09,,,39.87,13.61
2017-05-08,,,39.63,13.64
2017-05-05,,,40.34,13.74
2017-05-04,,,40.94,13.8
2017-05-03,,,41.12,13.84
2017-05-02,,,41.24,13.89
2017-04-30,9.8,15.501043,,
2017-04-28,,,43.52,14.31
2017-04-27,,,43.65,14.39
2017-04-26,,,43.36,14.42
2017-04-25,,,43.49,14.42
2017-04-24,,,43.68,14.41
2017-04-21,,,44.81,14.53
2017-04-20,,,45.04,14.5
2017-04-19,,,45.21,14.4
2017-04-18,,,45.93,14.49
2017-04-17,,,46.73,14.51
2017-04-14,,,47.27,14.43
2017-04-13,,,47.9,14.54
2017-04-12,,,47.74,14.51
2017-04-11,,,48.19,14.54
2017-04-10,,,47.85,14.52
2017-04-07,,,48.38,14.57
2017-04-06,,,48.34,14.55
2017-04-05,,,48.33,14.51
2017-03-31,10.1,15.710338,47.3,14.34
2017-03-30,,,46.94,14.24
2017-03-29,,,48.32,14.28
2017-03-28,,,48.64,14.27
2017-03-27,,,49.09,14.3
2017-03-24,,,49.23,14.39
2017-03-23,,,49.15,14.24
2017-03-22,,,49.29,14.17
2017-03-21,,,49.52,14.24
2017-03-20,,,49.59,14.16
2017-03-17,,,49.39,14.19
2017-03-16,,,49.84,14.34
2017-03-15,,,49.28,14.26
2017-03-14,,,49.49,14.24
2017-03-13,,,49.66,14.24
2017-03-10,,,49.34,14.13
2017-03-09,,,49.34,14.12
2017-03-08,,,49.74,14.21
2017-03-07,,,49.99,14.25
2017-03-06,,,49.91,14.21
2017-03-03,,,49.36,14.13
2017-03-02,,,49.18,14.17
2017-03-01,,,49.43,14.26
2017-02-28,10.4,16.383288,49.42,14.24
2017-02-27,,,49.24,14.22
2017-02-24,,,49.59,14.29
2017-02-23,,,49.44,14.28
2017-02-22,,,49.39,14.34
2017-02-21,,,49.21,14.32
2017-02-20,,,48.77,14.26
2017-02-17,,,48.34,14.05
2017-02-16,,,48.74,14.13
2017-02-15,,,48.47,14.05
2017-02-14,,,48.91,14.08
2017-02-13,,,48.98,14.12
2017-02-10,,,48.66,14.03
2017-02-09,,,48.76,13.96
2017-02-08,,,48.43,13.91
2017-02-07,,,48.15,13.82
2017-02-06,,,48.18,13.86
2017-02-03,,,47.68,13.84
2017-01-31,10.7,16.411026,,
2017-01-26,,,47.81,13.94
2017-01-25,,,47.55,13.89
2017-01-24,,,47.42,13.85
2017-01-23,,,47.56,13.84
2017-01-20,,,47.15,13.82
2017-01-19,,,46.45,13.71
2017-01-18,,,46.65,13.75
2017-01-17,,,46.8,13.69
2017-01-16,,,46.28,13.66
2017-01-13,,,48.04,13.64
2017-01-12,,,48.83,13.62
2017-01-11,,,49.27,13.67
2017-01-10,,,49.81,13.75
2017-01-09,,,49.99,13.77
2017-01-06,,,49.79,13.71
2017-01-05,,,50.12,13.78
2017-01-04,,,50.1,13.78
2017-01-03,,,49.47,13.68
2016-12-31,11.3,12.8,,
2016-12-30,,,47.59,13.33
2016-12-29,,,47.56,13.28
2016-12-28,,,47.71,13.29
2016-12-27,,,47.84,13.34
2016-12-26,,,47.81,13.38
2016-12-23,,,47.63,13.29
2016-12-22,,,48.13,13.39
2016-12-21,,,48.13,13.4
2016-12-20,,,47.82,13.28
2016-12-19,,,47.96,13.35
2016-12-16,,,48.02,13.42
2016-12-15,,,47.64,13.41
2016-12-14,,,47.25,13.6
2016-12-13,,,47.5,13.68
2016-12-12,,,47.41,13.72
2016-12-09,,,49.77,13.99
2016-12-08,,,49.91,13.88
2016-12-07,,,50.24,13.89
2016-12-06,,,49.71,13.83
2016-12-05,,,49.68,13.86
2016-12-02,,,49.97,14.1
2016-12-01,,,50.75,14.24
2016-11-30,11.4,13.3,50.52,14.11
2016-11-29,,,50.62,14.22
2016-11-28,,,51.16,14.08
2016-11-25,,,51.1,14
2016-11-24,,,50.93,13.87
2016-11-23,,,51.19,13.8
2016-11-22,,,51.49,13.74
2016-11-21,,,51.08,13.63
2016-11-18,,,51.01,13.52
2016-11-17,,,51.17,13.61
2016-11-16,,,51.28,13.59
2016-11-15,,,51.21,13.59
2016-11-14,,,50.91,13.6
2016-11-11,,,50.68,13.55
2016-11-10,,,50.37,13.43
2016-11-09,,,49.73,13.29
2016-11-08,,,50.11,13.39
2016-11-07,,,49.82,13.34
2016-11-04,,,49.87,13.35
2016-11-03,,,50.08,13.38
2016-11-02,,,49.86,13.25
2016-11-01,,,50.29,13.35
2016-10-31,11.6,12.7,53.17,13.68
2016-10-28,,,53.24,13.71
2016-10-27,,,53.76,13.71
2016-10-26,,,53.74,13.75
2016-10-25,,,54.01,13.8
2016-10-24,,,53.81,13.8
2016-10-21,,,53.38,13.62
2016-10-20,,,53.65,13.56
2016-10-19,,,53.44,13.54
2016-10-18,,,53.55,13.55
2016-10-17,,,52.75,13.37
2016-10-14,,,53.26,13.48
2016-10-13,,,53.33,13.45
2016-10-12,,,53.26,13.44
2016-10-11,,,53.23,13.48
2016-10-10,,,52.88,13.44
2016-09-30,11.5,12.5,51.73,13.28
2016-09-29,,,51.47,13.24
2016-09-28,,,51.29,13.18
2016-09-27,,,51.44,13.21
2016-09-26,,,51.04,13.15
2016-09-23,,,52.18,13.36
2016-09-22,,,52.39,13.4
2016-09-21,,,52.1,13.34
2016-09-20,,,51.99,13.32
2016-09-19,,,51.94,13.35
2016-09-14,,,51.39,13.25
2016-09-13,,,51.79,13.34
2016-09-12,,,51.3,13.35
2016-09-09,,,52.91,13.56
2016-09-08,,,53.29,13.64
2016-09-07,,,53.07,13.65
2016-09-06,,,53.09,13.66
2016-09-05,,,52.23,13.58
2016-09-02,,,52.01,13.55
2016-09-01,,,52.27,13.49
2016-08-31,11.4,12.3,54.48,13.05
2016-08-30,,,54.47,13.02
2016-08-29,,,54.48,12.98
2016-08-26,,,54.36,12.99
2016-08-25,,,54.1,13
2016-08-24,,,54.51,13.07
2016-08-23,,,54.36,13.1
2016-08-22,,,54.18,13.07
2016-08-19,,,54.89,13.18
2016-08-18,,,54.76,13.17
2016-08-17,,,54.67,13.21
2016-08-16,,,54.47,13.22
2016-08-15,,,54.13,13.33
2016-08-12,,,52.94,12.96
2016-08-11,,,52.41,12.73
2016-08-10,,,53.25,12.72
2016-08-09,,,53.41,12.78
2016-08-08,,,52.89,12.7
2016-08-05,,,52.25,12.6
2016-08-04,,,52.58,12.6
2016-08-03,,,52.17,12.6
2016-08-02,,,51.94,12.59
2016-08-01,,,51.44,12.56
2016-07-31,10.2,12.2,,
2016-07-29,,,52.26,12.65
2016-07-28,,,52.61,12.7
2016-07-27,,,52.74,12.69
2016-07-26,,,55.15,12.86
2016-07-25,,,54.5,12.7
2016-07-22,,,54.53,12.7
2016-07-21,,,54.96,12.82
2016-07-20,,,54.92,12.76
2016-07-19,,,55.01,12.81
2016-07-18,,,54.7,12.87
2016-07-15,,,54.93,12.91
2016-07-14,,,55.18,12.93
2016-07-13,,,55.07,12.94
2016-07-12,,,54.64,12.92
2016-07-11,,,54.09,12.61
2016-07-08,,,54.32,12.59
2016-07-07,,,54.41,12.66
2016-07-06,,,54.34,12.67
2016-07-05,,,54.08,12.65
2016-07-04,,,53.84,12.61
2016-07-01,,,52.77,12.39
2016-06-30,11.8,12.4,53.03,12.38
2016-06-29,,,53.08,12.34
2016-06-28,,,52.98,12.27
2016-06-27,,,52.45,12.22
2016-06-24,,,51.21,12.09
2016-06-23,,,51.7,12.22
2016-06-22,,,51.84,12.32
2016-06-21,,,50.93,12.23
2016-06-20,,,51.52,12.23
2016-06-17,,,51.32,12.22
2016-06-16,,,50.97,12.14
2016-06-15,,,50.97,12.24
2016-06-14,,,49.27,12.1
2016-06-13,,,49.03,12.06
2016-06-08,,,51.45,12.43
2016-06-07,,,51.54,12.44
2016-06-06,,,51.51,12.47
2016-06-03,,,51.32,12.5
2016-06-02,,,51.2,12.43
2016-06-01,,,50.54,12.41
2016-05-31,11.8,12.6,50.17,12.42
2016-05-30,,,48.06,12.03
2016-05-27,,,48.4,12
2016-05-26,,,48.41,12.02
2016-05-25,,,48.14,12
2016-05-24,,,48.33,12.01
2016-05-23,,,48.97,12.11
2016-05-20,,,48.16,12.08
2016-05-19,,,47.54,12.01
2016-05-18,,,47.26,12.04
2016-05-17,,,48.63,12.09
2016-05-16,,,48.69,12.12
2016-05-13,,,47.8,12.06
2016-05-12,,,47.88,12.13
2016-05-11,,,47.78,12.08
2016-05-10,,,48.1,12.04
2016-05-09,,,48.17,12.02
2016-05-06,,,50.03,12.26
2016-05-05,,,52.18,12.58
2016-05-04,,,51.8,12.57
2016-05-03,,,51.74,12.59
2016-04-30,12.8,13.1,,
2016-04-29,,,52.15,12.38
2016-04-28,,,52.36,12.35
2016-04-27,,,52.38,12.35
2016-04-26,,,52.55,12.42
2016-04-25,,,51.8,12.35
2016-04-22,,,52.16,12.39
2016-04-21,,,51.74,12.33
2016-04-20,,,52.28,12.39
2016-04-19,,,54.92,12.59
2016-04-18,,,54.74,12.58
2016-04-15,,,55.84,12.75
2016-04-14,,,55.98,12.76
2016-04-13,,,55.3,12.7
2016-04-12,,,54.45,12.55
2016-04-11,,,55.06,12.57
2016-04-08,,,53.8,12.41
2016-04-07,,,54.19,12.5
2016-04-06,,,54.97,12.7
2016-04-05,,,54.68,12.74
2016-04-01,,,53.3,12.59
2016-03-31,13.4,13.4,53.7,12.58
2016-03-30,,,53.68,12.56
2016-03-29,,,51.52,12.31
2016-03-28,,,52.58,12.43
2016-03-25,,,52.47,12.52
2016-03-24,,,52.35,12.44
2016-03-23,,,53.23,12.59
2016-03-22,,,52.77,12.54
2016-03-21,,,52.94,12.64
2016-03-18,,,51.73,12.34
2016-03-17,,,49.84,12.17
2016-03-16,,,48.14,12.07
2016-03-15,,,48.72,11.97
2016-03-14,,,49.11,11.91
2016-03-11,,,47.19,11.78
2016-03-10,,,47.35,11.75
2016-03-09,,,48.28,11.98
2016-03-08,,,49.51,12.09
2016-03-07,,,49.22,12.08
2016-03-04,,,48.04,12.06
2016-03-03,,,49.61,11.87
2016-03-02,,,49.43,11.84
2016-03-01,,,47.05,11.39
2016-02-29,13.3,12.7,45.84,11.2
2016-02-26,,,48.81,11.44
2016-02-25,,,48.83,11.33
2016-02-24,,,53.12,12.03
2016-02-23,,,52.81,11.95
2016-02-22,,,53.13,12.08
2016-02-19,,,52.05,11.81
2016-02-18,,,51.76,11.83
2016-02-17,,,51.87,11.87
2016-02-16,,,50.99,11.77
2016-02-15,,,48.86,11.42
2016-02-05,,,48.83,11.5
2016-02-04,,,49.33,11.59
2016-02-03,,,48.31,11.45
2016-02-02,,,48.01,11.51
2016-02-01,,,46.29,11.27
2016-01-31,14,13.1,,
2016-01-29,,,47.02,11.46
2016-01-28,,,45.25,11.1
2016-01-27,,,47.55,11.38
2016-01-26,,,48.14,11.42
2016-01-25,,,52.19,12.09
2016-01-22,,,51.5,12.05
2016-01-21,,,50.62,11.93
2016-01-20,,,52.92,12.27
2016-01-19,,,53.38,12.46
2016-01-18,,,51.41,12.1
2016-01-15,,,50.5,12.05
2016-01-14,,,52.43,12.44
2016-01-13,,,50.49,12.21
2016-01-12,,,52.59,12.43
2016-01-11,,,52.63,12.34
2016-01-08,,,56.7,12.96
2016-01-07,,,56.21,12.7
2016-01-06,,,61.63,13.72
2016-01-05,,,59.92,13.49
2016-01-04,,,61.01,13.44
2015-12-31,13.3,12.4,66.78,14.43
2015-12-30,,,67.87,14.56
2015-12-29,,,67.01,14.58
2015-12-28,,,66.18,14.44
2015-12-25,,,67.61,14.86
2015-12-24,,,67.05,14.83
2015-12-23,,,67.19,14.98
2015-12-22,,,68.07,15
2015-12-21,,,67.26,14.97
2015-12-18,,,66.64,14.58
2015-12-17,,,66.71,14.53
2015-12-16,,,65.03,14.28
2015-12-15,,,64.65,14.31
2015-12-14,,,63.87,14.35
2015-12-11,,,62.56,13.95
2015-12-10,,,62.95,13.99
2015-12-09,,,63.05,14.02
2015-12-08,,,63.22,13.97
2015-12-07,,,64.67,14.22
2015-12-04,,,63.77,14.2
2015-12-03,,,63.96,14.48
2015-12-02,,,62.37,14.39
2015-12-01,,,62.95,13.83
2015-11-30,13.7,,63.06,13.75
2015-11-27,,,62.63,13.74
2015-11-26,,,66.95,14.52
2015-11-25,,,67.4,14.59
2015-11-24,,,66.16,14.49
2015-11-23,,,65.59,14.49
2015-11-20,,,66.17,14.59
2015-11-19,,,65.1,14.62
2015-11-18,,,63.32,14.4
2015-11-17,,,64.38,14.55
2015-11-16,,,64.85,14.52
2015-11-13,,,63.45,14.46
2015-11-12,,,64.66,14.63
2015-11-11,,,64.38,14.8
2015-11-10,,,63.33,14.82
2015-11-09,,,62.76,14.85
2015-11-06,,,61.83,14.65
2015-11-05,,,60.41,14.3
2015-11-04,,,60.07,13.95
2015-11-03,,,57.1,13.32
2015-11-02,,,57.27,13.36
2015-10-31,13.5,,,
2015-10-30,,,58.35,13.54
2015-10-29,,,58.57,13.53
2015-10-28,,,58.07,13.5
2015-10-27,,,59.43,13.76
2015-10-26,,,59.05,13.76
2015-10-23,,,58.66,13.69
2015-10-22,,,56.88,13.55
2015-10-21,,,54.84,13.39
2015-10-20,,,58.5,13.73
2015-10-19,,,57.45,13.57
2015-10-16,,,57.48,13.57
2015-10-15,,,56.58,13.4
2015-10-14,,,54.76,13.07
2015-10-13,,,55.61,13.19
2015-10-12,,,54.8,13.23
2015-10-09,,,52.66,12.81
2015-10-08,,,51.84,12.64
2015-09-30,13.1,12.5,49.69,12.29
2015-09-29,,,49.61,12.17
2015-09-28,,,50.35,12.44
2015-09-25,,,49.3,12.41
2015-09-24,,,50.92,12.6
2015-09-23,,,50.13,12.52
2015-09-22,,,50.77,12.83
2015-09-21,,,50.52,12.71
2015-09-18,,,48.69,12.5
2015-09-17,,,47.98,12.4
2015-09-16,,,48.68,12.74
2015-09-15,,,45.67,12.16
2015-09-14,,,48.32,12.63
2015-09-11,,,51.95,12.82
2015-09-10,,,51.34,12.86
2015-09-09,,,51.99,12.98
2015-09-08,,,50.27,12.71
2015-09-07,,,48.21,12.39
2015-09-02,,,47.61,12.86
2015-09-01,,,48.87,12.84
2015-08-31,13.3,,53.68,13.76
2015-08-28,,,55.81,13.63
2015-08-27,,,52.57,13.08
2015-08-26,,,50.85,12.33
2015-08-25,,,52.96,12.34
2015-08-24,,,57.2,13.3
2015-08-21,,,61.98,14.61
2015-08-20,,,65.7,15.29
2015-08-19,,,68,15.8
2015-08-18,,,66.45,15.57
2015-08-17,,,71.67,16.59
2015-08-14,,,70.17,16.64
2015-08-13,,,69.6,16.65
2015-08-12,,,67.85,16.42
2015-08-11,,,68.75,16.62
2015-08-10,,,68.22,16.69
2015-08-07,,,64.97,15.95
2015-08-06,,,62.86,15.66
2015-08-05,,,63,15.81
2015-08-04,,,63.39,16.14
2015-08-03,,,59.88,15.68
2015-07-31,13.3,,62.37,15.62
2015-07-30,,,63.56,15.63
2015-07-29,,,65.33,16.09
2015-07-28,,,62.38,15.63
2015-07-27,,,64.46,15.28
2015-07-24,,,69.38,17.17
2015-07-23,,,70.14,17.48
2015-07-22,,,67.91,17.11
2015-07-21,,,66.75,17.16
2015-07-20,,,65.43,17.17
2015-07-17,,,63.76,17.1
2015-07-16,,,60.42,16.34
2015-07-15,,,59.44,16.29
2015-07-14,,,62.54,16.84
2015-07-13,,,60.73,17.33
2015-07-10,,,57.55,16.97
2015-07-09,,,55.02,16.11
2015-07-08,,,53.1,15.1
2015-07-07,,,54.57,16.25
2015-07-06,,,58.16,16.46
2015-07-03,,,60.68,15.88
2015-07-02,,,64.92,16.81
2015-07-01,,,69.87,17.3
2015-06-30,11.8,11.9,73.48,17.69
2015-06-29,,,70.24,16.48
2015-06-26,,,75.4,16.92
2015-06-25,,,82,18.35
2015-06-24,,,85.46,18.98
2015-06-23,,,83.64,18.59
2015-06-19,,,83.62,17.97
2015-06-18,,,89.57,19.07
2015-06-17,,,92.44,19.87
2015-06-16,,,90.46,19.53
2015-06-15,,,94.34,20.12
2015-06-12,,,95.86,20.59
2015-06-11,,,94.3,20.5
2015-06-10,,,92.42,20.57
2015-06-09,,,90.42,20.71
2015-06-08,,,90.35,20.41
2015-06-05,,,92.05,20.28
2015-06-04,,,90.61,20.11
2015-06-03,,,90.79,19.69
2015-06-02,,,90.21,19.69
2015-06-01,,,86.79,19.44
2015-05-31,10.8,,,
2015-05-29,,,82.53,18.5
2015-05-28,,,81.57,18.38
2015-05-27,,,86.49,19.82
2015-05-26,,,85.15,19.98
2015-05-25,,,82.23,19.62
2015-05-22,,,80.33,19.03
2015-05-21,,,79.35,18.49
2015-05-20,,,76.41,18.47
2015-05-19,,,74.8,18.43
2015-05-18,,,73.1,17.83
2015-05-15,,,71.42,18.06
2015-05-14,,,71.57,18.42
2015-05-13,,,71.14,18.52
2015-05-12,,,70.48,18.7
2015-05-11,,,68.95,18.43
2015-05-08,,,65.93,18
2015-05-07,,,63.23,17.69
2015-05-06,,,64.31,18.01
2015-05-05,,,64.92,18.17
2015-05-04,,,66.91,18.89
2015-04-30,10.1,,67.38,19.59
2015-04-29,,,66.68,19.69
2015-04-28,,,64.78,19.6
2015-04-27,,,66.93,19.86
2015-04-24,,,66.72,19.37
2015-04-23,,,66.55,19.51
2015-04-22,,,62.42,19.54
2015-04-21,,,60.68,19.02
2015-04-20,,,58.63,18.55
2015-04-17,,,59.92,18.83
2015-04-16,,,59.67,18.48
2015-04-15,,,59.1,17.85
2015-04-14,,,61.48,18.05
2015-04-13,,,61.56,17.99
2015-04-10,,,60.13,17.71
2015-04-09,,,58.7,17.4
2015-04-08,,,59.32,17.54
2015-04-07,,,60.08,17.32
2015-04-03,,,58.83,16.94
2015-04-02,,,57.9,16.74
2015-04-01,,,56.58,16.77
2015-03-31,11.6,13,55.28,16.47
2015-03-30,,,54.88,16.66
2015-03-27,,,54.57,16.21
2015-03-26,,,53.83,16.19
2015-03-25,,,54.48,16.14
2015-03-24,,,53.88,16.31
2015-03-23,,,53.48,16.41
2015-03-20,,,52.16,16.03
2015-03-19,,,51.73,15.86
2015-03-18,,,51.32,15.86
2015-03-17,,,50.41,15.51
2015-03-16,,,49.66,15.3
2015-03-13,,,48.24,14.97
2015-03-12,,,47.62,14.87
2015-03-11,,,47.79,14.56
2015-03-10,,,47.8,14.53
2015-03-09,,,47.23,14.65
2015-03-06,,,46.63,14.41
2015-03-05,,,47.21,14.47
2015-03-04,,,47.04,14.64
2015-03-03,,,46.41,14.57
2015-03-02,,,46.49,15.01
2015-02-28,12.5,,,
2015-02-27,,,45.44,14.91
2015-02-26,,,44.91,14.92
2015-02-25,,,44.58,14.51
2015-02-17,,,44.62,14.71
2015-02-16,,,44.45,14.61
2015-02-13,,,43.57,14.54
2015-02-12,,,42.87,14.43
2015-02-11,,,42.54,14.45
2015-02-10,,,42.02,14.34
2015-02-09,,,41.46,14.11
2015-02-06,,,41.7,13.93
2015-02-05,,,42.53,14.16
2015-02-04,,,42.68,14.3
2015-02-03,,,42.74,14.45
2015-02-02,,,41.94,14.08
2015-01-31,10.8,,,
2015-01-30,,,42.07,14.43
2015-01-29,,,42.56,14.63
2015-01-28,,,42.78,14.82
2015-01-27,,,42.97,15.05
2015-01-26,,,42.7,15.21
2015-01-23,,,41.62,15.08
2015-01-22,,,41.98,15.04
2015-01-21,,,41.28,14.98
2015-01-20,,,40.39,14.26
2015-01-19,,,38.93,14.14
2015-01-16,,,40.22,15.39
2015-01-15,,,39.76,15.26
2015-01-14,,,39.43,14.78
2015-01-13,,,39.59,14.82
2015-01-12,,,38.93,14.84
2015-01-09,,,39.45,15.02
2015-01-08,,,39.75,15.05
2015-01-07,,,39.9,15.42
2015-01-06,,,39.86,15.39
2015-01-05,,,39.28,15.41
2014-12-31,12.2,14.3,43.07,14.62
2014-12-30,,,42.74,14.29
2014-12-29,,,43.5,14.22
2014-12-26,,,44.15,14.14
2014-12-25,,,43.92,13.67
2014-12-24,,,43.26,13.15
2014-12-23,,,42.42,13.59
2014-12-22,,,43.11,13.85
2014-12-19,,,45.21,13.71
2014-12-18,,,45.83,13.54
2014-12-17,,,45.87,13.59
2014-12-16,,,46.25,13.25
2014-12-15,,,46.36,12.85
2014-12-12,,,45.64,12.72
2014-12-11,,,45.22,12.7
2014-12-10,,,44.46,12.9
2014-12-09,,,42.98,12.46
2014-12-08,,,44.96,13.07
2014-12-05,,,44.6,12.5
2014-12-04,,,45.63,12.38
2014-12-03,,,44.86,11.81
2014-12-02,,,44.36,11.65
2014-12-01,,,43.83,11.2
2014-11-30,12.3,,,
2014-11-28,,,44.33,11.15
2014-11-27,,,44.34,10.89
2014-11-26,,,44.06,10.76
2014-11-25,,,43.82,10.59
2014-11-24,,,43.16,10.46
2014-11-21,,,42.64,10.21
2014-11-20,,,42.21,10.02
2014-11-19,,,42.27,10.02
2014-11-18,,,41.98,10.03
2014-11-17,,,41.77,10.16
2014-11-14,,,41.22,10.23
2014-11-13,,,41.33,10.22
2014-11-12,,,41.82,10.28
2014-11-11,,,41.15,10.15
2014-11-10,,,42.6,10.14
2014-11-07,,,42.32,9.87
2014-11-06,,,42.75,9.86
2014-11-05,,,42.42,9.86
2014-11-04,,,42.49,9.9
2014-11-03,,,42.73,9.92
2014-10-31,12.6,,43.21,10.31
2014-10-30,,,43.32,10.13
2014-10-29,,,43.34,10.07
2014-10-28,,,42.7,9.93
2014-10-27,,,41.63,9.75
2014-10-24,,,41.21,9.83
2014-10-23,,,41.1,9.88
2014-10-22,,,41.72,9.97
2014-10-21,,,42.21,10.01
2014-10-20,,,42.55,10.1
2014-10-17,,,41.87,10.05
2014-10-16,,,42.33,10.06
2014-10-15,,,43.02,10.11
2014-10-14,,,42.86,10.05
2014-10-13,,,42.99,10.08
2014-10-10,,,42.91,10.15
2014-10-09,,,43.08,10.21
2014-10-08,,,42.96,10.19
2014-09-30,12.9,,42.34,10.08
2014-09-29,,,41.96,10.04
2014-09-26,,,41.5,10.04
2014-09-25,,,41.31,10.04
2014-09-24,,,41.27,10.06
2014-09-23,,,40.72,9.89
2014-09-22,,,40.14,9.81
2014-09-19,,,40.61,9.99
2014-09-18,,,40.18,9.95
2014-09-17,,,39.91,9.93
2014-09-16,,,39.57,9.88
2014-09-15,,,40.94,10.06
2014-09-12,,,40.47,10.08
2014-09-11,,,39.95,10.02
2014-09-10,,,40.04,10.06
2014-09-09,,,39.85,10.12
2014-09-05,,,39.53,10.16
2014-09-04,,,39.35,10.08
2014-09-03,,,38.97,10
2014-09-02,,,38.67,9.91
2014-09-01,,,38.08,9.78
2014-08-31,12.8,,,
2014-08-29,,,38.26,10.08
2014-08-28,,,37.84,9.96
2014-08-27,,,38.16,10.03
2014-08-26,,,38,10.02
2014-08-25,,,38.69,10.09
2014-08-22,,,39.01,10.19
2014-08-21,,,38.69,10.15
2014-08-20,,,38.63,10.2
2014-08-19,,,38.64,10.24
2014-08-18,,,38.47,10.25
2014-08-15,,,37.93,10.2
2014-08-14,,,37.48,10.09
2014-08-13,,,37.6,10.19
2014-08-12,,,37.55,10.18
2014-08-11,,,37.31,10.23
2014-08-08,,,36.77,10.09
2014-08-07,,,36.48,10.07
2014-08-06,,,36.8,10.22
2014-08-05,,,36.6,10.27
2014-08-04,,,36.34,10.31
2014-08-01,,,35.83,10.11
2014-07-31,13.5,,36.27,10.2
2014-07-30,,,35.97,10.07
2014-07-29,,,35.78,10.12
2014-07-28,,,35.36,10.08
2014-07-25,,,34.76,9.78
2014-07-24,,,34.45,9.69
2014-07-23,,,34.63,9.5
2014-07-22,,,34.97,9.48
2014-07-21,,,34.49,9.37
2014-07-18,,,34.6,9.35
2014-07-17,,,34.53,9.3
2014-07-16,,,34.62,9.33
2014-07-15,,,34.94,9.4
2014-07-14,,,35.12,9.38
2014-07-11,,,34.63,9.28
2014-07-10,,,34.32,9.26
2014-07-09,,,34.27,9.3
2014-07-08,,,34.77,9.44
2014-07-07,,,34.51,9.42
2014-07-04,,,34.46,9.41
2014-07-03,,,34.54,9.42
2014-07-02,,,34.23,9.39
2014-07-01,,,34,9.37
2014-06-30,14.7,,34.34,9.25
2014-06-27,,,34.02,9.19
2014-06-26,,,33.74,9.2
2014-06-25,,,33.25,9.05
2014-06-24,,,33.46,9.19
2014-06-23,,,33.22,9.15
2014-06-20,,,32.89,9.17
2014-06-19,,,32.56,9.14
2014-06-18,,,33.52,9.27
2014-06-17,,,33.74,9.31
2014-06-16,,,33.95,9.41
2014-06-13,,,33.78,9.33
2014-06-12,,,33.37,9.23
2014-06-11,,,33.41,9.26
2014-06-10,,,33.22,9.26
2014-06-09,,,32.82,9.14
2014-06-06,,,33.03,9.15
2014-06-05,,,33.1,9.22
2014-06-04,,,32.72,9.08
2014-06-03,,,32.99,9.16
2014-05-31,13.4,,,
2014-05-30,,,33.06,9.18
2014-05-29,,,33,9.18
2014-05-28,,,33.37,9.23
2014-05-27,,,32.96,9.13
2014-05-26,,,33.08,9.17
2014-05-23,,,32.69,9.14
2014-05-22,,,32.35,9.04
2014-05-21,,,32.33,9.08
2014-05-20,,,32,9
2014-05-19,,,31.94,8.99
2014-05-16,,,32.09,9.13
2014-05-15,,,32.14,9.12
2014-05-14,,,32.72,9.24
2014-05-13,,,32.74,9.25
2014-05-12,,,32.74,9.27
2014-05-09,,,31.99,9.08
2014-05-08,,,32.34,9.09
2014-05-07,,,32.3,9.09
2014-05-06,,,32.86,9.18
2014-05-05,,,32.63,9.17
2014-04-30,13.2,,32.96,9.5
2014-04-29,,,32.58,9.49
2014-04-28,,,31.85,9.4
2014-04-25,,,32.79,9.54
2014-04-24,,,33.49,9.66
2014-04-23,,,33.87,9.7
2014-04-22,,,34,9.7
2014-04-21,,,34.24,9.66
2014-04-18,,,34.88,9.82
2014-04-17,,,34.71,9.8
2014-04-16,,,34.62,9.85
2014-04-15,,,34.63,9.83
2014-04-14,,,34.89,10
2014-04-11,,,34.67,10.02
2014-04-10,,,34.82,10.04
2014-04-09,,,34.62,9.87
2014-04-08,,,34.35,9.87
2014-04-04,,,34.14,9.61
2014-04-03,,,33.73,9.52
2014-04-02,,,33.81,9.59
2014-04-01,,,33.89,9.51
2014-03-31,12.1,,33.37,9.46
2014-03-28,,,33.73,9.54
2014-03-27,,,34.54,9.59
2014-03-26,,,35.07,9.67
2014-03-25,,,35.03,9.67
2014-03-24,,,35,9.69
2014-03-21,,,34.88,9.62
2014-03-20,,,34.28,9.3
2014-03-19,,,35.27,9.49
2014-03-18,,,35.17,9.58
2014-03-17,,,35.08,9.63
2014-03-14,,,34.13,9.57
2014-03-13,,,34.29,9.65
2014-03-12,,,33.9,9.51
2014-03-11,,,33.79,9.48
2014-03-10,,,33.71,9.44
2014-03-07,,,35.05,9.73
2014-03-06,,,35.19,9.78
2014-03-05,,,35.28,9.74
2014-03-04,,,35.33,9.84
2014-03-03,,,35.32,9.86
2014-02-28,13.3,,34.65,9.81
2014-02-27,,,34.35,9.7
2014-02-26,,,34.77,9.73
2014-02-25,,,34.53,9.72
2014-02-24,,,35.93,9.98
2014-02-21,,,35.83,10.2
2014-02-20,,,35.99,10.31
2014-02-19,,,36.52,10.4
2014-02-18,,,36.54,10.27
2014-02-17,,,36.51,10.41
2014-02-14,,,35.74,10.36
2014-02-13,,,35.09,10.3
2014-02-12,,,35.7,10.34
2014-02-11,,,35.25,10.3
2014-02-10,,,35.17,10.21
2014-02-07,,,34.23,9.98
2014-01-31,13.2,,,
2014-01-30,,,33.56,9.93
2014-01-29,,,33.71,10.04
2014-01-28,,,33.33,10.01
2014-01-27,,,33.37,9.99
2014-01-24,,,33.43,10.13
2014-01-23,,,32.96,10.09
2014-01-22,,,32.72,10.14
2014-01-21,,,31.96,9.89
2014-01-20,,,31.49,9.79
2014-01-17,,,31.64,9.86
2014-01-16,,,31.97,10
2014-01-15,,,31.97,10
2014-01-14,,,31.74,10.01
2014-01-13,,,31.07,9.94
2014-01-10,,,31.17,9.98
2014-01-09,,,31.75,10.05
2014-01-08,,,32.22,10.15
2014-01-07,,,32.09,10.11
2014-01-06,,,31.86,10.12
2014-01-03,,,32.73,10.32
2014-01-02,,,32.94,10.45
2013-12-31,13.6,17.5,33.33,10.21
2013-12-30,,,33.3,10.07
2013-12-27,,,33.12,10.09
2013-12-26,,,32.58,9.93
2013-12-25,,,33.11,10.07
2013-12-24,,,32.68,10.01
2013-12-23,,,32.41,9.99
2013-12-20,,,32.5,9.95
2013-12-19,,,32.89,10.2
2013-12-18,,,33.12,10.32
2013-12-17,,,33.13,10.31
2013-12-16,,,33.35,10.32
2013-12-13,,,33.87,10.47
2013-12-12,,,33.76,10.49
2013-12-11,,,33.57,10.5
2013-12-10,,,33.89,10.67
2013-12-09,,,33.84,10.66
2013-12-06,,,33.54,10.67
2013-12-05,,,33.63,10.75
2013-12-04,,,33.74,10.79
2013-12-03,,,33.26,10.65
2013-12-02,,,32.5,10.57
2013-11-30,14.2,,,
2013-11-29,,,34.33,10.62
2013-11-28,,,34.04,10.63
2013-11-27,,,33.76,10.52
2013-11-26,,,33.37,10.41
2013-11-25,,,33.23,10.42
2013-11-22,,,33.21,10.46
2013-11-21,,,33.4,10.51
2013-11-20,,,33.51,10.59
2013-11-19,,,33.2,10.54
2013-11-18,,,33.07,10.62
2013-11-15,,,32.28,10.27
2013-11-14,,,31.62,10.08
2013-11-13,,,31.15,10.02
2013-11-12,,,31.77,10.25
2013-11-11,,,31.54,10.13
2013-11-08,,,31.32,10.1
2013-11-07,,,31.81,10.23
2013-11-06,,,32.3,10.29
2013-11-05,,,32.57,10.41
2013-11-04,,,32.08,10.41
2013-11-01,,,31.85,10.43
2013-10-31,14.3,,33.64,10.83
2013-10-30,,,34.05,10.99
2013-10-29,,,33.45,10.84
2013-10-28,,,34.43,10.76
2013-10-25,,,34.54,10.78
2013-10-24,,,35.16,10.91
2013-10-23,,,35.43,11
2013-10-22,,,36.42,11.09
2013-10-21,,,36.71,11.21
2013-10-18,,,35.79,11.01
2013-10-17,,,35.57,10.96
2013-10-16,,,35.59,11
2013-10-15,,,36.62,11.19
2013-10-14,,,36.57,11.23
2013-10-11,,,36.19,11.23
2013-10-10,,,35.61,11.04
2013-10-09,,,35.71,11.17
2013-10-08,,,35.3,11.12
2013-09-30,14.2,,34.7,10.94
2013-09-27,,,34.24,10.9
2013-09-26,,,34.18,10.85
2013-09-25,,,34.84,11.05
2013-09-24,,,34.99,11.12
2013-09-23,,,34.92,11.27
2013-09-18,,,34.26,11.1
2013-09-17,,,33.99,11.07
2013-09-16,,,34.53,11.3
2013-09-13,,,34.36,11.35
2013-09-12,,,34.25,11.44
2013-09-10,,,34.53,11.21
2013-09-09,,,34.25,11.05
2013-09-06,,,34.01,10.65
2013-09-05,,,33.81,10.57
2013-09-04,,,33.75,10.62
2013-09-03,,,33.68,10.63
2013-09-02,,,33.17,10.48
2013-08-31,14.7,,,
2013-08-30,,,33.78,10.85
2013-08-29,,,34.18,10.85
2013-08-28,,,34.17,10.89
2013-08-27,,,34.47,10.95
2013-08-26,,,34.19,10.94
2013-08-23,,,33.47,10.71
2013-08-22,,,33.59,10.78
2013-08-21,,,33.52,10.8
2013-08-20,,,33.3,10.81
2013-08-19,,,33.26,10.91
2013-08-16,,,32.59,10.79
2013-08-15,,,33.29,10.86
2013-08-14,,,33.69,10.97
2013-08-13,,,33.77,11.02
2013-08-12,,,33.54,10.99
2013-08-09,,,33.16,10.68
2013-08-08,,,33.05,10.63
2013-08-07,,,32.93,10.65
2013-08-06,,,33.26,10.71
2013-08-05,,,32.94,10.65
2013-08-02,,,32.41,10.51
2013-08-01,,,32.27,10.51
2013-07-31,14.5,,31.39,10.28
2013-07-30,,,31.25,10.26
2013-07-29,,,31.31,10.19
2013-07-26,,,31.85,10.42
2013-07-25,,,31.86,10.48
2013-07-24,,,32.48,10.52
2013-07-23,,,32.25,10.62
2013-07-22,,,31.47,10.33
2013-07-19,,,30.83,10.29
2013-07-18,,,31.59,10.53
2013-07-17,,,31.62,10.72
2013-07-16,,,32.16,10.89
2013-07-15,,,31.7,10.85
2013-07-12,,,31.02,10.7
2013-07-11,,,31.2,10.94
2013-07-10,,,30.45,10.45
2013-07-09,,,29.55,10.17
2013-07-08,,,29.4,10.18
2013-07-05,,,30.54,10.44
2013-07-04,,,30.73,10.42
2013-07-03,,,30.49,10.25
2013-07-02,,,30.49,10.43
2013-07-01,,,29.93,10.4
2013-06-30,14,,,
2013-06-28,,,30.61,10.1
2013-06-27,,,30.67,9.9
2013-06-26,,,31.34,9.92
2013-06-25,,,30.68,9.92
2013-06-24,,,30.73,9.9
2013-06-21,,,32.71,10.6
2013-06-20,,,32.93,10.61
2013-06-19,,,34,10.94
2013-06-18,,,34.2,11.04
2013-06-17,,,34.07,10.96
2013-06-14,,,33.96,11.03
2013-06-13,,,33.3,10.96
2013-06-07,,,34.26,11.32
2013-06-06,,,34.79,11.51
2013-06-05,,,35.39,11.68
2013-06-04,,,35.22,11.7
2013-06-03,,,35.84,11.86
2013-05-31,15.8,,36.16,11.89
2013-05-30,,,36.34,12.02
2013-05-29,,,36.28,12.06
2013-05-28,,,36.02,12.08
2013-05-27,,,36.07,11.84
2013-05-24,,,35.61,11.86
2013-05-23,,,35.06,11.8
2013-05-22,,,35.3,11.93
2013-05-21,,,35.66,11.96
2013-05-20,,,35.16,11.95
2013-05-17,,,34.65,11.87
2013-05-16,,,34.19,11.69
2013-05-15,,,33.89,11.48
2013-05-14,,,33.45,11.43
2013-05-13,,,33.81,11.61
2013-05-10,,,33.65,11.66
2013-05-09,,,33.39,11.61
2013-05-08,,,33.35,11.7
2013-05-07,,,33.05,11.64
2013-05-06,,,32.96,11.63
2013-05-03,,,32.35,11.48
2013-05-02,,,31.68,11.29
2013-04-30,16.1,,,
2013-04-26,,,32.61,11.54
2013-04-25,,,32.99,11.64
2013-04-24,,,33.43,11.77
2013-04-23,,,32.85,11.56
2013-04-22,,,33.37,11.93
2013-04-19,,,33.19,11.99
2013-04-18,,,32.37,11.64
2013-04-17,,,32.27,11.62
2013-04-16,,,31.93,11.63
2013-04-15,,,31.75,11.5
2013-04-12,,,32.22,11.61
2013-04-11,,,32.41,11.69
2013-04-10,,,32.62,11.72
2013-04-09,,,32.65,11.73
2013-04-08,,,32.42,11.65
2013-04-03,,,32.28,11.71
2013-04-02,,,32.57,11.73
2013-04-01,,,33.02,11.77
2013-03-31,15.7,,,
2013-03-29,,,32.9,11.76
2013-03-28,,,32.96,11.84
2013-03-27,,,34.08,12.14
2013-03-26,,,33.95,12.1
2013-03-25,,,34.19,12.33
2013-03-22,,,34.05,12.37
2013-03-21,,,33.86,12.35
2013-03-20,,,33.44,12.34
2013-03-19,,,32.58,11.93
2013-03-18,,,32.6,11.83
2013-03-15,,,33.04,12.01
2013-03-14,,,33.02,11.98
2013-03-13,,,32.87,11.96
2013-03-12,,,33.15,12.08
2013-03-11,,,34.06,12.24
2013-03-08,,,34.08,12.33
2013-03-07,,,34.43,12.39
2013-03-06,,,34.7,12.54
2013-03-05,,,34.1,12.42
2013-03-04,,,33.44,12.03
2013-03-01,,,34.58,12.65
2013-02-28,15.2,,34.16,12.68
2013-02-27,,,33.5,12.33
2013-02-26,,,33.43,12.2
2013-02-25,,,33.88,12.36
2013-02-22,,,33.5,12.32
2013-02-21,,,33.56,12.4
2013-02-20,,,34.23,12.84
2013-02-19,,,33.55,12.78
2013-02-18,,,34.09,13.02
2013-02-08,,,33.82,13.2
2013-02-07,,,33.35,13.17
2013-02-06,,,33.25,13.27
2013-02-05,,,33.03,13.24
2013-02-04,,,32.78,13.15
2013-02-01,,,32.93,13.12
2013-01-31,15.9,,32.72,12.82
2013-01-30,,,32.92,12.84
2013-01-29,,,32.84,12.76
2013-01-28,,,32.54,12.65
2013-01-25,,,31.73,12.26
2013-01-24,,,31.82,12.32
2013-01-23,,,32.54,12.42
2013-01-22,,,32.49,12.36
2013-01-21,,,33.08,12.41
2013-01-18,,,32.82,12.33
2013-01-17,,,32.3,12.11
2013-01-16,,,32.66,12.22
2013-01-15,,,32.69,12.31
2013-01-14,,,32.08,12.14
2013-01-11,,,30.98,11.7
2013-01-10,,,31.75,11.92
2013-01-09,,,31.51,11.9
2013-01-08,,,31.51,11.89
2013-01-07,,,31.02,11.97
2013-01-04,,,30.62,11.92
2012-12-31,13.8,19.1,30.66,11.81
2012-12-28,,,30.36,11.6
2012-12-27,,,30,11.43
2012-12-26,,,30.27,11.49
2012-12-25,,,29.83,11.45
2012-12-24,,,29.13,11.13
2012-12-21,,,28.92,11.1
2012-12-20,,,28.93,11.16
2012-12-19,,,28.88,11.08
2012-12-18,,,28.77,11.07
2012-12-17,,,28.83,11.06
2012-12-14,,,28.65,11
2012-12-13,,,27.52,10.47
2012-12-12,,,27.91,10.58
2012-12-11,,,27.9,10.53
2012-12-10,,,28.09,10.59
2012-12-07,,,27.63,10.48
2012-12-06,,,26.98,10.28
2012-12-05,,,26.99,10.29
2012-12-04,,,26.01,9.94
2012-12-03,,,25.69,9.83
2012-11-30,13.9,,26.35,9.97
2012-11-29,,,25.97,9.85
2012-11-28,,,26.25,9.91
2012-11-27,,,26.9,10
2012-11-26,,,27.99,10.09
2012-11-23,,,28.34,10.16
2012-11-22,,,28.23,10.09
2012-11-21,,,28.58,10.16
2012-11-20,,,28.29,10.02
2012-11-19,,,28.39,10.07
2012-11-16,,,28.27,10.09
2012-11-15,,,28.42,10.16
2012-11-14,,,28.95,10.29
2012-11-13,,,28.9,10.24
2012-11-12,,,29.49,10.41
2012-11-09,,,29.3,10.36
2012-11-08,,,29.38,10.38
2012-11-07,,,30.15,10.56
2012-11-06,,,30.18,10.59
2012-11-05,,,30.43,10.63
2012-11-02,,,30.58,10.65
2012-11-01,,,30.41,10.61
2012-10-31,14.1,,28.89,10.56
2012-10-30,,,28.79,10.48
2012-10-29,,,28.74,10.46
2012-10-26,,,28.76,10.52
2012-10-25,,,29.36,10.72
2012-10-24,,,29.68,10.8
2012-10-23,,,29.7,10.82
2012-10-22,,,30,10.95
2012-10-19,,,29.85,10.91
2012-10-18,,,29.92,10.93
2012-10-17,,,29.43,10.76
2012-10-16,,,29.36,10.75
2012-10-15,,,29.27,10.74
2012-10-12,,,29.44,10.78
2012-10-11,,,29.47,10.76
2012-10-10,,,29.96,10.86
2012-10-09,,,29.62,10.85
2012-10-08,,,28.87,10.62
2012-09-30,14.8,,,
2012-09-28,,,28.91,10.75
2012-09-27,,,28.42,10.56
2012-09-26,,,27.82,10.25
2012-09-25,,,28.54,10.35
2012-09-24,,,28.75,10.37
2012-09-21,,,28.56,10.29
2012-09-20,,,28.81,10.27
2012-09-19,,,29.79,10.49
2012-09-18,,,29.54,10.44
2012-09-17,,,29.61,10.56
2012-09-14,,,30.5,10.82
2012-09-13,,,30.47,10.73
2012-09-12,,,30.93,10.83
2012-09-11,,,30.7,10.8
2012-09-10,,,30.76,10.87
2012-09-07,,,30.45,10.84
2012-09-06,,,29.47,10.37
2012-09-05,,,29.14,10.29
2012-09-04,,,28.95,10.32
2012-09-03,,,29.22,10.42
2012-08-31,13.5,,27.83,10.49
2012-08-30,,,27.73,10.45
2012-08-29,,,28.22,10.45
2012-08-28,,,28.34,10.55
2012-08-27,,,28.13,10.5
2012-08-24,,,28.77,10.71
2012-08-23,,,29.39,10.82
2012-08-22,,,29.16,10.79
2012-08-21,,,29.37,10.85
2012-08-20,,,28.89,10.83
2012-08-17,,,28.78,10.89
2012-08-16,,,28.76,10.91
2012-08-15,,,29,10.97
2012-08-14,,,29.31,11.08
2012-08-13,,,29,11.06
2012-08-10,,,29.67,11.28
2012-08-09,,,29.68,11.34
2012-08-08,,,29.24,11.24
2012-08-07,,,29.33,11.24
2012-08-06,,,28.98,11.23
2012-08-03,,,28.28,11.09
2012-08-02,,,27.66,11.02
2012-08-01,,,27.84,11.14
2012-07-31,13.9,,27.36,11.03
2012-07-30,,,27.86,11.01
2012-07-27,,,28.51,11.05
2012-07-26,,,28.69,11.04
2012-07-25,,,28.98,11.09
2012-07-24,,,29.22,11.16
2012-07-23,,,28.98,11.11
2012-07-20,,,29.24,11.28
2012-07-19,,,29.36,11.4
2012-07-18,,,28.97,11.35
2012-07-17,,,28.73,11.37
2012-07-16,,,28.49,11.29
2012-07-13,,,29.7,11.52
2012-07-12,,,29.86,11.5
2012-07-11,,,29.41,11.39
2012-07-10,,,29.12,11.34
2012-07-09,,,29.41,11.37
2012-07-06,,,30.19,11.63
2012-07-05,,,29.62,11.44
2012-07-04,,,30.32,11.57
2012-07-03,,,30.51,11.58
2012-07-02,,,30.41,11.56
2012-06-30,13.6,,,
2012-06-29,,,31.43,11.54
2012-06-28,,,30.98,11.36
2012-06-27,,,31.48,11.45
2012-06-26,,,31.57,11.47
2012-06-25,,,31.58,11.48
2012-06-21,,,32.47,11.73
2012-06-20,,,32.92,11.92
2012-06-19,,,33.07,11.95
2012-06-18,,,33.31,12.02
2012-06-15,,,32.97,11.98
2012-06-14,,,32.97,11.94
2012-06-13,,,33.17,12.04
2012-06-12,,,32.56,11.83
2012-06-11,,,32.74,11.92
2012-06-08,,,32.18,11.77
2012-06-07,,,32.32,11.86
2012-06-06,,,32.52,11.92
2012-06-05,,,32.65,11.92
2012-06-04,,,32.67,11.92
2012-06-01,,,33.86,12.22
2012-05-31,13.2,,33.91,12.18
2012-05-30,,,33.81,12.24
2012-05-29,,,33.73,12.28
2012-05-28,,,33.21,12.12
2012-05-25,,,32.77,11.89
2012-05-24,,,33.14,12.03
2012-05-23,,,33.43,12.13
2012-05-22,,,33.46,12.19
2012-05-21,,,32.91,12
2012-05-18,,,33.02,11.94
2012-05-17,,,33.64,12.12
2012-05-16,,,33.17,11.94
2012-05-15,,,33.56,12.14
2012-05-14,,,33.66,12.12
2012-05-11,,,33.68,12.22
2012-05-10,,,33.88,12.31
2012-05-09,,,33.75,12.31
2012-05-08,,,34.31,12.54
2012-05-07,,,34.24,12.59
2012-05-04,,,33.97,12.52
2012-05-03,,,33.75,12.49
2012-05-02,,,33.63,12.46
2012-04-30,12.8,,,
2012-04-27,,,31.95,12.5
2012-04-26,,,32.21,12.53
2012-04-25,,,32.52,12.53
2012-04-24,,,32.02,12.49
2012-04-23,,,32.15,12.47
2012-04-20,,,32.56,12.56
2012-04-19,,,32.13,12.43
2012-04-18,,,32.18,12.47
2012-04-17,,,31.27,12.2
2012-04-16,,,31.61,12.32
2012-04-13,,,31.55,12.36
2012-04-12,,,31.34,12.31
2012-04-11,,,30.66,12.08
2012-04-10,,,30.49,12.09
2012-04-09,,,30.13,11.97
2012-04-06,,,30.41,12.06
2012-04-05,,,30.13,11.99
2012-03-31,13.4,,,
2012-03-30,,,29.13,11.69
2012-03-29,,,29.01,11.66
2012-03-28,,,29.58,11.85
2012-03-27,,,30.53,12.12
2012-03-26,,,30.6,12.17
2012-03-23,,,30.59,12.12
2012-03-22,,,31.16,12.29
2012-03-21,,,31.28,12.29
2012-03-20,,,31.13,12.29
2012-03-19,,,31.69,12.51
2012-03-16,,,31.14,12.5
2012-03-15,,,30.26,12.4
2012-03-14,,,30.61,12.49
2012-03-13,,,32.1,12.81
2012-03-12,,,31.81,12.75
2012-03-09,,,31.6,12.83
2012-03-08,,,31.26,12.72
2012-03-07,,,30.79,12.57
2012-03-06,,,30.96,12.65
2012-03-05,,,31.25,12.85
2012-03-02,,,31.14,12.94
2012-03-01,,,30.44,12.72
2012-02-29,13,,30.12,12.74
2012-02-28,,,30.42,12.88
2012-02-27,,,30.66,12.84
2012-02-24,,,30.64,12.8
2012-02-23,,,30.24,12.58
2012-02-22,,,30.19,12.55
2012-02-21,,,29.61,12.4
2012-02-20,,,29.66,12.27
2012-02-17,,,29.1,12.27
2012-02-16,,,29.21,12.26
2012-02-15,,,29.2,12.33
2012-02-14,,,28.72,12.2
2012-02-13,,,28.67,12.26
2012-02-10,,,28.29,12.28
2012-02-09,,,28.13,12.27
2012-02-08,,,27.87,12.27
2012-02-07,,,27.1,11.94
2012-02-06,,,27.57,12.17
2012-02-03,,,27.33,12.18
2012-02-02,,,26.83,12.09
2012-02-01,,,26.31,11.82
2012-01-31,12.4,,26.5,11.98
2012-01-30,,,26.47,11.97
2012-01-20,,,26.62,12.18
2012-01-19,,,26.27,12.01
2012-01-18,,,26.04,11.77
2012-01-17,,,26.67,11.98
2012-01-16,,,25.25,11.44
2012-01-13,,,26.14,11.65
2012-01-12,,,27.18,11.83
2012-01-11,,,27.19,11.83
2012-01-10,,,27.13,11.9
2012-01-09,,,26.03,11.53
2012-01-06,,,24.95,11.14
2012-01-05,,,24.82,11.06
2012-01-04,,,26.01,11.13
2011-12-31,13.6,18.2,,
2011-12-30,,,27.25,11.31
2011-12-29,,,26.78,11.15
2011-12-28,,,26.74,11.12
2011-12-27,,,26.95,11.09
2011-12-26,,,27.75,11.22
2011-12-23,,,27.93,11.32
2011-12-22,,,27.69,11.23
2011-12-21,,,28.19,11.21
2011-12-20,,,28.92,11.38
2011-12-19,,,29.05,11.4
2011-12-16,,,29,11.43
2011-12-15,,,28.18,11.2
2011-12-14,,,29,11.46
2011-12-13,,,29.62,11.55
2011-12-12,,,30.79,11.79
2011-12-09,,,31.19,11.93
2011-12-08,,,31.51,12.03
2011-12-07,,,31.53,12.04
2011-12-06,,,31.45,11.98
2011-12-05,,,31.44,12.01
2011-12-02,,,32.57,12.16
2011-12-01,,,33.27,12.26
2011-11-30,12.7,,32.59,11.96
2011-11-29,,,34.04,12.36
2011-11-28,,,33.49,12.2
2011-11-25,,,33.45,12.19
2011-11-24,,,33.68,12.27
2011-11-23,,,33.71,12.25
2011-11-22,,,33.85,12.37
2011-11-21,,,33.89,12.37
2011-11-18,,,33.81,12.36
2011-11-17,,,34.81,12.62
2011-11-16,,,34.81,12.65
2011-11-15,,,35.68,13
2011-11-14,,,35.38,13.04
2011-11-11,,,34.52,12.78
2011-11-10,,,34.52,12.81
2011-11-09,,,35.02,13.06
2011-11-08,,,34.45,12.96
2011-11-07,,,34.88,12.99
2011-11-04,,,35.02,13.13
2011-11-03,,,34.72,13.04
2011-11-02,,,34.51,13.04
2011-11-01,,,33.93,12.81
2011-10-31,12.9,,34.08,13.33
2011-10-28,,,33.85,13.42
2011-10-27,,,33.15,13.17
2011-10-26,,,33.12,13.13
2011-10-25,,,32.88,13.01
2011-10-24,,,32.11,12.77
2011-10-21,,,31.59,12.42
2011-10-20,,,32.16,12.47
2011-10-19,,,33.17,12.77
2011-10-18,,,33.36,12.82
2011-10-17,,,34.48,13.18
2011-10-14,,,34.36,13.12
2011-10-13,,,34.51,13.16
2011-10-12,,,34.02,13.06
2011-10-11,,,32.88,12.6
2011-10-10,,,32.93,12.61
2011-09-30,13,,33.05,12.73
2011-09-29,,,33.18,12.75
2011-09-28,,,34.36,12.84
2011-09-27,,,35.01,12.96
2011-09-26,,,34.85,12.82
2011-09-23,,,35.44,13.13
2011-09-22,,,35.75,13.21
2011-09-21,,,36.78,13.63
2011-09-20,,,35.77,13.23
2011-09-19,,,35.53,13.18
2011-09-16,,,36.22,13.45
2011-09-15,,,36.18,13.43
2011-09-14,,,36.13,13.45
2011-09-13,,,35.71,13.4
2011-09-09,,,36.28,13.54
2011-09-08,,,36.49,13.55
2011-09-07,,,36.9,13.66
2011-09-06,,,35.99,13.4
2011-09-05,,,36.23,13.5
2011-09-02,,,37.12,13.79
2011-09-01,,,37.53,13.94
2011-08-31,13.5,,39.94,15.02
2011-08-30,,,39.93,14.99
2011-08-29,,,40.31,15.03
2011-08-26,,,40.6,15.3
2011-08-25,,,40.42,15.31
2011-08-24,,,39.71,14.81
2011-08-23,,,39.77,14.87
2011-08-22,,,39.11,14.64
2011-08-19,,,39.34,14.8
2011-08-18,,,39.74,15.03
2011-08-17,,,40.5,15.3
2011-08-16,,,40.58,15.36
2011-08-15,,,40.85,15.46
2011-08-12,,,40.2,15.23
2011-08-11,,,39.7,15.2
2011-08-10,,,38.98,14.98
2011-08-09,,,38.43,14.85
2011-08-08,,,38.49,14.82
2011-08-05,,,40.72,15.34
2011-08-04,,,41.67,15.57
2011-08-03,,,41.49,15.54
2011-08-02,,,41.36,15.54
2011-08-01,,,41.6,15.65
2011-07-31,14.7,,,
2011-07-29,,,41.38,15.65
2011-07-28,,,41.79,15.66
2011-07-27,,,42,15.77
2011-07-26,,,41.3,15.68
2011-07-25,,,40.98,15.63
2011-07-22,,,42.75,16.14
2011-07-21,,,42.52,16.09
2011-07-20,,,43.06,16.26
2011-07-19,,,42.99,16.26
2011-07-18,,,43.44,16.38
2011-07-15,,,43.38,16.45
2011-07-14,,,43.07,16.42
2011-07-13,,,42.68,16.39
2011-07-12,,,41.84,16.12
2011-07-11,,,42.49,16.41
2011-07-08,,,42.05,16.4
2011-07-07,,,42.14,16.37
2011-07-06,,,42.13,16.45
2011-07-05,,,42.01,16.5
2011-07-04,,,41.71,16.43
2011-07-01,,,40.72,16.06
2011-06-30,15.9,,41.75,16
2011-06-29,,,41.18,15.77
2011-06-28,,,41.71,15.94
2011-06-27,,,41.63,15.96
2011-06-24,,,41.05,15.88
2011-06-23,,,40.09,15.55
2011-06-22,,,39.36,15.29
2011-06-21,,,39.41,15.29
2011-06-20,,,38.84,15.1
2011-06-17,,,39.37,15.18
2011-06-16,,,39.94,15.25
2011-06-15,,,40.94,15.53
2011-06-14,,,41.27,15.69
2011-06-13,,,40.69,15.42
2011-06-10,,,40.66,15.53
2011-06-09,,,40.5,15.45
2011-06-08,,,41.51,15.77
2011-06-07,,,41.25,15.73
2011-06-03,,,40.8,15.57
2011-06-02,,,40.14,15.5
2011-06-01,,,40.76,15.74
2011-05-31,15.1,,40.26,15.77
2011-05-30,,,39.37,15.52
2011-05-27,,,40.15,15.54
2011-05-26,,,41.6,15.59
2011-05-25,,,42.1,15.64
2011-05-24,,,42.57,15.83
2011-05-23,,,42.53,15.79
2011-05-20,,,44.24,16.31
2011-05-19,,,44.35,16.3
2011-05-18,,,44.63,16.39
2011-05-17,,,44.37,16.23
2011-05-16,,,44.68,16.16
2011-05-13,,,44.69,16.35
2011-05-12,,,44.31,16.14
2011-05-11,,,44.89,16.4
2011-05-10,,,44.74,16.49
2011-05-09,,,44.38,16.36
2011-05-06,,,43.94,16.17
2011-05-05,,,43.7,16.35
2011-05-04,,,43.53,16.32
2011-05-03,,,44.46,16.75
2011-04-30,15.3,,,
2011-04-29,,,45.88,17.8
2011-04-28,,,45.23,17.66
2011-04-27,,,46.81,18.22
2011-04-26,,,47.81,18.27
2011-04-25,,,48.03,18.39
2011-04-22,,,49.41,18.58
2011-04-21,,,49.83,18.76
2011-04-20,,,49.57,18.65
2011-04-19,,,49.4,18.64
2011-04-18,,,49.93,19.02
2011-04-15,,,49.58,19.03
2011-04-14,,,49.49,18.99
2011-04-13,,,49.54,19.1
2011-04-12,,,49.11,18.83
2011-04-11,,,49.19,18.87
2011-04-08,,,49.31,19.24
2011-04-07,,,49.29,19.11
2011-04-06,,,48.98,19.07
2011-04-01,,,48.89,18.83
2011-03-31,16.6,,48.35,18.57
2011-03-30,,,49.15,18.9
2011-03-29,,,49.66,19.04
2011-03-28,,,50.54,19.35
2011-03-25,,,50.81,19.55
2011-03-24,,,50.61,19.35
2011-03-23,,,50.54,19.45
2011-03-22,,,50.08,19.19
2011-03-21,,,50.11,19.09
2011-03-18,,,50.58,19.16
2011-03-17,,,50.36,19.16
2011-03-16,,,51.38,19.45
2011-03-15,,,50.95,19.2
2011-03-14,,,51.78,19.59
2011-03-11,,,51.59,19.5
2011-03-10,,,51.77,19.71
2011-03-09,,,52.34,20.08
2011-03-08,,,52.16,20.08
2011-03-07,,,51.74,20.18
2011-03-04,,,51.2,19.79
2011-03-03,,,50.52,19.51
2011-03-02,,,51.41,19.6
2011-03-01,,,51.53,19.65
2011-02-28,15.7,,51.4,19.54
2011-02-25,,,50.78,19.3
2011-02-24,,,50.75,19.27
2011-02-23,,,50.33,19.15
2011-02-22,,,49.64,19.1
2011-02-21,,,51.23,19.68
2011-02-18,,,50.19,19.42
2011-02-17,,,50.46,19.63
2011-02-16,,,50.19,19.67
2011-02-15,,,49.33,19.51
2011-02-14,,,49.29,19.53
2011-02-11,,,48.51,18.9
2011-02-10,,,48.52,18.83
2011-02-09,,,47.21,18.45
2011-02-01,,,47.21,18.69
2011-01-31,17.2,,47.06,18.69
2011-01-28,,,46.35,18.48
2011-01-27,,,45.85,18.41
2011-01-26,,,45.18,18.11
2011-01-25,,,44.39,17.89
2011-01-24,,,45.21,17.96
2011-01-21,,,46.09,18.13
2011-01-20,,,45.66,17.89
2011-01-19,,,47.28,18.51
2011-01-18,,,46.17,18.12
2011-01-17,,,45.98,18.09
2011-01-14,,,48.03,18.78
2011-01-13,,,48.97,19.08
2011-01-12,,,49.04,19.07
2011-01-11,,,48.62,18.95
2011-01-10,,,49,18.83
2011-01-07,,,50.11,19.19
2011-01-06,,,50.32,19.13
2011-01-05,,,50.41,19.25
2011-01-04,,,50.15,19.36
2010-12-31,19.72,27,52.14,14.75
2010-12-30,,,51.03,14.53
2010-12-29,,,50.88,14.46
2010-12-28,,,49.98,14.42
2010-12-27,,,51.1,14.6
2010-12-24,,,52.89,14.77
2010-12-23,,,53.75,14.83
2010-12-22,,,54.82,14.91
2010-12-21,,,55.29,15.05
2010-12-20,,,54.61,14.75
2010-12-17,,,55.28,14.99
2010-12-16,,,55.26,15.05
2010-12-15,,,55.09,15.11
2010-12-14,,,55.25,15.16
2010-12-13,,,54.4,15.15
2010-12-10,,,52.81,14.72
2010-12-09,,,52.09,14.58
2010-12-08,,,53.21,14.76
2010-12-07,,,53.3,14.93
2010-12-06,,,52.69,14.84
2010-12-03,,,53.43,14.68
2010-12-02,,,53.78,14.65
2010-12-01,,,53.34,14.54
2010-11-30,19.5,,53.11,14.54
2010-11-29,,,54.71,14.69
2010-11-26,,,54.54,14.69
2010-11-25,,,54.74,14.83
2010-11-24,,,54.09,14.63
2010-11-23,,,52.62,14.56
2010-11-22,,,53.48,14.84
2010-11-19,,,52.68,14.92
2010-11-18,,,51.26,14.87
2010-11-17,,,50.54,14.68
2010-11-16,,,52.43,14.9
2010-11-15,,,54.27,15.58
2010-11-12,,,52.95,15.47
2010-11-11,,,56.73,16.25
2010-11-10,,,57.34,15.98
2010-11-09,,,57.2,16.09
2010-11-08,,,57.02,16.26
2010-11-05,,,55.81,16.03
2010-11-04,,,54.94,15.78
2010-11-03,,,53.75,15.55
2010-11-02,,,54.33,15.63
2010-11-01,,,54.44,15.7
2010-10-31,19.3,,,
2010-10-29,,,52.9,15.3
2010-10-28,,,52.38,15.42
2010-10-27,,,52.19,15.46
2010-10-26,,,52.64,15.71
2010-10-25,,,52.13,15.84
2010-10-22,,,50.89,15.35
2010-10-21,,,50.42,15.46
2010-10-20,,,49.93,15.6
2010-10-19,,,49.93,15.52
2010-10-18,,,48.6,15.26
2010-10-15,,,49.1,15.24
2010-10-14,,,49.02,14.67
2010-10-13,,,50.68,14.54
2010-10-12,,,50.3,14.38
2010-10-11,,,49.96,14.2
2010-10-08,,,49.51,13.78
2010-09-30,18.96,,48.41,13.34
2010-09-29,,,47.69,13.11
2010-09-28,,,48.33,13.1
2010-09-27,,,48.56,13.21
2010-09-21,,,47.39,13.02
2010-09-20,,,47.5,12.98
2010-09-17,,,48.05,13.04
2010-09-16,,,48.13,12.98
2010-09-15,,,49.4,13.22
2010-09-14,,,50.28,13.44
2010-09-13,,,50.07,13.44
2010-09-10,,,49.22,13.34
2010-09-09,,,48.8,13.32
2010-09-08,,,49.58,13.54
2010-09-07,,,49.26,13.59
2010-09-06,,,48.84,13.58
2010-09-03,,,48.95,13.33
2010-09-02,,,48.45,13.34
2010-09-01,,,47.37,13.19
2010-08-31,19.2,,55.1,17.34
2010-08-30,,,54.64,17.46
2010-08-27,,,53.5,17.19
2010-08-26,,,53.26,17.16
2010-08-25,,,52.94,17.11
2010-08-24,,,54,17.46
2010-08-23,,,53.31,17.44
2010-08-20,,,52.8,17.47
2010-08-19,,,53.91,17.7
2010-08-18,,,53.78,17.56
2010-08-17,,,53.83,17.59
2010-08-16,,,53.27,17.51
2010-08-13,,,52.25,17.15
2010-08-12,,,51.28,16.97
2010-08-11,,,51.85,17.18
2010-08-10,,,51.19,17.1
2010-08-09,,,53.12,17.57
2010-08-06,,,52.48,17.52
2010-08-05,,,51.48,17.29
2010-08-04,,,51.32,17.46
2010-08-03,,,50.69,17.44
2010-08-02,,,51.53,17.75
2010-07-31,17.6,,,
2010-07-30,,,50.57,17.49
2010-07-29,,,50.55,17.56
2010-07-28,,,50.1,17.5
2010-07-27,,,48.93,17.09
2010-07-26,,,48.98,17.17
2010-07-23,,,48.32,17.13
2010-07-22,,,48.34,17.04
2010-07-21,,,47.57,16.86
2010-07-20,,,47.44,16.78
2010-07-19,,,46.12,16.49
2010-07-16,,,45.06,16.09
2010-07-15,,,44.68,16.04
2010-07-14,,,45.81,16.38
2010-07-13,,,45.27,16.29
2010-07-12,,,46.04,16.53
2010-07-09,,,45.44,16.4
2010-07-08,,,44.1,16.04
2010-07-07,,,44.3,16.06
2010-07-06,,,43.77,15.99
2010-07-05,,,42.46,15.68
2010-07-02,,,42.68,15.76
2010-07-01,,,42.81,15.72
2010-06-30,18.46,,55.06,15.63
2010-06-29,,,55.44,15.78
2010-06-28,,,58.51,16.42
2010-06-25,,,60.25,16.51
2010-06-24,,,61.44,16.43
2010-06-23,,,61.47,16.58
2010-06-22,,,61.25,16.73
2010-06-21,,,61.01,16.67
2010-06-18,,,59.42,16.18
2010-06-17,,,62.42,16.39
2010-06-11,,,63.53,16.4
2010-06-10,,,63.93,16.27
2010-06-09,,,63.02,16.53
2010-06-08,,,61.88,15.94
2010-06-07,,,61.05,16.05
2010-06-04,,,59.93,16.39
2010-06-03,,,59.06,16.43
2010-06-02,,,58.93,16.52
2010-06-01,,,57.84,16.58
2010-05-31,21,,58.79,16.71
2010-05-28,,,60.2,17.08
2010-05-27,,,59.62,17.12
2010-05-26,,,58.35,17
2010-05-25,,,58.52,16.98
2010-05-24,,,58.76,17.36
2010-05-21,,,56.25,16.83
2010-05-20,,,54.57,16.61
2010-05-19,,,55.19,16.78
2010-05-18,,,54.59,16.83
2010-05-17,,,53.97,16.56
2010-05-14,,,57.17,17.49
2010-05-13,,,56.64,17.64
2010-05-12,,,55.21,17.29
2010-05-11,,,56.77,17.06
2010-05-10,,,58.3,17.38
2010-05-07,,,59.92,17.19
2010-05-06,,,60.77,17.5
2010-05-05,,,62.36,18.29
2010-05-04,,,60.24,18.17
2010-04-30,21.48,,73.92,19.33
2010-04-29,,,76.19,19.21
2010-04-28,,,79.45,19.28
2010-04-27,,,80.52,19.35
2010-04-26,,,82.94,19.72
2010-04-23,,,83.83,19.84
2010-04-22,,,84.56,19.95
2010-04-21,,,83.29,20.24
2010-04-20,,,80.64,19.92
2010-04-19,,,79.89,20.04
2010-04-16,,,82.31,21.13
2010-04-15,,,81.44,21.39
2010-04-14,,,83.64,21.4
2010-04-13,,,83.03,21.42
2010-04-12,,,86.43,21.11
2010-04-09,,,84.46,21.35
2010-04-08,,,82.31,21.19
2010-04-07,,,82.25,21.45
2010-04-06,,,80.97,21.57
2010-04-02,,,79.72,21.61
2010-04-01,,,79.76,21.55
2010-03-31,22.5,,78.89,21.33
2010-03-30,,,77.86,21.51
2010-03-29,,,76.96,21.48
2010-03-26,,,76.92,20.95
2010-03-25,,,76.57,20.66
2010-03-24,,,76.31,20.9
2010-03-23,,,74.6,20.86
2010-03-22,,,74.83,21.02
2010-03-19,,,74.14,20.98
2010-03-18,,,74.26,20.77
2010-03-17,,,73.15,20.84
2010-03-16,,,71.7,20.45
2010-03-15,,,71.49,20.3
2010-03-12,,,71.65,20.61
2010-03-11,,,72.2,20.88
2010-03-10,,,72.02,20.83
2010-03-09,,,72.79,20.95
2010-03-08,,,72.84,20.79
2010-03-05,,,71.95,20.66
2010-03-04,,,71.56,20.62
2010-03-03,,,73.89,21.06
2010-03-02,,,73.31,20.95
2010-03-01,,,73.09,21.03
2010-02-28,25.52,,,
2010-02-26,,,72.21,20.72
2010-02-25,,,72.14,20.79
2010-02-24,,,71.09,20.52
2010-02-23,,,68.81,20.29
2010-02-22,,,68.52,20.5
2010-02-12,,,68.72,20.64
2010-02-11,,,67.56,20.42
2010-02-10,,,67.52,20.38
2010-02-09,,,66.07,20.14
2010-02-08,,,66.01,20.06
2010-02-05,,,66.02,20.1
2010-02-04,,,67.13,20.5
2010-02-03,,,66.76,20.58
2010-02-02,,,66.56,20.05
2010-02-01,,,67.21,20.07
2010-01-31,25.98,,,
2010-01-29,,,68.34,20.38
2010-01-28,,,67.67,20.44
2010-01-27,,,67.38,20.43
2010-01-26,,,67.85,20.71
2010-01-25,,,69.86,21.1
2010-01-22,,,70.82,21.37
2010-01-21,,,72.97,21.49
2010-01-20,,,72.87,21.36
2010-01-19,,,76.45,22.05
2010-01-18,,,77.16,22.02
2010-01-15,,,76.66,21.98
2010-01-14,,,76.21,21.92
2010-01-13,,,74.23,21.67
2010-01-12,,,75.2,22.48
2010-01-11,,,72.94,22.12
2010-01-08,,,71.48,21.73
2010-01-07,,,71.06,21.7
2010-01-06,,,72.47,22.19
2010-01-05,,,72.86,22.41
2010-01-04,,,71.93,22.25
2009-12-31,27.68,34.8,77.09,22.35
2009-12-30,,,76.3,22.31
2009-12-29,,,76.99,21.89
2009-12-28,,,76.34,21.75
2009-12-25,,,74.66,21.43
2009-12-24,,,74.11,21.53
2009-12-23,,,71.57,20.99
2009-12-22,,,70.28,20.83
2009-12-21,,,72.13,21.24
2009-12-18,,,71.04,21.14
2009-12-17,,,73.25,21.51
2009-12-16,,,75.44,21.97
2009-12-15,,,76.15,22.13
2009-12-14,,,75.88,22.34
2009-12-11,,,76.15,21.89
2009-12-10,,,76.22,21.94
2009-12-09,,,75.24,21.85
2009-12-08,,,76.36,22.17
2009-12-07,,,76.41,22.42
2009-12-04,,,75.07,22.21
2009-12-03,,,76.9,21.72
2009-12-02,,,76.4,21.81
2009-12-01,,,75.27,21.62
2009-11-30,29.74,,73.36,21.35
2009-11-27,,,70.22,20.7
2009-11-26,,,71.92,21.16
2009-11-25,,,74.72,21.88
2009-11-24,,,72.29,21.47
2009-11-23,,,75.2,22.13
2009-11-20,,,73.85,21.98
2009-11-19,,,73.41,22.11
2009-11-18,,,72.49,22.07
2009-11-17,,,72.09,21.93
2009-11-16,,,71.61,21.87
2009-11-13,,,70.01,21.26
2009-11-12,,,69.25,21.15
2009-11-11,,,69.03,21.11
2009-11-10,,,68.7,21.19
2009-11-09,,,68.72,21.13
2009-11-06,,,68.08,21.06
2009-11-05,,,67.92,21.01
2009-11-04,,,67.3,20.85
2009-11-03,,,66.58,20.77
2009-11-02,,,65.17,20.57
2009-10-31,29.42,,,
2009-10-30,,,63.6,19.96
2009-10-29,,,63.1,19.7
2009-10-28,,,64.42,20.15
2009-10-27,,,63.99,20.11
2009-10-26,,,65.67,22.77
2009-10-23,,,65.3,22.81
2009-10-22,,,64.28,22.38
2009-10-21,,,64.01,22.56
2009-10-20,,,64.77,22.63
2009-10-19,,,63.55,22.28
2009-10-16,,,62.19,21.79
2009-10-15,,,62.03,22.81
2009-10-14,,,61.86,22.73
2009-10-13,,,61.02,22.55
2009-10-12,,,60.13,22.21
2009-10-09,,,59.88,22.3
2009-09-30,29.310000000000002,,56.79,21.31
2009-09-29,,,55.77,21
2009-09-28,,,57.24,20.97
2009-09-25,,,58.76,21.49
2009-09-24,,,59.52,21.64
2009-09-23,,,60.18,21.5
2009-09-22,,,61.74,21.91
2009-09-21,,,62.9,22.42
2009-09-18,,,61.96,22.38
2009-09-17,,,63.7,23.21
2009-09-16,,,62.15,22.78
2009-09-15,,,61.74,23.11
2009-09-14,,,60.83,23.03
2009-09-11,,,59.44,22.66
2009-09-10,,,58.58,22.09
2009-09-09,,,58.96,22.29
2009-09-08,,,58.47,22.18
2009-09-07,,,57.54,21.77
2009-09-04,,,56.54,21.64
2009-09-03,,,55.6,21.53
2009-09-02,,,53.05,20.5
2009-09-01,,,52.57,20.18
2009-08-31,28.529999999999998,,51.49,22.03
2009-08-28,,,55.29,23.65
2009-08-27,,,56.57,24.44
2009-08-26,,,55.93,24.51
2009-08-25,,,54.45,24.04
2009-08-24,,,55.13,24.94
2009-08-21,,,53.29,24.84
2009-08-20,,,51.59,24.41
2009-08-19,,,49.77,23.48
2009-08-18,,,52.21,24.59
2009-08-17,,,51.6,24.12
2009-08-14,,,54.98,25.65
2009-08-13,,,57.27,26.42
2009-08-12,,,57.11,26.04
2009-08-11,,,59.86,27.31
2009-08-10,,,59.54,27.17
2009-08-07,,,59.02,27.22
2009-08-06,,,60.62,28
2009-08-05,,,61.34,28.49
2009-08-04,,,60.88,28.84
2009-08-03,,,60.33,28.93
2009-07-31,28.42,,59.42,28.68
2009-07-30,,,57.81,27.94
2009-07-29,,,57.32,27.26
2009-07-28,,,59.92,28.58
2009-07-27,,,59.26,28.46
2009-07-24,,,58.81,27.85
2009-07-23,,,59.1,27.77
2009-07-22,,,58.86,27.38
2009-07-21,,,58.23,26.93
2009-07-20,,,59.62,27.3
2009-07-17,,,58.64,26.84
2009-07-16,,,58,26.85
2009-07-15,,,58.29,26.78
2009-07-14,,,57.65,26.53
2009-07-13,,,56.68,25.84
2009-07-10,,,56.05,26.14
2009-07-09,,,56.01,26.15
2009-07-08,,,54.64,25.8
2009-07-07,,,53.93,25.86
2009-07-06,,,53.29,26.12
2009-07-03,,,53.15,26.83
2009-07-02,,,52.96,26.81
2009-07-01,,,52.38,26.46
2009-06-30,28.46,,49.51,25.95
2009-06-29,,,49.24,26.09
2009-06-26,,,49.1,25.7
2009-06-25,,,49.01,25.66
2009-06-24,,,48.74,25.66
2009-06-23,,,48.28,25.45
2009-06-22,,,48.21,25.43
2009-06-19,,,48.3,25.35
2009-06-18,,,49.03,25.13
2009-06-17,,,48.69,24.77
2009-06-16,,,48.29,24.39
2009-06-15,,,48.25,24.43
2009-06-12,,,47.63,23.9
2009-06-11,,,48.67,24.36
2009-06-10,,,48.87,24.53
2009-06-09,,,48.14,24.09
2009-06-08,,,47.62,24.19
2009-06-05,,,48.71,24.11
2009-06-04,,,48.09,24.33
2009-06-03,,,48.37,24.08
2009-06-02,,,47.79,23.5
2009-06-01,,,47.7,23.5
2009-05-31,25.74,,,
2009-05-27,,,47.06,22.71
2009-05-26,,,47.11,22.3
2009-05-25,,,46.56,22.57
2009-05-22,,,46.48,22.48
2009-05-21,,,46.43,22.51
2009-05-20,,,47.26,23.03
2009-05-19,,,47.06,23.32
2009-05-18,,,47.24,24.01
2009-05-15,,,47.11,23.96
2009-05-14,,,46.75,23.95
2009-05-13,,,46.64,24.17
2009-05-12,,,46.13,23.99
2009-05-11,,,45.02,23.54
2009-05-08,,,46.73,24
2009-05-07,,,47.12,23.7
2009-05-06,,,47.34,23.55
2009-05-05,,,46.58,23.38
2009-05-04,,,46.11,23.27
2009-04-30,25.889999999999997,,45.37,16.76
2009-04-29,,,45.02,16.71
2009-04-28,,,44.26,16.12
2009-04-27,,,43.89,16.12
2009-04-24,,,45.49,16.37
2009-04-23,,,45.82,16.48
2009-04-22,,,45.44,16.39
2009-04-21,,,47.53,17
2009-04-20,,,48.04,17.19
2009-04-17,,,46.86,16.75
2009-04-16,,,48.34,16.9
2009-04-15,,,48.67,16.89
2009-04-14,,,48.02,16.85
2009-04-13,,,46.35,16.69
2009-04-10,,,45.12,16.34
2009-04-09,,,43.48,15.9
2009-04-08,,,42.42,15.65
2009-04-07,,,44.06,16.32
2009-04-03,,,43.11,16.29
2009-04-02,,,42.68,16.26
2009-04-01,,,42.11,16.08
2009-03-31,25.51,,41.45,15.87
2009-03-30,,,41.05,15.72
2009-03-27,,,40.49,15.77
2009-03-26,,,40.27,15.63
2009-03-25,,,39.45,15.13
2009-03-24,,,40.2,15.47
2009-03-23,,,39.79,15.37
2009-03-20,,,39.12,15
2009-03-19,,,39.44,15.07
2009-03-18,,,38.83,14.79
2009-03-17,,,38.53,14.75
2009-03-16,,,37.38,14.25
2009-03-13,,,36.83,14.02
2009-03-12,,,36.83,14.09
2009-03-11,,,36.79,14.12
2009-03-10,,,36.84,14.26
2009-03-09,,,35.94,14.01
2009-03-06,,,37.17,14.54
2009-03-05,,,37.42,14.63
2009-03-04,,,37.13,14.48
2009-03-03,,,35.1,13.59
2009-03-02,,,34.84,13.74
2009-02-28,20.48,,,
2009-02-27,,,34.18,13.83
2009-02-26,,,36.45,14.1
2009-02-25,,,39.16,14.78
2009-02-24,,,38.55,14.75
2009-02-23,,,40.18,15.5
2009-02-20,,,39.68,15.1
2009-02-19,,,39,14.83
2009-02-18,,,38.01,14.68
2009-02-17,,,39.46,15.42
2009-02-16,,,40.78,15.98
2009-02-13,,,40.19,15.51
2009-02-12,,,39.09,14.97
2009-02-11,,,38.66,15.03
2009-02-10,,,38.87,14.96
2009-02-09,,,37.95,14.79
2009-02-06,,,36.85,14.48
2009-02-05,,,35.52,13.93
2009-02-04,,,35.98,14.02
2009-02-03,,,35.54,13.63
2009-02-02,,,34.85,13.32
2009-01-31,18.79,,,
2009-01-23,,,33.92,13.12
2009-01-22,,,34.01,13.16
2009-01-21,,,33.61,13.05
2009-01-20,,,33.87,13.1
2009-01-19,,,33.26,13
2009-01-16,,,33.36,12.82
2009-01-15,,,33.71,12.58
2009-01-14,,,33.64,12.58
2009-01-13,,,32.29,12.07
2009-01-12,,,33.72,12.32
2009-01-09,,,33.47,12.32
2009-01-08,,,32.17,12.14
2009-01-07,,,32.49,12.43
2009-01-06,,,32.36,12.5
2009-01-05,,,31.71,12.12
2008-12-31,17.82,20.5,31.49,11.47
2008-12-30,,,31.69,11.53
2008-12-29,,,30.26,11.74
2008-12-26,,,30.56,11.78
2008-12-25,,,30.42,11.81
2008-12-24,,,30.33,11.96
2008-12-23,,,30.89,12.17
2008-12-22,,,33.14,12.78
2008-12-19,,,32.18,13.04
2008-12-18,,,31.59,13
2008-12-17,,,30.87,12.72
2008-12-16,,,30.29,12.69
2008-12-15,,,29.55,12.59
2008-12-12,,,29.07,12.48
2008-12-11,,,30.58,13.01
2008-12-10,,,31.54,13.35
2008-12-09,,,30.54,12.99
2008-12-08,,,31.23,13.36
2008-12-05,,,29.88,12.86
2008-12-04,,,29.06,12.68
2008-12-03,,,29.17,12.46
2008-12-02,,,27.96,11.98
2008-12-01,,,27.31,11.99
2008-11-30,14.8,,,
2008-11-28,,,25.96,11.81
2008-11-27,,,36.44,12.9
2008-11-26,,,36.06,12.71
2008-11-25,,,35.88,12.61
2008-11-24,,,35.93,12.63
2008-11-21,,,37.19,13.22
2008-11-20,,,37.87,13.27
2008-11-19,,,37.44,13.42
2008-11-18,,,35.2,12.62
2008-11-17,,,37.86,13.65
2008-11-14,,,35.92,13.37
2008-11-13,,,34.54,12.94
2008-11-12,,,33.26,12.49
2008-11-11,,,32.55,12.3
2008-11-10,,,32.91,12.46
2008-11-07,,,30.92,11.56
2008-11-06,,,30.48,11.33
2008-11-05,,,30.92,11.61
2008-11-04,,,30.02,11.16
2008-11-03,,,30.32,11.3
2008-10-31,15.02,,30.51,11.35
2008-10-30,,,30.82,11.58
2008-10-29,,,30.47,11.27
2008-10-28,,,31.07,11.61
2008-10-27,,,30.47,11.24
2008-10-24,,,32.58,12.14
2008-10-23,,,32.79,12.53
2008-10-22,,,32.46,12.58
2008-10-21,,,33.04,12.91
2008-10-20,,,32.92,13.05
2008-10-17,,,31.95,12.6
2008-10-16,,,31.69,12.5
2008-10-15,,,33.53,12.98
2008-10-14,,,33.61,13.09
2008-10-13,,,34.21,13.45
2008-10-10,,,33.76,12.84
2008-10-09,,,36.04,13.41
2008-10-08,,,36.28,13.57
2008-10-07,,,36.85,14.14
2008-10-06,,,37.18,14.26
2008-09-30,15.29,,,
2008-09-26,,,38.74,15.02
2008-09-25,,,38.91,14.92
2008-09-24,,,38,14.34
2008-09-23,,,37.6,14.24
2008-09-22,,,40.26,14.82
2008-09-19,,,38.74,13.87
2008-09-18,,,35.59,12.74
2008-09-17,,,38.78,13.18
2008-09-16,,,39.56,13.75
2008-09-12,,,43.19,14.45
2008-09-11,,,45.29,14.42
2008-09-10,,,46.24,14.92
2008-09-09,,,45.83,14.87
2008-09-08,,,48.46,14.77
2008-09-05,,,50.93,15.16
2008-09-04,,,53.43,15.66
2008-09-03,,,53.07,15.66
2008-09-02,,,53.9,15.87
2008-09-01,,,54,15.99
2008-08-31,16,,,
2008-08-29,,,29.13,17.75
2008-08-28,,,28.41,17.36
2008-08-27,,,28.45,17.26
2008-08-26,,,28.77,17.28
2008-08-25,,,30.16,17.75
2008-08-22,,,30.26,17.72
2008-08-21,,,30.75,18.02
2008-08-20,,,31.78,18.71
2008-08-19,,,29.6,17.34
2008-08-18,,,29.62,17.45
2008-08-15,,,31.53,18.48
2008-08-14,,,31.31,18.47
2008-08-13,,,31.35,18.55
2008-08-12,,,31.23,18.6
2008-08-11,,,31.88,18.83
2008-08-08,,,34.31,19.66
2008-08-07,,,36.48,20.64
2008-08-06,,,36.32,20.63
2008-08-05,,,36.28,20.44
2008-08-04,,,37.16,20.82
2008-08-01,,,37.77,21.32
2008-07-31,16.35,,37.38,20.97
2008-07-30,,,38.58,21.57
2008-07-29,,,38.5,21.7
2008-07-28,,,39.15,22.18
2008-07-25,,,38.82,22.02
2008-07-24,,,38.8,22.3
2008-07-23,,,37.96,21.55
2008-07-22,,,38.25,21.64
2008-07-21,,,38.06,21.71
2008-07-18,,,36.76,21.03
2008-07-17,,,35.79,20.21
2008-07-16,,,35.83,20.36
2008-07-15,,,37.9,21.09
2008-07-14,,,38.82,22.06
2008-07-11,,,38,21.87
2008-07-10,,,38.42,22
2008-07-09,,,39.11,22.38
2008-07-08,,,38.34,21.49
2008-07-07,,,37.7,21.41
2008-07-04,,,36.16,20.31
2008-07-03,,,36.23,20.4
2008-07-02,,,34.88,20.01
2008-07-01,,,34.42,20.02
2008-06-30,17.37,,35.65,20.44
2008-06-27,,,35.4,20.62
2008-06-26,,,37.94,21.83
2008-06-25,,,37.16,21.89
2008-06-24,,,35.33,21.09
2008-06-23,,,34.61,20.67
2008-06-20,,,35.83,21.14
2008-06-19,,,35.5,20.5
2008-06-18,,,38.58,22.11
2008-06-17,,,36.96,21.04
2008-06-16,,,37.61,21.8
2008-06-13,,,38.03,21.85
2008-06-12,,,39.53,22.54
2008-06-11,,,39.67,22.97
2008-06-10,,,40.85,23.46
2008-06-06,,,44.42,25.67
2008-06-05,,,44.49,25.85
2008-06-04,,,44.17,26
2008-06-03,,,45.01,26.46
2008-06-02,,,45.2,26.6
2008-05-31,18.07,,,
2008-05-30,,,44.69,26.43
2008-05-29,,,44.49,26.08
2008-05-28,,,45.49,26.8
2008-05-27,,,44.44,26.01
2008-05-26,,,44,25.9
2008-05-23,,,45.44,26.58
2008-05-22,,,45.86,26.83
2008-05-21,,,46.51,27.41
2008-05-20,,,45.63,26.87
2008-05-19,,,48.4,28.32
2008-05-16,,,48.27,28.57
2008-05-15,,,48.98,28.91
2008-05-14,,,49.45,29.09
2008-05-13,,,48.51,28.16
2008-05-12,,,48.49,28.66
2008-05-09,,,47.56,28.5
2008-05-08,,,47.3,28.95
2008-05-07,,,46.19,28.36
2008-05-06,,,47.79,29.84
2008-05-05,,,47.48,30.21
2008-04-30,16.94,,53.29,32.32
2008-04-29,,,51.55,30.76
2008-04-28,,,51.21,30.42
2008-04-25,,,51.35,31.05
2008-04-24,,,50.89,30
2008-04-23,,,46.98,28.22
2008-04-22,,,45.14,26.89
2008-04-21,,,46.05,26.48
2008-04-18,,,46.64,26.32
2008-04-17,,,48.93,27.28
2008-04-16,,,50.7,28.04
2008-04-15,,,51.79,28.79
2008-04-14,,,50.27,28.34
2008-04-11,,,54.21,30.48
2008-04-10,,,53.28,30.22
2008-04-09,,,52.18,29.71
2008-04-08,,,54.48,31.42
2008-04-07,,,53.38,30.96
2008-04-03,,,50.34,29.75
2008-04-02,,,49.18,28.81
2008-04-01,,,51.95,28.77
2008-03-31,16.29,,56.75,30.21
2008-03-28,,,58.87,31.09
2008-03-27,,,57.48,29.56
2008-03-26,,,59.99,30.87
2008-03-25,,,59.83,30.76
2008-03-24,,,59.36,30.36
2008-03-21,,,60.48,31.9
2008-03-20,,,59.73,31.71
2008-03-19,,,57.74,30.82
2008-03-18,,,55.82,29.83
2008-03-17,,,60.05,31.13
2008-03-14,,,64.27,32.67
2008-03-13,,,64.38,33
2008-03-12,,,66.76,33.82
2008-03-11,,,68.57,34.83
2008-03-10,,,68.08,34.91
2008-03-07,,,69.91,36.45
2008-03-06,,,70.95,37.04
2008-03-05,,,70.71,36.4
2008-03-04,,,70.86,36.7
2008-03-03,,,71.61,37.82
2008-02-29,17.48,,69.84,37.28
2008-02-28,,,68.72,36.89
2008-02-27,,,68.25,37.14
2008-02-26,,,67.43,36.13
2008-02-25,,,67.36,35.85
2008-02-22,,,70.27,37.21
2008-02-21,,,72.15,38.72
2008-02-20,,,71.64,39.15
2008-02-19,,,72.29,40.17
2008-02-18,,,71.06,39.3
2008-02-15,,,68.97,38.47
2008-02-14,,,69.02,39.04
2008-02-13,,,67.98,38.49
2008-02-05,,,68.51,39.35
2008-02-04,,,67.18,39.93
2008-02-01,,,62.49,36.81
2008-01-31,18.94,,65.31,37.09
2008-01-30,,,67.49,37.74
2008-01-29,,,66.79,38.17
2008-01-28,,,65.83,37.88
2008-01-25,,,71.27,40.85
2008-01-24,,,71.61,40.32
2008-01-23,,,69.9,40.05
2008-01-22,,,67.13,38.32
2008-01-21,,,72.61,41.6
2008-01-18,,,75.44,43.78
2008-01-17,,,74.87,43.36
2008-01-16,,,75.86,44.43
2008-01-15,,,76.22,46.04
2008-01-14,,,74.93,46.36
2008-01-11,,,73.79,46.13
2008-01-10,,,73.65,45.74
2008-01-09,,,73.46,45.32
2008-01-08,,,71.7,44.58
2008-01-07,,,72.97,44.78
2008-01-04,,,72.8,44.19
2008-01-03,,,72.79,43.77
2008-01-02,,,71.79,43.51
2007-12-31,16.72,21.5,,
2007-12-28,,,68.01,42.56
2007-12-27,,,67.94,42.79
2007-12-26,,,67.01,41.98
2007-12-25,,,65.65,41.68
2007-12-24,,,65.02,41.62
2007-12-21,,,63.27,40.8
2007-12-20,,,62.42,40.3
2007-12-19,,,61.47,39.56
2007-12-18,,,60.25,38.6
2007-12-17,,,61.19,38.77
2007-12-14,,,60.72,39.77
2007-12-13,,,60.01,39.02
2007-12-12,,,61.26,40.46
2007-12-11,,,60.47,40.99
2007-12-10,,,59.94,41.03
2007-12-07,,,58.28,40.4
2007-12-06,,,57.47,39.83
2007-12-05,,,57.09,39.77
2007-12-04,,,56.37,38.71
2007-12-03,,,56.11,38.22
2007-11-30,18.45,,55.54,37.8
2007-11-29,,,55.96,38.57
2007-11-28,,,54.67,36.96
2007-11-27,,,55.04,37.45
2007-11-26,,,55.57,38.08
2007-11-23,,,55.78,38.54
2007-11-22,,,54.93,37.84
2007-11-21,,,57.1,39.59
2007-11-20,,,57.35,40.31
2007-11-19,,,56.26,39.71
2007-11-16,,,55.07,39.73
2007-11-15,,,55.26,40.26
2007-11-14,,,55.88,40.76
2007-11-13,,,54.18,39.14
2007-11-12,,,53.83,39.42
2007-11-09,,,54.78,39.71
2007-11-08,,,55.5,40.05
2007-11-07,,,57.31,42.08
2007-11-06,,,57.83,41.87
2007-11-05,,,57.26,42.1
2007-11-02,,,56.89,42.91
2007-11-01,,,58.17,43.81
2007-10-31,18.47,,59.58,44.46
2007-10-30,,,57.33,43.67
2007-10-29,,,56.37,43.07
2007-10-26,,,56.09,42.09
2007-10-25,,,56.51,41.6
2007-10-24,,,60.68,43.55
2007-10-23,,,61.55,42.73
2007-10-22,,,61.72,42.16
2007-10-19,,,62.48,43.26
2007-10-18,,,63.35,43.36
2007-10-17,,,64.34,44.93
2007-10-16,,,63.79,45.37
2007-10-15,,,63.07,45.35
2007-10-12,,,62.38,44.62
2007-10-11,,,63.53,44.89
2007-10-10,,,64.5,44.29
2007-10-09,,,64.85,44.23
2007-10-08,,,64.44,44.06
2007-09-30,18.45,,,
2007-09-28,,,64.57,43.29
2007-09-27,,,63.39,42.1
2007-09-26,,,62.6,41.68
2007-09-25,,,62.78,42.43
2007-09-24,,,63.08,42.86
2007-09-21,,,63.02,42.37
2007-09-20,,,63.84,42.69
2007-09-19,,,63.38,42.17
2007-09-18,,,64.45,42.65
2007-09-17,,,64.27,42.81
2007-09-14,,,63.27,41.99
2007-09-13,,,62.47,41.6
2007-09-12,,,61.64,40.52
2007-09-11,,,60.95,40.01
2007-09-10,,,64.65,42.07
2007-09-07,,,64.12,41.38
2007-09-06,,,65.3,42.3
2007-09-05,,,64.59,41.18
2007-09-04,,,64.2,42.4
2007-09-03,,,64.59,42.05
2007-08-31,18.1,,90.17,64.88
2007-08-30,,,89.42,64.24
2007-08-29,,,87.48,63.28
2007-08-28,,,87.89,64.11
2007-08-27,,,88.2,64.1
2007-08-24,,,88.91,63.93
2007-08-23,,,88.83,62.92
2007-08-22,,,88.27,61.85
2007-08-21,,,86.96,60.99
2007-08-20,,,87.29,60.04
2007-08-17,,,84.61,57.56
2007-08-16,,,84.88,58.84
2007-08-15,,,84.87,59.93
2007-08-14,,,84.68,59.72
2007-08-13,,,83.39,58.85
2007-08-10,,,84.4,58.49
2007-08-09,,,86.62,59.03
2007-08-08,,,86.1,57.57
2007-08-07,,,87.27,58.15
2007-08-06,,,87.19,58.13
2007-08-03,,,86.6,56.8
2007-08-02,,,85.08,54.79
2007-08-01,,,81.78,53.04
2007-07-31,18.5,,84.69,55.16
2007-07-30,,,83.51,54.63
2007-07-27,,,81.91,53.38
2007-07-26,,,80.52,53.39
2007-07-25,,,79.26,52.71
2007-07-24,,,77.78,51.56
2007-07-23,,,77.8,51.47
2007-07-20,,,74.85,49.16
2007-07-19,,,72.75,47.04
2007-07-18,,,71.89,47.08
2007-07-17,,,71.87,46.8
2007-07-16,,,70.71,45.62
2007-07-13,,,72.07,47.23
2007-07-12,,,71.86,47.26
2007-07-11,,,71.39,46.77
2007-07-10,,,70.95,46.75
2007-07-09,,,72.24,47.16
2007-07-06,,,70.42,45.76
2007-07-05,,,67.46,43.54
2007-07-04,,,71.11,46.08
2007-07-03,,,72.67,47.2
2007-07-02,,,71.65,46.42
2007-06-30,17.06,,,
2007-06-29,,,78.25,44.56
2007-06-28,,,81.57,45.81
2007-06-27,,,86.5,47.95
2007-06-26,,,84.56,46.17
2007-06-25,,,82.84,45.45
2007-06-22,,,88.45,47.76
2007-06-21,,,92.56,49.7
2007-06-20,,,93.57,49.18
2007-06-19,,,95.94,50.26
2007-06-18,,,95.03,49.76
2007-06-15,,,92.3,48.35
2007-06-14,,,91.03,48.21
2007-06-13,,,91.86,48.87
2007-06-12,,,88.65,47.61
2007-06-11,,,86.31,46.28
2007-06-08,,,84.17,45.6
2007-06-07,,,82.42,45.36
2007-06-06,,,79.03,43.85
2007-06-05,,,78,43.41
2007-06-04,,,77.82,41.96
2007-06-01,,,84.12,45.56
2007-05-31,16.74,,88.32,47.43
2007-05-30,,,91.81,47.18
2007-05-29,,,98.88,50.51
2007-05-28,,,97.46,49.47
2007-05-25,,,95.5,48.47
2007-05-24,,,94.31,47.79
2007-05-23,,,94.96,47.94
2007-05-22,,,92.73,47.02
2007-05-21,,,91.3,46.34
2007-05-18,,,89.26,45.69
2007-05-17,,,88.77,45.73
2007-05-16,,,86.71,44.76
2007-05-15,,,84.93,43.74
2007-05-14,,,86.83,45.46
2007-05-11,,,86.38,45.35
2007-05-10,,,86.54,45.51
2007-05-09,,,86.42,45.17
2007-05-08,,,86.98,44.67
2007-04-30,17.1,,89.62,48.58
2007-04-27,,,89.44,47.78
2007-04-26,,,89.88,47.98
2007-04-25,,,89.23,47.4
2007-04-24,,,89.36,47.21
2007-04-23,,,88.9,46.88
2007-04-20,,,86.17,44.76
2007-04-19,,,82.76,42.85
2007-04-18,,,86.67,44.97
2007-04-17,,,85.29,44.57
2007-04-16,,,83.49,44.06
2007-04-13,,,80.43,42.85
2007-04-12,,,80.38,43.13
2007-04-11,,,78.88,42.48
2007-04-10,,,77.83,41.89
2007-04-09,,,76.98,41.21
2007-04-06,,,76.52,40.46
2007-04-05,,,75.58,40.23
2007-04-04,,,74.44,39.81
2007-04-03,,,73.54,39.54
2007-04-02,,,72.77,39.06
2007-03-31,17.3,,,
2007-03-30,,,71.26,38.05
2007-03-29,,,69.65,38.05
2007-03-28,,,71.63,38.35
2007-03-27,,,72.65,38.15
2007-03-26,,,71.97,37.83
2007-03-23,,,70.64,37.06
2007-03-22,,,69.75,36.93
2007-03-21,,,69.67,36.72
2007-03-20,,,68.66,36.24
2007-03-19,,,67.35,35.97
2007-03-16,,,65.92,35.09
2007-03-15,,,66.94,35.73
2007-03-14,,,65.54,35.07
2007-03-13,,,65.52,35.6
2007-03-12,,,64.95,35.24
2007-03-09,,,63.72,35.09
2007-03-08,,,63.57,35.26
2007-03-07,,,62.58,34.76
2007-03-06,,,61.33,33.89
2007-03-05,,,60.96,33.27
2007-03-02,,,60.8,33.68
2007-03-01,,,59.27,33.25
2007-02-28,17.8,,60.59,34.12
2007-02-27,,,58.37,32.78
2007-02-26,,,63.46,36.11
2007-02-16,,,61.6,35.49
2007-02-15,,,60.86,35.45
2007-02-14,,,59.77,34.37
2007-02-13,,,58.86,33.4
2007-02-12,,,59.15,32.9
2007-02-09,,,57.44,31.72
2007-02-08,,,57.25,31.93
2007-02-07,,,56.54,31.41
2007-02-06,,,55.83,30.66
2007-02-05,,,54.9,29.97
2007-02-02,,,54.47,30.35
2007-02-01,,,54.94,31.64
2007-01-31,15.93,,54.52,31.58
2007-01-30,,,56.57,33.83
2007-01-29,,,56.73,34.23
2007-01-26,,,54.79,33.3
2007-01-25,,,54.8,32.45
2007-01-24,,,57.29,33.57
2007-01-23,,,56.78,33.13
2007-01-22,,,57.02,32.64
2007-01-19,,,54.87,31.38
2007-01-18,,,53.49,30.37
2007-01-17,,,52.05,30.48
2007-01-16,,,51.99,31.16
2007-01-15,,,50.57,30.36
2007-01-12,,,48.51,28.87
2007-01-11,,,49.62,29.77
2007-01-10,,,48.87,30.17
2007-01-09,,,47.92,29.36
2007-01-08,,,47.16,28.45
2007-01-05,,,45.63,27.65
2007-01-04,,,44.59,27.66
2006-12-31,16.94,18.1,,
2006-12-29,,,46.3,26.85
2006-12-28,,,46.13,26.04
2006-12-27,,,46.96,26.09
2006-12-26,,,46.6,25.52
2006-12-25,,,47.31,25.53
2006-12-22,,,47.06,24.86
2006-12-21,,,47.35,24.99
2006-12-20,,,47.82,25.45
2006-12-19,,,46.67,25.26
2006-12-18,,,46.36,25.21
2006-12-15,,,45.81,24.6
2006-12-14,,,45.22,24.22
2006-12-13,,,44.47,23.82
2006-12-12,,,44.06,23.83
2006-12-11,,,44.06,23.69
2006-12-08,,,42.68,22.62
2006-12-07,,,44.29,23.45
2006-12-06,,,44.67,22.94
2006-12-05,,,45.08,23.21
2006-12-04,,,44.87,23.02
2006-12-01,,,44.06,22.31
2006-11-30,16.8,,44.07,22.14
2006-11-29,,,43.55,21.5
2006-11-28,,,43.14,21.21
2006-11-27,,,42.87,21.33
2006-11-24,,,41.7,21.18
2006-11-23,,,41.41,21.2
2006-11-22,,,41.3,21.08
2006-11-21,,,40.87,21.04
2006-11-20,,,40.79,20.7
2006-11-17,,,41.53,20.24
2006-11-16,,,41.14,19.84
2006-11-15,,,41.72,19.88
2006-11-14,,,41.17,19.35
2006-11-13,,,40.85,19.16
2006-11-10,,,42.31,19.52
2006-11-09,,,43.44,19.76
2006-11-08,,,43.36,19.37
2006-11-07,,,44.59,19.6
2006-11-06,,,44.24,19.47
2006-11-03,,,44.53,19.19
2006-11-02,,,44.41,19.04
2006-11-01,,,44.73,19.07
2006-10-31,17.1,,44.67,18.9
2006-10-30,,,44.46,18.65
2006-10-27,,,44.96,18.54
2006-10-26,,,45.75,18.74
2006-10-25,,,46.03,18.65
2006-10-24,,,46.48,18.53
2006-10-23,,,45.16,18.08
2006-10-20,,,47.03,18.49
2006-10-19,,,47.19,18.59
2006-10-18,,,46.99,18.57
2006-10-17,,,46.39,18.24
2006-10-16,,,46.36,18.33
2006-10-13,,,46.76,18.48
2006-10-12,,,46.64,18.41
2006-10-11,,,47.05,18.52
2006-10-10,,,46.68,18.83
2006-10-09,,,46.45,18.7
2006-09-30,16.83,,,
2006-09-29,,,45.51,18.07
2006-09-28,,,45.15,17.9
2006-09-27,,,44.49,17.71
2006-09-26,,,44.32,17.53
2006-09-25,,,44.4,17.72
2006-09-22,,,44.39,17.76
2006-09-21,,,44.11,17.94
2006-08-31,17.9,,48.67,20.12
2006-08-30,,,48.41,20.04
2006-08-29,,,48.3,19.96
2006-08-28,,,48.03,19.85
2006-08-25,,,47.36,19.43
2006-08-24,,,47.19,19.4
2006-08-23,,,46.84,19.31
2006-08-22,,,46.87,19.29
2006-08-21,,,46.29,19.08
2006-08-18,,,45.77,19.05
2006-08-17,,,45.97,19.09
2006-08-16,,,47.05,19.23
2006-08-15,,,47.1,19.02
2006-08-14,,,45.8,18.37
2006-08-11,,,46.98,18.85
2006-08-10,,,47.11,18.76
2006-08-09,,,46.33,18.48
2006-08-08,,,45.89,18.52
2006-08-07,,,44.86,18.1
2006-08-04,,,47.14,18.36
2006-08-03,,,48.65,18.78
2006-08-02,,,48.62,18.79
2006-08-01,,,49.06,18.92
2006-07-31,18.4,,49.97,19.06
2006-07-28,,,51.91,19.79
2006-07-27,,,52.4,19.99
2006-07-26,,,53.18,20.17
2006-07-25,,,52.63,20.25
2006-07-24,,,52.17,20
2006-07-21,,,52.08,19.97
2006-07-20,,,51.74,19.81
2006-07-19,,,52.27,19.71
2006-07-18,,,52.49,20.21
2006-07-17,,,52.54,20.17
2006-07-14,,,51.84,19.95
2006-07-13,,,51.54,19.84
2006-07-12,,,54.43,20.92
2006-07-11,,,55.36,20.93
2006-07-10,,,54.22,20.84
2006-07-07,,,53.6,20.76
2006-07-06,,,53.46,20.86
2006-07-05,,,52.62,20.51
2006-07-04,,,52.18,20.71
2006-07-03,,,51.94,20.86
2006-06-30,18.43,,47.6,20.16
2006-06-29,,,47.83,20.14
2006-06-28,,,46.96,19.72
2006-06-27,,,47,19.73
2006-06-26,,,46.68,19.72
2006-06-23,,,45.83,19.38
2006-06-22,,,45.14,19.19
2006-06-21,,,45.41,19.1
2006-06-20,,,45.85,19.22
2006-06-19,,,45.31,19.17
2006-06-16,,,44.7,18.93
2006-06-15,,,43.72,18.47
2006-06-14,,,43.59,18.42
2006-06-13,,,43.59,18.63
2006-06-12,,,43.31,18.71
2006-06-09,,,43.62,18.76
2006-06-08,,,44.37,19.14
2006-06-07,,,44.52,19.04
2006-06-06,,,47.68,20.27
2006-06-05,,,47.57,20.28
2006-06-02,,,47.32,20.03
2006-06-01,,,47.12,20.17
2006-05-31,19.1,,45.47,19.67
2006-05-30,,,45.82,19.87
2006-05-29,,,45.25,19.75
2006-05-26,,,43.85,19.32
2006-05-25,,,42.79,19.06
2006-05-24,,,41.92,19.27
2006-05-23,,,42.86,19.22
2006-05-22,,,45.35,20
2006-05-19,,,45.08,19.87
2006-05-18,,,43.16,19.45
2006-05-17,,,43.43,19.44
2006-05-16,,,42.6,19.17
2006-05-15,,,43.85,19.56
2006-05-12,,,42.09,18.85
2006-05-11,,,40.57,18.25
2006-05-10,,,41.46,18.48
2006-05-09,,,40.87,18.24
2006-05-08,,,39.9,17.78
2006-04-30,18.9,,,
2006-04-28,,,34.35,14.71
2006-04-27,,,33.7,14.49
2006-04-26,,,33.89,14.49
2006-04-25,,,32.95,14.31
2006-04-24,,,33.55,14.18
2006-04-21,,,34.03,14.45
2006-04-20,,,33.75,14.19
2006-04-19,,,33.95,14.2
2006-04-18,,,33.99,14.2
2006-04-17,,,33.97,14.03
2006-04-14,,,33.47,14
2006-04-13,,,32.64,13.81
2006-04-12,,,33.54,14.04
2006-04-11,,,33.46,14.14
2006-04-10,,,33.47,14.1
2006-04-07,,,32.81,13.91
2006-04-06,,,32.64,13.93
2006-04-05,,,32.53,13.95
2006-04-04,,,32.22,13.78
2006-04-03,,,31.76,13.68
2006-03-31,18.8,,31.14,13.55
2006-03-30,,,30.9,13.52
2006-03-29,,,31.01,13.64
2006-03-28,,,31.18,13.74
2006-03-27,,,30.87,13.53
2006-03-24,,,30.72,13.45
2006-03-23,,,30.86,13.52
2006-03-22,,,30.4,13.58
2006-03-21,,,30.23,13.48
2006-03-20,,,30.22,13.45
2006-03-17,,,29.92,13.26
2006-03-16,,,29.88,13.34
2006-03-15,,,29.89,13.37
2006-03-14,,,29.55,13.25
2006-03-13,,,29.56,13.28
2006-03-10,,,29.42,13.13
2006-03-09,,,29.25,13.08
2006-03-08,,,29.3,13.14
2006-03-07,,,29.29,13.34
2006-03-06,,,30.08,13.6
2006-03-03,,,30.21,13.64
2006-03-02,,,30.19,13.54
2006-03-01,,,30.78,13.97
2006-02-28,18.8,,30.44,13.86
2006-02-27,,,30.69,13.52
2006-02-24,,,30.85,13.84
2006-02-23,,,30.52,13.79
2006-02-22,,,30.61,13.73
2006-02-21,,,30.57,13.75
2006-02-20,,,30.21,13.52
2006-02-17,,,30.66,13.49
2006-02-16,,,30.94,13.48
2006-02-15,,,31.97,13.75
2006-02-14,,,31.86,13.68
2006-02-13,,,31.91,13.63
2006-02-10,,,31.97,13.61
2006-02-09,,,31.4,13.39
2006-02-08,,,31.91,13.6
2006-02-07,,,31.74,13.55
2006-02-06,,,31.88,13.62
2006-01-31,19.21,,,
2006-01-25,,,31.15,13.32
2006-01-24,,,31.59,13.18
2006-01-23,,,31.64,13.1
2006-01-20,,,31.71,13.11
2006-01-19,,,31.92,13.09
2006-01-18,,,31.8,13
2006-01-17,,,31.29,12.74
2006-01-16,,,31.22,12.68
2006-01-13,,,31.68,12.9
2006-01-12,,,31.7,12.99
2006-01-11,,,30.93,12.87
2006-01-10,,,31.2,12.95
2006-01-09,,,31.12,12.94
2006-01-06,,,30.66,12.84
2006-01-05,,,30.31,12.8
2006-01-04,,,29.94,12.56
2005-12-31,17.57,13.5,,
2005-12-30,,,27.84,12.5
2005-12-29,,,28.17,12.49
2005-12-28,,,28.02,12.43
2005-12-27,,,27.86,12.37
2005-12-26,,,27.87,12.46
2005-12-23,,,27.69,12.38
2005-12-22,,,27.42,12.29
2005-12-21,,,27.52,12.33
2005-12-20,,,27.61,12.27
2005-12-19,,,27.68,12.3
2005-12-16,,,27.75,12.26
2005-12-15,,,27.48,12.2
2005-12-14,,,27.6,12.22
2005-12-13,,,27.22,12.09
2005-12-12,,,27.43,12.08
2005-12-09,,,27.25,12.16
2005-12-08,,,26.72,11.94
2005-12-07,,,26.9,11.93
2005-12-06,,,26.72,11.83
2005-12-05,,,26.62,11.71
2005-12-02,,,27.68,12.1
2005-12-01,,,28,11.94
2005-11-30,18.3,,28.43,11.94
2005-11-29,,,27.93,11.91
2005-11-28,,,28.64,12.01
2005-11-25,,,28.8,12.08
2005-11-24,,,28.78,12.05
2005-11-23,,,28.66,11.97
2005-11-22,,,28.44,11.88
2005-11-21,,,29.05,12.56
2005-11-18,,,28.77,12.23
2005-11-17,,,28.11,11.95
2005-11-16,,,28.16,11.95
2005-11-15,,,28.1,11.86
2005-11-14,,,28.57,11.88
2005-11-11,,,28.47,11.96
2005-11-10,,,29.05,11.91
2005-11-09,,,30.13,12.13
2005-11-08,,,29.99,12.17
2005-11-07,,,29.67,12.26
2005-11-04,,,29.67,12.16
2005-11-03,,,29.66,12.1
2005-11-02,,,30.07,12.24
2005-11-01,,,29.54,12.1
2005-10-31,17.99,,29.96,12.11
2005-10-28,,,30.39,12.09
2005-10-27,,,31.32,12.19
2005-10-26,,,31.32,12.28
2005-10-25,,,32.23,12.53
2005-10-24,,,32.64,12.71
2005-10-21,,,32.52,12.78
2005-10-20,,,32.32,12.7
2005-10-19,,,32.41,12.68
2005-10-18,,,32.49,12.73
2005-10-17,,,31.96,12.67
2005-10-14,,,31.79,12.78
2005-10-13,,,31.96,12.95
2005-10-12,,,31.85,13.06
2005-10-11,,,31.52,13.04
2005-10-10,,,30.98,12.87
2005-09-30,17.92,,31.57,13
2005-09-29,,,31.66,12.99
2005-09-28,,,31.21,12.82
2005-09-27,,,31.24,12.82
2005-09-26,,,31.58,13.02
2005-09-23,,,31.37,13
2005-09-22,,,31.71,13.12
2005-09-21,,,32.43,13.41
2005-09-20,,,32.82,13.64
2005-09-19,,,32.85,13.77
2005-09-16,,,32.59,13.73
2005-09-15,,,32.7,13.75
2005-09-14,,,32.57,13.76
2005-09-13,,,32.23,13.68
2005-09-12,,,31.69,13.47
2005-09-09,,,31.61,13.49
2005-09-08,,,32.36,13.58
2005-09-07,,,32.08,13.54
2005-09-06,,,31.09,13.33
2005-09-05,,,31.92,13.55
2005-09-02,,,31.47,13.49
2005-09-01,,,31.03,13.45
2005-08-31,17.34,,30.5,16.06
2005-08-30,,,29.8,15.86
2005-08-29,,,30.11,15.92
2005-08-26,,,30.59,16.1
2005-08-25,,,30.61,16.15
2005-08-24,,,30.18,16.14
2005-08-23,,,29.53,16.02
2005-08-22,,,29.91,16.15
2005-08-19,,,30.19,16.08
2005-08-18,,,30.14,17
2005-08-17,,,31.64,16.87
2005-08-16,,,30.82,16.74
2005-08-15,,,31,16.69
2005-08-12,,,29.91,16.73
2005-08-11,,,30,17.02
2005-08-10,,,29.69,16.78
2005-08-09,,,29.35,16.65
2005-08-08,,,29.17,16.57
2005-08-05,,,28.6,16.49
2005-08-04,,,27.81,16.14
2005-08-03,,,27.85,16.26
2005-08-02,,,27.67,16.16
2005-08-01,,,27.44,15.94
2005-07-31,16.3,,,
2005-07-29,,,27.1,15.88
2005-07-28,,,27.17,15.96
2005-07-27,,,27.15,16.03
2005-07-26,,,26.58,15.72
2005-07-25,,,26.07,15.36
2005-07-22,,,26.41,15.4
2005-07-21,,,25.92,15.1
2005-07-20,,,26.18,15.08
2005-07-19,,,26.06,14.98
2005-07-18,,,25.79,14.94
2005-07-15,,,26.32,15.08
2005-07-14,,,26.93,15.23
2005-07-13,,,26.93,15.19
2005-07-12,,,27.18,15.3
2005-07-11,,,26.09,14.8
2005-07-08,,,26.25,14.92
2005-07-07,,,27.18,15.18
2005-07-06,,,27.04,15.15
2005-07-05,,,27.27,15.21
2005-07-04,,,27.29,15.35
2005-07-01,,,27.54,15.41
2005-06-30,15.67,,28.6,15.61
2005-06-29,,,29.42,15.94
2005-06-28,,,29.48,16.08
2005-06-27,,,29.98,16.28
2005-06-24,,,29.04,15.99
2005-06-23,,,28.84,15.91
2005-06-22,,,29.2,16.06
2005-06-21,,,29.02,16
2005-06-20,,,29.15,15.99
2005-06-17,,,28.09,15.73
2005-06-16,,,28.23,15.75
2005-06-15,,,27.53,15.54
2005-06-14,,,28.05,15.83
2005-06-13,,,28.73,15.99
2005-06-10,,,28.52,16.06
2005-06-09,,,29.12,16.37
2005-06-08,,,28.84,16.28
2005-06-07,,,26.64,15.05
2005-06-06,,,26.51,15.09
2005-06-03,,,26,14.73
2005-06-02,,,26.04,14.74
2005-06-01,,,26.48,15.07
2005-05-31,14.6,,27.14,15.39
2005-05-30,,,27.23,15.38
2005-05-27,,,26.99,15.27
2005-05-26,,,27.31,15.41
2005-05-25,,,27.59,15.6
2005-05-24,,,27.59,15.6
2005-05-23,,,26.97,15.53
2005-05-20,,,27.87,15.91
2005-05-19,,,28.07,15.94
2005-05-18,,,27.93,15.93
2005-05-17,,,27.86,15.89
2005-05-16,,,27.48,15.78
2005-05-13,,,27.76,15.97
2005-05-12,,,27.41,15.93
2005-05-11,,,27.36,16.21
2005-05-10,,,27.49,16.48
2005-05-09,,,27.72,16.38
2005-04-30,14.1,,,
2005-04-29,,,29.88,16.31
2005-04-28,,,30.39,16.5
2005-04-27,,,29.91,16.13
2005-04-26,,,30.39,16.31
2005-04-25,,,30.23,16.18
2005-04-22,,,30.71,16.44
2005-04-21,,,31.54,16.55
2005-04-20,,,31.83,16.68
2005-04-19,,,32.55,16.95
2005-04-18,,,32.68,16.85
2005-04-15,,,33.42,17.1
2005-04-14,,,33.99,17.3
2005-04-13,,,34.09,17.53
2005-04-12,,,33.3,17.14
2005-04-11,,,33.93,17.42
2005-04-08,,,33.92,17.58
2005-04-07,,,33.45,17.25
2005-04-06,,,32.9,17.05
2005-04-05,,,32.37,16.73
2005-04-04,,,32.48,16.84
2005-04-01,,,33.09,17.1
2005-03-31,14,,31.86,16.51
2005-03-30,,,31.56,16.41
2005-03-29,,,32.76,16.72
2005-03-28,,,32.98,16.81
2005-03-25,,,33.37,16.84
2005-03-24,,,33.62,16.86
2005-03-23,,,33.36,16.76
2005-03-22,,,33.34,16.88
2005-03-21,,,34.1,17.22
2005-03-18,,,33.96,17.16
2005-03-17,,,34.59,17.35
2005-03-16,,,35.05,17.53
2005-03-15,,,35.55,17.7
2005-03-14,,,36.17,18.01
2005-03-11,,,36.43,17.98
2005-03-10,,,36.02,17.87
2005-03-09,,,36.86,18.28
2005-03-08,,,36.59,18.34
2005-03-07,,,35.58,18.02
2005-03-04,,,35.54,17.92
2005-03-03,,,35.82,17.98
2005-03-02,,,35.7,17.87
2005-03-01,,,36.16,18.12
2005-02-28,13.9,,36.22,18.2
2005-02-25,,,36.33,18.29
2005-02-24,,,36.27,18.27
2005-02-23,,,36.3,18.24
2005-02-22,,,35.59,18.31
2005-02-21,,,34.2,17.96
2005-02-18,,,33.65,17.62
2005-02-17,,,33.97,17.87
2005-02-16,,,33.92,17.93
2005-02-04,,,33.69,17.82
2005-02-03,,,33.07,17.41
2005-02-02,,,33.81,17.65
2005-02-01,,,31.98,16.77
2005-01-31,14.13,,32.34,16.76
2005-01-28,,,33.42,16.99
2005-01-27,,,34.02,17.07
2005-01-26,,,34.56,17.34
2005-01-25,,,34.85,17.48
2005-01-24,,,35.46,17.49
2005-01-21,,,34.7,17.23
2005-01-20,,,33.98,16.73
2005-01-19,,,34.61,16.9
2005-01-18,,,35.15,17.01
2005-01-17,,,34.69,16.88
2005-01-14,,,35.67,17.25
2005-01-13,,,36.09,17.4
2005-01-12,,,35.95,17.41
2005-01-11,,,36.13,17.44
2005-01-10,,,36.14,17.38
2005-01-07,,,35.85,17.22
2005-01-06,,,35.74,17.19
2005-01-05,,,35.98,17.36
2005-01-04,,,35.44,17.2
2004-12-31,14.6,14.9,34.39,17.91
2004-12-30,,,34.72,17.98
2004-12-29,,,34.85,18.01
2004-12-28,,,34.97,18.11
2004-12-27,,,35.04,18.16
2004-12-24,,,35.19,18.23
2004-12-23,,,35.06,18.22
2004-12-22,,,35.86,18.54
2004-12-21,,,34.77,18.09
2004-12-20,,,34.68,18.12
2004-12-17,,,35.02,18.37
2004-12-16,,,35.43,18.55
2004-12-15,,,35.77,18.61
2004-12-14,,,35.82,18.52
2004-12-13,,,35.89,18.58
2004-12-10,,,36.17,18.7
2004-12-09,,,37.02,18.96
2004-12-08,,,36.78,18.72
2004-12-07,,,36.7,18.72
2004-12-06,,,37.37,18.91
2004-12-03,,,37.42,18.87
2004-12-02,,,36.99,18.84
2004-12-01,,,36.87,18.89
2004-11-30,14,,36.94,18.98
2004-11-29,,,36.8,18.98
2004-11-26,,,37.45,19.21
2004-11-25,,,37.39,19.22
2004-11-24,,,37.65,19.23
2004-11-23,,,38.38,19.34
2004-11-22,,,38.35,19.51
2004-11-19,,,37.79,19.47
2004-11-18,,,37.52,19.35
2004-11-17,,,37.05,19.19
2004-11-16,,,37.29,19.37
2004-11-15,,,37.44,19.36
2004-11-12,,,36.92,19.14
2004-11-11,,,36.63,19.08
2004-11-10,,,36.88,19.2
2004-11-09,,,35.36,18.51
2004-11-08,,,35.18,18.47
2004-11-05,,,35.16,18.44
2004-11-04,,,35.09,18.43
2004-11-03,,,35.83,18.82
2004-11-02,,,34.96,18.49
2004-11-01,,,34.99,18.55
2004-10-31,13.45,,,
2004-10-29,,,35.49,18.74
2004-10-28,,,36.13,19.06
2004-10-27,,,36.52,19.07
2004-10-26,,,35.72,18.88
2004-10-25,,,35.24,18.67
2004-10-22,,,35.35,18.96
2004-10-21,,,34.79,18.73
2004-10-20,,,35.41,18.99
2004-10-19,,,35.81,19.07
2004-10-18,,,35.87,18.88
2004-10-15,,,35.49,18.99
2004-10-14,,,35.79,18.95
2004-10-13,,,38.16,19.67
2004-10-12,,,37.79,19.6
2004-10-11,,,38.25,20.07
2004-10-08,,,37.99,20.22
2004-09-30,13.94,,36.63,19.86
2004-09-29,,,37.1,20.12
2004-09-28,,,37.47,20.34
2004-09-27,,,37.33,20.21
2004-09-24,,,38.04,20.36
2004-09-23,,,38.87,20.72
2004-09-22,,,38,20.07
2004-09-21,,,38.76,20.5
2004-09-20,,,38.68,20.67
2004-09-17,,,37.08,19.97
2004-09-16,,,36.02,19.35
2004-09-15,,,35.38,19.16
2004-09-14,,,33.62,18.4
2004-09-13,,,32.48,17.86
2004-09-10,,,33.4,18.23
2004-09-09,,,33.43,18.19
2004-09-08,,,33.97,18.52
2004-09-07,,,34.32,18.72
2004-09-06,,,34.24,18.69
2004-09-03,,,34.25,18.75
2004-09-02,,,34.39,18.78
2004-09-01,,,33.87,18.72
2004-08-31,13.63,,35.21,24.94
2004-08-30,,,34.48,24.54
2004-08-27,,,34.24,24.56
2004-08-26,,,34.61,24.81
2004-08-25,,,35.01,24.9
2004-08-24,,,35.04,25.01
2004-08-23,,,34.39,24.73
2004-08-20,,,34.85,25.02
2004-08-19,,,34.86,24.97
2004-08-18,,,35.74,25.26
2004-08-17,,,36.01,25.3
2004-08-16,,,36.04,25.18
2004-08-13,,,36.9,25.33
2004-08-12,,,36.89,25.35
2004-08-11,,,37.68,25.62
2004-08-10,,,38.24,25.91
2004-08-09,,,38.07,25.81
2004-08-06,,,38.24,25.67
2004-08-05,,,38.52,25.66
2004-08-04,,,38.94,26.01
2004-08-03,,,37.96,25.28
2004-08-02,,,38.17,25.45
2004-07-31,15.3,,,
2004-07-30,,,38.57,25.75
2004-07-29,,,39.2,26.08
2004-07-28,,,38.37,25.66
2004-07-27,,,38,25.52
2004-07-26,,,38.28,25.63
2004-07-23,,,39.04,25.93
2004-07-22,,,38.94,25.89
2004-07-21,,,39.55,26.55
2004-07-20,,,39.87,26.54
2004-07-19,,,39.91,26.76
2004-07-16,,,40.08,26.74
2004-07-15,,,38.7,25.97
2004-07-14,,,38.58,25.71
2004-07-13,,,39.23,25.64
2004-07-12,,,39.38,25.5
2004-07-09,,,41.19,26.13
2004-07-08,,,41.56,26.28
2004-07-07,,,41.63,26.23
2004-07-06,,,42.14,26.5
2004-07-05,,,41.65,26.42
2004-07-02,,,41.78,26.29
2004-07-01,,,42.04,26.23
2004-06-30,16.2,,39.9,25.51
2004-06-29,,,40.37,25.66
2004-06-28,,,40.11,25.23
2004-06-25,,,41.41,25.51
2004-06-24,,,42.5,25.9
2004-06-23,,,42.63,26.14
2004-06-22,,,42.86,26.34
2004-06-21,,,42.1,26.1
2004-06-18,,,41.13,26.02
2004-06-17,,,41.75,26.37
2004-06-16,,,42.11,26.96
2004-06-15,,,42.44,26.73
2004-06-14,,,41.76,26.27
2004-06-11,,,43.05,26.9
2004-06-10,,,42.89,26.99
2004-06-09,,,43.48,26.82
2004-06-08,,,44.62,27.43
2004-06-07,,,45.11,27.84
2004-06-04,,,45.6,28.21
2004-06-03,,,45.94,28.24
2004-06-02,,,46.94,28.67
2004-06-01,,,46.41,28.97
2004-05-31,17.5,,45.34,28.58
2004-05-28,,,45.22,28.41
2004-05-27,,,45.37,28.58
2004-05-26,,,44.38,27.97
2004-05-25,,,44.09,27.86
2004-05-24,,,45.34,28.27
2004-05-21,,,45.55,28.46
2004-05-20,,,45.39,28.32
2004-05-19,,,46.37,28.52
2004-05-18,,,46.26,28.53
2004-05-17,,,45.3,28.08
2004-05-14,,,45.59,28.46
2004-05-13,,,46.3,29.12
2004-05-12,,,46.71,29.25
2004-05-11,,,45.61,28.46
2004-05-10,,,45.41,28.47
2004-04-30,19.1,,44.59,29.45
2004-04-29,,,44.98,29.29
2004-04-28,,,46.14,29.83
2004-04-27,,,46.18,29.94
2004-04-26,,,46.52,30.23
2004-04-23,,,47.41,30.19
2004-04-22,,,48.18,30.65
2004-04-21,,,48.03,30.49
2004-04-20,,,48.25,30.75
2004-04-19,,,48.39,30.81
2004-04-16,,,48.96,31.48
2004-04-15,,,48.91,31.26
2004-04-14,,,49.48,31.54
2004-04-13,,,50.35,31.99
2004-04-12,,,50.93,32.26
2004-04-09,,,50.89,32.4
2004-04-08,,,51.75,33.1
2004-04-07,,,51.36,33.36
2004-04-06,,,51.56,33.42
2004-04-05,,,51.24,33.25
2004-04-02,,,49.46,33.38
2004-04-01,,,49.28,33.14
2004-03-31,19.1,,49.23,32.83
2004-03-30,,,48.74,32.52
2004-03-29,,,47.98,32.52
2004-03-26,,,48.09,32.87
2004-03-25,,,47.81,32.9
2004-03-24,,,47.52,32.9
2004-03-23,,,47.3,33
2004-03-22,,,47.42,33.3
2004-03-19,,,47.18,33.14
2004-03-18,,,46.64,32.62
2004-03-17,,,47.19,33.25
2004-03-16,,,47.31,33.21
2004-03-15,,,47.13,33.07
2004-03-12,,,46.49,32.29
2004-03-11,,,46.66,32.28
2004-03-10,,,46.17,32
2004-03-09,,,45.42,31.24
2004-03-08,,,45.79,31.26
2004-03-05,,,46.52,31.82
2004-03-04,,,46.68,32.03
2004-03-03,,,46.01,31.84
2004-03-02,,,47.12,32.36
2004-03-01,,,47.23,32.42
2004-02-29,19.4,,,
2004-02-27,,,46.79,32.11
2004-02-26,,,45.94,31.8
2004-02-25,,,46.46,31.55
2004-02-24,,,47.62,32.15
2004-02-23,,,48.07,32.18
2004-02-20,,,48.79,32.95
2004-02-19,,,48.58,32.79
2004-02-18,,,48.18,32.9
2004-02-17,,,48.1,32.65
2004-02-16,,,47.46,32.55
2004-02-13,,,46.26,31.82
2004-02-12,,,46.1,31.91
2004-02-11,,,45.9,32.21
2004-02-10,,,45.97,32.41
2004-02-09,,,46.06,32.62
2004-02-06,,,45.12,32.08
2004-02-05,,,45.59,32.21
2004-02-04,,,45.32,32.12
2004-02-03,,,44.3,31.45
2004-02-02,,,43.54,31.08
2004-01-31,18.1,,,
2004-01-30,,,42.71,30.47
2004-01-29,,,43.35,31.26
2004-01-16,,,42.06,30.66
2004-01-15,,,41.43,30.43
2004-01-14,,,41.63,30.55
2004-01-13,,,41.56,30.93
2004-01-12,,,41.2,31.03
2004-01-09,,,40.68,30.3
2004-01-08,,,41.13,30.81
2004-01-07,,,39.96,30.47
2004-01-06,,,39.69,30.08
2004-01-05,,,39.71,29.8
2004-01-02,,,39.41,28.85
2003-12-31,19.6,22.3,44.07,28.24
2003-12-30,,,44.1,28.54
2003-12-29,,,43.98,28.31
2003-12-26,,,44.26,28.45
2003-12-25,,,43.88,28.56
2003-12-24,,,43.66,28.66
2003-12-23,,,43.5,28.39
2003-12-22,,,43.6,28.29
2003-12-19,,,42.95,27.51
2003-12-18,,,44.59,27.62
2003-12-17,,,45.25,27.47
2003-12-16,,,45.48,27.67
2003-12-15,,,45.79,27.79
2003-12-12,,,45.9,27.73
2003-12-11,,,45.74,27.77
2003-12-10,,,45.64,27.75
2003-12-09,,,45.26,27.35
2003-12-08,,,45.19,27.24
2003-12-05,,,45.76,27.51
2003-12-04,,,45.65,27.56
2003-12-03,,,45.67,27.42
2003-12-02,,,45.45,27.32
2003-12-01,,,45.34,27.32
2003-11-30,20.37,,,
2003-11-28,,,44.58,26.73
2003-11-27,,,44.46,26.57
2003-11-26,,,45.34,27.02
2003-11-25,,,45.08,26.93
2003-11-24,,,44.64,26.87
2003-11-21,,,43.42,26.13
2003-11-20,,,44.19,26.39
2003-11-19,,,42.61,25.73
2003-11-18,,,41.84,25.36
2003-11-17,,,42.16,25.71
2003-11-14,,,42.1,25.83
2003-11-13,,,41.65,25.65
2003-11-12,,,48.14,26.69
2003-11-11,,,48.9,27.16
2003-11-10,,,48.83,27.14
2003-11-07,,,49.26,26.98
2003-11-06,,,49.97,27.36
2003-11-05,,,51.92,27.79
2003-11-04,,,52.58,27.88
2003-11-03,,,52.03,27.29
2003-10-31,20.97,,52,26.96
2003-10-30,,,51.68,26.93
2003-10-29,,,52.36,27.27
2003-10-28,,,53.61,27.43
2003-10-27,,,54.47,27.39
2003-10-24,,,55.55,27.6
2003-10-23,,,55.9,27.67
2003-10-22,,,56.61,27.89
2003-10-21,,,55.75,27.19
2003-10-20,,,55.92,27.1
2003-10-17,,,56.73,27.25
2003-10-16,,,56.71,27.15
2003-10-15,,,57.5,27.5
2003-10-14,,,57.65,27.58
2003-10-13,,,58.04,27.8
2003-10-10,,,58.15,27.87
2003-10-09,,,57.14,27.21
2003-10-08,,,57.26,27.28
2003-09-30,20.67,,57.18,27.17
2003-09-29,,,56.83,26.89
2003-09-26,,,57.71,27.24
2003-09-25,,,58.07,27.36
2003-09-24,,,58.92,27.67
2003-09-23,,,58.6,27.58
2003-09-22,,,58.22,27.41
2003-09-19,,,58.5,27.62
2003-09-18,,,58.34,27.57
2003-09-17,,,58.51,27.56
2003-09-16,,,59.26,27.84
2003-09-15,,,58.78,27.67
2003-09-12,,,59.46,27.96
2003-09-11,,,60.25,28.25
2003-09-10,,,60.33,28.22
2003-09-09,,,60.37,28.1
2003-09-08,,,60.53,28.25
2003-09-05,,,60.97,28.38
2003-09-04,,,61.69,28.67
2003-09-03,,,61.94,28.7
2003-09-02,,,61.93,28.68
2003-09-01,,,61.67,28.77
2003-08-31,21.55,,,
2003-08-29,,,58.4,35.63
2003-08-28,,,58.27,35.32
2003-08-27,,,58.69,35.62
2003-08-26,,,58.49,35.64
2003-08-25,,,58.24,35.57
2003-08-22,,,58.85,35.98
2003-08-21,,,58.81,36.09
2003-08-20,,,58.77,36.1
2003-08-19,,,58.99,36.28
2003-08-18,,,58.73,36.16
2003-08-15,,,58.8,36.25
2003-08-14,,,58.9,36.3
2003-08-13,,,58.94,36.56
2003-08-12,,,59.27,37.02
2003-08-11,,,58.86,36.91
2003-08-08,,,58.75,36.81
2003-08-07,,,59.27,37.26
2003-08-06,,,59.24,37.24
2003-08-05,,,59.41,37.45
2003-08-04,,,59.26,37.46
2003-08-01,,,58.59,37.06
2003-07-31,20.7,,58.62,36.96
2003-07-30,,,58.71,36.87
2003-07-29,,,58.73,36.78
2003-07-28,,,58.49,36.57
2003-07-25,,,59.06,36.74
2003-07-24,,,59.59,37.17
2003-07-23,,,60.05,37.43
2003-07-22,,,59.77,37.3
2003-07-21,,,59.39,37.26
2003-07-18,,,60.27,37.53
2003-07-17,,,61.27,38.16
2003-07-16,,,61.36,38.11
2003-07-15,,,61.41,37.95
2003-07-14,,,61.53,37.72
2003-07-11,,,61.99,37.97
2003-07-10,,,62.21,38.07
2003-07-09,,,61.53,37.29
2003-07-08,,,61.72,37.6
2003-07-07,,,61.07,37.36
2003-07-04,,,61.19,37.31
2003-07-03,,,61.48,37.38
2003-07-02,,,61.29,37.27
2003-07-01,,,61.15,36.82
2003-06-30,20.83,,61.24,36.88
2003-06-27,,,62.01,37.04
2003-06-26,,,62.48,37.55
2003-06-25,,,62.53,37.17
2003-06-24,,,62.92,37.46
2003-06-23,,,62.87,37.3
2003-06-20,,,63.53,37.72
2003-06-19,,,63.66,37.95
2003-06-18,,,64.51,38.41
2003-06-17,,,64.65,38.48
2003-06-16,,,64.13,38.69
2003-06-13,,,64.61,38.83
2003-06-12,,,64.47,38.72
2003-06-11,,,64.22,38.88
2003-06-10,,,62.88,38.21
2003-06-09,,,62.79,37.96
2003-06-06,,,63.23,38.36
2003-06-05,,,63.78,38.93
2003-06-04,,,64.34,39.45
2003-06-03,,,64.58,39.06
2003-06-02,,,65.21,39.48
2003-05-31,20.2,,,
2003-05-30,,,65.01,39.5
2003-05-29,,,64.58,39.38
2003-05-28,,,63.81,38.9
2003-05-27,,,63.76,39.36
2003-05-26,,,63.35,39.38
2003-05-23,,,63.26,39.08
2003-05-22,,,62.83,38.67
2003-05-21,,,62.71,38.38
2003-05-20,,,62.61,38.44
2003-05-19,,,63.26,38.88
2003-05-16,,,62.85,38.91
2003-05-15,,,62.73,38.89
2003-05-14,,,61.31,37.99
2003-05-13,,,60.18,37.12
2003-05-12,,,62.43,38.14
2003-04-30,19.2,,70.26,37.49
2003-04-29,,,70.53,37.29
2003-04-28,,,71.8,37.76
2003-04-25,,,71.62,36.29
2003-04-24,,,72.69,36.64
2003-04-23,,,74.45,37.71
2003-04-22,,,75.4,38.39
2003-04-21,,,75.73,38.39
2003-04-18,,,76.56,39.27
2003-04-17,,,76.69,39.61
2003-04-16,,,76.53,39.43
2003-04-15,,,77.84,39.72
2003-04-14,,,76.52,39.31
2003-04-11,,,74.83,38.47
2003-04-10,,,74.66,37.62
2003-04-09,,,74.33,37.46
2003-04-08,,,74.45,36.77
2003-04-07,,,74.88,36.65
2003-04-04,,,75.67,36.78
2003-04-03,,,75.82,36.53
2003-04-02,,,76,36.78
2003-04-01,,,76.1,36.79
2003-03-31,18.54,,75.49,36.55
2003-03-28,,,75.28,36.05
2003-03-27,,,75.95,36.09
2003-03-26,,,74.42,35.14
2003-03-25,,,74.9,35.26
2003-03-24,,,75.66,35.61
2003-03-21,,,75.57,35.54
2003-03-20,,,74.76,35.25
2003-03-19,,,75.16,35.41
2003-03-18,,,75.21,35.2
2003-03-17,,,75.73,35.38
2003-03-14,,,76.02,35.3
2003-03-13,,,76.04,35.23
2003-03-12,,,76.44,35.45
2003-03-11,,,76.12,35.3
2003-03-10,,,76.22,35.31
2003-03-07,,,77.43,35.92
2003-03-06,,,77.58,36.02
2003-03-05,,,78.69,36.49
2003-03-04,,,79.12,36.63
2003-03-03,,,79.03,36.66
2003-02-28,18.1,,78.28,36.4
2003-02-27,,,78.02,36.39
2003-02-26,,,78,36.4
2003-02-25,,,77.88,36.4
2003-02-24,,,76.12,35.75
2003-02-21,,,75.68,35.72
2003-02-20,,,77.01,36.42
2003-02-19,,,77.05,36.46
2003-02-18,,,76.57,36.11
2003-02-17,,,76.61,36.12
2003-02-14,,,77.16,36.41
2003-02-13,,,76.94,36.26
2003-02-12,,,76.96,36.47
2003-02-11,,,76.19,36.09
2003-02-10,,,75.42,35.77
2003-01-31,19.3,,,
2003-01-29,,,76.41,36.28
2003-01-28,,,76.51,36.29
2003-01-27,,,76.19,36.19
2003-01-24,,,75.42,35.73
2003-01-23,,,74.56,35.1
2003-01-22,,,75.32,35.28
2003-01-21,,,75.15,35.19
2003-01-20,,,76.43,35.88
2003-01-17,,,76.14,35.74
2003-01-16,,,76.66,35.91
2003-01-15,,,75.03,35.37
2003-01-14,,,75.18,35.59
2003-01-13,,,72.14,33.58
2003-01-10,,,72.03,33.53
2003-01-09,,,72.88,33.86
2003-01-08,,,71.55,33.26
2003-01-07,,,69.95,32.3
2003-01-06,,,69.93,32.43
2003-01-03,,,69.01,32.1
2003-01-02,,,69.02,32.09
2002-12-31,16.78,,61.73,31.47
2002-12-30,,,62.21,31.59
2002-12-27,,,63.03,31.92
2002-12-26,,,63.02,31.9
2002-12-25,,,64.86,32.79
2002-12-24,,,65.36,33
2002-12-23,,,65.13,33.01
2002-12-20,,,65.08,32.96
2002-12-19,,,64.37,32.62
2002-12-18,,,64.47,32.59
2002-12-17,,,64.37,32.73
2002-12-16,,,63.96,32.56
2002-12-13,,,63.44,32.29
2002-12-12,,,62.78,32.01
2002-12-11,,,62.4,31.89
2002-12-10,,,62.64,32.04
2002-12-09,,,63.56,32.44
2002-12-06,,,64.05,32.53
2002-12-05,,,64.03,32.54
2002-12-04,,,64.59,32.78
2002-12-03,,,64.12,32.73
2002-12-02,,,63.55,32.39
2002-11-30,16.6,,,
2002-11-29,,,65.61,33.27
2002-11-28,,,64.56,32.89
2002-11-27,,,62.54,32.02
2002-11-26,,,62.62,31.72
2002-11-25,,,63.9,32.32
2002-11-22,,,63.84,32.11
2002-11-21,,,63.67,32.02
2002-11-20,,,65.48,32.83
2002-11-19,,,67.47,33.58
2002-11-18,,,66.78,33.4
2002-11-15,,,67.32,33.78
2002-11-14,,,66.98,33.67
2002-11-13,,,68.28,34.3
2002-11-12,,,68.06,34.07
2002-11-11,,,69.7,34.54
2002-11-08,,,70.4,34.94
2002-11-07,,,72.23,35.69
2002-11-06,,,72.43,35.66
2002-11-05,,,72.62,35.82
2002-11-04,,,71.25,35.34
2002-11-01,,,70.28,34.82
2002-10-31,17,,70.37,34.72
2002-10-30,,,70.52,34.75
2002-10-29,,,71.1,34.76
2002-10-28,,,70.81,34.53
2002-10-25,,,71.86,34.95
2002-10-24,,,72.69,35.25
2002-10-23,,,72.59,35.55
2002-10-22,,,73.06,35.55
2002-10-21,,,71.93,35.1
2002-10-18,,,71.95,34.98
2002-10-17,,,72,34.81
2002-10-16,,,73.14,35.38
2002-10-15,,,72.57,35.06
2002-10-14,,,72.88,35.18
2002-10-11,,,72.85,34.99
2002-10-10,,,73.39,35.12
2002-10-09,,,73.66,35.3
2002-10-08,,,74.85,36.07
2002-09-30,16.5,,,
2002-09-27,,,75.71,36.48
2002-09-26,,,76.08,36.61
2002-09-25,,,76.79,36.84
2002-09-24,,,76.8,36.8
2002-09-23,,,77,36.95
2002-09-20,,,77.08,36.98
2002-09-19,,,77.6,37.37
2002-09-18,,,76.78,36.67
2002-09-17,,,77.05,36.92
2002-09-16,,,76.93,36.88
2002-09-13,,,77.9,37.46
2002-09-12,,,77.87,37.47
2002-09-11,,,77.42,37.4
2002-09-10,,,77.58,37.44
2002-09-09,,,77.32,37.52
2002-09-06,,,77.57,37.86
2002-09-05,,,77.8,38.08
2002-09-04,,,78.87,38.59
2002-09-03,,,79.37,38.81
2002-09-02,,,79.07,38.68
2002-08-31,15.5,,,
2002-08-30,,,75.05,37.58
2002-08-29,,,74.94,37.61
2002-08-28,,,75.96,37.76
2002-08-27,,,76.73,37.76
2002-08-26,,,75.26,37.72
2002-08-23,,,74.73,38.09
2002-08-22,,,75.05,37.93
2002-08-21,,,74.11,37.86
2002-08-20,,,73.71,37.86
2002-08-19,,,72.9,37.17
2002-08-16,,,73.17,37.2
2002-08-15,,,72.76,36.96
2002-08-14,,,73.17,37.24
2002-08-13,,,72.74,36.99
2002-08-12,,,72.67,36.93
2002-08-09,,,73.25,37.2
2002-08-08,,,73.76,37.43
2002-08-07,,,74.11,37.66
2002-08-06,,,74.27,37.73
2002-08-05,,,73.63,37.28
2002-08-02,,,74.19,37.47
2002-08-01,,,73.74,37.32
2002-07-31,14.4,,73.47,37.32
2002-07-30,,,73.97,37.76
2002-07-29,,,74.01,37.65
2002-07-26,,,73.79,37.43
2002-07-25,,,74,37.54
2002-07-24,,,73.99,37.76
2002-07-23,,,74.16,37.83
2002-07-22,,,74.53,37.94
2002-07-19,,,75.48,38.64
2002-07-18,,,75.04,38.35
2002-07-17,,,74.92,38.3
2002-07-16,,,74.67,38
2002-07-15,,,74.64,37.92
2002-07-12,,,74.75,38.11
2002-07-11,,,74.92,38.13
2002-07-10,,,74.8,38.28
2002-07-09,,,75.75,39.03
2002-07-08,,,76.11,39.08
2002-07-05,,,75.67,38.88
2002-07-04,,,75.15,38.77
2002-07-03,,,75.4,39.23
2002-07-02,,,75.53,39.14
2002-07-01,,,75.19,38.73
2002-06-30,14.7,,,
2002-06-28,,,71.54,39.36
2002-06-27,,,72.28,38.99
2002-06-26,,,72.73,38.75
2002-06-25,,,72.88,38.52
2002-06-24,,,74.82,38.36
2002-06-21,,,68.59,35.06
2002-06-20,,,66.4,33.95
2002-06-19,,,66.07,33.67
2002-06-18,,,66.8,34.09
2002-06-17,,,65.53,33.44
2002-06-14,,,65.48,33.45
2002-06-13,,,66.12,33.78
2002-06-12,,,66.71,34.08
2002-06-11,,,67.18,34.22
2002-06-10,,,66.57,33.98
2002-06-07,,,67.45,34.21
2002-06-06,,,67.21,34.01
2002-06-05,,,64.57,32.74
2002-06-04,,,65.89,33.35
2002-06-03,,,65.57,33.14
2002-05-31,14,,67.16,33.78
2002-05-30,,,67.5,34
2002-05-29,,,67.6,33.96
2002-05-28,,,68.89,34.6
2002-05-27,,,68.85,34.46
2002-05-24,,,68.56,34.34
2002-05-23,,,69.64,34.84
2002-05-22,,,69.28,34.68
2002-05-21,,,70.23,35.23
2002-05-20,,,67.97,34.16
2002-05-17,,,69.12,34.53
2002-05-16,,,68.36,34.2
2002-05-15,,,70.55,35.2
2002-05-14,,,71.44,35.51
2002-05-13,,,71.46,35.77
2002-05-10,,,71.68,36.21
2002-05-09,,,72.31,36.47
2002-05-08,,,72.5,36.41
2002-04-30,14.1,,76,30.98
2002-04-29,,,76.14,30.89
2002-04-26,,,74.26,30.48
2002-04-25,,,72.81,30.06
2002-04-24,,,72.45,29.98
2002-04-23,,,73.17,30.18
2002-04-22,,,73.17,30.31
2002-04-19,,,73.43,30.44
2002-04-18,,,73.28,30.37
2002-04-17,,,73.94,30.69
2002-04-16,,,73.62,30.69
2002-04-15,,,73.88,30.8
2002-04-12,,,74.25,30.94
2002-04-11,,,73.75,30.8
2002-04-10,,,75.17,31.3
2002-04-09,,,74.75,31.09
2002-04-08,,,73.49,30.58
2002-04-05,,,73.41,30.66
2002-04-04,,,73.82,30.81
2002-04-03,,,71.74,30.02
2002-04-02,,,71.49,29.86
2002-04-01,,,72.71,30.34
2002-03-31,14.4,,,
2002-03-29,,,72.64,30.25
2002-03-28,,,74.76,31.15
2002-03-27,,,74.83,31.19
2002-03-26,,,74.64,31.12
2002-03-25,,,75.84,31.67
2002-03-22,,,75.24,31.61
2002-03-21,,,75.83,31.98
2002-03-20,,,76.02,31.87
2002-03-19,,,75.47,31.55
2002-03-18,,,73.21,31.02
2002-03-15,,,72.85,30.92
2002-03-14,,,74.51,31.84
2002-03-13,,,72.59,31.07
2002-03-12,,,73.48,31.54
2002-03-11,,,74.85,31.89
2002-03-08,,,73.85,31.26
2002-03-07,,,72.72,30.64
2002-03-06,,,71.16,29.7
2002-03-05,,,70.78,29.4
2002-03-04,,,68.99,28.77
2002-03-01,,,67.92,28.35
2002-02-28,13,,68.85,28.76
2002-02-27,,,69.54,29.04
2002-02-26,,,69.33,28.94
2002-02-25,,,69.27,28.99
2002-02-08,,,68.18,28.57
2002-02-07,,,68.31,28.72
2002-02-06,,,66.9,28.14
2002-02-05,,,68.18,28.84
2002-02-04,,,68.24,28.55
2002-02-01,,,67.17,28.01
2002-01-31,13.1,,67.35,28.2
2002-01-30,,,62.75,26.5
2002-01-29,,,62.53,26.39
2002-01-28,,,61.13,25.8
2002-01-25,,,65.05,27.53
2002-01-24,,,65.14,27.55
2002-01-23,,,64.97,27.42
2002-01-22,,,60.99,25.76
2002-01-21,,,61.21,25.75
2002-01-18,,,63.37,26.68
2002-01-17,,,63.68,26.77
2002-01-16,,,66.86,27.91
2002-01-15,,,66.41,27.59
2002-01-14,,,68.16,28
2002-01-11,,,70.8,29
2002-01-10,,,72.69,29.7
2002-01-09,,,71.78,29.49
2002-01-08,,,72.77,29.9
2002-01-07,,,73.33,30.1
2002-01-04,,,73.87,30.42
2001-12-31,14.4,,77.05,32.63
2001-12-28,,,76.87,32.5
2001-12-27,,,76.6,32.28
2001-12-26,,,76.55,32.44
2001-12-25,,,75.67,32.02
2001-12-24,,,75.42,31.93
2001-12-21,,,76.42,32.55
2001-12-20,,,75.72,32.39
2001-12-19,,,77.59,33.14
2001-12-18,,,78.27,33.48
2001-12-17,,,77.09,33
2001-12-14,,,77.55,33.21
2001-12-13,,,78.24,33.47
2001-12-12,,,79.59,34.01
2001-12-11,,,80.27,34.34
2001-12-10,,,81.14,34.72
2001-12-07,,,81.29,34.67
2001-12-06,,,81.49,34.7
2001-12-05,,,81,34.51
2001-12-04,,,82.46,34.96
2001-12-03,,,82.12,34.77
2001-11-30,13.2,,81.33,34.52
2001-11-29,,,80.65,34.27
2001-11-28,,,80.45,34.39
2001-11-27,,,79.35,34.17
2001-11-26,,,78.52,33.84
2001-11-23,,,78.89,33.96
2001-11-22,,,79.31,34.03
2001-11-21,,,78.72,33.77
2001-11-20,,,78.49,33.52
2001-11-19,,,76.79,32.95
2001-11-16,,,75.51,32.69
2001-11-15,,,74.03,32.28
2001-11-14,,,73.78,32.29
2001-11-13,,,73.43,32.34
2001-11-12,,,74.06,32.41
2001-11-09,,,74.42,32.62
2001-11-08,,,73.14,32.07
2001-11-07,,,72.55,31.72
2001-11-06,,,76.51,33.25
2001-11-05,,,76.74,33.36
2001-11-02,,,77.7,33.7
2001-11-01,,,78.41,34.03
2001-10-31,12.9,,77.64,33.68
2001-10-30,,,77.6,33.57
2001-10-29,,,78.36,33.95
2001-10-26,,,77.12,33.53
2001-10-25,,,77.33,33.55
2001-10-24,,,79.39,34.32
2001-10-23,,,75.6,33.62
2001-10-22,,,68.84,30.61
2001-10-19,,,71.33,31.41
2001-10-18,,,74.46,32.14
2001-10-17,,,75.94,32.53
2001-10-16,,,76.74,32.69
2001-10-15,,,78.14,33.21
2001-10-12,,,78.62,33.24
2001-10-11,,,76.38,32.19
2001-10-10,,,78.93,33
2001-10-09,,,82.7,34.02
2001-10-08,,,82.09,33.69
2001-09-30,13.6,,,
2001-09-28,,,84.53,34.41
2001-09-27,,,85.12,34.35
2001-09-26,,,85.52,34.4
2001-09-25,,,86.65,34.87
2001-09-24,,,86.67,34.85
2001-09-21,,,87.23,35.04
2001-09-20,,,87.58,35.19
2001-09-19,,,88.18,35.28
2001-09-18,,,87.18,34.66
2001-09-17,,,86.69,34.37
2001-09-14,,,88.39,34.99
2001-09-13,,,89.32,35.38
2001-09-12,,,89.29,35.53
2001-09-11,,,90.49,35.9
2001-09-10,,,90.48,35.8
2001-09-07,,,88.27,35
2001-09-06,,,90.94,36.04
2001-09-05,,,91.37,36.19
2001-09-04,,,91.06,36.11
2001-09-03,,,88.79,35.22
2001-08-31,13.6,,87.01,35.53
2001-08-30,,,86.95,35.56
2001-08-29,,,87.41,35.79
2001-08-28,,,87,35.64
2001-08-27,,,86.29,35.35
2001-08-24,,,89.21,36.43
2001-08-23,,,89.99,36.69
2001-08-22,,,90.04,36.68
2001-08-21,,,91.64,37.29
2001-08-20,,,91.22,37.13
2001-08-17,,,90.65,36.96
2001-08-16,,,90.79,36.92
2001-08-15,,,91.98,37.38
2001-08-14,,,91.46,37.23
2001-08-13,,,92.26,37.61
2001-08-10,,,91.98,37.57
2001-08-09,,,90.78,37.01
2001-08-08,,,89.23,36.44
2001-08-07,,,89.18,36.75
2001-08-06,,,88.06,36.29
2001-08-03,,,91.35,37.69
2001-08-02,,,91.19,37.71
2001-08-01,,,92.68,38.3
2001-07-31,13.5,,89.41,37.11
2001-07-30,,,90.67,37.69
2001-07-27,,,96.06,39.76
2001-07-26,,,98.14,40.28
2001-07-25,,,99.61,40.68
2001-07-24,,,100.61,41.13
2001-07-23,,,102.22,41.74
2001-07-20,,,102.66,41.97
2001-07-19,,,101.43,41.49
2001-07-18,,,100.96,41.42
2001-07-17,,,100.64,41.24
2001-07-16,,,101.05,41.36
2001-07-13,,,101.97,41.71
2001-07-12,,,102.03,41.78
2001-07-11,,,102.31,41.84
2001-07-10,,,103.15,42.17
2001-07-09,,,102.04,41.91
2001-07-06,,,102.29,41.96
2001-07-05,,,102.86,42.19
2001-07-04,,,103.95,42.45
2001-07-03,,,104.34,42.53
2001-07-02,,,104.07,42.5
2001-06-30,14.3,,,
2001-06-29,,,102.85,41.94
2001-06-28,,,103.02,41.91
2001-06-27,,,103.58,42.1
2001-06-26,,,103.73,42.24
2001-06-25,,,103.55,42.2
2001-06-22,,,102.49,41.91
2001-06-21,,,102.07,41.47
2001-06-20,,,100.94,41.13
2001-06-19,,,101.24,41.28
2001-06-18,,,101.12,41.21
2001-06-15,,,103.36,41.87
2001-06-14,,,102.55,41.76
2001-06-13,,,104.55,42.21
2001-06-12,,,103.45,41.99
2001-06-11,,,102.83,41.86
2001-06-08,,,103.69,42.04
2001-06-07,,,104.09,42.06
2001-06-06,,,104.53,42.2
2001-06-05,,,104.25,42.17
2001-06-04,,,104.01,42.04
2001-06-01,,,103.3,42.11
2001-05-31,14.48,,103.12,41.88
2001-05-30,,,102.48,42.11
2001-05-29,,,100.79,41.65
2001-05-28,,,100.49,41.7
2001-05-25,,,100.85,42.04
2001-05-24,,,101.35,42.31
2001-05-23,,,101.07,42.43
2001-05-22,,,101.72,42.61
2001-05-21,,,102.08,42.67
2001-05-18,,,101.19,42.75
2001-05-17,,,100.33,42.76
2001-05-16,,,100.53,43.02
2001-05-15,,,99.84,42.96
2001-05-14,,,99.05,42.85
2001-05-11,,,98.1,42.41
2001-05-10,,,97.74,42.38
2001-05-09,,,96.16,42.25
2001-05-08,,,97.17,42.34
2001-04-30,13.94,,119.29,43.35
2001-04-27,,,118.83,43.26
2001-04-26,,,117.79,42.98
2001-04-25,,,118.92,43.28
2001-04-24,,,121.53,44.09
2001-04-23,,,120.49,43.93
2001-04-20,,,120.56,44.16
2001-04-19,,,120.31,44.58
2001-04-18,,,121.22,44.82
2001-04-17,,,121.17,45.07
2001-04-16,,,120.23,45.03
2001-04-13,,,118.43,44.71
2001-04-12,,,117.76,44.58
2001-04-11,,,116.88,44.49
2001-04-10,,,117.45,44.46
2001-04-09,,,117,44.24
2001-04-06,,,116.22,44.06
2001-04-05,,,116.99,44.26
2001-04-04,,,115.86,43.89
2001-04-03,,,117.79,44.52
2001-04-02,,,118.02,44.61
2001-03-31,14.83,,,
2001-03-30,,,117.22,44.41
2001-03-29,,,116.02,44.26
2001-03-28,,,116.6,44.44
2001-03-27,,,116.85,44.46
2001-03-26,,,115.55,44.07
2001-03-23,,,113.54,43.44
2001-03-22,,,115.15,44.2
2001-03-21,,,113.55,43.72
2001-03-20,,,112.83,43.2
2001-03-19,,,112.4,42.99
2001-03-16,,,111.93,42.76
2001-03-15,,,111.98,42.74
2001-03-14,,,111.73,42.7
2001-03-13,,,111.01,42.27
2001-03-12,,,111.95,42.5
2001-03-09,,,111.65,42.6
2001-03-08,,,110.47,42.43
2001-03-07,,,109.88,42.11
2001-03-06,,,109.83,41.98
2001-03-05,,,109.94,41.93
2001-03-02,,,110.16,42.04
2001-03-01,,,108.92,41.6
2001-02-28,15.2,,108.38,41.68
2001-02-27,,,108.5,41.86
2001-02-26,,,107.87,41.73
2001-02-23,,,106.75,41.18
2001-02-22,,,105.38,40.62
2001-02-21,,,105.11,40.71
2001-02-20,,,108.01,41.58
2001-02-19,,,109.13,41.78
2001-02-16,,,107.43,41.37
2001-02-15,,,107.39,41.46
2001-02-14,,,108.21,41.81
2001-02-13,,,108.05,41.79
2001-02-12,,,107.71,41.79
2001-02-09,,,107.85,41.76
2001-02-08,,,106.22,41.13
2001-02-07,,,109.37,42.29
2001-02-06,,,110.73,42.58
2001-02-05,,,112.13,42.76
2001-01-31,15.16,,,
2001-01-19,,,116.64,43.79
2001-01-18,,,115.24,43.28
2001-01-17,,,114.93,43.07
2001-01-16,,,116.08,43.26
2001-01-15,,,115.91,42.84
2001-01-12,,,120.48,44.23
2001-01-11,,,122.01,44.48
2001-01-10,,,123.2,44.48
2001-01-09,,,122.35,44.01
2001-01-08,,,122.95,43.88
2001-01-05,,,125.43,44.29
2001-01-04,,,125.14,44.17
2001-01-03,,,125.06,44.38
2001-01-02,,,124,44.1
2000-12-31,13.99,,,
2000-12-29,,,113.6,43.79
2000-12-28,,,112.78,43.33
2000-12-27,,,113.24,43.24
2000-12-26,,,114.78,43.4
2000-12-25,,,114.56,43.21
2000-12-22,,,114.23,43.41
2000-12-21,,,114.76,43.68
2000-12-20,,,114.26,43.65
2000-12-19,,,112.66,43.27
2000-12-18,,,112.44,43.37
2000-12-15,,,111.42,43.35
2000-12-14,,,111.51,43.48
2000-12-13,,,111.73,43.53
2000-12-12,,,111.57,43.7
2000-12-11,,,110.75,43.36
2000-12-08,,,111.85,44.05
2000-12-07,,,111.97,43.69
2000-12-06,,,111.48,43.85
2000-12-05,,,112.95,44.27
2000-12-04,,,113.08,44.33
2000-12-01,,,112.8,44.21
2000-11-30,15.15,,112.33,43.95
2000-11-29,,,111.78,43.91
2000-11-28,,,112.11,44.3
2000-11-27,,,110.5,43.71
2000-11-24,,,110.8,43.85
2000-11-23,,,114.07,45.21
2000-11-22,,,113.67,45.12
2000-11-21,,,112.66,44.64
2000-11-20,,,112.96,44.76
2000-11-17,,,112.52,44.99
2000-11-16,,,112.8,45.06
2000-11-15,,,111.86,44.79
2000-11-14,,,111.53,44.88
2000-11-13,,,110.63,44.63
2000-11-10,,,109.69,44.02
2000-11-09,,,109.31,43.6
2000-11-08,,,108.53,43.1
2000-11-07,,,107.93,42.83
2000-11-06,,,107.64,42.74
2000-11-03,,,106.81,42.78
2000-11-02,,,107.41,42.99
2000-11-01,,,107.18,42.75
2000-10-31,14.2,,106.39,42.38
2000-10-30,,,107.45,42.56
2000-10-27,,,107.45,42.57
2000-10-26,,,107.22,42.44
2000-10-25,,,107.97,42.75
2000-10-24,,,107.28,42.34
2000-10-23,,,106.82,42.63
2000-10-20,,,105.69,42.45
2000-10-19,,,103.59,41.7
2000-10-18,,,104.31,41.94
2000-10-17,,,103.31,41.51
2000-10-16,,,102.72,41.37
2000-10-13,,,103.29,41.81
2000-10-12,,,103.74,42
2000-10-11,,,103.94,42.27
2000-10-10,,,104.41,42.54
2000-10-09,,,103.07,41.85
2000-09-30,15.27,,,
2000-09-29,,,102.1,41.91
2000-09-28,,,100.84,41.41
2000-09-27,,,101.79,42.01
2000-09-26,,,100.23,41.44
2000-09-25,,,100.18,41.03
2000-09-22,,,100.58,41.43
2000-09-21,,,100.88,41.92
2000-09-20,,,101.29,42.28
2000-09-19,,,100.37,41.85
2000-09-18,,,102.88,42.75
2000-09-15,,,103.75,43.52
2000-09-14,,,103.67,43.61
2000-09-13,,,103.55,43.96
2000-09-12,,,103.32,43.6
2000-09-11,,,102.75,43.24
2000-09-08,,,102.61,43.11
2000-09-07,,,102.16,42.86
2000-09-06,,,100.97,42.38
2000-09-05,,,101.54,43.34
2000-09-04,,,103.83,44.34
2000-09-01,,,102.87,44.11
2000-08-31,14.82,,97.99,48.09
2000-08-30,,,100.29,49.39
2000-08-29,,,100.96,50.01
2000-08-28,,,100.96,49.93
2000-08-25,,,100.31,49.74
2000-08-24,,,99.33,49.43
2000-08-23,,,98.65,49.18
2000-08-22,,,99.46,49.58
2000-08-21,,,100.73,50.46
2000-08-18,,,100.59,50.15
2000-08-17,,,100.41,50.17
2000-08-16,,,100.38,50.09
2000-08-15,,,100.3,49.96
2000-08-14,,,100.06,50.05
2000-08-11,,,99.5,49.85
2000-08-10,,,99.6,50.01
2000-08-09,,,98.93,49.99
2000-08-08,,,98.16,49.91
2000-08-07,,,97.67,49.66
2000-08-04,,,97.4,49.35
2000-08-03,,,97.48,49.65
2000-08-02,,,97.33,49.48
2000-08-01,,,97.25,49.49
2000-07-31,15.55,,97.18,49.32
2000-07-28,,,96.88,48.97
2000-07-27,,,96.67,48.97
2000-07-26,,,96.87,48.8
2000-07-25,,,96.15,48.51
2000-07-24,,,95.85,48.3
2000-07-21,,,96.45,48.54
2000-07-20,,,95.58,48.45
2000-07-19,,,96.43,48.69
2000-07-18,,,96.09,48.62
2000-07-17,,,95.97,48.28
2000-07-14,,,96.62,48.56
2000-07-13,,,96.14,48.24
2000-07-12,,,95.3,48.22
2000-07-11,,,95.48,47.91
2000-07-10,,,95,47.43
2000-07-07,,,95.14,47.07
2000-07-06,,,94.06,46.34
2000-07-05,,,94.31,46.46
2000-07-04,,,94.28,46.42
2000-07-03,,,92.84,46.17
2000-06-30,14.39,,98.47,45.3
2000-06-29,,,99.25,45.46
2000-06-28,,,99.44,45.58
2000-06-27,,,99.29,45.52
2000-06-26,,,99.68,45.56
2000-06-23,,,99.53,45.27
2000-06-22,,,98.58,44.8
2000-06-21,,,98.39,44.86
2000-06-20,,,97.39,44.34
2000-06-19,,,97.67,44.74
2000-06-16,,,98.13,44.85
2000-06-15,,,98.55,45.27
2000-06-14,,,97.91,44.98
2000-06-13,,,97.99,45.02
2000-06-12,,,97.57,44.46
2000-06-09,,,97.32,44.1
2000-06-08,,,98.16,44.74
2000-06-07,,,98.99,44.96
2000-06-06,,,98.85,44.72
2000-06-05,,,96.75,44.23
2000-06-02,,,97.83,44.62
2000-06-01,,,98.29,44.09
2000-05-31,14.01,,98.44,43.72
2000-05-30,,,97.99,43.46
2000-05-29,,,99.52,43.84
2000-05-26,,,98.28,43.43
2000-05-25,,,98.29,43.46
2000-05-24,,,97.19,42.34
2000-05-23,,,95.98,42.16
2000-05-22,,,96.33,42.12
2000-05-19,,,93.86,41.1
2000-05-18,,,92.66,40.64
2000-05-17,,,91.14,39.74
2000-05-16,,,91.04,39.66
2000-05-15,,,89.54,39.17
2000-05-12,,,90.59,39.73
2000-05-11,,,90.1,39.75
2000-05-10,,,91.61,40.5
2000-05-09,,,92.88,41.84
2000-05-08,,,95.25,42.63
2000-04-30,14.46,,,
2000-04-28,,,125.93,42.21
2000-04-27,,,123.19,41.52
2000-04-26,,,124.4,42.03
2000-04-25,,,124.09,41.99
2000-04-24,,,124.32,41.94
2000-04-21,,,125.11,42.18
2000-04-20,,,125.37,42.11
2000-04-19,,,124.13,42.1
2000-04-18,,,123.25,41.65
2000-04-17,,,121.3,41.44
2000-04-14,,,124.56,42.42
2000-04-13,,,124.47,42.31
2000-04-12,,,123.61,41.72
2000-04-11,,,125.09,41.92
2000-04-10,,,124.76,42.05
2000-04-07,,,124.38,41.79
2000-04-06,,,123.72,41.39
2000-04-05,,,121.39,40.52
2000-04-04,,,120.29,40.22
2000-04-03,,,122.64,41.08
2000-03-31,13.38,,120.08,41.34
2000-03-30,,,120.46,41.65
2000-03-29,,,119.03,41.24
2000-03-28,,,119.24,41.37
2000-03-27,,,118.57,41.04
2000-03-24,,,115.83,40
2000-03-23,,,116.64,40.39
2000-03-22,,,114.59,39.82
2000-03-21,,,113.82,39.45
2000-03-20,,,112.3,39.28
2000-03-17,,,109.42,38.44
2000-03-16,,,105.11,37.26
2000-03-15,,,111.35,39.18
2000-03-14,,,110.71,39.3
2000-03-13,,,113.35,40.23
2000-03-10,,,111.26,39.71
2000-03-09,,,112.12,40.51
2000-03-08,,,111.74,40.44
2000-03-07,,,110.12,39.86
2000-03-06,,,109.48,39.21
2000-03-03,,,113.86,40.6
2000-03-02,,,112.62,40.04
2000-03-01,,,111.99,39.85
2000-02-29,13.51,,112.34,40.21
2000-02-28,,,112.83,39.93
2000-02-25,,,108.27,38.22
2000-02-24,,,108.37,38.22
2000-02-23,,,105.41,37.27
2000-02-22,,,108.46,38.28
2000-02-21,,,111.72,39.49
2000-02-18,,,111.81,39.17
2000-02-17,,,108.06,38.85
2000-02-16,,,112.82,39.75
2000-02-15,,,109.39,39.22
2000-02-14,,,107.62,39.32
2000-01-31,14.33,,,
2000-01-28,,,98.64,36
2000-01-27,,,97.14,35.18
2000-01-26,,,95.16,34.62
2000-01-25,,,94.67,34.61
2000-01-24,,,95.16,34.38
2000-01-21,,,92.64,34.13
2000-01-20,,,91.84,34.15
2000-01-19,,,90.16,33.6
2000-01-18,,,88.47,33.23
2000-01-17,,,88.21,33.39
2000-01-14,,,86.46,32.81
2000-01-13,,,86.98,33.2
2000-01-12,,,87.45,33.49
2000-01-11,,,89.57,34.34
2000-01-10,,,92.97,35.94
2000-01-07,,,90.41,35.29
2000-01-06,,,87.78,33.78
2000-01-05,,,84.99,32.37
2000-01-04,,,84.47,32.24
1999-12-31,14.7,,,
1999-11-30,14,,,
1999-10-31,14.5,,,
1999-09-30,15.3,,,
1999-08-31,16,,,
1999-07-31,15.7,,,
1999-06-30,17.7,,,
1999-05-31,17.2,,,
1999-04-30,17.9,,,
1999-03-31,17.8,,,
1999-02-28,18,,,
1999-01-31,14.4,,,
1998-12-31,15.3,,,
1998-11-30,16.7,,,
1998-10-31,16.3,,,
1998-09-30,16,,,
1998-08-31,15,,,
1998-07-31,15.5,,,
1998-06-30,14.6,,,
1998-05-31,15.5,,,
1998-04-30,14.6,,,
1998-03-31,15.4,,,
1998-02-28,16.7,,,
1998-01-31,17.4,,,
1997-12-31,17.3,,,
1997-11-30,16.1,,,
1997-10-31,16.4,,,
1997-09-30,17.1,,,
1997-08-31,17.2,,,
1997-07-31,18.1,,,
1997-06-30,19.1,,,
1997-05-31,19.1,,,
1997-04-30,20.6,,,
1997-03-31,21.1,,,
1997-02-28,21.7,,,
1997-01-31,24.8,,,
1996-12-31,25.3,,,
1996-11-30,25.1,,,
1996-10-31,26.4,,,
1996-09-30,27.8,,,
1996-08-31,27.5,,,
1996-07-31,27,,,
1996-06-30,28.2,,,
1996-05-31,28.4,,,
1996-04-30,28.5,,,
1996-03-31,28.3,,,
1996-02-29,27.2,,,
1996-01-31,25.9,,,
1995-12-31,29.5,,,
1994-12-31,34.5,,,
1993-12-31,37.3,,,
1992-12-31,31.3,,,
1991-12-31,26.5,,,
1990-12-31,28,,,
1989-12-31,18.3,,,
1988-12-31,21.2,,,
1987-12-31,24,,,
1986-12-31,29.3,,,
数据来源：Wind
