asset,score,w_prior_risk_parity,mu_bl,w_active_bl,signal_confidence,view_confidence,optimizer_used,optimizer_status,cvar_95,weight,date
sse50,0.3611111111111111,0.1111111111111111,-0.010192677889767689,0.053974841043574855,0.14007887672275302,0.5937900347716397,cvar,optimal,0.0026888168654633773,0.053974841043574855,2017-05-31
csi300,0.6388888888888888,0.1111111111111111,-0.0023640839643285123,4.942312137308356e-09,0.14007887672275302,0.7109427338314368,cvar,optimal,0.0026888168654633773,4.942312137308356e-09,2017-05-31
csi500,0.3888888888888888,0.1111111111111111,-0.018868206250059333,0.005190928120414036,0.14007887672275302,0.5094742824605036,cvar,optimal,0.0026888168654633773,0.005190928120414036,2017-05-31
csi1000,0.4166666666666666,0.1111111111111111,-0.022569122406345617,1.0474785362588891e-08,0.14007887672275302,0.46634191220697396,cvar,optimal,0.0026888168654633773,1.0474785362588891e-08,2017-05-31
bond_gov,0.7361111111111112,0.1111111111111111,0.0015862675185080656,0.29999999852619236,0.14007887672275302,0.6363693026060171,cvar,optimal,0.0026888168654633773,0.29999999852619236,2017-05-31
bond_corp,0.6805555555555556,0.1111111111111111,0.00040721625071570445,0.2999999969530808,0.14007887672275302,0.40433861892117134,cvar,optimal,0.0026888168654633773,0.2999999969530808,2017-05-31
csi_cb,0.5416666666666666,0.1111111111111111,-0.0034671493548787038,0.12173730009930452,0.14007887672275302,0.4505421421593525,cvar,optimal,0.0026888168654633773,0.12173730009930452,2017-05-31
gold_au,0.4583333333333333,0.1111111111111111,-0.009053180786042673,0.08407443771348415,0.14007887672275302,0.6148899135191686,cvar,optimal,0.0026888168654633773,0.08407443771348415,2017-05-31
spx,0.7777777777777778,0.1111111111111111,0.018309911855601487,0.13502248212685192,0.14007887672275302,0.5328421302223998,cvar,optimal,0.0026888168654633773,0.13502248212685192,2017-05-31
sse50,0.2402443735571103,0.1111111111111111,-0.03491376898408229,0.05441190030257581,0.4316947154154669,0.6984314854227386,cvar,optimal,0.002584263347649947,0.05441190030257582,2017-06-28
csi300,0.4374443262988876,0.1111111111111111,-0.021339796927425478,1.8274247456026542e-09,0.4316947154154669,0.5024181821824945,cvar,optimal,0.002584263347649947,1.8274247456026545e-09,2017-06-28
csi500,0.5097556264428896,0.1111111111111111,-0.00437895755081423,0.020958145351716754,0.4316947154154669,0.5072054069715989,cvar,optimal,0.002584263347649947,0.020958145351716757,2017-06-28
csi1000,0.597966772997668,0.1111111111111111,0.0032868053643644677,5.541863989487533e-09,0.4316947154154669,0.4753181656513804,cvar,optimal,0.002584263347649947,5.541863989487534e-09,2017-06-28
bond_gov,0.6756777423341107,0.1111111111111111,0.0006761229238680787,0.29999999969707136,0.4316947154154669,0.36854278786316824,cvar,optimal,0.002584263347649947,0.2999999996970714,2017-06-28
bond_corp,0.6805555555555557,0.1111111111111111,0.0004437323711628,0.29999999969470015,0.4316947154154669,0.3628159725664859,cvar,optimal,0.002584263347649947,0.2999999996947002,2017-06-28
csi_cb,0.451016613501166,0.1111111111111111,-0.00933975509322923,0.10411510599234755,0.4316947154154669,0.4514400686718112,cvar,optimal,0.002584263347649947,0.10411510599234756,2017-06-28
gold_au,0.5892722990168341,0.1111111111111111,0.003865123281693275,0.08867755207191938,0.4316947154154669,0.5420973609039559,cvar,optimal,0.002584263347649947,0.0886775520719194,2017-06-28
spx,0.818066690295778,0.1111111111111111,0.016214335731471675,0.1318372895203802,0.4316947154154669,0.5198042686269314,cvar,optimal,0.002584263347649947,0.13183728952038024,2017-06-28
sse50,0.5203216738910504,0.1111111111111111,0.00029375114317886815,0.045333882643450556,0.01920700315097438,0.45393362956097066,cvar,optimal,0.0025405346972664947,0.045333882643450556,2017-07-26
csi300,0.569754597522591,0.1111111111111111,0.015511739817259916,4.4225913170552314e-09,0.01920700315097438,0.6170801955402991,cvar,optimal,0.0025405346972664947,4.4225913170552314e-09,2017-07-26
csi500,0.813507090035402,0.1111111111111111,0.06352227490242868,0.01746838130845297,0.01920700315097438,0.8,cvar,optimal,0.0025405346972664947,0.01746838130845297,2017-07-26
csi1000,0.8072912086049642,0.1111111111111111,0.07314521187112723,1.2554536848455784e-08,0.01920700315097438,0.8,cvar,optimal,0.0025405346972664947,1.2554536848455784e-08,2017-07-26
bond_gov,0.38696714399259236,0.1111111111111111,-0.001123326356502735,0.29999999880124384,0.01920700315097438,0.7005324578933673,cvar,optimal,0.0025405346972664947,0.29999999880124384,2017-07-26
bond_corp,0.406885822465031,0.1111111111111111,-0.0007436367774715342,0.2999999983427361,0.01920700315097438,0.6730066215707833,cvar,optimal,0.0025405346972664947,0.2999999983427361,2017-07-26
csi_cb,0.5561678577335867,0.1111111111111111,0.009652573231904764,0.11244008624196483,0.01920700315097438,0.4402856176802985,cvar,optimal,0.0025405346972664947,0.11244008624196483,2017-07-26
gold_au,0.3299464584307613,0.1111111111111111,-0.021963061668349822,0.08093343476173469,0.01920700315097438,0.6077851901756741,cvar,optimal,0.0025405346972664947,0.08093343476173469,2017-07-26
spx,0.609158147324021,0.1111111111111111,0.003742374456698989,0.1438242009232887,0.01920700315097438,0.6193728916439101,cvar,optimal,0.0025405346972664947,0.1438242009232887,2017-07-26
sse50,0.6221317706030784,0.1111111111111111,0.010428734403801723,0.045477778200121104,0.23665838447296145,0.5473991110557238,cvar,optimal,0.0025791546285190673,0.045477778200121104,2017-08-23
csi300,0.6947928111315826,0.1111111111111111,0.02267072069427991,3.2352970652510074e-09,0.23665838447296145,0.6362419449966032,cvar,optimal,0.0025791546285190673,3.2352970652510074e-09,2017-08-23
csi500,0.8143365080229662,0.1111111111111111,0.054472591484077966,0.021944882879005936,0.23665838447296145,0.5348535701924659,cvar,optimal,0.0025791546285190673,0.021944882879005936,2017-08-23
csi1000,0.9204563420597017,0.1111111111111111,0.0692295702633697,1.4471375893262824e-08,0.23665838447296145,0.8,cvar,optimal,0.0025791546285190673,1.4471375893262824e-08,2017-08-23
bond_gov,0.2754066076378065,0.1111111111111111,-0.001625916535037584,0.29999999930271337,0.23665838447296145,0.7570201571391166,cvar,optimal,0.0025791546285190673,0.29999999930271337,2017-08-23
bond_corp,0.3031843854155843,0.1111111111111111,-0.000806966112295305,0.2999999991475085,0.23665838447296145,0.7320173317185894,cvar,optimal,0.0025791546285190673,0.2999999991475085,2017-08-23
csi_cb,0.49242764393212757,0.1111111111111111,0.005326385679605908,0.11309777955532414,0.23665838447296145,0.5896724100868638,cvar,optimal,0.0025791546285190673,0.11309777955532414,2017-08-23
gold_au,0.2728489384849895,0.1111111111111111,-0.016551165752968153,0.08622448031787999,0.23665838447296145,0.5269871657444061,cvar,optimal,0.0025791546285190673,0.08622448031787999,2017-08-23
spx,0.6044149927121629,0.1111111111111111,0.0031772831265552475,0.13325506289077402,0.23665838447296145,0.5728360816455464,cvar,optimal,0.0025791546285190673,0.13325506289077402,2017-08-23
sse50,0.7214006132847716,0.1111111111111111,0.04283556768713753,0.052962894969362365,0.20987516993949543,0.5357157129612262,cvar,optimal,0.0025889323019156027,0.052962894969362365,2017-09-20
csi300,0.7794672132399326,0.1111111111111111,0.03191497904194142,8.127434283512742e-10,0.20987516993949543,0.7046947194267837,cvar,optimal,0.0025889323019156027,8.127434283512742e-10,2017-09-20
csi500,0.4346794132711845,0.1111111111111111,-0.017698919314641334,0.0027848849138722995,0.20987516993949543,0.741990342275598,cvar,optimal,0.0025889323019156027,0.0027848849138722995,2017-09-20
csi1000,0.39794199306326383,0.1111111111111111,-0.028096253843115943,1.9734339233731846e-09,0.20987516993949543,0.7819261932063902,cvar,optimal,0.0025889323019156027,1.9734339233731846e-09,2017-09-20
bond_gov,0.5097808442016356,0.1111111111111111,-0.0004347221821380272,0.2999999998249317,0.20987516993949543,0.561306139829749,cvar,optimal,0.0025889323019156027,0.2999999998249317,2017-09-20
bond_corp,0.5558032708521151,0.1111111111111111,-4.147964101940963e-05,0.2999999997037094,0.20987516993949543,0.43938421947940987,cvar,optimal,0.0025889323019156027,0.2999999997037094,2017-09-20
csi_cb,0.7190444418412604,0.1111111111111111,0.022144344326563252,0.12352510342610071,0.20987516993949543,0.6169727610598958,cvar,optimal,0.0025889323019156027,0.12352510342610071,2017-09-20
gold_au,0.4454517380628253,0.1111111111111111,-0.003069137325560712,0.08344150854210639,0.20987516993949543,0.4175803092117323,cvar,optimal,0.0025889323019156027,0.08344150854210639,2017-09-20
spx,0.43643047218301095,0.1111111111111111,-0.008449299357150067,0.13728560583373983,0.20987516993949543,0.6629841436170834,cvar,optimal,0.0025889323019156027,0.13728560583373983,2017-09-20
sse50,0.45767513775491586,0.1111111111111111,-0.017301122238339146,0.02380882402540182,0.41613852675540286,0.5861520283609369,cvar,optimal,0.0022978725126582343,0.02380882402540182,2017-10-25
csi300,0.49685874213586567,0.1111111111111111,-0.004038928999552986,5.732108363550853e-09,0.41613852675540286,0.646587072986022,cvar,optimal,0.0022978725126582343,5.732108363550853e-09,2017-10-25
csi500,0.6518932748992251,0.1111111111111111,0.02792087658195344,0.025808522939277448,0.41613852675540286,0.6554774423258524,cvar,optimal,0.0022978725126582343,0.025808522939277448,2017-10-25
csi1000,0.6811835611005048,0.1111111111111111,0.03530210751717623,7.919432711147121e-09,0.41613852675540286,0.7849348710942612,cvar,optimal,0.0022978725126582343,7.919432711147121e-09,2017-10-25
bond_gov,0.6785893287868611,0.1111111111111111,0.0009871689021393377,0.29999999945385014,0.41613852675540286,0.6182533646556596,cvar,optimal,0.0022978725126582343,0.29999999945385014,2017-10-25
bond_corp,0.820580544576687,0.1111111111111111,0.0010644012640309251,0.2999999994777267,0.41613852675540286,0.6398896603791201,cvar,optimal,0.0022978725126582343,0.2999999994777267,2017-10-25
csi_cb,0.49800303132537616,0.1111111111111111,-0.0004881280371956936,0.12249666243250758,0.41613852675540286,0.5560228853135992,cvar,optimal,0.0022978725126582343,0.12249666243250758,2017-10-25
gold_au,0.5114403871015047,0.1111111111111111,7.736840635386415e-05,0.09048717974562678,0.41613852675540286,0.3148955043420144,cvar,optimal,0.0022978725126582343,0.09048717974562678,2017-10-25
spx,0.2037759923190594,0.1111111111111111,-0.028182614322044414,0.1373987982740685,0.41613852675540286,0.8,cvar,optimal,0.0022978725126582343,0.1373987982740685,2017-10-25
sse50,0.3497086977061706,0.1111111111111111,-0.010726983799100715,1.8754543126125095e-09,0.34004303826615523,0.6160441075422427,cvar,optimal,0.002347615887952314,1.8754543126125095e-09,2017-11-22
csi300,0.7520442305519848,0.1111111111111111,0.018644472500832506,0.048763043222621344,0.34004303826615523,0.7558745285682773,cvar,optimal,0.002347615887952314,0.048763043222621344,2017-11-22
csi500,0.7136664523160545,0.1111111111111111,0.054499681977044453,0.0027600722546272396,0.34004303826615523,0.7192272905003105,cvar,optimal,0.002347615887952314,0.0027600722546272396,2017-11-22
csi1000,0.8869949408298671,0.1111111111111111,0.07068559974352903,1.469452071389887e-09,0.34004303826615523,0.8,cvar,optimal,0.002347615887952314,1.469452071389887e-09,2017-11-22
bond_gov,0.3107998921766304,0.1111111111111111,-0.0014764263258113608,0.29999999984490744,0.34004303826615523,0.7965461384121543,cvar,optimal,0.002347615887952314,0.29999999984490744,2017-11-22
bond_corp,0.6588328460281033,0.1111111111111111,0.00013354852019303596,0.2999999998627437,0.34004303826615523,0.4441276693382614,cvar,optimal,0.002347615887952314,0.2999999998627437,2017-11-22
csi_cb,0.5749691414240049,0.1111111111111111,0.0066614130390326666,0.0745676302162456,0.34004303826615523,0.4832851865860484,cvar,optimal,0.002347615887952314,0.0745676302162456,2017-11-22
gold_au,0.41813784743220506,0.1111111111111111,-0.008100002298343546,0.12129826276239922,0.34004303826615523,0.629033605278935,cvar,optimal,0.002347615887952314,0.12129826276239922,2017-11-22
spx,0.33484595153497926,0.1111111111111111,-0.01227397639443218,0.15261098849154897,0.34004303826615523,0.7443357312707425,cvar,optimal,0.002347615887952314,0.15261098849154897,2017-11-22
sse50,0.464564620626189,0.1111111111111111,0.008507705348950404,0.02526120408719544,0.35047500093305306,0.5411239167697204,cvar,optimal,0.0021043469991373917,0.025261204087195444,2017-12-20
csi300,0.7674458476818247,0.1111111111111111,0.027845036619725257,1.1717490072106583e-07,0.35047500093305306,0.7623071231576309,cvar,optimal,0.0021043469991373917,1.1717490072106584e-07,2017-12-20
csi500,0.6783312543934166,0.1111111111111111,0.04812092109041127,0.018721996701542135,0.35047500093305306,0.7188433209856723,cvar,optimal,0.0021043469991373917,0.018721996701542138,2017-12-20
csi1000,0.964727302632397,0.1111111111111111,0.06504499296541284,4.634481370137297e-08,0.35047500093305306,0.8,cvar,optimal,0.0021043469991373917,4.634481370137298e-08,2017-12-20
bond_gov,0.22478830251925908,0.1111111111111111,-0.0014032484347446124,0.2999999954010889,0.35047500093305306,0.6665888254747685,cvar,optimal,0.0021043469991373917,0.29999999540108896,2017-12-20
bond_corp,0.44365446156374516,0.1111111111111111,-0.00033418009196204914,0.299999995853694,0.35047500093305306,0.5894570175649091,cvar,optimal,0.0021043469991373917,0.2999999958536941,2017-12-20
csi_cb,0.7921545004474814,0.1111111111111111,0.020134676825961116,0.053152754847417966,0.35047500093305306,0.6788708249044038,cvar,optimal,0.0021043469991373917,0.05315275484741797,2017-12-20
gold_au,0.45893022964894664,0.1111111111111111,-0.001084147750429433,0.14382707855278068,0.35047500093305306,0.5631032622893533,cvar,optimal,0.0021043469991373917,0.1438270785527807,2017-12-20
spx,0.20540348048674034,0.1111111111111111,-0.01578352282142846,0.15903681103656644,0.35047500093305306,0.6794162940371976,cvar,optimal,0.0021043469991373917,0.15903681103656647,2017-12-20
sse50,0.6122056024854706,0.1111111111111111,0.010112734715201922,0.02775416373397263,0.34186638939266356,0.5354989220773879,cvar,optimal,0.001853062184700756,0.027754163733972638,2018-01-18
csi300,0.7418682110622039,0.1111111111111111,0.025939227733869016,3.707257524338838e-07,0.34186638939266356,0.6898610210868036,cvar,optimal,0.001853062184700756,3.707257524338839e-07,2018-01-18
csi500,0.8152746011992051,0.1111111111111111,0.05298930263654891,0.006504015534497221,0.34186638939266356,0.7722404901695702,cvar,optimal,0.001853062184700756,0.006504015534497223,2018-01-18
csi1000,0.9932430764926393,0.1111111111111111,0.0627346200631877,8.894454753311316e-08,0.34186638939266356,0.8,cvar,optimal,0.001853062184700756,8.894454753311317e-08,2018-01-18
bond_gov,0.21445394733897621,0.1111111111111111,-0.001489426786164812,0.2999999931571159,0.34186638939266356,0.7458341169545903,cvar,optimal,0.001853062184700756,0.29999999315711595,2018-01-18
bond_corp,0.30766534751650965,0.1111111111111111,-0.0005025982590167971,0.2999999953647085,0.34186638939266356,0.7060051615569359,cvar,optimal,0.001853062184700756,0.29999999536470856,2018-01-18
csi_cb,0.6854372696920785,0.1111111111111111,0.016242334787818807,0.08991783097117076,0.34186638939266356,0.5639756378255909,cvar,optimal,0.001853062184700756,0.08991783097117077,2018-01-18
gold_au,0.2807545126198567,0.1111111111111111,-0.011211780070899728,0.13337175643216342,0.34186638939266356,0.5980181153739513,cvar,optimal,0.001853062184700756,0.13337175643216345,2018-01-18
spx,0.34909743159305984,0.1111111111111111,-0.0068671411342709435,0.14245178513607148,0.34186638939266356,0.6976472259579092,cvar,optimal,0.001853062184700756,0.1424517851360715,2018-01-18
sse50,0.6302972202073205,0.1111111111111111,0.038404422234444784,0.0112332918308855,0.5167699758338479,0.49187743248964355,cvar,optimal,0.002837925428330925,0.0112332918308855,2018-02-22
csi300,0.6939526925396443,0.1111111111111111,0.03680721869470815,3.1330408487171987e-08,0.5167699758338479,0.6636187139775214,cvar,optimal,0.002837925428330925,3.1330408487171987e-08,2018-02-22
csi500,0.48432090794300336,0.1111111111111111,0.020674178046652315,0.01854524965657645,0.5167699758338479,0.3829796428996363,cvar,optimal,0.002837925428330925,0.01854524965657645,2018-02-22
csi1000,0.5533649493610902,0.1111111111111111,0.02357401086169448,2.9215941395181037e-08,0.5167699758338479,0.26841897285325794,cvar,optimal,0.002837925428330925,2.9215941395181037e-08,2018-02-22
bond_gov,0.3514159784504024,0.1111111111111111,-0.0007886282659445595,0.2999999965542166,0.5167699758338479,0.550888465526574,cvar,optimal,0.002837925428330925,0.2999999965542166,2018-02-22
bond_corp,0.38779257773252296,0.1111111111111111,-0.00042760336389461803,0.2999999966094821,0.5167699758338479,0.5429134539598508,cvar,optimal,0.002837925428330925,0.2999999966094821,2018-02-22
csi_cb,0.8718167210548932,0.1111111111111111,0.04325673635636099,0.11595268900483208,0.5167699758338479,0.7280716195486061,cvar,optimal,0.002837925428330925,0.11595268900483208,2018-02-22
gold_au,0.3355457762967639,0.1111111111111111,-0.01638753039757805,0.18089745380241337,0.5167699758338479,0.692101343434186,cvar,optimal,0.002837925428330925,0.18089745380241337,2018-02-22
spx,0.6914931764143591,0.1111111111111111,0.01667592269140121,0.07337126199524402,0.5167699758338479,0.5824313703653716,cvar,optimal,0.002837925428330925,0.07337126199524402,2018-02-22
sse50,0.5453925485627802,0.1111111111111111,0.00509916123577258,3.542138255247174e-08,0.1307693082843431,0.645661694254715,cvar,optimal,0.0029118690262383137,3.542138255247174e-08,2018-03-22
csi300,0.5336696494089359,0.1111111111111111,-0.0100623624587831,1.8273872032518628e-08,0.1307693082843431,0.6038344869359894,cvar,optimal,0.0029118690262383137,1.8273872032518628e-08,2018-03-22
csi500,0.35088718904374794,0.1111111111111111,-0.05407307254498167,0.03315915789517772,0.1307693082843431,0.6293873029800504,cvar,optimal,0.0029118690262383137,0.03315915789517772,2018-03-22
csi1000,0.4222049337952762,0.1111111111111111,-0.048500989876632955,4.6744739658233544e-08,0.1307693082843431,0.3752671216763859,cvar,optimal,0.0029118690262383137,4.6744739658233544e-08,2018-03-22
bond_gov,0.5577966865370817,0.1111111111111111,-0.00012158880545500711,0.2999999965127737,0.1307693082843431,0.30796518753962226,cvar,optimal,0.0029118690262383137,0.2999999965127737,2018-03-22
bond_corp,0.5855744643148595,0.1111111111111111,-5.154144172710552e-06,0.2999999953226052,0.1307693082843431,0.3170182908652498,cvar,optimal,0.0029118690262383137,0.2999999953226052,2018-03-22
csi_cb,0.5374972277929002,0.1111111111111111,-0.008269741176521697,0.1010386689252107,0.1307693082843431,0.5618230711099731,cvar,optimal,0.0029118690262383137,0.1010386689252107,2018-03-22
gold_au,0.748917368626958,0.1111111111111111,0.0283980877569501,0.21278465075107317,0.1307693082843431,0.7324010779084977,cvar,optimal,0.0029118690262383137,0.21278465075107317,2018-03-22
spx,0.7180599319174605,0.1111111111111111,0.04021819726178934,0.05301743015316533,0.1307693082843431,0.6578338999688176,cvar,optimal,0.0029118690262383137,0.05301743015316533,2018-03-22
sse50,0.48496436445459196,0.1111111111111111,-0.008311838938237889,4.4257799595207376e-09,0.32875199842004377,0.47009722250211383,cvar,optimal,0.0029338933979004764,4.4257799595207376e-09,2018-04-23
csi300,0.5060655096679618,0.1111111111111111,-0.01890141154570651,4.653723247576958e-09,0.32875199842004377,0.40840912336578183,cvar,optimal,0.0029338933979004764,4.653723247576958e-09,2018-04-23
csi500,0.26780057849935235,0.1111111111111111,-0.059794446164297015,0.033158817114032936,0.32875199842004377,0.59010315282612,cvar,optimal,0.0029338933979004764,0.033158817114032936,2018-04-23
csi1000,0.38359179174023317,0.1111111111111111,-0.052442192403616916,2.1591838537544329e-07,0.32875199842004377,0.39753628509295436,cvar,optimal,0.0029338933979004764,2.1591838537544329e-07,2018-04-23
bond_gov,0.6809397618152088,0.1111111111111111,0.0006870790141839568,0.2999999986656309,0.32875199842004377,0.4399217264379646,cvar,optimal,0.0029338933979004764,0.2999999986656309,2018-04-23
bond_corp,0.6724410855786688,0.1111111111111111,0.0003375863361388473,0.2999999987251219,0.32875199842004377,0.34344135339597337,cvar,optimal,0.0029338933979004764,0.2999999987251219,2018-04-23
csi_cb,0.5270269816257921,0.1111111111111111,-0.008974769910631224,0.10103887469983483,0.32875199842004377,0.5933186949496952,cvar,optimal,0.0029338933979004764,0.10103887469983483,2018-04-23
gold_au,0.7810082982501881,0.1111111111111111,0.02340494474727303,0.21278459219654478,0.32875199842004377,0.5821876000329759,cvar,optimal,0.0029338933979004764,0.21278459219654478,2018-04-23
spx,0.6446108779266041,0.1111111111111111,0.019454760838812542,0.053017493600946014,0.32875199842004377,0.4759220797271386,cvar,optimal,0.0029338933979004764,0.053017493600946014,2018-04-23
sse50,0.5079865919616539,0.1111111111111111,-0.007067394237417653,3.9998579844591985e-08,0.1746859783512844,0.41269149803019944,cvar,optimal,0.0028091395990898376,3.9998579844591985e-08,2018-05-23
csi300,0.47968990480045437,0.1111111111111111,-0.023390926037925724,3.658127799823453e-08,0.1746859783512844,0.37353891016823704,cvar,optimal,0.0028091395990898376,3.658127799823453e-08,2018-05-23
csi500,0.17678429235495494,0.1111111111111111,-0.07359674993074215,0.06240272499532586,0.1746859783512844,0.8,cvar,optimal,0.0028091395990898376,0.06240272499532586,2018-05-23
csi1000,0.2674755388839986,0.1111111111111111,-0.0704493217513461,3.174753610410042e-08,0.1746859783512844,0.6671700582053973,cvar,optimal,0.0028091395990898376,3.174753610410042e-08,2018-05-23
bond_gov,0.7447776705991227,0.1111111111111111,0.0009543379848495316,0.29999999346195844,0.1746859783512844,0.651936533737524,cvar,optimal,0.0028091395990898376,0.29999999346195844,2018-05-23
bond_corp,0.7579738982311592,0.1111111111111111,0.0006375422965861294,0.29999999425264817,0.1746859783512844,0.6609500395263128,cvar,optimal,0.0028091395990898376,0.29999999425264817,2018-05-23
csi_cb,0.5045982007031322,0.1111111111111111,-0.012124735497635417,0.07078714696653512,0.1746859783512844,0.5027644065636296,cvar,optimal,0.0028091395990898376,0.07078714696653512,2018-05-23
gold_au,0.8320555051680514,0.1111111111111111,0.024229080107416506,0.23300577909281334,0.1746859783512844,0.7839598825956232,cvar,optimal,0.0028091395990898376,0.23300577909281334,2018-05-23
spx,0.6766128155156236,0.1111111111111111,0.019295613088059382,0.033804252903325144,0.1746859783512844,0.40597993796409926,cvar,optimal,0.0028091395990898376,0.033804252903325144,2018-05-23
sse50,0.23539223461374598,0.1111111111111111,-0.06312581873776642,9.776640640508026e-09,0.03197522897527957,0.8,cvar,optimal,0.003134191853059812,9.776640640508026e-09,2018-06-21
csi300,0.34342255558012985,0.1111111111111111,-0.048469208869920476,1.3385582831916662e-08,0.03197522897527957,0.7825168588511086,cvar,optimal,0.003134191853059812,1.3385582831916662e-08,2018-06-21
csi500,0.4063581456903239,0.1111111111111111,-0.027352805343942105,0.03132540855338947,0.03197522897527957,0.5559426464521136,cvar,optimal,0.003134191853059812,0.03132540855338947,2018-06-21
csi1000,0.6037898633911916,0.1111111111111111,-0.011961299311033652,2.928636332397805e-08,0.03197522897527957,0.5567215621081193,cvar,optimal,0.003134191853059812,2.928636332397805e-08,2018-06-21
bond_gov,0.8177665260972268,0.1111111111111111,0.001585722037863789,0.2999999957644466,0.03197522897527957,0.757740132664019,cvar,optimal,0.003134191853059812,0.2999999957644466,2018-06-21
bond_corp,0.8050045291032717,0.1111111111111111,0.0007901829260875741,0.29999999587345294,0.03197522897527957,0.6683658668747533,cvar,optimal,0.003134191853059812,0.29999999587345294,2018-06-21
csi_cb,0.555375708785566,0.1111111111111111,-0.012897485120886527,0.08565913144723372,0.03197522897527957,0.6159005414933204,cvar,optimal,0.003134191853059812,0.08565913144723372,2018-06-21
gold_au,0.790297503757556,0.1111111111111111,0.014208245079875333,0.24573399842429383,0.03197522897527957,0.5297950847287164,cvar,optimal,0.003134191853059812,0.24573399842429383,2018-06-21
spx,0.5241703774008579,0.1111111111111111,-0.0014003834980276,0.03728141748859662,0.03197522897527957,0.5049593883400381,cvar,optimal,0.003134191853059812,0.03728141748859662,2018-06-21
sse50,0.37770087325536966,0.1111111111111111,-0.04834717148141092,4.464651759272809e-09,0.23534433685602063,0.5832101743046678,cvar,optimal,0.003134129230182536,4.464651759272809e-09,2018-07-19
csi300,0.3838801260827929,0.1111111111111111,-0.0471699006737337,6.332225269537609e-09,0.23534433685602063,0.697763359379374,cvar,optimal,0.003134129230182536,6.332225269537609e-09,2018-07-19
csi500,0.3989841988185522,0.1111111111111111,-0.04471603910603059,0.03131757311776817,0.23534433685602063,0.7198960706818811,cvar,optimal,0.003134129230182536,0.03131757311776817,2018-07-19
csi1000,0.5506253814741461,0.1111111111111111,-0.03131647087923311,3.958771310521269e-08,0.23534433685602063,0.3742369847056845,cvar,optimal,0.003134129230182536,3.958771310521269e-08,2018-07-19
bond_gov,0.7843474872106645,0.1111111111111111,0.001368293273584307,0.2999999971994559,0.23534433685602063,0.515933601258508,cvar,optimal,0.003134129230182536,0.2999999971994559,2018-07-19
bond_corp,0.8627556252730999,0.1111111111111111,0.0011026420834858125,0.2999999973001813,0.23534433685602063,0.7420472943932084,cvar,optimal,0.003134129230182536,0.2999999973001813,2018-07-19
csi_cb,0.552815004183316,0.1111111111111111,-0.013929621875382707,0.085604747976263,0.23534433685602063,0.5640924763848666,cvar,optimal,0.003134129230182536,0.085604747976263,2018-07-19
gold_au,0.6983463711138901,0.1111111111111111,0.009026649092198262,0.2458532910584776,0.23534433685602063,0.4407809050418993,cvar,optimal,0.003134129230182536,0.2458532910584776,2018-07-19
spx,0.5552130873838681,0.1111111111111111,0.0001402708787000828,0.03722434296326382,0.23534433685602063,0.34597738501002867,cvar,optimal,0.003134129230182536,0.03722434296326382,2018-07-19
sse50,0.35442209008733333,0.1111111111111111,-0.0333798969249168,7.987659346448934e-11,0.12258073872402211,0.7267047989698757,cvar,optimal,0.00305421110428061,7.987659346448934e-11,2018-08-16
csi300,0.5391040500223581,0.1111111111111111,-0.017040843877129397,1.2170441689028932e-10,0.12258073872402211,0.685181560175274,cvar,optimal,0.00305421110428061,1.2170441689028932e-10,2018-08-16
csi500,0.4989886177663983,0.1111111111111111,-0.010617350968753679,0.03507355188221492,0.12258073872402211,0.568851594955726,cvar,optimal,0.00305421110428061,0.03507355188221492,2018-08-16
csi1000,0.5865167147681125,0.1111111111111111,-0.0018341411684282966,9.745130812449106e-10,0.12258073872402211,0.40777238748337197,cvar,optimal,0.00305421110428061,9.745130812449106e-10,2018-08-16
bond_gov,0.7214915023143117,0.1111111111111111,0.0010180691819816547,0.29999999995626087,0.12258073872402211,0.47486241497966364,cvar,optimal,0.00305421110428061,0.29999999995626087,2018-08-16
bond_corp,0.7666643876229754,0.1111111111111111,0.0006195939533377258,0.29999999995582666,0.12258073872402211,0.5234118331358921,cvar,optimal,0.00305421110428061,0.29999999995582666,2018-08-16
csi_cb,0.6180384657333275,0.1111111111111111,-0.00039879713433371364,0.07464602304503036,0.12258073872402211,0.5864959336946783,cvar,optimal,0.00305421110428061,0.07464602304503036,2018-08-16
gold_au,0.809570304826892,0.1111111111111111,0.016078297785592773,0.2584522605152169,0.12258073872402211,0.5408245658268278,cvar,optimal,0.00305421110428061,0.2584522605152169,2018-08-16
spx,0.2512278553187934,0.1111111111111111,-0.049003200836801236,0.03182816346935622,0.12258073872402211,0.7748691320600969,cvar,optimal,0.00305421110428061,0.03182816346935622,2018-08-16
sse50,0.631542819821827,0.1111111111111111,0.03559660671623687,7.746545971648487e-10,0.1834427802493521,0.42807589934382995,cvar,optimal,0.0030751669608113,7.746545971648487e-10,2018-09-13
csi300,0.7691611366257001,0.1111111111111111,0.04027104630583465,9.818371722035967e-10,0.1834427802493521,0.5226552202923254,cvar,optimal,0.0030751669608113,9.818371722035967e-10,2018-09-13
csi500,0.49051325327952666,0.1111111111111111,0.01889333852815566,1.0394031578030936e-07,0.1834427802493521,0.4704596615610095,cvar,optimal,0.0030751669608113,1.0394031578030936e-07,2018-09-13
csi1000,0.5311662586689004,0.1111111111111111,0.02377265098715717,0.009993589072375417,0.1834427802493521,0.38839702226626144,cvar,optimal,0.0030751669608113,0.009993589072375417,2018-09-13
bond_gov,0.5714218094840691,0.1111111111111111,0.00020018194850028186,0.29999999960100787,0.1834427802493521,0.5255858008928089,cvar,optimal,0.0030751669608113,0.29999999960100787,2018-09-13
bond_corp,0.6551132806067704,0.1111111111111111,0.00029003792865666355,0.2999999996049803,0.1834427802493521,0.6591540890103408,cvar,optimal,0.0030751669608113,0.2999999996049803,2018-09-13
csi_cb,0.6651993568117404,0.1111111111111111,0.012715879719862686,0.09338820760510223,0.1834427802493521,0.46137382681385253,cvar,optimal,0.0030751669608113,0.09338820760510223,2018-09-13
gold_au,0.7059987760067012,0.1111111111111111,0.012269673821642126,0.26001186763454814,0.1834427802493521,0.5856243951129305,cvar,optimal,0.0030751669608113,0.26001186763454814,2018-09-13
spx,0.14479686604043276,0.1111111111111111,-0.0611349488837051,0.03660623078517848,0.1834427802493521,0.7985936144817369,cvar,optimal,0.0030751669608113,0.03660623078517848,2018-09-13
sse50,0.5602155468165014,0.1,0.01778047100206333,7.502052865936736e-09,0.2525254864231575,0.633965036172311,cvar,optimal,0.002521313366903463,7.502052865936736e-09,2018-10-19
csi300,0.6047947808151674,0.1,0.016651581364082048,3.924274509395651e-09,0.2525254864231575,0.5639755063059515,cvar,optimal,0.002521313366903463,3.924274509395651e-09,2018-10-19
csi500,0.339176191577579,0.1,-0.011750996155718868,1.4807617760432666e-09,0.2525254864231575,0.5092737199607814,cvar,optimal,0.002521313366903463,1.4807617760432666e-09,2018-10-19
csi1000,0.43775853790972663,0.1,-0.007107339500546289,1.2180193459383834e-09,0.2525254864231575,0.37298695169597873,cvar,optimal,0.002521313366903463,1.2180193459383834e-09,2018-10-19
bond_gov,0.6578829293754856,0.1,0.0006476610635852801,0.29999999789389065,0.2525254864231575,0.5460775491861637,cvar,optimal,0.002521313366903463,0.29999999789389065,2018-10-19
bond_corp,0.7341282244368537,0.1,0.0006433025564007812,0.29999999793985827,0.2525254864231575,0.7050350101580343,cvar,optimal,0.002521313366903463,0.29999999793985827,2018-10-19
csi_cb,0.8188897995727281,0.1,0.017278112864773865,0.07299706402498472,0.2525254864231575,0.5958509128873035,cvar,optimal,0.002521313366903463,0.07299706402498472,2018-10-19
crude_sc,0.2841265556091121,0.1,-0.06284252636292932,5.768395342281145e-07,0.2525254864231575,0.8,cvar,optimal,0.002521313366903463,5.768395342281145e-07,2018-10-19
gold_au,0.6585847357975019,0.1,0.009219144803875888,0.23744695269343785,0.2525254864231575,0.39580664960843737,cvar,optimal,0.002521313366903463,0.23744695269343785,2018-10-19
spx,0.4044426980893441,0.1,-0.013522881586691831,0.08955539648318572,0.2525254864231575,0.5210319033950237,cvar,optimal,0.002521313366903463,0.08955539648318572,2018-10-19
sse50,0.5843813415322974,0.1,0.01922627264599088,6.408114542611874e-09,0.03451882289060531,0.6393564650779806,cvar,optimal,0.002496700672251154,6.408114542611874e-09,2018-11-16
csi300,0.5758060431422676,0.1,0.01079222981997785,4.429626618848638e-09,0.03451882289060531,0.673653658027594,cvar,optimal,0.002496700672251154,4.429626618848638e-09,2018-11-16
csi500,0.40817040546702343,0.1,-0.03219714284645081,1.6820984218719463e-09,0.03451882289060531,0.681330565804822,cvar,optimal,0.002496700672251154,1.6820984218719463e-09,2018-11-16
csi1000,0.4418364661787347,0.1,-0.028320355187442248,1.5255131953484018e-09,0.03451882289060531,0.6197801890343981,cvar,optimal,0.002496700672251154,1.5255131953484018e-09,2018-11-16
bond_gov,0.5425380037078046,0.1,0.00020143140731124483,0.2999999972121064,0.03451882289060531,0.5704324011718638,cvar,optimal,0.002496700672251154,0.2999999972121064,2018-11-16
bond_corp,0.6781803119564501,0.1,0.0006848766698423343,0.29999999715849845,0.03451882289060531,0.6528416326440714,cvar,optimal,0.002496700672251154,0.29999999715849845,2018-11-16
csi_cb,0.6848444521211721,0.1,0.013780090139899257,0.12681253816053495,0.03451882289060531,0.7119296512585498,cvar,optimal,0.002496700672251154,0.12681253816053495,2018-11-16
crude_sc,0.4351106725252655,0.1,-0.04897829674050021,0.009258591170666302,0.03451882289060531,0.7559831360410818,cvar,optimal,0.002496700672251154,0.009258591170666302,2018-11-16
gold_au,0.646816252220671,0.1,0.014016629969838691,0.19654084391524052,0.03451882289060531,0.5753619837710182,cvar,optimal,0.002496700672251154,0.19654084391524052,2018-11-16
spx,0.5023160511483141,0.1,-0.009740722502007713,0.06738801833760054,0.03451882289060531,0.6713145793121826,cvar,optimal,0.002496700672251154,0.06738801833760054,2018-11-16
sse50,0.5241350315719856,0.1,-0.01524436220518896,9.72429242562131e-09,0.5390422878270272,0.7325380370495091,cvar,optimal,0.0024125974827224634,9.72429242562131e-09,2018-12-14
csi300,0.6000138652761761,0.1,-0.013923826628980542,6.82866713422505e-09,0.5390422878270272,0.47522511907656345,cvar,optimal,0.0024125974827224634,6.82866713422505e-09,2018-12-14
csi500,0.4088656154806407,0.1,-0.061246462352954154,3.0575159338097365e-09,0.5390422878270272,0.7094623967128144,cvar,optimal,0.0024125974827224634,3.0575159338097365e-09,2018-12-14
csi1000,0.4206542644386493,0.1,-0.061690372782836636,2.8057253197717807e-09,0.5390422878270272,0.6773907133890926,cvar,optimal,0.0024125974827224634,2.8057253197717807e-09,2018-12-14
bond_gov,0.49933061123589895,0.1,-0.00037089304682479314,0.2999999963164614,0.5390422878270272,0.6789597856769762,cvar,optimal,0.0024125974827224634,0.2999999963164614,2018-12-14
bond_corp,0.6043180050089985,0.1,0.000351165753323494,0.2999999963898783,0.5390422878270272,0.5821534393110419,cvar,optimal,0.0024125974827224634,0.2999999963898783,2018-12-14
csi_cb,0.5797855188628079,0.1,-0.004884861268762801,0.14859249461099674,0.5390422878270272,0.6201762049737991,cvar,optimal,0.0024125974827224634,0.14859249461099674,2018-12-14
crude_sc,0.6941750019018762,0.1,0.07278889148032854,9.352160537341186e-08,0.5390422878270272,0.44899404400829573,cvar,optimal,0.0024125974827224634,9.352160537341186e-08,2018-12-14
gold_au,0.591350491155189,0.1,0.008122578435127226,0.19288754374113887,0.5390422878270272,0.5101549360856636,cvar,optimal,0.0024125974827224634,0.19288754374113887,2018-12-14
spx,0.5773715950677778,0.1,0.012618989399148708,0.058519853003718605,0.5390422878270272,0.4461558412501658,cvar,optimal,0.0024125974827224634,0.058519853003718605,2018-12-14
sse50,0.4903342342922377,0.1,-0.01700124079930189,5.427299464891967e-10,0.8618284647612247,0.6730528039570335,cvar,optimal,0.0023837742657717436,5.427299464891968e-10,2019-01-15
csi300,0.542304004500256,0.1,-0.014372927224341525,4.843278289280584e-10,0.8618284647612247,0.6335058626676926,cvar,optimal,0.0023837742657717436,4.843278289280585e-10,2019-01-15
csi500,0.4071301301623543,0.1,-0.03890658861579401,2.912534236259077e-10,0.8618284647612247,0.5879335438173136,cvar,optimal,0.0023837742657717436,2.9125342362590774e-10,2019-01-15
csi1000,0.48445625582445256,0.1,-0.032580750928386484,2.6945456226098145e-10,0.8618284647612247,0.6786525309145794,cvar,optimal,0.0023837742657717436,2.694545622609815e-10,2019-01-15
bond_gov,0.4588903904870628,0.1,-0.0006682430482531133,0.29999999961326446,0.8618284647612247,0.5855571854007031,cvar,optimal,0.0023837742657717436,0.2999999996132645,2019-01-15
bond_corp,0.5614260260324709,0.1,8.721391669611655e-05,0.299999999616101,0.8618284647612247,0.5461275913072658,cvar,optimal,0.0023837742657717436,0.2999999996161011,2019-01-15
csi_cb,0.5668849847336366,0.1,-0.0026132312909904042,0.12931501172069768,0.8618284647612247,0.5075822523879546,cvar,optimal,0.0023837742657717436,0.1293150117206977,2019-01-15
crude_sc,0.7809670673313052,0.1,0.1289804869219714,0.008194816115151231,0.8618284647612247,0.4925721860551381,cvar,optimal,0.0023837742657717436,0.008194816115151233,2019-01-15
gold_au,0.5957931929934034,0.1,0.004033066858001824,0.19612114013185877,0.8618284647612247,0.4784132484761031,cvar,optimal,0.0023837742657717436,0.19612114013185883,2019-01-15
spx,0.6118137136428206,0.1,0.028908592336041435,0.06636903121516095,0.8618284647612247,0.49376033306199113,cvar,optimal,0.0023837742657717436,0.06636903121516097,2019-01-15
sse50,0.3334264414335378,0.1,-0.06242861421433845,1.8952118396069165e-10,0.00018917844043808474,0.6984718077095684,cvar,optimal,0.0023156646578891093,1.8952118396069165e-10,2019-02-19
csi300,0.5383233229591066,0.1,-0.042994293455265814,1.856907458696672e-10,0.00018917844043808474,0.527704379120585,cvar,optimal,0.0023156646578891093,1.856907458696672e-10,2019-02-19
csi500,0.34712955413590907,0.1,-0.060158392086310866,1.2281993670106456e-10,0.00018917844043808474,0.5920094488408593,cvar,optimal,0.0023156646578891093,1.2281993670106456e-10,2019-02-19
csi1000,0.40693173104809227,0.1,-0.05361244461085466,1.1259249490497633e-10,0.00018917844043808474,0.469276250093705,cvar,optimal,0.0023156646578891093,1.1259249490497633e-10,2019-02-19
bond_gov,0.6130041095589208,0.1,0.000564033107218797,0.29999999984240966,0.00018917844043808474,0.35611441789704157,cvar,optimal,0.0023156646578891093,0.29999999984240966,2019-02-19
bond_corp,0.6942092217464512,0.1,0.0006741481105323453,0.29999999983864245,0.00018917844043808474,0.5907037188694618,cvar,optimal,0.0023156646578891093,0.29999999983864245,2019-02-19
csi_cb,0.607318449264962,0.1,-0.009631454141092004,0.13275531345594935,0.00018917844043808474,0.3422015500550676,cvar,optimal,0.0023156646578891093,0.13275531345594935,2019-02-19
crude_sc,0.6942591082718182,0.1,0.059788999939856396,0.005867469192670381,0.00018917844043808474,0.4480847058462888,cvar,optimal,0.0023156646578891093,0.005867469192670381,2019-02-19
gold_au,0.669029670496572,0.1,0.01205174686678754,0.20330650196466898,0.00018917844043808474,0.45667645099764914,cvar,optimal,0.0023156646578891093,0.20330650196466898,2019-02-19
spx,0.5963683910846306,0.1,0.010558337462308488,0.05807071509503476,0.00018917844043808474,0.4288974928293911,cvar,optimal,0.0023156646578891093,0.05807071509503476,2019-02-19
sse50,0.499614192695377,0.1,-0.028671609122517414,2.1089588606261194e-10,0.32489725914516376,0.6834468495156021,cvar,optimal,0.0023245962986079872,2.1089588606261194e-10,2019-03-19
csi300,0.6026545590900734,0.1,-0.002290650468798755,2.749242441903843e-10,0.32489725914516376,0.6024071762422432,cvar,optimal,0.0023245962986079872,2.749242441903843e-10,2019-03-19
csi500,0.4731304494944375,0.1,-0.051398401169976585,2.4495566818598697e-10,0.32489725914516376,0.7890683859872045,cvar,optimal,0.0023245962986079872,2.4495566818598697e-10,2019-03-19
csi1000,0.5781330102053783,0.1,-0.01645853925469458,2.750782703198087e-10,0.32489725914516376,0.48647258905239804,cvar,optimal,0.0023245962986079872,2.750782703198087e-10,2019-03-19
bond_gov,0.5323010555051674,0.1,-0.0001279656391641171,0.29999999989644255,0.32489725914516376,0.5281587878509811,cvar,optimal,0.0023245962986079872,0.29999999989644255,2019-03-19
bond_corp,0.5756678746360364,0.1,0.000270415965070157,0.29999999989871323,0.32489725914516376,0.5889470576533145,cvar,optimal,0.0023245962986079872,0.29999999989871323,2019-03-19
csi_cb,0.5122791260783159,0.1,-0.015416329534950438,0.11859364761469432,0.32489725914516376,0.6050634508903845,cvar,optimal,0.0023245962986079872,0.11859364761469432,2019-03-19
crude_sc,0.5188633266718621,0.1,-0.02100561298001058,0.002064174551698269,0.32489725914516376,0.529950115765875,cvar,optimal,0.0023245962986079872,0.002064174551698269,2019-03-19
gold_au,0.633784798706107,0.1,0.026076640291463796,0.21868197026920377,0.32489725914516376,0.6645701379156725,cvar,optimal,0.0023245962986079872,0.21868197026920377,2019-03-19
spx,0.5735716069172455,0.1,0.021350896291004857,0.06066020676339386,0.32489725914516376,0.7125488259771736,cvar,optimal,0.0023245962986079872,0.06066020676339386,2019-03-19
sse50,0.575309966863422,0.1,0.07130941061913826,3.4278203169539075e-10,0.25703088489219106,0.5560527096200159,cvar,optimal,0.002327995421231593,3.4278203169539075e-10,2019-04-17
csi300,0.6448969903322816,0.1,0.09531418790153515,6.295655930820233e-10,0.25703088489219106,0.6158245107855915,cvar,optimal,0.002327995421231593,6.295655930820233e-10,2019-04-17
csi500,0.5345273896722971,0.1,0.07082448759843071,9.101155604857258e-10,0.25703088489219106,0.6031598575292194,cvar,optimal,0.002327995421231593,9.101155604857258e-10,2019-04-17
csi1000,0.6193854962833275,0.1,0.09429137208363209,8.555661132580624e-10,0.25703088489219106,0.6153338654004947,cvar,optimal,0.002327995421231593,8.555661132580624e-10,2019-04-17
bond_gov,0.4881682546254842,0.1,-0.0011474891520161313,0.2999999997625036,0.25703088489219106,0.5581534954315732,cvar,optimal,0.002327995421231593,0.2999999997625036,2019-04-17
bond_corp,0.5510057923122351,0.1,1.2757870203049254e-05,0.2999999997739888,0.25703088489219106,0.6101519036345575,cvar,optimal,0.002327995421231593,0.2999999997739888,2019-04-17
csi_cb,0.5605503777702051,0.1,0.031763445543587565,0.14251454436747651,0.25703088489219106,0.6223208424598339,cvar,optimal,0.002327995421231593,0.14251454436747651,2019-04-17
crude_sc,0.49031584975117287,0.1,-0.041656623438688284,5.896067392671988e-10,0.25703088489219106,0.6306149801734404,cvar,optimal,0.002327995421231593,5.896067392671988e-10,2019-04-17
gold_au,0.5042643529696694,0.1,-0.01551734108926392,0.19279741002415504,0.25703088489219106,0.4518442690483931,cvar,optimal,0.002327995421231593,0.19279741002415504,2019-04-17
spx,0.5315755294199056,0.1,-0.002191329120963644,0.06468804274424003,0.25703088489219106,0.6563716108807186,cvar,optimal,0.002327995421231593,0.06468804274424003,2019-04-17
sse50,0.6801418517431334,0.1,0.02450299093209298,1.2448126574878273e-09,0.07112289852588888,0.544692321093852,cvar,optimal,0.002273480517365024,1.2448126574878275e-09,2019-05-20
csi300,0.660468514941681,0.1,0.0063335929397339286,1.0806607214895463e-09,0.07112289852588888,0.6331907445327368,cvar,optimal,0.002273480517365024,1.0806607214895465e-09,2019-05-20
csi500,0.27306600063569003,0.1,-0.08103755052419057,8.085254997102061e-10,0.07112289852588888,0.8,cvar,optimal,0.002273480517365024,8.085254997102062e-10,2019-05-20
csi1000,0.29987396815123896,0.1,-0.08859953418074204,7.20438858086758e-10,0.07112289852588888,0.8,cvar,optimal,0.002273480517365024,7.204388580867581e-10,2019-05-20
bond_gov,0.5342048218597715,0.1,5.237585337230014e-05,0.2999999988007894,0.07112289852588888,0.49780893763722334,cvar,optimal,0.002273480517365024,0.2999999988007895,2019-05-20
bond_corp,0.5703051833424072,0.1,-1.0127272437370047e-05,0.2999999987318202,0.07112289852588888,0.5326398911755446,cvar,optimal,0.002273480517365024,0.29999999873182026,2019-05-20
csi_cb,0.5947609089087676,0.1,-0.0066484870931341755,0.1190739219356797,0.07112289852588888,0.57340017170412,cvar,optimal,0.002273480517365024,0.11907392193567971,2019-05-20
crude_sc,0.6576203718869927,0.1,0.055872678578620015,0.00018766508650371424,0.07112289852588888,0.4917422389573303,cvar,optimal,0.002273480517365024,0.00018766508650371427,2019-05-20
gold_au,0.6259037374118644,0.1,0.006972765847327096,0.221338606118297,0.07112289852588888,0.5069220116613606,cvar,optimal,0.002273480517365024,0.22133860611829703,2019-05-20
spx,0.6036546411184537,0.1,0.020199223271447617,0.059399805472472096,0.07112289852588888,0.6726652717583766,cvar,optimal,0.002273480517365024,0.0593998054724721,2019-05-20
sse50,0.5191551064276592,0.1,-0.016889394863251084,2.3559293756194375e-10,0.11529921345152622,0.3211454280292755,cvar,optimal,0.0023538328170890133,2.3559293756194375e-10,2019-06-18
csi300,0.49388305897550255,0.1,-0.03222238242405883,1.673660730958117e-10,0.11529921345152622,0.3691971544343385,cvar,optimal,0.0023538328170890133,1.673660730958117e-10,2019-06-18
csi500,0.22460255134337304,0.1,-0.0858676926056361,1.3190142908817249e-10,0.11529921345152622,0.712635214394338,cvar,optimal,0.0023538328170890133,1.3190142908817249e-10,2019-06-18
csi1000,0.247363939279868,0.1,-0.09323109513469419,1.1700566062100974e-10,0.11529921345152622,0.7588186966762887,cvar,optimal,0.0023538328170890133,1.1700566062100974e-10,2019-06-18
bond_gov,0.6558039061693048,0.1,0.0007729764149271995,0.2999999998426967,0.11529921345152622,0.4018361727087888,cvar,optimal,0.0023538328170890133,0.2999999998426967,2019-06-18
bond_corp,0.7521838118018007,0.1,0.0006426968946223502,0.2999999998474367,0.11529921345152622,0.7057297065041227,cvar,optimal,0.0023538328170890133,0.2999999998474367,2019-06-18
csi_cb,0.7117036000033502,0.1,-0.009097105995291212,0.11790934466315399,0.11529921345152622,0.5279584681717415,cvar,optimal,0.0023538328170890133,0.11790934466315399,2019-06-18
crude_sc,0.574509954015693,0.1,0.016413950886369752,0.0016733102244055231,0.11529921345152622,0.5752995721103384,cvar,optimal,0.0023538328170890133,0.0016733102244055231,2019-06-18
gold_au,0.7015577420914155,0.1,0.01390920456891402,0.21956856722118004,0.11529921345152622,0.4277871444368807,cvar,optimal,0.0023538328170890133,0.21956856722118004,2019-06-18
spx,0.6192363298920331,0.1,0.014945570177138814,0.060848777549260984,0.11529921345152622,0.678323385305091,cvar,optimal,0.0023538328170890133,0.060848777549260984,2019-06-18
sse50,0.5202881878879902,0.1,-0.023580053881045594,3.796922596506678e-10,0.07440406279654861,0.41012844583429053,cvar,optimal,0.002286064979513393,3.796922596506678e-10,2019-07-16
csi300,0.410637910622508,0.1,-0.04338861474297728,3.0620739948393413e-10,0.07440406279654861,0.6397376572698401,cvar,optimal,0.002286064979513393,3.0620739948393413e-10,2019-07-16
csi500,0.16560534800761756,0.1,-0.09087428583540252,2.3562988942866585e-10,0.07440406279654861,0.7783195582827191,cvar,optimal,0.002286064979513393,2.3562988942866585e-10,2019-07-16
csi1000,0.1718474872106646,0.1,-0.09819281397435686,2.2438446615028735e-10,0.07440406279654861,0.7930839876137742,cvar,optimal,0.002286064979513393,2.2438446615028735e-10,2019-07-16
bond_gov,0.6905549078625101,0.1,0.0009036929204247065,0.29999999960438606,0.07440406279654861,0.44505235623585737,cvar,optimal,0.002286064979513393,0.29999999960438606,2019-07-16
bond_corp,0.7734696729089628,0.1,0.0004865402601028711,0.29999999960109747,0.07440406279654861,0.682350852681348,cvar,optimal,0.002286064979513393,0.29999999960109747,2019-07-16
csi_cb,0.7240818037453778,0.1,-0.013598107503406537,0.13448998704275486,0.07440406279654861,0.5451787020392038,cvar,optimal,0.002286064979513393,0.13448998704275486,2019-07-16
crude_sc,0.7256245770669311,0.1,0.04239322770341061,0.018639825428798478,0.07440406279654861,0.6580360686410809,cvar,optimal,0.002286064979513393,0.018639825428798478,2019-07-16
gold_au,0.8070594551674543,0.1,0.026795216067588445,0.181619533796729,0.07440406279654861,0.5946957473529342,cvar,optimal,0.002286064979513393,0.181619533796729,2019-07-16
spx,0.510830649519984,0.1,-0.0011901283154040591,0.0652506533803201,0.07440406279654861,0.6726901023261275,cvar,optimal,0.002286064979513393,0.0652506533803201,2019-07-16
sse50,0.5742185896784041,0.1,-0.015754980970281815,6.724820882669539e-11,0.3110118999468456,0.5032045731751265,cvar,optimal,0.0024475732334973276,6.724820882669539e-11,2019-08-13
csi300,0.5181081585635701,0.1,-0.03726397872749238,5.6698388515361706e-11,0.3110118999468456,0.5728214604672824,cvar,optimal,0.0024475732334973276,5.6698388515361706e-11,2019-08-13
csi500,0.3775668082823292,0.1,-0.0909349173666583,4.4631687292480276e-11,0.3110118999468456,0.67332240538779,cvar,optimal,0.0024475732334973276,4.4631687292480276e-11,2019-08-13
csi1000,0.4045548140520781,0.1,-0.09554201988575294,4.3929142025893984e-11,0.3110118999468456,0.7320466384821703,cvar,optimal,0.0024475732334973276,4.3929142025893984e-11,2019-08-13
bond_gov,0.5451871170342019,0.1,0.00036545208035488756,0.29999999992074805,0.3110118999468456,0.4475187094400618,cvar,optimal,0.0024475732334973276,0.29999999992074805,2019-08-13
bond_corp,0.6413227606028368,0.1,0.00039990446712932743,0.2999999999232495,0.3110118999468456,0.6954627567226056,cvar,optimal,0.0024475732334973276,0.2999999999232495,2019-08-13
csi_cb,0.5397044788549407,0.1,-0.021547750744364665,0.1367712042176864,0.3110118999468456,0.44654878493182,cvar,optimal,0.0024475732334973276,0.1367712042176864,2019-08-13
crude_sc,0.5934429484526348,0.1,0.017664715046127995,0.018700586764400454,0.3110118999468456,0.5924632805170976,cvar,optimal,0.0024475732334973276,0.018700586764400454,2019-08-13
gold_au,0.6998186520616247,0.1,0.043216006030837854,0.17966114397042485,0.3110118999468456,0.6200654740464203,cvar,optimal,0.0024475732334973276,0.17966114397042485,2019-08-13
spx,0.6060756724173797,0.1,0.01258284029650527,0.06486706499098331,0.3110118999468456,0.580388442434741,cvar,optimal,0.0024475732334973276,0.06486706499098331,2019-08-13
sse50,0.3743653699333534,0.1,-0.0551233233163031,8.865170491075844e-11,0.024019656625569017,0.7242076833511176,cvar,optimal,0.002891327850660439,8.865170491075844e-11,2019-09-10
csi300,0.4360978248879336,0.1,-0.052411568854075975,7.500959608833837e-11,0.024019656625569017,0.4459039463467309,cvar,optimal,0.002891327850660439,7.500959608833837e-11,2019-09-10
csi500,0.3407293599153564,0.1,-0.06517402988355694,5.560296129536942e-11,0.024019656625569017,0.6672672202749224,cvar,optimal,0.002891327850660439,5.560296129536942e-11,2019-09-10
csi1000,0.432163409176964,0.1,-0.054653588989502275,5.687563878641322e-11,0.024019656625569017,0.3803963703261871,cvar,optimal,0.002891327850660439,5.687563878641322e-11,2019-09-10
bond_gov,0.6408901808818155,0.1,0.0009527476551214489,0.29999999991087817,0.024019656625569017,0.5219300370625274,cvar,optimal,0.002891327850660439,0.29999999991087817,2019-09-10
bond_corp,0.7549526350756453,0.1,0.0006303055996841379,0.2999999999121883,0.024019656625569017,0.7776590621508126,cvar,optimal,0.002891327850660439,0.2999999999121883,2019-09-10
csi_cb,0.587765272494156,0.1,-0.017723476149998002,0.15396079402401502,0.024019656625569017,0.35247723400438924,cvar,optimal,0.002891327850660439,0.15396079402401502,2019-09-10
crude_sc,0.6987166835765023,0.1,0.0460302242953022,0.024522450242674985,0.024019656625569017,0.6624870952576027,cvar,optimal,0.002891327850660439,0.024522450242674985,2019-09-10
gold_au,0.7478517151484878,0.1,0.04893350380545074,0.16954621776447368,0.024019656625569017,0.7835765258893884,cvar,optimal,0.002891327850660439,0.16954621776447368,2019-09-10
spx,0.48646754890978633,0.1,-0.009932021016556752,0.05197053786962992,0.024019656625569017,0.6610397100265673,cvar,optimal,0.002891327850660439,0.05197053786962992,2019-09-10
sse50,0.5405003004293348,0.1,-0.008558899028620087,8.227588354575245e-11,0.39280193512005357,0.49581490357512675,cvar,optimal,0.0030005838821215366,8.227588354575245e-11,2019-10-16
csi300,0.600082496546815,0.1,-0.006895298924057991,5.491769195647228e-11,0.39280193512005357,0.513467246685139,cvar,optimal,0.0030005838821215366,5.491769195647228e-11,2019-10-16
csi500,0.4873169382251785,0.1,-0.03571568600914045,2.595041496347871e-11,0.39280193512005357,0.663743430535177,cvar,optimal,0.0030005838821215366,2.595041496347871e-11,2019-10-16
csi1000,0.4443206960889393,0.1,-0.04540618125027947,2.552794612130844e-11,0.39280193512005357,0.5651606460111509,cvar,optimal,0.0030005838821215366,2.552794612130844e-11,2019-10-16
bond_gov,0.5292653329996355,0.1,0.0002845389627250302,0.2999999999312561,0.39280193512005357,0.4918072283381573,cvar,optimal,0.0030005838821215366,0.2999999999312561,2019-10-16
bond_corp,0.6702249566937656,0.1,0.0008277507094166912,0.29999999993152654,0.39280193512005357,0.6720004065429993,cvar,optimal,0.0030005838821215366,0.29999999993152654,2019-10-16
csi_cb,0.5297964496429087,0.1,-0.009683555130063814,0.16087190916767893,0.39280193512005357,0.5570355685202305,cvar,optimal,0.0030005838821215366,0.16087190916767893,2019-10-16
crude_sc,0.6160565061657094,0.1,0.05879509610886857,0.030919969588632714,0.39280193512005357,0.6636173402838577,cvar,optimal,0.0030005838821215366,0.030919969588632714,2019-10-16
gold_au,0.6120604142441377,0.1,0.026636248865657255,0.1632517487813015,0.39280193512005357,0.7251241337219432,cvar,optimal,0.0030005838821215366,0.1632517487813015,2019-10-16
spx,0.4703759089635757,0.1,-0.029416399191724146,0.044956372410932345,0.39280193512005357,0.6731037208616363,cvar,optimal,0.0030005838821215366,0.044956372410932345,2019-10-16
sse50,0.45246846695874304,0.1,-0.023209095138476903,1.0460236712428333e-10,0.00457342071628226,0.40303707905907504,cvar,optimal,0.002969967732186484,1.0460236712428333e-10,2019-11-13
csi300,0.49115029419108275,0.1,-0.02725532105802462,8.204484769827777e-11,0.00457342071628226,0.3489472100303829,cvar,optimal,0.002969967732186484,8.204484769827777e-11,2019-11-13
csi500,0.30259177393623776,0.1,-0.052735084913263175,6.411023270678564e-11,0.00457342071628226,0.7521616592428869,cvar,optimal,0.002969967732186484,6.411023270678564e-11,2019-11-13
csi1000,0.3534803923853928,0.1,-0.05297681160791639,6.294381162158676e-11,0.00457342071628226,0.6878626073275392,cvar,optimal,0.002969967732186484,6.294381162158676e-11,2019-11-13
bond_gov,0.6290723662284842,0.1,0.0009869935521975434,0.2999999999084068,0.00457342071628226,0.42368669919452867,cvar,optimal,0.002969967732186484,0.2999999999084068,2019-11-13
bond_corp,0.743635940264221,0.1,0.0005780752894693997,0.299999999911922,0.00457342071628226,0.7151397664519172,cvar,optimal,0.002969967732186484,0.299999999911922,2019-11-13
csi_cb,0.6467580345548026,0.1,-0.006618252891339707,0.1682253448457794,0.00457342071628226,0.4957557684527258,cvar,optimal,0.002969967732186484,0.1682253448457794,2019-11-13
crude_sc,0.7422191219145647,0.1,0.08204224139778145,0.02771349085504089,0.00457342071628226,0.7295996042929994,cvar,optimal,0.002969967732186484,0.02771349085504089,2019-11-13
gold_au,0.7040723662284842,0.1,0.030087054365702498,0.13606517116315145,0.00457342071628226,0.6556860521418745,cvar,optimal,0.002969967732186484,0.13606517116315145,2019-11-13
spx,0.4345512433379872,0.1,-0.018352947286848206,0.06799599300199825,0.00457342071628226,0.6756138559040322,cvar,optimal,0.002969967732186484,0.06799599300199825,2019-11-13
sse50,0.4477820223182452,0.1,-0.022250610830625937,5.8452754012774445e-09,0.08396815574602051,0.3579798100734442,cvar,optimal,0.002921797410449644,5.8452754012774445e-09,2019-12-11
csi300,0.44229938413898406,0.1,-0.02823039356698559,5.357187533821157e-09,0.08396815574602051,0.426043093754353,cvar,optimal,0.002921797410449644,5.357187533821157e-09,2019-12-11
csi500,0.2595706712762539,0.1,-0.05268227808694757,5.139854962221186e-09,0.08396815574602051,0.7978061084563183,cvar,optimal,0.002921797410449644,5.139854962221186e-09,2019-12-11
csi1000,0.2586079130162827,0.1,-0.05874922841773464,4.782277958020416e-09,0.08396815574602051,0.7653225538944863,cvar,optimal,0.002921797410449644,4.782277958020416e-09,2019-12-11
bond_gov,0.6737372105484185,0.1,0.0010020062756642522,0.2999999949606981,0.08396815574602051,0.49208470082889255,cvar,optimal,0.002921797410449644,0.2999999949606981,2019-12-11
bond_corp,0.6963517502044647,0.1,0.00022725272774722769,0.2999999950596241,0.08396815574602051,0.4585211870471198,cvar,optimal,0.002921797410449644,0.2999999950596241,2019-12-11
csi_cb,0.6987372105484186,0.1,-0.005742105522486402,0.16825613012847218,0.08396815574602051,0.5565257726969219,cvar,optimal,0.002921797410449644,0.16825613012847218,2019-12-11
crude_sc,0.7799592967713854,0.1,0.07205269705324632,0.024683162596435323,0.08396815574602051,0.726434794543381,cvar,optimal,0.002921797410449644,0.024683162596435323,2019-12-11
gold_au,0.7487372105484187,0.1,0.03306037627797958,0.13375459188894426,0.08396815574602051,0.6920856127512418,cvar,optimal,0.002921797410449644,0.13375459188894426,2019-12-11
spx,0.4942173306291285,0.1,-0.006083617738070549,0.07330610424123024,0.08396815574602051,0.7210808039910717,cvar,optimal,0.002921797410449644,0.07330610424123024,2019-12-11
sse50,0.3355091654508415,0.1,-0.03667801211355635,2.0722343432792003e-09,0.04966808905538196,0.7130022733193364,cvar,optimal,0.0028577878298877628,2.0722343432792003e-09,2020-01-09
csi300,0.3815755294199055,0.1,-0.03657149995853201,1.8395723081757043e-09,0.04966808905538196,0.5676336045024186,cvar,optimal,0.0028577878298877628,1.8395723081757043e-09,2020-01-09
csi500,0.2518100574389378,0.1,-0.05161553938736339,1.7577236213685678e-09,0.04966808905538196,0.7974404859549145,cvar,optimal,0.0028577878298877628,1.7577236213685678e-09,2020-01-09
csi1000,0.3047894885146582,0.1,-0.05260642129544612,1.6972107856047956e-09,0.04966808905538196,0.6388438943041405,cvar,optimal,0.0028577878298877628,1.6972107856047956e-09,2020-01-09
bond_gov,0.7641532968624077,0.1,0.0012774492345163592,0.2999999980692674,0.04966808905538196,0.7248792241129158,cvar,optimal,0.0028577878298877628,0.2999999980692674,2020-01-09
bond_corp,0.7839039016558148,0.1,0.0005252824827369125,0.29999999730299154,0.04966808905538196,0.6821225102093498,cvar,optimal,0.0028577878298877628,0.29999999730299154,2020-01-09
csi_cb,0.6728524048743115,0.1,-0.010613321182427884,0.17103719791173316,0.04966808905538196,0.3856639496511709,cvar,optimal,0.0028577878298877628,0.17103719791173316,2020-01-09
crude_sc,0.7501567605765302,0.1,0.05448242826282261,0.03248498138996404,0.04966808905538196,0.5318764343820388,cvar,optimal,0.0028577878298877628,0.03248498138996404,2020-01-09
gold_au,0.6730091654508416,0.1,0.02303526048811127,0.11768309099016942,0.04966808905538196,0.3532128111079046,cvar,optimal,0.0028577878298877628,0.11768309099016942,2020-01-09
spx,0.5822402297557514,0.1,0.0012869084610435417,0.07879472696913332,0.04966808905538196,0.4995556100108029,cvar,optimal,0.0028577878298877628,0.07879472696913332,2020-01-09
sse50,0.24495618001039982,0.1,-0.04535901621328856,6.494827081344311e-09,0.07428998930138318,0.7777497727274818,cvar,optimal,0.003196703802415404,6.494827081344311e-09,2020-02-14
csi300,0.6535719608746662,0.1,-0.013345083346500038,4.60837168281849e-09,0.07428998930138318,0.4272942300101042,cvar,optimal,0.003196703802415404,4.60837168281849e-09,2020-02-14
csi500,0.6197340523701328,0.1,0.0022145934456057614,2.6806843176555134e-09,0.07428998930138318,0.3789030018987872,cvar,optimal,0.003196703802415404,2.6806843176555134e-09,2020-02-14
csi1000,0.633316236028533,0.1,0.007849463460956864,2.586665568864147e-09,0.07428998930138318,0.3896759141964791,cvar,optimal,0.003196703802415404,2.586665568864147e-09,2020-02-14
bond_gov,0.6757359295574671,0.1,0.0014353826076158903,0.2999999952032959,0.07428998930138318,0.5497093675958235,cvar,optimal,0.003196703802415404,0.2999999952032959,2020-02-14
bond_corp,0.6969611302870672,0.1,0.0006800173463515633,0.2999999951262412,0.07428998930138318,0.4929572002777387,cvar,optimal,0.003196703802415404,0.2999999951262412,2020-02-14
csi_cb,0.5479257633040001,0.1,-0.006400407859447987,0.158727340264136,0.07428998930138318,0.5788241542488987,cvar,optimal,0.003196703802415404,0.158727340264136,2020-02-14
crude_sc,0.3894968195005338,0.1,-0.034406274484071374,0.001864077329935923,0.07428998930138318,0.44740490859858506,cvar,optimal,0.003196703802415404,0.001864077329935923,2020-02-14
gold_au,0.6273463615110665,0.1,0.0259489446998377,0.13398250561718925,0.07428998930138318,0.5242733147555969,cvar,optimal,0.003196703802415404,0.13398250561718925,2020-02-14
spx,0.4109555665561339,0.1,-0.020015343873853716,0.105426070088653,0.07428998930138318,0.6352054428590677,cvar,optimal,0.003196703802415404,0.105426070088653,2020-02-14
sse50,0.3776230032230149,0.1,-0.041850440523930506,5.078112324570179e-09,0.2914210560825794,0.6682948478195219,cvar,optimal,0.004025107703709522,5.078112324570179e-09,2020-03-13
csi300,0.5231936542687557,0.1,-0.02404404984456078,3.9979627374127986e-09,0.2914210560825794,0.5144989229638234,cvar,optimal,0.004025107703709522,3.9979627374127986e-09,2020-03-13
csi500,0.5410852048794563,0.1,-0.007400732264721974,2.774741372636662e-09,0.2914210560825794,0.5211622473946271,cvar,optimal,0.004025107703709522,2.774741372636662e-09,2020-03-13
csi1000,0.5717768359190998,0.1,0.0013112887718796096,3.0086574755801765e-09,0.2914210560825794,0.594441874033354,cvar,optimal,0.004025107703709522,3.0086574755801765e-09,2020-03-13
bond_gov,0.6157779459238897,0.1,0.0014283704225907298,0.2999999966194074,0.2914210560825794,0.6721444087288477,cvar,optimal,0.004025107703709522,0.2999999966194074,2020-03-13
bond_corp,0.6575818674468112,0.1,0.0005977869881628541,0.29999999664339283,0.2914210560825794,0.5904657486934357,cvar,optimal,0.004025107703709522,0.29999999664339283,2020-03-13
csi_cb,0.5277754190334438,0.1,-0.008069742338443337,0.23694441115972079,0.2914210560825794,0.6194178826793024,cvar,optimal,0.004025107703709522,0.23694441115972079,2020-03-13
crude_sc,0.7216450350459449,0.1,0.10464461383817253,3.804171595147566e-09,0.2914210560825794,0.5815336475637496,cvar,optimal,0.004025107703709522,3.804171595147566e-09,2020-03-13
gold_au,0.6134142914592102,0.1,0.02498475150429755,0.16305557325434553,0.2914210560825794,0.5906588170111655,cvar,optimal,0.004025107703709522,0.16305557325434553,2020-03-13
spx,0.3501267428003738,0.1,-0.06219896905100499,3.659488093538259e-09,0.2914210560825794,0.47213179724168053,cvar,optimal,0.004025107703709522,3.659488093538259e-09,2020-03-13
sse50,0.3271281571438327,0.1,-0.05202206578301191,1.1550542768554266e-10,0.15520844169178186,0.7865520938906463,cvar,optimal,0.0048199030819021365,1.1550542768554263e-10,2020-04-13
csi300,0.375515935946133,0.1,-0.054059633786441685,7.654210616979986e-11,0.15520844169178186,0.7350541898028282,cvar,optimal,0.0048199030819021365,7.654210616979985e-11,2020-04-13
csi500,0.3842224891617281,0.1,-0.058194447254562506,4.974008760764835e-11,0.15520844169178186,0.6971365626752122,cvar,optimal,0.0048199030819021365,4.974008760764834e-11,2020-04-13
csi1000,0.39292904237732323,0.1,-0.05932337123172107,4.308982450880076e-11,0.15520844169178186,0.6944840827004112,cvar,optimal,0.0048199030819021365,4.308982450880075e-11,2020-04-13
bond_gov,0.6683817291256805,0.1,0.0015839555828397942,0.2999999999230581,0.15520844169178186,0.7624313331479412,cvar,optimal,0.0048199030819021365,0.29999999992305804,2020-04-13
bond_corp,0.7331784713332564,0.1,0.0005862247436248714,0.2999999999205326,0.15520844169178186,0.6479695131587409,cvar,optimal,0.0048199030819021365,0.29999999992053256,2020-04-13
csi_cb,0.3698348752216799,0.1,-0.029536791346831945,0.26450964958630846,0.15520844169178186,0.7550041000890695,cvar,optimal,0.0048199030819021365,0.2645096495863084,2020-04-13
crude_sc,0.8258182565350554,0.1,0.13002414579988567,2.09579345338025e-10,0.15520844169178186,0.7578783755454392,cvar,optimal,0.0048199030819021365,2.0957934533802495e-10,2020-04-13
gold_au,0.654990466746474,0.1,0.03813752864503628,0.1354903495435027,0.15520844169178186,0.6782989077914168,cvar,optimal,0.0048199030819021365,0.13549034954350267,2020-04-13
spx,0.7680005764088365,0.1,0.11341027682012564,5.321413584251285e-10,0.15520844169178186,0.8,cvar,optimal,0.0048199030819021365,5.321413584251284e-10,2020-04-13
sse50,0.5691748303496895,0.1,-0.013192894755359147,2.51719079014462e-09,0.49384236646224405,0.5325538343582482,cvar,optimal,0.004812995059438495,2.51719079014462e-09,2020-05-14
csi300,0.5005942717761299,0.1,-0.026646966422747984,1.721331413597789e-09,0.49384236646224405,0.6540818890755508,cvar,optimal,0.004812995059438495,1.721331413597789e-09,2020-05-14
csi500,0.22927147140660217,0.1,-0.07311947032492926,9.46614721453801e-10,0.49384236646224405,0.7952602353894251,cvar,optimal,0.004812995059438495,9.46614721453801e-10,2020-05-14
csi1000,0.2322709053313125,0.1,-0.08021300363880013,8.407997503113497e-10,0.49384236646224405,0.7930112957258821,cvar,optimal,0.004812995059438495,8.407997503113497e-10,2020-05-14
bond_gov,0.5881308603655298,0.1,0.0008294536960536873,0.29999999812015615,0.49384236646224405,0.5593096193340883,cvar,optimal,0.004812995059438495,0.29999999812015615,2020-05-14
bond_corp,0.7125666566792258,0.1,0.0003949351560029838,0.29999999808312244,0.49384236646224405,0.543792701342714,cvar,optimal,0.004812995059438495,0.29999999808312244,2020-05-14
csi_cb,0.43801258105199103,0.1,-0.02061430127931349,0.26659811621767093,0.49384236646224405,0.5251605423945924,cvar,optimal,0.004812995059438495,0.26659811621767093,2020-05-14
crude_sc,0.9112899019032534,0.1,0.19872431195081272,6.178583613639422e-09,0.49384236646224405,0.6926351926573926,cvar,optimal,0.004812995059438495,6.178583613639422e-09,2020-05-14
gold_au,0.6185655245286464,0.1,0.02830240750189954,0.13340183057381064,0.49384236646224405,0.6616071717475079,cvar,optimal,0.004812995059438495,0.13340183057381064,2020-05-14
spx,0.7001229966076191,0.1,0.08570572425195565,4.480071965521305e-08,0.49384236646224405,0.6875773688289978,cvar,optimal,0.004812995059438495,4.480071965521305e-08,2020-05-14
sse50,0.5599540827243081,0.1,-0.022373922334618337,3.4339760845407463e-10,0.4538999168426947,0.4039549778013251,cvar,optimal,0.0044670672286657,3.4339760845407463e-10,2020-06-11
csi300,0.3442245350854074,0.1,-0.04312340753866428,2.543114058868389e-10,0.4538999168426947,0.7371779508764267,cvar,optimal,0.0044670672286657,2.543114058868389e-10,2020-06-11
csi500,0.24373530037560676,0.1,-0.0717280697281787,1.8274162246353237e-10,0.4538999168426947,0.7743126704438204,cvar,optimal,0.0044670672286657,1.8274162246353237e-10,2020-06-11
csi1000,0.24373530037560676,0.1,-0.07643407717296083,1.5237463626572378e-10,0.4538999168426947,0.7743253183807959,cvar,optimal,0.0044670672286657,1.5237463626572378e-10,2020-06-11
bond_gov,0.6788910795022117,0.1,0.0016339887974162546,0.2999999997002311,0.4538999168426947,0.6646708510826556,cvar,optimal,0.0044670672286657,0.2999999997002311,2020-06-11
bond_corp,0.7561582684919123,0.1,0.000551561451820351,0.2999999996891238,0.4538999168426947,0.6137619410088663,cvar,optimal,0.0044670672286657,0.2999999996891238,2020-06-11
csi_cb,0.5760076354429559,0.1,-0.016207125127516812,0.286090340467749,0.4538999168426947,0.5956366113999987,cvar,optimal,0.0044670672286657,0.286090340467749,2020-06-11
crude_sc,0.9538593244122732,0.1,0.2216902165256139,4.3557744934181355e-10,0.4538999168426947,0.8,cvar,optimal,0.0044670672286657,4.3557744934181355e-10,2020-06-11
gold_au,0.6727328110102994,0.1,0.04279838518065719,0.11390965782784615,0.4538999168426947,0.708663873734034,cvar,optimal,0.0044670672286657,0.11390965782784615,2020-06-11
spx,0.47070166257941826,0.1,-0.003081443655324312,9.466472985025194e-10,0.4538999168426947,0.6020911388816543,cvar,optimal,0.0044670672286657,9.466472985025194e-10,2020-06-11
sse50,0.6810248240385554,0.1,0.02999181545381209,4.945487660997901e-10,0.06168292027002712,0.6522162829004196,cvar,optimal,0.004643289823678819,4.945487660997901e-10,2020-07-13
csi300,0.6330210187975543,0.1,0.013363774895406785,3.887357957284546e-10,0.06168292027002712,0.5404962491453418,cvar,optimal,0.004643289823678819,3.887357957284546e-10,2020-07-13
csi500,0.2377985987468297,0.1,-0.05449507537638601,2.846156646580054e-10,0.06168292027002712,0.68695318297314,cvar,optimal,0.004643289823678819,2.846156646580054e-10,2020-07-13
csi1000,0.315124724408928,0.1,-0.04468971135934495,2.4214451710372896e-10,0.06168292027002712,0.44805682773696215,cvar,optimal,0.004643289823678819,2.4214451710372896e-10,2020-07-13
bond_gov,0.6240464470522604,0.1,0.0015223484693078963,0.29999999957628753,0.06168292027002712,0.48525094550678033,cvar,optimal,0.004643289823678819,0.29999999957628753,2020-07-13
bond_corp,0.69982182227296,0.1,0.0005925218023490593,0.29999999956086565,0.06168292027002712,0.6728730405985905,cvar,optimal,0.004643289823678819,0.29999999956086565,2020-07-13
csi_cb,0.6693315314155245,0.1,0.00955296507514021,0.286090106304439,0.06168292027002712,0.6872681408222612,cvar,optimal,0.004643289823678819,0.286090106304439,2020-07-13
crude_sc,0.4895637666768272,0.1,0.00023718585465670738,4.191437866768879e-10,0.06168292027002712,0.6867459994669151,cvar,optimal,0.004643289823678819,4.191437866768879e-10,2020-07-13
gold_au,0.6398574578183679,0.1,0.030187100378195365,0.11390988955265588,0.06168292027002712,0.5192875511786762,cvar,optimal,0.004643289823678819,0.11390988955265588,2020-07-13
spx,0.510409808772192,0.1,0.011759652690282632,3.1765634189915096e-09,0.06168292027002712,0.4852403782068799,cvar,optimal,0.004643289823678819,3.1765634189915096e-09,2020-07-13
sse50,0.6938316432586242,0.1,0.01956452094540139,3.632466327228824e-10,0.14677778455525256,0.5258216000201532,cvar,optimal,0.005100064721625167,3.632466327228824e-10,2020-08-10
csi300,0.6627612584275977,0.1,0.00295092843500204,2.791222565796103e-10,0.14677778455525256,0.5211279976235418,cvar,optimal,0.005100064721625167,2.791222565796103e-10,2020-08-10
csi500,0.18139695786552368,0.1,-0.07146629324645315,2.1957321488717453e-10,0.14677778455525256,0.8,cvar,optimal,0.005100064721625167,2.1957321488717453e-10,2020-08-10
csi1000,0.20974239466380923,0.1,-0.07819561312046422,1.8658986708621303e-10,0.14677778455525256,0.8,cvar,optimal,0.005100064721625167,1.8658986708621303e-10,2020-08-10
bond_gov,0.560520081460924,0.1,0.0006671334307575211,0.2999999997407887,0.14677778455525256,0.5622610494956869,cvar,optimal,0.005100064721625167,0.2999999997407887,2020-08-10
bond_corp,0.6666884382022997,0.1,0.00022775363981975135,0.29999999973025393,0.14677778455525256,0.6321745656002412,cvar,optimal,0.005100064721625167,0.29999999973025393,2020-08-10
csi_cb,0.6459748483149488,0.1,-0.0037924371511118965,0.2486406277893014,0.14677778455525256,0.6274789207084248,cvar,optimal,0.005100064721625167,0.2486406277893014,2020-08-10
crude_sc,0.748759022468911,0.1,0.13448111046046693,2.99851077102837e-10,0.14677778455525256,0.5454084245314217,cvar,optimal,0.005100064721625167,2.99851077102837e-10,2020-08-10
gold_au,0.5979874241574744,0.1,0.014989058159250158,0.15024592246263901,0.14677778455525256,0.5972703011957297,cvar,optimal,0.005100064721625167,0.15024592246263901,2020-08-10
spx,0.532337931179887,0.1,0.02286803097614734,0.001113448928633909,0.14677778455525256,0.6353600256798525,cvar,optimal,0.005100064721625167,0.001113448928633909,2020-08-10
sse50,0.7023577297916017,0.1,0.019652697796400956,1.7614196699522194e-09,0.30607254909249193,0.5214652709763181,cvar,optimal,0.005648178048113777,1.7614196699522197e-09,2020-09-07
csi300,0.683252054270606,0.1,0.005972262188760721,1.5834963602854694e-09,0.30607254909249193,0.5136303650279345,cvar,optimal,0.005648178048113777,1.5834963602854696e-09,2020-09-07
csi500,0.18288233024875322,0.1,-0.0547978255961247,1.3218489022014967e-09,0.30607254909249193,0.7497245695466506,cvar,optimal,0.005648178048113777,1.321848902201497e-09,2020-09-07
csi1000,0.193492114310961,0.1,-0.06276060206827473,1.1154925404782876e-09,0.30607254909249193,0.7697051496470455,cvar,optimal,0.005648178048113777,1.1154925404782878e-09,2020-09-07
bond_gov,0.49923282140394215,0.1,-8.87346014604437e-05,0.29999999887526013,0.30607254909249193,0.5172832450399297,cvar,optimal,0.005648178048113777,0.2999999988752602,2020-09-07
bond_corp,0.6359375458061702,0.1,0.00016184381032193108,0.299999998835602,0.30607254909249193,0.684833814475804,cvar,optimal,0.005648178048113777,0.2999999988356021,2020-09-07
csi_cb,0.6484933733602366,0.1,-0.0034260983336157763,0.2698614472088296,0.30607254909249193,0.593580762697937,cvar,optimal,0.005648178048113777,0.26986144720882965,2020-09-07
crude_sc,0.8246365712245254,0.1,0.14541953961053333,1.2804946701095726e-09,0.30607254909249193,0.552927126973894,cvar,optimal,0.005648178048113777,1.2804946701095728e-09,2020-09-07
gold_au,0.5468750916123404,0.1,0.004919957684274702,0.11899962586175691,0.30607254909249193,0.5269935331990324,cvar,optimal,0.005648178048113777,0.11899962586175693,2020-09-07
spx,0.5828403679708629,0.1,0.03605498783320963,0.011138922155799152,0.30607254909249193,0.6935187500062959,cvar,optimal,0.005648178048113777,0.011138922155799154,2020-09-07
sse50,0.6820916059947445,0.1,0.0065760765807737764,6.093697906574761e-10,0.13757615675284576,0.45898005282716653,cvar,optimal,0.005654795867833884,6.093697906574761e-10,2020-10-13
csi300,0.46905346893956135,0.1,-0.010937201698445802,4.762172236408406e-10,0.13757615675284576,0.44712030639066286,cvar,optimal,0.005654795867833884,4.762172236408406e-10,2020-10-13
csi500,0.30993560257010044,0.1,-0.035375242126639825,3.533722455321894e-10,0.13757615675284576,0.5662146097254136,cvar,optimal,0.005654795867833884,3.533722455321894e-10,2020-10-13
csi1000,0.2203936325438228,0.1,-0.052582703165612685,2.700089987252513e-10,0.13757615675284576,0.8,cvar,optimal,0.005654795867833884,2.700089987252513e-10,2020-10-13
bond_gov,0.5863479046537843,0.1,0.0004763983773552585,0.2999999996045877,0.13757615675284576,0.4026868321774745,cvar,optimal,0.005654795867833884,0.2999999996045877,2020-10-13
bond_corp,0.7702159223531698,0.1,0.0006838610257606866,0.2999999995844868,0.13757615675284576,0.7360563574908335,cvar,optimal,0.005654795867833884,0.2999999995844868,2020-10-13
csi_cb,0.7196848057098967,0.1,0.002257172379934471,0.2698614369603817,0.13757615675284576,0.6250569126227132,cvar,optimal,0.005654795867833884,0.2698614369603817,2020-10-13
crude_sc,0.6978648302585702,0.1,0.08212884936166617,6.661323255884247e-10,0.13757615675284576,0.4882449783507552,cvar,optimal,0.005654795867833884,6.661323255884247e-10,2020-10-13
gold_au,0.6721646926642953,0.1,0.01795301959419204,0.11899963419934367,0.13757615675284576,0.522658232298536,cvar,optimal,0.005654795867833884,0.11899963419934367,2020-10-13
spx,0.37224753431205476,0.1,-0.029409112769524244,0.011138927276099407,0.13757615675284576,0.740237925628713,cvar,optimal,0.005654795867833884,0.011138927276099407,2020-10-13
sse50,0.6348187791111168,0.1,-0.007613457363968415,2.927102537001676e-09,0.10351288736713866,0.43560188120714166,cvar,optimal,0.00565479617175709,2.927102537001676e-09,2020-11-10
csi300,0.33291105670868804,0.1,-0.030876522604754472,2.233939252472233e-09,0.10351288736713866,0.4616171116453752,cvar,optimal,0.00565479617175709,2.233939252472233e-09,2020-11-10
csi500,0.3496999195710573,0.1,-0.04431177437125508,1.625144182784884e-09,0.10351288736713866,0.5573602717250563,cvar,optimal,0.00565479617175709,1.625144182784884e-09,2020-11-10
csi1000,0.2506467556860807,0.1,-0.06086543086669009,1.2400908286508643e-09,0.10351288736713866,0.8,cvar,optimal,0.00565479617175709,1.2400908286508643e-09,2020-11-10
bond_gov,0.5888226202050956,0.1,0.0004266939790977957,0.299999998177999,0.10351288736713866,0.41663234902227875,cvar,optimal,0.00565479617175709,0.299999998177999,2020-11-10
bond_corp,0.717949768276569,0.1,0.0005175760840021278,0.29999999809255845,0.10351288736713866,0.6691353087582322,cvar,optimal,0.00565479617175709,0.29999999809255845,2020-11-10
csi_cb,0.6838719429960934,0.1,-0.005316464628852373,0.26986126567919827,0.10351288736713866,0.5591979943179508,cvar,optimal,0.00565479617175709,0.26986126567919827,2020-11-10
crude_sc,0.5928740646154396,0.1,0.03367718816023849,2.6808696531397687e-09,0.10351288736713866,0.3978764216565429,cvar,optimal,0.00565479617175709,2.6808696531397687e-09,2020-11-10
gold_au,0.7523811404599404,0.1,0.03594584112154795,0.11899978645840155,0.10351288736713866,0.6452823116900626,cvar,optimal,0.00565479617175709,0.11899978645840155,2020-11-10
spx,0.5960239523699195,0.1,0.01912188588285524,0.011138940884696222,0.10351288736713866,0.6235630194285339,cvar,optimal,0.00565479617175709,0.011138940884696222,2020-11-10
sse50,0.3967218406756795,0.1,-0.013011897452601916,3.574263887206148e-09,0.11621492250669212,0.518015002906479,cvar,optimal,0.005659850920007136,3.5742638872061472e-09,2020-12-08
csi300,0.6796941997125631,0.1,0.023861301332032056,3.1439782616682598e-09,0.11621492250669212,0.5760626597010157,cvar,optimal,0.005659850920007136,3.143978261668259e-09,2020-12-08
csi500,0.5431220238397462,0.1,0.008108394021279622,3.117481378618555e-09,0.11621492250669212,0.44883885707751686,cvar,optimal,0.005659850920007136,3.117481378618554e-09,2020-12-08
csi1000,0.4736046620190074,0.1,-0.002560487751077596,2.471504793098456e-09,0.11621492250669212,0.668646004192245,cvar,optimal,0.005659850920007136,2.4715047930984557e-09,2020-12-08
bond_gov,0.4925154907748137,0.1,-0.000485221916962429,0.2999999976109553,0.11621492250669212,0.5588432287393443,cvar,optimal,0.005659850920007136,0.29999999761095525,2020-12-08
bond_corp,0.5691060419703577,0.1,2.9299102109901418e-05,0.29999999752538736,0.11621492250669212,0.6373776712395968,cvar,optimal,0.005659850920007136,0.2999999975253873,2020-12-08
csi_cb,0.5393905823871543,0.1,0.0007927092397629135,0.2635503976822967,0.11621492250669212,0.5156783010264858,cvar,optimal,0.005659850920007136,0.26355039768229666,2020-12-08
crude_sc,0.5652832813675209,0.1,0.029745409156784468,2.241756630699344e-09,0.11621492250669212,0.6551889243512202,cvar,optimal,0.005659850920007136,2.2417566306993436e-09,2020-12-08
gold_au,0.6995047555938384,0.1,0.054420534601370106,0.1246864773207616,0.11621492250669212,0.6251219259232066,cvar,optimal,0.005659850920007136,0.12468647732076157,2020-12-08
spx,0.541057121659319,0.1,0.003680166003593284,0.011763115311614118,0.11621492250669212,0.6209433413766926,cvar,optimal,0.005659850920007136,0.011763115311614114,2020-12-08
sse50,0.5968610319501942,0.1,-0.006404672355100921,6.528413024755225e-10,0.12661271505960367,0.6059342385599623,cvar,optimal,0.005659850684241104,6.528413024755224e-10,2021-01-06
csi300,0.4707927871824604,0.1,-0.0203965541815257,5.141677628599813e-10,0.12661271505960367,0.4239644463918586,cvar,optimal,0.005659850684241104,5.141677628599811e-10,2021-01-06
csi500,0.3213998573053527,0.1,-0.05111080415998076,3.57424609578844e-10,0.12661271505960367,0.8,cvar,optimal,0.005659850684241104,3.574246095788439e-10,2021-01-06
csi1000,0.3332487984655416,0.1,-0.051892464561489104,2.9291474878372396e-10,0.12661271505960367,0.7513979889172598,cvar,optimal,0.005659850684241104,2.929147487837239e-10,2021-01-06
bond_gov,0.5510126130602524,0.1,0.0001530219956050913,0.29999999959737933,0.12661271505960367,0.41500143426423175,cvar,optimal,0.005659850684241104,0.2999999995973793,2021-01-06
bond_corp,0.7219222164527862,0.1,0.000654071240759534,0.2999999995729944,0.12661271505960367,0.7169932749277224,cvar,optimal,0.005659850684241104,0.29999999957299434,2021-01-06
csi_cb,0.6304645638881597,0.1,-0.006178418402802744,0.26355042607211626,0.12661271505960367,0.5864503821357757,cvar,optimal,0.005659850684241104,0.2635504260721162,2021-01-06
crude_sc,0.5031973761548424,0.1,0.0003717263884349051,5.02101606570017e-10,0.12661271505960367,0.5618942154303641,cvar,optimal,0.005659850684241104,5.021016065700169e-10,2021-01-06
gold_au,0.757093844216877,0.1,0.04401867783700059,0.12468645981697926,0.12661271505960367,0.694507900936071,cvar,optimal,0.005659850684241104,0.12468645981697923,2021-01-06
spx,0.6140069113235332,0.1,0.017750966198355558,0.011763112621080917,0.12661271505960367,0.519010942957958,cvar,optimal,0.005659850684241104,0.011763112621080913,2021-01-06
sse50,0.5736781334003448,0.1,-0.013729224756272411,5.148262933723657e-10,0.06122656894667247,0.4787799089721539,cvar,optimal,0.0056968034254015355,5.148262933723657e-10,2021-02-03
csi300,0.33208747380770426,0.1,-0.035955223614168016,3.433848696242251e-10,0.06122656894667247,0.6944374447771218,cvar,optimal,0.0056968034254015355,3.433848696242251e-10,2021-02-03
csi500,0.2894025542482583,0.1,-0.043870205154629215,2.2872563649735254e-10,0.06122656894667247,0.6729011492198862,cvar,optimal,0.0056968034254015355,2.2872563649735254e-10,2021-02-03
csi1000,0.3632097357632404,0.1,-0.03684570695365568,1.8534997318952227e-10,0.06122656894667247,0.48666092692985885,cvar,optimal,0.0056968034254015355,1.8534997318952227e-10,2021-02-03
bond_gov,0.5243721475696792,0.1,6.123993952050134e-05,0.2999999997560159,0.06122656894667247,0.4537016829306243,cvar,optimal,0.0056968034254015355,0.2999999997560159,2021-02-03
bond_corp,0.6839595384595378,0.1,0.0004401545086398516,0.2999999997487049,0.06122656894667247,0.7586637345089033,cvar,optimal,0.0056968034254015355,0.2999999997487049,2021-02-03
csi_cb,0.5680985651788203,0.1,-0.009725254884683227,0.26292224838065253,0.06122656894667247,0.4368228150087464,cvar,optimal,0.0056968034254015355,0.26292224838065253,2021-02-03
crude_sc,0.7630394183706217,0.1,0.10734051620178887,4.0556426431207376e-10,0.06122656894667247,0.5979485303215952,cvar,optimal,0.0056968034254015355,4.0556426431207376e-10,2021-02-03
gold_au,0.7431300083666321,0.1,0.025944474756231056,0.12342524836106636,0.06122656894667247,0.5696656966810937,cvar,optimal,0.0056968034254015355,0.12342524836106636,2021-02-03
spx,0.6590224248351614,0.1,0.02702214918933609,0.013652502075709385,0.06122656894667247,0.6857688876649036,cvar,optimal,0.0056968034254015355,0.013652502075709385,2021-02-03
sse50,0.6099471169113707,0.1,-0.020480261339132527,9.92727958738723e-10,0.1188295491798436,0.3866507705644664,cvar,optimal,0.005580823857695621,9.92727958738723e-10,2021-03-10
csi300,0.29345209362313057,0.1,-0.04426459348235003,7.569056667766438e-10,0.1188295491798436,0.8,cvar,optimal,0.005580823857695621,7.569056667766438e-10,2021-03-10
csi500,0.32220053563761547,0.1,-0.036070870925148865,5.545356818931603e-10,0.1188295491798436,0.687114124350082,cvar,optimal,0.005580823857695621,5.545356818931603e-10,2021-03-10
csi1000,0.4359365358727006,0.1,-0.024056964579187226,4.37794908597887e-10,0.1188295491798436,0.4371602578463347,cvar,optimal,0.005580823857695621,4.37794908597887e-10,2021-03-10
bond_gov,0.5716856055023358,0.1,0.00021076176484780584,0.29999999952598894,0.1188295491798436,0.3759626082661442,cvar,optimal,0.005580823857695621,0.29999999952598894,2021-03-10
bond_corp,0.727678140434696,0.1,0.0006443238229626629,0.299999999508969,0.1188295491798436,0.7750865285764484,cvar,optimal,0.005580823857695621,0.299999999508969,2021-03-10
csi_cb,0.6381401874813464,0.1,-0.0031256771836379385,0.27596043996130093,0.1188295491798436,0.5102033997690626,cvar,optimal,0.005580823857695621,0.27596043996130093,2021-03-10
crude_sc,0.3873046669201784,0.1,-0.03539458869080425,1.4824822202818796e-09,0.1188295491798436,0.5400190825143042,cvar,optimal,0.005580823857695621,1.4824822202818796e-09,2021-03-10
gold_au,0.7769570703348905,0.1,0.03161047200523308,0.11001925673294138,0.1188295491798436,0.6580564228370154,cvar,optimal,0.005580823857695621,0.11001925673294138,2021-03-10
spx,0.7366980472817355,0.1,0.04159040157743132,0.014020300046353327,0.1188295491798436,0.7535530509981079,cvar,optimal,0.005580823857695621,0.014020300046353327,2021-03-10
sse50,0.5494823671590201,0.1,-0.001471713185714485,1.751132379850358e-10,0.22825701787061223,0.4931249679766637,cvar,optimal,0.00429127543123077,1.751132379850358e-10,2021-04-08
csi300,0.4827717001913998,0.1,0.003322135876217956,1.2568770049987814e-10,0.22825701787061223,0.633329051648736,cvar,optimal,0.00429127543123077,1.2568770049987814e-10,2021-04-08
csi500,0.547878102104637,0.1,0.015313241005924426,1.0137137587962726e-10,0.22825701787061223,0.5407663812161181,cvar,optimal,0.00429127543123077,1.0137137587962726e-10,2021-04-08
csi1000,0.6032295615929157,0.1,0.024729466588515724,8.033536747652952e-11,0.22825701787061223,0.5489612140042006,cvar,optimal,0.00429127543123077,8.033536747652952e-11,2021-04-08
bond_gov,0.505686792102274,0.1,3.814378591800028e-05,0.29999999990904846,0.22825701787061223,0.4630664495502213,cvar,optimal,0.00429127543123077,0.29999999990904846,2021-04-08
bond_corp,0.6048338266472988,0.1,5.194463882029658e-05,0.2999999998436103,0.22825701787061223,0.6355375151548627,cvar,optimal,0.00429127543123077,0.2999999998436103,2021-04-08
csi_cb,0.6108995959287484,0.1,0.010093540990154208,0.2553879441309768,0.22825701787061223,0.6428299042416777,cvar,optimal,0.00429127543123077,0.2553879441309768,2021-04-08
crude_sc,0.20699988349740348,0.1,-0.19620797969466938,1.6104183407275762e-10,0.22825701787061223,0.8,cvar,optimal,0.00429127543123077,1.6104183407275762e-10,2021-04-08
gold_au,0.7244823671590201,0.1,0.034257679193879606,0.08204837930461038,0.22825701787061223,0.5147299504099113,cvar,optimal,0.00429127543123077,0.08204837930461038,2021-04-08
spx,0.6637358036172822,0.1,0.02515723871679426,0.0625636761682045,0.22825701787061223,0.67309776760962,cvar,optimal,0.00429127543123077,0.0625636761682045,2021-04-08
sse50,0.5495285319044798,0.1,0.011140888502966118,3.232563459393781e-09,0.11892696239235141,0.5463157811599361,cvar,optimal,0.0042684294450871605,3.232563459393781e-09,2021-05-11
csi300,0.5700719985588532,0.1,0.022427587744705865,2.0837637709343517e-09,0.11892696239235141,0.63966035205557,cvar,optimal,0.0042684294450871605,2.0837637709343517e-09,2021-05-11
csi500,0.6256221793001709,0.1,0.025964846907634936,1.7163068131280944e-09,0.11892696239235141,0.5667047812963445,cvar,optimal,0.0042684294450871605,1.7163068131280944e-09,2021-05-11
csi1000,0.5890747827319949,0.1,0.028432997334331835,1.3658735755097722e-09,0.11892696239235141,0.6420864247791714,cvar,optimal,0.0042684294450871605,1.3658735755097722e-09,2021-05-11
bond_gov,0.48414168276243585,0.1,9.549529896969419e-06,0.2999999985655203,0.11892696239235141,0.42058615838520774,cvar,optimal,0.0042684294450871605,0.2999999985655203,2021-05-11
bond_corp,0.5478178037370299,0.1,-0.00012401607161268872,0.2999999985460805,0.11892696239235141,0.53951156171305,cvar,optimal,0.0042684294450871605,0.2999999985460805,2021-05-11
csi_cb,0.6224970468461607,0.1,0.012331898232627474,0.24121036114648278,0.11892696239235141,0.5837482871350402,cvar,optimal,0.0042684294450871605,0.24121036114648278,2021-05-11
crude_sc,0.13312594023327634,0.1,-0.2032299577522348,4.3690848891533575e-09,0.11892696239235141,0.8,cvar,optimal,0.0042684294450871605,4.3690848891533575e-09,2021-05-11
gold_au,0.7071101977041168,0.1,0.03387203843368589,0.0686264246367695,0.11892696239235141,0.4802412620127201,cvar,optimal,0.0042684294450871605,0.0686264246367695,2021-05-11
spx,0.6710098362214811,0.1,0.020622487383885318,0.09016320433755443,0.11892696239235141,0.571835746511566,cvar,optimal,0.0042684294450871605,0.09016320433755443,2021-05-11
sse50,0.531316870424463,0.1,0.01316628072508411,3.3212896502558566e-09,0.06121406559136435,0.5261895951705738,cvar,optimal,0.004268429533374847,3.3212896502558566e-09,2021-06-08
csi300,0.647998154395713,0.1,0.028166882516095636,2.1577734010158604e-09,0.06121406559136435,0.5151189234939832,cvar,optimal,0.004268429533374847,2.1577734010158604e-09,2021-06-08
csi500,0.616659358014375,0.1,0.02402772972305193,1.7666869877655563e-09,0.06121406559136435,0.6572887578393732,cvar,optimal,0.004268429533374847,1.7666869877655563e-09,2021-06-08
csi1000,0.583051234330898,0.1,0.027013611592860507,1.4167563380344334e-09,0.06121406559136435,0.675049122671695,cvar,optimal,0.004268429533374847,1.4167563380344334e-09,2021-06-08
bond_gov,0.47500000000000003,0.1,1.787496219721609e-05,0.29999999853182824,0.06121406559136435,0.4477000319032445,cvar,optimal,0.004268429533374847,0.29999999853182824,2021-06-08
bond_corp,0.643705055532412,0.1,5.467505879969295e-05,0.2999999985255985,0.06121406559136435,0.4898810748097375,cvar,optimal,0.004268429533374847,0.2999999985255985,2021-06-08
csi_cb,0.572976228438838,0.1,0.01065604348020305,0.24121058955867597,0.06121406559136435,0.510852996574488,cvar,optimal,0.004268429533374847,0.24121058955867597,2021-06-08
crude_sc,0.125,0.1,-0.1969908331449592,4.841746779575802e-09,0.06121406559136435,0.7904705073731518,cvar,optimal,0.004268429533374847,4.841746779575802e-09,2021-06-08
gold_au,0.6666593580143749,0.1,0.02218846437387327,0.0686263931055038,0.06121406559136435,0.5439409499144983,cvar,optimal,0.004268429533374847,0.0686263931055038,2021-06-08
spx,0.637633740848926,0.1,0.01978751306714572,0.09016300677414034,0.06121406559136435,0.618492187897128,cvar,optimal,0.004268429533374847,0.09016300677414034,2021-06-08
sse50,0.5273043557022187,0.1,0.011627637751743709,2.5232925854708566e-09,0.0119146152474654,0.5486700504928976,cvar,optimal,0.004095379439006159,2.5232925854708566e-09,2021-07-07
csi300,0.6016292803287171,0.1,0.02597532814105561,1.917125607669831e-09,0.0119146152474654,0.5912881538772436,cvar,optimal,0.004095379439006159,1.917125607669831e-09,2021-07-07
csi500,0.6544519508279073,0.1,0.028583887200906984,1.4670740953660091e-09,0.0119146152474654,0.554333715711429,cvar,optimal,0.004095379439006159,1.4670740953660091e-09,2021-07-07
csi1000,0.658072065705783,0.1,0.04067327472065231,1.2067281361523382e-09,0.0119146152474654,0.5751686691377049,cvar,optimal,0.004095379439006159,1.2067281361523382e-09,2021-07-07
bond_gov,0.475,0.1,3.188423739134468e-05,0.29999999835245367,0.0119146152474654,0.44415463699003993,cvar,optimal,0.004095379439006159,0.29999999835245367,2021-07-07
bond_corp,0.6506406838021552,0.1,0.00020562153433341987,0.299999998089377,0.0119146152474654,0.5798822104559836,cvar,optimal,0.004095379439006159,0.299999998089377,2021-07-07
csi_cb,0.6067563065301261,0.1,0.013455207284040647,0.24094315203241204,0.0119146152474654,0.5457367438125915,cvar,optimal,0.004095379439006159,0.24094315203241204,2021-07-07
crude_sc,0.125,0.1,-0.18388001795307168,1.957862012424678e-09,0.0119146152474654,0.7950989368956841,cvar,optimal,0.004095379439006159,1.957862012424678e-09,2021-07-07
gold_au,0.588151058839811,0.1,0.009465695376798075,0.0686584918596809,0.0119146152474654,0.5265822542933973,cvar,optimal,0.004095379439006159,0.0686584918596809,2021-07-07
spx,0.612994298263281,0.1,0.013148955367178677,0.090398350593994,0.0119146152474654,0.6579297664463913,cvar,optimal,0.004095379439006159,0.090398350593994,2021-07-07
sse50,0.5579462082342647,0.1,0.025439706791785453,1.2930200001915355e-09,0.12489845907772859,0.6224068668599544,cvar,optimal,0.003792899643924565,1.2930200001915357e-09,2021-08-04
csi300,0.6500314431878118,0.1,0.03769159164672326,7.553116941764049e-10,0.12489845907772859,0.5205783889922918,cvar,optimal,0.003792899643924565,7.55311694176405e-10,2021-08-04
csi500,0.6516726258434057,0.1,0.026554851381534055,6.175952539113883e-10,0.12489845907772859,0.6124627844150061,cvar,optimal,0.003792899643924565,6.175952539113884e-10,2021-08-04
csi1000,0.5732644877809705,0.1,0.02906882383725116,4.676917789680152e-10,0.12489845907772859,0.6015060464382519,cvar,optimal,0.003792899643924565,4.676917789680153e-10,2021-08-04
bond_gov,0.475,0.1,-5.872509310951862e-05,0.2999999994991087,0.12489845907772859,0.42293931903762527,cvar,optimal,0.003792899643924565,0.29999999949910877,2021-08-04
bond_corp,0.6875157215939058,0.1,0.00026099421262089297,0.2999999994979626,0.12489845907772859,0.5047509430706386,cvar,optimal,0.003792899643924565,0.29999999949796263,2021-08-04
csi_cb,0.5357802093748764,0.1,0.009198894766887233,0.24924792468929066,0.12489845907772859,0.4275251594613147,cvar,optimal,0.003792899643924565,0.2492479246892907,2021-08-04
crude_sc,0.15794620823426464,0.1,-0.16935198587489503,5.371421460352827e-09,0.12489845907772859,0.7058859189031759,cvar,optimal,0.003792899643924565,5.371421460352828e-09,2021-08-04
gold_au,0.5920852349535473,0.1,0.01100975554656286,0.06317793217589282,0.12489845907772859,0.6345048079856487,cvar,optimal,0.003792899643924565,0.06317793217589283,2021-08-04
spx,0.618757860796953,0.1,0.015879565252438534,0.08757413563270501,0.12489845907772859,0.6486553438246404,cvar,optimal,0.003792899643924565,0.08757413563270502,2021-08-04
sse50,0.586704724402228,0.1,0.03303771922210286,7.768909327922695e-09,0.021499660926268743,0.6598943542156663,cvar,optimal,0.003581478132442328,7.768909327922695e-09,2021-09-01
csi300,0.6491488968481616,0.1,0.036106228789343386,3.298112650414418e-09,0.021499660926268743,0.5830041997423135,cvar,optimal,0.003581478132442328,3.298112650414418e-09,2021-09-01
csi500,0.5538366258790128,0.1,0.012179620038101887,2.978537319977692e-09,0.021499660926268743,0.5066356398309353,cvar,optimal,0.003581478132442328,2.978537319977692e-09,2021-09-01
csi1000,0.5579242925266434,0.1,0.016252868796993687,1.9278068528435885e-09,0.021499660926268743,0.6539292840130254,cvar,optimal,0.003581478132442328,1.9278068528435885e-09,2021-09-01
bond_gov,0.475,0.1,-0.0004292512241678611,0.2999999983429876,0.021499660926268743,0.4264004823507989,cvar,optimal,0.003581478132442328,0.2999999983429876,2021-09-01
bond_corp,0.6131836204896391,0.1,0.0002370944037481847,0.29999999822710743,0.021499660926268743,0.6232791670964967,cvar,optimal,0.003581478132442328,0.29999999822710743,2021-09-01
csi_cb,0.52820883294344,0.1,0.004406914129306242,0.2557204256666879,0.021499660926268743,0.4601137612209074,cvar,optimal,0.003581478132442328,0.2557204256666879,2021-09-01
crude_sc,0.2688056443293854,0.1,-0.10145968294084912,1.85805668974649e-08,0.021499660926268743,0.4548590217017801,cvar,optimal,0.003581478132442328,1.85805668974649e-08,2021-09-01
gold_au,0.6445450923730909,0.1,0.019328397375814592,0.05261665269727077,0.021499660926268743,0.5314403251886756,cvar,optimal,0.003581478132442328,0.05261665269727077,2021-09-01
spx,0.6226422702083984,0.1,0.017872694145051753,0.09166289051201325,0.021499660926268743,0.6795757870736425,cvar,optimal,0.003581478132442328,0.09166289051201325,2021-09-01
sse50,0.5980992456445,0.1,0.03086877911644182,0.003959512619942944,0.03751942364094759,0.6620945630654876,cvar,optimal,0.0035899271839028974,0.003959512619942944,2021-10-08
csi300,0.6519007543554999,0.1,0.032140211606349084,4.2038727074251927e-10,0.03751942364094759,0.5743797668163936,cvar,optimal,0.0035899271839028974,4.2038727074251927e-10,2021-10-08
csi500,0.5656539006153904,0.1,0.007386867615104691,2.480295197924401e-10,0.03751942364094759,0.6309601152857507,cvar,optimal,0.0035899271839028974,2.480295197924401e-10,2021-10-08
csi1000,0.5300161208170363,0.1,0.009584752163176415,1.827612344066984e-10,0.03751942364094759,0.6186760619209174,cvar,optimal,0.0035899271839028974,1.827612344066984e-10,2021-10-08
bond_gov,0.475,0.1,-0.00032895975231107735,0.29999999972494296,0.03751942364094759,0.42627099303387755,cvar,optimal,0.0035899271839028974,0.29999999972494296,2021-10-08
bond_corp,0.6206700214324269,0.1,0.0002956724793763923,0.29999999973484365,0.03751942364094759,0.6167803874414092,cvar,optimal,0.0035899271839028974,0.29999999973484365,2021-10-08
csi_cb,0.5050161208170363,0.1,0.001222418621739392,0.21632296698988568,0.03751942364094759,0.4461562725406636,cvar,optimal,0.0035899271839028974,0.21632296698988568,2021-10-08
crude_sc,0.2050967249022186,0.1,-0.14412603444845398,0.0019489729841642503,0.03751942364094759,0.7546764139308122,cvar,optimal,0.0035899271839028974,0.0019489729841642503,2021-10-08
gold_au,0.6692977369335,0.1,0.01921233339332055,0.09081919747556783,0.03751942364094759,0.5165559165430597,cvar,optimal,0.0035899271839028974,0.09081919747556783,2021-10-08
spx,0.6792493744823908,0.1,0.021407093237917237,0.0869493496194746,0.03751942364094759,0.5544088368331809,cvar,optimal,0.0035899271839028974,0.0869493496194746,2021-10-08
sse50,0.5073475853641655,0.1,0.014151720467900461,0.002694966762656076,0.16050564193460337,0.5360699962950913,cvar,optimal,0.0035344859599385813,0.0026949667626560755,2021-11-05
csi300,0.6415770532149241,0.1,0.024828748108562414,2.138695965180309e-10,0.16050564193460337,0.623269756599157,cvar,optimal,0.0035344859599385813,2.1386959651803086e-10,2021-11-05
csi500,0.5275731467565383,0.1,-0.004555806759583347,7.550266537076727e-11,0.16050564193460337,0.6154259951699506,cvar,optimal,0.0035344859599385813,7.550266537076726e-11,2021-11-05
csi1000,0.5015018660841332,0.1,-0.00945696408836292,5.809407789345667e-11,0.16050564193460337,0.6653486333640054,cvar,optimal,0.0035344859599385813,5.8094077893456654e-11,2021-11-05
bond_gov,0.44973115964477245,0.1,-0.000965418509041005,0.29999999992257215,0.16050564193460337,0.5251620538217063,cvar,optimal,0.0035344859599385813,0.2999999999225721,2021-11-05
bond_corp,0.5961897467660509,0.1,0.0003102499662414666,0.29999999988224935,0.16050564193460337,0.6809512943983344,cvar,optimal,0.0035344859599385813,0.2999999998822493,2021-11-05
csi_cb,0.5438854403647401,0.1,-0.002009221198436474,0.2108564501808853,0.16050564193460337,0.561478713832943,cvar,optimal,0.0035344859599385813,0.21085645018088525,2021-11-05
crude_sc,0.4298896954033648,0.1,-0.08398323686976307,0.0030122303504917665,0.16050564193460337,0.8,cvar,optimal,0.0035344859599385813,0.0030122303504917657,2021-11-05
gold_au,0.6665770532149242,0.1,0.0328424086140546,0.09078161370114665,0.16050564193460337,0.5941967184655931,cvar,optimal,0.0035344859599385813,0.09078161370114664,2021-11-05
spx,0.6357272531863866,0.1,0.028485071983769893,0.09265473885253242,0.16050564193460337,0.733457604918219,cvar,optimal,0.0035344859599385813,0.0926547388525324,2021-11-05
sse50,0.5329381578028196,0.1,0.0191842104114678,0.006773298942455295,0.16785102592765458,0.5732619705216556,cvar,optimal,0.0034020646112686843,0.006773298942455295,2021-12-03
csi300,0.6468889568885166,0.1,0.026549398359197063,3.6022618923989194e-10,0.16785102592765458,0.6304047659261318,cvar,optimal,0.0034020646112686843,3.6022618923989194e-10,2021-12-03
csi500,0.5594447844425829,0.1,0.004231837740895188,1.6738695581418308e-10,0.16785102592765458,0.6469594910658713,cvar,optimal,0.0034020646112686843,1.6738695581418308e-10,2021-12-03
csi1000,0.5156668706655497,0.1,0.0017239008206401223,1.630941101941146e-10,0.16785102592765458,0.6175434434301269,cvar,optimal,0.0034020646112686843,1.630941101941146e-10,2021-12-03
bond_gov,0.4656668706655498,0.1,-0.0005784677074087993,0.2999999996732088,0.16785102592765458,0.4722471309679576,cvar,optimal,0.0034020646112686843,0.2999999996732088,2021-12-03
bond_corp,0.5992466866801184,0.1,0.000289303776758,0.2999999996272923,0.16785102592765458,0.7185483746675386,cvar,optimal,0.0034020646112686843,0.2999999996272923,2021-12-03
csi_cb,0.5155552155574169,0.1,0.0013622991003273098,0.20729694160487472,0.16785102592765458,0.4251836065212059,cvar,optimal,0.0034020646112686843,0.20729694160487472,2021-12-03
crude_sc,0.34732117016017605,0.1,-0.09781471732495772,0.006745489207819591,0.16785102592765458,0.5285804354513521,cvar,optimal,0.0034020646112686843,0.006745489207819591,2021-12-03
gold_au,0.6390485889176536,0.1,0.024116706171118298,0.0820821931197999,0.16785102592765458,0.6555361031211404,cvar,optimal,0.0034020646112686843,0.0820821931197999,2021-12-03
spx,0.6782226982196161,0.1,0.03177177392034582,0.09710207713384214,0.16785102592765458,0.6506720728076977,cvar,optimal,0.0034020646112686843,0.09710207713384214,2021-12-03
sse50,0.5335378537366783,0.1,0.014107581389639218,0.0008565348807767756,0.22393326234180205,0.662125737347771,cvar,optimal,0.003406334380404943,0.0008565348807767756,2021-12-31
csi300,0.6241908591260519,0.1,0.021367524965260294,3.4576111247115116e-09,0.22393326234180205,0.6445850964362521,cvar,optimal,0.003406334380404943,3.4576111247115116e-09,2021-12-31
csi500,0.56089558352828,0.1,-0.0014596854761244546,1.7700966360166001e-09,0.22393326234180205,0.7090946782252552,cvar,optimal,0.003406334380404943,1.7700966360166001e-09,2021-12-31
csi1000,0.5132533133198817,0.1,-0.012788869654843413,1.6503851630471002e-09,0.22393326234180205,0.6730181081114873,cvar,optimal,0.003406334380404943,1.6503851630471002e-09,2021-12-31
bond_gov,0.4468331293344502,0.1,-0.001106257213574879,0.29999999553971135,0.22393326234180205,0.5156387481956072,cvar,optimal,0.003406334380404943,0.29999999553971135,2021-12-31
bond_corp,0.5249303071697575,0.1,-6.890510772260848e-05,0.299999995090889,0.22393326234180205,0.5479206464809513,cvar,optimal,0.003406334380404943,0.299999995090889,2021-12-31
csi_cb,0.4812640485008571,0.1,-0.00996581281552486,0.20697777438060053,0.22393326234180205,0.4779958881825255,cvar,optimal,0.003406334380404943,0.20697777438060053,2021-12-31
crude_sc,0.5112305488526783,0.1,-0.010292840635509483,0.007732024801169953,0.22393326234180205,0.6453091967542508,cvar,optimal,0.003406334380404943,0.007732024801169953,2021-12-31
gold_au,0.6367466866801184,0.1,0.026860577840381195,0.0896860116426881,0.22393326234180205,0.5862431864315016,cvar,optimal,0.003406334380404943,0.0896860116426881,2021-12-31
spx,0.6671176697512469,0.1,0.04575420182372482,0.09474765678607137,0.22393326234180205,0.6915199410071731,cvar,optimal,0.003406334380404943,0.09474765678607137,2021-12-31
sse50,0.5658094958071944,0.1,0.012527013082417111,1.7603212006997745e-09,0.21979515478177813,0.6255610108622094,cvar,optimal,0.0034272011291725216,1.7603212006997745e-09,2022-02-07
csi300,0.6244077997903985,0.1,0.019440598975185082,1.1807242439128574e-09,0.21979515478177813,0.6512922242994028,cvar,optimal,0.0034272011291725216,1.1807242439128574e-09,2022-02-07
csi500,0.5360439800838058,0.1,0.011226301577238501,9.121956805225855e-10,0.21979515478177813,0.5753687165555601,cvar,optimal,0.0034272011291725216,9.121956805225855e-10,2022-02-07
csi1000,0.6320853553461754,0.1,0.030244003423632138,8.644218473346242e-10,0.21979515478177813,0.6231292143523167,cvar,optimal,0.0034272011291725216,8.644218473346242e-10,2022-02-07
bond_gov,0.4676629716981947,0.1,-0.00035794379857817125,0.29999999916694325,0.21979515478177813,0.4313616731147811,cvar,optimal,0.0034272011291725216,0.29999999916694325,2022-02-07
bond_corp,0.5414785712789918,0.1,1.319762206526409e-05,0.2999999991516367,0.21979515478177813,0.541222260462817,cvar,optimal,0.0034272011291725216,0.2999999991516367,2022-02-07
csi_cb,0.4926629716981946,0.1,0.002797594874955449,0.1999686988159239,0.21979515478177813,0.4732347925976517,cvar,optimal,0.0034272011291725216,0.1999686988159239,2022-02-07
crude_sc,0.3014850345904517,0.1,-0.12543316355167214,0.00955843908742364,0.21979515478177813,0.6581047675091106,cvar,optimal,0.0034272011291725216,0.00955843908742364,2022-02-07
gold_au,0.6457008480083979,0.1,0.01709102865783336,0.0946992761129587,0.21979515478177813,0.5763137004669024,cvar,optimal,0.0034272011291725216,0.0946992761129587,2022-02-07
spx,0.6926629716981948,0.1,0.03758995232964151,0.09577358294745092,0.21979515478177813,0.6250886271341163,cvar,optimal,0.0034272011291725216,0.09577358294745092,2022-02-07
sse50,0.5386549396895376,0.1,0.0068390642880204085,1.0529894733838082e-06,0.0007674636190726856,0.5491772173697784,cvar,optimal,0.003484858975522085,1.0529894733838082e-06,2022-03-07
csi300,0.6241427368677369,0.1,0.017789106527301632,7.605996932570607e-09,0.0007674636190726856,0.5889043833912235,cvar,optimal,0.003484858975522085,7.605996932570607e-09,2022-03-07
csi500,0.5613450603104624,0.1,0.01911370723942739,2.4551876423104576e-09,0.0007674636190726856,0.6453510837140992,cvar,optimal,0.003484858975522085,2.4551876423104576e-09,2022-03-07
csi1000,0.6807422147374161,0.1,0.040834266393801166,1.6338178555947364e-09,0.0007674636190726856,0.5480762691114003,cvar,optimal,0.003484858975522085,1.6338178555947364e-09,2022-03-07
bond_gov,0.4724282106032107,0.1,-0.00027996490823885316,0.29999999770423985,0.0007674636190726856,0.4434977261038194,cvar,optimal,0.003484858975522085,0.29999999770423985,2022-03-07
bond_corp,0.5794869552523575,0.1,4.929624342082585e-05,0.29999999761734414,0.0007674636190726856,0.6393749194912389,cvar,optimal,0.003484858975522085,0.29999999761734414,2022-03-07
csi_cb,0.49742821060321063,0.1,0.00693555581682463,0.1794503118524191,0.0007674636190726856,0.49568314153992016,cvar,optimal,0.003484858975522085,0.1794503118524191,2022-03-07
crude_sc,0.2160873599219569,0.1,-0.17085200948293505,0.015602559708493929,0.0007674636190726856,0.730792157063038,cvar,optimal,0.003484858975522085,0.015602559708493929,2022-03-07
gold_au,0.6491427368677368,0.1,0.012706988598276424,0.10453829885428784,0.0007674636190726856,0.5590704245582592,cvar,optimal,0.003484858975522085,0.10453829885428784,2022-03-07
spx,0.680541575146374,0.1,0.03406623378773732,0.10040776957873927,0.0007674636190726856,0.6245655680387568,cvar,optimal,0.003484858975522085,0.10040776957873927,2022-03-07
sse50,0.4538741966435651,0.1,0.008917076891431615,1.6972722613997908e-09,0.28815657277644074,0.686777249930595,cvar,optimal,0.003345458677454507,1.6972722613997908e-09,2022-04-06
csi300,0.582983901503783,0.1,0.03157204637146956,9.343310152841712e-10,0.28815657277644074,0.38135582157602593,cvar,optimal,0.003345458677454507,9.343310152841712e-10,2022-04-06
csi500,0.7301580003488687,0.1,0.056250024475755014,6.145905178732212e-10,0.28815657277644074,0.5245511360510051,cvar,optimal,0.003345458677454507,6.145905178732212e-10,2022-04-06
csi1000,0.823796708520273,0.1,0.08323094760598147,5.074348503884714e-10,0.28815657277644074,0.6609715683626649,cvar,optimal,0.003345458677454507,5.074348503884714e-10,2022-04-06
bond_gov,0.3993710227068094,0.1,-0.0007357009460676129,0.2999999994719591,0.28815657277644074,0.5435249788998612,cvar,optimal,0.003345458677454507,0.2999999994719591,2022-04-06
bond_corp,0.503061409371567,0.1,-0.00023183412792198647,0.29999999947754785,0.28815657277644074,0.6467290637383211,cvar,optimal,0.003345458677454507,0.29999999947754785,2022-04-06
csi_cb,0.6008386363909208,0.1,0.026104090160534256,0.15533663639904163,0.28815657277644074,0.3943896618481336,cvar,optimal,0.003345458677454507,0.15533663639904163,2022-04-06
crude_sc,0.21311605273372922,0.1,-0.15709018695366336,0.006280035382580312,0.28815657277644074,0.642840542021475,cvar,optimal,0.003345458677454507,0.006280035382580312,2022-04-06
gold_au,0.5743710227068095,0.1,-0.011559310745247894,0.1168076938184834,0.28815657277644074,0.44794548551898505,cvar,optimal,0.003345458677454507,0.1168076938184834,2022-04-06
spx,0.618429049073674,0.1,0.022049322981276237,0.12157563169675896,0.28815657277644074,0.44708546574606145,cvar,optimal,0.003345458677454507,0.12157563169675896,2022-04-06
sse50,0.49122152095165805,0.1,0.02081402136762456,1.2454800391387657e-09,0.8153369154260496,0.6363670077669866,cvar,optimal,0.003527497320900153,1.2454800391387657e-09,2022-05-09
csi300,0.602352693447999,0.1,0.04258757942227405,6.403213617816716e-10,0.8153369154260496,0.5084525830839904,cvar,optimal,0.003527497320900153,6.403213617816716e-10,2022-05-09
csi500,0.6191397284260447,0.1,0.06261189604877651,2.973181739482776e-10,0.8153369154260496,0.7003411379224277,cvar,optimal,0.003527497320900153,2.973181739482776e-10,2022-05-09
csi1000,0.9338753973559237,0.1,0.11834922842044178,2.2153958888035782e-10,0.8153369154260496,0.8,cvar,optimal,0.003527497320900153,2.2153958888035782e-10,2022-05-09
bond_gov,0.4237548390885085,0.1,-0.0004892185130556885,0.2999999996783213,0.8153369154260496,0.4539433267888502,cvar,optimal,0.003527497320900153,0.2999999996783213,2022-05-09
bond_corp,0.4907892072508893,0.1,-0.00026637393895789606,0.2999999996842298,0.8153369154260496,0.5293858726220823,cvar,optimal,0.003527497320900153,0.2999999996842298,2022-05-09
csi_cb,0.5071934946942985,0.1,0.020147291175949433,0.15662046507771868,0.8153369154260496,0.49882297064425346,cvar,optimal,0.003527497320900153,0.15662046507771868,2022-05-09
crude_sc,0.20359785435949052,0.1,-0.1361847868183515,0.007866903250871787,0.8153369154260496,0.6644383000029848,cvar,optimal,0.003527497320900153,0.007866903250871787,2022-05-09
gold_au,0.581288157225359,0.1,-0.00522468047105552,0.1145495740700113,0.8153369154260496,0.5506150663903882,cvar,optimal,0.003527497320900153,0.1145495740700113,2022-05-09
spx,0.6467871071998286,0.1,0.03096328306994373,0.12096305583418801,0.8153369154260496,0.5166076954370266,cvar,optimal,0.003527497320900153,0.12096305583418801,2022-05-09
sse50,0.5636496709131805,0.1,0.028364819028197274,3.6572508717509795e-09,0.1670496592714367,0.6645560645256859,cvar,optimal,0.003777151420854202,3.6572508717509795e-09,2022-06-07
csi300,0.6507211060334276,0.1,0.04396554164230526,2.4142812053740428e-09,0.1670496592714367,0.5112917474115695,cvar,optimal,0.003777151420854202,2.4142812053740428e-09,2022-06-07
csi500,0.590596493164709,0.1,0.04661553655201754,1.2359753624483927e-09,0.1670496592714367,0.6369116479218284,cvar,optimal,0.003777151420854202,1.2359753624483927e-09,2022-06-07
csi1000,0.7320533064259841,0.1,0.07449294296201511,9.887364389131962e-10,0.1670496592714367,0.6844099745860011,cvar,optimal,0.003777151420854202,9.887364389131962e-10,2022-06-07
bond_gov,0.45689284731962937,0.1,-0.00046219397792904163,0.2999999983003342,0.1670496592714367,0.4251043043677812,cvar,optimal,0.003777151420854202,0.2999999983003342,2022-06-07
bond_corp,0.527687670644776,0.1,-0.00019948330712922028,0.29999999832421215,0.1670496592714367,0.5507479287480354,cvar,optimal,0.003777151420854202,0.29999999832421215,2022-06-07
csi_cb,0.5025417757387876,0.1,0.015180196252412232,0.14982458871293744,0.1670496592714367,0.4751950021838119,cvar,optimal,0.003777151420854202,0.14982458871293744,2022-06-07
crude_sc,0.16824317640644892,0.1,-0.2052217995697448,0.0033311127098557005,0.1670496592714367,0.7826102340068835,cvar,optimal,0.003777151420854202,0.0033311127098557005,2022-06-07
gold_au,0.6257211060334276,0.1,-0.004315084705632197,0.13335001144324013,0.1670496592714367,0.5285518551493587,cvar,optimal,0.003777151420854202,0.13335001144324013,2022-06-07
spx,0.6818928473196295,0.1,0.044305991006804865,0.11349428221317649,0.1670496592714367,0.530646845237307,cvar,optimal,0.003777151420854202,0.11349428221317649,2022-06-07
sse50,0.5425840392692307,0.1,0.021637675024566094,3.755037085756337e-09,0.11721207422556994,0.5384859382431469,cvar,optimal,0.003729345544849797,3.755037085756336e-09,2022-07-05
csi300,0.6528150041833161,0.1,0.038416217805584574,2.1155929692252245e-09,0.11721207422556994,0.5526769598304048,cvar,optimal,0.003729345544849797,2.115592969225224e-09,2022-07-05
csi500,0.5738576216600897,0.1,0.03452364289881896,1.0554230291110386e-09,0.11721207422556994,0.6321934124872769,cvar,optimal,0.003729345544849797,1.0554230291110384e-09,2022-07-05
csi1000,0.656986593517489,0.1,0.05435236044581314,8.316981574626878e-10,0.11721207422556994,0.6407802356594533,cvar,optimal,0.003729345544849797,8.316981574626876e-10,2022-07-05
bond_gov,0.47157286498026907,0.1,-0.00030967539051810665,0.29999999846693587,0.11721207422556994,0.4167560418706702,cvar,optimal,0.003729345544849797,0.2999999984669358,2022-07-05
bond_corp,0.5772343165347131,0.1,-3.649782969541033e-05,0.29999999848709935,0.11721207422556994,0.60170119065329,cvar,optimal,0.003729345544849797,0.2999999984870993,2022-07-05
csi_cb,0.5295190732145336,0.1,0.013362453889493923,0.1680409136968577,0.11721207422556994,0.5531381099667602,cvar,optimal,0.003729345544849797,0.16804091369685767,2022-07-05
crude_sc,0.13809640924250896,0.1,-0.23137896655944173,0.00032233725521688724,0.11721207422556994,0.8,cvar,optimal,0.003729345544849797,0.0003223372552168872,2022-07-05
gold_au,0.6607612124175807,0.1,-0.0005910119100452291,0.13806786705387078,0.11721207422556994,0.5084118941831269,cvar,optimal,0.003729345544849797,0.13806786705387075,2022-07-05
spx,0.696572864980269,0.1,0.04969825176930927,0.09356887728226836,0.11721207422556994,0.5439439154133552,cvar,optimal,0.003729345544849797,0.09356887728226834,2022-07-05
sse50,0.6552245692655412,0.1,0.05903318516545742,4.281158021024955e-09,0.3946610342794074,0.4915686883998949,cvar,optimal,0.0037837516687919963,4.281158021024955e-09,2022-08-02
csi300,0.7426687417114748,0.1,0.06497027783435341,2.719450561644448e-09,0.3946610342794074,0.6601938205812636,cvar,optimal,0.0037837516687919963,2.719450561644448e-09,2022-08-02
csi500,0.6488908279344416,0.1,0.0431704573403599,1.5255081996421944e-09,0.3946610342794074,0.45281523256680406,cvar,optimal,0.0037837516687919963,1.5255081996421944e-09,2022-08-02
csi1000,0.4525880681529695,0.1,0.013384150788276851,1.1084289601023586e-09,0.3946610342794074,0.7201759482777671,cvar,optimal,0.0037837516687919963,1.1084289601023586e-09,2022-08-02
bond_gov,0.35184862010926393,0.1,-0.0016654322777552592,0.29999999784720466,0.3946610342794074,0.6750680157031302,cvar,optimal,0.0037837516687919963,0.29999999784720466,2022-08-02
bond_corp,0.5049735284969235,0.1,-0.00037797019312217487,0.2999999979274274,0.3946610342794074,0.44471448286289705,cvar,optimal,0.0037837516687919963,0.2999999979274274,2022-08-02
csi_cb,0.4385533445114919,0.1,-0.001944798461346011,0.15357882864938305,0.3946610342794074,0.666912932806055,cvar,optimal,0.0037837516687919963,0.15357882864938305,2022-08-02
crude_sc,0.5789127893909671,0.1,0.0876610425820273,0.00032393648801848227,0.3946610342794074,0.6291890327486509,cvar,optimal,0.0037837516687919963,0.00032393648801848227,2022-08-02
gold_au,0.5494908903176622,0.1,0.0073152057475618214,0.1360597303535776,0.3946610342794074,0.38488106314457515,cvar,optimal,0.0037837516687919963,0.1360597303535776,2022-08-02
spx,0.576848620109264,0.1,0.015366516856238629,0.11003749909984317,0.3946610342794074,0.4080136513487582,cvar,optimal,0.0037837516687919963,0.11003749909984317,2022-08-02
sse50,0.47314454275966217,0.1,0.013899795498192806,2.5879716244651905e-10,0.29189121178026195,0.6360761625859358,cvar,optimal,0.003658146459272393,2.5879716244651905e-10,2022-08-30
csi300,0.6513811062554544,0.1,0.014153617183770437,1.3834711644822768e-10,0.29189121178026195,0.6834471879128217,cvar,optimal,0.003658146459272393,1.3834711644822768e-10,2022-08-30
csi500,0.5373186520616248,0.1,-1.673316819530285e-05,6.048412821226464e-11,0.29189121178026195,0.6270120750847613,cvar,optimal,0.003658146459272393,6.048412821226464e-11,2022-08-30
csi1000,0.31336533487737644,0.1,-0.019643932513398077,4.63245134513956e-11,0.29189121178026195,0.5042623495717429,cvar,optimal,0.003658146459272393,4.63245134513956e-11,2022-08-30
bond_gov,0.27234260546614997,0.1,-0.0014191066222223325,0.29999999990111903,0.29189121178026195,0.7021346498163222,cvar,optimal,0.003658146459272393,0.29999999990111903,2022-08-30
bond_corp,0.3769464099412206,0.1,-0.00048448127591265957,0.2999999999036223,0.29189121178026195,0.5266007037778632,cvar,optimal,0.003658146459272393,0.2999999999036223,2022-08-30
csi_cb,0.5095564395507157,0.1,-0.005476067156382398,0.16480349117451867,0.29189121178026195,0.3526434230146077,cvar,optimal,0.003658146459272393,0.16480349117451867,2022-08-30
crude_sc,0.8708138106216886,0.1,0.23307631058757042,4.890188040854822e-10,0.29189121178026195,0.8,cvar,optimal,0.003658146459272393,4.890188040854822e-10,2022-08-30
gold_au,0.7596958252112007,0.1,0.03756312627901558,0.14418782202119743,0.29189121178026195,0.7066388549175573,cvar,optimal,0.003658146459272393,0.14418782202119743,2022-08-30
spx,0.7354352732549064,0.1,0.05032612329848948,0.09100868600657093,0.29189121178026195,0.7602090841227042,cvar,optimal,0.003658146459272393,0.09100868600657093,2022-08-30
sse50,0.27319349685070055,0.1,-0.02455647602454606,4.2097716685642404e-10,0.5546036984975428,0.6218762216675587,cvar,optimal,0.0036998807816244,4.209771668564241e-10,2022-09-28
csi300,0.5009817757785445,0.1,-0.01915466139055185,1.4654314490292125e-10,0.5546036984975428,0.4072731949564756,cvar,optimal,0.0036998807816244,1.4654314490292127e-10,2022-09-28
csi500,0.4281293709042331,0.1,-0.022035810543533735,6.108411694364658e-11,0.5546036984975428,0.6591815648033778,cvar,optimal,0.0036998807816244,6.108411694364659e-11,2022-09-28
csi1000,0.31021284008345434,0.1,-0.03368076053313359,4.547093451410427e-11,0.5546036984975428,0.5262340925588225,cvar,optimal,0.0036998807816244,4.5470934514104275e-11,2022-09-28
bond_gov,0.42486725595716035,0.1,-0.00024075281936375304,0.2999999999245608,0.5546036984975428,0.3846567653629233,cvar,optimal,0.0036998807816244,0.29999999992456083,2022-09-28
bond_corp,0.5256990919071921,0.1,4.672752724440126e-05,0.29999999992603044,0.5546036984975428,0.49248805246736505,cvar,optimal,0.0036998807816244,0.2999999999260305,2022-09-28
csi_cb,0.6513225799236743,0.1,-0.0016656674597130307,0.16888644816335033,0.5546036984975428,0.3560844676172107,cvar,optimal,0.0036998807816244,0.16888644816335036,2022-09-28
crude_sc,0.9827173322333591,0.1,0.2162336127734595,4.566585792410886e-10,0.5546036984975428,0.8,cvar,optimal,0.0036998807816244,4.5665857924108866e-10,2022-09-28
gold_au,0.756210420909826,0.1,0.026500735883494858,0.1394472683565569,0.5546036984975428,0.6472592320358515,cvar,optimal,0.0036998807816244,0.13944726835655694,2022-09-28
spx,0.6466658354518557,0.1,0.01421145139403275,0.09166628249876764,0.5546036984975428,0.5542858604641371,cvar,optimal,0.0036998807816244,0.09166628249876765,2022-09-28
sse50,0.6171838101601282,0.1,0.04394205711362002,1.7394789129835172e-08,0.022311217362998806,0.4434510604434324,cvar,optimal,0.0036028862166655046,1.7394789129835172e-08,2022-11-02
csi300,0.7763520062690863,0.1,0.045724768291718475,3.321235294672318e-09,0.022311217362998806,0.5425817839491917,cvar,optimal,0.0036028862166655046,3.321235294672318e-09,2022-11-02
csi500,0.5427536636485252,0.1,0.02833938863922031,1.1410773193629607e-09,0.022311217362998806,0.4924252314713551,cvar,optimal,0.0036028862166655046,1.1410773193629607e-09,2022-11-02
csi1000,0.6392252440738021,0.1,0.03196202401480511,9.67719482322905e-10,0.022311217362998806,0.6504900657190793,cvar,optimal,0.0036028862166655046,9.67719482322905e-10,2022-11-02
bond_gov,0.19785758890328775,0.1,-0.0023283905656092973,0.29999999825908635,0.022311217362998806,0.8,cvar,optimal,0.0036028862166655046,0.29999999825908635,2022-11-02
bond_corp,0.4025993369278884,0.1,-0.0004842483526487841,0.2999999983047464,0.022311217362998806,0.5717282612989203,cvar,optimal,0.0036028862166655046,0.2999999983047464,2022-11-02
csi_cb,0.44476564897296567,0.1,0.004115574694934159,0.16873914541388307,0.022311217362998806,0.5976561029682788,cvar,optimal,0.0036028862166655046,0.16873914541388307,2022-11-02
crude_sc,0.7688676204633315,0.1,0.1223050395862452,6.8046580892073524e-09,0.022311217362998806,0.580954436699993,cvar,optimal,0.0036028862166655046,6.8046580892073524e-09,2022-11-02
gold_au,0.4752030532241781,0.1,-0.0036800641895187117,0.14146681268766867,0.022311217362998806,0.4032962237454652,cvar,optimal,0.0036028862166655046,0.14146681268766867,2022-11-02
spx,0.6351920273568071,0.1,0.013949243000555016,0.08979401570513619,0.022311217362998806,0.49190649572207923,cvar,optimal,0.0036028862166655046,0.08979401570513619,2022-11-02
sse50,0.37770879223664205,0.1,-0.02819762845575126,3.620701378517238e-09,0.6097811181727246,0.673539292380227,cvar,optimal,0.003601931641682425,3.620701378517238e-09,2022-11-30
csi300,0.5205301235509328,0.1,-0.023798985106040324,1.1876218087415912e-09,0.6097811181727246,0.5804129092991951,cvar,optimal,0.003601931641682425,1.1876218087415912e-09,2022-11-30
csi500,0.4070189881737541,0.1,-0.02541249125014862,4.4589954065916425e-10,0.6097811181727246,0.7166467056797438,cvar,optimal,0.003601931641682425,4.4589954065916425e-10,2022-11-30
csi1000,0.6739696912255169,0.1,-0.015558677768769208,3.697330745333318e-10,0.6097811181727246,0.6089001169910356,cvar,optimal,0.003601931641682425,3.697330745333318e-10,2022-11-30
bond_gov,0.4328476602933618,0.1,-0.0003800336912739723,0.29999999916644715,0.6097811181727246,0.44125496367660777,cvar,optimal,0.003601931641682425,0.29999999916644715,2022-11-30
bond_corp,0.6882791652929667,0.1,0.00046258953012790675,0.2999999991828886,0.6097811181727246,0.5145737329259725,cvar,optimal,0.003601931641682425,0.2999999991828886,2022-11-30
csi_cb,0.2274767582829259,0.1,-0.02092101174907912,0.16845950398548742,0.6097811181727246,0.7652280013649699,cvar,optimal,0.003601931641682425,0.16845950398548742,2022-11-30
crude_sc,0.9174355240096678,0.1,0.1942518271946094,4.817375343785648e-09,0.6097811181727246,0.8,cvar,optimal,0.003601931641682425,4.817375343785648e-09,2022-11-30
gold_au,0.6651428725069853,0.1,0.01767563657123364,0.14266453101763565,0.6097811181727246,0.6282598254999111,cvar,optimal,0.003601931641682425,0.14266453101763565,2022-11-30
spx,0.5895904244272467,0.1,0.006408262259275512,0.08887595620620996,0.6097811181727246,0.5710700028612191,cvar,optimal,0.003601931641682425,0.08887595620620996,2022-11-30
sse50,0.398033429536225,0.1,-0.031174041552518857,1.7069581924803286e-09,0.3561959647331762,0.6819234819752668,cvar,optimal,0.0036427628050421856,1.7069581924803286e-09,2022-12-28
csi300,0.41120318474968803,0.1,-0.037149071618584856,6.294230594291326e-10,0.3561959647331762,0.5486194773150251,cvar,optimal,0.0036427628050421856,6.294230594291326e-10,2022-12-28
csi500,0.2637350588992292,0.1,-0.04624980625284539,2.234367680617947e-10,0.3561959647331762,0.6711151895272451,cvar,optimal,0.0036427628050421856,2.234367680617947e-10,2022-12-28
csi1000,0.44633825137765054,0.1,-0.04698809700287271,1.7962903198230396e-10,0.3561959647331762,0.3976216538627005,cvar,optimal,0.0036427628050421856,1.7962903198230396e-10,2022-12-28
bond_gov,0.5321911397293162,0.1,0.00014837972992382434,0.29999999964652624,0.3561959647331762,0.35581353118493453,cvar,optimal,0.0036427628050421856,0.29999999964652624,2022-12-28
bond_corp,0.7227324900105572,0.1,0.0005962476992878716,0.299999999651823,0.3561959647331762,0.65083462111344,cvar,optimal,0.0036427628050421856,0.299999999651823,2022-12-28
csi_cb,0.3432617759495931,0.1,-0.017207237231368244,0.16873919744896582,0.3561959647331762,0.5453110966744448,cvar,optimal,0.0036427628050421856,0.16873919744896582,2022-12-28
crude_sc,0.9693495127091776,0.1,0.20558670777009008,3.0097425690240117e-09,0.3561959647331762,0.8,cvar,optimal,0.0036427628050421856,3.0097425690240117e-09,2022-12-28
gold_au,0.8170195134699282,0.1,0.031786499779144335,0.1414667168997961,0.3561959647331762,0.7651529604883969,cvar,optimal,0.0036427628050421856,0.1414667168997961,2022-12-28
spx,0.5961356435686349,0.1,0.01324816206921664,0.08979408060369928,0.3561959647331762,0.7269229858539136,cvar,optimal,0.0036427628050421856,0.08979408060369928,2022-12-28
sse50,0.30771960510959695,0.1,-0.04337154429814739,1.2292426216160436e-09,0.34545117314343776,0.659999960100206,cvar,optimal,0.003642762802166368,1.2292426216160434e-09,2023-02-02
csi300,0.32606056445880494,0.1,-0.04362029343566688,5.293407920211358e-10,0.34545117314343776,0.5661272736707119,cvar,optimal,0.003642762802166368,5.293407920211356e-10,2023-02-02
csi500,0.3335055769061696,0.1,-0.04015381278656731,1.944201045483578e-10,0.34545117314343776,0.6593905437552668,cvar,optimal,0.003642762802166368,1.9442010454835775e-10,2023-02-02
csi1000,0.29598618449818115,0.1,-0.04771537806937209,1.5800911093055551e-10,0.34545117314343776,0.4685060604354079,cvar,optimal,0.003642762802166368,1.580091109305555e-10,2023-02-02
bond_gov,0.6114394355411951,0.1,0.0003619495003628847,0.299999999713051,0.34545117314343776,0.3455293013049991,cvar,optimal,0.003642762802166368,0.29999999971305097,2023-02-02
bond_corp,0.7532748930915673,0.1,0.0006151536737374291,0.29999999971712193,0.34545117314343776,0.5865547090210328,cvar,optimal,0.003642762802166368,0.2999999997171219,2023-02-02
csi_cb,0.4553399382822603,0.1,-0.012970246743825641,0.16873919901205514,0.34545117314343776,0.4542045482306214,cvar,optimal,0.003642762802166368,0.1687391990120551,2023-02-02
crude_sc,1.0,0.1,0.18336830477120558,2.643404475117385e-09,0.34545117314343776,0.8,cvar,optimal,0.003642762802166368,2.6434044751173848e-09,2023-02-02
gold_au,0.8365309664286059,0.1,0.02499033685502847,0.1414667229359255,0.34545117314343776,0.7083422380235491,cvar,optimal,0.003642762802166368,0.14146672293592547,2023-02-02
spx,0.5801428356836189,0.1,0.013777666079063274,0.08979407386742935,0.34545117314343776,0.557450327706944,cvar,optimal,0.003642762802166368,0.08979407386742934,2023-02-02
sse50,0.22011097627974527,0.1,-0.06632635457862397,7.745087367876401e-10,0.004269726109857309,0.7209019680061759,cvar,optimal,0.003513591641331135,7.745087367876401e-10,2023-03-02
csi300,0.3740565997078556,0.1,-0.05036842898206119,5.584691476736805e-10,0.004269726109857309,0.5388266270788042,cvar,optimal,0.003513591641331135,5.584691476736805e-10,2023-03-02
csi500,0.3864915103962292,0.1,-0.033423484648675034,3.100377583289834e-10,0.004269726109857309,0.6687560855102495,cvar,optimal,0.003513591641331135,3.100377583289834e-10,2023-03-02
csi1000,0.46462047633256903,0.1,-0.029934851984011544,2.858953778670404e-10,0.004269726109857309,0.4999446707488029,cvar,optimal,0.003513591641331135,2.858953778670404e-10,2023-03-02
bond_gov,0.5718453610536051,0.1,0.00035625863437757844,0.2999999994680427,0.004269726109857309,0.35112798960471403,cvar,optimal,0.003513591641331135,0.2999999994680427,2023-03-02
bond_corp,0.681870022449104,0.1,0.0004596991034232983,0.29999999947756884,0.004269726109857309,0.5659536245498805,cvar,optimal,0.003513591641331135,0.29999999947756884,2023-03-02
csi_cb,0.5449260158135031,0.1,-0.010830207286728444,0.20279374770695005,0.004269726109857309,0.3859962449554034,cvar,optimal,0.003513591641331135,0.20279374770695005,2023-03-02
crude_sc,0.5967058834498855,0.1,0.040382418330536116,7.558385089253972e-09,0.004269726109857309,0.2828268048640009,cvar,optimal,0.003513591641331135,7.558385089253972e-09,2023-03-02
gold_au,0.8304857487552613,0.1,0.026941186737649683,0.1313266908518938,0.004269726109857309,0.6712236320410394,cvar,optimal,0.003513591641331135,0.1313266908518938,2023-03-02
spx,0.8288874057622421,0.1,0.07353483183404826,0.06587955300824866,0.004269726109857309,0.7418480032648573,cvar,optimal,0.003513591641331135,0.06587955300824866,2023-03-02
sse50,0.4811730957999742,0.1,-0.0016599208074747872,1.0174203288317846e-09,0.2380171277464171,0.5831215478086905,cvar,optimal,0.0032445403630309913,1.0174203288317846e-09,2023-03-30
csi300,0.6544708894962975,0.1,0.00027796184498293797,2.6116710852165494e-10,0.2380171277464171,0.6894577248063734,cvar,optimal,0.0032445403630309913,2.6116710852165494e-10,2023-03-30
csi500,0.26118174944371414,0.1,-0.03772065889392248,1.252445064098799e-10,0.2380171277464171,0.7806294283676434,cvar,optimal,0.0032445403630309913,1.252445064098799e-10,2023-03-30
csi1000,0.3524063537652322,0.1,-0.04080456751042481,1.0525531379958807e-10,0.2380171277464171,0.5494672139548475,cvar,optimal,0.0032445403630309913,1.0525531379958807e-10,2023-03-30
bond_gov,0.38466125752777464,0.1,-0.001064695201983985,0.2999999997853794,0.2380171277464171,0.6122822154810105,cvar,optimal,0.0032445403630309913,0.2999999997853794,2023-03-30
bond_corp,0.4870189873193763,0.1,-9.40139836153494e-05,0.29999999977856845,0.2380171277464171,0.5609558781335684,cvar,optimal,0.0032445403630309913,0.29999999977856845,2023-03-30
csi_cb,0.6664479145377837,0.1,-0.0022792942095980623,0.2470220983886789,0.2380171277464171,0.36759406906811554,cvar,optimal,0.0032445403630309913,0.2470220983886789,2023-03-30
crude_sc,0.8342497466633653,0.1,0.13825006602341122,6.854118608299031e-10,0.2380171277464171,0.7817439804732789,cvar,optimal,0.0032445403630309913,6.854118608299031e-10,2023-03-30
gold_au,0.6279577921748224,0.1,0.011986004020964773,0.12542939637671802,0.2380171277464171,0.6351281929230279,cvar,optimal,0.0032445403630309913,0.12542939637671802,2023-03-30
spx,0.7504322132716594,0.1,0.04920172690884029,0.02754850347615616,0.2380171277464171,0.6103686153333356,cvar,optimal,0.0032445403630309913,0.02754850347615616,2023-03-30
sse50,0.5835215973600619,0.1,0.0033515928117407133,2.4832431781553593e-10,0.2332649132896621,0.556999833548656,cvar,optimal,0.0032564110435942617,2.483243178155359e-10,2023-04-28
csi300,0.4972996985059937,0.1,-0.007204645647816255,1.2568505549188014e-10,0.2332649132896621,0.470765280449747,cvar,optimal,0.0032564110435942617,1.256850554918801e-10,2023-04-28
csi500,0.2331608210317039,0.1,-0.030590118011594322,4.947690599087549e-11,0.2332649132896621,0.7878592006438871,cvar,optimal,0.0032564110435942617,4.947690599087548e-11,2023-04-28
csi1000,0.271311879871515,0.1,-0.03616637135414005,3.863451009396276e-11,0.2332649132896621,0.5982405172436256,cvar,optimal,0.0032564110435942617,3.8634510093962754e-11,2023-04-28
bond_gov,0.3864605940085019,0.1,-0.0009393135930031649,0.29999999989479553,0.2332649132896621,0.4991442037484019,cvar,optimal,0.0032564110435942617,0.2999999998947955,2023-04-28
bond_corp,0.4864605940085019,0.1,-0.00018800964102490226,0.2999999998972227,0.2332649132896621,0.6067064881906458,cvar,optimal,0.0032564110435942617,0.29999999989722265,2023-04-28
csi_cb,0.7111738657866874,0.1,-0.001772290162415726,0.24392733405085212,0.2332649132896621,0.38171293126521316,cvar,optimal,0.0032564110435942617,0.24392733405085207,2023-04-28
crude_sc,0.9219998188489682,0.1,0.13708365499497913,9.76527030759796e-11,0.2332649132896621,0.7994604687501643,cvar,optimal,0.0032564110435942617,9.765270307597957e-11,2023-04-28
gold_au,0.5858810947089386,0.1,0.004670545914841328,0.12176724570277549,0.2332649132896621,0.5167980584586366,cvar,optimal,0.0032564110435942617,0.12176724570277546,2023-04-28
spx,0.8227300358691274,0.1,0.04965768986379549,0.034305419894580844,0.2332649132896621,0.7193148379900971,cvar,optimal,0.0032564110435942617,0.03430541989458084,2023-04-28
sse50,0.6772550026010893,0.1,-0.0033379876688283995,8.713671455407595e-09,0.29437153730087,0.5583452792064911,cvar,optimal,0.002971493605082524,8.713671455407597e-09,2023-05-31
csi300,0.41508542673274224,0.1,-0.014503053285993092,4.4327654205038325e-09,0.29437153730087,0.5189579555995213,cvar,optimal,0.002971493605082524,4.432765420503833e-09,2023-05-31
csi500,0.3264627776146999,0.1,-0.025058114658318063,1.7494076643792678e-09,0.29437153730087,0.6694008512906484,cvar,optimal,0.002971493605082524,1.749407664379268e-09,2023-05-31
csi1000,0.24749704684616078,0.1,-0.030498099853619835,1.356578619335476e-09,0.29437153730087,0.4807279236189892,cvar,optimal,0.002971493605082524,1.3565786193354761e-09,2023-05-31
bond_gov,0.4344041527384718,0.1,-0.0006807801274458294,0.299999998265243,0.29437153730087,0.4612216745395794,cvar,optimal,0.002971493605082524,0.29999999826524304,2023-05-31
bond_corp,0.5169858185381088,0.1,-0.00020186730237600048,0.29999999837686964,0.29437153730087,0.57122453850692,cvar,optimal,0.002971493605082524,0.2999999983768697,2023-05-31
csi_cb,0.34179664759201217,0.1,-0.010705450506252545,0.2284629833758419,0.29437153730087,0.6259859350378084,cvar,optimal,0.002971493605082524,0.22846298337584192,2023-05-31
crude_sc,0.9924183342003631,0.1,0.1458535593237551,1.6174678195543116e-09,0.29437153730087,0.8,cvar,optimal,0.002971493605082524,1.6174678195543118e-09,2023-05-31
gold_au,0.6928653692859033,0.1,0.010450018090745507,0.11338778878757728,0.29437153730087,0.6181166619174052,cvar,optimal,0.002971493605082524,0.1133877887875773,2023-05-31
spx,0.8552294238504486,0.1,0.04538883658872475,0.058149213324577155,0.29437153730087,0.7655032424694912,cvar,optimal,0.002971493605082524,0.05814921332457716,2023-05-31
sse50,0.6430850694979555,0.1,0.014498582284591414,1.8013850372262164e-09,0.3576124339893823,0.5815420991394471,cvar,optimal,0.002916301331658833,1.801385037226216e-09,2023-06-30
csi300,0.64973314910537,0.1,0.013134965098065068,7.725645007048977e-10,0.3576124339893823,0.6312418685255227,cvar,optimal,0.002916301331658833,7.725645007048975e-10,2023-06-30
csi500,0.4146270423587243,0.1,-0.0035948170772514033,3.7494758303126514e-10,0.3576124339893823,0.5707251806028824,cvar,optimal,0.002916301331658833,3.7494758303126504e-10,2023-06-30
csi1000,0.43563756098306927,0.1,-0.004237105144470933,2.8791270517984364e-10,0.3576124339893823,0.44023611566280674,cvar,optimal,0.002916301331658833,2.879127051798436e-10,2023-06-30
bond_gov,0.23603783732501446,0.1,-0.0018177559382549684,0.2999999996071044,0.3576124339893823,0.6718099134955515,cvar,optimal,0.002916301331658833,0.29999999960710433,2023-06-30
bond_corp,0.330009480825696,0.1,-0.00048294757392348915,0.2999999994953072,0.3576124339893823,0.4890263369369298,cvar,optimal,0.002916301331658833,0.29999999949530715,2023-06-30
csi_cb,0.43891925365217893,0.1,0.0013818746829231312,0.23684887677492555,0.3576124339893823,0.45551096243619316,cvar,optimal,0.002916301331658833,0.2368488767749255,2023-06-30
crude_sc,0.9980791235396312,0.1,0.16984059451563943,8.83751373161002e-10,0.3576124339893823,0.8,cvar,optimal,0.002916301331658833,8.837513731610018e-10,2023-06-30
gold_au,0.5148938932533544,0.1,-0.01110996156475792,0.1004296530854946,0.3576124339893823,0.40967834698549266,cvar,optimal,0.002916301331658833,0.10042965308549458,2023-06-30
spx,0.8389775894590061,0.1,0.03799867698998511,0.0627214669166072,0.3576124339893823,0.6645751805714384,cvar,optimal,0.002916301331658833,0.06272146691660718,2023-06-30
sse50,0.7803623822616134,0.1,0.03473888652014167,0.014730626144003769,0.13665965784721193,0.5445664405209709,cvar,optimal,0.0027605562919425547,0.014730626144003769,2023-07-28
csi300,0.5578088478652031,0.1,0.02309001482118901,6.857322916062549e-09,0.13665965784721193,0.4495794360813801,cvar,optimal,0.0027605562919425547,6.857322916062549e-09,2023-07-28
csi500,0.5425058150061465,0.1,0.013236501318867111,2.2827637979180497e-09,0.13665965784721193,0.45630495307729185,cvar,optimal,0.0027605562919425547,2.2827637979180497e-09,2023-07-28
csi1000,0.5171725121810069,0.1,0.008961011604145242,1.689302403740943e-09,0.13665965784721193,0.5614996982114446,cvar,optimal,0.0027605562919425547,1.689302403740943e-09,2023-07-28
bond_gov,0.23237786284221806,0.1,-0.002117706073169252,0.29999999850457,0.13665965784721193,0.7771375292601298,cvar,optimal,0.0027605562919425547,0.29999999850457,2023-07-28
bond_corp,0.330164041541899,0.1,-0.0004425770879248156,0.29999999846271946,0.13665965784721193,0.5917884955858979,cvar,optimal,0.0027605562919425547,0.29999999846271946,2023-07-28
csi_cb,0.6034166949719899,0.1,0.009915012546680209,0.21359084441639076,0.13665965784721193,0.29904148299146277,cvar,optimal,0.0027605562919425547,0.21359084441639076,2023-07-28
crude_sc,0.4712145124954451,0.1,-0.0007401247445418119,4.235585188904627e-09,0.13665965784721193,0.5426153453828352,cvar,optimal,0.0027605562919425547,4.235585188904627e-09,2023-07-28
gold_au,0.7346969671409436,0.1,0.02051262265947359,0.13457782205082897,0.13665965784721193,0.6435423036294239,cvar,optimal,0.0027605562919425547,0.13457782205082897,2023-07-28
spx,0.7302803636935342,0.1,0.03369312187836203,0.03710069535651271,0.13665965784721193,0.6423929021607007,cvar,optimal,0.0027605562919425547,0.03710069535651271,2023-07-28
sse50,0.4511162002106606,0.1,-0.012255773363759614,0.01318737469487494,0.18063069841287013,0.5375650537605104,cvar,optimal,0.0027650318935557297,0.01318737469487494,2023-08-25
csi300,0.44383410778046156,0.1,-0.010292999458250192,1.7439888020590462e-09,0.18063069841287013,0.4976402035043048,cvar,optimal,0.0027650318935557297,1.7439888020590462e-09,2023-08-25
csi500,0.5858536212503895,0.1,-0.0031722991613087163,6.370145184482587e-10,0.18063069841287013,0.5055573261252677,cvar,optimal,0.0027650318935557297,6.370145184482587e-10,2023-08-25
csi1000,0.39986061433951503,0.1,-0.004804467141495863,4.4911359889527633e-10,0.18063069841287013,0.24036191508519858,cvar,optimal,0.0027650318935557297,4.4911359889527633e-10,2023-08-25
bond_gov,0.3758507367024763,0.1,-0.0008654112158669989,0.2999999994701522,0.18063069841287013,0.4770973079494144,cvar,optimal,0.0027650318935557297,0.2999999994701522,2023-08-25
bond_corp,0.4430103687316135,0.1,-0.00023706390913823852,0.29999999946421235,0.18063069841287013,0.5407289806849077,cvar,optimal,0.0027650318935557297,0.29999999946421235,2023-08-25
csi_cb,0.4348354018857141,0.1,-0.003976259554839028,0.20368641746550495,0.18063069841287013,0.4811677941221172,cvar,optimal,0.0027650318935557297,0.20368641746550495,2023-08-25
crude_sc,0.7516326889087679,0.1,0.0743623171061076,1.9087281945960205e-09,0.18063069841287013,0.6904799423116048,cvar,optimal,0.0027650318935557297,1.9087281945960205e-09,2023-08-25
gold_au,0.7770782255719078,0.1,0.025381243890994262,0.1477962274276417,0.18063069841287013,0.7940656128197459,cvar,optimal,0.0027650318935557297,0.1477962274276417,2023-08-25
spx,0.8369280346184936,0.1,0.0473468515210405,0.03532997673876872,0.18063069841287013,0.8,cvar,optimal,0.0027650318935557297,0.03532997673876872,2023-08-25
sse50,0.31280760122140816,0.1,-0.02372251549363913,3.402348411489696e-10,0.1039622323144454,0.6726569563561771,cvar,optimal,0.0026829040015267347,3.4023484114896956e-10,2023-09-22
csi300,0.38678864895800863,0.1,-0.014840758334451979,1.7528643179777924e-10,0.1039622323144454,0.5649030877649631,cvar,optimal,0.0026829040015267347,1.7528643179777919e-10,2023-09-22
csi500,0.5999999999999999,0.1,0.0030436357640530737,1.1431351228701878e-10,0.1039622323144454,0.4716187411923852,cvar,optimal,0.0026829040015267347,1.1431351228701875e-10,2023-09-22
csi1000,0.5596819599350246,0.1,0.0073374517923476094,8.915545714436323e-11,0.1039622323144454,0.5350460492278993,cvar,optimal,0.0026829040015267347,8.91554571443632e-11,2023-09-22
bond_gov,0.39201987991929005,0.1,-0.0003897699854174687,0.2999999998668653,0.1039622323144454,0.5481070095273854,cvar,optimal,0.0026829040015267347,0.29999999986686526,2023-09-22
bond_corp,0.463155523487925,0.1,-0.00020976138196859257,0.29999999983292336,0.1039622323144454,0.6130801460282022,cvar,optimal,0.0026829040015267347,0.2999999998329233,2023-09-22
csi_cb,0.5574081546992036,0.1,-0.0019460393554131825,0.21560124455876473,0.1039622323144454,0.32675549474104215,cvar,optimal,0.0026829040015267347,0.21560124455876467,2023-09-22
crude_sc,0.41328086843690026,0.1,-0.025824345505556186,1.1701280357323926e-11,0.1039622323144454,0.45494217311917334,cvar,optimal,0.0026829040015267347,1.1701280357323923e-11,2023-09-22
gold_au,0.886816379510361,0.1,0.028990242281020796,0.18142972505587682,0.1039622323144454,0.7566604940347007,cvar,optimal,0.0026829040015267347,0.1814297250558768,2023-09-22
spx,0.9280409838318788,0.1,0.04287808327244336,0.002969029954878464,0.1039622323144454,0.7823232249720191,cvar,optimal,0.0026829040015267347,0.002969029954878463,2023-09-22
sse50,0.2609810618448984,0.1,-0.032636334143220376,3.9428533755394685e-08,0.12299475521990239,0.774666292024379,cvar,optimal,0.002578799800713956,3.942853375539468e-08,2023-10-30
csi300,0.3658724140461019,0.1,-0.022421762579115205,2.7741967257003594e-08,0.12299475521990239,0.5150363024427749,cvar,optimal,0.002578799800713956,2.7741967257003588e-08,2023-10-30
csi500,0.4813413825993247,0.1,-0.010493774800310607,1.4927916729957406e-08,0.12299475521990239,0.5989086001593292,cvar,optimal,0.002578799800713956,1.4927916729957403e-08,2023-10-30
csi1000,0.5437565398319131,0.1,-0.005627669535812334,1.037613207063228e-08,0.12299475521990239,0.46166934085338,cvar,optimal,0.002578799800713956,1.0376132070632278e-08,2023-10-30
bond_gov,0.47520870125808373,0.1,0.00013558609384591887,0.29999999368482677,0.12299475521990239,0.4422715071376544,cvar,optimal,0.002578799800713956,0.2999999936848267,2023-10-30
bond_corp,0.7674172882606378,0.1,0.0004239482877222552,0.29999999360361235,0.12299475521990239,0.5052980467602094,cvar,optimal,0.002578799800713956,0.2999999936036123,2023-10-30
csi_cb,0.5479927735846076,0.1,-0.006378750069311043,0.21139256272096324,0.12299475521990239,0.3663678642729936,cvar,optimal,0.002578799800713956,0.21139256272096318,2023-10-30
crude_sc,0.28178867714921224,0.1,-0.06099009056355027,1.2158884127756189e-08,0.12299475521990239,0.5879580836715799,cvar,optimal,0.002578799800713956,1.2158884127756185e-08,2023-10-30
gold_au,0.86096710482161,0.1,0.02425680734788024,0.16430424634201554,0.12299475521990239,0.7041144533150165,cvar,optimal,0.002578799800713956,0.16430424634201551,2023-10-30
spx,0.9146740566036105,0.1,0.03798083134475795,0.02430309901514834,0.12299475521990239,0.8,cvar,optimal,0.002578799800713956,0.024303099015148332,2023-10-30
sse50,0.4980556332634484,0.1,0.014157766028155862,8.583489619797363e-08,0.19363964396294592,0.5340321192146482,cvar,optimal,0.0025342297472648045,8.583489619797363e-08,2023-11-27
csi300,0.6419867481700661,0.1,0.025557085955507753,1.1845608320801145e-08,0.19363964396294592,0.6337992930634679,cvar,optimal,0.0025342297472648045,1.1845608320801145e-08,2023-11-27
csi500,0.6681706816582954,0.1,0.0342303433758039,8.281014589197191e-09,0.19363964396294592,0.40622934097979185,cvar,optimal,0.0025342297472648045,8.281014589197191e-09,2023-11-27
csi1000,0.8238448532281708,0.1,0.048835999330224214,5.249473749980518e-09,0.19363964396294592,0.646070597866518,cvar,optimal,0.0025342297472648045,5.249473749980518e-09,2023-11-27
bond_gov,0.2980883240560119,0.1,-0.001208085486878056,0.2999999983693632,0.19363964396294592,0.6783305914047386,cvar,optimal,0.0025342297472648045,0.2999999983693632,2023-11-27
bond_corp,0.46676101885649546,0.1,-9.462727878582885e-05,0.29999999840793296,0.19363964396294592,0.5694416389865135,cvar,optimal,0.0025342297472648045,0.29999999840793296,2023-11-27
csi_cb,0.47071040150939597,0.1,0.006004831068787273,0.21489806905138317,0.19363964396294592,0.5453472385846991,cvar,optimal,0.0025342297472648045,0.21489806905138317,2023-11-27
crude_sc,0.22671452626452623,0.1,-0.07904086804382798,1.5535455526844748e-09,0.19363964396294592,0.6833316248104214,cvar,optimal,0.0025342297472648045,1.5535455526844748e-09,2023-11-27
gold_au,0.6525039533115402,0.1,0.007723213155642708,0.15695112890389645,0.19363964396294592,0.412718781927166,cvar,optimal,0.0025342297472648045,0.15695112890389645,2023-11-27
spx,0.7531638596820497,0.1,0.026663011556209107,0.02815069250288593,0.19363964396294592,0.5991249406471815,cvar,optimal,0.0025342297472648045,0.02815069250288593,2023-11-27
sse50,0.324978931143388,0.1,0.0026001975639605695,3.1859296774398345e-10,0.18280342846134381,0.7222932175786809,cvar,optimal,0.0025479575144567034,3.1859296774398345e-10,2023-12-25
csi300,0.7853580103948661,0.1,0.023589739538620723,3.238543174651164e-10,0.18280342846134381,0.6214325521456904,cvar,optimal,0.0025479575144567034,3.238543174651164e-10,2023-12-25
csi500,0.6415385007893044,0.1,0.023989282054219997,3.504983730748275e-10,0.18280342846134381,0.47217470597076155,cvar,optimal,0.0025479575144567034,3.504983730748275e-10,2023-12-25
csi1000,0.6976350666279625,0.1,0.030589410765626622,3.011906746200234e-10,0.18280342846134381,0.3925863324004292,cvar,optimal,0.0025479575144567034,3.011906746200234e-10,2023-12-25
bond_gov,0.16572306466897815,0.1,-0.0022010734599348545,0.29999999963315777,0.18280342846134381,0.7649211129676758,cvar,optimal,0.0025479575144567034,0.29999999963315777,2023-12-25
bond_corp,0.39017919628918596,0.1,-0.00045234859593978665,0.29999999958810114,0.18280342846134381,0.628053023330662,cvar,optimal,0.0025479575144567034,0.29999999958810114,2023-12-25
csi_cb,0.584570304826892,0.1,0.007199762562672898,0.21324507552119548,0.18280342846134381,0.3383070719139093,cvar,optimal,0.0025479575144567034,0.21324507552119548,2023-12-25
crude_sc,0.7176055195629442,0.1,0.07714124279181286,0.0051258034788283415,0.18280342846134381,0.7212965150899568,cvar,optimal,0.0025479575144567034,0.0051258034788283415,2023-12-25
gold_au,0.6111331254700836,0.1,0.007400411418649148,0.1467677725842406,0.18280342846134381,0.6324707113003664,cvar,optimal,0.0025479575144567034,0.1467677725842406,2023-12-25
spx,0.5812782802263952,0.1,0.006099604011267953,0.034861347900340414,0.18280342846134381,0.4438960345966342,cvar,optimal,0.0025479575144567034,0.034861347900340414,2023-12-25
sse50,0.5099337105017402,0.1,0.01774361176616275,1.3189575730937308e-10,0.30426258754760227,0.4934521759053362,cvar,optimal,0.0025736945029332615,1.3189575730937308e-10,2024-01-23
csi300,0.7766292803287174,0.1,0.02433780990298067,1.1400630243466502e-10,0.30426258754760227,0.6599281764712777,cvar,optimal,0.0025736945029332615,1.1400630243466502e-10,2024-01-23
csi500,0.4383009986683238,0.1,0.014604838035367813,6.91055115477053e-11,0.30426258754760227,0.6201929875587173,cvar,optimal,0.0025736945029332615,6.91055115477053e-11,2024-01-23
csi1000,0.571884558423061,0.1,0.021361587354386872,5.7051839758856374e-11,0.30426258754760227,0.3942584815013796,cvar,optimal,0.0025736945029332615,5.7051839758856374e-11,2024-01-23
bond_gov,0.15190563351287595,0.1,-0.0024043859008578386,0.2999999998686566,0.30426258754760227,0.7272185047117863,cvar,optimal,0.0025736945029332615,0.2999999998686566,2024-01-23
bond_corp,0.2717786073114671,0.1,-0.0006900701620523514,0.29999999987069753,0.30426258754760227,0.5750820436709255,cvar,optimal,0.0025736945029332615,0.29999999987069753,2024-01-23
csi_cb,0.6624896249623443,0.1,0.0075447152493632414,0.14847438444620015,0.30426258754760227,0.3101693157448392,cvar,optimal,0.0025736945029332615,0.14847438444620015,2024-01-23
crude_sc,0.9058693289334367,0.1,0.14468169570163703,0.014930372164117823,0.30426258754760227,0.8,cvar,optimal,0.0025736945029332615,0.014930372164117823,2024-01-23
gold_au,0.5621624623132493,0.1,0.003693544515172735,0.1488382229133014,0.30426258754760227,0.5298456694394537,cvar,optimal,0.0025736945029332615,0.1488382229133014,2024-01-23
spx,0.6490457950447843,0.1,0.009074461752220316,0.08775702036496712,0.30426258754760227,0.48196621834993003,cvar,optimal,0.0025736945029332615,0.08775702036496712,2024-01-23
sse50,0.37417220686906755,0.1,-0.0018279830634570123,3.303275762748558e-09,0.1693202320734252,0.7038865962809943,cvar,optimal,0.002311975119812458,3.303275762748558e-09,2024-02-28
csi300,0.5420767273376002,0.1,0.011320632600562024,2.311421399501131e-09,0.1693202320734252,0.6003451059249649,cvar,optimal,0.002311975119812458,2.311421399501131e-09,2024-02-28
csi500,0.6529020298269322,0.1,0.06005751355071389,9.818574730673214e-10,0.1693202320734252,0.3855801804262962,cvar,optimal,0.002311975119812458,9.818574730673214e-10,2024-02-28
csi1000,0.8685584501813325,0.1,0.09509766587451099,6.160986146854092e-10,0.1693202320734252,0.7177341853882513,cvar,optimal,0.002311975119812458,6.160986146854092e-10,2024-02-28
bond_gov,0.15778150091200002,0.1,-0.0028270428770237775,0.29999999785213893,0.1693202320734252,0.7358059537825241,cvar,optimal,0.002311975119812458,0.29999999785213893,2024-02-28
bond_corp,0.2459932983583998,0.1,-0.0008941253865007615,0.29999999792098114,0.1693202320734252,0.5878244433453537,cvar,optimal,0.002311975119812458,0.29999999792098114,2024-02-28
csi_cb,0.6423569829288003,0.1,0.013654407337606606,0.13730775320508798,0.1693202320734252,0.33295510429062336,cvar,optimal,0.002311975119812458,0.13730775320508798,2024-02-28
crude_sc,0.7954392739973335,0.1,0.10138157810064037,0.010940129696422598,0.1693202320734252,0.7443732179435493,cvar,optimal,0.002311975119812458,0.010940129696422598,2024-02-28
gold_au,0.5896869444709332,0.1,0.006901902949133272,0.1686975996242086,0.1693202320734252,0.4517756037607248,cvar,optimal,0.002311975119812458,0.1686975996242086,2024-02-28
spx,0.6310325851176004,0.1,0.008953410745893248,0.08305451448850754,0.1693202320734252,0.5696048065778424,cvar,optimal,0.002311975119812458,0.08305451448850754,2024-02-28
sse50,0.42913401971723153,0.1,-0.011924220290066276,4.2434175681533325e-09,0.3595064005456008,0.6053432188607119,cvar,optimal,0.0022460561677084424,4.243417568153333e-09,2024-03-27
csi300,0.3207077013147517,0.1,-0.016076032383473063,2.9249616940970658e-09,0.3595064005456008,0.5575473658575257,cvar,optimal,0.0022460561677084424,2.9249616940970666e-09,2024-03-27
csi500,0.634894482772246,0.1,0.01752835759432482,1.0876763246876493e-09,0.3595064005456008,0.5512407007772719,cvar,optimal,0.0022460561677084424,1.0876763246876495e-09,2024-03-27
csi1000,0.5601342250814777,0.1,0.022063631352704734,6.534859129552047e-10,0.3595064005456008,0.2520121222661157,cvar,optimal,0.0022460561677084424,6.534859129552048e-10,2024-03-27
bond_gov,0.26332352913752854,0.1,-0.0022032342118006756,0.29999999673095384,0.3595064005456008,0.6758763772916809,cvar,optimal,0.0022460561677084424,0.2999999967309539,2024-03-27
bond_corp,0.3383235291375286,0.1,-0.0007361525968476936,0.2999999977609483,0.3595064005456008,0.641906401800934,cvar,optimal,0.0022460561677084424,0.2999999977609484,2024-03-27
csi_cb,0.5296622196177325,0.1,0.00032034138271719304,0.12455403573391136,0.3595064005456008,0.4105991205080285,cvar,optimal,0.0022460561677084424,0.12455403573391138,2024-03-27
crude_sc,0.9113250444134182,0.1,0.14020476130133738,0.010668257669579273,0.3595064005456008,0.8,cvar,optimal,0.0022460561677084424,0.010668257669579274,2024-03-27
gold_au,0.7643820493923738,0.1,0.021040437922456308,0.16819150556337983,0.3595064005456008,0.6610233858374877,cvar,optimal,0.0022460561677084424,0.16819150556337986,2024-03-27
spx,0.7481131994157112,0.1,0.021813749038189684,0.09658619763168579,0.3595064005456008,0.7288278678514281,cvar,optimal,0.0022460561677084424,0.09658619763168581,2024-03-27
sse50,0.463951724255841,0.1,0.003275018334119391,5.068991124275709e-10,0.43499263002135474,0.5507805447609009,cvar,optimal,0.002320803289992288,5.068991124275709e-10,2024-04-26
csi300,0.5057640933919457,0.1,0.00570176913380132,3.005531013122264e-10,0.43499263002135474,0.5461727323078983,cvar,optimal,0.002320803289992288,3.005531013122264e-10,2024-04-26
csi500,0.7370965712328099,0.1,0.04142168033358638,1.1416446447607937e-10,0.43499263002135474,0.5321794975303481,cvar,optimal,0.002320803289992288,1.1416446447607937e-10,2024-04-26
csi1000,0.48765096603804126,0.1,0.03883978237879282,4.891348108573895e-11,0.43499263002135474,0.3384939635369319,cvar,optimal,0.002320803289992288,4.891348108573895e-11,2024-04-26
bond_gov,0.18134540240032543,0.1,-0.0029399855280443123,0.29999999980240905,0.43499263002135474,0.7307418180689154,cvar,optimal,0.002320803289992288,0.29999999980240905,2024-04-26
bond_corp,0.2731518417988123,0.1,-0.0005666443342886617,0.29999999983320796,0.43499263002135474,0.5517094448202933,cvar,optimal,0.002320803289992288,0.29999999983320796,2024-04-26
csi_cb,0.5557352794042141,0.1,0.006909850280301788,0.13230780750960905,0.43499263002135474,0.39886885661257543,cvar,optimal,0.002320803289992288,0.13230780750960905,2024-04-26
crude_sc,0.9692905697147086,0.1,0.13077363113739354,0.009606134789380598,0.43499263002135474,0.8,cvar,optimal,0.002320803289992288,0.009606134789380598,2024-04-26
gold_au,0.7770648121207615,0.1,0.02683437145470789,0.13904500136094552,0.43499263002135474,0.7090069460988291,cvar,optimal,0.002320803289992288,0.13904500136094552,2024-04-26
spx,0.5489487396425402,0.1,0.0030111110553893428,0.11904105573391753,0.43499263002135474,0.5450312574944867,cvar,optimal,0.002320803289992288,0.11904105573391753,2024-04-26
sse50,0.49328174309855477,0.1,0.014595172672709402,0.022240389088201005,0.16357748177278617,0.5692068072094066,cvar,optimal,0.0024520041126748614,0.022240389088201005,2024-05-29
csi300,0.5820001557254605,0.1,0.023808517402180217,2.7925390148883705e-10,0.16357748177278617,0.5467601294254174,cvar,optimal,0.0024520041126748614,2.7925390148883705e-10,2024-05-29
csi500,0.8068603133257941,0.1,0.07392505276509881,5.3142874010398185e-11,0.16357748177278617,0.475568849512829,cvar,optimal,0.0024520041126748614,5.3142874010398185e-11,2024-05-29
csi1000,0.725531446033033,0.1,0.08677541128042614,2.7508852126350197e-11,0.16357748177278617,0.5772183764784501,cvar,optimal,0.0024520041126748614,2.7508852126350197e-11,2024-05-29
bond_gov,0.14254078228918493,0.1,-0.0037004822817658157,0.2999999999039937,0.16357748177278617,0.7411432475485265,cvar,optimal,0.0024520041126748614,0.2999999999039937,2024-05-29
bond_corp,0.2929730959899537,0.1,-0.000575464476498433,0.299999999901762,0.16357748177278617,0.5321964663057202,cvar,optimal,0.0024520041126748614,0.299999999901762,2024-05-29
csi_cb,0.5496623905821305,0.1,0.012092016186274273,0.13492658827068127,0.16357748177278617,0.34290282826508534,cvar,optimal,0.0024520041126748614,0.13492658827068127,2024-05-29
crude_sc,0.8757654950692731,0.1,0.10256697904488933,0.013100189807116162,0.16357748177278617,0.8,cvar,optimal,0.0024520041126748614,0.013100189807116162,2024-05-29
gold_au,0.48396960399249733,0.1,-0.0012335183499332268,0.1293400709113814,0.16357748177278617,0.5780923292220507,cvar,optimal,0.0024520041126748614,0.1293400709113814,2024-05-29
spx,0.5474149738941178,0.1,0.0014224146174809933,0.10039276175695891,0.16357748177278617,0.35612599332976363,cvar,optimal,0.0024520041126748614,0.10039276175695891,2024-05-29
sse50,0.549601800001675,0.1,0.02151173661039441,0.015263144112413772,0.04479185689162953,0.5140170740602499,cvar,optimal,0.0026320950068773187,0.015263144112413769,2024-06-27
csi300,0.6125,0.1,0.03375952755701179,1.153285964095559e-08,0.04479185689162953,0.5828917717290275,cvar,optimal,0.0026320950068773187,1.1532859640955586e-08,2024-06-27
csi500,0.832583588471629,0.1,0.09437669746762746,1.3549588774764087e-09,0.04479185689162953,0.43231199635391393,cvar,optimal,0.0026320950068773187,1.3549588774764085e-09,2024-06-27
csi1000,0.8522583544233251,0.1,0.1238127201616983,6.201036891914153e-10,0.04479185689162953,0.6988109790145939,cvar,optimal,0.0026320950068773187,6.201036891914152e-10,2024-06-27
bond_gov,0.10912158820322446,0.1,-0.0038374489006435674,0.29999999848037584,0.04479185689162953,0.7761642653707307,cvar,optimal,0.0026320950068773187,0.2999999984803758,2024-06-27
bond_corp,0.29508358847162897,0.1,-0.0005103375633931891,0.29999999849637426,0.04479185689162953,0.5290128074128524,cvar,optimal,0.0026320950068773187,0.2999999984963742,2024-06-27
csi_cb,0.6194133410211475,0.1,0.01970582394928165,0.14434806204896874,0.04479185689162953,0.36836921441288906,cvar,optimal,0.0026320950068773187,0.14434806204896872,2024-06-27
crude_sc,0.7038723994598409,0.1,0.04450394364500611,0.018356862842094104,0.04479185689162953,0.5307566790122149,cvar,optimal,0.0026320950068773187,0.0183568628420941,2024-06-27
gold_au,0.4171549865978223,0.1,-0.006488239168501268,0.1117644229420593,0.04479185689162953,0.5200882554479118,cvar,optimal,0.0026320950068773187,0.11176442294205927,2024-06-27
spx,0.508410353349707,0.1,0.0011186186366086356,0.11026749756979186,0.04479185689162953,0.46074106035764134,cvar,optimal,0.0026320950068773187,0.11026749756979183,2024-06-27
sse50,0.4528340011406118,0.1,-0.0072457825927755085,0.014018721720740255,0.3723460585468121,0.49720183131210605,cvar,optimal,0.002812487465720763,0.014018721720740255,2024-07-25
csi300,0.5218979273557722,0.1,-0.0019188382277600426,1.3246784701347895e-09,0.3723460585468121,0.5785116300915149,cvar,optimal,0.002812487465720763,1.3246784701347895e-09,2024-07-25
csi500,0.4421455011888242,0.1,-0.0059344039593323406,2.408638235483482e-10,0.3723460585468121,0.5299397834135237,cvar,optimal,0.002812487465720763,2.408638235483482e-10,2024-07-25
csi1000,0.49183943577061673,0.1,0.013794924274763795,1.491875012569749e-10,0.3723460585468121,0.3678920787481428,cvar,optimal,0.002812487465720763,1.491875012569749e-10,2024-07-25
bond_gov,0.3329082143196732,0.1,-0.0025503483508033083,0.29999999967148683,0.3723460585468121,0.6346346102400743,cvar,optimal,0.002812487465720763,0.29999999967148683,2024-07-25
bond_corp,0.6459351864597789,0.1,0.0003271782248206281,0.2999999996866105,0.3723460585468121,0.5333665401499342,cvar,optimal,0.002812487465720763,0.2999999996866105,2024-07-25
csi_cb,0.6902802856321144,0.1,0.009761755491167725,0.1589395435704256,0.3723460585468121,0.4395615410726471,cvar,optimal,0.002812487465720763,0.1589395435704256,2024-07-25
crude_sc,0.6103318452043005,0.1,0.02278250592439915,0.024002798764647688,0.3723460585468121,0.6206938583522902,cvar,optimal,0.002812487465720763,0.024002798764647688,2024-07-25
gold_au,0.5272153195774173,0.1,-0.004014192396008474,0.09665838995476508,0.3723460585468121,0.4585155046238223,cvar,optimal,0.002812487465720763,0.09665838995476508,2024-07-25
spx,0.7846122833508908,0.1,0.047367222743220874,0.10638054491659424,0.3723460585468121,0.7730344767142461,cvar,optimal,0.002812487465720763,0.10638054491659424,2024-07-25
sse50,0.34261328060677043,0.1,-0.0039108987369702985,0.019885972571098635,0.39836571097026396,0.6054515645532326,cvar,optimal,0.0031827047800422155,0.019885972571098635,2024-08-22
csi300,0.7342702736352816,0.1,0.01959992292955272,2.6235034790485965e-10,0.39836571097026396,0.6366488834538278,cvar,optimal,0.0031827047800422155,2.6235034790485965e-10,2024-08-22
csi500,0.523968090794482,0.1,0.028411256680249963,5.844380269799125e-11,0.39836571097026396,0.5298158593233497,cvar,optimal,0.0031827047800422155,5.844380269799125e-11,2024-08-22
csi1000,0.6079873236611457,0.1,0.046451844740169376,2.8794774859228205e-11,0.39836571097026396,0.5791510571941285,cvar,optimal,0.0031827047800422155,2.8794774859228205e-11,2024-08-22
bond_gov,0.3431009549831342,0.1,-0.0021928547136467872,0.29999999992969856,0.39836571097026396,0.6516344325081566,cvar,optimal,0.0031827047800422155,0.29999999992969856,2024-08-22
bond_corp,0.488134454631313,0.1,-0.00010455394842827343,0.2999999999299921,0.39836571097026396,0.494574857490436,cvar,optimal,0.0031827047800422155,0.2999999999299921,2024-08-22
csi_cb,0.7179268106251949,0.1,0.015945479944703436,0.19345104679465508,0.39836571097026396,0.4156291621724874,cvar,optimal,0.0031827047800422155,0.19345104679465508,2024-08-22
crude_sc,0.41551361972888873,0.1,0.002768724743844854,0.0010807512112034194,0.39836571097026396,0.33204944796729585,cvar,optimal,0.0031827047800422155,0.0010807512112034194,2024-08-22
gold_au,0.45798678177645014,0.1,-0.012445343312562664,0.08038978931956495,0.39836571097026396,0.5412503274258125,cvar,optimal,0.0031827047800422155,0.08038978931956495,2024-08-22
spx,0.8684984095573393,0.1,0.05946954841251971,0.10519243989419824,0.39836571097026396,0.8,cvar,optimal,0.0031827047800422155,0.10519243989419824,2024-08-22
sse50,0.5721031013952229,0.1,0.01680219983293215,0.019787867518724862,0.3288390463651761,0.3827920793675768,cvar,optimal,0.0031826821484751623,0.019787867518724866,2024-09-23
csi300,0.77482182227296,0.1,0.030673990657577546,2.677248562825198e-10,0.3288390463651761,0.6502789196132301,cvar,optimal,0.0031826821484751623,2.6772485628251986e-10,2024-09-23
csi500,0.4886943949873188,0.1,0.03159113846954624,6.844770301614505e-11,0.3288390463651761,0.5390152404648443,cvar,optimal,0.0031826821484751623,6.844770301614506e-11,2024-09-23
csi1000,0.6015820825976687,0.1,0.04479687511516339,3.4543760697936224e-11,0.3288390463651761,0.5175900375771026,cvar,optimal,0.0031826821484751623,3.454376069793623e-11,2024-09-23
bond_gov,0.33857397396752903,0.1,-0.002214191752192986,0.2999999998956067,0.3288390463651761,0.6557087347531365,cvar,optimal,0.0031826821484751623,0.2999999998956068,2024-09-23
bond_corp,0.3993137136428205,0.1,-0.00023358607072473427,0.2999999999004385,0.3288390463651761,0.5320545062984096,cvar,optimal,0.0031826821484751623,0.2999999999004386,2024-09-23
csi_cb,0.6820410412988342,0.1,0.013689018224386139,0.19422908535456684,0.3288390463651761,0.3851175423886862,cvar,optimal,0.0031826821484751623,0.19422908535456687,2024-09-23
crude_sc,0.3292958958701166,0.1,-0.014867241830443877,1.0735838080199833e-08,0.3288390463651761,0.43842940432416816,cvar,optimal,0.0031826821484751623,1.0735838080199835e-08,2024-09-23
gold_au,0.4200178177727039,0.1,-0.013298069113383711,0.0808985828242475,0.3288390463651761,0.4828292257752536,cvar,optimal,0.0031826821484751623,0.08089858282424751,2024-09-23
spx,0.8935561561948251,0.1,0.060834124778537196,0.10508445339986104,0.3288390463651761,0.7586849685436345,cvar,optimal,0.0031826821484751623,0.10508445339986106,2024-09-23
sse50,0.4264739249646307,0.1,0.017232592955014135,6.348960635739312e-05,0.08444327939832488,0.5147813985347006,cvar,optimal,0.0036139310942366032,6.348960635739312e-05,2024-10-28
csi300,0.5589804375178257,0.1,0.038555721018380576,2.753216223935458e-10,0.08444327939832488,0.6519866043133882,cvar,optimal,0.0036139310942366032,2.753216223935458e-10,2024-10-28
csi500,0.7095244361763188,0.1,0.07768347946081497,6.78901138049559e-11,0.08444327939832488,0.44319767491009987,cvar,optimal,0.0036139310942366032,6.78901138049559e-11,2024-10-28
csi1000,0.8148509939705195,0.1,0.10404079740787056,2.7034351202481626e-11,0.08444327939832488,0.6577725235606395,cvar,optimal,0.0036139310942366032,2.7034351202481626e-11,2024-10-28
bond_gov,0.4065020547794604,0.1,-0.0021999489265838775,0.29999999994705,0.08444327939832488,0.610860466840937,cvar,optimal,0.0036139310942366032,0.29999999994705,2024-10-28
bond_corp,0.45117549698525977,0.1,-0.00014239222491295754,0.2999999999460898,0.08444327939832488,0.48193374215426205,cvar,optimal,0.0036139310942366032,0.2999999999460898,2024-10-28
csi_cb,0.46981310435610607,0.1,0.014750231491115255,0.20076870280214087,0.08444327939832488,0.5369957366922776,cvar,optimal,0.0036139310942366032,0.20076870280214087,2024-10-28
crude_sc,0.31967344220579935,0.1,-0.01212340057235891,5.04772580282124e-10,0.08444327939832488,0.37136671555353473,cvar,optimal,0.0036139310942366032,5.04772580282124e-10,2024-10-28
gold_au,0.4994183881986007,0.1,-0.0026260237585445517,0.07383830513353452,0.08444327939832488,0.45154940718707925,cvar,optimal,0.0036139310942366032,0.07383830513353452,2024-10-28
spx,0.8435877208454792,0.1,0.054480787149230714,0.1253295016898089,0.08444327939832488,0.7960982754945983,cvar,optimal,0.0036139310942366032,0.1253295016898089,2024-10-28
sse50,0.4289482883497214,0.1,-0.01155347726614133,0.006366884816954451,0.9934253470422785,0.5402005165305875,cvar,optimal,0.0037421104864868997,0.006366884816954451,2024-11-25
csi300,0.5121875992392503,0.1,0.0011239301258062773,6.415896858441271e-09,0.9934253470422785,0.6335070877311303,cvar,optimal,0.0037421104864868997,6.415896858441271e-09,2024-11-25
csi500,0.5385723287869078,0.1,0.01899523448993022,2.2263958061792067e-09,0.9934253470422785,0.5349815124243394,cvar,optimal,0.0037421104864868997,2.2263958061792067e-09,2024-11-25
csi1000,0.6404605261387188,0.1,0.037239842889809485,1.1628180259794283e-09,0.9934253470422785,0.5558937012633675,cvar,optimal,0.0037421104864868997,1.1628180259794283e-09,2024-11-25
bond_gov,0.4541441455825569,0.1,-0.0012199380036540775,0.29999999721261894,0.9934253470422785,0.618732291621241,cvar,optimal,0.0037421104864868997,0.29999999721261894,2024-11-25
bond_corp,0.5022559482307459,0.1,-0.00017120108997374731,0.29999999718910864,0.9934253470422785,0.4891445195084697,cvar,optimal,0.0037421104864868997,0.29999999718910864,2024-11-25
csi_cb,0.41665051542515713,0.1,-0.0035158513035334696,0.1971514580554117,0.9934253470422785,0.4923252174640475,cvar,optimal,0.0037421104864868997,0.1971514580554117,2024-11-25
crude_sc,0.5074793828633709,0.1,0.010007743025308637,1.2027703466027014e-08,0.9934253470422785,0.47714326471332613,cvar,optimal,0.0037421104864868997,1.2027703466027014e-08,2024-11-25
gold_au,0.5857773264516881,0.1,0.01161874242011015,0.07220578212894614,0.9934253470422785,0.4281157683996101,cvar,optimal,0.0037421104864868997,0.07220578212894614,2024-11-25
spx,0.9135239389318831,0.1,0.07516559604441987,0.12427585876414597,0.9934253470422785,0.7345937791060897,cvar,optimal,0.0037421104864868997,0.12427585876414597,2024-11-25
sse50,0.46836622747729,0.1,-0.01395353592076199,0.008207619221657782,0.3667357663891794,0.556692716748691,cvar,optimal,0.0037532718502219487,0.008207619221657782,2024-12-23
csi300,0.5293037732834603,0.1,0.007143520290340016,9.699906571468828e-09,0.3667357663891794,0.5402187134528925,cvar,optimal,0.0037532718502219487,9.699906571468828e-09,2024-12-23
csi500,0.5310899041429176,0.1,0.01996921770192564,2.778627114233712e-09,0.3667357663891794,0.4829494713410644,cvar,optimal,0.0037532718502219487,2.778627114233712e-09,2024-12-23
csi1000,0.5982495361720547,0.1,0.046505966094742106,1.4934881905545718e-09,0.3667357663891794,0.6459467364604033,cvar,optimal,0.0037532718502219487,1.4934881905545718e-09,2024-12-23
bond_gov,0.4714634053125974,0.1,-0.0022009156893013867,0.29999999642328357,0.3667357663891794,0.5190893103115902,cvar,optimal,0.0037532718502219487,0.29999999642328357,2024-12-23
bond_corp,0.6199845092251862,0.1,0.00033003511750041126,0.29999999620558304,0.3667357663891794,0.5348801605015288,cvar,optimal,0.0037532718502219487,0.29999999620558304,2024-12-23
csi_cb,0.530182606987651,0.1,0.004640404527958733,0.2023009250486623,0.3667357663891794,0.6155845959092496,cvar,optimal,0.0037532718502219487,0.2023009250486623,2024-12-23
crude_sc,0.5904851562778125,0.1,0.05103533958270127,1.0575620933682591e-08,0.3667357663891794,0.6862969651099236,cvar,optimal,0.0037532718502219487,1.0575620933682591e-08,2024-12-23
gold_au,0.6660084976856884,0.1,0.05010997199123182,0.07812046566124946,0.3667357663891794,0.6382366924817822,cvar,optimal,0.0037532718502219487,0.07812046566124946,2024-12-23
spx,0.4948663834353417,0.1,-0.009631571761061105,0.11137097289192105,0.3667357663891794,0.3636596107586593,cvar,optimal,0.0037532718502219487,0.11137097289192105,2024-12-23
sse50,0.5180085526050786,0.1,0.037916648031012176,0.01386851959215423,0.13555337722480917,0.4855938467727151,cvar,optimal,0.003752168723170921,0.01386851959215423,2025-01-21
csi300,0.5869273214484539,0.1,0.05658799731318852,6.681631333305552e-09,0.13555337722480917,0.5740299390519675,cvar,optimal,0.003752168723170921,6.681631333305552e-09,2025-01-21
csi500,0.5430085526050785,0.1,0.06497287191284969,1.8076925648645342e-09,0.13555337722480917,0.4780289303751828,cvar,optimal,0.003752168723170921,1.8076925648645342e-09,2025-01-21
csi1000,0.6142316771506728,0.1,0.07900892313815645,8.62505371051063e-10,0.13555337722480917,0.601513457579246,cvar,optimal,0.003752168723170921,8.62505371051063e-10,2025-01-21
bond_gov,0.2507054225943856,0.1,-0.005672100797824571,0.29999999734029914,0.13555337722480917,0.8,cvar,optimal,0.003752168723170921,0.29999999734029914,2025-01-21
bond_corp,0.6528666592161091,0.1,0.00023916314874157955,0.29999999715684883,0.13555337722480917,0.5623110021944734,cvar,optimal,0.003752168723170921,0.29999999715684883,2025-01-21
csi_cb,0.5732579478116715,0.1,0.021333720649341064,0.20013141803810225,0.13555337722480917,0.5068255037523419,cvar,optimal,0.003752168723170921,0.20013141803810225,2025-01-21
crude_sc,0.6808460902918294,0.1,0.07226991624667924,1.3879867606679957e-08,0.13555337722480917,0.5819034245538469,cvar,optimal,0.003752168723170921,1.3879867606679957e-08,2025-01-21
gold_au,0.7180085526050787,0.1,0.03023130407078598,0.07384562815140323,0.13555337722480917,0.5694675444525552,cvar,optimal,0.003752168723170921,0.07384562815140323,2025-01-21
spx,0.3621392236716419,0.1,-0.024112965067171387,0.11215441648949552,0.13555337722480917,0.467931440090783,cvar,optimal,0.003752168723170921,0.11215441648949552,2025-01-21
sse50,0.46284461014613354,0.1,-0.041014165140551895,0.023007485555414736,0.8713581236685305,0.7143550435840142,cvar,optimal,0.003660188031512256,0.023007485555414733,2025-02-26
csi300,0.5000450653104003,0.1,-0.037118782547581414,6.666235221499342e-10,0.8713581236685305,0.6521338910231668,cvar,optimal,0.003660188031512256,6.666235221499341e-10,2025-02-26
csi500,0.5776249731474667,0.1,-0.02678740427426496,2.3450840287371107e-10,0.8713581236685305,0.3966855901870051,cvar,optimal,0.003660188031512256,2.34508402873711e-10,2025-02-26
csi1000,0.45322077490933377,0.1,-0.05272302304875995,1.2631683526337823e-10,0.8713581236685305,0.5956490344218659,cvar,optimal,0.003660188031512256,1.263168352633782e-10,2025-02-26
bond_gov,0.5939256374815987,0.1,0.001921053736278171,0.299999999665888,0.8713581236685305,0.3283865482692594,cvar,optimal,0.003660188031512256,0.2999999996658879,2025-02-26
bond_corp,0.4838829738149336,0.1,-0.000271504141342558,0.2999999996449065,0.8713581236685305,0.5510946799098757,cvar,optimal,0.003660188031512256,0.2999999996449064,2025-02-26
csi_cb,0.5166194094165334,0.1,-0.014044561251861008,0.2054238142287285,0.8713581236685305,0.571055066085032,cvar,optimal,0.003660188031512256,0.20542381422872844,2025-02-26
crude_sc,0.5981576656752002,0.1,0.030192112752695375,1.0692185288609812e-09,0.8713581236685305,0.4671919337986338,cvar,optimal,0.003660188031512256,1.069218528860981e-09,2025-02-26
gold_au,0.5730642471448003,0.1,0.013003822005063354,0.06275452174547033,0.8713581236685305,0.5602957535625669,cvar,optimal,0.003660188031512256,0.06275452174547032,2025-02-26
spx,0.7406146429535994,0.1,0.06203496694983809,0.10881417706292482,0.8713581236685305,0.7437052488467253,cvar,optimal,0.003660188031512256,0.10881417706292479,2025-02-26
sse50,0.5120300177653674,0.1,0.03469851062798046,0.01957448907417992,0.35785931590725534,0.49343685853995306,cvar,optimal,0.0036715957912382383,0.019574489074179916,2025-03-26
csi300,0.5406871836022081,0.1,0.05329756657475302,1.6138508101011558e-09,0.35785931590725534,0.48224757955020137,cvar,optimal,0.0036715957912382383,1.6138508101011554e-09,2025-03-26
csi500,0.6360831816503439,0.1,0.08529387878515345,5.577068835262299e-10,0.35785931590725534,0.6878839121112341,cvar,optimal,0.0036715957912382383,5.577068835262298e-10,2025-03-26
csi1000,0.5738250444134184,0.1,0.07887413074116045,3.0565407135382217e-10,0.35785931590725534,0.6111224104028474,cvar,optimal,0.0036715957912382383,3.056540713538221e-10,2025-03-26
bond_gov,0.5423787162516177,0.1,-0.0006250052468906654,0.2999999994950482,0.35785931590725534,0.4198801133608537,cvar,optimal,0.0036715957912382383,0.29999999949504813,2025-03-26
bond_corp,0.548413279844654,0.1,6.0207724274444714e-05,0.29999999949142253,0.35785931590725534,0.46462478216308845,cvar,optimal,0.0036715957912382383,0.2999999994914225,2025-03-26
csi_cb,0.5788339392882889,0.1,0.020439943442095734,0.22414181163661842,0.35785931590725534,0.5809114902038273,cvar,optimal,0.0036715957912382383,0.22414181163661837,2025-03-26
crude_sc,0.6910989481709725,0.1,0.1057570143852265,2.6326418229811428e-09,0.35785931590725534,0.642223137803542,cvar,optimal,0.0036715957912382383,2.6326418229811423e-09,2025-03-26
gold_au,0.394525874082412,0.1,-0.037609908612974946,0.06155891966156117,0.35785931590725534,0.5408440147736226,cvar,optimal,0.0036715957912382383,0.06155891966156116,2025-03-26
spx,0.4821238149307175,0.1,-0.01706798946590464,0.09472477553131636,0.35785931590725534,0.3870364935903612,cvar,optimal,0.0036715957912382383,0.09472477553131634,2025-03-26
sse50,0.3289096194972455,0.1,-0.03666927833164457,0.00940922428233116,0.02870972824302305,0.8,cvar,optimal,0.004853202736146029,0.00940922428233116,2025-04-24
csi300,0.43698168520302855,0.1,-0.016562457664030708,9.636613491042184e-11,0.02870972824302305,0.4912953919705369,cvar,optimal,0.004853202736146029,9.636613491042184e-11,2025-04-24
csi500,0.7552734117402833,0.1,0.024152853023000756,3.0402989778196825e-11,0.02870972824302305,0.4970825223737889,cvar,optimal,0.004853202736146029,3.0402989778196825e-11,2025-04-24
csi1000,0.7639861612482218,0.1,0.0417450834126814,1.5123769316949364e-11,0.02870972824302305,0.6134200181316297,cvar,optimal,0.004853202736146029,1.5123769316949364e-11,2025-04-24
bond_gov,0.5664680276022822,0.1,0.0005562680070812097,0.2999999999720727,0.02870972824302305,0.4849620931710884,cvar,optimal,0.004853202736146029,0.2999999999720727,2025-04-24
bond_corp,0.5879839232256252,0.1,9.210734979626489e-05,0.2999999999707711,0.02870972824302305,0.5244947093527796,cvar,optimal,0.004853202736146029,0.2999999999707711,2025-04-24
csi_cb,0.33514761123040027,0.1,-0.009385911313562395,0.23017124204625614,0.02870972824302305,0.7248017014626803,cvar,optimal,0.004853202736146029,0.23017124204625614,2025-04-24
crude_sc,0.7047550969433121,0.1,0.06747249656520315,2.139764424810259e-10,0.02870972824302305,0.5966240008523924,cvar,optimal,0.004853202736146029,2.139764424810259e-10,2025-04-24
gold_au,0.5635366295939429,0.1,0.011015546734505022,0.08230840750905884,0.02870972824302305,0.5908234348528875,cvar,optimal,0.004853202736146029,0.08230840750905884,2025-04-24
spx,0.45695783371565835,0.1,-0.0097146950903345,0.07811112586364077,0.02870972824302305,0.40779078113894107,cvar,optimal,0.004853202736146029,0.07811112586364077,2025-04-24
sse50,0.2444594864994659,0.1,-0.03523850163056018,1.2680934631297187e-09,0.19036801013241111,0.7653762350308233,cvar,optimal,0.004878394133764341,1.2680934631297187e-09,2025-05-27
csi300,0.3668837270075074,0.1,-0.021341375396606882,2.1978699330697227e-10,0.19036801013241111,0.5970480196784523,cvar,optimal,0.004878394133764341,2.1978699330697227e-10,2025-05-27
csi500,0.7828927554497223,0.1,0.011748789684837294,8.23144531746199e-11,0.19036801013241111,0.3979574878875162,cvar,optimal,0.004878394133764341,8.23144531746199e-11,2025-05-27
csi1000,0.8616349686754913,0.1,0.03282522267546378,4.828049508282987e-11,0.19036801013241111,0.6600613062188192,cvar,optimal,0.004878394133764341,4.828049508282987e-11,2025-05-27
bond_gov,0.575855364083725,0.1,0.0007317923589814908,0.29999999990994086,0.19036801013241111,0.5102840522063,cvar,optimal,0.004878394133764341,0.29999999990994086,2025-05-27
bond_corp,0.6104685149416809,0.1,0.00016054305791664492,0.2999999999050847,0.19036801013241111,0.5425877650329461,cvar,optimal,0.004878394133764341,0.2999999999050847,2025-05-27
csi_cb,0.26242209513346837,0.1,-0.011365430354483497,0.23753004213930123,0.19036801013241111,0.7598439388679304,cvar,optimal,0.004878394133764341,0.23753004213930123,2025-05-27
crude_sc,0.7319498192586821,0.1,0.06538796490399981,2.731032967808158e-10,0.19036801013241111,0.5416026213596332,cvar,optimal,0.004878394133764341,2.731032967808158e-10,2025-05-27
gold_au,0.651477543383896,0.1,0.021353154960281118,0.08145424607494758,0.19036801013241111,0.5824147404488562,cvar,optimal,0.004878394133764341,0.08145424607494758,2025-05-27
spx,0.41195572556636056,0.1,-0.015807569817111546,0.08101571007914694,0.19036801013241111,0.46209420868656936,cvar,optimal,0.004878394133764341,0.08101571007914694,2025-05-27
sse50,0.2144665646113484,0.1,-0.03679989391930051,4.628956057066134e-09,0.2547385229360353,0.7616211919134757,cvar,optimal,0.0047665991447928945,4.628956057066134e-09,2025-06-25
csi300,0.32457143512024705,0.1,-0.02609483065987596,9.914150757493323e-10,0.2547385229360353,0.6517450834153069,cvar,optimal,0.0047665991447928945,9.914150757493323e-10,2025-06-25
csi500,0.7726048705088986,0.1,0.004061795016573444,4.3120522874131783e-10,0.2547385229360353,0.34743956746042787,cvar,optimal,0.0047665991447928945,4.3120522874131783e-10,2025-06-25
csi1000,0.8855334353886516,0.1,0.025571497410178255,2.702230288018847e-10,0.2547385229360353,0.6620664261898231,cvar,optimal,0.0047665991447928945,2.702230288018847e-10,2025-06-25
bond_gov,0.5855334353886517,0.1,0.0008311866332742323,0.2999999995187699,0.2547385229360353,0.5137702006587123,cvar,optimal,0.0047665991447928945,0.2999999995187699,2025-06-25
bond_corp,0.6630850823073492,0.1,0.00024837565862217514,0.29999999949355444,0.2547385229360353,0.5940210333659269,cvar,optimal,0.0047665991447928945,0.29999999949355444,2025-06-25
csi_cb,0.2523951294911013,0.1,-0.012687209319527236,0.23656561420699915,0.2547385229360353,0.7428088771204431,cvar,optimal,0.0047665991447928945,0.23656561420699915,2025-06-25
crude_sc,0.7355334353886516,0.1,0.08470279857250343,1.4532336682362214e-09,0.2547385229360353,0.5265160126716761,cvar,optimal,0.0047665991447928945,1.4532336682362214e-09,2025-06-25
gold_au,0.6518100471837521,0.1,0.021852780356235807,0.08224051390655848,0.2547385229360353,0.6080278995589599,cvar,optimal,0.0047665991447928945,0.08224051390655848,2025-06-25
spx,0.4144665646113484,0.1,-0.015930010573140262,0.08119386509908495,0.2547385229360353,0.45480601269690685,cvar,optimal,0.0047665991447928945,0.08119386509908495,2025-06-25
sse50,0.2866289685270955,0.1,-0.03703116867776497,1.3673287107732407e-09,0.2723599345461268,0.6914637283303314,cvar,optimal,0.004592327594634829,1.3673287107732407e-09,2025-07-23
csi300,0.4053868293240485,0.1,-0.026274295405517633,3.790354827783395e-10,0.2723599345461268,0.639405771445214,cvar,optimal,0.004592327594634829,3.790354827783395e-10,2025-07-23
csi500,0.7153654443284236,0.1,0.002286293848702381,1.9177149740630275e-10,0.2723599345461268,0.4539780261590719,cvar,optimal,0.004592327594634829,1.9177149740630275e-10,2025-07-23
csi1000,0.43448963677886104,0.1,-0.010872518321257303,1.2471759111891414e-10,0.2723599345461268,0.5574690618894489,cvar,optimal,0.004592327594634829,1.2471759111891414e-10,2025-07-23
bond_gov,0.46395171912150757,0.1,-0.00028622940657290776,0.29999999979070874,0.2723599345461268,0.6808300532729439,cvar,optimal,0.004592327594634829,0.29999999979070874,2025-07-23
bond_corp,0.7959574587804643,0.1,0.0006750368863114545,0.2999999997840382,0.2723599345461268,0.8,cvar,optimal,0.004592327594634829,0.2999999997840382,2025-07-23
csi_cb,0.5567311174285612,0.1,-0.00409126959503775,0.24155558589873657,0.2723599345461268,0.35464934629509237,cvar,optimal,0.004592327594634829,0.24155558589873657,2025-07-23
crude_sc,0.6139517191215076,0.1,0.0502862264125178,3.6543023583073657e-10,0.2723599345461268,0.41039511635485953,cvar,optimal,0.004592327594634829,3.6543023583073657e-10,2025-07-23
gold_au,0.5514674407154135,0.1,0.0071362822040821755,0.08052693218807576,0.2723599345461268,0.44218436092255625,cvar,optimal,0.004592327594634829,0.08052693218807576,2025-07-23
spx,0.6760696658741172,0.1,0.04523834245833268,0.0779174799101572,0.2723599345461268,0.6705067621393703,cvar,optimal,0.004592327594634829,0.0779174799101572,2025-07-23
sse50,0.5771131597046959,0.1,-0.0028318880276682022,5.687601184123357e-09,0.06265511713452475,0.339403049937965,cvar,optimal,0.004224182610310039,5.687601184123357e-09,2025-08-20
csi300,0.4452425781389063,0.1,-0.01098151537625839,3.034259759372461e-09,0.06265511713452475,0.6539154372021876,cvar,optimal,0.004224182610310039,3.034259759372461e-09,2025-08-20
csi500,0.5303713495204905,0.1,-0.010189430688588186,2.014577051361016e-09,0.06265511713452475,0.5849220074497986,cvar,optimal,0.004224182610310039,2.014577051361016e-09,2025-08-20
csi1000,0.2812577532544789,0.1,-0.02674178049960492,1.3648581178657047e-09,0.06265511713452475,0.5434063982884179,cvar,optimal,0.004224182610310039,1.3648581178657047e-09,2025-08-20
bond_gov,0.3930526974588658,0.1,-0.00100427013879576,0.2999999976873389,0.06265511713452475,0.5613817313904966,cvar,optimal,0.004224182610310039,0.2999999976873389,2025-08-20
bond_corp,0.8706261674369351,0.1,0.0005489103501880044,0.2999999975556208,0.06265511713452475,0.8,cvar,optimal,0.004224182610310039,0.2999999975556208,2025-08-20
csi_cb,0.4730186559259913,0.1,-0.008292702752530304,0.2317188406423849,0.06265511713452475,0.5916312882810624,cvar,optimal,0.004224182610310039,0.2317188406423849,2025-08-20
crude_sc,0.5430526974588656,0.1,0.011816185724746398,8.001408137935056e-09,0.06265511713452475,0.525790117766168,cvar,optimal,0.004224182610310039,8.001408137935056e-09,2025-08-20
gold_au,0.5375977898319568,0.1,-0.0009460975570479979,0.08089811495248234,0.06265511713452475,0.4587096003687199,cvar,optimal,0.004224182610310039,0.08089811495248234,2025-08-20
spx,0.848667151268814,0.1,0.08744160556427133,0.08738302905946879,0.06265511713452475,0.7914575807768975,cvar,optimal,0.004224182610310039,0.08738302905946879,2025-08-20
sse50,0.49023411550919477,0.1,-0.006283890187868693,2.654388833693017e-10,0.9248248113270693,0.47671433255158024,cvar,optimal,0.004517117759991784,2.654388833693017e-10,2025-09-17
csi300,0.48595141108234635,0.1,-0.009068011863895008,7.849513007563557e-11,0.9248248113270693,0.6349011611048367,cvar,optimal,0.004517117759991784,7.849513007563557e-11,2025-09-17
csi500,0.469287389908733,0.1,-0.009236036654124494,4.352736833886118e-11,0.9248248113270693,0.5207314185220876,cvar,optimal,0.004517117759991784,4.352736833886118e-11,2025-09-17
csi1000,0.41968447803357595,0.1,-0.011633579269698005,3.112659160925142e-11,0.9248248113270693,0.6008020760976878,cvar,optimal,0.004517117759991784,3.112659160925142e-11,2025-09-17
bond_gov,0.43992742262184414,0.1,-0.0012058717673176119,0.29999999996608007,0.9248248113270693,0.6364251560187698,cvar,optimal,0.004517117759991784,0.29999999996608007,2025-09-17
bond_corp,0.6665808295165568,0.1,0.0001655941561040795,0.2999999999645115,0.9248248113270693,0.6241965993586964,cvar,optimal,0.004517117759991784,0.2999999999645115,2025-09-17
csi_cb,0.4325826655065049,0.1,-0.00901057844965034,0.2095413303910202,0.9248248113270693,0.47777122948046785,cvar,optimal,0.004517117759991784,0.2095413303910202,2025-09-17
crude_sc,0.5570870546509812,0.1,0.013610023938425902,8.304823299063365e-11,0.9248248113270693,0.5330834516005251,cvar,optimal,0.004517117759991784,8.304823299063365e-11,2025-09-17
gold_au,0.5914340492616076,0.1,0.00630120853033359,0.0860587820396536,0.9248248113270693,0.4273630905706477,cvar,optimal,0.004517117759991784,0.0860587820396536,2025-09-17
spx,0.9472305839086552,0.1,0.12213781881399496,0.10439988713709858,0.9248248113270693,0.8,cvar,optimal,0.004517117759991784,0.10439988713709858,2025-09-17
sse50,0.47524783474138954,0.1,-0.006960797171615317,1.2076553456613803e-09,0.2882026500306188,0.4416911486088067,cvar,optimal,0.00434495111674244,1.2076553456613803e-09,2025-10-23
csi300,0.5418478295464505,0.1,-0.00973367452362136,3.705315239233191e-10,0.2882026500306188,0.5943230215374983,cvar,optimal,0.00434495111674244,3.705315239233191e-10,2025-10-23
csi500,0.25203328078662635,0.1,-0.030667920938596105,1.6142121327300578e-10,0.2882026500306188,0.6912626964407433,cvar,optimal,0.00434495111674244,1.6142121327300578e-10,2025-10-23
csi1000,0.5105689532691217,0.1,-0.014624669137018972,1.2527304095777474e-10,0.2882026500306188,0.5950543240172464,cvar,optimal,0.00434495111674244,1.2527304095777474e-10,2025-10-23
bond_gov,0.4930931246078185,0.1,0.00013313630802929153,0.29999999980213193,0.2882026500306188,0.5942660592209601,cvar,optimal,0.00434495111674244,0.29999999980213193,2025-10-23
bond_corp,0.8190461034267069,0.1,0.0004539079228947811,0.29999999979348785,0.2882026500306188,0.674474351337008,cvar,optimal,0.00434495111674244,0.29999999979348785,2025-10-23
csi_cb,0.4636537641739571,0.1,-0.010822916582612009,0.27166628357720785,0.2882026500306188,0.5116575851995218,cvar,optimal,0.00434495111674244,0.27166628357720785,2025-10-23
crude_sc,0.6148990592353251,0.1,0.02642353458824772,0.015121095959108198,0.2882026500306188,0.5486058001713077,cvar,optimal,0.00434495111674244,0.015121095959108198,2025-10-23
gold_au,0.40327857584799426,0.1,-0.005767046264131969,0.041671206422316656,0.2882026500306188,0.26935339132646796,cvar,optimal,0.00434495111674244,0.041671206422316656,2025-10-23
spx,0.9263314743646102,0.1,0.050437072105032746,0.07154141258086634,0.2882026500306188,0.7813829766148321,cvar,optimal,0.00434495111674244,0.07154141258086634,2025-10-23
sse50,0.4597571256223695,0.1,-0.009694735614605193,0.0017220431328550927,0.06177870190068273,0.4332636091572957,cvar,optimal,0.0044346454855968935,0.001722043132855093,2025-11-20
csi300,0.5411246211810277,0.1,-0.013571106596493458,2.195094310624302e-10,0.06177870190068273,0.5901896568619167,cvar,optimal,0.0044346454855968935,2.1950943106243023e-10,2025-11-20
csi500,0.22032029438700645,0.1,-0.03786577104531673,8.71789976986591e-11,0.06177870190068273,0.731402067244398,cvar,optimal,0.0044346454855968935,8.717899769865912e-11,2025-11-20
csi1000,0.4021543363574183,0.1,-0.024953812152271958,7.221606165722651e-11,0.06177870190068273,0.5295297887176628,cvar,optimal,0.0044346454855968935,7.221606165722652e-11,2025-11-20
bond_gov,0.5097571256223695,0.1,0.0003571956665784807,0.2999999999117485,0.06177870190068273,0.5838032476582732,cvar,optimal,0.0044346454855968935,0.2999999999117486,2025-11-20
bond_corp,0.8292062875554818,0.1,0.00038765262024574457,0.29999999990845494,0.06177870190068273,0.7643217105835247,cvar,optimal,0.0044346454855968935,0.299999999908455,2025-11-20
csi_cb,0.48109995978552866,0.1,-0.011318064327525747,0.29605696993875896,0.06177870190068273,0.484663876269164,cvar,optimal,0.0044346454855968935,0.296056969938759,2025-11-20
crude_sc,0.87658540478631,0.1,0.11087770017275064,0.015129907684507535,0.06177870190068273,0.8,cvar,optimal,0.0044346454855968935,0.015129907684507537,2025-11-20
gold_au,0.33013907349812327,0.1,-0.013071216005371868,0.038942195179614315,0.06177870190068273,0.3532783565847876,cvar,optimal,0.0044346454855968935,0.03894219517961432,2025-11-20
spx,0.8498557712043653,0.1,0.03235478958688854,0.04814888386515613,0.06177870190068273,0.7619461585143149,cvar,optimal,0.0044346454855968935,0.04814888386515614,2025-11-20
sse50,0.40502935605098983,0.1,-0.012827466213487591,7.205053162748251e-10,0.22108082269698462,0.5432423148030224,cvar,optimal,0.004370320894186813,7.205053162748251e-10,2025-12-18
csi300,0.46596690185716005,0.1,-0.017868528815437754,7.960852463079918e-11,0.22108082269698462,0.5489230361998221,cvar,optimal,0.004370320894186813,7.960852463079918e-11,2025-12-18
csi500,0.2992744172324705,0.1,-0.035561624023058694,3.149676090590705e-11,0.22108082269698462,0.6015953173256712,cvar,optimal,0.004370320894186813,3.149676090590705e-11,2025-12-18
csi1000,0.4466728502526869,0.1,-0.02675831576388269,2.6865402334645515e-11,0.22108082269698462,0.492331940417453,cvar,optimal,0.004370320894186813,2.6865402334645515e-11,2025-12-18
bond_gov,0.4386091720655584,0.1,-0.0007405380191026869,0.2999999999705358,0.22108082269698462,0.654729459534556,cvar,optimal,0.004370320894186813,0.2999999999705358,2025-12-18
bond_corp,0.6205429757798785,0.1,6.698385748323579e-05,0.29999999996899,0.22108082269698462,0.5110795261674025,cvar,optimal,0.004370320894186813,0.29999999996899,2025-12-18
csi_cb,0.3807688040946955,0.1,-0.015214379588534322,0.26068518927103945,0.22108082269698462,0.4791066581317529,cvar,optimal,0.004370320894186813,0.26068518927103945,2025-12-18
crude_sc,0.9165523660654805,0.1,0.08129103651905639,3.14385981557277e-10,0.22108082269698462,0.8,cvar,optimal,0.004370320894186813,3.14385981557277e-10,2025-12-18
gold_au,0.696442145441957,0.1,0.019414544438984414,0.06354184442492476,0.22108082269698462,0.5554975239501465,cvar,optimal,0.004370320894186813,0.06354184442492476,2025-12-18
spx,0.8301410111591226,0.1,0.0359536977025048,0.0757729651916481,0.22108082269698462,0.7620712913785135,cvar,optimal,0.004370320894186813,0.0757729651916481,2025-12-18
sse50,0.40829319299340344,0.1,-0.009606999461074218,5.415655189858565e-09,0.27441786279598757,0.5381843317202548,cvar,optimal,0.004370351788995112,5.415655189858565e-09,2026-01-19
csi300,0.477624724408928,0.1,-0.011807901700693763,4.946530849794746e-10,0.27441786279598757,0.5398821326864198,cvar,optimal,0.004370351788995112,4.946530849794746e-10,2026-01-19
csi500,0.3983288285388114,0.1,-0.022203524818491104,1.9777010467310172e-10,0.27441786279598757,0.6105579046210025,cvar,optimal,0.004370351788995112,1.9777010467310172e-10,2026-01-19
csi1000,0.4545944946169463,0.1,-0.01896183251301414,1.6388634475831465e-10,0.27441786279598757,0.6015836297052664,cvar,optimal,0.004370351788995112,1.6388634475831465e-10,2026-01-19
bond_gov,0.38389039048706286,0.1,-0.00097690221668234,0.2999999998292801,0.27441786279598757,0.5208734130429197,cvar,optimal,0.004370351788995112,0.2999999998292801,2026-01-19
bond_corp,0.589139839304919,0.1,1.0326461381802591e-06,0.29999999982023556,0.27441786279598757,0.42322023802124215,cvar,optimal,0.004370351788995112,0.29999999982023556,2026-01-19
csi_cb,0.38192062027904455,0.1,-0.013390414103364078,0.26073631678230613,0.27441786279598757,0.5050559808926389,cvar,optimal,0.004370351788995112,0.26073631678230613,2026-01-19
crude_sc,0.9658110107661073,0.1,0.10237377462056343,2.7589529679462334e-09,0.27441786279598757,0.8,cvar,optimal,0.004370351788995112,2.7589529679462334e-09,2026-01-19
gold_au,0.5821037056113736,0.1,0.0046322881211925335,0.06358523357272335,0.27441786279598757,0.54488978694611,cvar,optimal,0.004370351788995112,0.06358523357272335,2026-01-19
spx,0.8582931929934033,0.1,0.03792529564071557,0.07567844096453723,0.27441786279598757,0.7425466512404713,cvar,optimal,0.004370351788995112,0.07567844096453723,2026-01-19
sse50,0.4551566655102839,0.1,-0.007917198080872715,0.05379130442645653,0.6680011325838832,0.5490465116730222,cvar,optimal,0.005299218813449076,0.05379130442645653,2026-02-24
csi300,0.4922609808483558,0.1,-0.008893927102319475,1.4239628277913445e-09,0.6680011325838832,0.585196618557931,cvar,optimal,0.005299218813449076,1.4239628277913445e-09,2026-02-24
csi500,0.42245624027791434,0.1,-0.01630655027299157,3.768974106195121e-10,0.6680011325838832,0.5189604917673643,cvar,optimal,0.005299218813449076,3.768974106195121e-10,2026-02-24
csi1000,0.5266752025596805,0.1,-0.009331887909234303,3.3031990393667875e-10,0.6680011325838832,0.532634401444433,cvar,optimal,0.005299218813449076,3.3031990393667875e-10,2026-02-24
bond_gov,0.39220711085566223,0.1,-0.0009151038226470677,0.2999999997861473,0.6680011325838832,0.5295466577202022,cvar,optimal,0.005299218813449076,0.2999999997861473,2026-02-24
bond_corp,0.5362743520949412,0.1,-1.1600550548955313e-05,0.299999999773458,0.6680011325838832,0.5766568067848793,cvar,optimal,0.005299218813449076,0.299999999773458,2026-02-24
csi_cb,0.42844286903132894,0.1,-0.009582146349598253,0.2530674764976788,0.6680011325838832,0.5128292063619734,cvar,optimal,0.005299218813449076,0.2530674764976788,2026-02-24
crude_sc,0.7182991897612784,0.1,0.05582030247749485,0.005641981287399384,0.6680011325838832,0.5676479511922361,cvar,optimal,0.005299218813449076,0.005641981287399384,2026-02-24
gold_au,0.602382149744005,0.1,0.025276226007712878,5.936256000992915e-10,0.6680011325838832,0.4666402492556262,cvar,optimal,0.005299218813449076,5.936256000992915e-10,2026-02-24
spx,0.9258452393165496,0.1,0.057534900984089116,0.08749923550405433,0.6680011325838832,0.7336259942547914,cvar,optimal,0.005299218813449076,0.08749923550405433,2026-02-24
sse50,0.4200167781351848,0.1,-0.01864424432080393,0.07284012259142242,0.0879470506294093,0.588104928954969,cvar,optimal,0.005581593799163912,0.07284012259142242,2026-03-24
csi300,0.44867394397202554,0.1,-0.020758238507128875,6.797973411323066e-10,0.0879470506294093,0.5386132539142657,cvar,optimal,0.005581593799163912,6.797973411323066e-10,2026-03-24
csi500,0.3755025268904459,0.1,-0.0360804234645468,1.334533637230764e-10,0.0879470506294093,0.5726517486257688,cvar,optimal,0.005581593799163912,1.334533637230764e-10,2026-03-24
csi1000,0.4763842736938429,0.1,-0.029827132454397297,1.2524785423383431e-10,0.0879470506294093,0.53530304573369,cvar,optimal,0.005581593799163912,1.2524785423383431e-10,2026-03-24
bond_gov,0.3468453610536051,0.1,-0.00108358848285964,0.29999999988833226,0.0879470506294093,0.5565093415381454,cvar,optimal,0.005581593799163912,0.29999999988833226,2026-03-24
bond_corp,0.739620476332569,0.1,0.0004557841941866418,0.2999999998867534,0.0879470506294093,0.7062471210236702,cvar,optimal,0.005581593799163912,0.2999999998867534,2026-03-24
csi_cb,0.3950167781351847,0.1,-0.018303523669932667,0.20561277505954964,0.0879470506294093,0.5664693639899272,cvar,optimal,0.005581593799163912,0.20561277505954964,2026-03-24
crude_sc,0.8858550621787857,0.1,0.2598325515937936,0.027272691095201494,0.0879470506294093,0.8,cvar,optimal,0.005581593799163912,0.027272691095201494,2026-03-24
gold_au,0.5599921167396857,0.1,-0.004179120837667222,3.5716104680376244e-10,0.0879470506294093,0.3786010815112671,cvar,optimal,0.005581593799163912,3.5716104680376244e-10,2026-03-24
spx,0.8520926828686709,0.1,0.045011338281774414,0.09427441018308119,0.0879470506294093,0.7314366389769367,cvar,optimal,0.005581593799163912,0.09427441018308119,2026-03-24
sse50,0.4318346868183912,0.1,-0.017246634563951098,0.11264049369034222,0.2282757823958344,0.5922364394552332,cvar,optimal,0.004211671080890111,0.11264049369034222,2026-04-22
csi300,0.49006351310070445,0.1,-0.016425252954153806,0.0176947703686558,0.2282757823958344,0.48938164155245995,cvar,optimal,0.004211671080890111,0.0176947703686558,2026-04-22
csi500,0.3818346868183912,0.1,-0.0319641935973394,4.694912798896546e-10,0.2282757823958344,0.5636481242916519,cvar,optimal,0.004211671080890111,4.694912798896546e-10,2026-04-22
csi1000,0.5173678688029234,0.1,-0.02299152259471511,8.16015703219406e-10,0.2282757823958344,0.48466695875458954,cvar,optimal,0.004211671080890111,8.16015703219406e-10,2026-04-22
bond_gov,0.35683468681839126,0.1,-0.0009568603592671954,0.29999999979200365,0.2282757823958344,0.5281689123480935,cvar,optimal,0.004211671080890111,0.29999999979200365,2026-04-22
bond_corp,0.8253099668634218,0.1,0.0005534663191162871,0.2999999998027685,0.2282757823958344,0.6195426671358163,cvar,optimal,0.004211671080890111,0.2999999998027685,2026-04-22
csi_cb,0.40683468681839124,0.1,-0.016658592084167954,0.10979380557552061,0.2282757823958344,0.57077008638091,cvar,optimal,0.004211671080890111,0.10979380557552061,2026-04-22
crude_sc,0.6852156164810096,0.1,0.17655442509416358,0.020808334678363447,0.2282757823958344,0.5136816129740114,cvar,optimal,0.004211671080890111,0.020808334678363447,2026-04-22
gold_au,0.4964582654103894,0.1,-0.025574978752018265,1.9262088984389537e-10,0.2282757823958344,0.5967267776063653,cvar,optimal,0.004211671080890111,1.9262088984389537e-10,2026-04-22
spx,0.9082460220679864,0.1,0.05969234497004822,0.13906259461421785,0.2282757823958344,0.7719448732178682,cvar,optimal,0.004211671080890111,0.13906259461421785,2026-04-22
sse50,0.4344527724125214,0.1,-0.02168513036620016,0.1188541518430525,0.16276423557146263,0.5998979458878997,cvar,optimal,0.004229805279941741,0.1188541518430525,2026-05-25
csi300,0.4879714680955201,0.1,-0.025736512438824948,5.275200657428069e-07,0.16276423557146263,0.5410245200779035,cvar,optimal,0.004229805279941741,5.275200657428069e-07,2026-05-25
csi500,0.22768776460925358,0.1,-0.060397565296977665,4.427758495241631e-10,0.16276423557146263,0.7605207496436828,cvar,optimal,0.004229805279941741,4.427758495241631e-10,2026-05-25
csi1000,0.3213697918915262,0.1,-0.05295243218602197,1.0577441702172343e-09,0.16276423557146263,0.57190293139684,cvar,optimal,0.004229805279941741,1.0577441702172343e-09,2026-05-25
bond_gov,0.3594527724125214,0.1,-0.0008001523723576299,0.29999999985293135,0.16276423557146263,0.5240375257433304,cvar,optimal,0.004229805279941741,0.29999999985293135,2026-05-25
bond_corp,0.8343410136411362,0.1,0.0005305903090940598,0.29999999985178444,0.16276423557146263,0.7533039381849984,cvar,optimal,0.004229805279941741,0.29999999985178444,2026-05-25
csi_cb,0.5923452815163337,0.1,-0.018227295764337636,0.08477716994183944,0.16276423557146263,0.40505524522446,cvar,optimal,0.004229805279941741,0.08477716994183944,2026-05-25
crude_sc,0.9063905327099366,0.1,0.29801499299649603,0.025078870112944848,0.16276423557146263,0.8,cvar,optimal,0.004229805279941741,0.025078870112944848,2026-05-25
gold_au,0.5218652003052061,0.1,-0.01964370289831799,1.411105088509307e-10,0.16276423557146263,0.4845191187787032,cvar,optimal,0.004229805279941741,1.411105088509307e-10,2026-05-25
spx,0.8141234024060446,0.1,0.03479280523095883,0.17128927923575105,0.16276423557146263,0.7052154124136312,cvar,optimal,0.004229805279941741,0.17128927923575105,2026-05-25
