date,strategy,equal_weight,cash,port_ret,ew_ret,cash_ret
2017-03-01,0.9995,1.0011997112381945,0.9999375078115235,-0.0005,0.001199711238194423,-6.249218847653726e-05
2017-03-02,0.998251840817776,0.9979466659857029,0.9998125234345707,-0.0012487835740111139,-0.003249147214064374,-0.0001249921879881155
2017-03-03,0.9978743364277858,0.9974969366779942,0.9999375078115235,-0.00037816548345250673,-0.0004506546522348498,0.00012500781298818708
2017-03-06,0.9978089248349998,1.000234961925085,1.0000624921884764,-6.555093201420544e-05,0.0027448958953292133,0.00012499218798822653
2017-03-07,0.9977611892707559,1.0006879709126841,1.0001874765654295,-4.7840386125973103e-05,0.00045290257273900014,0.00012497656689380854
2017-03-08,0.9965622053916284,0.9986741755604193,1.0003124609423824,-0.0012016742002199177,-0.002012410872120396,0.00012496094970315674
2017-03-09,0.9957886433666125,0.9953889609554469,1.0000624921884766,-0.0007762305462024656,-0.0032895760052359833,-0.0002498906728305439
2017-03-10,0.9952433262302499,0.994583505414324,1.0000624921884766,-0.0005476233736900001,-0.0008091867327418845,0.0
2017-03-13,0.99675901021752,0.9990998131217991,1.0003124609423824,0.0015229280592225596,0.004540903486624348,0.00024995313378739503
2017-03-14,0.9957285709893522,0.9976962765155115,1.0004374453193352,-0.001033789730120391,-0.0014048011898851632,0.00012494533641538297
2017-03-15,0.9967712342715969,0.9985948033750092,1.0003749531308588,0.0010471360495446528,0.0009006015965458691,-6.24648635142444e-05
2017-03-16,0.997883409850729,1.0030842377371885,1.0003749531308588,0.0011157781654332656,0.0044957517774039,0.0
2017-03-17,0.9966842146818504,0.998871070902669,0.9998125234345708,-0.001201738757294226,-0.004200212380989799,-0.0005622188905547443
2017-03-20,0.9966735923873389,0.9999034906215197,1.0000624921884766,-1.0657632934440336e-05,0.00103358656479835,0.0002500156259765962
2017-03-21,0.9950986553619663,0.9996097015687957,1.0000624921884766,-0.001580193392703535,-0.00029381740885962013,0.0
2017-03-22,0.995446443331702,0.9983805690031763,0.9999375078115237,0.00034950099456136283,-0.0012296124814419884,-0.00012497656689380854
2017-03-23,0.9954836372235829,0.9992123411688932,1.000124984376953,3.7364031113891835e-05,0.0008331213482524524,0.0001874882819823398
2017-03-24,0.9966175699714277,1.0018284146957277,1.0004374453193354,0.0011390772338632183,0.0026181357245589456,0.0003124218945265156
2017-03-27,0.9973167466895666,1.001748847163787,1.0008748906386704,0.0007015496607781316,-7.942231501265607e-05,0.00043725404459982187
2017-03-28,0.9977640304912977,1.0008552185968946,1.0004999375078116,0.00044848720651270745,-0.0008920684754691211,-0.0003746253746254036
2017-03-29,0.9977374303237057,0.9993539521261177,1.0008748906386702,-2.6659778042889586e-05,-0.0014999836568584946,0.0003747657713928376
2017-03-30,0.99734183243372,0.9945126600651985,1.0009373828271464,-0.000396494987521307,-0.004844421789316466,6.243756243740073e-05
2017-03-31,0.9964563303199078,0.9953148251801767,1.000999875015623,-0.0008878622003164103,0.0008065911548331362,6.243366423186458e-05
2017-04-05,0.9975020249538279,1.0029368737054494,1.001562304711911,0.0010494134083972825,0.007657927253211683,0.0005618678986141212
2017-04-06,0.997638244243271,1.004126589154369,1.0018122734658168,0.00013656041394936473,0.001186231636417867,0.0002495788357146367
2017-04-07,0.9981130025379542,1.0051352446056265,1.0021872265966754,0.0004758822122374736,0.0010045102501538671,0.000374274842492639
2017-04-10,0.9976756060926268,1.0025744189639474,1.0027496562929634,-0.00043822337171765195,-0.0025477423614608365,0.0005612022198666633
2017-04-11,0.9980264824065259,1.0050476034696532,1.0026246719160103,0.0003516937887991194,0.00246683384188221,-0.00012464165524128656
2017-04-12,0.9983851404484677,1.0038448068396373,1.0026246719160103,0.0003593672595509534,-0.0011967558808791523,0.0
2017-04-13,0.9978397701635313,1.0042301338464985,1.0029996250468691,-0.0005462524058514331,0.00038385117324496454,0.00037397157816010385
2017-04-14,0.9970039567364908,0.9997810119765541,1.0030621172353456,-0.0008376228849882982,-0.004430380766311959,6.23052959500825e-05
2017-04-17,0.9962545749873802,0.9967675726515532,1.0030621172353456,-0.0007516336761225239,-0.0030140993766658354,0.0
2017-04-18,0.9957173743123751,0.9933419480152643,1.0031871016122984,-0.0005392202841447486,-0.0034367336280576644,0.00012460282848425486
2017-04-19,0.9952224523857771,0.9897556404763836,1.0030621172353453,-0.0004970506083010359,-0.0036103454062786145,-0.00012458730455378042
2017-04-20,0.9968150480873671,0.9910834303740818,1.0029371328583925,0.0016002409288215988,0.001341533044518972,-0.00012460282848414383
2017-04-21,0.9962630771708231,0.9900410565850076,1.0031246094238218,-0.0005537345344084082,-0.001051751807293011,0.0001869275344257293
2017-04-24,0.9955165059765473,0.9826142977993582,1.003312085989251,-0.0007493715378832477,-0.0075014654556517565,0.0001868925990531345
2017-04-25,0.9968574173807637,0.9845432755045265,1.0036245469316332,0.001346950448502227,0.0019631077112234885,0.00031142946122697523
2017-04-26,0.9974183186007173,0.9852803741878104,1.0034995625546803,0.000562669455203948,0.0007486706797182663,-0.0001245330012452639
2017-04-27,0.997861498720069,0.9867992321873207,1.0036870391201096,0.00044432723069835143,0.0015415490243194108,0.00018682276746795345
2017-04-28,0.9983983721779788,0.9875694392449114,1.0036870391201096,0.0005380240229714967,0.0007805103940783043,0.0
2017-05-02,0.9988444103684047,0.9872996912739977,1.0039995000624917,0.00044675372361926654,-0.00027314329523999705,0.0003113131187346685
2017-05-03,0.9986863344221706,0.9859286759926149,1.0039995000624917,-0.0001582588284953995,-0.0013886515852280733,0.0
2017-05-04,0.99763818451291,0.9835580068136685,1.0038745156855389,-0.0010495286389064795,-0.002404503730008356,-0.0001244864932155032
2017-05-05,0.997420107546518,0.9798682107209873,1.0038745156855389,-0.0002185932432994109,-0.0037514778661957514,0.0
2017-05-08,0.9945727382441789,0.9741045755682604,1.0038745156855389,-0.0028547342095830205,-0.005882051371465591,0.0
2017-05-09,0.9940337451768535,0.9744227977262612,1.0038745156855389,-0.000541934286553004,0.00032668171978882387,0.0
2017-05-10,0.9927811452439357,0.9695208086706856,1.0029371328583925,-0.0012601181187213782,-0.005030659244646208,-0.0009337649402388903
2017-05-11,0.9920538733955236,0.9692502357299898,1.0024371953505808,-0.0007325600933258871,-0.0002790790442824931,-0.0004984734251356482
2017-05-12,0.992923023763011,0.9717818243005564,1.0019372578427694,0.0008761120648746509,0.0026119040029532136,-0.0004987220248112711
2017-05-15,0.9938257930600229,0.9741324304182883,1.0004374453193348,0.0009092037100626902,0.0024188619903687814,-0.0014969126177259984
2017-05-16,0.9947550882804502,0.9795642900341438,1.00174978127734,0.0009350685270161582,0.005576099764508435,0.0013117621337996876
2017-05-17,0.9922855693845714,0.9772956697932973,1.0011873515810519,-0.0024825395969049146,-0.002315948288363512,-0.0005614472863381126
2017-05-18,0.9931391322297748,0.9761521700108585,1.0012498437695283,0.0008601987890773815,-0.0011700653321023214,6.241807627493934e-05
2017-05-19,0.9938241831059733,0.9768985953830319,1.0009998750156226,0.0006897833888193151,0.0007646608747128969,-0.00024965672200716327
2017-05-22,0.9939569649253666,0.9750538222860057,1.0005624296962876,0.0001336069514612674,-0.0018883977372317728,-0.00043700836558868694
2017-05-23,0.9937853496964165,0.9718326016595114,1.0007499062617167,-0.00017265861099223083,-0.003303633658849858,0.00018737118231193506
2017-05-24,0.9928717789560901,0.9716239784944054,1.0003749531308583,-0.0009192837674709891,-0.00021466985646467762,-0.0003746721618581583
2017-05-25,0.9954449439742148,0.9793781085941673,1.0003124609423817,0.002591638792302083,0.007980587420019591,-6.24687656173295e-05
2017-05-26,0.9950661641160178,0.9787860402611126,0.9993125859267586,-0.00038051311676240847,-0.0006045349879267526,-0.0009995626913225086
2017-05-31,0.9954664695484071,0.9786822636748337,1.0008123984501933,0.00040229026654225113,-0.00010602581362030294,0.0015008442248765075
2017-06-01,0.996962384877557,0.9758216314429616,1.0008123984501933,0.0015027279922633337,-0.002922942754812774,0.0
2017-06-02,0.9968600604570311,0.9768981255653779,1.001062367204099,-0.0001026361897680663,0.001103166898262331,0.000249765844520633
2017-06-05,0.9974451819761697,0.978272625298479,1.0013123359580047,0.0005869645523467506,0.0014070041666888965,0.0002497034771209439
2017-06-06,0.9982864091980332,0.981242639547007,1.0008123984501933,0.0008433819091659535,0.0030359780818989155,-0.000499282281719915
2017-06-07,1.0001791729400458,0.9881631900419839,1.0012498437695285,0.0018960127319904733,0.007052843217424565,0.0004370902279113853
2017-06-08,1.0004266689838912,0.9895631750566884,1.0010623672040992,0.0002474517071954685,0.0014167548728919455,-0.00018724254150548347
2017-06-09,1.0005035991169988,0.990254971432913,1.0011873515810523,7.689732340497647e-05,0.0006990926841885181,0.00012485173856058296
2017-06-12,1.0004106053214183,0.9874599337371279,1.0016247969003873,-9.294698755968008e-05,-0.0028225434624586042,0.0004369265339241313
2017-06-13,1.0014387662302477,0.9910110702618414,1.0018122734658166,0.0010277389137623083,0.0035962335314952743,0.0001871724482156445
2017-06-14,1.0003976372594003,0.9879733692038485,1.0020622422197223,-0.0010396331817336222,-0.0030652544145549853,0.00024951656166183334
2017-06-15,0.9994157170575485,0.9886063871059756,1.0019372578427694,-0.0009815299089887645,0.0006407236488948697,-0.00012472715933886658
2017-06-16,0.99929001346262,0.9875598799341212,1.0024371953505808,-0.00012577708433332186,-0.0010585680868579694,0.0004989708725751107
2017-06-19,1.002671588653875,0.9930210583003609,1.0029371328583925,0.003383977769914456,0.005529971880392792,0.0004987220248116042
2017-06-20,1.0023149695453717,0.9926302000264811,1.0028746406699158,-0.0003556689074854973,-0.0003936052217753394,-6.23091781420948e-05
2017-06-21,1.002874587103113,0.99491375970054,1.002999625046869,0.0005583250522489884,0.0023005140020907256,0.00012462612163521847
2017-06-22,1.0036902942108494,0.9931660686154692,1.0029371328583925,0.0008133690076768617,-0.001756625705525272,-6.23052959500825e-05
2017-06-23,1.004465349252935,0.995340426013478,1.0028121484814394,0.0007722053770529531,0.002189319054204231,-0.00012461835628396756
2017-06-26,1.0067918826389823,1.0015746285871976,1.0022497187851513,0.0023161907852546643,0.006263387290204458,-0.000560852495793629
2017-06-27,1.005880741084178,1.001359193774868,1.0022497187851513,-0.0009049949354142324,-0.00021509611583649945,0.0
2017-06-28,1.0060092050029608,0.9989581193684731,1.0026246719160101,0.00012771287244691076,-0.0023978153107512058,0.00037411148522270565
2017-06-29,1.0047126210455362,0.9996206137651616,1.0024996875390573,-0.0012888390593013316,0.0006631853566667178,-0.00012465719272003462
2017-06-30,1.0038664866045757,0.9988208910001226,1.0024371953505808,-0.0008421656334723412,-0.0008000262839986449,-6.233636703645296e-05
2017-07-03,1.0040962260491482,0.9995450426390241,1.0028121484814396,0.00022885458139919833,0.0007250065005912854,0.00037404151860864765
2017-07-04,1.0026157670662095,0.9962479973587721,1.0021872265966754,-0.0014744194276716384,-0.003298545978025302,-0.0006231694397705878
2017-07-05,1.0042049603049732,1.00095230546622,1.0021872265966754,0.001585047124696569,0.004722025158313747,0.0
2017-07-06,1.0032411596762454,1.0006897297313884,1.0024996875390575,-0.000959764855607854,-0.0002623259204236561,0.00031177901103696115
2017-07-07,1.0039360271154207,1.0013803753420865,1.0026871641044868,0.0006926225389311001,0.0006901695802188024,0.0001870091011095809
2017-07-10,1.0027741085513975,0.9992231469936672,1.0024996875390575,-0.0011573631512772976,-0.0021542546683944396,-0.00018697413524459972
2017-07-11,1.003476050076809,0.9986284384273957,1.0022497187851518,0.0006999996503953326,-0.0005951709265951455,-0.00024934546814603387
2017-07-12,1.0046174020423633,0.9990542881234683,1.0023122109736282,0.001137398312064283,0.0004264345773522304,6.235191420378428e-05
2017-07-13,1.0068465935298476,1.0028813507413534,1.0023122109736282,0.002218945722971154,0.003830685342508677,0.0
2017-07-14,1.0085628653606986,1.0042696007322254,1.0024371953505813,0.0017046011198529837,0.001384261448122015,0.00012469605337006584
2017-07-17,1.0090892559069342,0.995346967288979,1.0025621797275344,0.0005219214035284245,-0.008884699324504808,0.00012468050620295656
2017-07-18,1.0091655676976017,0.9971147793722624,1.0024996875390577,7.56244209525443e-05,0.0017760762240512373,-6.233248145626202e-05
2017-07-19,1.012582203347466,1.0054522720632755,1.0025621797275344,0.0033856046611452912,0.008361617803180055,6.2336367036675e-05
2017-07-20,1.0137609836715762,1.0083154744430425,1.0024996875390577,0.0011641329664032899,0.002847676075057781,-6.233248145626202e-05
2017-07-21,1.0141015680642873,1.0082049644423023,1.002374703162105,0.00033596123563329116,-0.0001095986360828971,-0.0001246727340729059
2017-07-24,1.0155321161539985,1.011273896326528,1.0027496562929636,0.0014106556332831699,0.0030439563307677166,0.00037406483790514145
2017-07-25,1.0141883975683437,1.0087447651344539,1.0025621797275344,-0.0013231670020872881,-0.0025009359000180086,-0.0001869624828617633
2017-07-26,1.0137465298908876,1.0077993781617063,1.0024371953505815,-0.0004356859913951122,-0.0009371914535999726,-0.00012466496291219098
2017-07-27,1.0147338558356733,1.0110973377445907,1.00193725784277,0.0009739376813373696,0.0032724366122353745,-0.0004987220248112711
2017-07-28,1.0149931924395457,1.011998068908913,1.0019997500312465,0.00025557105676617304,0.0008908451547617657,6.237135907194435e-05
2017-07-31,1.0162761464742076,1.0155671687536567,1.0021247344081994,0.0012640026004296615,0.0035267852324974537,0.0001247349382562657
2017-08-01,1.0178432398188155,1.0188251993985211,1.0014373203349585,0.0015419955983859387,0.0032080897700372036,-0.0006859565976553572
2017-08-02,1.0195898751488588,1.0184855537149524,1.00281214848144,0.0017160160442331173,-0.0003333699281969693,0.0013728549141964752
2017-08-03,1.0177333011225427,1.0158806391714021,1.0021247344081994,-0.0018209027684244461,-0.0025576352399391267,-0.0006854863837476577
2017-08-04,1.0176461119405693,1.013977563525889,1.0016872890888642,-8.566997058773868e-05,-0.0018733260307680743,-0.0004365178348716414
2017-08-07,1.0171972813563874,1.0156876230349603,1.0019997500312465,-0.0004410478052394031,0.0016864865363736103,0.000311934618504095
2017-08-08,1.0166035805926965,1.0157706803132813,1.0016872890888644,-0.0005836633409983306,8.177443186011547e-05,-0.0003118373456405532
2017-08-09,1.0156153240728087,1.015419193887997,1.0017497812773408,-0.000972115914948401,-0.0003460293076936294,6.23869237008634e-05
2017-08-10,1.0133000240320547,1.011961376366836,1.001499812523435,-0.002279701758997949,-0.0034053103801604313,-0.0002495321272615314
2017-08-11,1.0118716282530493,1.004625454527815,1.00193725784277,-0.0014096474342530582,-0.00724921129436642,0.00043679021589926315
2017-08-14,1.015018923714459,1.0126598663396613,1.0019997500312465,0.003110370301461141,0.00799742010879303,6.237135907194435e-05
2017-08-15,1.015412727891784,1.013996489618083,1.0032495938007753,0.00038797717769054025,0.0013199133518079665,0.0012473493825619908
2017-08-16,1.0152442141790219,1.0138475101953415,1.003499562554681,-0.000165955879942398,-0.00014692301626988423,0.0002491590880777661
2017-08-17,1.014846545228537,1.016575461823258,1.0034370703662046,-0.0003916978249479232,0.0026906922396949472,-6.227425582272517e-05
2017-08-18,1.0150474138642853,1.0163783804826316,1.0034995625546812,0.00019793005818736245,-0.0001938678908036451,6.227813414727557e-05
2017-08-21,1.0151243361732547,1.018338448857955,1.0033745781777283,7.578198606180876e-05,0.0019284829478492082,-0.0001245485116453393
2017-08-22,1.0168576077758182,1.0194381422288965,1.0034370703662048,0.0017074475911959333,0.0010798898658642142,6.228201295455094e-05
2017-08-23,1.016212437258692,1.018064930219935,1.0033745781777283,-0.0006344747899731183,-0.0013470282816367084,-6.227813414705352e-05
2017-08-24,1.0149718758299617,1.01489463222192,1.0032495938007753,-0.001220769775340337,-0.0031140430280121034,-0.00012456402590943494
2017-08-25,1.0178959177145646,1.0223479813854222,1.0031246094238224,0.0028809092687535173,0.007343963527705899,-0.00012457954403877203
2017-08-28,1.0209013855002063,1.0291092469537468,1.0034370703662043,0.002952627801464918,0.0066134679105661846,0.0003114876650882614
2017-08-29,1.0226016724347433,1.03025340619875,1.0034370703662043,0.0016654761749629265,0.0011117957091436258,0.0
2017-08-30,1.0219266809857412,1.0298903441356624,1.0041869766279217,-0.0006600727020080246,-0.00035240074034531554,0.0007473376097653084
2017-08-31,1.02235199561629,1.0299823019955858,1.0043119610048745,0.0004161889873926738,8.928898153792719e-05,0.0001244632522248157
2017-09-01,1.0234284581983342,1.032683770586107,1.0046244219472567,0.0010529275500608633,0.0026228301061941408,0.0003111194076286239
2017-09-04,1.0246363242967098,1.0356425553600948,1.004686914135733,0.0011802154695815634,0.0028651411576929853,6.220452848970659e-05
2017-09-05,1.024114384834658,1.0361740228767822,1.0043744531933507,-0.0005093899656640876,0.0005131765916114084,-0.00031100329663502624
2017-09-06,1.024026810600854,1.036946153615647,1.0031871016122984,-8.551216065390998e-05,0.0007451747696984312,-0.0011821801891488404
2017-09-07,1.0230662478204,1.0338108418387861,1.003562054743157,-0.0009380250307024966,-0.003023601337377557,0.0003737619136610082
2017-09-08,1.0232018145146424,1.0341915170963847,1.003437070366204,0.00013251018155580394,0.00036822525184725395,-0.0001245407559624656
2017-09-11,1.0240246224818201,1.0362870451119146,1.0036245469316336,0.000804150222864779,0.002026247538186465,0.0001868344024413826
2017-09-12,1.0232840933450509,1.0358418503924698,1.0034995625546808,-0.0007231555965660618,-0.0004296056015992922,-0.0001245330012452639
2017-09-13,1.023175623827331,1.0366557923647606,1.0034995625546808,-0.00010600137188206615,0.0007857782266496027,0.0
2017-09-14,1.0222124724081232,1.0347621091811547,1.003562054743157,-0.0009413353844427615,-0.0018267231973748688,6.227425582250312e-05
2017-09-15,1.0226648748629463,1.034030434066522,1.0036245469316334,0.00044257184003757054,-0.0007070950010062526,6.227037798112178e-05
2017-09-18,1.0224788702329157,1.0353771821897924,1.0037495313085862,-0.00018188229067256397,0.0013024260011130107,0.00012453300124537492
2017-09-19,1.022240078454434,1.0338575042927012,1.0037495313085862,-0.00023354201777019086,-0.001467752934130917,0.0
2017-09-20,1.0225254501994299,1.0358120164646318,1.0038120234970627,0.0002791631349722619,0.0018905044107290659,6.225874735399373e-05
2017-09-21,1.021472924177621,1.0324649390747986,1.0037495313085862,-0.001029339682062301,-0.0032313560150202592,-6.22548714436233e-05
2017-09-22,1.02104882959479,1.0311696162484512,1.0034995625546805,-0.00041517946564529435,-0.0012545925554703573,-0.0002490349894159749
2017-09-25,1.0200353591800397,1.0269151041278803,1.0037495313085862,-0.0009925778134943243,-0.004125909116726445,0.0002490970232904566
2017-09-26,1.020374975867795,1.0283879671931426,1.0037495313085862,0.0003329459951546413,0.001434259813047567,0.0
2017-09-27,1.0200761485113867,1.0292001098984107,1.0038120234970627,-0.00029286033416702395,0.0007897240449873611,6.225874735399373e-05
2017-09-28,1.0197735719205525,1.0279624693974447,1.003999500062492,-0.00029662157210092897,-0.0012025265923146678,0.0001867646143309809
2017-09-29,1.0219639995282974,1.0319405171608664,1.0041869766279212,0.0021479548676866978,0.003869837549374089,0.0001867297398232548
2017-10-09,1.0244629938355398,1.0376017469485654,1.0048118985126855,0.0024452860456883174,0.005486003983325072,0.0006223162611238564
2017-10-10,1.025004222082937,1.039231629036086,1.0048118985126855,0.000528304341546483,0.001570816637803263,0.0
2017-10-11,1.0260022111569258,1.0395265026278782,1.0049368828896386,0.0009736438665206279,0.0002837419335146585,0.00012438584489093962
2017-10-12,1.026567970430431,1.040205989265315,1.0051868516435443,0.0005514211054839396,0.000653650133709116,0.00024874074995340223
2017-10-13,1.0267795792446712,1.0416376845027324,1.0053118360204971,0.00020613229745676987,0.001376357425540675,0.00012433944668943653
2017-10-16,1.0276713167754155,1.0391491675167246,1.0058117735283085,0.0008684800017157667,-0.002389042776611694,0.0004972959532540955
2017-10-17,1.0274075083478322,1.0383436088067979,1.0059367579052616,-0.00025670506053516973,-0.0007752098881547598,0.00012426219322780874
2017-10-18,1.0272954093129238,1.037886332592595,1.0054993125859266,-0.00010910863897482746,-0.0004403900696496765,-0.00043486363918743276
2017-10-19,1.0262843374008352,1.034731572445125,1.0056242969628795,-0.0009842075637862772,-0.0030396008198602664,0.00012430080795522436
2017-10-20,1.026917312892912,1.0370881046377798,1.005561804774403,0.0006167642523706501,0.0022774333512277424,-6.214267959225861e-05
2017-10-23,1.0255808518575353,1.0370588043533848,1.0057492813398323,-0.001301430035892408,-2.825245440966073e-05,0.00018643962463493757
2017-10-24,1.0269793942349776,1.0386879075738022,1.0063117110361204,0.001363658823104321,0.0015708879897444073,0.0005592146141419896
2017-10-25,1.025802769897764,1.0393711559377117,1.0064366954130735,-0.0011457136762614189,0.0006577994784837448,0.00012420045954186776
2017-10-26,1.0259301622746007,1.0414024189150768,1.0056242969628797,0.00012418798288999945,0.001954319172473573,-0.0008072027320709108
2017-10-27,1.0271402170966144,1.0429127009144734,1.0053118360204976,0.0011794709489103819,0.0014502386128216304,-0.0003107133979616261
2017-10-30,1.0243166235341374,1.0361110376793956,1.0048743907011626,-0.0027489854992322677,-0.006521795380489448,-0.00043513395909733354
2017-10-31,1.0245950309195,1.037190828004717,1.004936882889639,0.0002717981715476708,0.001042156956208018,6.218905472632485e-05
2017-11-01,1.0246970816138763,1.0367329017991556,1.0051243594550683,9.960100458875463e-05,-0.0004415062235387457,0.00018655556246494065
2017-11-02,1.0241120690626524,1.0343000760754026,1.0050618672665919,-0.0005709126743120005,-0.0023466272938101663,-6.217358865945322e-05
2017-11-03,1.0240154842534475,1.0326051632876125,1.0051868516435445,-9.431078113681155e-05,-0.0016387050789180902,0.00012435490890982948
2017-11-06,1.0241064607456016,1.0350730126193655,1.0054993125859268,8.884288719560236e-05,0.0023899254230880128,0.00031084861672381336
2017-11-07,1.0258264878253063,1.0395273365782154,1.0051868516435445,0.0016795393307570592,0.004303391069561124,-0.0003107520198881719
2017-11-08,1.0264311838885296,1.040227911126373,1.0050618672665916,0.0005894720699846189,0.0006739356662460172,-0.0001243394466893255
2017-11-09,1.026739035961204,1.0428738607963357,1.005124359455068,0.0002999247075757887,0.002543624951475765,6.217745445491474e-05
2017-11-10,1.0291963778077315,1.0477184998133935,1.00543682039745,0.0023933460796363056,0.004645469791867696,0.0003108679432974881
2017-11-13,1.0297121812726544,1.0493076171786817,1.004999375078115,0.00050117108459075,0.0015167407710860558,-0.00043507986823287936
2017-11-14,1.0279983443917424,1.04543066227262,1.0044994375703036,-0.0016643843902030167,-0.0036947743851187043,-0.0004974505658499329
2017-11-15,1.0255046683821176,1.040642055591478,1.0039370078740157,-0.0024257587798940214,-0.004580511031436751,-0.0005599104143336753
2017-11-16,1.0264921327670826,1.0429250846610543,1.0040619922509686,0.0009629057920555596,0.002193865851672394,0.0001244942421412265
2017-11-17,1.0263153551926847,1.0389151996132517,1.0040619922509686,-0.00017221522577223172,-0.003844844760930932,0.0
2017-11-20,1.026426178414689,1.0409175987641166,1.0042494688163979,0.00010798164661948289,0.001927394220057921,0.00018671811788140147
2017-11-21,1.0276196719758706,1.0450630879621425,1.004124484439445,0.0011627660968515823,0.0039825334905931094,-0.0001244555071561182
2017-11-22,1.0273909519522513,1.0458393621669502,1.0040619922509684,-0.0002225726403033102,0.0007428012851562582,-6.223549912887094e-05
2017-11-23,1.0250592403482748,1.03407542579042,1.003999500062492,-0.0022695465631129494,-0.011248320537635314,-6.223937262705981e-05
2017-11-24,1.0256719993230656,1.0345415207561262,1.0043744531933507,0.0005977790850240423,0.00045073594641305005,0.0003734594796465096
2017-11-27,1.0247177330245847,1.0295874200785091,1.0046244219472564,-0.0009303815441104375,-0.004788691974389037,0.0002488800398208202
2017-11-28,1.0266098365086995,1.0334033057009535,1.0047494063242093,0.0018464631021168879,0.003706227900641401,0.00012440905697941318
2017-11-29,1.0263022821681909,1.0333322204902495,1.0047494063242093,-0.000299582499184626,-6.878748143336333e-05,0.0
2017-11-30,1.0258031007452277,1.0292857766047299,1.0049368828896388,-0.00048638830063646877,-0.003915917654827206,0.0001865903719369122
2017-12-01,1.0241570737251369,1.0285927511161335,1.0048743907011624,-0.0016046227769198622,-0.0006733071653650558,-6.218518748823954e-05
2017-12-04,1.0237683896574286,1.0273450101394095,1.0050618672665919,-0.0003795160700250026,-0.0012130563581845167,0.0001865671641791966
2017-12-05,1.0235182484577277,1.0241593798147457,1.0053118360204976,-0.0002443337792297558,-0.003100837881357443,0.00024870981782010304
2017-12-06,1.0223156760146352,1.0231792815735643,1.0053118360204976,-0.001174939914265767,-0.0009569782403971549,0.0
2017-12-07,1.0216404079544692,1.0202850712549438,1.0056242969628797,-0.0006605279328186495,-0.0028286443741993962,0.0003108099707838097
2017-12-08,1.0231912478613605,1.0250605550032708,1.0056242969628797,0.0015179899843589426,0.004680538687538582,0.0
2017-12-11,1.0252774079028346,1.0316795433587573,1.0056242969628797,0.002038875963642687,0.006457168138194058,0.0
2017-12-12,1.0236517677947916,1.0256136311142892,1.005374328208974,-0.0015855612300754924,-0.0058796476905220605,-0.0002485707183693675
2017-12-13,1.0241667958851735,1.0288506399842152,1.0054368203974504,0.000503128218584722,0.0031561679483619876,6.215813028331851e-05
2017-12-14,1.0238751137995141,1.0274404090459146,1.00562429696288,-0.00028479939676928656,-0.0013706857764332115,0.0001864628006713609
2017-12-15,1.0245913697271416,1.02485588566279,1.0056867891513563,0.0006995539963557939,-0.0025154971133795724,6.214267959236963e-05
2017-12-18,1.0255305761174274,1.0243954681670242,1.006061742282215,0.0009166643581389882,-0.0004492509651424337,0.00037283290871803487
2017-12-19,1.0264888515271595,1.029226399728805,1.005936757905262,0.0009344191504851957,0.0047158853313016055,-0.00012423131871552862
2017-12-20,1.025501200634276,1.0265162511109331,1.0059992500937385,-0.0009621642664838688,-0.0026331899556655603,6.212337702682369e-05
2017-12-21,1.0262550985692003,1.0294462398019544,1.0060617422822151,0.0007351507091926132,0.0028543032687990523,6.211951795265236e-05
2017-12-22,1.0264862820259866,1.0288830366832387,1.0062492188476444,0.0002252689970638559,-0.0005470932788330885,0.0001863469780731819
2017-12-25,1.0271440850472582,1.026701717948603,1.0057492813398328,0.0006408298218788037,-0.002120084263093125,-0.0004968326915911758
2017-12-26,1.027265036325257,1.0284078151945002,1.0058742657167858,0.00011775492821261435,0.0016617262989545578,0.00012426991425384948
2017-12-27,1.0265097305356332,1.0230658337710883,1.0054993125859273,-0.000735258928236746,-0.005194419319345311,-0.0003727634194831131
2017-12-28,1.0275281729127623,1.0256064076479794,1.005311836020498,0.0009921409869126676,0.0024832946160721625,-0.00018645121193283654
2017-12-29,1.0268229142321053,1.0273068294448173,1.005186851643545,-0.0006863643248417465,0.001657967212526934,-0.0001243239883136349
2018-01-02,1.030718801956937,1.0356193153847926,1.0059367579052623,0.00379411841207826,0.008091531859539546,0.0007460366801368412
2018-01-03,1.0331593148866847,1.0406323115855336,1.005749281339833,0.002367777637425309,0.0048405781219698855,-0.00018637013108036005
2018-01-04,1.0332909224990308,1.042075941473536,1.0055618047744037,0.00012738365753446731,0.0013872622173367155,-0.0001864048713806632
2018-01-05,1.0356985275953037,1.0448745279157643,1.0060617422822151,0.0023300360468183124,0.002685587806845302,0.0004971723323596855
2018-01-08,1.0366736124858449,1.0470412140396566,1.0066866641669794,0.0009414755979281866,0.002073632829593608,0.000621156593577199
2018-01-09,1.0370067443013362,1.048119098340182,1.0066866641669794,0.0003213468650875419,0.00102945737576714,0.0
2018-01-10,1.0367205606319447,1.0480515239505948,1.0068741407324087,-0.00027597088540083983,-6.447205255042388e-05,0.0001862312992737536
2018-01-11,1.0382828757412612,1.0497234405861833,1.0066866641669794,0.001506978031152442,0.0015952618715598498,-0.00018619662363461575
2018-01-12,1.0398168983900853,1.050868781239253,1.0063117110361208,0.001477461185834181,0.0010910880035507997,-0.00037246259854739616
2018-01-15,1.0396996042010864,1.046192525828888,1.006374203224597,-0.00011280273400091117,-0.004449894690800782,6.210022977071183e-05
2018-01-16,1.0396624317774472,1.048962351409559,1.0064991876015499,-3.575304202198303e-05,0.0026475295056006655,0.00012419274714359219
2018-01-17,1.0407582192559997,1.049160047724887,1.0065616797900263,0.0010539839134890542,0.00018846845652978895,6.208866261014911e-05
2018-01-18,1.0405227422050811,1.0515946213354097,1.0066866641669792,-0.00022625528827122248,0.0023204978266204044,0.0001241696156950578
2018-01-19,1.0419195192915123,1.0531795181965158,1.0066241719785027,0.0013423801612169684,0.001507136713093471,-6.207709975780684e-05
2018-01-22,1.0445350068417338,1.0593725094089648,1.006811648543932,0.0025102587117285646,0.0058802807170557966,0.00018624286069024443
2018-01-23,1.0474126771322692,1.0646260215111998,1.0069991251093613,0.0027549773551739016,0.004959079129933164,0.00018620818074599477
2018-01-24,1.0492761970102262,1.0681144696888654,1.0072490938632672,0.0017791649066720098,0.0032766888157719776,0.0002482313516198875
2018-01-25,1.049622609738652,1.0667754741146473,1.0073115860517434,0.00033014446473951704,-0.0012536068110827303,6.204243702678802e-05
2018-01-26,1.050801193486883,1.068254915769968,1.0076240469941256,0.001122864291694631,0.0013868350850009038,0.0003101929400086689
2018-01-29,1.0469819728103598,1.0589744856312489,1.0076240469941256,-0.0036345796904263357,-0.008687467758601408,0.0
2018-01-30,1.0428654691377313,1.0530684240944022,1.0078115235595548,-0.003931780851563993,-0.005577151873801889,0.00018605805011162602
2018-01-31,1.0437308909030727,1.0509044219997612,1.0078115235595548,0.0008298498617055396,-0.002054949180061072,0.0
2018-02-01,1.0425136975371603,1.041864507914904,1.0078115235595548,-0.0011661946355340836,-0.008602032587944652,0.0
2018-02-02,1.0407146180727371,1.041858045388428,1.0079365079365077,-0.00172571302293032,-6.202847324987548e-06,0.00012401562596875415
2018-02-05,1.0352110977172482,1.038774296228413,1.008123984501937,-0.005288212791399648,-0.0029598553984054197,0.000186000372000672
2018-02-06,1.036589055554263,1.0244958476539665,1.0082489688788898,0.0013310887412753968,-0.013745477363358705,0.00012397718819734393
2018-02-07,1.0325589212196873,1.0169546507733322,1.0083114610673662,-0.0038878804604209846,-0.007360885744830692,6.198090987963312e-05
2018-02-08,1.0245129154353374,1.0097544914484615,1.008373953255843,-0.007792297000199914,-0.007080118390132129,6.197706848487528e-05
2018-02-09,1.023617334155428,0.9936421882674832,1.0084989376327957,-0.0008741532355684106,-0.01595665413467562,0.0001239464551312519
2018-02-12,1.027273809466161,1.0026565852771536,1.0088113985751779,0.0035721115584176127,0.009072075558091874,0.00030982773577892253
2018-02-13,1.029629169526167,1.007901148252645,1.0090613673290838,0.002292825961590425,0.005230667261853816,0.00024778541782821684
2018-02-14,1.0331729698803338,1.012313472181403,1.009373828271466,0.0034418220258830108,0.004377734797115429,0.00030965504428071
2018-02-22,1.0346188184913099,1.021376139316492,1.0101862267216597,0.0013994255106611357,0.008952431617411882,0.0008048538880633949
2018-02-23,1.036952304918384,1.0255395533677543,1.0106236720409947,0.0022554069048123185,0.004076278944648704,0.00043303433343644393
2018-02-26,1.04046967205043,1.0344654738457935,1.0113110861142358,0.003392024025948825,0.008703633564134594,0.0006801879792235344
2018-02-27,1.0375380869309885,1.0287625701124812,1.012060992375953,-0.002817559413975468,-0.005512899055113696,0.0007415188778345794
2018-02-28,1.0346634240849024,1.0245532084561153,1.0126859142607174,-0.0027706576580617415,-0.004091674579398486,0.000617474529175821
2018-03-01,1.033756122571026,1.0268679914778436,1.0129983752030995,-0.0008769049845159624,0.0022593097192250998,0.000308546744831828
2018-03-02,1.0337405231690793,1.0242250183334056,1.0131233595800526,-1.5090021336828076e-05,-0.0025738197766142614,0.00012338062924133197
2018-03-05,1.0348170569180548,1.0260901177151742,1.013185851768529,0.0010413964866882383,0.0018209859634198745,6.168270416972987e-05
2018-03-06,1.0365535561981705,1.031901589714296,1.0136857892763407,0.001678073692839456,0.00566370526212896,0.0004934311971875882
2018-03-07,1.0367293877564525,1.0290015092931875,1.0136857892763407,0.00016963094403625828,-0.0028104234454291,0.0
2018-03-08,1.0373598114426374,1.0326172942514102,1.0141232345956757,0.0006080889513020054,0.0035138772155022813,0.0004315393625546893
2018-03-09,1.0386132594607276,1.0385216944864963,1.0142482189726285,0.0012083059361506095,0.005717897877515632,0.00012324377618933013
2018-03-12,1.03946918577818,1.0425610692532878,1.0145606799150106,0.0008241049395968195,0.003889542980408256,0.00030807147258160583
2018-03-13,1.0383989736456434,1.0385404405596534,1.0146231721034873,-0.0010295756210756232,-0.003856492259502964,6.159531875593593e-05
2018-03-14,1.0373836173379443,1.034447281489465,1.0145606799150106,-0.0009778094291970425,-0.003941261129882201,-6.159152500628817e-05
2018-03-15,1.0370895259770587,1.0352487834741215,1.0146231721034873,-0.0002834933538282892,0.0007748118236655221,6.159531875593593e-05
2018-03-16,1.036325529029347,1.0323091666648678,1.0148106486689163,-0.0007366740561688379,-0.002839526939011616,0.0001847745750183094
2018-03-19,1.0347303125087624,1.0322083156870527,1.0151231096112985,-0.0015393006115354065,-9.769454836964231e-05,0.0003079007328037342
2018-03-20,1.03579968504208,1.0334507432202011,1.0156230471191101,0.0010334794684085553,0.001203659682126712,0.0004924895345974623
2018-03-21,1.0353329098702944,1.0307800928505564,1.0159355080614922,-0.00045064231870940225,-0.0025842067337656593,0.0003076544425300032
2018-03-22,1.0345934136861525,1.0262200251911502,1.0162479690038746,-0.0007142593238289837,-0.004423899618390547,0.000307559820385217
2018-03-23,1.032950637220978,1.0074338167140484,1.0171228596425448,-0.0015878474030888979,-0.018306218954948383,0.0008609027179928841
2018-03-26,1.0353867620207098,1.0116391249550791,1.0174978127734036,0.0023584135697769185,0.004174277427719464,0.0003686409437209104
2018-03-27,1.0353447994093983,1.0147686022280027,1.0174353205849271,-4.0528441014187045e-05,0.003093471966164385,-6.14175162756414e-05
2018-03-28,1.0333398183447957,1.004794693391906,1.0178102737157857,-0.0019365346363321237,-0.00982875190875857,0.00036852773171180964
2018-03-29,1.0325538980579196,1.010177202894985,1.0179352580927385,-0.0007605632464012267,0.005356825168840396,0.0001227973230182311
2018-03-30,1.0338806547233919,1.0158756918119003,1.0183727034120738,0.0012849272739832618,0.005641078516308429,0.0004297378599056323
2018-04-02,1.0336812413957948,1.0133307821806323,1.0190601174853147,-0.00019287847846468351,-0.0025051388194246792,0.0006750122729504149
2018-04-03,1.0356724694922108,1.0086230979851527,1.0195600549931263,0.0019263463596643307,-0.004645752678458026,0.0004905868645368461
2018-04-04,1.0362097570011963,1.008092684971221,1.019810023747032,0.0005187812989264208,-0.0005258783137042866,0.0002451731535395574
2018-04-09,1.0357174718587876,1.007915499695597,1.0208723909511317,-0.0004750825198109041,-0.00017576288199036005,0.0010417304981924502
2018-04-10,1.0376458425363189,1.0181111144788666,1.020809898762655,0.0018618694092997555,0.010115545188409758,-6.121449559270964e-05
2018-04-11,1.0391464652005202,1.0209731083018576,1.0206849143857024,0.0014461799996553087,0.002811081995167053,-0.00012243648607268565
2018-04-12,1.039712034766157,1.020895483246104,1.0208723909511317,0.0005442635707063535,-7.603046066786411e-05,0.00018367721790246705
2018-04-13,1.0374291356996161,1.0169338691015302,1.0209973753280843,-0.0021957032237817733,-0.00388052862373055,0.0001224289911849752
2018-04-16,1.038398920172737,1.0127963985625021,1.0216847894013252,0.0009347958715918311,-0.004068573842155099,0.0006732770228914386
2018-04-17,1.0385106020293984,1.0074307166275265,1.0221222347206602,0.0001075519768865563,-0.005297888047974264,0.0004281607437763846
2018-04-18,1.0406673830094846,1.0132252216045157,1.0239970003749534,0.0020768020816267765,0.005751765239387152,0.0018341892883346755
2018-04-19,1.0414035497487957,1.0187313659073773,1.0243719535058118,0.0007073986860068749,0.005434274814184325,0.0003661662394724985
2018-04-20,1.0385348794821136,1.0088650582561962,1.0246219222597177,-0.0027546192514650166,-0.00968489631453836,0.00024402147388991047
2018-04-23,1.0361771853409554,1.0068554627670885,1.0244344456942884,-0.0022702118029332558,-0.0019919368528645066,-0.00018297145645285173
2018-04-24,1.0371957607487012,1.0171159323351295,1.0243719535058118,0.0009830127724831973,0.010190608232727582,-6.1001647044589546e-05
2018-04-25,1.0369505202999287,1.0142205718182085,1.0243719535058118,-0.00023644567212223404,-0.00284663765936084,0.0
2018-04-26,1.0364653694093584,1.0083978634874355,1.0244969378827646,-0.0004678631053967353,-0.005741067074132,0.00012201073694484421
2018-04-27,1.0364585302213996,1.0091598049237807,1.0243719535058116,-6.598568713161383e-06,0.0007555960439167176,-0.0001219958521411213
2018-05-02,1.0350321229615604,1.0067453542777514,1.0247469066366701,-0.001376231868663801,-0.0023925354876888406,0.00036603221083453263
2018-05-03,1.039010139858093,1.0122878735408578,1.0256217972753403,0.00384337530042078,0.005505383500957595,0.0008537626539821819
2018-05-04,1.0402272538765687,1.0125346229414276,1.025871766029246,0.0011714168820737142,0.00024375418003037553,0.00024372410431383607
2018-05-07,1.0428576555149063,1.0234068121495852,1.0263092113485812,0.0025286797942804446,0.010737597472542326,0.0004264132553606359
2018-05-08,1.0433862731202233,1.027591923287766,1.0262467191601048,0.0005068933449561414,0.004089391519087338,-6.089021494237734e-05
2018-05-09,1.043314513886648,1.0289515001574812,1.025996750406199,-6.877532839358335e-05,0.0013230708016518378,-0.00024357569114596966
2018-05-10,1.0439811291652354,1.0340173571443512,1.026121734783152,0.0006389399071082708,0.00492331950154572,0.00012181751735895752
2018-05-11,1.043996521790504,1.0304257484720365,1.026434195725534,1.4744160443646778e-05,-0.003473451047508125,0.0003045066991473888
2018-05-14,1.0436660332572039,1.0299717818027594,1.026434195725534,-0.00031656095245746995,-0.0004405622335722836,0.0
2018-05-15,1.042762133929836,1.0328565695925094,1.0266216722909636,-0.0008660810053833078,0.0028008415771358154,0.0001826484018265795
2018-05-16,1.0405179486282095,1.0290288075773382,1.0268716410448693,-0.0021521545792702,-0.0037059957092408723,0.00024348672997320797
2018-05-17,1.038946299831367,1.0277534826160126,1.0268091488563929,-0.001510448521252744,-0.0012393481620093017,-6.085686465429063e-05
2018-05-18,1.0397362285519323,1.0323754070041258,1.0270591176102986,0.0007603171797171311,0.004497113817944565,0.0002434422737507269
2018-05-21,1.0407136053392192,1.0357263038493374,1.0277465316835395,0.0009400237872332683,0.003245812349342669,0.0006693033160938278
2018-05-22,1.04122743894264,1.0358862117667604,1.0280589926259216,0.0004937319938787927,0.00015439205978332594,0.0003040252949044753
2018-05-23,1.0404198565609653,1.0299797702811135,1.0281839770028744,-0.0007756061274131406,-0.005701824600573802,0.00012157315664707014
2018-05-24,1.041344053150012,1.0278060720697395,1.0282464691913509,0.0008882919556166045,-0.0021104280628547523,6.077918920555092e-05
2018-05-25,1.0412380400889814,1.0227920946113316,1.0284339457567802,-0.0001018040682231653,-0.0048783302557368294,0.00018232648596083756
2018-05-28,1.0399136448414499,1.0186260968165566,1.0289338832645918,-0.001271942818587637,-0.004073161903307698,0.0004861153308624022
2018-05-29,1.0389579512682199,1.0140351065672304,1.0288713910761151,-0.0009190124372063844,-0.004507041655102106,-6.073489219571293e-05
2018-05-30,1.0378705644997648,1.0044520424354022,1.029121359830021,-0.0010466128750715009,-0.009450426390334077,0.0002429543245872079
2018-05-31,1.0391634679393102,1.0129775410237596,1.0292463442069737,0.0012457270528416357,0.008487710939077098,0.00012144765606003638
2018-06-01,1.0381452477177304,1.0105055167675514,1.029433820772403,-0.0009798460521316602,-0.002440354456141014,0.00018214936247717972
2018-06-04,1.0365945981601377,1.0113272605258126,1.0291838520184973,-0.0014936730298596404,0.0008132006650393043,-0.00024282158683897048
2018-06-05,1.0378083756900067,1.0157548472997384,1.0291213598300208,0.0011709278941095796,0.004377996071839063,-6.0720140870662576e-05
2018-06-06,1.038570616140469,1.0157866260193504,1.0293088363954501,0.0007344712842151768,3.128581635258865e-05,0.00018217148409038764
2018-06-07,1.0382078069514078,1.0147752561915777,1.0293088363954501,-0.0003493351183086358,-0.0009956518444588446,0.0
2018-06-08,1.0369991102884026,1.009509502683344,1.0294963129608794,-0.0011642145771899794,-0.0051890834705567105,0.0001821383036852975
2018-06-11,1.037231047890288,1.0083680514907576,1.0298087739032615,0.00022366229593086376,-0.001130698809226116,0.00030350855894134554
2018-06-12,1.0380706754318987,1.0140131099707985,1.029746281714785,0.0008094894028851446,0.0055982123508327986,-6.0683293889085554e-05
2018-06-13,1.0365608835686109,1.0067273965684467,1.0298087739032613,-0.0014544210707615728,-0.007185028803583848,6.068697657468647e-05
2018-06-14,1.0374249484389193,1.0066343062775571,1.0301212348456434,0.0008335881509763455,-9.24682205002858e-05,0.0003034164694459829
2018-06-15,1.035981020124758,1.0010742276638582,1.030058742657167,-0.0013918388181566692,-0.005523434457801846,-6.066488716327534e-05
2018-06-19,1.0281594961330398,0.9764522230543856,1.0306211723534549,-0.0075498718989815815,-0.02459558335342561,0.0005460171085358567
2018-06-20,1.0282536372523519,0.9799746052419863,1.0309961254843136,9.156275817727441e-05,0.0036073267123941767,0.0003638127577008099
2018-06-21,1.026066395371884,0.971820966537429,1.0315585551806017,-0.0021271423715187874,-0.0083202550973695,0.0005455206691720171
2018-06-22,1.027964901757693,0.9760215558928388,1.0316210473690783,0.0018502763508991846,0.00432239013156539,6.0580359847461906e-05
2018-06-25,1.0281252757393085,0.9723852479976643,1.0321834770653662,0.0001560111452649838,-0.0037256430180458654,0.0005451902108066786
2018-06-26,1.028364226278727,0.9730289831059565,1.0322459692538428,0.00023241383618990272,0.0006620165306063352,6.054368226693363e-05
2018-06-27,1.0273541028162148,0.9683560241204492,1.032433445819272,-0.0009822623509253368,-0.0048024869419522,0.00018162005085353705
2018-06-28,1.0266738428381603,0.9656322058975931,1.0327459067616542,-0.0006621475265340016,-0.0028128272608517802,0.00030264511833411056
2018-06-29,1.0299592186922766,0.9789366231909479,1.0338707661542301,0.003200019048926165,0.013777934509742051,0.001089192787123272
2018-07-02,1.0296998927065757,0.9707125238022002,1.034433195850518,-0.0002517827706131981,-0.008401053953769066,0.0005440038684718651
2018-07-03,1.0304296853088146,0.9735320407909763,1.0350581177352822,0.0007087430108598323,0.002904584951404954,0.0006041200990756224
2018-07-04,1.0305152435429676,0.9670213176541643,1.0349956255468058,8.30316084374852e-05,-0.0066877338022919616,-6.037553583282396e-05
2018-07-05,1.0304003504921153,0.9626086759573996,1.0358080239969996,-0.00011149087951126325,-0.0045631276334932025,0.0007849293563579884
2018-07-06,1.0314649544536407,0.9658524744188828,1.0358080239969996,0.0010331944869942569,0.0033697997353462237,0.0
2018-07-09,1.033680605560488,0.9779592375630912,1.0360579927509053,0.0021480624206189672,0.01253479539045831,0.00024132730015069548
2018-07-10,1.0332980181217148,0.9809988462468087,1.0363704536932876,-0.00037012152178817425,0.003108113883449426,0.00030158634417043473
2018-07-11,1.0329170461623363,0.9733900009642222,1.0366829146356697,-0.00036869514186338697,-0.007756222458055961,0.0003014954172695372
2018-07-12,1.0340801250334481,0.9808827694854024,1.0368078990126226,0.0011260138221486373,0.007697601694858158,0.00012056181807218458
2018-07-13,1.0343030356733987,0.9821086090976351,1.0369328833895755,0.0002155641855540943,0.0012497310079937485,0.00012054728467236764
2018-07-16,1.0346123893463026,0.9803719668607291,1.0373703287089107,0.00029909384603380346,-0.0017682792115034207,0.00042186464171645177
2018-07-17,1.0345982516889403,0.9770239504982392,1.0377452818397692,-1.3664689798744854e-05,-0.0034150470185419944,0.00036144578313246356
2018-07-18,1.032333186060591,0.9747922032306314,1.0379327584051987,-0.002189319017939225,-0.002284229845614061,0.0001806575936409427
2018-07-19,1.033723069203565,0.9744275420352729,1.0383077115360575,0.0013463513153905097,-0.0003740912105675842,0.00036124992473962614
2018-07-20,1.035826430210553,0.9841610786430182,1.038682664666916,0.002034743220549773,0.009988979362605899,0.00036111947035810665
2018-07-23,1.038231733567808,0.988683206807519,1.039120109986251,0.0023221104299935348,0.004594906527634735,0.0004211539618554916
2018-07-24,1.038736788202567,0.9962460823868392,1.0388076490438687,0.0004864565572692295,0.00764944274085626,-0.00030069761847495435
2018-07-25,1.0389892232136348,0.9988265316079595,1.0388701412323451,0.00024302115216762583,0.002590172515346789,6.015761294597688e-05
2018-07-26,1.038373069670257,0.9944675144278072,1.0390576177977746,-0.0005930316981267672,-0.004364138358574576,0.0001804619826757392
2018-07-27,1.0375061524296787,0.9925351531334186,1.0393075865516803,-0.0008348803198967081,-0.0019431115308985337,0.00024057256269927052
2018-07-30,1.036948334266884,0.9902252761032045,1.0394950631171096,-0.0005376528722151525,-0.0023272495920388494,0.00018038602609582455
2018-07-31,1.0378050007604311,0.9919543117220966,1.039995000624921,0.0008261419255307806,0.001746103296510626,0.0004809426475891332
2018-08-01,1.0367353605583176,0.9820989835922354,1.040244969378827,-0.0010306755135403732,-0.009935264168318126,0.00024035572647540526
2018-08-02,1.0353039603221201,0.9733931694784878,1.0403699537557796,-0.0013806804423325226,-0.008864497631291957,0.00012014898474088653
2018-08-03,1.034744970145602,0.9702625344197986,1.0408073990751148,-0.000539928560057106,-0.0032162081642369113,0.00042047092743890957
2018-08-06,1.03432433613924,0.9658064165725999,1.0412448443944498,-0.00040650983430506546,-0.004592692894056038,0.00042029420594413835
2018-08-07,1.036484373393468,0.9816926121251559,1.0414323209598793,0.0020883558268490732,0.016448633266418045,0.00018005041411606193
2018-08-08,1.03507140168541,0.9723977360519324,1.0413073365829264,-0.0013632349356431333,-0.009468214345733117,-0.00012001200120015376
2018-08-09,1.0364908468209557,0.9804651766908149,1.0411198600174971,0.0013713499699002916,0.008296441198678017,-0.00018003960871393332
2018-08-10,1.0361397291571968,0.9795616695749201,1.040807399075115,-0.0003387561644521873,-0.0009215086240433546,-0.00030012004801915904
2018-08-13,1.0367095894083165,0.9794169526695127,1.0406824146981621,0.0005499839790751362,-0.00014773639057373832,-0.00012008405884122997
2018-08-14,1.034391610177359,0.9786738599031856,1.0409948756405443,-0.002235900250792981,-0.0007587093160901892,0.0003002462018855123
2018-08-15,1.032856126955425,0.9675207725414623,1.0409948756405443,-0.0014844312413464632,-0.011396122670351639,0.0
2018-08-16,1.0295175194861095,0.9620070763424254,1.040807399075115,-0.0032324032187880524,-0.005698788445186165,-0.00018009364869731037
2018-08-17,1.0279401420068293,0.9553970787903364,1.0399950006249212,-0.0015321521483845535,-0.006871048783986522,-0.0007805463824678283
2018-08-20,1.0301459011477385,0.958712942732955,1.040119985001874,0.0021458050432808973,0.0034706657747131664,0.00012017786323759161
2018-08-21,1.0324283883529926,0.9666862433949114,1.0403074615673034,0.002215693138914603,0.00831667155679281,0.00018024513338144033
2018-08-22,1.0318617682311086,0.9652844208059769,1.0403699537557798,-0.0005488226866637975,-0.0014501319311335358,6.0070883642682205e-05
2018-08-23,1.0321840667908586,0.9678742960483383,1.0403699537557798,0.00031234664339060405,0.0026830177578115568,0.0
2018-08-24,1.0327104575302102,0.9695136635898809,1.040682414698162,0.0005099775866412323,0.0016937814633942727,0.0003003363767419831
2018-08-27,1.0355418460676828,0.9797475654569971,1.0407449068866383,0.0027417060772717498,0.010555706692386957,6.0049240377058055e-05
2018-08-28,1.0366615153415966,0.980198659944788,1.0407449068866383,0.0010812400079875666,0.000460419095382536,0.0
2018-08-29,1.0352389753367737,0.9775097377937578,1.0408698912635914,-0.0013722319038283557,-0.0027432420191042194,0.00012009126936485259
2018-08-30,1.0346937484837349,0.9744435597302734,1.0410573678290207,-0.0005266676255706144,-0.003136723804311925,0.00018011527377526093
2018-08-31,1.0347641914604329,0.9720428584747773,1.0411198600174971,6.808099188888399e-05,-0.002463663730468446,6.002761270185175e-05
2018-09-03,1.033862406124624,0.9707554723461703,1.0412448443944502,-0.0008714887345842268,-0.0013244129282807826,0.00012004801920784125
2018-09-04,1.033343656993238,0.975769079395849,1.0407449068866386,-0.0005017583851709146,0.005164644642755978,-0.00048013443764260977
2018-09-05,1.0325244272067653,0.9674100302779356,1.041057367829021,-0.0007927950986377034,-0.008566626361114993,0.00030022817341190944
2018-09-06,1.033033441458822,0.9642041839521184,1.0409948756405445,0.0004929803485943763,-0.003313844414964506,-6.002761270174073e-05
2018-09-07,1.0338279095134177,0.9651701371174998,1.041057367829021,0.0007690632487886249,0.001001813911885574,6.003121623243679e-05
2018-09-10,1.0320585264316837,0.959994170385368,1.0411823522059738,-0.0017114870525857904,-0.005362750600210087,0.0001200552254037035
2018-09-11,1.032812730874489,0.9596737092282395,1.0412448443944502,0.0007307768149669913,-0.000333815732443421,6.0020406938310344e-05
2018-09-12,1.032438260827058,0.9600419582318676,1.0409323834520678,-0.0003625730359791366,0.00038372313431854764,-0.00030008402352665886
2018-09-13,1.0342374240535608,0.9643788843716161,1.0409948756405443,0.0017426351722586318,0.004517433954382599,6.0034820195786764e-05
2018-09-14,1.0348274693164663,0.9617403833531633,1.0416197975253085,0.0005705123883381165,-0.002735958927773541,0.0006003121623243679
2018-09-17,1.0330484420077137,0.9558540726539269,1.0419322584676907,-0.001719153541534443,-0.006120477834894944,0.00029997600191977725
2018-09-18,1.034136438218253,0.9636536515596237,1.0420572428446435,0.001053189924399537,0.008159800882619417,0.00011995441732137735
2018-09-19,1.035070144946503,0.9698714062713181,1.0418072740907378,0.0009028854353674993,0.006452271209299398,-0.00023988005996999906
2018-09-20,1.035696967789203,0.9716207340373814,1.0419322584676904,0.0006055848927344701,0.0018036698007096509,0.00011996880810971611
2018-09-21,1.0375383566774454,0.9809644404012833,1.0420572428446433,0.0017779224478884266,0.009616618950766986,0.00011995441732137735
2018-09-25,1.0363705429158305,0.9807345857921865,1.042432195975502,-0.001125562013297169,-0.00023431492481289505,0.0003598200899550541
2018-09-26,1.037094126393437,0.9850610956115934,1.042869641294837,0.0006981899307661788,0.004411499178355327,0.0004196391103650221
2018-09-27,1.0357168724016421,0.9818744266086479,1.042869641294837,-0.0013279932426040304,-0.0032349963034191687,0.0
2018-09-28,1.0338787546487247,0.9864453925280718,1.0431196100487428,-0.0017747299497546305,0.004655346748577482,0.00023969319271333056
2018-10-08,1.0365159257669325,0.9721906595412132,1.043994500687413,0.0025507547247198897,-0.014450605269011896,0.0008387251377905969
2018-10-09,1.0355014716054778,0.9748702643993196,1.0442444694413187,-0.000978715460357279,0.0027562544772554596,0.00023943493355682577
2018-10-10,1.0343942023867803,0.9721941768429081,1.0440569928758894,-0.0010693072381448825,-0.0027450704510516566,-0.00017953321364450048
2018-10-11,1.0334381420584884,0.9432244320370564,1.0446194225721772,-0.0009242707722896749,-0.029798311382534394,0.0005386963548212886
2018-10-12,1.0377924306036357,0.9482943513900133,1.04474440694913,0.004213400268422494,0.005375093329598579,0.00011964584828905167
2018-10-15,1.039569783613286,0.9424453527506627,1.0445569303837008,0.0017126286116929794,-0.006167914667821395,-0.00017944730230889938
2018-10-16,1.0397194117487698,0.9369161362325801,1.0444944381952244,0.00014393274779851803,-0.005866882893469394,-5.982650314095839e-05
2018-10-17,1.0393403609577634,0.9403731712089989,1.0446819147606536,-0.00036457027417499254,0.003689801939285453,0.00017949024769658983
2018-10-18,1.0381864713863456,0.9261362716044577,1.0451818522684653,-0.0011102133764481045,-0.015139627586607363,0.0004785547646108945
2018-10-19,1.0406779903784127,0.9375347451380657,1.0453068366454181,0.0023998761886580597,0.01230755546790222,0.00011958146487289767
2018-10-22,1.0410530989181048,0.9563413810336467,1.045431821022371,0.0003604463082338866,0.020059668180949942,0.00011956716685590507
2018-10-23,1.041345137032468,0.9462319759796691,1.0456192975878005,0.0002805218241670051,-0.010570916677317688,0.0001793293083867109
2018-10-24,1.0389837835492823,0.9410420532316944,1.0459942507186593,-0.002267599280210671,-0.005484831288438896,0.000358594310303717
2018-10-25,1.042047937029995,0.9428971257459489,1.0461817272840888,0.0029491831626527023,0.0019712960838293657,0.00017923288325971676
2018-10-26,1.0405594207579527,0.9408543959153923,1.0465566804149473,-0.0014284527795188119,-0.0021664397682201854,0.00035840152917976376
2018-10-29,1.0396504365808605,0.9306874096065524,1.0471816022997118,-0.0008735533588558725,-0.010806120854596313,0.0005971218725742133
2018-10-30,1.040773086048593,0.9368232352411359,1.0473065866766649,0.0010798335942844774,0.006592788911990721,0.00011935310616473238
2018-10-31,1.0399334268469747,0.9417145908136119,1.047619047619047,-0.000806764906658344,0.005221215047272965,0.00029834715675147727
2018-11-01,1.0416429987788334,0.9431950210185271,1.0478065241844763,0.0016439243972011259,0.0015720582641033487,0.00017895490336439224
2018-11-02,1.0420383348311772,0.9540268637688244,1.0476815398075234,0.00037953123364479157,0.01148420263987423,-0.00011928192282451011
2018-11-05,1.0429826188492477,0.9533198699776358,1.0479315085614291,0.0009061893276924432,-0.0007410627709115269,0.00023859230539802212
2018-11-06,1.0437178888924477,0.9524194366521518,1.048306461692288,0.0007049686446465725,-0.0009445238202212102,0.00035780308903343716
2018-11-07,1.0459625236278436,0.9508288130708302,1.0488063992000995,0.002150614413419583,-0.0016700872746914675,0.00047690014903145617
2018-11-08,1.0489315369571515,0.9513647207555811,1.0491188601424817,0.002838546565712672,0.0005636216292394969,0.0002979205148065933
2018-11-09,1.0472303324908496,0.9444392831169286,1.0494313210848638,-0.0016218450931858083,-0.0072794770371053755,0.00029783178460807136
2018-11-12,1.0440625659555642,0.9497416893998629,1.0498062742157224,-0.003024899524969803,0.005614343216892426,0.00035729172869647385
2018-11-13,1.043416826084362,0.9522853896423892,1.0499312585926752,-0.0006184877154476996,0.002678307450243211,0.00011905470563711162
2018-11-14,1.0432013944095992,0.9460177708733638,1.05055618047744,-0.0002064675107560991,-0.0065816601170149425,0.0005952026665081434
2018-11-15,1.0463882031791552,0.9528392763580152,1.0510561179852513,0.003054835611449279,0.0072107582908868765,0.00047587888882261176
2018-11-16,1.0475797229994404,0.9566925881926969,1.0516185476815394,0.0011386976809038744,0.004044031276092897,0.0005351091028005239
2018-11-19,1.0476234020055237,0.9596587348709332,1.0521809773778272,4.169516183283686e-05,0.003100417746352213,0.0005348229141906025
2018-11-20,1.045786369858704,0.9466264979916558,1.0523684539432567,-0.0017535233971511768,-0.013580074255282204,0.00017817901051264684
2018-11-21,1.0455783806343293,0.9448072380729553,1.05230596175478,-0.00019888308967245405,-0.001921834981970383,-5.9382422803011536e-05
2018-11-22,1.0458744692600814,0.9431082070563024,1.05230596175478,0.0002831816640780308,-0.0017982832351266075,0.0
2018-11-23,1.044723596831179,0.928646946014105,1.0527434070741153,-0.0011003925066805538,-0.015333618066303224,0.00041570164499082907
2018-11-26,1.045792456874761,0.9269025542488136,1.0531808523934503,0.0010231031890386708,-0.001878422981713901,0.00041552890893981065
2018-11-27,1.0458653155935318,0.9277310579696142,1.053743282089738,6.966843018606629e-05,0.00089384123174856,0.0005340295496349956
2018-11-28,1.0474248080706314,0.9363449762977099,1.0538057742782145,0.0014911025863924153,0.009284930426871474,5.930494603245684e-05
2018-11-29,1.0478797724382822,0.9264495477210468,1.0540557430321202,0.0004343647048888348,-0.010568144035747806,0.00023720571665775125
2018-11-30,1.0488024799876756,0.9325444680659477,1.054180727409073,0.0008805471521282143,0.006578793588807541,0.00011857473172471877
2018-12-03,1.0506439642696115,0.9480965477425461,1.0550556180477433,0.0017557970323997002,0.016677038156531775,0.0008299247139724741
2018-12-04,1.0485971696301273,0.9470225052493988,1.0556805399325078,-0.0019481334391969983,-0.001132840843798677,0.0005923117929278465
2018-12-05,1.0491707325121387,0.9434957701554225,1.056430446194225,0.0005469811464527001,-0.0037240245869844314,0.0007103534008170431
2018-12-06,1.0495658685394917,0.9354542142551671,1.0568053993250837,0.0003766174704540775,-0.008523149922474738,0.0003549245785270383
2018-12-07,1.0482287088839977,0.9309731235555154,1.0579302587176593,-0.0012740121373753094,-0.0047902832991346235,0.001064395955295172
2018-12-10,1.0506850884370444,0.9316097580342507,1.058430196225471,0.0023433622187872356,0.0006838376561332571,0.00047256187607080946
2018-12-11,1.0502749948199896,0.9316196362667145,1.058742657167853,-0.00039031068544513505,1.0603401669573297e-05,0.0002952116667649385
2018-12-12,1.049972060685767,0.9337612076464786,1.058867641544806,-0.00028843315866491616,0.0022987615292718424,0.00011804981702279171
2018-12-13,1.0502582340122866,0.938119502678154,1.0586176727909002,0.0002725532775915786,0.004667462083438145,-0.00023607176581674771
2018-12-14,1.0481828532334603,0.9282835654426329,1.0588051493563295,-0.001976067134363408,-0.010484738039707531,0.00017709563164114428
2018-12-17,1.0467684003348077,0.9248593683621679,1.0591801024871883,-0.0013494333496194264,-0.0036887403891850525,0.00035412854866323507
2018-12-18,1.0471146130568842,0.9212975962421227,1.0592425946756647,0.0003307443384475173,-0.0038511499606179943,5.900053100482694e-05
2018-12-19,1.0461079123077053,0.9113893458569549,1.0593675790526178,-0.0009614045460028953,-0.010754668660357503,0.0001179941002951157
2018-12-20,1.0441597448233837,0.9076538829041972,1.0595550556180473,-0.0018623006875304318,-0.004098646719690613,0.00017697026899488044
2018-12-21,1.043999608941572,0.9007029058018919,1.0595550556180473,-0.00015336339348996858,-0.007658180318762531,0.0
2018-12-24,1.0433420078688966,0.8997239962014087,1.059680039995,-0.0006298863208788866,-0.0010868285137946355,0.00011795930403990518
2018-12-25,1.0442979890758946,0.8902783662430833,1.0600549931258587,0.0009162682991654993,-0.010498363940724476,0.00035383617385154054
2018-12-26,1.0477388261587477,0.8934618715572915,1.0603049618797644,0.0032948805023536596,0.00357585383956075,0.00023580734539874193
2018-12-27,1.0470732616355607,0.8972069183229857,1.0604299462567175,-0.0006352389608650359,0.0041916134139742935,0.0001178758767019783
2018-12-28,1.0488830408539784,0.8984522995115638,1.0616172978377698,0.0017284169930868135,0.0013880646294010756,0.001119688844363198
2019-01-02,1.0493626977057826,0.8935006860808631,1.0624296962879634,0.00045730251431440376,-0.00551127025151209,0.0007652460560394481
2019-01-03,1.0503655780087753,0.894981367250303,1.0630546181727278,0.0009557041670962532,0.0016571684750847694,0.0005882006940769458
2019-01-04,1.0543350321214024,0.9105557110190903,1.063242094738157,0.0037791167149177655,0.01740186370207585,0.00017635647522173947
2019-01-07,1.0552471721207644,0.9179007047838216,1.0636170478690157,0.0008651329715628389,0.008066495740838165,0.0003526507581992355
2019-01-08,1.0553480736502052,0.9171388105042599,1.064054493188351,9.561885793839053e-05,-0.0008300399766454691,0.00041128084606367743
2019-01-09,1.0558668103225723,0.9226545281837202,1.064054493188351,0.0004915313585336168,0.006014048927258509,0.0
2019-01-10,1.0571913408888391,0.9241505535994619,1.0639295088113983,0.0012544485282781933,0.0016214361606036066,-0.00011746050390559759
2019-01-11,1.0564602690708143,0.9281348495798263,1.0639295088113983,-0.0006915227071480446,0.004311306166344853,0.0
2019-01-14,1.055842618350263,0.9218635383138605,1.0641169853768275,-0.0005846416932409891,-0.006756896660872957,0.00017621145374446812
2019-01-15,1.056877370841663,0.9294511425040193,1.0641169853768275,0.0009800253119322205,0.008230723827126108,0.0
2019-01-16,1.0578698250145036,0.9311650041213301,1.0653043369578798,0.0009390438287556757,0.0018439501969878757,0.0011158092553440468
2019-01-17,1.0585434413113544,0.9298588246984147,1.0655543057117856,0.0006367667182885278,-0.0014027368051142796,0.00023464539215112268
2019-01-18,1.0603241379043893,0.9381066831878105,1.0655543057117856,0.0016822139966489655,0.008870011522524179,0.0
2019-01-21,1.059628557097445,0.9414845987947216,1.0657417822772148,-0.0006560077075289741,0.003600779812624755,0.00017594275995547193
2019-01-22,1.0584313169867436,0.9341350846468145,1.0663042119735027,-0.0011298677283489618,-0.00780630310608994,0.0005277354286383762
2019-01-23,1.0588999374045176,0.9341403399700989,1.0663042119735027,0.00044274995481809664,5.625870787739906e-06,0.0
2019-01-24,1.0597447108062323,0.9355228723078659,1.066491688538932,0.000797783975495681,0.0014800049613650779,0.0001758190236182955
2019-01-25,1.0615727262550778,0.9391783656271807,1.0666791651043612,0.0017249583132665307,0.003907433401705118,0.00017578811672325223
2019-01-28,1.062653520289557,0.9359849881296434,1.0669916260467434,0.0010181064450402887,-0.0034001821319689096,0.00029292870115416036
2019-01-29,1.0630633999347983,0.9334901930561775,1.067241594800649,0.0003857133462744458,-0.0026654221008939995,0.00023427433524658703
2019-01-30,1.0653816482459753,0.9332180144684187,1.0679290088738898,0.0021807244152317277,-0.00029157091288533054,0.0006441035250028815
2019-01-31,1.066711078106463,0.9361608178428819,1.068366454193225,0.0012478437775576973,0.0031533932359197768,0.0004096202235357449
2019-02-01,1.0691469194773326,0.943186862278674,1.0684914385701776,0.0022835062097540694,0.007505168238061566,0.0001169864295740286
2019-02-11,1.0707901977298164,0.9533579252666663,1.0694288213973242,0.0015369994736430716,0.010783719954940563,0.0008772955901275026
2019-02-12,1.072420728693513,0.9575642605853586,1.0697412823397066,0.001522736169189325,0.004412126030751517,0.00029217553906391025
2019-02-13,1.0735383319579177,0.9666005644526758,1.0698662667166594,0.0010421313524648552,0.009436759744764623,0.000116836078981164
2019-02-14,1.0736247266611179,0.969385341878348,1.0698662667166594,8.047658907759685e-05,0.002881001240930292,0.0
2019-02-15,1.0751273707039533,0.9662862589078197,1.0699912510936125,0.0013995989525208048,-0.003196956707147347,0.00011682242990662672
2019-02-18,1.0789181105050645,0.984487242376134,1.0699912510936125,0.0035258518240766042,0.018836016036165783,0.0
2019-02-19,1.078752486455337,0.984585015626628,1.0701162354705656,-0.00015350937954865793,9.931388268490382e-05,0.00011680878402064998
2019-02-20,1.0805674340346385,0.9852970305436327,1.0704286964129477,0.0016824504249952797,0.0007231624549470239,0.00029198785330519783
2019-02-21,1.079593266343733,0.983663584602785,1.0705536807899005,-0.0009015334538335693,-0.0016578208298734022,0.00011676104851421343
2019-02-22,1.080846847311091,0.993747584550517,1.0707411573553298,0.0011611604170183728,0.010251472256954674,0.00017512112544504355
2019-02-25,1.086030531516519,1.018613563933191,1.0713660792400943,0.004795947009813452,0.02502243001065626,0.0005836348780203782
2019-02-26,1.083746040746347,1.0102898704121246,1.070866141732283,-0.0021035235233965504,-0.008171591087915608,-0.00046663555762938014
2019-02-27,1.0828060143516345,1.0105376409471734,1.071053618297712,-0.000867386231985761,0.0002452469754522624,0.00017507002801098182
2019-02-28,1.081430414769591,1.0100581091847782,1.0712410948631412,-0.0012704026056479007,-0.0004745313217087155,0.00017503938386131956
2019-03-01,1.0828706027758366,1.0202254310154166,1.0712410948631412,0.001331743574599249,0.010066076137782199,0.0
2019-03-04,1.0812434652147298,1.022443591601704,1.071366079240094,-0.0015026149541189683,0.0021741867227124565,0.0001166725002916813
2019-03-05,1.0817720883845225,1.0289603927237307,1.0713035870516177,0.0004889029962256607,0.00637375125195686,-5.8329444703630884e-05
2019-03-06,1.0834249405860459,1.0357213609779703,1.0713660792400939,0.0015279116731431496,0.006570678815287357,5.833284722611687e-05
2019-03-07,1.0809999183359797,1.0342483333964985,1.0717410323709526,-0.0022382928057335803,-0.0014222238113163477,0.0003499766682222294
2019-03-08,1.0795754463238554,1.0155665621449244,1.0718660167479057,-0.0013177355409212815,-0.018063138850050377,0.00011661807580187755
2019-03-11,1.0842475698323424,1.031332687670285,1.0721784776902878,0.004327741543582174,0.01552446300719259,0.0002915111940298143
2019-03-12,1.0854393923877794,1.038650494211891,1.0721784776902878,0.0010992162570596488,0.007095485898092013,0.0
2019-03-13,1.0856614991472817,1.0336969341623723,1.0724284464441938,0.00020462382428716882,-0.004769227066393799,0.00023314099201510174
2019-03-14,1.0839302002848508,1.0280004653658987,1.0726159230096228,-0.0015946949060925756,-0.005510772653195028,0.00017481498747140556
2019-03-15,1.0852350858725024,1.0348028090019215,1.0725534308211464,0.0012038465090360485,0.0066170627983147216,-5.82614775109791e-05
2019-03-18,1.088640265740526,1.0472429767722735,1.072803399575052,0.0031377347750290068,0.012021776189756018,0.00023305948843432844
2019-03-19,1.0900780043184213,1.049115796614223,1.0729908761404814,0.0013206737093425787,0.001788333637454298,0.00017475388827392635
2019-03-20,1.0893647055910989,1.0483387192115452,1.0730533683289578,-0.0006543556740863419,-0.0007406974570259517,5.824111822949618e-05
2019-03-21,1.0927924278545906,1.0548573599170816,1.0731783527059107,0.0031465332463031003,0.0062180672964547105,0.00011647545279824811
2019-03-22,1.0906349991007727,1.052385175843729,1.0733033370828637,-0.0019742347209098063,-0.0023436193055968333,0.00011646188784730782
2019-03-25,1.0905902110468075,1.0414572385169811,1.0739282589676282,-4.106603400964789e-05,-0.010383971170998896,0.0005822416302765365
2019-03-26,1.0890319103579806,1.0339122571903074,1.0744281964754399,-0.0014288599632038105,-0.007244638615616772,0.00046552225778295764
2019-03-27,1.0889904846429979,1.0387472520538366,1.0746781652293456,-3.803902768024912e-05,0.004676407335249466,0.0002326528238236758
2019-03-28,1.0881983654440834,1.0336168042759624,1.0750531183602041,-0.0007273885401983516,-0.0049390722986080715,0.0003488980636157102
2019-03-29,1.0869081429319107,1.0499096704017308,1.0749906261717277,-0.0011856501104429797,0.015762965596502053,-5.812939603555556e-05
2019-04-01,1.0912785213785057,1.0674321061039143,1.075178102737157,0.0040209271363133535,0.016689469766936037,0.0001743983257760373
2019-04-02,1.0919139663231245,1.070729139297842,1.0753655793025862,0.0005822940085141345,0.0030887521324066136,0.0001743679163033196
2019-04-03,1.0931167197703724,1.0768097761541646,1.075178102737157,0.001101509353615185,0.005678968315282818,-0.0001743375174337869
2019-04-04,1.094015577139228,1.080201084307117,1.0749906261717277,0.000822288555831678,0.003149403198273648,-0.00017436791630343063
2019-04-08,1.0951581484089534,1.0818720391130479,1.0750531183602041,0.0010443829992925026,0.0015468923612519947,5.8132775258679104e-05
2019-04-09,1.0939520302917303,1.0820690101198174,1.0750531183602041,-0.0011013186716233752,0.00018206497593827863,0.0
2019-04-10,1.094850629957753,1.082217585989827,1.0760529933758272,0.0008214251092736331,0.0001373072037182399,0.000930070336569111
2019-04-11,1.0939536719030323,1.0735842603169359,1.0763029621297329,-0.0008192515309191663,-0.007977439827865074,0.00023230152738240584
2019-04-12,1.0915384183216794,1.0710675389323057,1.0749281339832513,-0.0022078207179936937,-0.002344223437000825,-0.0012773616675375576
2019-04-15,1.0899521049339904,1.0672831098848399,1.0748656417947748,-0.001453282230897696,-0.003533324379560909,-5.813615487471058e-05
2019-04-16,1.0907003330443865,1.0776893250171709,1.0749281339832513,0.0006864779718385322,0.009750191899367645,5.8139534883761e-05
2019-04-17,1.0897603618194933,1.0810933935834433,1.0746156730408691,-0.0008618052057154429,0.0031586733646248753,-0.00029068077437344186
2019-04-18,1.0882190417235467,1.0775218857839912,1.0746156730408691,-0.0014143660844602387,-0.0033036070894982505,0.0
2019-04-19,1.0896855481677494,1.0832565588950016,1.0748031496062984,0.0013476206425132836,0.005322094322787541,0.00017445917655267706
2019-04-22,1.088224083862025,1.0744441326837433,1.0751156105486805,-0.0013411798552176405,-0.008135123797678667,0.0002907145764288188
2019-04-23,1.0867827047973448,1.0754480266044522,1.0750531183602041,-0.0013245241362097233,0.0009343379429149312,-5.812601720522892e-05
2019-04-24,1.0861321587215376,1.0770881049528165,1.0748031496062984,-0.0005985981125166581,0.0015250186971309753,-0.00023251758414222223
2019-04-25,1.0851776836262113,1.0654150969309188,1.0748031496062984,-0.0008787835694413318,-0.01083756098337848,0.0
2019-04-26,1.0847517236117699,1.0587239311194945,1.0746156730408691,-0.0003925255936133472,-0.0062803369604009784,-0.00017442874585726909
2019-04-29,1.0847622256642377,1.0508695841561497,1.0748656417947748,9.681526416716767e-06,-0.007418692193950571,0.0002326122354034954
2019-04-30,1.0862979263461099,1.0554712341098906,1.074990626171728,0.0014157025802883512,0.004378897270526827,0.000116279069767522
2019-05-06,1.083024676421871,1.022060197088481,1.075740532433445,-0.00301321566105612,-0.031655090107298035,0.0006975933031041492
2019-05-07,1.0823790060113567,1.0272763305244006,1.075740532433445,-0.0005961733140258155,0.005103548157710058,0.0
2019-05-08,1.0837701485184577,1.0231131389422459,1.0760529933758274,0.0012852637563874761,-0.004052650156973414,0.0002904612524690098
2019-05-09,1.0838835269680192,1.016436117334569,1.0763654543182095,0.0001046148481913439,-0.006526181077666293,0.00029037690922817383
2019-05-10,1.0871985357867975,1.0349742071095804,1.0763654543182095,0.0030584548397479447,0.018238322565341726,0.0
2019-05-13,1.0881365360838824,1.0299280598496474,1.0761779777527802,0.0008627681754612392,-0.004875626102823838,-0.00017417556897347808
2019-05-14,1.0915965362949571,1.0292921956497405,1.0760529933758274,0.003179748217560236,-0.0006173870046804475,-0.00011613727425818787
2019-05-15,1.092706969769085,1.0404920464377212,1.0768028996375447,0.001017256318801612,0.0108811189235829,0.0006969045821476616
2019-05-16,1.0943038459833296,1.0452464710514857,1.0769903762029742,0.00146139473657988,0.004569400246779298,0.000174104811096365
2019-05-17,1.0919818411691875,1.0326692780302593,1.077115360579927,-0.0021219013555194323,-0.012032753393153428,0.00011604966925848892
2019-05-20,1.0892294259082862,1.0300458298886388,1.077427821522309,-0.0025205687101483355,-0.002540453364338069,0.0002900905082383609
2019-05-21,1.0899769365324259,1.03515685694452,1.077302837145356,0.000686274724460801,0.004961941408406789,-0.000116002552056238
2019-05-22,1.0896591253831431,1.0316709686960068,1.0771778527684033,-0.0002915760312267372,-0.0033674976165471993,-0.00011601601020927443
2019-05-23,1.0886207199124953,1.0196924106146679,1.077427821522309,-0.0009529635887577345,-0.011610831791147002,0.00023205894297140262
2019-05-24,1.0902155902423676,1.0151188427570839,1.0777402824646913,0.001465037639555934,-0.0044852426182392605,0.0002900063801405395
2019-05-27,1.0904194269808973,1.0220929656245799,1.077990251218597,0.00018696920164614834,0.0068702525987540345,0.00023193784065855816
2019-05-28,1.089918067709351,1.024662962825214,1.0780527434070735,-0.00045978571102178257,0.0025144456395545965,5.7971014492785855e-05
2019-05-29,1.0898132838096926,1.0238564955227867,1.0781777277840265,-9.613924455683374e-05,-0.0007870561654768404,0.00011593530809816954
2019-05-30,1.0882194316381815,1.0211636478797668,1.0783652043494558,-0.0014625002238358924,-0.002630102611836327,0.00017388280299068803
2019-05-31,1.0899878272609616,1.013480077132101,1.0783652043494558,0.0016250358809691912,-0.007524328508578581,0.0
2019-06-03,1.0915523919586994,1.0072719393747431,1.078802649668791,0.0014353964866463688,-0.006125564673087114,0.00040565600370889854
2019-06-04,1.0945805428499005,1.0033494350361074,1.079052618422697,0.0027741690765454175,-0.0038941860537390683,0.00023170943636685593
2019-06-05,1.0966793911094141,1.0049446371089406,1.0793650793650793,0.0019174909267515505,0.0015898768834965327,0.0002895696994267283
2019-06-06,1.0966555326711211,0.9970221015821463,1.079615048118985,-2.1755162435310683e-05,-0.007883554212086707,0.00023158869847139663
2019-06-10,1.0980635969008414,1.0083694136370223,1.0801149856267964,0.0012839621811697919,0.011381204124631849,0.0004630701551284755
2019-06-11,1.0989696708376466,1.021636484553709,1.0801149856267964,0.0008251561561300311,0.013156954918767772,0.0
2019-06-12,1.1008932592869056,1.0176055049408443,1.08005249343832,0.00175035626578558,-0.003945610472814521,-5.785697755145147e-05
2019-06-13,1.1014451779087413,1.0197866593500833,1.0803024621922257,0.0005013370889320513,0.0021434184452114756,0.00023144130070007485
2019-06-14,1.1046100734443414,1.0150130489565208,1.08092738407699,0.0028734026886466685,-0.004680989253776668,0.0005784693700467969
2019-06-17,1.1018795542939899,1.0141649539657442,1.081239845019372,-0.0024719303363198606,-0.0008355508253302558,0.00028906746834711505
2019-06-18,1.103647910313561,1.012096060886659,1.0795525559305081,0.0016048541899881773,-0.0020399966208606178,-0.0015605132354641338
2019-06-19,1.1038878846094804,1.0221457022884501,1.0814273215848014,0.00021743736718633807,0.009929533164062542,0.0017366136034733248
2019-06-20,1.1124366348623567,1.0394280364788353,1.0823647044119478,0.007744219654970104,0.016907896938462084,0.0008668015024557718
2019-06-21,1.1150797430151793,1.0454050163017825,1.0826146731658537,0.002375962881831714,0.005750258424041399,0.00023094688221725335
2019-06-24,1.116718828300184,1.0483845814901909,1.0829271341082358,0.001469926518952714,0.002850153903937469,0.00028861694758708367
2019-06-25,1.1199355780211737,1.0425050349438234,1.0825521809773773,0.0028805368365519756,-0.005608196314762837,-0.00034624040625541586
2019-06-26,1.1161309509422943,1.0425283686631104,1.082927134108236,-0.003397183868023678,2.2382356444150542e-05,0.0003463603301969709
2019-06-27,1.1167143396962345,1.047020524881246,1.0829896262967127,0.0005226884474869211,0.004308905496640125,5.7706734376106184e-05
2019-06-28,1.1178593646875328,1.0436396287212935,1.0830521184851891,0.001025351740007043,-0.003229063881375249,5.770340450084177e-05
2019-07-01,1.113651458374744,1.056615441856769,1.0833645794275715,-0.003764253756522217,0.012433231527796717,0.000288500375050571
2019-07-02,1.1167654709854913,1.0561721294745428,1.0836770403699534,0.002796218320668791,-0.00041955887134050853,0.00028841716658956074
2019-07-03,1.1240478718880045,1.0514862280318562,1.0838645169353827,0.006520976061416728,-0.004436683483607784,0.00017300040366752256
2019-07-04,1.1212642442129073,1.0491204629061217,1.0839895013123357,-0.002476431604662718,-0.002249924975396567,0.00011531365313666164
2019-07-05,1.1216076952943743,1.05114133607846,1.0843019622547179,0.0003063069951974751,0.0019262546521497282,0.00028825089357775724
2019-07-08,1.1189336013061575,1.0396773666997217,1.0844269466316707,-0.0023841615918256476,-0.010906211168050472,0.0001152671315773901
2019-07-09,1.1168109909637118,1.038474489184026,1.0844269466316707,-0.0018969940128421693,-0.0011569719166956039,0.0
2019-07-10,1.1168616326978424,1.0373823281191774,1.0844894388201471,4.5344946047646395e-05,-0.0010516975392498517,5.7626923298581545e-05
2019-07-11,1.1217144460817852,1.0438337913235327,1.0848018997625293,0.004345044401086975,0.006218983136190492,0.0002881180131382166
2019-07-12,1.1211300295293567,1.045202082252434,1.085176852893388,-0.0005210029651216781,0.0013108321844670034,0.0003456420300709251
2019-07-15,1.1226143303146523,1.0479600055913867,1.085864266966629,0.001323932769795378,0.0026386508272250976,0.0006334581053843991
2019-07-16,1.1223385480800854,1.0461471217557805,1.0859892513435818,-0.0002456607110027416,-0.001729917006310855,0.00011510128913450046
2019-07-17,1.1201271979844336,1.0410566263540784,1.085614298212723,-0.0019703057508223035,-0.00486594599921919,-0.0003452641270572654
2019-07-18,1.1219411358946036,1.035677613018277,1.0858017747781523,0.00161940350473936,-0.005166878726510271,0.00017269168777334087
2019-07-19,1.1244285970880992,1.0392515763187942,1.0858017747781523,0.002217104903201515,0.003450845374654532,0.0
2019-07-22,1.12330122832064,1.0343532597807783,1.0864266966629168,-0.0010026148128735332,-0.004713311626975259,0.000575539568345329
2019-07-23,1.122826294908202,1.0374194531874366,1.0864891888513935,-0.00042280147164815287,0.002964358044666582,5.752085130872331e-05
2019-07-24,1.1244128615587483,1.0434518851789087,1.0866141732283463,0.0014130116632832105,0.005814843719131835,0.00011503508570109844
2019-07-25,1.1255030627384637,1.0462933861366328,1.0867391576052992,0.0009695737366467726,0.002723173917345534,0.00011502185415235289
2019-07-26,1.126620335178929,1.0490468068146925,1.0868016497937756,0.0009926871613718615,0.002631595224190797,5.7504312823475345e-05
2019-07-29,1.127142192208108,1.0477469100497379,1.0870516185476813,0.00046320576052453057,-0.0012391217975313395,0.0002300040250704516
2019-07-30,1.1287591761716513,1.051448279048646,1.0871766029246341,0.0014345873792335792,0.003532693786453045,0.00011497556769191064
2019-07-31,1.1290405053517594,1.0480273526443111,1.0874890638670163,0.00024923755752957917,-0.0032535374991815246,0.00028740587457609656
2019-08-01,1.1243883969736181,1.0412109907835987,1.087739032620922,-0.004120408750695613,-0.006503992327599006,0.0002298586369382516
2019-08-02,1.127710687290693,1.0331592873861977,1.0880514935633043,0.0029547532916713165,-0.007733018061345387,0.00028725726760892023
2019-08-05,1.1309661199161973,1.0270334526953466,1.088738907636545,0.0028867622362660347,-0.0059292257889379755,0.0006317845040491044
2019-08-06,1.1324368448963478,1.0210388878423984,1.0888638920134979,0.0013004147111492317,-0.005836776628079643,0.000114797382619658
2019-08-07,1.1365846685563412,1.019057264432008,1.0891138607674034,0.0036627417049231287,-0.0019407913194940507,0.00022956841138643824
2019-08-08,1.1401252826502315,1.0251437809327135,1.089488813898262,0.0031151344830187408,0.005972693305020549,0.000344273582740362
2019-08-09,1.1407719180685048,1.0208090801708418,1.0899887514060733,0.0005671617217102112,-0.004228383220476595,0.00045887346564166265
2019-08-12,1.140295956899802,1.0285516683493319,1.0901762279715026,-0.00041722728370515545,0.00758475637500633,0.00017199862401096055
2019-08-13,1.1460730127931489,1.0291679684981307,1.0905511811023614,0.005066277625901173,0.0005991922114987891,0.00034393809114363627
2019-08-14,1.1395046226766705,1.0290853733519112,1.0911136107986494,-0.005731214366936462,-8.025429157109132e-05,0.000515729757607053
2019-08-15,1.1422764981652722,1.0303643049536693,1.0913635795525551,0.0024325267606994574,0.001242784743497538,0.00022909507445589838
2019-08-16,1.1441565156944054,1.034541141859052,1.0913635795525551,0.0016458515360798297,0.004053747674780306,0.0
2019-08-19,1.1462011948262212,1.0489448605048783,1.0918010248718903,0.0017870624374977549,0.013922808927582308,0.0004008245533670962
2019-08-20,1.1446932423885776,1.0474975725201592,1.0921759780027491,-0.0013156088516137418,-0.0013797560188458457,0.0003434262492130191
2019-08-21,1.145372347847753,1.0471374180028488,1.0919260092488432,0.0005932641462602805,-0.00034382372499814907,-0.00022887223207657126
2019-08-22,1.1459233416466488,1.0483212050711426,1.0925509311336077,0.0004810608532072276,0.0011304982974933097,0.0005723115664169054
2019-08-23,1.144628556879034,1.0483033773909647,1.0924259467566546,-0.0011299052218922277,-1.7005933001879027e-05,-0.00011439684264724637
2019-08-26,1.1516163415848755,1.0465489006282622,1.0929883764529427,0.006104849179103613,-0.0016736345608930447,0.0005148446885190339
2019-08-27,1.1525425159510119,1.0528580912410939,1.093050868641419,0.0008042386450176302,0.006028567426752807,5.7175528873631976e-05
2019-08-28,1.153712427102311,1.0535894265662191,1.093488313960754,0.0010150698435047257,0.0006946190860945944,0.0004002058201360015
2019-08-29,1.1569530655301614,1.0561657953358017,1.093613298337707,0.002808878843395685,0.0024453251946341846,0.00011429877700308566
2019-08-30,1.153934403922314,1.054977325814877,1.093488313960754,-0.002609147853775743,-0.0011252679514648588,-0.00011428571428573342
2019-09-02,1.1542400342857908,1.061070153116582,1.09373828271466,0.0002648593910000457,0.005775315878944554,0.00022859755400639337
2019-09-03,1.154764271472822,1.0620513696641882,1.09373828271466,0.00045418385384236236,0.0009247423883558814,0.0
2019-09-04,1.156945988026568,1.0676754002394622,1.0939882514685657,0.0018893176794979316,0.005295441196080964,0.00022854530910754178
2019-09-05,1.1610537241110765,1.0772538718990434,1.094300712410948,0.0035504994416507897,0.00897133310127136,0.0002856163601052675
2019-09-06,1.155576256608177,1.077840199623211,1.0950506186726652,-0.004717669293979694,0.0005442799877190096,0.0006852835360628973
2019-09-09,1.1580680693377976,1.086411247886541,1.0953630796150473,0.002156337771195003,0.007952058446443389,0.000285339268390139
2019-09-10,1.1546949728614946,1.0848506699965874,1.0953630796150473,-0.002912692755816883,-0.0014364522578256267,0.0
2019-09-11,1.155426411415288,1.0834004376335655,1.0954880639920002,0.0006334474220328149,-0.001336803675501741,0.00011410314924686915
2019-09-12,1.1546370404745263,1.0825852724593925,1.0954255718035237,-0.0006831858203714769,-0.0007524135544504596,-5.70450656018906e-05
2019-09-16,1.1563177374892697,1.0900931700349727,1.095738032745906,0.0014556063557885429,0.0069351558409104005,0.00028524159963505547
2019-09-17,1.1549857974923676,1.0849043961259313,1.0959255093113354,-0.0011518806239141758,-0.0047599361702953865,0.0001710961560397184
2019-09-18,1.1548921413170408,1.0822774282259633,1.0958005249343825,-8.10885947948909e-05,-0.002421381929457178,-0.00011404459143526946
2019-09-19,1.1544568028508082,1.0824932008387005,1.095738032745906,-0.00037695162228413545,0.00019936904079297378,-5.702879954372353e-05
2019-09-20,1.1553724926351867,1.0846784166203765,1.095863017122859,0.0007931780401978763,0.0020186877663368684,0.00011406410402647893
2019-09-23,1.1568309758888264,1.0817069152837415,1.0961129858767646,0.0012623489506083459,-0.0027395228771063262,0.00022810218978097652
2019-09-24,1.1571569242363002,1.0817083169324653,1.0961754780652408,0.0002817596989252052,1.2957749496944616e-06,5.7012542759249385e-05
2019-09-25,1.157530103542187,1.0751236885040718,1.096487939007623,0.0003224967142060189,-0.0060872495157164195,0.000285046462573435
2019-09-26,1.1542662689522973,1.065824688279009,1.096487939007623,-0.0028196541756468087,-0.008649237594235592,0.0
2019-09-27,1.1523630929070523,1.0660846753799675,1.0965504311960992,-0.0016488189046471307,0.00024393045480889386,5.699304684814166e-05
2019-09-30,1.1518918042485264,1.0610419462284175,1.0969253843269577,-0.0004089758353306265,-0.0047301394232618366,0.00034193879295596474
2019-10-08,1.1504147160076723,1.0582261437793654,1.0983627046619158,-0.001282315088453763,-0.002653808795270829,0.0013103173246737931
2019-10-09,1.1551397177382925,1.0653900322645973,1.098675165604298,0.0041072160020845395,0.006769714136570837,0.00028447883477467073
2019-10-10,1.1557155251436764,1.0709452730125053,1.0989876265466803,0.000498474250812905,0.005214278883480572,0.0002843979295832355
2019-10-11,1.157363495967791,1.0789455428220582,1.0990501187351567,0.0014259311986914536,0.007470288175462714,5.686341407939999e-05
2019-10-14,1.1561631451394325,1.0852846178515045,1.0978627671541044,-0.0010371424643514753,0.005875250212226524,-0.001080343435492126
2019-10-15,1.1556438348308147,1.0802360193167575,1.0967379077615285,-0.0004491669802840091,-0.00465186592687683,-0.0010245901639344135
2019-10-16,1.1543651724367827,1.0773410230520957,1.0970503687039108,-0.0011064502362175827,-0.0026799664266822345,0.0002849002849003579
2019-10-17,1.1544804254193328,1.074146829401297,1.0974878140232458,9.984100811618484e-05,-0.00296488631032501,0.00039874679578466576
2019-10-18,1.1535877384084798,1.0681612911345102,1.09723784526934,-0.00077323702610949,-0.0055723650649539104,-0.0002277644915157362
2019-10-21,1.1530001517772408,1.0665498484175433,1.0974878140232458,-0.0005093558224273367,-0.0015086136619455349,0.00022781637999758075
2019-10-22,1.1525172141234687,1.0692557361719905,1.09723784526934,-0.0004188530704246221,0.002537047619913857,-0.0002277644915157362
2019-10-23,1.1532865431659765,1.0670714347915518,1.0977377827771515,0.0006675206522557324,-0.002042824093942808,0.00045563275999538355
2019-10-24,1.1535315528040984,1.068047523973391,1.097675290588675,0.0002124447211959477,0.0009147364928104417,-5.6928156666247176e-05
2019-10-25,1.1569742948695658,1.0734296786612054,1.0992375953005862,0.0029845235330567925,0.005039246444569767,0.001423284941645342
2019-10-28,1.1585366117022828,1.0814433082512969,1.0989876265466805,0.0013503470558031878,0.007465444406275656,-0.00022740193291637123
2019-10-29,1.1561005077464566,1.0759911922444838,1.0986751656042981,-0.0021027423140704974,-0.005041518094581587,-0.00028431707039699994
2019-10-30,1.1545221974561821,1.0714494855563528,1.0983002124734393,-0.0013652016236469333,-0.004220951547621155,-0.0003412775154997272
2019-10-31,1.1536479443518834,1.0681796774616257,1.0983627046619155,-0.000757242352052642,-0.003051761318480883,5.689900426730787e-05
2019-11-01,1.1563792688172194,1.0748815565499668,1.0986126734158213,0.002367554572179815,0.006274112145877098,0.000227583067819781
2019-11-04,1.1576515196327124,1.0797904726802072,1.0986126734158213,0.0011002020269649658,0.004566936794409615,0.0
2019-11-05,1.1585756912351062,1.084279418198041,1.098862642169727,0.000798315889298894,0.004157237567295346,0.00022753128555175195
2019-11-06,1.155861694793357,1.0798360939291312,1.09898762654668,-0.002342528384015925,-0.004097951316178494,0.00011373976342143877
2019-11-07,1.157257103781219,1.0816460754658528,1.0992375953005857,0.0012072456368677422,0.00167616321300742,0.0002274536563173779
2019-11-08,1.1535438044757675,1.0772500118536987,1.0992375953005857,-0.00320870729012481,-0.004064234791644461,0.0
2019-11-11,1.1521477225030674,1.0675720448397004,1.0996125484314445,-0.0012102548401572003,-0.008983956284525718,0.0003411028993747234
2019-11-12,1.1503808996366354,1.0682360310893428,1.0994875640544917,-0.0015335037616474123,0.000621959195027566,-0.00011366219595365656
2019-11-13,1.1518650999138558,1.067105574950443,1.0997375328083974,0.0012901816065349421,-0.0010582456554542486,0.00022735023303388502
2019-11-14,1.1529931595850764,1.0706213487829612,1.0997375328083974,0.0009793331452658356,0.0032946822835983715,0.0
2019-11-15,1.152167462091934,1.0658501481677871,1.0998625171853502,-0.0007161339044193379,-0.004456478119549734,0.00011364927832713256
2019-11-18,1.1538010438469952,1.0709334520748481,1.100674915635544,0.0014178336125680625,0.004769248206044008,0.000738636363636358
2019-11-19,1.1556828717131507,1.0772139467744708,1.1011123609548792,0.0016309812477558346,0.00586450510762807,0.00039743371373424097
2019-11-20,1.1555088689273996,1.0715931632954911,1.1012998375203085,-0.0001505627452045376,-0.005217889627042183,0.00017026106696937937
2019-11-21,1.1554130800828344,1.071839185073845,1.1017372828396437,-8.289754162964854e-05,0.00022958505781909278,0.0003972081938377059
2019-11-22,1.1553077913711052,1.0686936113249093,1.1021747281589787,-9.112646684039178e-05,-0.0029347441227565384,0.000397050482132677
2019-11-25,1.1556355532329377,1.0712151912821621,1.1020497437820258,0.0002837009014224768,0.002359497549654743,-0.00011339797017639874
2019-11-26,1.155610279517756,1.0704129618327043,1.102237220347455,-2.186997026073996e-05,-0.0007488966325222446,0.00017011624610141496
2019-11-27,1.1563556489765612,1.0716286928425984,1.102362204724408,0.0006450007169512534,0.0011357588643289395,0.00011339154099099247
2019-11-28,1.1554584267881711,1.0692480425004618,1.1024871891013606,-0.0007759050506512763,-0.0022215253828466452,0.00011337868480709723
2019-11-29,1.155731927010111,1.0672987369288405,1.1026746656667898,0.00023670278012518568,-0.0018230620904975293,0.0001700487473075274
2019-12-02,1.1545482636671847,1.0646307870273015,1.1026121734783134,-0.001024167728920122,-0.0024997217828778505,-5.6673278549079775e-05
2019-12-03,1.1545507557357948,1.0659870755569782,1.1027371578552663,2.1584793713262055e-06,0.0012739520087180934,0.0001133529811834233
2019-12-04,1.1577633291460088,1.0678654254113535,1.1027371578552663,0.002782531122390123,0.0017620756362301871,0.0
2019-12-05,1.1585755368498225,1.0734816917710182,1.1029246344206958,0.0007015317235974611,0.005259339075896352,0.00017001020061213623
2019-12-06,1.158985935463677,1.0775704403584745,1.1029871266091722,0.000354226893975683,0.0038088666241814393,5.666043401886256e-05
2019-12-09,1.1582549241910693,1.0789349579846177,1.1032995875515546,-0.0006307335147386196,0.0012662908846025832,0.0002832861189803193
2019-12-10,1.1590135785729554,1.0811804565285805,1.1035495563054603,0.0006549977608909919,0.0020812177113597287,0.00022656471254589583
2019-12-11,1.1594400747245355,1.0803242156540098,1.1036120484939367,0.00036798201458967906,-0.0007919500111201794,5.6628348151122054e-05
2019-12-12,1.1612186412848158,1.0810551988039192,1.1037370328708898,0.001533987481589252,0.0006766331248688085,0.00011325028312580976
2019-12-13,1.160776768975672,1.087935812310809,1.1036120484939367,-0.0003805246431927549,0.006364719872308555,-0.0001132374589515317
2019-12-16,1.1653378516690107,1.096331345676564,1.103924509436319,0.003929336643567924,0.007716938141711427,0.0002831257078144134
2019-12-17,1.1668940151291167,1.1027489903348826,1.1040494938132719,0.001335375365931321,0.005853745479071371,0.00011321822813470384
2019-12-18,1.1675855882984956,1.103151427399909,1.1040494938132719,0.0005926615103107073,0.00036493986261016965,0.0
2019-12-19,1.1680393998674026,1.104774253004358,1.1042994625671778,0.00038867520587367775,0.0014710814527737703,0.0002264108224374617
2019-12-20,1.1690360368894726,1.1030133516586524,1.1046744156980364,0.0008532563389412732,-0.0015939015060469908,0.0003395393582705797
2019-12-23,1.1688256721480648,1.0952515554956879,1.1051118610173716,-0.00017994718278108434,-0.007036901367778348,0.0003959947954970122
2019-12-24,1.1708559665089833,1.1018864600280667,1.1056742907136594,0.0017370377886954166,0.006057881862013048,0.000508934630174096
2019-12-25,1.1722506236558379,1.1041747686596062,1.105861767279089,0.001191143220641208,0.0020767190763747666,0.00016955858249034783
2019-12-26,1.1743375240821112,1.1092021435970643,1.1065491813523298,0.0017802510693193368,0.004553060874195691,0.0006216094032549524
2019-12-27,1.1767586727902601,1.110108327870336,1.1070491188601415,0.002061714505837044,0.0008169694572833675,0.0004517987236687393
2019-12-30,1.1775525507853382,1.1153457486049487,1.107424071991,0.0006746310976366689,0.004717936622149377,0.0003386960203217715
2019-12-31,1.1796795993340403,1.117420666152023,1.1077990251218586,0.001806330042156927,0.0018603357296781199,0.00033858134416786534
2020-01-02,1.182248592889137,1.1258703065291835,1.1081739782527174,0.0021777044856476084,0.007561736267378938,0.0003384667456423074
2020-01-03,1.1853712808804502,1.131161545549437,1.1081739782527174,0.002641312504066528,0.004699687867748636,0.0
2020-01-06,1.189756782130173,1.1372044748038102,1.108548931383576,0.0036996857612963526,0.005342233634222449,0.0003383522246658277
2020-01-07,1.1881616663737558,1.139117716805293,1.1086739157605288,-0.0013407074289263643,0.0016824080839226373,0.00011274592705334818
2020-01-08,1.1905655868479619,1.1365102098435749,1.108861392325958,0.0020232267562904746,-0.002289058385494325,0.00016909982526347456
2020-01-09,1.184878948529808,1.1337033418433258,1.108986376702911,-0.004776417511957028,-0.002469725283537394,0.00011271415689817488
2020-01-10,1.184197018225582,1.1321499547132594,1.1094863142107223,-0.0005755274030920206,-0.0013701883665091618,0.0004508058153949168
2020-01-13,1.1856687067155138,1.1379139689765738,1.1101112360954866,0.0012427733453821525,0.005091210964871184,0.0005632533513573179
2020-01-14,1.1828239990199179,1.132168467435134,1.1102987126609158,-0.002399243295773743,-0.00504915283411742,0.00016888088268407486
2020-01-15,1.1831879765504316,1.1306245965491857,1.1104236970378687,0.0003077190949925219,-0.0013636405979808753,0.00011256824449823455
2020-01-16,1.1839513087435327,1.1303249276773724,1.1106736657917744,0.0006451487069084534,-0.00026504718960462803,0.00022511114862955317
2020-01-17,1.1849694422104728,1.130892052460477,1.1109861267341568,0.0008599453874675094,0.0005017360665221182,0.00028132560625682146
2020-01-20,1.1871910783956507,1.1368299977570282,1.111423572053492,0.0018748468154871133,0.005250673823051377,0.00039374507818656923
2020-01-21,1.187553751918549,1.1298932410748048,1.1120484939382564,0.0003054887536625367,-0.0061018416965681775,0.0005622715771718134
2020-01-22,1.1866530327902842,1.1309161079721781,1.1127359080114974,-0.0007584659867477142,0.0009052774724099821,0.0006181511660579009
2020-01-23,1.1843741102061385,1.112447210313128,1.1132983377077854,-0.0019204624445168048,-0.016330917500296617,0.0005054476019319409
2020-02-03,1.1770728004912363,1.0652518291327377,1.1159855018122724,-0.006164698849784446,-0.04242482766180513,0.002413696323323
2020-02-04,1.1803529400310666,1.0718324812036717,1.117110361204848,0.0027866921557115174,0.006177555288772773,0.0010079516183221227
2020-02-05,1.181843891543151,1.0795618946940804,1.117235345581801,0.0012631404231054021,0.007211400686167535,0.0001118818527634513
2020-02-06,1.1845959096041156,1.0942756324201388,1.1177977752780888,0.0023285800101492857,0.01362936001944367,0.0005034120147666687
2020-02-07,1.1846430627622972,1.0952753343843482,1.1192975878015232,3.980526844589498e-05,0.0009135741805732844,0.001341756582993181
2020-02-10,1.1865239620711021,1.0988459071927177,1.119860017497811,0.0015877350468918787,0.0032599773739783065,0.0005024845067276296
2020-02-11,1.1868782254639592,1.099463023644777,1.1194850643669525,0.0002985724723491514,0.0005616041776374981,-0.00033482142857144126
2020-02-12,1.1901441372089572,1.1088354926112762,1.1194850643669525,0.00275168224922266,0.008524587698664743,0.0
2020-02-13,1.1907812803301943,1.106608355977173,1.1196100487439054,0.0005353495440738102,-0.002008536567366137,0.00011164452383605195
2020-02-14,1.191196366705379,1.1095254201557474,1.1196725409323818,0.0003485832218238398,0.0026360402601499854,5.58160303638644e-05
2020-02-17,1.194093951400651,1.1240075448153402,1.1197350331208584,0.0024324996081763143,0.0130525397584492,5.581291510869946e-05
2020-02-18,1.1943795036771219,1.1255637439771742,1.1171728533933243,0.00023913719363191795,0.001384509533776912,-0.002288201808237522
2020-02-19,1.1968813038491435,1.1271441066258292,1.1171103612048479,0.0020946442603205478,0.0014040632146436916,-5.5937797169614e-05
2020-02-20,1.1981753234960084,1.1384451439514,1.1164854393200836,0.0010811595458158172,0.010026257742145394,-0.0005594092638173676
2020-02-21,1.2012596474608284,1.14229287677432,1.1174228221472304,0.002574184181844497,0.0033798139887222024,0.0008395835665511164
2020-02-24,1.20121573944894,1.13936451663368,1.1174853143357069,-3.6551641421637276e-05,-0.002563580847067137,5.592528382081241e-05
2020-02-25,1.1939179840380778,1.1332278320848999,1.1176727909011364,-0.006075307849537421,-0.005386059034830681,0.0001677664690751257
2020-02-26,1.1940644601032697,1.1203659112434248,1.1202349706286705,0.00012268519877424422,-0.011349810229962287,0.0022924238188426482
2020-02-27,1.1885277667245053,1.1124976777773012,1.1209223847019114,-0.004636846304164783,-0.007022914020465831,0.0006136338279594256
2020-02-28,1.1829502312105822,1.0843856884771035,1.1213598300212464,-0.004692810441689886,-0.02526925661217,0.00039025478062093555
2020-03-02,1.1865775756874382,1.10566187810706,1.1217347831521052,0.003066354256631688,0.01962050021135602,0.0003343736067766834
2020-03-03,1.1835868094938176,1.109109375819823,1.1219847519060109,-0.0025204978207074976,0.0031180397742076927,0.00022284122562665765
2020-03-04,1.192774272798537,1.117835163176108,1.1226721659792518,0.00776239075243555,0.00786738219558849,0.0006126768408154515
2020-03-05,1.1912134796451934,1.1257829477390433,1.1231721034870632,-0.0013085402568934106,0.00710997902441457,0.0004453103256329971
2020-03-06,1.1924658305848643,1.1163647855543002,1.1241094863142098,0.0010513236804908733,-0.008365877457691073,0.0008345852111499852
2020-03-09,1.179949790730069,1.0832133054285713,1.128546431696037,-0.010495931651690675,-0.02969592068354999,0.003947075828329982
2020-03-10,1.1852727836769623,1.0883728302852873,1.127984001999749,0.004511202924659915,0.004763166064207913,-0.0004983664654742981
2020-03-11,1.1805173367411368,1.066468942994008,1.1301087364079478,-0.004012111811994277,-0.020125352895420834,0.0018836565096953528
2020-03-12,1.1655772979787686,1.041285593756949,1.1301712285964243,-0.012655501361471528,-0.023613767097951453,5.529750055299765e-05
2020-03-13,1.170988184153191,1.0448994058879155,1.129421322334707,0.004642237098994252,0.0034705292694274135,-0.0006635333149018763
2020-03-16,1.161896481382956,1.0023204597957867,1.12954630671166,-0.007764128531159997,-0.04074932558311387,0.00011066231394907255
2020-03-17,1.151994684815959,1.0017387795458483,1.1292963379577543,-0.008522098763231602,-0.0005803336091301902,-0.00022130013831256345
2020-03-18,1.1563121899108957,0.9874222729168246,1.1293588301462307,0.003747851575917838,-0.014291656588870705,5.533728072593114e-05
2020-03-19,1.15435084411881,0.9824234518488628,1.1298587676540424,-0.0016962078314134872,-0.005062495757965302,0.00044267374944673143
2020-03-20,1.1602789392058177,0.9931639345218897,1.1301712285964245,0.005135436178013207,0.010932640759759905,0.0002765486725662125
2020-03-23,1.1556075595106097,0.973116509978473,1.1316085489313827,-0.004026083329932237,-0.020185413350785376,0.0012717721868953369
2020-03-24,1.1678278893407148,1.0021682363618618,1.132233470816147,0.010574809527276142,0.029854314550712458,0.0005522421029378055
2020-03-25,1.1756245950746822,1.018365169381928,1.1324209473815763,0.006676245536805081,0.016161890222010356,0.00016558118997678228
2020-03-26,1.1739994337542385,1.018622779319723,1.132670916135482,-0.0013823811846504993,0.00025296420728069256,0.000220738369847151
2020-03-27,1.1755315481479363,1.014045528271266,1.1329208848893877,0.0013050384435008698,-0.004493568317325225,0.00022068965517241246
2020-03-30,1.1731000656829962,1.0086956863732062,1.1329208848893877,-0.0020684110679725595,-0.005275741324139627,0.0
2020-03-31,1.1732303121396088,1.0159820021314308,1.1332333458317698,0.00011102757592705224,0.007223502446434116,0.00027580120249326434
2020-04-01,1.1705420773803104,1.0072765024227721,1.1342332208473929,-0.002291310351840332,-0.008568557012225886,0.0008823205029226955
2020-04-02,1.1722995685070936,1.0288199189856253,1.1346081739782516,0.0015014335330144812,0.021387788269691187,0.00033057851239681746
2020-04-03,1.1726458934069668,1.0232846381703538,1.1346081739782516,0.00029542354972811433,-0.0053802232180041095,0.0
2020-04-07,1.1816287840197481,1.0504804667851422,1.1357955255593042,0.007660360781789481,0.02657699295028515,0.001046486010134462
2020-04-08,1.1796855811023446,1.0507724174346988,1.1362329708786392,-0.001644512171405494,0.00027792106449169295,0.00038514442916093294
2020-04-09,1.1812425440882341,1.0591162574945991,1.1369828771403565,0.0013198118302290278,0.007940672900674683,0.0006599934000659502
2020-04-10,1.1803419661936774,1.0490840817688842,1.1372328458942622,-0.0007623987969820624,-0.009472213890330105,0.00021985269869184698
2020-04-13,1.177753973330248,1.0424964008157274,1.1376702912135976,-0.002192578877606893,-0.00627945945195284,0.0003846576546875369
2020-04-14,1.1808416440684044,1.0540399492965373,1.1375453068366446,0.0026216602177326943,0.01107298641201776,-0.00010985992859113836
2020-04-15,1.1803990214696531,1.0464096157242724,1.1380452443444562,-0.00037483654220250146,-0.007239131284689349,0.0004394879964841891
2020-04-16,1.1831692693687734,1.044327609614576,1.138295213098362,0.002346874106750126,-0.001989666454140304,0.00021964746581737415
2020-04-17,1.1812000335642332,1.0462668839975278,1.1384826896637912,-0.001664373691509777,0.0018569597941279104,0.00016469942355201717
2020-04-20,1.181883897537899,1.0436684838480152,1.1385451818522676,0.0005789569541428656,-0.0024834965048159295,5.4890767372972604e-05
2020-04-21,1.1829427598404665,1.0316440433425071,1.1391076115485557,0.0008959105922107316,-0.011521321848460764,0.0004939897908777802
2020-04-22,1.1837478499387522,1.0291046598711324,1.13973253343332,0.0006805824640189511,-0.0024614919145437343,0.0005486065393898176
2020-04-23,1.1865990210324404,1.0373979567514457,1.1405449318835137,0.002408596639762339,0.008058749710988411,0.0007127974558613914
2020-04-24,1.186396271374845,1.035444254577331,1.1404824396950373,-0.00017086619321417888,-0.001883271661949948,-5.4791518272923057e-05
2020-04-27,1.1865368872252355,1.0306214476862632,1.1412323459567546,0.00011852351004729807,-0.004657717563980768,0.0006575342465753309
2020-04-28,1.1853287921514053,1.0243166214237147,1.1413573303337075,-0.0010181689982309444,-0.0061174995695100435,0.00010951702989814294
2020-04-29,1.1865593403585237,1.0374394330492591,1.1421072365954248,0.00103814925889458,0.012811284471109097,0.0006570302233903647
2020-04-30,1.1891568690940635,1.0464358993037242,1.1417947756530427,0.0021891267020451182,0.008671799015796577,-0.000273582840884079
2020-05-06,1.190175580101234,1.0572817812035047,1.1421697287839014,0.0008566666296488359,0.010364592716092113,0.0003283892507253139
2020-05-07,1.1880784990858848,1.0569955781148082,1.1422322209723779,-0.00176199297852394,-0.0002706970779074891,5.471357443775915e-05
2020-05-08,1.1912789056071793,1.065299116203788,1.1434195725534302,0.002693766888094328,0.00785579264559404,0.0010395010395010118
2020-05-11,1.1899661426592996,1.0618221974865005,1.1430446194225714,-0.0011019778338228754,-0.0032637957399959784,-0.000327922610264042
2020-05-12,1.1887552570614046,1.05752659490717,1.1430446194225714,-0.0010175798743222127,-0.004045500828198023,0.0
2020-05-13,1.18875372535797,1.0629895036607542,1.1430446194225714,-1.2884935107379918e-06,0.00516574124933814,0.0
2020-05-14,1.1875471433353195,1.057328426444748,1.1430446194225714,-0.0010149974691244868,-0.005325619111487346,0.0
2020-05-15,1.1894167483317102,1.0652685818317729,1.1427321584801893,0.0015743417066709927,0.007509639567455484,-0.0002733584823135793
2020-05-18,1.1917804189887162,1.0740658651895887,1.1429196350456183,0.0019872518697263324,0.00825827730945412,0.00016405993656332107
2020-05-19,1.1886356923520014,1.0754702594785865,1.1422947131608538,-0.0026386795642970085,0.0013075495037263574,-0.0005467767510525245
2020-05-20,1.1877525727984408,1.0748648275326709,1.1422947131608538,-0.0007429690688600229,-0.0005629462466114843,0.0
2020-05-21,1.1855116403520858,1.0730769536175628,1.142169728783901,-0.0018866997198542443,-0.0016633476780629763,-0.00010941517588480831
2020-05-22,1.1836078881765055,1.0586978247971288,1.1422322209723774,-0.0016058485727013226,-0.013399904612580804,5.471357443775915e-05
2020-05-25,1.1806654362262603,1.060205876709685,1.1421072365954243,-0.0024860023151572724,0.0014244403617670542,-0.00010942116205281405
2020-05-26,1.1832257301832685,1.07037617928395,1.1416697912760894,0.002168517751473804,0.009592761932076931,-0.00038301597723788827
2020-05-27,1.1815573052563864,1.0671257781922585,1.141357330333707,-0.0014100647782767535,-0.003036690422114885,-0.00027368766763380403
2020-05-28,1.1831065442599364,1.0683835692448658,1.1416072990876127,0.0013111839744530025,0.00117867179137785,0.00021901007446345488
2020-05-29,1.186288127842,1.0729665880378454,1.1416697912760891,0.0026891775702702955,0.004289675473218746,5.474052988829747e-05
2020-06-01,1.191826210973676,1.0886944123412445,1.1421072365954241,0.0046684131803210295,0.014658261010867757,0.0003831627346870814
2020-06-02,1.1916201368534756,1.0906056417353218,1.1417322834645653,-0.00017290618238042057,0.0017555242062528786,-0.00032829940906109467
2020-06-03,1.1891232760442252,1.0954884268924585,1.1414198225221832,-0.0020953496269737575,0.0044771317608145456,-0.00027367268746569806
2020-06-04,1.1866615060813677,1.090012191229102,1.1414823147106594,-0.002070239488580978,-0.0049988986911442155,5.474952094153274e-05
2020-06-05,1.1860282761521619,1.0958015385708777,1.1412323459567537,-0.0005336230474828799,0.005311268432004834,-0.000218986094382978
2020-06-08,1.1845458279405139,1.1008280617249109,1.1411698537682773,-0.0012499265333348745,0.004587074371686562,-5.475851494907147e-05
2020-06-09,1.1845264185614506,1.1003831590554691,1.1411698537682773,-1.638550286981942e-05,-0.0004041527327569128,0.0
2020-06-10,1.185748471066675,1.0989792750910528,1.14129483814523,0.001031680244589823,-0.0012758137498409372,0.00010952302721634055
2020-06-11,1.1860591677927157,1.0879275945630509,1.141419822522183,0.00026202582893594434,-0.010056313870965571,0.00010951103323675326
2020-06-12,1.1866406353162156,1.0841281437081742,1.1416697912760887,0.0004902517001593359,-0.003492374744297888,0.00021899808376679708
2020-06-15,1.186782586484156,1.0796237263623816,1.1416697912760887,0.00011962439488040053,-0.004154875391746238,0.0
2020-06-16,1.1883325191186416,1.0956966867212248,1.1411073615798006,0.0013059954301126878,0.01488755755025748,-0.0004926378017406918
2020-06-17,1.1884408236377835,1.1044169694217862,1.1410448693913242,9.113991025188763e-05,0.007958664844242746,-5.4764512595784076e-05
2020-06-18,1.1882908420270555,1.1050831337028881,1.140857392825895,-0.00012620031872423424,0.0006031818593395744,-0.00016430253573584963
2020-06-19,1.189401176301945,1.111039779102919,1.1409823772028478,0.0009343960549215637,0.00539022379254982,0.00010955302366344455
2020-06-22,1.190457454604136,1.1127482500520298,1.141169853768277,0.0008880757167864148,0.0015377225741551536,0.00016431153466966997
2020-06-23,1.1883431009569632,1.1141918946585443,1.1401699787526538,-0.0017760850158865923,0.0012973685705162442,-0.0008761842177319457
2020-06-24,1.1898880416914428,1.1131494963200004,1.1397950256217952,0.0013000796935123036,-0.0009355644602524693,-0.00032885722115649774
2020-06-29,1.188402742359502,1.1055582910105783,1.1402324709411304,-0.0012482681394371702,-0.006819573951673219,0.0003837929711059118
2020-06-30,1.1904661201905349,1.1165907642159996,1.1400449943757012,0.0017362614183607588,0.00997909680125184,-0.00016441959881619006
2020-07-01,1.1948903712107515,1.1248469189522612,1.1403574553180833,0.00371640229417727,0.007394073998147876,0.00027407772844378897
2020-07-02,1.1993674385881679,1.136252301135914,1.14041994750656,0.0037468436312527846,0.010139497198673453,5.480052608519692e-05
2020-07-03,1.2047295243232794,1.145675530209183,1.140294963129607,0.004470761471916878,0.008293254116052095,-0.00010959504630392303
2020-07-06,1.2159406784949194,1.1747904987480038,1.1393575803024605,0.009305951207543923,0.02541292693360111,-0.0008220529402094279
2020-07-07,1.215968356929776,1.1766180201268757,1.1386076740407431,2.27629812422852e-05,0.0015556147081709493,-0.0006581834137779907
2020-07-08,1.2203526188008293,1.1896317038062802,1.138732658417696,0.0036055723375263203,0.011060245089567221,0.00010976948408347731
2020-07-09,1.2244189312935136,1.1994024060807762,1.138295213098361,0.0033320799497115797,0.008213216109854893,-0.0003841510262320158
2020-07-10,1.2184126590371491,1.1891719883959766,1.1381077365329317,-0.004905406232178452,-0.00852959576613561,-0.00016469942355201717
2020-07-13,1.2244381373457873,1.2038596076929442,1.1385451818522667,0.004945351038456661,0.0123511312411414,0.00038436195914770543
2020-07-14,1.2210506851868135,1.197687595056385,1.1384201974753139,-0.0027665359773233313,-0.005126854159005445,-0.00010977550908397582
2020-07-15,1.2164181819014,1.189007780261212,1.138295213098361,-0.003793866496790577,-0.007247144272847073,-0.00010978756106927445
2020-07-16,1.2062644493495165,1.159387553586554,1.1384201974753139,-0.0083472383946219,-0.024911718128665928,0.00010979961570134478
2020-07-17,1.2058590799213802,1.1662930490051477,1.1385451818522667,-0.00033605353150792914,0.005956157970845666,0.00010978756106938548
2020-07-20,1.213478538288358,1.1818774394689806,1.1386701662292196,0.006318697179337494,0.013362328170545546,0.00010977550908397582
2020-07-21,1.2149068210336897,1.1873280944532423,1.1392950881139838,0.0011770152501802958,0.004611861435235398,0.0005488172987211382
2020-07-22,1.2202538603433708,1.1952176898698077,1.1394825646794131,0.004401192928632714,0.006644831747368352,0.00016455487905209232
2020-07-23,1.2206197891195145,1.193766210885702,1.1395450568678895,0.0002998792202474816,-0.001214405540018304,5.4842601733051666e-05
2020-07-24,1.2150224837120085,1.1681871512683315,1.1400449943757012,-0.004585625644774809,-0.021427193519233678,0.000438716753496049
2020-07-27,1.217305960448448,1.172117207054706,1.1405449318835128,0.0018793699433965706,0.0033642347308027844,0.00043852436551006235
2020-07-28,1.2197839026620136,1.1752546714622074,1.1409198850143714,0.002035595235772095,0.002676749721459515,0.0003287491096377604
2020-07-29,1.2245705516175875,1.189836743939721,1.1407949006374185,0.003924177836031346,0.012407585208209471,-0.00010954702305954189
2020-07-30,1.2242931919377689,1.1872536784250167,1.1410448693913244,-0.00022649546769869483,-0.0021709411210073084,0.00021911804984942052
2020-07-31,1.2275071753202058,1.192398804595366,1.1407949006374187,0.002625174593472879,0.004333636748276748,-0.00021907004764765148
2020-08-03,1.2319824302541378,1.201734659445259,1.1412323459567537,0.003645807555271178,0.007829473506609952,0.00038345658723626386
2020-08-04,1.232169096550632,1.2027419975398979,1.1416072990876123,0.00015151701185845507,0.0008382366995255963,0.0003285510896944288
2020-08-05,1.2382664076777656,1.209388677832038,1.1414823147106594,0.004948436983367336,0.005526272721610626,-0.00010948105977670597
2020-08-06,1.2395826581830136,1.212122404852311,1.140982377202848,0.0010629784488110764,0.002260420549970321,-0.000437972188765956
2020-08-07,1.2371260935188624,1.2058220728032658,1.1411073615798009,-0.001981767531139882,-0.005197768825841209,0.00010954102311311331
2020-08-10,1.236641456980946,1.2087466910501892,1.1414823147106596,-0.000391743849277227,0.002425414422979022,0.00032858707557514855
2020-08-11,1.2304026660726288,1.1981751981168418,1.141669791276089,-0.005044947242467758,-0.008745829884475309,0.00016423957078726126
2020-08-12,1.2202645898198863,1.1885800770988795,1.1420447444069475,-0.008239640999074462,-0.008008111862975353,0.0003284252011603872
2020-08-13,1.2215303193051188,1.1883634538617014,1.1421697287839006,0.0010372582272664976,-0.00018225380128087388,0.00010943912448713178
2020-08-14,1.224488997120808,1.1956551455250966,1.1426071741032358,0.0024221075555228354,0.0061359103897887565,0.00038299502106475813
2020-08-17,1.2293406470001695,1.207540320913788,1.14235720534933,0.003962183319547655,0.009940303801788886,-0.00021877050973528878
2020-08-18,1.2347012854602397,1.2149703952169213,1.1422947131608534,0.00436058018023821,0.006153065180888384,-5.4704595186083615e-05
2020-08-19,1.2306144277481241,1.20561054447459,1.141669791276089,-0.003309997130676307,-0.0077037685685010905,-0.0005470758794244857
2020-08-20,1.223243280737132,1.1956840434562024,1.1416072990876125,-0.005989810329528018,-0.00823358842030818,-5.473753352669419e-05
2020-08-21,1.224653281990123,1.1991201347262164,1.1419822522184713,0.00115267443132095,0.002873745191147359,0.0003284431793300069
2020-08-24,1.2237974270683998,1.2037811042371611,1.142107236595424,-0.000698854879425448,0.0038869912829950226,0.0001094451132754859
2020-08-25,1.2238487648885927,1.2055367586169636,1.142107236595424,4.19496062481316e-05,0.001458449857389288,0.0
2020-08-26,1.2203360810533732,1.1978906562877507,1.1414823147106596,-0.0028701943704126345,-0.006342487920471862,-0.0005471656817683801
2020-08-27,1.2229620329736226,1.203259571413877,1.1415448068991358,0.002151826829526109,0.004481974292014623,5.474652359560572e-05
2020-08-28,1.2247083840602282,1.2135311315630846,1.1407949006374187,0.0014279683583958518,0.008536445828673533,-0.0006569223189356599
2020-08-31,1.2265092400386919,1.2143689398920134,1.1412948381452301,0.0014704365560830868,0.0006903888224520149,0.000438236099698619
2020-09-01,1.229439726018725,1.2180396406683156,1.1412948381452301,0.0023892897699986622,0.003022722877471373,0.0
2020-09-02,1.2285224874682585,1.2182976378539927,1.1411698537682773,-0.0007460622355492687,0.00021181345587042432,-0.00010951103323653122
2020-09-03,1.2243782988581828,1.2051469864204862,1.1412323459567537,-0.003373311154129491,-0.010794284602464666,5.4761513608170276e-05
2020-09-04,1.2241888030641797,1.2006382985769464,1.1414823147106594,-0.0001547689910707635,-0.003741193310312674,0.00021903405979628587
2020-09-07,1.2204000693234527,1.1849233945550965,1.1413573303337066,-0.003094893313224022,-0.013088791220866425,-0.00010949304719154451
2020-09-08,1.219626209702544,1.183624763296794,1.141419822522183,-0.0006341032259508585,-0.0010959622067300279,5.475251861586372e-05
2020-09-09,1.2161781680005996,1.1650337700513396,1.1412948381452301,-0.0028271298816916935,-0.01570683025731249,-0.00010949904188339854
2020-09-10,1.2155332702927006,1.156069621818361,1.1419197600299944,-0.0005302658153772649,-0.007694324802776808,0.0005475551661828781
2020-09-11,1.216496012704878,1.1591684168135696,1.1419197600299944,0.0007920329584606978,0.0026804570734541566,0.0
2020-09-14,1.217690426950431,1.1740826186262683,1.1423572053493296,0.000981848056285162,0.01286629414360354,0.0003830788595196033
2020-09-15,1.2182926491458697,1.1775426575803372,1.1424821897262825,0.0004945610001608262,0.0029470148856452936,0.00010940919037194519
2020-09-16,1.2167285398926908,1.1773827635005445,1.1425446819147589,-0.001283853476646515,-0.00013578623140598768,5.4698610655323776e-05
2020-09-17,1.2149060914925853,1.1737683777120307,1.1427946506686648,-0.0014978266230742494,-0.003069847716954499,0.00021878247552375996
2020-09-18,1.2167471687353275,1.1860871362581025,1.1424821897262825,0.0015154070389756325,0.01049505062496583,-0.00027341827527760376
2020-09-21,1.2162705027159613,1.1812335674328542,1.1433570803649526,-0.0003917543690375653,-0.004092084533148466,0.0007657805491740888
2020-09-22,1.2117978991326879,1.1678638143426427,1.143857017872764,-0.0036773099185468338,-0.011318466947453486,0.00043725404459982187
2020-09-23,1.2091414785946153,1.165302826173668,1.143857017872764,-0.0021921316582359384,-0.0021928825412029563,0.0
2020-09-24,1.2038630678281539,1.1514570899214198,1.143857017872764,-0.004365420308462527,-0.011881663668242604,0.0
2020-09-25,1.2042787343869017,1.15603992315967,1.1433570803649526,0.0003452772743480235,0.003980029545489217,-0.0004370629370628043
2020-09-28,1.203404462663562,1.1539438888325468,1.1436070491188584,-0.0007259712377008707,-0.001813115866616677,0.00021862702229991093
2020-09-29,1.2086511645053428,1.1597564316743774,1.1437320334958112,0.004359882321001216,0.005037110467919892,0.00010928961748635224
2020-09-30,1.2101746359980092,1.155309965396625,1.143857017872764,0.0012604724484668315,-0.003833965612359558,0.00010927767457102888
2020-10-09,1.214243372161116,1.1757881803108332,1.1447319085114342,0.003362106626661901,0.017725299294183604,0.0007648601398602128
2020-10-12,1.2206454760514982,1.1941886432430404,1.1446069241344814,0.00527250470306272,0.01564947091689837,-0.00010918222513378595
2020-10-13,1.221406227061487,1.1929368175553718,1.1447944006999107,0.0006232366603688923,-0.0010482646060583467,0.00016379122079057673
2020-10-14,1.2193409921677845,1.1862132325272925,1.1447319085114342,-0.0016908665175804152,-0.005636161889829005,-5.458813253989003e-05
2020-10-15,1.2188738061710933,1.1851671441576663,1.1443569553805757,-0.0003831463058258956,-0.000881872112822013,-0.0003275466754012468
2020-10-16,1.219442184439432,1.189919581623574,1.1442944631920993,0.0004663142857457259,0.004009930151485352,-5.4608999563110494e-05
2020-10-19,1.2180601272851743,1.1836833886722267,1.1446694163229578,-0.001133351930820008,-0.005240852447220279,0.0003276718912128551
2020-10-20,1.2192525351891768,1.1876335320334022,1.1449818772653402,0.0009789401009784396,0.0033371621152903487,0.0002729704645958453
2020-10-21,1.219314737198115,1.184463379258588,1.1442319710036228,5.1016509823051784e-05,-0.0026693021789193083,-0.0006549503329330575
2020-10-22,1.2209545817427112,1.182300783642633,1.1448568928883873,0.0013448902851484611,-0.0018258020077485226,0.0005461496450027692
2020-10-23,1.217780750636637,1.1742256428016395,1.1446069241344816,-0.0025994669691514053,-0.006830022404378455,-0.00021834061135361793
2020-10-26,1.2173012686094846,1.165422308741081,1.1447319085114347,-0.00039373428008410713,-0.007497140021192283,0.00010919414719379184
2020-10-27,1.2202282881485613,1.1675520672887514,1.144919385076864,0.002404515311497243,0.0018274564779619084,0.00016377333770067892
2020-10-28,1.2196630352466837,1.1635445557512247,1.144669416322958,-0.00046323536945300854,-0.0034324049862998196,-0.0002183286938487461
2020-10-29,1.218165590776534,1.1581135517799652,1.1438570178727645,-0.0012277526061505615,-0.004667637302254423,-0.0007097232079488203
2020-10-30,1.2136373021459308,1.1390038457893337,1.1436070491188588,-0.003717301379130851,-0.016500718743218856,-0.00021853146853145766
2020-11-02,1.2141628102246829,1.1404770117893914,1.1439195100612412,0.00043300257648871303,0.0012933810588118156,0.0002732240437159916
2020-11-03,1.2161117944362634,1.1546864399801877,1.1438570178727645,0.0016052082926340278,0.012459197374352925,-5.4629882545897956e-05
2020-11-04,1.2174524228866401,1.1636795278885679,1.1442944631920997,0.0011023891524694917,0.0077883376793915216,0.00038243006993021744
2020-11-05,1.2203304735626166,1.1722803439550749,1.1442944631920997,0.0023639943720777296,0.007391052141402376,0.0
2020-11-06,1.2204355980312898,1.1687618317759714,1.1442944631920997,8.614426251788684e-05,-0.0030014255525538714,0.0
2020-11-09,1.2232257902172061,1.1836461660224897,1.1441069866266704,0.0022862264837384683,0.012735130324970423,-0.00016383594560642756
2020-11-10,1.2182597064442853,1.1825017557299096,1.1443569553805761,-0.004059825923093947,-0.0009668516871269905,0.00021848372296262575
2020-11-11,1.2174633831128954,1.1818351146089492,1.144481939757529,-0.0006536564635418078,-0.0005637548677877912,0.00010921799912622099
2020-11-12,1.2166495763959213,1.178681349731044,1.1443569553805761,-0.0006684445119764253,-0.0026685320472549013,-0.00010920607185749276
2020-11-13,1.2154846660794552,1.1752583240984116,1.1442944631920997,-0.0009574739835252329,-0.002904114528844892,-5.4608999563110494e-05
2020-11-16,1.21642714046348,1.187771652320579,1.1444194475690523,0.0007753897768739177,0.010647300228030366,0.00010922396373747034
2020-11-17,1.2140541365996378,1.1835898232437454,1.1437945256842879,-0.0019507981899664919,-0.0035207348724508036,-0.0005460601758313643
2020-11-18,1.2134110989364397,1.1818557079473784,1.1438570178727643,-0.0005296614407979488,-0.0014651319758855253,5.463585204612542e-05
2020-11-19,1.2129383015266273,1.185098124197528,1.1434820647419057,-0.00038964322168045335,0.002743495867004808,-0.0003277972027971865
2020-11-20,1.2131837231106022,1.1867474843759351,1.1431696037995236,0.00020233641205485775,0.001391749885288196,-0.0002732539075307461
2020-11-23,1.2163369691698358,1.1971004859662076,1.1434820647419057,0.0025991496581808733,0.008723845406520159,0.0002733285956375564
2020-11-24,1.213826375107816,1.200831350679565,1.1435445569303822,-0.0020640612968735464,0.003116584411329626,5.465078150623803e-05
2020-11-25,1.210949498068555,1.1957829690422763,1.1436070491188586,-0.002370089411680004,-0.0042040721492086815,5.464779496144878e-05
2020-11-26,1.2106922383217438,1.195255151717252,1.1437320334958114,-0.00021244465373767,-0.00044139893165306976,0.00010928961748635224
2020-11-27,1.2121087424670505,1.2000769379563376,1.1440444944381936,0.001169995231216001,0.00403410621753697,0.0002731941864275722
2020-11-30,1.2085489958549493,1.1909685379583785,1.1442944631920995,-0.0029368211674275207,-0.007589846708887016,0.00021849565739895382
2020-12-01,1.2122685390052472,1.205373632767791,1.1445444319460052,0.0030776933025099176,0.012095277373243252,0.00021844792747516273
2020-12-02,1.214464116223356,1.2065406708884685,1.1447319085114347,0.0018111310715944653,0.0009681961583959175,0.00016380016380024287
2020-12-03,1.2145695187783534,1.2075237896422426,1.1450443694538168,8.678935308943228e-05,0.000814824379728607,0.0002729555628342428
2020-12-04,1.2147110996147727,1.2140100066691824,1.1448568928883875,0.00011656873833106644,0.005371502476867562,-0.00016372864705560541
2020-12-07,1.2137915403977202,1.2092989808834895,1.1451068616422935,-0.00075701886427509,-0.0038805493857650974,0.00021834061135383998
2020-12-08,1.2153030132875247,1.2063023807065962,1.1449818772653404,0.0012452491548171456,-0.0024779646921591625,-0.00010914647456894411
2020-12-09,1.2133604985592064,1.1975825251889503,1.1455443069616285,-0.0015983789286126903,-0.0072285818689491795,0.0004912127496998764
2020-12-10,1.2112195844082043,1.195006456533176,1.1458567679040108,-0.00176445018075363,-0.002151057318883243,0.0002727619878895027
2020-12-11,1.2087899610590345,1.1899480354369698,1.1458567679040108,-0.0020059313607919908,-0.004232965494497043,0.0
2020-12-14,1.2091214025784773,1.2012993759172212,1.14604424446944,0.0002741928127468225,0.009539358141873022,0.0001636125654449483
2020-12-15,1.2088614399217226,1.2021844829814918,1.1464816897887753,-0.0002150012862234981,0.0007367914127108688,0.0003817002017558746
2020-12-16,1.209322385209188,1.2027764745792326,1.1462317210348694,0.00038130531113249533,0.0004924299108175157,-0.00021803117845864417
2020-12-17,1.21180703124041,1.2156908256715375,1.1461067366579165,0.002054577060352684,0.010737116467814622,-0.00010903936321005059
2020-12-18,1.2140451066647044,1.2146227958195015,1.1461067366579165,0.001846890937745797,-0.0008785373957609033,0.0
2020-12-21,1.2186384116954256,1.2200152120520569,1.146481689788775,0.003783471475240412,0.0044395809555979,0.00032715376226821746
2020-12-22,1.2146131688423742,1.2027890213632244,1.1465441819772515,-0.003303065794103234,-0.014119652377004433,5.4507794614577776e-05
2020-12-23,1.2148214658868528,1.205084475869039,1.1467941507311572,0.0001714924963946676,0.0019084431808439883,0.00021801929470743886
2020-12-24,1.2129929710302454,1.2073701888951711,1.1467941507311572,-0.0015051552083602325,0.001896724314271603,0.0
2020-12-25,1.215680044417138,1.2140884787503359,1.1471066116735396,0.0022152423394592737,0.005564399317588231,0.00027246471581943155
2020-12-28,1.215744635677614,1.213562708329521,1.1474815648043983,5.313179300153971e-05,-0.00043305774662819594,0.00032686859882335995
2020-12-29,1.2136315658684762,1.209162520473934,1.1479190101237335,-0.0017380868869391443,-0.003625843003732243,0.00038122208909707744
2020-12-30,1.2163778641027738,1.216291083360618,1.1481689788776392,0.002262876404613244,0.005895454718435967,0.00021775817954150511
2020-12-31,1.220465628163002,1.2261459574111129,1.1484814398200214,0.003360603790042824,0.00810239767874138,0.0002721384640504976
2021-01-04,1.2257447004271387,1.2411760779315997,1.1489188851393566,0.004325457548593693,0.012258019063424974,0.0003808901947981447
2021-01-05,1.2287199027897715,1.2450250273553447,1.149168853893262,0.002427261045139443,0.00310105027979517,0.0002175686701113566
2021-01-06,1.2295300068712312,1.2523525077119546,1.1495438070241208,0.0006593073650229855,0.005885408080650889,0.00032628201642292964
2021-01-07,1.2282019245687092,1.2602580883126018,1.1497937757780268,-0.0010801544452757569,0.006312584158186085,0.00021745039412901512
2021-01-08,1.2270183840386977,1.2591148860045795,1.1500437445319323,-0.0009636367655319656,-0.0009071176123558678,0.000217403119734616
2021-01-11,1.2214496488875821,1.2445650620528776,1.1502312210973618,-0.004538428456781728,-0.01155559680329995,0.00016301689941866648
2021-01-12,1.2248654983661067,1.2618338218947378,1.150981127359079,0.002796553653796191,0.013875337150615286,0.0006519613169619909
2021-01-13,1.223643181119426,1.2603500914243715,1.1513560804899376,-0.0009979195661167087,-0.0011758525129230812,0.00032576827017050114
2021-01-14,1.2223753727438682,1.2533316020041418,1.1512310961129846,-0.0010360931970364016,-0.005568682438303918,-0.00010855405992193923
2021-01-15,1.2243522665127646,1.252501203522381,1.1513560804899374,0.0016172558879838862,-0.0006625528953652759,0.000108565845185149
2021-01-18,1.225759704497555,1.257179497046493,1.1513560804899374,0.0011495367985875124,0.0037351609012073574,0.0
2021-01-19,1.2250393212550064,1.2538889496008805,1.1514185726784139,-0.0005877034788347432,-0.0026174046373990565,5.4277029960969614e-05
2021-01-20,1.2262828672711783,1.2626987844002637,1.1516685414323196,0.0010151070211345012,0.007026008804198747,0.0002170963364993561
2021-01-21,1.2299454276319008,1.2701259700799294,1.1517935258092724,0.002986717386725473,0.005881993212809944,0.00010852460795485186
2021-01-22,1.2293936264866947,1.266194269160967,1.152168478940131,-0.00044863872234436033,-0.0030955204535460857,0.0003255384949270024
2021-01-25,1.2284100189067277,1.26773665467396,1.152730908636419,-0.0008000753857639318,0.001218127068301289,0.0004881488311547777
2021-01-26,1.2266466125905862,1.255703408340094,1.1525434320709897,-0.001435519320911353,-0.009491913237265082,-0.00016263688604578608
2021-01-27,1.225022862546496,1.2553411269458137,1.152418447694037,-0.001323730915997717,-0.00028850872895155313,-0.00010844222740336029
2021-01-28,1.2192827227098266,1.2418061973013617,1.1522309711286076,-0.004685740986692531,-0.010781873830089439,-0.0001626809825930886
2021-01-29,1.215842143927267,1.2346909565110562,1.152293463317084,-0.0028218055734547344,-0.0057297513941933385,5.423581733365879e-05
2021-02-01,1.2186144924521285,1.243190561364434,1.1527309086364192,0.0022801878835245213,0.0068839937707131146,0.0003796301317859907
2021-02-02,1.2171919763990005,1.2529935991713697,1.1527309086364192,-0.0011673224485174217,0.007885386288789643,0.0
2021-02-03,1.2139084639497921,1.2477489221058917,1.1527309086364192,-0.0026976126304433246,-0.004185717364355623,0.0
2021-02-04,1.208408299488507,1.246599395440482,1.15254343207099,-0.004530954865730884,-0.00092128043153884,-0.00016263688604578608
2021-02-05,1.2054344811583695,1.2426123025091387,1.1526059242594664,-0.0024609383528698564,-0.0031983754732484273,5.4221113701569124e-05
2021-02-08,1.2090574434568468,1.2528320080249546,1.1527934008248957,0.00300552402897576,0.008224371749080372,0.00016265452179564655
2021-02-09,1.21555252455858,1.2716856095001745,1.1527309086364192,0.00537202027652453,0.01504878655274935,-5.4209356534884456e-05
2021-02-10,1.2179851342794483,1.278470788206669,1.1530433695788014,0.002001237850048161,0.005335578743524116,0.0002710614767429398
2021-02-18,1.2166781462284513,1.2880963007874353,1.1534808148981366,-0.0010730738940998314,0.007528926487454813,0.0003793832312612988
2021-02-19,1.218708119746874,1.2893906902250505,1.1537307836520423,0.0016684556426983538,0.0010048856105120518,0.00021670820240538013
2021-02-22,1.2218789684257698,1.2826884412216233,1.1534808148981366,0.002601811399725761,-0.005197997049488046,-0.00021666125013541926
2021-02-23,1.2223217218543003,1.289255858316562,1.15341832270966,0.00036235457027386,0.005120040754935007,-5.417705060151157e-05
2021-02-24,1.2187273735046378,1.2775819929758487,1.1530433695788012,-0.0029405910779445525,-0.009054731274175786,-0.00032507991547925386
2021-02-25,1.2167906196818514,1.27776433047476,1.1527934008248955,-0.001589160845068054,0.00014272078028143564,-0.0002167904178634883
2021-02-26,1.2122991268429637,1.2602364161881303,1.1529183852018485,-0.003691261886997529,-0.0137176425015065,0.00010841871306999096
2021-03-01,1.2147509724933718,1.2735350059600659,1.1531058617672778,0.002022475803305386,0.010552456349547656,0.00016261043959020505
2021-03-02,1.2111700053609675,1.2575790993575164,1.1532933383327073,-0.0029479022560929408,-0.01252883236650495,0.00016258400173430054
2021-03-03,1.2148401224894225,1.268862754321505,1.1537932758405187,0.0030302245863174505,0.008972521068259942,0.0004334868599293884
2021-03-04,1.2105967903064843,1.2548186546469047,1.1536682914635659,-0.0034929140916443967,-0.011068257482354881,-0.0001083247576232349
2021-03-05,1.2092741778771683,1.2628694704190084,1.153855768028995,-0.0010925292714356989,0.006415919736521014,0.0001625047397213475
2021-03-08,1.2083898370824386,1.2541298702155095,1.154168228971377,-0.0007312988327280353,-0.0069204303439209134,0.000270797227036379
2021-03-09,1.2067200503625233,1.2376955009609507,1.15429321334833,-0.0013818278412097184,-0.013104200485819483,0.00010828956630026809
2021-03-10,1.2091316633110707,1.2366184617857356,1.1548556430446177,0.0019984858524750835,-0.0008701972127869273,0.0004872502842292459
2021-03-11,1.2138845954176025,1.253786572003873,1.1546681664791885,0.003930863983427975,0.013883110068845284,-0.00016233766233764158
2021-03-12,1.2133296129493165,1.2543118173145924,1.1545431821022356,-0.0004571954124643899,0.0004189272101391639,-0.00010824268008879923
2021-03-15,1.2144546872919428,1.2521202693969913,1.1551056117985234,0.0009272619168106906,-0.0017472114089565837,0.0004871447902570214
2021-03-16,1.2152788616800574,1.252632094165506,1.1551056117985234,0.0006786374137617209,0.0004087664588012907,0.0
2021-03-17,1.2162238601180255,1.2568761726524844,1.1551681039869999,0.0007775980211338115,0.003388128490996123,5.41008439731705e-05
2021-03-18,1.2182218233521416,1.2566122324402866,1.1552930883639527,0.0016427594455533214,-0.00020999698931410958,0.0001081958344604228
2021-03-19,1.2165553222734635,1.2369547349903367,1.1561054868141465,-0.0013679783490435527,-0.01564324852367218,0.0007031968410233791
2021-03-22,1.218413021523325,1.247810547618419,1.1562929633795758,0.0015270158420661848,0.008776240812213065,0.0001621621621621383
2021-03-23,1.2166155975051134,1.2416259225012907,1.1567304086989108,-0.0014752173412956756,-0.004956381502730844,0.0003783170296707272
2021-03-24,1.2131272665969923,1.228406448838661,1.1567929008873874,-0.00286724164582023,-0.010646905338444191,5.40248514317998e-05
2021-03-25,1.2128957895679746,1.2308360266574399,1.1569803774528165,-0.00019081017745724857,0.0019778289352647025,0.00016206579871402838
2021-03-26,1.2150652549458738,1.2429461959934562,1.1569803774528165,0.0017886659320269479,0.009838978607819581,0.0
2021-03-29,1.2161147176117766,1.2455237730401092,1.1574178227721517,0.0008637088926961419,0.0020737639770422645,0.00037809225451024275
2021-03-30,1.2145127228796309,1.2495308996685084,1.1576677915260574,-0.001317305603612677,0.00321722211581591,0.00021597105987791743
2021-03-31,1.2127822139634814,1.2456560303714022,1.1577302837145338,-0.0014248586149401064,-0.003101059204005341,5.398110661269939e-05
2021-04-01,1.217280353122841,1.2532143283456423,1.1581677290338692,0.0037089422219174807,0.006067724789151119,0.0003778473496709456
2021-04-02,1.2192053269430694,1.2633122137997939,1.1576677915260576,0.0015813726191258044,0.008057588575037711,-0.0004316624399720581
2021-04-06,1.2194269775981987,1.2582830692567597,1.1586051743532042,0.00018179928370655902,-0.003980919750555967,0.0008097165991902688
2021-04-07,1.2206266857401655,1.2565579290906002,1.158417697787775,0.0009838294248087514,-0.0013710270831018944,-0.00016181229773459815
2021-04-08,1.2215798607612935,1.2573553979484766,1.158292713410822,0.0007808898758837025,0.0006346455180571198,-0.00010789232346120059
2021-04-09,1.2224907329090229,1.255417028092645,1.1584801899762516,0.0007456509205723502,-0.0015416244754618892,0.00016185594820616878
2021-04-12,1.2206617620645797,1.24428611094188,1.1601674790651155,-0.0014961020114165142,-0.008866310478261063,0.0014564677958788241
2021-04-13,1.219273806333634,1.2448989945516058,1.1609173853268326,-0.0011370518632436248,0.0004925584271466499,0.0006463775922433967
2021-04-14,1.2208525467755236,1.252028693009382,1.160979877515309,0.0012948202722708184,0.005727130063547225,5.3830004844712676e-05
2021-04-15,1.2213856000271675,1.2548212454257484,1.1602299712535917,0.00043662377823741366,0.002230422059780712,-0.0006459252879750244
2021-04-16,1.223960802300536,1.2612508397398876,1.1605424321959739,0.0021084269155548273,0.005123912539397346,0.0002693094904664406
2021-04-19,1.2273876225367224,1.2718784974401145,1.1609798775153088,0.0027997793963217307,0.008426283943976287,0.0003769317753485879
2021-04-20,1.2260937284426139,1.2700118344905096,1.1603549556305444,-0.0010541853855706136,-0.0014676425093764877,-0.0005382710733125018
2021-04-21,1.2274801918707539,1.269170146604181,1.1609798775153086,0.001130797259603621,-0.0006627401914458986,0.0005385609651011869
2021-04-22,1.227009580352478,1.265585428655261,1.161042369703785,-0.00038339642577744085,-0.002824458137871644,5.382710733115026e-05
2021-04-23,1.2273292785428436,1.2699568851914143,1.1612298462692143,0.0002605506880180141,0.0034540983462475914,0.00016147263038912563
2021-04-26,1.2265969146784663,1.2642565000841368,1.1609173853268322,-0.0005967134306831826,-0.004488644593960445,-0.0002690776019803609
2021-04-27,1.2257223410285831,1.2659620648868464,1.1609798775153086,-0.0007130081931703637,0.0013490654804592106,5.3830004844712676e-05
2021-04-28,1.2257943467718957,1.269380621127606,1.1613548306461674,5.874555835551334e-05,0.0027003623059315028,0.0003229626439875677
2021-04-29,1.2281115286015007,1.2755148107055039,1.1614173228346438,0.0018903512124259568,0.004832427308090481,5.380972879898138e-05
2021-04-30,1.2267139143746038,1.2728664284916353,1.1618547681539788,-0.0011380189782017832,-0.002076324156834841,0.0003766478342748236
2021-05-06,1.2302492377202843,1.2758586952919286,1.1623547056617904,0.0028819460709247333,0.002350809741945381,0.00043029259896743
2021-05-07,1.2316883005289831,1.2716263199853122,1.1624171978502669,0.00116973273754317,-0.00331727590385541,5.3763440860166156e-05
2021-05-10,1.2326765795268266,1.2727535716884972,1.162854643169602,0.0008023775150085322,0.0008864645890611644,0.00037632385355634845
2021-05-11,1.231939898162142,1.270606321241958,1.1629796275465547,-0.0005976274530722792,-0.0016870904897092309,0.00010748065348220592
2021-05-12,1.231207774783797,1.2745237859621497,1.163292088488937,-0.0005942849804907271,0.0030831459396192694,0.0002686727565825997
2021-05-13,1.2312216268725695,1.2695730369748013,1.1639795025621777,1.1250813271577662e-05,-0.003884391207035087,0.0005909213000268032
2021-05-14,1.2349873382091812,1.2798226393025423,1.1639170103737013,0.003058516236574555,0.008073267176628273,-5.368839256947311e-05
2021-05-17,1.236363357358515,1.2893192397533455,1.1641044869391306,0.0011141969692817057,0.007420247274246061,0.00016107382550334393
2021-05-18,1.2368531361669168,1.2933274330195412,1.1644169478815127,0.0003961447138389921,0.0031087671250157765,0.00026841314150738427
2021-05-19,1.236572176787802,1.2868788175427865,1.1646669166354184,-0.00022715662102410508,-0.0049860656413194815,0.0002146728921805785
2021-05-20,1.2373644900731953,1.2849003041628546,1.1650418697662772,0.0006407335538240647,-0.0015374511981710026,0.0003219402264313942
2021-05-21,1.2376493751111208,1.2783334281098568,1.1654793150856122,0.00023023534311127422,-0.005110805898109094,0.0003754760499918852
2021-05-24,1.2396609104891083,1.2872433754018122,1.165729283839518,0.0016252869499545212,0.006969971289203958,0.0002144772117962379
2021-05-25,1.2412543034715708,1.303115778803709,1.1654793150856122,0.001285345830444801,0.012330538035934646,-0.00021443122118580682
2021-05-26,1.2436885909907371,1.3069360605294742,1.165729283839518,0.001961151322785359,0.002931651805545843,0.0002144772117962379
2021-05-27,1.2444071699307193,1.3084342379626293,1.1657917760279946,0.0005777804389197218,0.0011463280250666008,5.360780529661824e-05
2021-05-28,1.2445725937776941,1.3099709532820172,1.1661042369703767,0.00013293385876588805,0.0011744688993929552,0.0002680246582684731
2021-05-31,1.2456995329513276,1.314309898233916,1.1662292213473298,0.0009054828776303191,0.0033122451616412808,0.00010718113612018243
2021-06-01,1.2466227038036068,1.319960166552745,1.1666666666666647,0.0007410862955788088,0.004299038093239083,0.0003750937734432469
2021-06-02,1.2446054151162032,1.3119223183650133,1.166854143232094,-0.0016182030707836356,-0.0060894626909261725,0.00016069419893938175
2021-06-03,1.243909679230842,1.3111158848043056,1.1664791901012352,-0.0005590011717056902,-0.0006146961214232749,-0.0003213367609254947
2021-06-04,1.2438018189177715,1.312343989229021,1.166166729158853,-8.67107273713469e-05,0.0009366864050302848,-0.00026786670952527736
2021-06-07,1.2440771941924667,1.3138415017357628,1.1659167604049472,0.00022139803183011058,0.0011410975468571839,-0.00021435078505982474
2021-06-08,1.24395403703517,1.3108736746354592,1.1657917760279943,-9.899478735852812e-05,-0.002258892793676215,-0.0001071983705847046
2021-06-09,1.243553962649185,1.3143404612254233,1.165041869766277,-0.0003216150871125612,0.002644638195917759,-0.0006432591798445353
2021-06-10,1.2448347192302076,1.317477681753241,1.1656042994625648,0.0010299163683209133,0.002386916191329047,0.00048275492141813814
2021-06-11,1.2454620306360764,1.3169212297686375,1.1655418072740882,0.0005039314827727779,-0.0004223616022572596,-5.361355350641528e-05
2021-06-15,1.2419052402163457,1.3086533863559344,1.1654793150856118,-0.0028557999619741553,-0.006278160930062315,-5.3616428073555156e-05
2021-06-16,1.2383345196987228,1.2993226612650517,1.1659792525934232,-0.0028751956284530323,-0.007130020208685706,0.0004289544235924758
2021-06-17,1.2368631881004877,1.3004433250839995,1.1664791901012346,-0.0011881535843747582,0.0008624984789050494,0.000428770500589426
2021-06-18,1.2350268957448525,1.2944464329893612,1.1665416822897108,-0.001484636597888609,-0.004611421335298049,5.3573341904922245e-05
2021-06-21,1.2379636001132657,1.3014197538268581,1.1669166354205696,0.0023778464894418797,0.0053871065343298885,0.00032142283173519637
2021-06-22,1.2410041191173269,1.309714619576755,1.167229096362952,0.002456064947130037,0.006373705121276707,0.00026776629357905257
2021-06-23,1.2423847408521738,1.3142847763132732,1.1674165729283812,0.0011125037488424582,0.003489429428523161,0.0001606167683905202
2021-06-24,1.2431358500609435,1.3131047616030822,1.1674790651168574,0.0006045705360600356,-0.0008978379202572717,5.353032492894094e-05
2021-06-25,1.2447845213158455,1.3198585939574603,1.1680414948131455,0.0013262197006233974,0.0051434071003846225,0.00048174713628101884
2021-06-28,1.2459904783831914,1.3213204379728147,1.1681664791900985,0.0009688078914019758,0.0011075762373690013,0.00010700337060631782
2021-06-29,1.2440436183729622,1.3127136861467514,1.1670416197975226,-0.0015624999099155198,-0.006513750623026737,-0.000962927298988947
2021-06-30,1.2439886892903145,1.316484652335919,1.1677290338707635,-4.415366297157481e-05,0.0028726494047888853,0.0005890227576974549
2021-07-01,1.2443594184786266,1.3159479715861182,1.1674165729283812,0.0002980165266001861,-0.0004076619874365028,-0.00026758000642201907
2021-07-02,1.2441272414963034,1.308385135634651,1.1672915885514283,-0.00018658353758205324,-0.005747063041065159,-0.00010706064985821495
2021-07-05,1.245116952683774,1.3129747903107798,1.1673540807399048,0.0007955064035735566,0.003507877421660299,5.3536056534131404e-05
2021-07-06,1.246327875207809,1.3143235732624152,1.1676040494938105,0.0009725371752628121,0.0010272725429224417,0.00021413276231263545
2021-07-07,1.24895811111785,1.3146420429214674,1.1679165104361924,0.0021103884157307445,0.0002423068911878268,0.0002676086491113505
2021-07-08,1.2491322354562813,1.3068988619449597,1.1687914010748626,0.00013941567525853067,-0.005889953860976705,0.0007491037508695619
2021-07-09,1.2522527896174533,1.312098875614253,1.1689163854518156,0.0024981775928889947,0.003978895246380931,0.00010693471635581098
2021-07-12,1.2549477755450966,1.3215603734527375,1.1697287839020094,0.0021521101410096437,0.0072109640624872465,0.0006950013365409902
2021-07-13,1.2573605014872031,1.3270275810783128,1.170666166729156,0.0019225707946758678,0.004136933684907274,0.0008013676674858417
2021-07-14,1.2570363627862535,1.3225692583610602,1.1717285339332555,-0.0002577929723148694,-0.0033596307875001343,0.0009074894571077241
2021-07-15,1.2583198862359692,1.3226228209356214,1.1719160104986848,0.0010210710586530548,4.049888066181007e-05,0.00015999999999993797
2021-07-16,1.2576110921132415,1.3163845558318756,1.1726034245719257,-0.0005632861170523338,-0.004716586622430153,0.0005865728150162841
2021-07-19,1.25405354568216,1.3107598255958497,1.1731658542682137,-0.002828812860662327,-0.004272862524182008,0.00047964186740578896
2021-07-20,1.256397657280748,1.3103335786626287,1.173478315210596,0.0018692276790407136,-0.0003251907213643546,0.00026633995632030505
2021-07-21,1.260209086307497,1.317342997745153,1.173915760529931,0.003033616788969794,0.005349339432847577,0.0003727766535306376
2021-07-22,1.261847980992312,1.3237075542218935,1.1744781902262191,0.0013004942613267611,0.004831358642080663,0.0004791056694171125
2021-07-23,1.2640883814478823,1.3241768408552996,1.1746656667916484,0.0017754915721373402,0.00035452440526551054,0.00015962541236569372
2021-07-26,1.2624512706224964,1.311428708899883,1.1745406824146953,-0.0012950920595526242,-0.00962721259132009,-0.00010639995744010644
2021-07-27,1.2580360058559088,1.2952817017197364,1.1751031121109832,-0.003497374409081438,-0.012312531417503946,0.00047885075818032696
2021-07-28,1.2572576409167397,1.294065512733053,1.1752905886764125,-0.0006187143575748091,-0.0009389378272454008,0.00015954052329281154
2021-07-29,1.2621617293685081,1.3086429527399919,1.1754780652418417,0.0039006233027882495,0.011264839270889438,0.00015951507417444333
2021-07-30,1.2628206850803894,1.3066425216760087,1.1761654793150826,0.000522085004281464,-0.001528630143000198,0.0005847953216375767
2021-08-02,1.265409520298643,1.3167091436941616,1.177665291838517,0.0020500418221204796,0.007704189823273744,0.001275171351150295
2021-08-03,1.264769426328629,1.3107778829186683,1.1774153230846114,-0.000505839382228546,-0.004504609695997586,-0.00021225789334033962
2021-08-04,1.267158245927854,1.3187926501313096,1.1778527684039464,0.0018887392037608562,0.006114512090176038,0.0003715301735576215
2021-08-05,1.2672156273244002,1.3126727716479165,1.1786651668541404,4.5283528501997286e-05,-0.0046405160680747515,0.0006897283531410725
2021-08-06,1.2674936403968333,1.3151558931173053,1.1789776277965225,0.0002193889235883371,0.001891653063140397,0.00026509729070567367
2021-08-09,1.2651552981355219,1.31152373079455,1.1785401824771875,-0.0018448552219790383,-0.0027617732177331877,-0.0003710378458602337
2021-08-10,1.2661395396348518,1.3185440532507586,1.1786651668541404,0.0007779610145730536,0.005352798650433655,0.00010605016172648973
2021-08-11,1.2678990777278898,1.3223403919130408,1.1787276590426168,0.0013896873432650443,0.0028791898556006835,5.301945814117914e-05
2021-08-12,1.2696040409400424,1.3224576616010428,1.1789776277965225,0.0013447152396450608,8.868343485479713e-05,0.00021206658890893237
2021-08-13,1.2706179818202614,1.3210863299519793,1.1789776277965225,0.000798627640999146,-0.0010369569392515432,0.0
2021-08-16,1.2713772873916538,1.3189846497651119,1.179040119984999,0.0005975876166215291,-0.0015908727077236118,5.300540655150954e-05
2021-08-17,1.2682728728978225,1.3051596193517974,1.179477565304334,-0.0024417728117514456,-0.01048157036230606,0.0003710181798908252
2021-08-18,1.2686383705242334,1.3095464628209372,1.180039995000622,0.00028818532211911485,0.003361154761529117,0.00047684645544143756
2021-08-19,1.2684523642088774,1.3026059381776254,1.1801649793775748,-0.00014661886293036177,-0.005299945317221522,0.00010591537361648307
2021-08-20,1.2690499382399547,1.2976634985457594,1.1806649168853864,0.000471104826589309,-0.0037942707667835474,0.000423616626952672
2021-08-23,1.2722581513791882,1.3077229526727243,1.1808523934508157,0.0025280432570549587,0.007751974327888577,0.0001587889694596445
2021-08-24,1.2750643192950717,1.3209820740072784,1.1809148856392921,0.0022056592153421387,0.010139090475895562,5.29212531752421e-05
2021-08-25,1.2760340574836024,1.3260239876562514,1.1811023622047214,0.0007605406047806901,0.003816791876424286,0.0001587553579933676
2021-08-26,1.2747385548369137,1.3176178257857971,1.181039870016245,-0.0010152571078263176,-0.006339373909300316,-5.2910052909971306e-05
2021-08-27,1.277778367281368,1.3257674659703376,1.1814773153355802,0.002384655608728546,0.006185132004934801,0.00037038996772320587
2021-08-30,1.280245753878468,1.328378643295694,1.1817897762779626,0.0019309973155592238,0.0019695590609815627,0.00026446630699261675
2021-08-31,1.280853385625686,1.3288722859468212,1.1817897762779626,0.0004746211775179928,0.0003716129084268327,0.0
2021-09-01,1.2818099986726805,1.3325343488442272,1.182164729408821,0.0007468560084471421,0.002755767379704721,0.0003172756596687698
2021-09-02,1.2867735443991781,1.3379016201646838,1.1819772528433916,0.0038722944364901492,0.004027867142871055,-0.00015858751387642922
2021-09-03,1.2860904466649683,1.3389413955774123,1.182164729408821,-0.000530860878499626,0.0007771688120090991,0.00015861266786498796
2021-09-06,1.2885467800818269,1.3453572825355173,1.1825396825396797,0.0019099227610532607,0.0047917608487547895,0.00031717502775285844
2021-09-07,1.292091245538247,1.3571765106167482,1.1824146981627268,0.002750746430948453,0.008785196493645054,-0.00010569148655070748
2021-09-08,1.2920205516392296,1.353919965543172,1.1823522059742502,-5.471277609953394e-05,-0.0023995000267845066,-5.285132921106772e-05
2021-09-09,1.291139061909608,1.3546241159469203,1.1824146981627268,-0.0006822567400365733,0.0005200827387651152,5.2854122621681654e-05
2021-09-10,1.2906021661039964,1.3550827745133485,1.182602174728156,-0.0004158311226503005,0.0003385873328465072,0.00015855398763275907
2021-09-13,1.2913358194207527,1.3587501116920366,1.1832895888013968,0.0005684581476963272,0.002706356576634339,0.0005812724582539008
2021-09-14,1.2874483145022146,1.3515711803262747,1.1833520809898732,-0.0030104523239213605,-0.005283481711602011,5.281225244258003e-05
2021-09-15,1.2884357453341369,1.3523761525561486,1.1834770653668258,0.0007669673576791272,0.0005955825646412283,0.00010561892691152153
2021-09-16,1.2820289490442587,1.3418800169972878,1.1834770653668258,-0.004972538454540261,-0.0077612545437316435,0.0
2021-09-17,1.2802638566543596,1.340926261177716,1.183602049743779,-0.0013767960475580304,-0.0007107608783876729,0.0001056077727321636
2021-09-22,1.281938552812614,1.3411179310682668,1.1841019872515903,0.0013080867272397025,0.00014293842704109493,0.0004223864836323532
2021-09-23,1.2845859382663858,1.3465062942206565,1.1844144481939725,0.0020651422394336975,0.004017814561689992,0.0002638800928858043
2021-09-24,1.2819984853749415,1.3439571892542512,1.1844769403824489,-0.002014231056379302,-0.001893125176871535,5.276209571047907e-05
2021-09-27,1.276890278610846,1.3388676139585038,1.184601924759402,-0.003984565366004709,-0.003787007009182675,0.00010551862403729295
2021-09-28,1.2750932243154516,1.34006564143203,1.1845394325709255,-0.0014073678259572406,0.0008948065223445378,-5.275374551583223e-05
2021-09-29,1.2703292117412643,1.3232393881707059,1.1847269091363548,-0.0037362072696645165,-0.01255629033466088,0.00015826958586129258
2021-09-30,1.2727023764929184,1.330508264614347,1.1849143857017843,0.0018681493975888897,0.005493243708298112,0.00015824454056345694
2021-10-08,1.2764992831113475,1.3484432955512324,1.1859767529058838,0.0029833421297538994,0.013479834296319715,0.0008965771847475601
2021-10-11,1.2748715132858275,1.3475189592076355,1.1855393075865488,-0.0012751827181230382,-0.0006854840293592512,-0.00036884813995152754
2021-10-12,1.271292098195862,1.3379241878698074,1.1855393075865488,-0.002807667323854371,-0.007120323816052288,0.0
2021-10-13,1.271503828636746,1.341814865723447,1.1856642919635016,0.00016654743719746057,0.0029079957511151224,0.00010542406831470785
2021-10-14,1.2760549481985457,1.3470025706533033,1.1856642919635016,0.003579320375841315,0.003866185315408077,0.0
2021-10-15,1.278085835211598,1.3510705122724698,1.1857892763404545,0.0015915357061383078,0.0030199954386080363,0.0001054129552522376
2021-10-18,1.2782158872536369,1.3519728163341054,1.1849143857017843,0.00010175532695533697,0.0006678437975216833,-0.0007378129117259213
2021-10-19,1.280927248462886,1.3558301685275214,1.1849143857017843,0.0021212075646115137,0.002853128514725156,0.0
2021-10-20,1.2813256602433771,1.3544530063090992,1.1853518310211195,0.000311033886560836,-0.0010157335707598135,0.0003691788407784724
2021-10-21,1.2822150910839512,1.3576081448835575,1.1855393075865488,0.0006941489335389383,0.002329455920405932,0.000158161113454236
2021-10-22,1.281515303191635,1.3549800358147133,1.1857267841519783,-0.0005457648230644034,-0.0019358377295751517,0.00015813610247228382
2021-10-25,1.2833724637182937,1.3629327115017313,1.1857267841519783,0.0014491910646976915,0.0058692198237713985,0.0
2021-10-26,1.2843412776327559,1.36166071475933,1.1857267841519783,0.0007548969156274188,-0.0009332791939521412,0.0
2021-10-27,1.2822271909177492,1.3528695627998208,1.1857892763404547,-0.0016460474733812362,-0.00645619857004015,5.270369979970546e-05
2021-10-28,1.282198558532798,1.3455393070705812,1.1856642919635019,-2.2330196359870947e-05,-0.005418301904929601,-0.00010540184453233792
2021-10-29,1.2837339340591405,1.35398415090065,1.1860392450943607,0.0011974553520785354,0.006276177727170396,0.0003162388657567128
2021-11-01,1.2857245016629069,1.3542416698335116,1.1865391826021723,0.0015506076071950213,0.00019019346178477113,0.00042151852047012106
2021-11-02,1.2857844567695944,1.3527978705818036,1.1868516435445542,4.663137912521142e-05,-0.0010661311668879847,0.00026333807341849536
2021-11-03,1.2860717847401182,1.349302647034393,1.186664166979125,0.00022346511424297261,-0.0025836997702453623,-0.0001579612468407543
2021-11-04,1.2884570901024042,1.352146600358359,1.187476565429319,0.0018547217897077908,0.002107720851372252,0.0006846068776662495
2021-11-05,1.2885182642093325,1.3489022550356478,1.1876640419947482,4.747857526516988e-05,-0.0023994035275844428,0.000157878118092869
2021-11-08,1.2916570712145976,1.3587065108777194,1.1885389326334181,0.0024359817725913366,0.0072683219302741246,0.00073664825046027
2021-11-09,1.2932562165805428,1.3603904686492283,1.1886014248218946,0.001238057222449574,0.0012393830146739005,5.2578999947483496e-05
2021-11-10,1.2922906838765027,1.3609166531544816,1.1881014873140832,-0.0007465904216513168,0.00038678932069831086,-0.0004206098843322348
2021-11-11,1.297131235978096,1.3668953714774783,1.1888513935758003,0.0037457146151304668,0.004393155384746517,0.0006311803071743505
2021-11-12,1.2997614013358214,1.3693725842969293,1.1889138857642765,0.0020276786841403414,0.0018122914680537394,5.256518082408235e-05
2021-11-15,1.2990150959353965,1.3653297488693954,1.1891638545181822,-0.0005741864619597216,-0.0029523268348545352,0.0002102496714848634
2021-11-16,1.2984462938339345,1.3658228037598394,1.1891638545181822,-0.0004378718178424545,0.0003611251354131761,0.0
2021-11-17,1.298881691863617,1.3688054922065487,1.1897887764029467,0.0003353223246507202,0.00218380337368691,0.000525513689631607
2021-11-18,1.2994816280780008,1.358662186001831,1.1897262842144702,0.0004618867277456971,-0.007410334238479898,-5.2523767004486466e-05
2021-11-19,1.3017489183014617,1.3703235089016477,1.1901012373453288,0.0017447651236241774,0.008582945061665815,0.0003151591553733901
2021-11-22,1.3028654020637616,1.3695699451401246,1.1909136357955226,0.0008576798079900688,-0.0005499166850950865,0.0006826296996429448
2021-11-23,1.3005856758731837,1.3686135264848251,1.1910386201724754,-0.0017497787468809375,-0.0006983350201961392,0.00010494831295582152
2021-11-24,1.3005013836823476,1.3746616587017828,1.1915385576802868,-6.481094817506437e-05,0.004419167354345621,0.0004197491998529923
2021-11-25,1.300283997943142,1.3716088653274756,1.191726034245716,-0.0001671553309616687,-0.002220759817503093,0.0001573399066450154
2021-11-26,1.2986739509557494,1.363943887237778,1.1920384951880982,-0.0012382271795541382,-0.0055883118602236825,0.0002621919244887305
2021-11-29,1.3009022738439207,1.360427116874552,1.1921634795650513,0.0017158447557459836,-0.0025783834629356404,0.00010484927916132314
2021-11-30,1.2984046997237357,1.3502350624611819,1.1922259717535277,-0.0019198783570459547,-0.007491804806703317,5.241914347120513e-05
2021-12-01,1.2980577730139766,1.351276916571348,1.192413448318957,-0.0002671945887386593,0.0007716094324104362,0.00015724918754589368
2021-12-02,1.2994960744461515,1.3481665957218052,1.1926634170728627,0.0011080411535423222,-0.002301764213833335,0.00020963261883544249
2021-12-03,1.2996548716843939,1.3538767272118601,1.1926634170728627,0.00012219909037441441,0.0042354791375004645,0.0
2021-12-06,1.2998375252605505,1.3536267557932502,1.1931633545806744,0.0001405400619317774,-0.00018463381014363067,0.0004191773644224295
2021-12-07,1.2986993066532166,1.357149078559933,1.1924759405074334,-0.0008756622156339553,0.0026021373702964424,-0.0005761273765254593
2021-12-08,1.30161959063736,1.3699782492792547,1.1923509561304806,0.0022486221169001537,0.009453029827006743,-0.00010481081647617518
2021-12-09,1.3024531844877623,1.3756909781569704,1.19253843269591,0.0006404281684129353,0.004169941297039825,0.00015723270440259896
2021-12-10,1.3038870351030665,1.3724538293549684,1.1927884014498156,0.0011008845710397783,-0.0023531075317066,0.00020961064822078157
2021-12-13,1.3050637065370418,1.381703899010898,1.1929133858267682,0.0009024335715420357,0.006739803888541207,0.00010478336040220526
2021-12-14,1.30271811704683,1.3732230845902347,1.1929758780152449,-0.0017972988433154137,-0.0061379391248258305,5.238619100023101e-05
2021-12-15,1.3036010027105012,1.3682917356569715,1.1932258467691506,0.0006777257889623736,-0.003591076343385691,0.0002095337873231351
2021-12-16,1.304849273583587,1.3755113796173786,1.19341332333458,0.0009575559319840856,0.005276392287015208,0.00015711741908464028
2021-12-17,1.3042519346272439,1.367719823732859,1.1934758155230565,-0.0004577838746866739,-0.00566447940742375,5.236424569310394e-05
2021-12-20,1.3003052632895962,1.351813824840589,1.1936007999000093,-0.0030260038209378886,-0.011629573993347752,0.00010472300764474696
2021-12-21,1.3042462745636094,1.3603771817048835,1.1946631671041088,0.0030308354393975123,0.006334716147250586,0.0008900523560209095
2021-12-22,1.3067360786060935,1.3668771694109136,1.194538182727156,0.00190899839320382,0.004778077575429663,-0.000104618925563571
2021-12-23,1.3107103330272587,1.3748778854716235,1.1949131358580147,0.0030413596794576416,0.005853280923667681,0.0003138896154852855
2021-12-24,1.3103428545820572,1.3721009682123015,1.1952255968003966,-0.0002803658718038296,-0.002019755564232839,0.0002614925997592721
2021-12-27,1.3110213227799024,1.371149730140793,1.1957255343082083,0.0005177791411406765,-0.0006932711903466782,0.00041827878280886743
2021-12-28,1.3119812284982335,1.3813552961036801,1.1959130108736375,0.0007321816218028943,0.00744307185316595,0.00015678896205706394
2021-12-29,1.3107308217165663,1.3749419885803655,1.1962879640044963,-0.0009530675855007988,-0.004642764639484287,0.0003135287662643371
2021-12-30,1.3114256416007555,1.3798856140243527,1.1971628546431665,0.0005301011257821972,0.003595515654512371,0.0007313378258371195
2021-12-31,1.314021492736272,1.3859126144360305,1.1971628546431665,0.0019794116060960613,0.004367753638724126,0.0
2022-01-04,1.3148768903007488,1.3831631843182604,1.1977252843394546,0.0006509768441424964,-0.0019838408923705253,0.00046980216109004935
2022-01-05,1.311287815713298,1.3747190539778797,1.1979127609048839,-0.0027295898299876747,-0.00610494151096318,0.00015652718355418926
2022-01-06,1.310953137239242,1.3714888412824362,1.1977252843394546,-0.0002552288445341503,-0.002349725702932992,-0.0001565026866294783
2022-01-07,1.309393991246284,1.3715367346987704,1.1976627921509782,-0.0011893224469040403,3.492074808971735e-05,-5.2175727851322407e-05
2022-01-10,1.3105034960902393,1.3725221563770764,1.1982877140357426,0.0008473422448649407,0.0007184799745975412,0.0005217845030003332
2022-01-11,1.3110654172625054,1.3674291582930302,1.1984126984126955,0.0004287826579193314,-0.003710685514534595,0.00010430247718384855
2022-01-12,1.3141819248837643,1.3790491723541785,1.1986626671666012,0.002377080182441351,0.008497708265672487,0.00020858319862337993
2022-01-13,1.3107525164038398,1.3691376371083746,1.1987251593550776,-0.002609538614851791,-0.007187223954374222,5.213492518629792e-05
2022-01-14,1.3087317898070319,1.3659605572640634,1.1995375578052712,-0.00154165379926339,-0.0023204970473392427,0.0006777186946094194
2022-01-17,1.3105206619630154,1.3737208535327292,1.2001624796900356,0.0013668745345042908,0.005681200842438161,0.0005209690023444402
2022-01-18,1.309186611335009,1.3759124628870434,1.2004124484439413,-0.0010179546700226482,0.001595381877386537,0.00020827909398590805
2022-01-19,1.309029166716388,1.3721516048556128,1.2012873390826113,-0.00012026140296416603,-0.0027333555970117662,0.0007288250299337662
2022-01-20,1.3100138146378353,1.3720464383600994,1.2014748156480406,0.0007521970835205549,-7.664349561755656e-05,0.00015606304947191063
2022-01-21,1.3064707428817446,1.3612406173660003,1.2019122609673758,-0.002704606406818911,-0.007875696253411456,0.0003640902943931046
2022-01-24,1.3078031050763776,1.364178264030586,1.203349581302334,0.0010198178580672493,0.002158065684426824,0.0011958612800915258
2022-01-25,1.3029218697656904,1.3427358886034757,1.2035370578677633,-0.0037323931192243844,-0.015718162349073583,0.00015579559617773242
2022-01-26,1.304333236337517,1.3479863738151086,1.203474565679287,0.0010832319301542761,0.003910288878249513,-5.192377589691155e-05
2022-01-27,1.299436637873711,1.3325266283155919,1.2041619797525276,-0.003754100813650473,-0.011468769862830453,0.0005711911932702041
2022-01-28,1.3016887419298862,1.3285278723655758,1.2039745031870983,0.0017331388007193129,-0.0030008825827899433,-0.00015569048731123303
2022-02-07,1.3078834086157458,1.348763650909848,1.2050368703911978,0.004758946195290477,0.015231730523079157,0.0008823834734765779
2022-02-08,1.310327201868071,1.3502292415571753,1.2051618547681506,0.0018685100187267132,0.0010866178417090811,0.0001037183010941245
2022-02-09,1.3149428069162241,1.3575176211555995,1.2050993625796742,0.0035224828131271277,0.005397883095776168,-5.1853772361942774e-05
2022-02-10,1.3139672126896964,1.3562789690032473,1.20534933133358,-0.0007419290188108449,-0.0009124390969584173,0.000207425845260234
2022-02-11,1.309044665413763,1.3453569362898028,1.2049743782027214,-0.003746324282975671,-0.00805293967027404,-0.00031107424305265585
2022-02-14,1.3035885860479688,1.3460567824331096,1.205036870391198,-0.004167985638648718,0.0005201936559948717,5.186184005823158e-05
2022-02-15,1.302970919082693,1.3534474206724536,1.2052868391451037,-0.0004738204767105992,0.00549058430208631,0.00020743660218847104
2022-02-16,1.3024322723815354,1.351242197275445,1.2054743157105332,-0.0004133988665970233,-0.0016293380616981157,0.00015554518587657107
2022-02-17,1.3016945309313914,1.352018753580106,1.2055368078990096,-0.0005664336378850973,0.0005746980861215834,5.18403317781857e-05
2022-02-18,1.304003644819918,1.3571542682692301,1.2056617922759625,0.0017739291620703058,0.0037984049226575944,0.00010367528899490885
2022-02-21,1.3051724979940507,1.3590151463286049,1.2062242219722503,0.0008963572906992947,0.0013711617779074814,0.000466490436946021
2022-02-22,1.3044979504993093,1.358795876869296,1.205911761029868,-0.0005168263166578349,-0.00016134438229133962,-0.0002590405139364371
2022-02-23,1.3032321375893692,1.3621387852737707,1.2060992375952975,-0.0009703448820717371,0.002460199108181671,0.00015546457998660834
2022-02-24,1.3070520815882207,1.36275986895829,1.2064116985376796,0.002931130908049638,0.00045596211724808767,0.0002590673575129099
2022-02-25,1.3092388264736143,1.3674354002964098,1.2065991751031089,0.0016730357697271432,0.003430928254215304,0.00015540015540005392
2022-02-28,1.308666827089601,1.3706573934129735,1.2062867141607265,-0.0004368946081090672,0.002356230587467245,-0.0002589600165735506
2022-03-01,1.3076338608863853,1.3730890858597302,1.206349206349203,-0.0007893271089578298,0.0017741066866475363,5.180541884675094e-05
2022-03-02,1.3117039686447556,1.383906270932463,1.2062242219722503,0.003112574459957132,0.00787799217409112,-0.00010360547036869505
2022-03-03,1.3104285115972245,1.3907742675010355,1.2067241594800617,-0.0009723665385025415,0.004962761360959101,0.00041446482229812176
2022-03-04,1.3064832467442904,1.3771728478252956,1.2067241594800617,-0.0030106677457173167,-0.009779746428713442,0.0
2022-03-07,1.3015142769052819,1.3726812245444875,1.2067866516685384,-0.003803316920741944,-0.0032614811480642493,5.1786639047257665e-05
2022-03-08,1.2997987540039082,1.3628148126831812,1.207036620422444,-0.0013180976435024313,-0.007187693460716205,0.000207135829320082
2022-03-09,1.3035667923574137,1.3641232272586654,1.2066616672915853,0.0028989398104118085,0.0009600824435627708,-0.00031063939943054564
2022-03-10,1.2992816042555386,1.35202916439679,1.2067241594800615,-0.0032872792763657247,-0.00886581404099368,5.178932104188405e-05
2022-03-11,1.297565119960717,1.3498516974905463,1.2067866516685382,-0.001321102591770405,-0.0016105177044869468,5.1786639047257665e-05
2022-03-14,1.2946711192890759,1.3326421661206294,1.2074740657417788,-0.0022303317399043933,-0.01274920156185344,0.000569623530630059
2022-03-15,1.289199781309214,1.2927846838900972,1.2070991126109203,-0.004226044667518481,-0.029908615563740526,-0.0003105268605734235
2022-03-16,1.2951811872386405,1.3179326365134916,1.2070991126109203,0.0046396268570198535,0.019452545297583647,0.0
2022-03-17,1.2997293497513247,1.3289906619385494,1.2069741282339672,0.0035116032857000013,0.008390432954381633,-0.00010354110581911602
2022-03-18,1.3051494522461449,1.3489775208383965,1.2074740657417788,0.004170177811139718,0.015039126663759329,0.0004142073107591404
2022-03-21,1.3051167477211143,1.3495715419966932,1.2078490188726374,-2.5058069000676588e-05,0.0004403491897533751,0.0003105268605734235
2022-03-22,1.3080883710359381,1.3587254729355536,1.2075990501187317,0.0022769022924673146,0.006782842297724601,-0.00020695364238410008
2022-03-23,1.30418621838643,1.3561460271914239,1.20709911261092,-0.002983095588884325,-0.0018984304007761076,-0.0004139929621197469
2022-03-24,1.305942096313083,1.3590245072134537,1.207224096987873,0.0013463398875856148,0.002122544301509355,0.000103541105819005
2022-03-25,1.3056877936071842,1.3515760726701573,1.207536557930255,-0.00019472739765156565,-0.0054807212848344555,0.00025882596542081693
2022-03-28,1.3039921393693903,1.3456625013445112,1.2079740032495903,-0.0012986674502864378,-0.004375315193293849,0.0003622625886250397
2022-03-29,1.3038997302421653,1.338830342363196,1.2081614798150195,-7.086632229982891e-05,-0.005077171262845593,0.00015519917227102553
2022-03-30,1.3062591490848905,1.3547716258595974,1.2083489563804488,0.0018095094185554936,0.011906873479027302,0.0001551750892256898
2022-03-31,1.3035776090195959,1.3446738787689585,1.2084114485689252,-0.0020528392602441195,-0.007453468095947191,5.171700455108841e-05
2022-04-01,1.3065123285650662,1.3466076320809675,1.209098862642166,0.0022512810324177932,0.00143808349559027,0.0005688576304492265
2022-04-06,1.3060603559217043,1.3492524147228395,1.2099737532808361,-0.0003459382919548599,0.001964033604788784,0.0007235890014472002
2022-04-07,1.3048331225944392,1.3305809520871452,1.2103487064116947,-0.0009396451869172184,-0.013838376297832865,0.00030988534242326615
2022-04-08,1.3051897478476315,1.3309285826135462,1.211098612673412,0.0002733110058420994,0.0002612622147156851,0.0006195786864933162
2022-04-11,1.3019307748923765,1.3115135327105365,1.210848643919506,-0.0024969342278618025,-0.014587597078187598,-0.0002063983488133081
2022-04-12,1.303101621779317,1.3231370178011503,1.2114735658042708,0.0008993157773978436,0.008862649755959018,0.0005161023947153343
2022-04-13,1.304977649500653,1.3216311489232186,1.2112235970503649,0.001439663407658554,-0.001138105016844193,-0.00020633446817297507
2022-04-14,1.3044668525868224,1.3310888445906093,1.2115985501812234,-0.00039142196345363163,0.00715607805937094,0.00030956557630790194
2022-04-15,1.3052072154192806,1.3333344556978677,1.2117235345581763,0.0005675597129892049,0.0016870482510499274,0.0001031565917062327
2022-04-18,1.3065863964475564,1.3338598930725107,1.2119110111236056,0.0010566759147378078,0.0003940776992581108,0.0001547189272821381
2022-04-19,1.3085188466402056,1.333978148523393,1.2120359955005584,0.0014790068210592039,8.865657592405096e-05,0.00010312999535910805
2022-04-20,1.3048488627229051,1.3190252153967177,1.211536057992747,-0.00280468556240023,-0.011209278910023268,-0.00041247744263972486
2022-04-21,1.3027789988072989,1.3047732521195707,1.2121609798775113,-0.0015862863314967252,-0.010804921021059132,0.0005158095631092596
2022-04-22,1.2991462007877679,1.2991723594752291,1.2123484564429405,-0.0027884990645819256,-0.004292617614013017,0.00015466309223066688
2022-04-25,1.2948929175669128,1.258148048038164,1.2126609173853227,-0.003273906522819367,-0.03157726620171937,0.0002577319587628857
2022-04-26,1.288499203410681,1.2462942442317306,1.2127859017622755,-0.0049376392978081,-0.009421628738300668,0.0001030662200462995
2022-04-27,1.291715706341871,1.269940377432519,1.2133483314585634,0.0024963173610631295,0.01897315446190221,0.0004637501932291954
2022-04-28,1.2956423101850458,1.2718879843215602,1.213160854893134,0.003039835951437921,0.0015336207302730665,-0.0001545117428924936
2022-04-29,1.2946778608417766,1.2896584723143414,1.2136607924009457,-0.0007443793211194313,0.01397173981658455,0.00041209498789473997
2022-05-05,1.2961975017668,1.2973876355812681,1.2140357455318043,0.0011737598757078694,0.0059931861286163235,0.0003089439266772409
2022-05-06,1.2938943281934885,1.2849625725382088,1.2147856517935214,-0.0017768693198159055,-0.009576985861663879,0.0006176970196116738
2022-05-09,1.2896107816682825,1.282865383145883,1.214723159605045,-0.0033105845136416332,-0.001632101539100328,-5.144297546166854e-05
2022-05-10,1.289394465201798,1.2814086312931032,1.2152855893013328,-0.0001677377931074586,-0.001135545375156466,0.00046301059779807474
2022-05-11,1.287487924350289,1.285317285609024,1.215473065866762,-0.0014786327248662353,0.0030502793726124187,0.000154265439399337
2022-05-12,1.2891384457194992,1.2892266944090975,1.2155980502437151,0.0012819703688039632,0.0030415904647395743,0.00010282776349623823
2022-05-13,1.292274693183593,1.29791959116099,1.2153480814898092,0.0024328243987351275,0.006742721656005391,-0.0002056343820687756
2022-05-16,1.290746649520247,1.2963076573416017,1.2154105736782859,-0.0011824449332682846,-0.0012419365809451799,5.141916906636901e-05
2022-05-17,1.2960602025927217,1.3099388150961462,1.2156605424321913,0.004116650680014978,0.010515372394311351,0.00020566610108474492
2022-05-18,1.2878228277503543,1.2986406253180434,1.2159730033745737,-0.006355703867682049,-0.008624975188076544,0.0002570297640467345
2022-05-19,1.2875259861879953,1.297618875301383,1.2159730033745737,-0.0002304987580298695,-0.000786784270213281,0.0
2022-05-20,1.2894967294545614,1.308968845917078,1.2162854643169558,0.0015306434881372608,0.008746767507569465,0.00025696371672312424
2022-05-23,1.2933323683414026,1.3138602384239486,1.217035370578673,0.002974523935755634,0.0037368288192097697,0.0006165544880027962
2022-05-24,1.289557782241565,1.292079290353001,1.216597925259338,-0.0029184965846623355,-0.01657782725586947,-0.00035943517329906083
2022-05-25,1.2931842327263574,1.304496227455661,1.2180977377827724,0.0028121659492364756,0.009610042661753138,0.0012327922745016817
2022-05-26,1.2977110131727112,1.3117390233197466,1.2185976752905838,0.003500491524560506,0.005552178466788038,0.0004104247896572488
2022-05-27,1.302755332545706,1.319027842707608,1.2191601049868719,0.003887089900441133,0.005556607875715225,0.0004615384615385132
2022-05-30,1.302111853846516,1.3232739678010697,1.2192225971753483,-0.0004939367225100066,0.0032191322699795743,5.125839356190376e-05
2022-05-31,1.3016339161643096,1.3335832111676391,1.2190976127983955,-0.0003670481002031408,0.007790709722568545,-0.00010251153254736689
2022-06-01,1.299040220412448,1.327032141456077,1.2192850893638247,-0.0019926461039865362,-0.004912381662203169,0.0001537830633586701
2022-06-02,1.3030938538040997,1.3294372129781005,1.2193475815523012,0.0031204833599105487,0.001812368703733469,5.1253139254692215e-05
2022-06-06,1.3027831614663286,1.344885537334871,1.219472565929254,-0.00023842667729885754,0.011620198536615578,0.0001025010250101932
2022-06-07,1.3039460014834663,1.3476371870242412,1.21972253468316,0.0008925813992168239,0.00204601032056847,0.0002049810392539264
2022-06-08,1.3035813145696504,1.3515771212914474,1.21972253468316,-0.00027967946019307886,0.0029235867822155924,0.0
2022-06-09,1.300296012091076,1.3443907365099657,1.2200349956255419,-0.0025202129256194816,-0.005317036422320509,0.0002561737882977866
2022-06-10,1.2965788366574713,1.3492126750851443,1.2200349956255419,-0.0028587147842026902,0.003586709164402935,0.0
2022-06-13,1.2936898701358044,1.3403434053386307,1.220159980002495,-0.002228145670736522,-0.006573663226187698,0.00010244327203823289
2022-06-14,1.2899848475218407,1.3446644443821287,1.2200349956255419,-0.002863918702227177,0.0032238298232283857,-0.00010243277848920318
2022-06-15,1.2922109896933205,1.3468907846468987,1.2200349956255419,0.0017257118761949029,0.0016556846387004054,0.0
2022-06-16,1.2881541729732637,1.3394358565220852,1.219910011248589,-0.0031394383366292102,-0.005534916572146509,-0.00010244327203801085
2022-06-17,1.2906071386929823,1.346529529396381,1.2206599175103063,0.001904248552839498,0.0052960153632999885,0.0006147226064239231
2022-06-20,1.2892229601527,1.3393163710654998,1.2210348706411647,-0.001072501847219014,-0.005356851204083535,0.0003071724773457962
2022-06-21,1.2921696123092112,1.342392430078061,1.2214098237720235,0.0022856032258083197,0.002296738156134148,0.00030707815138963923
2022-06-22,1.2915174874944302,1.3303054522937068,1.2214098237720235,-0.0005046743156386436,-0.009004056871544874,0.0
2022-06-23,1.2940014581876307,1.3443331701601815,1.220784901887259,0.0019232962133709582,0.010544734551217716,-0.0005116398055768911
2022-06-24,1.2983422868473251,1.350968477287798,1.2215348081489763,0.0033545778733310334,0.004935760922142407,0.0006142820578449726
2022-06-27,1.3008255517727165,1.3631431285760605,1.2217222847144058,0.0019126427218367364,0.009011795236484366,0.00015347623676276179
2022-06-28,1.297759767176058,1.3715524862001938,1.2207849018872592,-0.0023567991822428967,0.006169093654103519,-0.0007672634271099765
2022-06-29,1.2960442254054891,1.3606442479634595,1.2212848393950708,-0.001321925531950871,-0.007953205106247797,0.0004095213718966484
2022-06-30,1.295642703922417,1.366423900997546,1.221597300337453,-0.00030980538719394695,0.0042477326771764076,0.00025584608299644707
2022-07-01,1.2955736407060852,1.3605792580505984,1.2218472690913587,-5.330421428898597e-05,-0.004277327806313014,0.0002046245140168157
2022-07-04,1.2977310202193013,1.370491247611303,1.221909761279835,0.0016651925027128117,0.0072851247011555655,5.114566284780686e-05
2022-07-05,1.2976600272066845,1.3705037190868103,1.221784776902882,-5.4705490976638196e-05,9.100003760675879e-06,-0.00010228609420559476
2022-07-06,1.2928610184716496,1.3503203592845068,1.221347331583547,-0.003698201866759452,-0.014726964634398976,-0.0003580379520228272
2022-07-07,1.2932006752749623,1.3470548482362434,1.221347331583547,0.0002627171818625773,-0.0024183231970180017,0.0
2022-07-08,1.2929393658886084,1.352223434955348,1.2215348081489763,-0.00020206406580970898,0.0038369534290840558,0.00015349979533363367
2022-07-11,1.2904001009920807,1.341841050176043,1.2225346831645993,-0.001963947392678017,-0.007678009795509666,0.0008185399294009521
2022-07-12,1.2889287171237251,1.3338045429830399,1.2228471441069817,-0.001140253993489553,-0.005989164806031766,0.0002555845218015218
2022-07-13,1.2875958401909797,1.3303788746883374,1.2230346206724112,-0.0010340966998700438,-0.0025683435498285666,0.00015331152902708922
2022-07-14,1.288449689181799,1.3306228918134695,1.2232220972378405,0.0006631343191451538,0.00018341927234014622,0.00015328802820491205
2022-07-15,1.28920452525743,1.3231683005721815,1.2236595425571755,0.0005858483120986886,-0.005602332025964507,0.0003576172473689354
2022-07-18,1.290498168969623,1.3382917769032099,1.2236595425571755,0.001003443353516648,0.011429745047919094,0.0
2022-07-19,1.293575288515203,1.338068368756161,1.2237845269341283,0.0023844431705291273,-0.00016693530581638472,0.00010213982942652855
2022-07-20,1.2948760561584203,1.3433686344139373,1.2238470191226047,0.001005560058827655,0.003961132167486625,5.106469897353527e-05
2022-07-21,1.2940780866859347,1.3374983807854637,1.2241594800649869,-0.0006162516239994711,-0.004369801019684072,0.0002553104575162557
2022-07-22,1.295173526292435,1.3366433206909565,1.2241594800649869,0.0008465019366071029,-0.0006392980408732818,0.0
2022-07-25,1.2955445702773987,1.328605400777547,1.2249718785151806,0.0002864820639330197,-0.006013511449901554,0.0006636377558835171
2022-07-26,1.2957758116549136,1.3411250378947042,1.2252843394575628,0.00017848971221823425,0.009423141822116843,0.0002550760126516227
2022-07-27,1.299651230963312,1.3413820756405619,1.2254093238345156,0.0029908100410123376,0.00019165830075115186,0.00010200438618857
2022-07-28,1.3036437031906463,1.3522459987658426,1.2252843394575628,0.003071956638993801,0.008099051957357406,-0.00010199398235510859
2022-07-29,1.3083186141801884,1.3502529473472635,1.2258467691538506,0.0035860342654211335,-0.0014738822820685616,0.000459019737848676
2022-08-01,1.309149272549347,1.3539352266887201,1.2269716285464265,0.0006349052594341353,0.002727103353998217,0.0009176182707992808
2022-08-02,1.3085425830590607,1.3380955259644922,1.2272215973003322,-0.00046342269976974227,-0.011699009237662473,0.00020372822654568523
2022-08-03,1.3090869643340894,1.3342484870156683,1.2272840894888084,0.0004160210619634599,-0.002875010695556235,5.0921682452242933e-05
2022-08-04,1.3097564349434823,1.3349121999020666,1.2275965504311908,0.0005114027009911698,0.000497443237041062,0.0002545954478334611
2022-08-05,1.3115859800682421,1.3435410236964667,1.22778402699662,0.0013968590464217916,0.006463963543844297,0.00015271838729380427
2022-08-08,1.311591612682107,1.3476940932223405,1.22778402699662,4.294506002956532e-06,0.0030911371164889625,0.0
2022-08-09,1.3120915886808766,1.3505405812883529,1.2277215348081436,0.00038119792314551246,0.0021121173420049154,-5.0898355983042265e-05
2022-08-10,1.3153946661062133,1.3509392633755757,1.2279715035620493,0.0025174137642765063,0.0002952018567576653,0.00020360378703032644
2022-08-11,1.3157266332448798,1.3637488764940524,1.2281589801274786,0.00025237075017891955,0.009482005198715782,0.00015267175572519776
2022-08-12,1.3191649099344165,1.3680306835040097,1.2283464566929079,0.0026132150878919987,0.0031397327497456606,0.0001526484506182424
2022-08-15,1.3216016395559989,1.3690691678322242,1.229658792650913,0.0018471758938034643,0.000759108944511866,0.0010683760683760646
2022-08-16,1.3226856468687072,1.3681695433277434,1.230658667666536,0.00082022243334429,-0.0006571066865125541,0.0008131320831428202
2022-08-17,1.3217699063980273,1.3650242372371604,1.231783527059112,-0.0006923341708952721,-0.0022989154421117044,0.0009140303661199223
2022-08-18,1.3198008048775562,1.3643205002038363,1.2316585426821591,-0.0014897460677079002,-0.0005155491119693157,-0.00010146618639339522
2022-08-19,1.316841820259794,1.3592975632515012,1.2321584801899705,-0.002241993342348877,-0.003681640019031296,0.00040590593130040986
2022-08-22,1.31429208471849,1.3618967373230906,1.2325959255093057,-0.0019362504304434721,0.001912145023913614,0.000355023583709535
2022-08-23,1.314715877627064,1.3632240784705132,1.2329083864516879,0.00032244956315370595,0.0009746268649058254,0.0002534982762116833
2022-08-24,1.3135195700502216,1.3538567978281775,1.2334083239594995,-0.0009099362053813192,-0.006871416658694551,0.00040549444979487426
2022-08-25,1.3154405331936554,1.3615006434475085,1.2332833395825467,0.0014624549091114011,0.005645977943600333,-0.00010133252267319204
2022-08-26,1.310687591945147,1.3544776596826267,1.2332833395825467,-0.003613193548908748,-0.005158266945139767,0.0
2022-08-29,1.3076296553174493,1.349582062565887,1.2333458317710233,-0.0023330781846798068,-0.003614380113059068,5.067139599712611e-05
2022-08-30,1.3064265238651835,1.3475660771370084,1.233908261467311,-0.0009200857806897814,-0.0014937849907739054,0.00045601945682993694
2022-08-31,1.3020346214095697,1.335221572743239,1.2338457692788345,-0.003361767673408746,-0.009160593015220575,-5.064573309698783e-05
2022-09-01,1.3007654265326236,1.3272818707602407,1.2340957380327402,-0.0009747781326828403,-0.005946355380317803,0.00020259319286863864
2022-09-02,1.3003378117487376,1.3256149056804587,1.234470691163599,-0.00032874088991260747,-0.0012559239423855506,0.00030382823577079776
2022-09-05,1.303460648585548,1.3293198156799608,1.2349081364829342,0.0024015581248157903,0.00279486145156177,0.0003543586109142627
2022-09-06,1.3060640992192132,1.3380789013919698,1.235033120859887,0.0019973373469235915,0.006589148531972011,0.00010120945296288042
2022-09-07,1.3077143390170043,1.3368297212544569,1.2354705661792222,0.0012635212917785376,-0.0009335623902397283,0.0003541972372615998
2022-09-08,1.3089018753703,1.3317694832346936,1.235283089613793,0.0009081007356609123,-0.0037852524815313537,-0.00015174506828530276
2022-09-09,1.3110166003324377,1.3408987257642229,1.2357205349331282,0.001615648202459408,0.0068549720086360285,0.0003541255628067841
2022-09-13,1.307432786485788,1.3435903827339755,1.2359080114985574,-0.002733614391870341,0.002007352917886096,0.00015171437240812935
2022-09-14,1.3056510518335698,1.3264736870966025,1.2355330583676987,-0.0013627734218042754,-0.012739519318784854,-0.00030338271729790645
2022-09-15,1.3018227740115227,1.3209131601535273,1.2357830271216044,-0.0029320834358238,-0.004191961738227968,0.0002023165242019953
2022-09-16,1.2984014301448001,1.3035442742980026,1.2357830271216044,-0.002628118001177446,-0.013149150435828793,0.0
2022-09-19,1.2995179707828362,1.2963195604156093,1.2362829646294158,0.0008599348492026361,-0.00554236171708401,0.00040455120101134945
2022-09-20,1.299601780886011,1.2997866830527316,1.2365329333833215,6.449322368682372e-05,0.0026745894631188816,0.00020219380275987575
2022-09-21,1.298647937624245,1.3002865562682724,1.2362204724409391,-0.000733950411421906,0.00038458096398311656,-0.00025269116086323873
2022-09-22,1.2967621796743638,1.294629274587088,1.236470441194845,-0.0014520932850600472,-0.004350796102530174,0.00020220402386028624
2022-09-23,1.294454493733738,1.2875430267730925,1.236470441194845,-0.0017795752966864005,-0.00547357297806782,0.0
2022-09-26,1.2907297840814915,1.271652106271574,1.2364079490063684,-0.0028774357617648333,-0.01234205006829574,-5.054078641475446e-05
2022-09-27,1.291487850969068,1.2799487257809528,1.236345456817892,0.0005873164909693348,0.006524284014834947,-5.0543340914810386e-05
2022-09-28,1.2926068911061042,1.2709142722016054,1.236470441194845,0.0008664736073179326,-0.007058449606123873,0.00010109179134665247
2022-09-29,1.2907377127885755,1.2737756118639123,1.2355330583676984,-0.0014460531894032404,0.0022514025728503475,-0.0007581117962195405
2022-09-30,1.2894177674039673,1.2687410977921454,1.236345456817892,-0.00102262866539837,-0.003952434027528507,0.0006575287036567623
2022-10-10,1.2910699921972364,1.2729757457849344,1.2374078240219915,0.0012813727521341985,0.0033376770092480856,0.0008592802264455468
2022-10-11,1.290997570770837,1.2731135471777388,1.2375328083989445,-5.609411328355042e-05,0.00010825138912553544,0.00010100499974763366
2022-10-12,1.2931820468693818,1.2828431358204477,1.2375953005874207,0.0016920838179736697,0.0076423573249045475,5.04973993837865e-05
2022-10-13,1.296727029794078,1.2842022852874682,1.2375953005874207,0.0027412868383675107,0.0010594821993970883,0.0
2022-10-14,1.2955914342779407,1.2954816355895822,1.238032745906756,-0.0008757398357907764,0.00878315700831268,0.000353463946677568
2022-10-17,1.2979708626269053,1.2971008989799286,1.2385951756030436,0.0018365576415614242,0.0012499315666558374,0.0004542930695066172
2022-10-18,1.2996014456135687,1.2997545657371883,1.2390326209223788,0.0012562554627485165,0.00204584451321137,0.0003531786074673082
2022-10-19,1.2978239919559038,1.2887849521574943,1.239220097487808,-0.0013676913515787217,-0.008439757681075988,0.000151308821304319
2022-10-20,1.2944356427103492,1.2853381584994574,1.2385326834145671,-0.0026107925778502995,-0.0026744521281589217,-0.0005547150781645138
2022-10-21,1.2969823759753247,1.2856333634449655,1.2387201599799964,0.0019674468014825234,0.00022967103524944575,0.0001513698975730282
2022-10-24,1.2989161582280708,1.2771338475891518,1.2387826521684728,0.0014909857593800322,-0.006611150657321508,5.044899606487796e-05
2022-10-25,1.300894534633707,1.2794130653506042,1.2397200349956194,0.0015230978482362128,0.0017846349979328767,0.0007566967663825697
2022-10-26,1.3009882074961954,1.284086953769867,1.2398450193725725,7.200650013855991e-05,0.003653150453002507,0.0001008166145781697
2022-10-27,1.3001222485028143,1.2827688680089078,1.240219972503431,-0.0006656163279509751,-0.0010264770287474966,0.0003024193548386567
2022-10-28,1.3009832002046662,1.2714012122186282,1.240344956880384,0.000662208267602071,-0.00886181140950527,0.00010077597500757207
2022-10-31,1.2984850010333069,1.2672890851235181,1.2409698787651484,-0.0019202393781613467,-0.0032343268636139343,0.0005038291011689733
2022-11-01,1.2998485294688062,1.2861599707038385,1.2408448943881953,0.001050091787286276,0.014890750501872219,-0.0001007150770471199
2022-11-02,1.2986624489470184,1.2908221823780008,1.2408448943881953,-0.0009124759500036313,0.0036249080832541193,0.0
2022-11-03,1.2968948602755621,1.2877905920486117,1.241094863142101,-0.0013610839929109016,-0.0023485731580814573,0.0002014504431908648
2022-11-04,1.3011781136596328,1.3070388262775128,1.2409073865766718,0.003302699019996468,0.014946711326940998,-0.0001510574018126487
2022-11-07,1.3035403426588812,1.3109912834773627,1.2412198475190541,0.0018154539908488065,0.003023978416239337,0.0002518003726645901
2022-11-08,1.304008572481129,1.309188029262637,1.241344831896007,0.0003591985663386371,-0.0013754890955053113,0.00010069479407914805
2022-11-09,1.305447522927491,1.3017472690332512,1.2414073240844834,0.0011034823518255373,-0.005683492411381585,5.034232782930026e-05
2022-11-10,1.3114386586493838,1.3019463167071923,1.2414073240844834,0.004589334781115879,0.000152908078761671,0.0
2022-11-11,1.3159017068585332,1.3161828129992985,1.2405949256342896,0.003403169625749637,0.010934779805754502,-0.0006544173168889778
2022-11-14,1.3125180971221249,1.3112334400321888,1.2399700037495252,-0.0025713240728945175,-0.0037603993292020465,-0.0005037275841226485
2022-11-15,1.3146928340085007,1.3202885560844992,1.2394700662417137,0.0016569195435431035,0.006905800123651673,-0.000403185162785924
2022-11-16,1.312426343818055,1.313329312937867,1.2391576052993316,-0.001723969380387499,-0.00527100164169485,-0.00025209236664314183
2022-11-17,1.3101905305989214,1.3088798894286289,1.238907636545426,-0.0017035723411565286,-0.0033878962918179934,-0.0002017247465831984
2022-11-18,1.3097722570269699,1.3037780211681742,1.238782652168473,-0.00031924637080102256,-0.003897888799163862,-0.000100882723833573
2022-11-21,1.3083962555106623,1.2966390735548032,1.239032620922379,-0.0010505654772616025,-0.005475585182034648,0.00020178580436880367
2022-11-22,1.3096107427701815,1.294175133378539,1.2390951131108554,0.0009282258753064726,-0.0019002513702669921,5.043627376810633e-05
2022-11-23,1.3105447250431592,1.2956584588046582,1.2392200974878085,0.0007131754822063128,0.0011461550974533941,0.00010086746015747217
2022-11-24,1.3124583878307594,1.2900844686141484,1.239595050618667,0.0014602041052336426,-0.004302052097627784,0.000302571860816947
2022-11-25,1.3135189611229885,1.291029510370765,1.2392825896762847,0.000808081461524915,0.0007325425424520304,-0.00025206694898172177
2022-11-28,1.311214623082991,1.2786072222611145,1.2396575428071435,-0.0017543241538191074,-0.00962200167375179,0.000302556603297921
2022-11-29,1.3129979969052883,1.2989259243290627,1.2389701287339026,0.0013600929938564846,0.015891277410443792,-0.0005545193325604547
2022-11-30,1.3168246143801556,1.3022007440649979,1.2385951756030438,0.002914412271676328,0.002521175129849407,-0.0003026329062847388
2022-12-01,1.3183882511216525,1.3080568442880496,1.238345206849138,0.0011874297643143259,0.004497079463163955,-0.00020181634712412855
2022-12-02,1.319695125728898,1.3073685863049451,1.2389076365454261,0.0009912668791864458,-0.0005261682518690302,0.0004541784416633998
2022-12-05,1.3172272885043506,1.3086755602995228,1.2390951131108554,-0.0018700055614621007,0.0009996981786686288,0.00015132408575024847
2022-12-06,1.3134108587849183,1.302801674028656,1.2391576052993318,-0.002897320570822447,-0.0044884205444491124,5.043373007862506e-05
2022-12-07,1.311549683998082,1.2934726794599463,1.2388451443569497,-0.0014170545145012292,-0.007160717363727154,-0.00025215593322902574
2022-12-08,1.3123433672731846,1.2925652566018535,1.2390326209223792,0.0006051492252151238,-0.0007015400267067817,0.00015133171912840027
2022-12-09,1.3121466395033843,1.2927249329307116,1.2390326209223792,-0.00014990571424088636,0.0001235344428782592,0.0
2022-12-12,1.3130107543301766,1.2893382199826235,1.239407574053238,0.0006585505009707979,-0.002619824884486377,0.000302617642608638
2022-12-13,1.3121987217214923,1.2946151161121984,1.2390951131108556,-0.000618450843609836,0.004092716750183678,-0.00025210507739636956
2022-12-14,1.3125627944399387,1.2949661882179044,1.23884514435695,0.0002774524257795716,0.00027117874751880766,-0.00020173492031461127
2022-12-15,1.3080466712613816,1.2925405175967664,1.23884514435695,-0.0034406911407877743,-0.0018731536338228438,0.0
2022-12-16,1.3046042570485308,1.288125455102624,1.2389076365454261,-0.002631721243960841,-0.0034158020070049642,5.044390637598539e-05
2022-12-19,1.3029358745145945,1.2765788947570813,1.239282589676285,-0.0012788418594546227,-0.008963847659250502,0.000302648171500719
2022-12-20,1.30202282408622,1.2700823560255832,1.238595175603044,-0.0007007639026860625,-0.005089022510225883,-0.0005546871060461145
2022-12-21,1.3053829666147463,1.2734153836512347,1.2379702537182797,0.0025807093903168613,0.002624261025152408,-0.0005045408678102659
2022-12-22,1.3032003379082886,1.2694502797220328,1.2387826521684735,-0.0016720217455556392,-0.0031137553229746984,0.0006562342251388298
2022-12-23,1.3019600649005059,1.2671441412421331,1.238720159979997,-0.0009517132337254474,-0.0018166434059983306,-5.0446451092089895e-05
2022-12-26,1.3042931296046267,1.276094214600168,1.2400949881264787,0.001791963338214339,0.007063184894862374,0.0011098779134295356
2022-12-27,1.3062336493781719,1.2832224734771407,1.2403449568803846,0.0014877942155023518,0.005585997331087489,0.00020157226365657976
2022-12-28,1.3043507499012974,1.2780009660560008,1.239970003749526,-0.0014414721882036322,-0.004069058584199448,-0.00030229746070131736
2022-12-29,1.305468783065992,1.2764380062347103,1.2403449568803846,0.0008571568382040626,-0.0012229723316359077,0.000302388872089443
2022-12-30,1.3067152946236897,1.2812414933948544,1.2405324334458139,0.0009548382725554864,0.003763196596059959,0.0001511487303507142
2023-01-03,1.307918388825367,1.288344453682335,1.241094863142102,0.000920701094283477,0.005543810689942708,0.0004533776635937681
2023-01-04,1.310787228267437,1.2844275771789542,1.241407324084484,0.002193439182888623,-0.003040240125368454,0.0002517623363544885
2023-01-05,1.3111124008293285,1.287935866789175,1.2417197850268662,0.000248074252539933,0.0027314032122591645,0.00025169896803411973
2023-01-06,1.3134374896415595,1.2930155155578031,1.2418447694038193,0.001773371078452443,0.003944023067927971,0.00010065425264227379
2023-01-09,1.3160252003743782,1.297755609563482,1.2418447694038193,0.0019701818725495865,0.0036659219851927884,0.0
2023-01-10,1.3161940227653968,1.2972114267417836,1.242094738157725,0.00012828203515442924,-0.0004193261178669361,0.0002012882447663955
2023-01-11,1.3175157621071765,1.2966456546001668,1.2403449568803846,0.0010042131470880697,-0.000436144895083046,-0.0014087341517408092
2023-01-12,1.3187544905700812,1.3005780302748127,1.2420322459692485,0.0009402001088196837,0.003032729613286955,0.0013603385731559836
2023-01-13,1.3199843775016131,1.3087688816581315,1.242094738157725,0.0009326125069725368,0.006297854640515621,5.031446540870732e-05
2023-01-16,1.3225602673231993,1.3186232633060797,1.2421572303462014,0.0019514547789283344,0.0075295048545646285,5.0311933990743185e-05
2023-01-17,1.32389482447036,1.320482394570422,1.2419697537807721,0.0010090709513464972,0.0014099032802448064,-0.0001509282084821706
2023-01-18,1.3224314854241455,1.3222132347536009,1.2420322459692485,-0.0011053287762493708,0.0013107635439106868,5.031699708157866e-05
2023-01-19,1.3228553338190328,1.322396294204615,1.2423447069116307,0.0003205068841439832,0.00013844926536987767,0.0002515723270439807
2023-01-20,1.3281937437500002,1.3341555732763188,1.2427196600424892,0.004035520585274911,0.008892401712889565,0.0003018108651910989
2023-01-30,1.3300812699280706,1.3354624739898477,1.243532058492683,0.0014211226238284255,0.0009795714530649424,0.0006537262395656107
2023-01-31,1.3297643930955185,1.330742857343196,1.2437195350581125,-0.00023823869993242408,-0.003534069087356262,0.00015076134479130587
2023-02-01,1.3332938194478205,1.3419354921350768,1.243782027246589,0.002654174206068271,0.00841081710874383,5.0246206411364014e-05
2023-02-02,1.3369234641900316,1.3405058304291282,1.2439695038120182,0.0027223142335678985,-0.001065372899314232,0.00015073104557106198
2023-02-03,1.3324793467128098,1.3325937694839496,1.2441569803774475,-0.0033241375413471047,-0.0059022950632342756,0.00015070832914698684
2023-02-06,1.327427930964251,1.3203890108067575,1.244094488188971,-0.0037909899024105784,-0.009158649062210755,-5.0228539856256305e-05
2023-02-07,1.3290565993970453,1.3264719539786276,1.2444069491313532,0.0012269354853873212,0.00460693259492786,0.00025115531444641626
2023-02-08,1.3273879864199334,1.3254177815829824,1.2444694413198296,-0.0012554867699908776,-0.0007947189478702433,5.021845025865446e-05
2023-02-09,1.3280851141794154,1.3352331356583338,1.2443444569428768,0.0005251876366323702,0.007405479398072323,-0.0001004318569849394
2023-02-10,1.326929426445205,1.3319270237589727,1.2443444569428768,-0.0008701910155241891,-0.0024760559119371027,0.0
2023-02-13,1.3298990277028198,1.3413862391258677,1.244656917885259,0.0022379496591391373,0.007101902129892412,0.00025110486139001686
2023-02-14,1.3296629352080103,1.3430998859550123,1.2447194100737353,-0.00017752663164003043,0.0012775193148405251,5.0208364713588693e-05
2023-02-15,1.3286049578477659,1.3393892382812167,1.244531933508306,-0.0007956733486588225,-0.0027627488562827042,-0.00015061753188072569
2023-02-16,1.3254922533992177,1.3333972633606743,1.244656917885259,-0.0023428366951078845,-0.004473662135908707,0.00010042681395927566
2023-02-17,1.3231128623331343,1.3239014025977556,1.2449068866391648,-0.0017950999411588755,-0.007121554111327233,0.00020083345885435477
2023-02-20,1.3262062135053485,1.334902785638551,1.2450318710161175,0.0023379344727700803,0.008309820519268596,0.00010039656643723305
2023-02-21,1.3239881050565043,1.332643522861275,1.2447194100737353,-0.0016725215326667334,-0.001692454912509056,-0.0002509662199466911
2023-02-22,1.324201874315762,1.3294414965316557,1.244969378827641,0.00016145859501411514,-0.0024027628354386767,0.00020082337584081955
2023-02-23,1.3242904792139973,1.3259614429356044,1.244969378827641,6.691192631128723e-05,-0.0026176808871472335,0.0
2023-02-24,1.3229894204219406,1.324683320087049,1.2450943632045939,-0.0009824572572847846,-0.0009639215795941736,0.00010039152695506814
2023-02-27,1.3224561470008216,1.3210802247839053,1.2452818397700234,-0.0004030821508374612,-0.0027199672921879637,0.00015057217426228675
2023-02-28,1.3226536311552093,1.3248052859981654,1.2452818397700234,0.00014933134443470607,0.002819708556964873,0.0
2023-03-01,1.3242360056700966,1.3332211907744327,1.2455943007124055,0.0011963634904970611,0.006352559780078371,0.00025091584282632695
2023-03-02,1.3247607052993204,1.332842516706222,1.2453443319584998,0.0003962281851401351,-0.000284029439999256,-0.00020068231988756846
2023-03-03,1.3274631306589337,1.3388373137656215,1.245094363204594,0.002039934720891829,0.004497753473691834,-0.00020072260136483333
2023-03-06,1.3292046811755236,1.3390685621624483,1.2459692538432643,0.0013119388978625457,0.00017272329837919598,0.0007026701465568941
2023-03-07,1.3261073779711376,1.3305947426805893,1.2450318710161177,-0.002330192820000291,-0.006328144593414053,-0.0007523322299127777
2023-03-08,1.324272502734107,1.3246129902239647,1.2464066991625995,-0.0013836551002663665,-0.004495547941647415,0.0011042513677659294
2023-03-09,1.3228083091829468,1.3195188385970098,1.246594175728029,-0.0011056588037108013,-0.00384576601962332,0.00015041363750323278
2023-03-10,1.321434833591024,1.3073980906476352,1.2469066366704111,-0.0010383028155993095,-0.009185733158809672,0.0002506516944054127
2023-03-13,1.3235458389212575,1.3145083180632533,1.2467816522934583,0.0015975099767098495,0.0054384563251854475,-0.00010023555355087588
2023-03-14,1.3273104750457865,1.308840627708326,1.24728158980127,0.002844356435434953,-0.004311642822677431,0.00040098240689689923
2023-03-15,1.3275396761196259,1.3082633278885059,1.247406574178223,0.00017268082950338772,-0.00044107724622736153,0.00010020542111344177
2023-03-16,1.3292132818802638,1.2970664905065847,1.2472190976127937,0.0012606822912666186,-0.00855855021174714,-0.00015029307148939353
2023-03-17,1.3299054518720914,1.3005771472737457,1.2476565429321287,0.0005207365900290114,0.002706612801160235,0.0003507365467481094
2023-03-20,1.3361749337915287,1.2992342690658472,1.248093988251464,0.004714231309159541,-0.0010325248376948592,0.0003506135737540994
2023-03-21,1.3371855348438384,1.3095567248536184,1.2482189726284167,0.0007563388795521929,0.007945030417950017,0.00010014019627480053
2023-03-22,1.3342148395364328,1.3111616008112776,1.24815648043994,-0.002221602933920864,0.0012255108367594358,-5.0065084610140254e-05
2023-03-23,1.3362382192278193,1.3170194354483795,1.2491563554555631,0.0015165321441706183,0.004467667931609176,0.0008010814599710425
2023-03-24,1.337532940731448,1.3175775356831891,1.2491563554555631,0.0009689301540686143,0.0004237600598655855,0.0
2023-03-27,1.3364418438961503,1.316085314581298,1.248718910136228,-0.0008157532439545241,-0.0011325489859063675,-0.00035019260593327495
2023-03-28,1.3350073036673298,1.3158332582214678,1.2489688788901339,-0.001073402658987598,-0.0001915197723413642,0.0002001801621460686
2023-03-29,1.336460254528665,1.3189331768690107,1.2490313710786103,0.0010883467508707803,0.002355859777957614,5.00350245171699e-05
2023-03-30,1.3378237621428728,1.322546817723911,1.2490938632670867,0.001020238057650635,0.0027398210298104518,5.003252113877643e-05
2023-03-31,1.3406177765943086,1.3294698880355706,1.2495313085864217,0.0020884772198696733,0.005234650462941049,0.00035021012607550084
2023-04-03,1.340193348010382,1.3442981871201054,1.2484689413823222,-0.0003165917917370271,0.011153542639799919,-0.0008502125531382188
2023-04-04,1.3423147448815989,1.3490906308767268,1.249843769528804,0.0015829035969819835,0.003565015412903494,0.001101211332465768
2023-04-06,1.3452526548673096,1.351618325785622,1.2500937382827098,0.0021886893494341237,0.0018736286881280261,0.00019999999999997797
2023-04-07,1.3467108591409096,1.3580031669664392,1.250281214848139,0.001083963126423819,0.004723849225043675,0.00014997000599881183
2023-04-10,1.3450452297939797,1.3526188054531783,1.2513435820522385,-0.0012368128879516563,-0.003964910866363236,0.0008497026040885647
2023-04-11,1.3449860117173775,1.3531776823703752,1.2512810898637619,-4.4026829202809384e-05,0.00041318138927514124,-4.9940071913834316e-05
2023-04-12,1.347092511893656,1.3556990217643068,1.2515310586176678,0.0015661874234578464,0.0018632729661302472,0.00019977026419626398
2023-04-13,1.3470642526644878,1.3563269575510977,1.2519060117485266,-2.0977942434419932e-05,0.0004631822968889643,0.0002995955460129984
2023-04-14,1.3493547272953421,1.3590686635438718,1.251968503937003,0.0017003454930406838,0.002021419671348701,4.9917635900786905e-05
2023-04-17,1.3492221633419343,1.3649264513512984,1.2522809648793851,-9.824247896134395e-05,0.004310148533740632,0.0002495757212737093
2023-04-18,1.3491038533800386,1.3619598752733668,1.252655918010244,-8.768753220202459e-05,-0.0021734329164729616,0.00029941613852990656
2023-04-19,1.3479862537066727,1.3562669990576686,1.2529058867641498,-0.0008284015130235131,-0.0041799147824055916,0.00019955101022706145
2023-04-20,1.3462186734861625,1.3503763837602691,1.2529058867641498,-0.0013112746629645481,-0.004343256380559457,0.0
2023-04-21,1.342615058624458,1.3334077462440495,1.2530308711411027,-0.002676842130240695,-0.012565857726990726,9.975559878294682e-05
2023-04-24,1.340043146179789,1.3268956794820057,1.2534683164604377,-0.0019155992837619964,-0.004883777509458021,0.00034910977008628663
2023-04-25,1.340849338703808,1.324287183583825,1.2539057617797726,0.0006016168407094974,-0.001965863585597816,0.00034898793498849834
2023-04-26,1.3434618580804605,1.3232725984649083,1.2540307461567255,0.0019484063580012011,-0.0007661367802194619,9.967605282823477e-05
2023-04-27,1.3464546110436584,1.3227120595763584,1.2545306836645371,0.002227642671950421,-0.0004236004653917269,0.0003986644740121559
2023-04-28,1.3472384419557693,1.3312123364116981,1.25465566804149,0.0005821443260558662,0.006426400042093916,9.962640099625553e-05
2023-05-04,1.350905115245396,1.3241018850482025,1.2554680664916837,0.0027216216338836856,-0.005341335239321732,0.0006475070976739161
2023-05-05,1.351162910782883,1.3224945436355828,1.2563429571303537,0.00019083171318090195,-0.0012139106746766547,0.0006968641114981633
2023-05-08,1.3516748669820249,1.3321844728430996,1.2568428946381653,0.00037890042352120036,0.007327008836557292,0.0003979307600479043
2023-05-09,1.3503547711957373,1.3265124715974537,1.2569678790151182,-0.000976637073407315,-0.004257669535466857,9.944311853615773e-05
2023-05-10,1.3505367290993422,1.3259538883050264,1.257592800899883,0.00013474822134615112,-0.00042109162513540575,0.0004971661529284965
2023-05-11,1.3512064723822959,1.323269048022301,1.2579677540307415,0.0004959089734643056,-0.0020248368411645234,0.00029815146094214207
2023-05-12,1.3463334777650218,1.3093692849550802,1.2580927384076943,-0.0036064026607884677,-0.010504109567132092,9.935419771478493e-05
2023-05-15,1.3491273389485217,1.3177511562419097,1.2585301837270293,0.002075162825288907,0.006401457085589879,0.0003477051460361036
2023-05-16,1.3486127177830842,1.315669186271477,1.2584051993500764,-0.000381447436858255,-0.0015799416760674868,-9.930979691141761e-05
2023-05-17,1.3492234223321906,1.314881687524382,1.2584676915385529,0.0004528390849748576,-0.0005985537666401309,4.965983016336217e-05
2023-05-18,1.3499635892090196,1.3217190770292224,1.2584051993500764,0.0005485873314809251,0.00520000359706414,-4.9657364187050135e-05
2023-05-19,1.3491515510749439,1.3216668251474113,1.2587801524809352,-0.0006015259526751191,-3.9533273536862536e-05,0.0002979589809803951
2023-05-22,1.350507367784479,1.3201737623171648,1.2592175978002704,0.001004940259272457,-0.0011296817033142447,0.00034751526584919645
2023-05-23,1.3485077462166022,1.3133570360568336,1.2610923634545637,-0.0014806446936733552,-0.005163506846527899,0.0014888337468983437
2023-05-24,1.3476838917814256,1.3103075520022127,1.2612173478315165,-0.0006109378588947907,-0.002321900268472754,9.910802775014993e-05
2023-05-25,1.347043617059411,1.3103105162885298,1.2609673790776108,-0.00047509265779552566,2.2622828606211343e-06,-0.00019819641264484655
2023-05-26,1.34767759026198,1.311010430979693,1.2605299337582756,0.0004706404414380987,0.000534159409134305,-0.0003469124789374778
2023-05-29,1.3475058001202946,1.3118762866847455,1.261592300962375,-0.00012747124603598077,0.0006604491349510688,0.0008427941103563708
2023-05-30,1.3468523185497312,1.311714443751746,1.261592300962375,-0.00048495640649949534,-0.00012336752683328456,0.0
2023-05-31,1.348475573359283,1.302362329278474,1.2617172853393281,0.001205221082664412,-0.007129687805009821,9.906875371523682e-05
2023-06-01,1.350011309060188,1.3054697551706804,1.2622797150356162,0.0011388680160361376,0.0023859918414008254,0.0004457652303120341
2023-06-02,1.3540571223160183,1.318308594304181,1.2622172228471398,0.002996873602967776,0.009834650770459207,-4.9507401356563285e-05
2023-06-05,1.352058860114864,1.3174780523231127,1.262654668166475,-0.0014757591598028598,-0.0006300057396703251,0.00034656896722462527
2023-06-06,1.3521600988138933,1.3104747298668264,1.2627796525434276,7.487743471530173e-05,-0.005315703319639475,9.898539965336184e-05
2023-06-07,1.351850005546703,1.3087594200575041,1.2629046369203805,-0.00022933176882110228,-0.0013089224616309569,9.89756025140398e-05
2023-06-08,1.3520421782938299,1.313217105629656,1.2624046994125688,0.0001421553769563004,0.00340603895860101,-0.00039586322925433404
2023-06-09,1.3546203427745236,1.315305255216789,1.262842144731904,0.0019068669025896119,0.001590102335844734,0.000346517499133725
2023-06-12,1.3563632943647268,1.3154682681890684,1.2634045744281919,0.0012866716489974444,0.0001239354679325011,0.00044536817102125426
2023-06-13,1.3577095872392302,1.316875973442294,1.2642169728783856,0.000992575425844186,0.001070117225376721,0.0006430231982985646
2023-06-14,1.3571656437006718,1.320843548070942,1.2649043869516265,-0.0004006332014378024,0.003012868871984098,0.0005437469105289416
2023-06-15,1.357851846673263,1.3254565746409148,1.2646544181977208,0.0005056147536419487,0.0034924852203049085,-0.00019761869472845195
2023-06-16,1.3591975443200155,1.3347952884773164,1.264279465066862,0.0009910489498904953,0.007045658088747087,-0.0002964866333943217
2023-06-19,1.3585048965742665,1.331241666361139,1.2644669416322913,-0.0005096004982083216,-0.0026622974675249433,0.00014828728189408835
2023-06-20,1.3579377032799202,1.3308201889390174,1.264404449443815,-0.0004175128818281656,-0.00031660474035021257,-4.942176534539211e-05
2023-06-21,1.3556713277725052,1.3237565202192925,1.264904386951626,-0.0016689834165005842,-0.005307755907547884,0.0003953936638163569
2023-06-26,1.3534799846384222,1.3116200827875724,1.2654668166479142,-0.0016164265550142557,-0.009168179530258003,0.0004446420631392112
2023-06-27,1.3559017336353885,1.3189928458928903,1.265341832270961,0.00178927581083765,0.0056211117853950275,-9.876543209885735e-05
2023-06-28,1.3552877496416147,1.3154714212285301,1.2657792775902963,-0.0004528233710031129,-0.00266978299035161,0.00034571315685516524
2023-06-29,1.3560201670181402,1.3175669901791118,1.2659667541557256,0.0005404146659771117,0.0015930174664111618,0.00014811157738825464
2023-06-30,1.3585903690392804,1.3245626868587002,1.2672165979252543,0.0018954010299066034,0.005309556729739562,0.0009872642906505469
2023-07-03,1.3602657479550246,1.3317676221883978,1.2674040744906836,0.0012331744386859201,0.005439482329662226,0.00014794358417979936
2023-07-04,1.3604491508996042,1.332692992584222,1.2678415198100186,0.0001348287603767331,0.0006948437403090701,0.00034515063359785714
2023-07-05,1.3600685857364962,1.3296488357706866,1.2679665041869717,-0.0002797349411084785,-0.0022842146169257727,9.85804416404612e-05
2023-07-06,1.3594710819864244,1.3270099141559155,1.268028996375448,-0.00043931883754829576,-0.001984675610415221,4.928536224735325e-05
2023-07-07,1.3591575310227189,1.3244030714093473,1.2683414573178304,-0.00023064187819823363,-0.001964448583812217,0.00024641466660102473
2023-07-10,1.3598714160510883,1.3286231768942096,1.2687164104486892,0.0005252408290245591,0.0031864207928569257,0.0002956247536460843
2023-07-11,1.3613731974168666,1.3337486883662628,1.2690288713910713,0.0011043554177639205,0.003857761599518739,0.0002462811545660415
2023-07-12,1.3615581086956254,1.3315154455192677,1.2690288713910713,0.00013582703046428679,-0.001674410529115955,0.0
2023-07-13,1.3651297418510717,1.3426522656513749,1.2690913635795478,0.002623195537991409,0.00836401873488144,4.924410301865301e-05
2023-07-14,1.3641319740865627,1.3429721459636292,1.2690288713910713,-0.0007308959243360392,0.00023824509177676755,-4.9241678156453084e-05
2023-07-17,1.364422339430745,1.3379311093259507,1.2695913010873594,0.0002128572232734188,-0.0037536419893962614,0.0004431969271680991
2023-07-18,1.3659153147990164,1.337506946573349,1.2699037620297418,0.0010942179156156772,-0.0003170288437463253,0.0002461114392597885
2023-07-19,1.36803187819928,1.3415723132737718,1.2699662542182182,0.0015495568263505502,0.003039510718683247,4.9210176664482574e-05
2023-07-20,1.3669438343304767,1.3355485040031645,1.2700912385951713,-0.0007953351717471214,-0.004490111499027361,9.84155102845552e-05
2023-07-21,1.366393246115054,1.3359847560285425,1.2705911761029827,-0.00040278773830701675,0.00032664633599631675,0.0003936233024994795
2023-07-24,1.366012554553571,1.3349099303211596,1.2711536057992705,-0.0002786105409738138,-0.0008045194397114152,0.00044265197717874294
2023-07-25,1.3682257170469276,1.350892931889836,1.2703412073490767,0.0016201626302621256,0.011973093619006425,-0.0006391032889238035
2023-07-26,1.3687329092705742,1.3500953333985857,1.270528683914506,0.0003706933858408246,-0.0005904231730152754,0.00014757969303413887
2023-07-27,1.368677849926635,1.3475470364371533,1.2710286214223174,-4.022650698789923e-05,-0.0018874940890414415,0.00039348777728576145
2023-07-28,1.3712109647022115,1.359898464604675,1.270966129233841,0.0018507750203688176,0.009165860510649205,-4.916662569443009e-05
2023-07-31,1.3717065491959384,1.3641285647522525,1.270966129233841,0.0003614210405869293,0.0031105999879242783,0.0
2023-08-01,1.3714201650195494,1.3649217760032981,1.2714660667416526,-0.0002087794773282785,0.0005814783676123314,0.000393352345363418
2023-08-02,1.370566732315893,1.3612121488657611,1.2718410198725114,-0.0006222984942358559,-0.0027178313092779518,0.00029489826010031805
2023-08-03,1.371093309134302,1.3595962330308962,1.2722784651918466,0.0003842037063887467,-0.0011871153487804209,0.00034394654088054644
2023-08-04,1.3711932539367673,1.364821672446429,1.272340957380323,7.289423834215832e-05,0.003843375914541958,4.911832604737043e-05
2023-08-07,1.3709799961035014,1.3640746982920948,1.272778402699658,-0.00015552718966023205,-0.0005473053142505124,0.00034381139489192414
2023-08-08,1.370434520966294,1.3600119309211358,1.2728408948881345,-0.00039787242611686376,-0.0029784053439638526,4.909903274907812e-05
2023-08-09,1.3694817907725287,1.3582968214685498,1.2730283714535637,-0.0006952030025437091,-0.0012610988283200176,0.00014728986645717868
2023-08-10,1.3691142707477446,1.36053911044612,1.2730908636420402,-0.0002683643019282223,0.0016508092650513117,4.908939178238647e-05
2023-08-11,1.3683643216661852,1.3493926631031279,1.273340832395946,-0.0005477622267056816,-0.00819266955092326,0.00019634792852940564
2023-08-14,1.3681654312402185,1.351406630162352,1.2741532308461399,-0.0001453490293612445,0.0014924988954605478,0.000638005496662819
2023-08-15,1.3674630984963323,1.348493328956073,1.2749031371078572,-0.0005133390508555304,-0.002155754708654212,0.0005885526509392669
2023-08-16,1.367264499447055,1.341460651606506,1.2752155980502393,-0.00014523174299599305,-0.005215211079324655,0.00024508602519479616
2023-08-17,1.3677800422640976,1.3438569234920625,1.2752780902387157,0.0003770615102279684,0.0017863154485275312,4.9005194550533204e-05
2023-08-18,1.366643971831059,1.3317822510223278,1.2758405199350036,-0.0008305943923248774,-0.008985087816014014,0.00044102513843280455
2023-08-21,1.367059562849218,1.3294680649967876,1.2768403949506266,0.0003040960387085256,-0.001737660960538967,0.0007836990595611049
2023-08-22,1.3660409987434108,1.3295982406846933,1.2769653793275795,-0.0007450766107690226,9.791561853437215e-05,9.788566953794486e-05
2023-08-23,1.3653919810992297,1.3200841411312,1.277027871516056,-0.00047510846656723154,-0.007155619842422345,4.893804443573124e-05
2023-08-24,1.3665521958733693,1.320062892742561,1.2771528558930088,0.0008497301801974728,-1.6096238093521454e-05,9.787129924143656e-05
2023-08-25,1.3654365753358442,1.3176797730806136,1.2772778402699616,-0.0008163760893247209,-0.0018053076675735747,9.786172138759319e-05
2023-08-28,1.3666907718138557,1.325623752793187,1.277027871516056,0.0009185314797233082,0.006028763493880751,-0.00019570429081650076
2023-08-29,1.3699279934704167,1.3371823064753672,1.2770903637045325,0.0023686569949282997,0.008719332056192875,4.8935649620940325e-05
2023-08-30,1.3708317630643876,1.3407866669126316,1.2772153480814854,0.0006597205096023026,0.0026954891788577907,9.78665100801468e-05
2023-08-31,1.3713331226838208,1.3377125264084484,1.277402824646915,0.00036573387992745553,-0.002292788688943226,0.00014678539974566363
2023-09-01,1.37203687903597,1.3427660080641113,1.2772778402699618,0.0005131913905586355,0.003777703771101537,-9.784257130285301e-05
2023-09-04,1.3746111245162351,1.3544844660338322,1.2767779027621504,0.0018762217835382598,0.008727103530581337,-0.00039140858163311254
2023-09-05,1.3740709885963416,1.3514793788192434,1.2768403949506266,-0.00039293725349674963,-0.002218620656011061,4.894523028720066e-05
2023-09-06,1.373092849372372,1.3537087036929907,1.276590426196721,-0.0007118549420570286,0.0016495441282240563,-0.00019577133907588973
2023-09-07,1.3695359041935515,1.345001686953648,1.2760279965004329,-0.002590462240369382,-0.0064319721928279725,-0.00044057176424516786
2023-09-08,1.370019523119009,1.3445782203576901,1.2762154730658624,0.0003531261385528813,-0.0003148446578658648,0.0001469219844263403
2023-09-11,1.3711385523957982,1.3501059412316014,1.2764029496312916,0.0008167980513456802,0.00411111885513118,0.00014690040152776085
2023-09-12,1.3709441101054274,1.3508453692910798,1.276590426196721,-0.0001418108257775463,0.000547681509203668,0.00014687882496944304
2023-09-13,1.370151877776074,1.3485933069009093,1.276715410573674,-0.0005778735424104375,-0.0016671503943876953,9.790483649907422e-05
2023-09-14,1.3721671526230286,1.3538453784102331,1.2772153480814854,0.0014708404810024481,0.0038944813699194557,0.00039158100832104026
2023-09-15,1.3707869468047773,1.3516160894104567,1.2772153480814854,-0.0010058583720013508,-0.001646634863424401,0.0
2023-09-18,1.370280228716976,1.354718142103118,1.2769028871391033,-0.00036965488253486617,0.0022950693743326034,-0.00024464233290921733
2023-09-19,1.3707404274023285,1.3446792515418724,1.2770278715160561,0.000335842753699706,-0.00741031676571543,9.788087897022457e-05
2023-09-20,1.3705737474207629,1.3389437816701313,1.2769653793275797,-0.00012159850124320986,-0.004265307035238741,-4.893564962071828e-05
2023-09-21,1.3687601015012694,1.330767517994809,1.277152855893009,-0.0013232749590503167,-0.006106502593502183,0.00014681413330719373
2023-09-22,1.370486234153166,1.3431818845683396,1.2769028871391033,0.001261092173861078,0.009328726772829943,-0.0001957234427752974
2023-09-25,1.3708451642690844,1.3398366112301334,1.276715410573674,0.0002618998330472698,-0.0024905587073795867,-0.00014682131845544788
2023-09-26,1.3703407014892994,1.3329697554260267,1.2770903637045325,-0.00036799398862379584,-0.005125144175454399,0.0002936857562407802
2023-09-27,1.3689832983044412,1.3380085734418057,1.277152855893009,-0.0009905589050833111,0.003780144294548304,4.893325504018442e-05
2023-09-28,1.3665679296382731,1.3404934988222792,1.2775903012123442,-0.0017643521795770482,0.0018571819566757686,0.00034251602485690924
2023-10-09,1.3643612002417511,1.3271606185315938,1.2785276840394908,-0.0016147967098175094,-0.009946247633725303,0.0007337116024261903
2023-10-10,1.3614337039031559,1.323422711893704,1.2784651918510144,-0.0021456901134953325,-0.00281646892297438,-4.887824429344878e-05
2023-10-11,1.3605143530515176,1.3257549219012557,1.2780277465316792,-0.0006752813956363915,0.0017622562969426658,-0.0003421644344512309
2023-10-12,1.3628501969016147,1.3278957864495637,1.2780277465316792,0.0017168829162722435,0.0016148267775145774,0.0
2023-10-13,1.362932279416643,1.3249399972932132,1.278402699662538,6.0228567464779654e-05,-0.002225919523589648,0.00029338418659241583
2023-10-16,1.3650760908587933,1.3270082630493334,1.2787776527933965,0.0015729405448287246,0.0015610259787956049,0.00029329813755674117
2023-10-17,1.3654337039530324,1.3275893099024685,1.2785276840394908,0.0002619730113462273,0.00043786227208558737,-0.0001954747593216899
2023-10-18,1.365209597254809,1.3231746660105306,1.2784026996625377,-0.0001641285824236624,-0.003325308406002603,-9.775648858700858e-05
2023-10-19,1.3639411592779576,1.3116166493441805,1.2780902387201556,-0.0009291159243255325,-0.008735064964022021,-0.00024441511463058063
2023-10-20,1.365632192997015,1.3094323980818172,1.2784651918510144,0.0012398142746515414,-0.0016653122415421716,0.00029336984158034873
2023-10-23,1.3622252041941219,1.297016316935957,1.278840144981873,-0.0024948070354259104,-0.009482032951108022,0.00029328380095794415
2023-10-24,1.365066854017629,1.3018567411541333,1.2785276840394908,0.002086035271376543,0.00373196863830616,-0.0002443315089912801
2023-10-25,1.3657692563039283,1.300288537782239,1.2789026371703494,0.0005145552279962625,-0.0012045898156996747,0.0002932694657606927
2023-10-26,1.36761526254901,1.3032140955212788,1.279277590301208,0.0013516238094838599,0.0022499296533286086,0.0002931834839969838
2023-10-27,1.370121060442892,1.311595068519759,1.279277590301208,0.001832238907023888,0.006431002417241383,0.0
2023-10-30,1.3714383415686473,1.3172016364329686,1.2795900512435898,0.000961434112493314,0.004274618018758669,0.0002442479605293535
2023-10-31,1.3705127554948908,1.313129345208904,1.279777527809019,-0.0006749017040735351,-0.0030916232651310716,0.00014651299081847036
2023-11-01,1.369244370516546,1.3119547960701012,1.2801524809398779,-0.0009254820673937189,-0.0008944656846548438,0.00029298305581337836
2023-11-02,1.3703089355273133,1.3115953138127785,1.2806524184476893,0.000777483576847367,-0.00027400506358861155,0.0003905296558457394
2023-11-03,1.3713892563090506,1.3200581633998052,1.2806524184476893,0.0007883775356989286,0.0064523328940733204,0.0
2023-11-06,1.3727110437676893,1.3263379477554795,1.2809648793900712,0.0009638309856648892,0.004757202773172342,0.00024398575123196764
2023-11-07,1.3723191136650748,1.3211025540004868,1.2809023872015948,-0.00028551537076504716,-0.003947254742920137,-4.878524734119871e-05
2023-11-08,1.3711199194861567,1.31701754520384,1.280964879390071,-0.0008738449876394326,-0.0030921208836337975,4.878762745752496e-05
2023-11-09,1.369858042355588,1.3112091684811067,1.2824021997250292,-0.0009203258683906348,-0.004410250071371813,0.0011220606888477924
2023-11-10,1.3712373367275192,1.3113669664097158,1.282652168478935,0.0010068885455894482,0.00012034535175799998,0.00019492227474282586
2023-11-13,1.3708433410651377,1.3119128546752254,1.2831521059867466,-0.0002873285694813957,0.00041627422338097464,0.0003897685749087998
2023-11-14,1.372620563048227,1.3186932800907356,1.281964754405694,0.001296444261609506,0.005168350467294258,-0.0009253396970730909
2023-11-15,1.3743639394396852,1.322802842778447,1.2820897387826469,0.0012701080243082414,0.003116390103564237,9.74943940723616e-05
2023-11-16,1.372511549917152,1.3136936029079547,1.2823397075365526,-0.001347815865489172,-0.006886317125958863,0.00019496977968413987
2023-11-17,1.3730290854547407,1.309442038629204,1.2826521684789347,0.00037707189977371407,-0.0032363439003886274,0.0002436647173489348
2023-11-20,1.3716815423877622,1.3175017835886265,1.2827146606674111,-0.0009814381073597507,0.006155098676883719,4.8721071863599974e-05
2023-11-21,1.3708866497164227,1.3164947824753208,1.2828396450443642,-0.0005795023456798953,-0.0007643261860054262,9.743739647283256e-05
2023-11-22,1.3683829593560621,1.3109300562268296,1.2827146606674114,-0.001826329230705127,-0.004226926169831291,-9.74279033515435e-05
2023-11-23,1.3679205771134848,1.3116229936798958,1.2824646919135056,-0.00033790412209965643,0.0005285846104259084,-0.00019487479294544308
2023-11-24,1.367297121481894,1.3078529537442611,1.2827146606674114,-0.0004557688816307955,-0.0028743319946363034,0.00019491277653238548
2023-11-27,1.3694483782591171,1.3038876618711774,1.2825896762904585,0.0015733645185264417,-0.0030319095596577418,-9.743739647272154e-05
2023-11-28,1.3706621157575536,1.3061236212584855,1.2824021997250292,0.0008862966415568909,0.0017148405132534129,-0.0001461703371662404
2023-11-29,1.3716166658478364,1.3050432125153528,1.2824646919135054,0.0006964153158601286,-0.0008271872015389481,4.8730568685595443e-05
2023-11-30,1.3714274390947538,1.3076704509808066,1.2826521684789347,-0.00013795891942274907,0.00201314289079374,0.00014618458239934462
2023-12-01,1.3724380947039578,1.3047165920392187,1.2827771528558876,0.0007369369901706819,-0.0022588710629442565,9.744214372719995e-05
2023-12-04,1.3747725098604515,1.2994011359845858,1.2827771528558876,0.001700925648669909,-0.004074031162832892,0.0
2023-12-05,1.370407398665612,1.2873743413642746,1.2827771528558876,-0.003175151644021849,-0.009255644225059246,0.0
2023-12-06,1.3702380275725716,1.2877936996525157,1.282839645044364,-0.00012359178241841097,0.00032574696789177126,4.871632484038102e-05
2023-12-07,1.3711442262836804,1.2838705673057895,1.282964629421317,0.0006613440094887177,-0.0030463981519593063,9.742790335165452e-05
2023-12-08,1.3721912013926085,1.2886301678241883,1.2835895513060815,0.0007635776666368443,0.003707227690706083,0.00048709206039943
2023-12-11,1.371506179192976,1.294746972355018,1.2842144731908458,-0.0004992177467231265,0.0047467494425944,0.0004868549172345471
2023-12-12,1.37110416437076,1.2956929929992138,1.2843394575677989,-0.0002931192205436005,0.0007306606343901901,9.732360097336468e-05
2023-12-13,1.3704099099025029,1.281729191380765,1.2849643794525631,-0.0005063469912045181,-0.010777091250702874,0.00048657065005830447
2023-12-14,1.373500071779872,1.2836563154037572,1.285339332583422,0.0022549179300585106,0.001503534471986434,0.00029180040852061495
2023-12-15,1.3725859531717555,1.2841954557246151,1.285651793525804,-0.0006655395415683483,0.0004200036367897786,0.00024309607156736135
2023-12-18,1.3714851677060418,1.2823928119942745,1.2861517310336157,-0.0008019792590547329,-0.001403714459745975,0.000388859184367929
2023-12-19,1.371443921599355,1.284475500314847,1.2865266841644745,-3.0074045026374444e-05,0.001624064250121271,0.0002915310237598945
2023-12-20,1.370717821253923,1.2777965231890738,1.2866516685414273,-0.0005294422425856126,-0.005199769963799228,9.714868606391924e-05
2023-12-21,1.371458774169385,1.2839835882283954,1.2849018872640872,0.0005405583147552399,0.004841979866935564,-0.0013599494875903284
2023-12-22,1.372898992220565,1.2839859599157655,1.285464316960375,0.0010501358686862152,1.8471321531987606e-06,0.0004377219006856947
2023-12-25,1.3734948567015879,1.282022494932035,1.2864641919759983,0.00043401916994562697,-0.001529195057443955,0.0007778317938746948
2023-12-26,1.3729125575439727,1.2786951050691195,1.286714160729904,-0.000423954377968038,-0.002595422370565881,0.0001943068104537371
2023-12-27,1.3749213656699844,1.2857234411883791,1.2868391451068568,0.0014631726652753721,0.0054964909863166826,9.713453132587091e-05
2023-12-28,1.3786787365233397,1.2959075381561123,1.287276590426192,0.0027327896323179365,0.007920907904051522,0.0003399378399380204
2023-12-29,1.3792669557360133,1.294890699921116,1.2875265591800975,0.0004266543010279984,-0.0007846533838695935,0.00019418418369809842
2024-01-02,1.3804717658805663,1.2931753781750903,1.2877765279340032,0.0008735148330366914,-0.0013246845823591702,0.00019414648352178432
2024-01-03,1.378573737241435,1.286582724995716,1.287464066991621,-0.0013749130449767675,-0.005098034876505031,-0.00024263599747653686
2024-01-04,1.3776029093344355,1.286512499926916,1.2884639420072441,-0.0007042263179495282,-5.458262996682617e-05,0.0007766236287738426
2024-01-05,1.3775743947215284,1.2796225356655642,1.2893388326459143,-2.0698717107711602e-05,-0.005355536197077948,0.0006790183334950406
2024-01-08,1.37677031915124,1.2712469767024845,1.291838520184972,-0.0005836893988226475,-0.006545335620182236,0.0019387359441644936
2024-01-09,1.3771686380398798,1.2697550804333433,1.2927759030121186,0.00028931397132786203,-0.0011735691777306045,0.0007256191950464341
2024-01-10,1.3770217049843643,1.2716601715505587,1.2929008873890715,-0.00010669213011167556,0.0015003610905538589,9.667907381438745e-05
2024-01-11,1.3782970973228865,1.2767623049409562,1.2929008873890715,0.0009261962494169557,0.004012183053729112,0.0
2024-01-12,1.379480025798274,1.2784983293320573,1.2927134108236422,0.0008582536215777823,0.001359708368881829,-0.00014500459181199243
2024-01-15,1.3802800399529305,1.2751772673820794,1.2930258717660243,0.0005799389187919981,-0.0025976271331641263,0.0002417093686550853
2024-01-16,1.3793761584183286,1.275319908465623,1.292963379577548,-0.0006548537314448504,0.00011185980741065248,-4.833019187078236e-05
2024-01-17,1.3750838668634728,1.2595145440947368,1.2932133483314536,-0.003111762899960141,-0.012393254638282914,0.00019333011116473564
2024-01-18,1.374730895530476,1.2647433838404576,1.2930258717660243,-0.0002566907673799315,0.0041514723035444125,-0.00014496955639320408
2024-01-19,1.3763742656348505,1.2664809762744542,1.2944006999125062,0.0011954122146503642,0.0013738695582027228,0.0010632642211589882
2024-01-22,1.3721706138276257,1.2473232226061248,1.2954005749281294,-0.003054148796719845,-0.015126759917614297,0.0007724617390045818
2024-01-23,1.3729579588874443,1.2548540135002495,1.295338082739653,0.0005737953078753254,0.00603756168219981,-4.824159390226512e-05
2024-01-24,1.372815763509983,1.2615521469324076,1.2951506061742237,-0.00010356863190230035,0.005337779024569322,-0.00014473176379781183
2024-01-25,1.375522969137686,1.2772403051484253,1.2955255593050825,0.0019720094273841557,0.012435600267626579,0.0002895054282268106
2024-01-26,1.3776415391181474,1.279083773019464,1.2964629421322293,0.0015401923690081401,0.0014433210912683126,0.000723554097728174
2024-01-29,1.3783295307280827,1.273790576841067,1.2970253718285172,0.0004993981310813177,-0.004138271698890872,0.00043381856743462954
2024-01-30,1.3776673292592876,1.2604465262243272,1.2990251218597633,-0.00048043769942687667,-0.010475859108513985,0.0015417971573115086
2024-01-31,1.3752614256695925,1.2476158920790423,1.300274965629292,-0.0017463603430217947,-0.010179435524106661,0.0009621397989127978
2024-02-01,1.3773612585455632,1.2459717162468555,1.300962379702533,0.0015268608838849042,-0.0013178541910419672,0.0005286682366512085
2024-02-02,1.3783361617615164,1.234348665727452,1.3008373953255798,0.000707805022033642,-0.009328502700217556,-9.60707080411849e-05
2024-02-05,1.3749937332005415,1.2225936575562184,1.3018997625296795,-0.0024249734235393134,-0.00952324776428216,0.0008166794773252217
2024-02-06,1.3779810616974486,1.250877939769117,1.3014623172103443,0.0021726124452607896,0.0231346547874579,-0.0003360053760861348
2024-02-07,1.3801085053719022,1.2691065143270226,1.3015873015872974,0.0015438845522541822,0.014572624537027212,9.603380389910932e-05
2024-02-08,1.3826485705019924,1.28025205992293,1.3018997625296798,0.001840482194119833,0.008782198712310164,0.00024006145573274296
2024-02-19,1.3838015040216196,1.2885002361731632,1.3028371453568262,0.0008338586855866446,0.006442619003268746,0.0007200115201841939
2024-02-20,1.3851466858670218,1.2913149343664159,1.3030871141107319,0.0009720916197103596,0.0021844762726720645,0.00019186492709133418
2024-02-21,1.3865502047635674,1.2952329659574175,1.3035870516185435,0.0010132637292973757,0.0030341410036616055,0.00038365624400538145
2024-02-22,1.389951738646143,1.3047315601573792,1.3043369578802608,0.002453235281989443,0.007333502504655964,0.0005752636625120378
2024-02-23,1.3901986279266163,1.307877778118774,1.3048993875765487,0.0001776243545792035,0.002411391015187214,0.0004311996933690221
2024-02-26,1.3904481985275512,1.3028650175555125,1.3055868016497894,0.0001795215416857235,-0.0038327438902370447,0.0005267946937406176
2024-02-27,1.3919313716621577,1.3138963977235036,1.3068991376077947,0.0010666870841913368,0.008467016935252914,0.0010051694428490077
2024-02-28,1.3895267953991914,1.3015118966661345,1.3068366454193183,-0.0017275106459415,-0.009425782031845686,-4.781714722890129e-05
2024-02-29,1.3920314633829816,1.3160785408697695,1.3079615048118942,0.0018025330580764293,0.011192094548615195,0.0008607498087223053
2024-03-01,1.3943901784219421,1.321127148897105,1.307774028246465,0.0016944408951996546,0.0038360993440398118,-0.00014333492594365005
2024-03-04,1.3977856439310024,1.3266265485735864,1.3087739032620878,0.002435089949430789,0.004162657380156354,0.0007645625268790646
2024-03-05,1.3992016021406535,1.325084058992815,1.3090238720159935,0.001013000967493689,-0.0011627157487764772,0.00019099460440230587
2024-03-06,1.4018786070868445,1.3255695848349733,1.309836270466187,0.0019132374792133577,0.00036641135244463996,0.000620613930395697
2024-03-07,1.4058926752832837,1.3242775051485258,1.3108986376702867,0.002863349348614675,-0.0009747354655911588,0.0008110687022901963
2024-03-08,1.4059518977271586,1.3287922177232263,1.3110236220472395,4.212444158509232e-05,0.003409189204791274,9.53425179959222e-05
2024-03-11,1.4073898080961171,1.3349445039253958,1.310898637670287,0.001022730842558052,0.004629983619794919,-9.533342866663297e-05
2024-03-12,1.4078357939768813,1.3397475022805367,1.3093988251468522,0.000316888667374507,0.0035979011419708606,-0.0011441102159508443
2024-03-13,1.407008912636468,1.337533270089973,1.308773903262088,-0.0005873421772276092,-0.0016527235070747715,-0.00047725862644965034
2024-03-14,1.407181346951907,1.337333657236388,1.3090238720159937,0.0001225538188780087,-0.00014923954270787965,0.00019099460440230587
2024-03-15,1.4083833599751958,1.3438003187299885,1.3093988251468522,0.0008541990880511028,0.004835488480087846,0.00028643719864418493
2024-03-18,1.408249196022403,1.347582227609259,1.3103362079739989,-9.526096133029305e-05,0.0028143384300168494,0.0007158879396744755
2024-03-19,1.4101604063307078,1.3451831420148397,1.3113985751780983,0.001357153487964313,-0.0017802888352686618,0.0008107592521937601
2024-03-20,1.4123566382773,1.3500584716143627,1.3118360204974333,0.001557434130707907,0.0036242868701287234,0.0003335715987609067
2024-03-21,1.4174963520695032,1.3516282817928353,1.311461067366575,0.0036391047791387524,0.0011627719920867864,-0.0002858231707315584
2024-03-22,1.4154157090589123,1.3428139917846422,1.3125234345706744,-0.0014678295344838692,-0.0065212382183225,0.0008100638520918135
2024-03-25,1.415134023487056,1.3364839087585796,1.3122734658167687,-0.0001990126081359269,-0.004714043095164422,-0.00019044898347853056
2024-03-26,1.4147101924905416,1.337756830945954,1.3115235595550514,-0.00029949883861170816,0.0009524410874176992,-0.000571455783608732
2024-03-27,1.4155477671233982,1.327139530638721,1.3116485439320043,0.0005920467932603948,-0.00793664443464318,9.529708867384024e-05
2024-03-28,1.4182844207050402,1.335830240743394,1.3123359580052452,0.0019332823979533334,0.00654845244530573,0.0005240840440230432
2024-03-29,1.4244957780158416,1.3458668700229675,1.3128983877015332,0.004379486385187488,0.007513401758286386,0.0004285714285714448
2024-04-01,1.4265720607853134,1.3567248805662582,1.3126484189476275,0.0014575562816788346,0.008067670573617325,-0.00019039459279357462
2024-04-02,1.4262068524662277,1.3548758643226697,1.3129608798900094,-0.0002560041158276286,-0.0013628527567185022,0.00023803856224691167
2024-04-03,1.4302287768194115,1.3575369718274906,1.3138357705286796,0.002820014744866135,0.0019640969146285992,0.0006663493574488033
2024-04-08,1.4354731819013549,1.3537228886642272,1.3134608173978208,0.003666829507937813,-0.0028095611702780078,-0.0002853881278539472
2024-04-09,1.4382455460944295,1.358792427337779,1.3155855518060198,0.0019313242685609414,0.003744886576124995,0.0016176610524312185
2024-04-10,1.4378234524908549,1.3511137225326622,1.3169603799525014,-0.0002934781232041703,-0.005651124226649684,0.001045031350940473
2024-04-11,1.4387715601725162,1.353959999990457,1.3195225596800355,0.0006594047968954405,0.0021066157573024547,0.0019455252918287869
2024-04-12,1.4447422442982765,1.3525561161987067,1.3224596925384282,0.004149848586834913,-0.001036872427368707,0.002225905754203117
2024-04-15,1.4394939158559679,1.3535978296988485,1.322272215972999,-0.003632709199873789,0.0007701813534135904,-0.0001417635384178828
2024-04-16,1.4393870753525573,1.3423705367331107,1.3222097237845225,-7.422087876434992e-05,-0.00829440822037637,-4.726121272269346e-05
2024-04-17,1.4407429906852363,1.3552455185284096,1.322709661292334,0.0009420088285472628,0.009591227938175951,0.0003781075716040583
2024-04-18,1.4399114425107524,1.3516371550160706,1.3237720284964336,-0.0005771662120586407,-0.002662516468792431,0.0008031749031467417
2024-04-19,1.4399679853290388,1.3495459067420335,1.3242094738157686,3.92682609618375e-05,-0.0015471964989097198,0.00033045366567518997
2024-04-22,1.4364064109414612,1.3418021096187918,1.3252093488313914,-0.002473370535917675,-0.005738076107344958,0.0007550731477110606
2024-04-23,1.4323499374428428,1.337296339761817,1.32558430196225,-0.0028240430199414405,-0.003357998787358374,0.00028293879090823815
2024-04-24,1.4358691698834012,1.346798684466828,1.3251468566429148,0.0024569641458157473,0.007105638759696009,-0.00033000188572507305
2024-04-25,1.4352155567695213,1.346894446085953,1.3250843644544381,-0.00045520380797162824,7.110314275579065e-05,-4.715868898852449e-05
2024-04-26,1.4394032960476937,1.3598403824438423,1.3246469191351031,0.0029178469104659244,0.009611693325716575,-0.0003301263912468544
2024-04-29,1.4389075223975043,1.3667564676258752,1.3233345831770977,-0.0003444299811947346,0.00508595366877086,-0.000990706232014027
2024-04-30,1.436125211435028,1.36066751290976,1.3238970128733856,-0.0019336273660175065,-0.004455039987256837,0.0004250094446542896
2024-05-06,1.4422929879891142,1.368765604954051,1.324771903512056,0.004294734543322399,0.005951558310504179,0.0006608449374558845
2024-05-07,1.4440454818333017,1.370253867528243,1.3255218097737733,0.0012150747863170198,0.0010873027264896584,0.0005660644370018009
2024-05-08,1.443296194853694,1.3626818196877373,1.3254593175852967,-0.0005188804570453357,-0.0055260182218384805,-4.7145349111432644e-05
2024-05-09,1.4454413534730413,1.3723065563036658,1.325084364454438,0.0014862913288319892,0.0070630843362495584,-0.00028288543140031486
2024-05-10,1.45079009135354,1.3762301394165368,1.3245844269466265,0.0037004184691735065,0.0028591156216868805,-0.00037728730428210344
2024-05-13,1.4495584239337334,1.3709282869470594,1.3260217472815847,-0.0008489632146974489,-0.003852446126289044,0.0010851103981883714
2024-05-14,1.4499756091602678,1.3716588688035936,1.326771653543302,0.0002878015950556377,0.0005329103378275746,0.0005655308921250768
2024-05-15,1.4533219767072147,1.3684012469407207,1.3270841144856842,0.002307878508994228,-0.002374950461053138,0.00023550468654320866
2024-05-16,1.4550890745110214,1.3700619519178105,1.3269591301087313,0.0012159024855664296,0.001213609663687798,-9.417969485780997e-05
2024-05-17,1.4558813859591384,1.3786853432645396,1.326771653543302,0.0005445106158764191,0.006294161614121318,-0.00014128284826220305
2024-05-20,1.4624062793731232,1.3860703462365158,1.3277090363704487,0.004481747947952575,0.0053565543494424,0.000706514059629848
2024-05-21,1.4598454100621574,1.3786863427008347,1.3271466066741606,-0.0017511339680950232,-0.00532729349252028,-0.00042360914995764887
2024-05-22,1.460175440282797,1.3776046892875582,1.3281464816897837,0.000226072033631224,-0.0007845536579099699,0.000753402081273169
2024-05-23,1.4531771760623724,1.36294601664875,1.3286464191975953,-0.004792755738357905,-0.010640695950584445,0.00037641744694871804
2024-05-24,1.4519233406563696,1.3558216488748782,1.327646544181972,-0.0008628234923150939,-0.0052271826520241425,-0.0007525516203378269
2024-05-27,1.4534357671849893,1.3638332629200012,1.3279590051243542,0.0010416710622862758,0.005909047146261104,0.0002353494939986156
2024-05-28,1.4538426608673638,1.3605014231095356,1.3289588801399772,0.0002799529855815712,-0.0024429964432249873,0.0007529411764706229
2024-05-29,1.4542100458349492,1.3631576266437544,1.329521309836265,0.00025269926208258247,0.0019523710075567747,0.0004232107589579037
2024-05-30,1.4511998422242574,1.356550106246356,1.3299587551556002,-0.0020699923090982853,-0.0048472166888482325,0.0003290246768508087
2024-05-31,1.4525076744662633,1.3555468931197203,1.3291463567054065,0.0009012075414791049,-0.0007395326733722785,-0.0006108448454092974
2024-06-03,1.4492430396093665,1.3497747873800419,1.329208848893883,-0.0022475852722061446,-0.004258138002436895,4.7016784992193195e-05
2024-06-04,1.4511794408514087,1.3503689094714995,1.3297712785901707,0.0013361466566464125,0.0004401638680855746,0.00042313117066283823
2024-06-05,1.4516200251637792,1.3457540644242179,1.3303962004749352,0.0003036042959042967,-0.003417469859468092,0.00046994689600077244
2024-06-06,1.4542037389914941,1.3446973662163697,1.3306461692288412,0.0017798830154767155,-0.0007852090034743964,0.0001878904598620057
2024-06-07,1.4545513478735999,1.3452429934010204,1.3307086614173174,0.0002390372633388802,0.0004057620683721619,4.696379091706504e-05
2024-06-11,1.4503417403073278,1.3436780580256527,1.3318960129983697,-0.00289409347592026,-0.0011633105565644452,0.0008922701230393848
2024-06-12,1.4535294791168045,1.348631470702743,1.3318960129983697,0.0021979225453451945,0.003686457963277723,0.0
2024-06-13,1.4532837591766246,1.345182953057657,1.332083489563799,-0.000169050537818644,-0.002557049661082811,0.00014075916107536557
2024-06-14,1.453753854624319,1.3468003543541436,1.3327084114485632,0.00032347120424764417,0.0012023652937397044,0.0004691311690747657
2024-06-17,1.4547093006191576,1.34673331538932,1.3329583802024692,0.0006572268006715161,-4.977646806141323e-05,0.00018756447528844866
2024-06-18,1.4562880804743352,1.352128752625481,1.333958255218092,0.001085288898961117,0.004006314520110865,0.0007501172058133054
2024-06-19,1.4564376750330075,1.3483583348285753,1.3343332083489508,0.00010272319102115499,-0.002788505007074715,0.0002810831069053332
2024-06-20,1.4560111308114314,1.342665939006084,1.3350206224221914,-0.0002928681596803241,-0.0042217233175000255,0.0005151742225550926
2024-06-21,1.4554344788711757,1.3416205598350488,1.3350206224221914,-0.0003960491290573436,-0.0007785847102139809,0.0
2024-06-24,1.4497483684397054,1.3295622823394448,1.3355830521184793,-0.003906813060990794,-0.008987844891916874,0.00042128914478301027
2024-06-25,1.451798220367426,1.3284411262554923,1.336395450568673,0.001413936357746649,-0.000843252022748342,0.0006082725060827521
2024-06-26,1.453736241582157,1.3361508919978302,1.3366454193225787,0.0013349108626408805,0.005803618685059642,0.00018704699555760484
2024-06-27,1.4522106191410942,1.3274686557974393,1.3370203724534373,-0.0010494492724502026,-0.006497945892480128,0.000280518023282994
2024-06-28,1.4551147830273925,1.3330987299839765,1.3382077240344896,0.001999822786047334,0.0042412106394747575,0.0008880579574666037
2024-07-01,1.4565810612916206,1.337855022776383,1.3377077865266782,0.0010076718904453255,0.003567847366011445,-0.00037358737274673093
2024-07-02,1.4584631131587613,1.3385446735633824,1.337832770903631,0.0012921023876776203,0.0005154899262314938,9.343174810805266e-05
2024-07-03,1.459411822520983,1.3373430940520301,1.3381452318460132,0.0006504856747228141,-0.0008976760619826662,0.00023355754857989908
2024-07-04,1.4586378913833649,1.3304234494811396,1.3380827396575368,-0.0005303034590202966,-0.005174173031338325,-4.670060243772145e-05
2024-07-05,1.460192540873444,1.33264742787981,1.337832770903631,0.0010658227784036724,0.0016716319902042032,-0.0001868111339435874
2024-07-08,1.4583962147847087,1.32286538438606,1.3375203099612487,-0.0012301980995334508,-0.007340308688632458,-0.0002335575485800101
2024-07-09,1.459291027881234,1.3308148021905628,1.3377702787151544,0.0006135596674305791,0.006009241679713295,0.00018688968836144682
2024-07-10,1.4607953837353134,1.3277552466302567,1.3381452318460132,0.001030881315198135,-0.002299009265053331,0.0002802821506984188
2024-07-11,1.4625798517793616,1.3389612319841437,1.3378952630921075,0.001221572893723934,0.008439797456893383,-0.00018680240975099682
2024-07-12,1.4642712558312314,1.339866324317878,1.3388951381077303,0.0011564524492882157,0.0006759660489895402,0.0007473492456442354
2024-07-15,1.4640111796315494,1.337047774394435,1.3394575678040181,-0.00017761476819713523,-0.002103605316655821,0.0004200700116685496
2024-07-16,1.4664799165044855,1.3396866781216166,1.3393325834270653,0.0016862828011719715,0.0019736794583701256,-9.330969487730822e-05
2024-07-17,1.46466394299918,1.3354214710231507,1.3397075365579239,-0.0012383214286589713,-0.003183734800174365,0.00027995520716683764
2024-07-18,1.4638007535797277,1.3393312821692427,1.339332583427065,-0.0005893429844969905,0.002927773164450187,-0.00027987685418418007
2024-07-19,1.4584871109577082,1.3348287043626343,1.3399575053118293,-0.0036300313475211505,-0.0033618103799650132,0.0004665920119446554
2024-07-22,1.45874758595352,1.3303632025035095,1.3413948256467874,0.0001785925935545024,-0.003345374462303763,0.0010726611323570445
2024-07-23,1.4554154357318658,1.3149691732340354,1.3419572553430754,-0.00228425414632375,-0.011571298154147003,0.00041928721174011585
2024-07-24,1.4514686126003689,1.3068169430922425,1.3422697162854575,-0.0027118189312814204,-0.006199559889106143,0.000232839713141475
2024-07-25,1.4463567793165786,1.3002937306848577,1.3427696537932692,-0.003521835222211402,-0.004991680312890212,0.00037245681828768085
2024-07-26,1.4516859959631618,1.308834283769986,1.3437070366204158,0.0036845795745511253,0.006568172162631347,0.0006980965234792968
2024-07-29,1.4528391911715084,1.3062809455292905,1.3447069116360388,0.0007943833663432346,-0.0019508491429035657,0.0007441168263417897
2024-07-30,1.4515063103136057,1.3015497994192402,1.3461442319709969,-0.0009174317887364069,-0.003621844233617999,0.0010688725718002168
2024-07-31,1.4584011456667785,1.3229071107773964,1.3464566929133792,0.004750124270340223,0.016409138834093097,0.0002321155006732578
2024-08-01,1.4584959936288313,1.322326912727335,1.3472065991750966,6.503557840364482e-05,-0.00043857807198615094,0.000556947925369089
2024-08-02,1.4551654058882328,1.3118784693084133,1.347831521059861,-0.002283576886839266,-0.007901558471173664,0.0004638649225345848
2024-08-05,1.443860096286661,1.2874914322721418,1.3496437945256776,-0.007769089036769127,-0.018589402606117734,0.001344584569732854
2024-08-06,1.444001645876953,1.2905134641394096,1.348706411698531,9.80355303507297e-05,0.0023472248370108193,-0.0006945409084595511
2024-08-07,1.443897079347394,1.2893970535179253,1.3500187476565362,-7.241441161612869e-05,-0.000865090254776113,0.0009730330831247969
2024-08-08,1.4476250372285226,1.294355959910377,1.349393825771772,0.002581872305478714,0.0038459110627886094,-0.00046289867148074926
2024-08-09,1.4497947376978497,1.2954833048978205,1.3490188726409134,0.0014988000438849029,0.0008709698277448163,-0.00027786782753669304
2024-08-12,1.4501106398507269,1.2962851138054734,1.3470191226096673,0.00021789439888485573,0.0006189264690804386,-0.0014823736508082774
2024-08-13,1.4546014721809535,1.3035753343152754,1.347706536682908,0.0030968894419594363,0.005623932908093177,0.000510322430990362
2024-08-14,1.454009155959418,1.2974572551192725,1.3489563804524367,-0.00040720172010230737,-0.00469330696504523,0.0009273856997125129
2024-08-15,1.4549725606374435,1.3022666022740148,1.3482064741907194,0.0006625850147345806,0.003706748053368625,-0.0005559158713981383
2024-08-16,1.4533738766651894,1.301013569438531,1.3489563804524367,-0.0010987725923530178,-0.0009621937883500075,0.0005562250857513718
2024-08-19,1.457106772528538,1.303363443871087,1.3497062867141536,0.002568434676914635,0.0018061874893204322,0.0005559158713979162
2024-08-20,1.4542137889891744,1.2930771382669048,1.350456192975871,-0.0019854300274395765,-0.007892123760684244,0.0005556070006482727
2024-08-21,1.4550295273096594,1.2917286766582772,1.3502062242219652,0.0005609480027363074,-0.0010428315285466948,-0.00018509949097633704
2024-08-22,1.4518241883247864,1.2840868870018933,1.3510186226721588,-0.002202937414472588,-0.0059159402392096935,0.0006016847172081174
2024-08-23,1.4536585481146957,1.2885681521910417,1.3512685914260645,0.001263486174607626,0.0034898457686233344,0.00018502243397011675
2024-08-26,1.4564409515307717,1.2946218539922962,1.3517060367454,0.0019140694488981192,0.004698006691350398,0.00032372936225333326
2024-08-27,1.4556944012208408,1.2923676615042885,1.3512060992375883,-0.0005125853603239292,-0.00174119761771091,-0.00036985668053635123
2024-08-28,1.4544406869009112,1.2878246752239197,1.3516435445569233,-0.0008612482942011268,-0.0035152429263673344,0.00032374433447412976
2024-08-29,1.4553908936239293,1.2886041526228766,1.3515810523684468,0.0006533141788288715,0.0006052667059057825,-4.623422257155063e-05
2024-08-30,1.4596473283726752,1.3004126881996636,1.3515810523684468,0.002924598997694216,0.009163819278986107,0.0
2024-09-02,1.4573652439553915,1.285339469530917,1.3527684039494992,-0.0015634491790752934,-0.011591103966860384,0.0008784908452006412
2024-09-03,1.4547214647241151,1.2877330363376998,1.3527059117610227,-0.0018140814337667447,0.0018622059491070985,-4.619577770592631e-05
2024-09-04,1.4536999105705521,1.2774437867924149,1.3532058492688341,-0.0007022335054062463,-0.007990203912565242,0.0003695832948349409
2024-09-05,1.4561482008194566,1.2804200339791767,1.3540182477190277,0.0016841785784684883,0.0023298459137955363,0.0006003509744156865
2024-09-06,1.4529982646916966,1.272762894950368,1.354205724284457,-0.002163197486346125,-0.005980177461775915,0.00013845940831669346
2024-09-09,1.452355680067907,1.265374345970706,1.354955630546174,-0.0004422473442705819,-0.005805126004989325,0.0005537609598522675
2024-09-10,1.4530239896298804,1.2663942249755218,1.3563304586926557,0.0004601555742475672,0.0008059899491904444,0.0010146665436767677
2024-09-11,1.4546473945996903,1.2653120086202811,1.3575803024621846,0.00111725957822845,-0.0008545651376936858,0.0009214891264284208
2024-09-12,1.455383679155381,1.2661668419808452,1.3579552555930434,0.0005061601584163294,0.0006755909647109704,0.0002761922297920272
2024-09-13,1.4571452098748594,1.264865346854488,1.3588301462317136,0.001210354867041353,-0.0010279017608147202,0.0006442705936493542
2024-09-18,1.4569503084100524,1.2656537437885071,1.361267341582295,-0.00013375569125590684,0.0006233050308316779,0.001793598233995608
2024-09-19,1.4615368113479246,1.2763375631487455,1.3626421697287767,0.0031480160382939934,0.008441344572061481,0.0010099618968921753
2024-09-20,1.4625441206362675,1.2770204245009522,1.363517060367447,0.000689212396514277,0.0005350162620944898,0.0006420545746388395
2024-09-23,1.4642547544070283,1.279993308449985,1.364079490063735,0.0011696288314480532,0.002327984652394632,0.0004124845318300707
2024-09-24,1.4712222683934189,1.3054169582642057,1.3631421072365884,0.004758402843098299,0.019862330253122763,-0.0006871907641561315
2024-09-25,1.4736098735702678,1.314874280610209,1.3632045994250646,0.0016228718312265133,0.007244675569848913,4.584422133580013e-05
2024-09-26,1.4803371779949839,1.3375565091867578,1.3632045994250646,0.004565186855335872,0.01725049224175449,0.0
2024-09-27,1.4832154748182471,1.3630550648709807,1.359705036870384,0.0019443521827654385,0.019063535266802534,-0.0025671587054184597
2024-09-30,1.4914448395706548,1.421733503329441,1.3557680289963683,0.0055483271932662975,0.04304920613314646,-0.002895486717529261
2024-10-08,1.4988932934978831,1.4701670016506343,1.3557680289963683,0.004994119614489179,0.034066509797913036,0.0
2024-10-09,1.4858268282286078,1.4160838076407423,1.3560804899387504,-0.008717408588027636,-0.03678710918499047,0.00023046784973490553
2024-10-10,1.488003044007719,1.4198667620663148,1.3583927009123788,0.0014646496736808328,0.0026714198730053095,0.0017050691244240301
2024-10-11,1.4867616940591595,1.4058804535566192,1.3597675290588604,-0.0008342388502217763,-0.009850437296906355,0.0010120991857200945
2024-10-14,1.4940963950537771,1.423184081729287,1.3596425446819074,0.004933340039581132,0.012308036667621735,-9.191598878632856e-05
2024-10-15,1.4918283330411255,1.403396553057776,1.3599550056242895,-0.001518015852364101,-0.013903702919068072,0.00022981109527964172
2024-10-16,1.4957844306669248,1.4032975860676993,1.3598300212473367,0.002651845080415478,-7.051961889260605e-05,-9.19033177098072e-05
2024-10-17,1.4957069481206682,1.397744739132307,1.3600799900012426,-5.180061021358737e-05,-0.003956998850794269,0.00018382352941181956
2024-10-18,1.5013050838850621,1.422574181523474,1.360392450943625,0.00374280253991473,0.017763931922634656,0.0002297371806654347
2024-10-21,1.5044422579747967,1.427049879011891,1.3603299587551485,0.0020896312970686876,0.00314619620301545,-4.5936882723141004e-05
2024-10-22,1.505226930315464,1.43211143086909,1.3603299587551485,0.0005215702606783132,0.003546864010600348,0.0
2024-10-23,1.5053288325654357,1.4375006079777062,1.359017622797143,6.769892826085115e-05,0.003763099010630655,-0.0009647188533628004
2024-10-24,1.502466836071472,1.4300467827451586,1.3590801149856195,-0.0019012433908453068,-0.005185267533927296,4.5983354025835865e-05
2024-10-25,1.504948748864269,1.4356264141956445,1.3585176852893317,0.00165189189751888,0.003901712529834289,-0.0004138311568879782
2024-10-28,1.5067533924250287,1.4381365160884545,1.3584551931008553,0.001199139546859351,0.0017484366879780056,-4.600027600165646e-05
2024-10-29,1.5058879905225022,1.428859997440901,1.3587676540432376,-0.000574348733427201,-0.006450374177817475,0.0002300119606220008
2024-10-30,1.505642319995772,1.4291665497408295,1.3590801149856195,-0.00016313997340863736,0.0002145432725930152,0.00022995906728584536
2024-10-31,1.5028041864728654,1.4322013729314593,1.359017622797143,-0.0018849985054316125,0.002123491619069928,-4.5981239654158124e-05
2024-11-01,1.5022789402978192,1.4286400252526463,1.3600799900012424,-0.00034951072120652563,-0.002486624957999817,0.0007817170184392097
2024-11-04,1.5030675451673086,1.4366730753822408,1.360454943132101,0.0005249390431668495,0.005622865093797158,0.0002756846167983884
2024-11-05,1.508442769268184,1.4568113683895303,1.3615173103362006,0.00357616935989211,0.014017310794198235,0.0007808911345890124
2024-11-06,1.5134085064795462,1.4585632720709778,1.362829646294206,0.003291962620346137,0.0012025604134213608,0.0009638775416533907
2024-11-07,1.5151847360548976,1.4752424877001498,1.363267091613541,0.0011736616833766238,0.011435373390068703,0.00032098312545847385
2024-11-08,1.5165282995176073,1.4722851428939934,1.3640794900637347,0.000886732443073399,-0.0020046499682684904,0.0005959202383680751
2024-11-11,1.5199077493376252,1.4791602801046502,1.3641419822522112,0.002228411972986455,0.004669704943936703,4.581271761039396e-05
2024-11-12,1.5166148332497447,1.4651674913953745,1.365079365079358,-0.0021665236520542683,-0.009459954338610011,0.0006871592835220319
2024-11-13,1.5165618215149603,1.4672658897297848,1.3652668416447873,-3.495398674871917e-05,0.001432190071601791,0.0001373374839772623
2024-11-14,1.5103650145596395,1.4490770016242838,1.3647044119484995,-0.00408608924964934,-0.012396449909191708,-0.0004119558749484664
2024-11-15,1.5064063098273837,1.4342273515279382,1.3652668416447873,-0.002621025178744625,-0.010247661152375197,0.0004121256525322359
2024-11-18,1.5066792340279307,1.4291574259634956,1.3650168728908816,0.00018117568863485584,-0.003534952501806199,-0.00018309149997708385
2024-11-19,1.5112856213591472,1.4425029969474257,1.365516810398693,0.0030573112227091446,0.009338069229800117,0.0003662500572265692
2024-11-20,1.5136978456927883,1.4484791556309247,1.3667666541682217,0.0015961405968196141,0.004142909024206798,0.000915289918081541
2024-11-21,1.516768075700944,1.45171356652253,1.367641544806892,0.0020282977985943583,0.0022329702702531874,0.0006401170499747977
2024-11-22,1.516841256110075,1.436151855604251,1.3678915135607976,4.8247593223612825e-05,-0.010719546387897927,0.00018277358921636733
2024-11-25,1.5161651764518351,1.433397870197787,1.3685789276340385,-0.0004457154995728765,-0.001917614349566954,0.0005025355201242476
2024-11-26,1.5156669489058618,1.4269706074793844,1.3691413573303266,-0.00032861033462015625,-0.004483934887886831,0.0004109589041096928
2024-11-27,1.5184381782108376,1.4395780477969013,1.3695163104611854,0.0018283893483171838,0.008835108622024645,0.00027386005751073306
2024-11-28,1.5186156896202796,1.4342154567999896,1.369891263592044,0.00011690394247795296,-0.0037251130670674093,0.00027378507871311797
2024-11-29,1.5231347162378854,1.44565761734856,1.3707661542307141,0.002975753937282037,0.007977992772508657,0.000638656995574971
2024-12-02,1.5249612146190235,1.4529164540788098,1.3728283964504366,0.001199170606293635,0.00502113131293358,0.001504444950991557
2024-12-03,1.5267767767125795,1.4550932898243565,1.3731408573928188,0.0011905627999919425,0.0014982525247308586,0.00022760378732700204
2024-12-04,1.5267274640835993,1.45317986043626,1.374453193350824,-3.2298519162930577e-05,-0.0013149874317182064,0.0009557183816502057
2024-12-05,1.5278215774730675,1.4520451807573778,1.3750781152355884,0.0007166396198452444,-0.0007808253539528965,0.00045466945530603375
2024-12-06,1.5295811014891034,1.4585751611756095,1.3749531308586358,0.001151655430175293,0.004497091760482019,-9.089256498806542e-05
2024-12-09,1.529697051297133,1.4568826747922499,1.375453068366447,7.580494288051765e-05,-0.001160369673370376,0.0003636033087899282
2024-12-10,1.5329951047561026,1.4631747782657045,1.379140107486557,0.0021560173997673495,0.004318881391291196,0.0026805997273966486
2024-12-11,1.5385536897056276,1.4711651958297653,1.3803899512560858,0.003625963926616221,0.0054610137372186895,0.0009062485839865797
2024-12-12,1.5409980343996315,1.4805095714400038,1.3815148106486617,0.0015887288889290738,0.00635168343890038,0.0008148852369957993
2024-12-13,1.538967410109365,1.4666092362136625,1.3840144981877192,-0.0013177332124615817,-0.009388885755612841,0.0018093816438231602
2024-12-16,1.5372439268365,1.4616429779448727,1.386701662292206,-0.0011198958870368687,-0.003386217777825451,0.0019415722219713327
2024-12-17,1.5344425958192387,1.4562635633434033,1.3866391701037293,-0.0018223074219756864,-0.003680388906621412,-4.506534475001711e-05
2024-12-18,1.5299582150752504,1.4540724172921526,1.3860767404074414,-0.0029224819202792857,-0.0015046356349258771,-0.00040560638154030215
2024-12-19,1.5283596223925822,1.4534358902570235,1.3857017872765829,-0.0010448603543002815,-0.00043775470021958365,-0.00027051397655541987
2024-12-20,1.5325647400712612,1.4549691315096802,1.3878890138732582,0.0027513928116577784,0.0010549080719244764,0.0015784251826462814
2024-12-23,1.5340568094352882,1.453140437081514,1.3888888888888813,0.0009735767273083833,-0.0012568613234211878,0.0007204286550497319
2024-12-24,1.5369809588180672,1.4614334645091522,1.3889513810773577,0.0019061545601140072,0.005706969000390494,4.4994375703044653e-05
2024-12-25,1.5364395097022372,1.4607006338966946,1.388576427946499,-0.00035228095229391745,-0.0005014464429988319,-0.0002699541078017287
2024-12-26,1.5373207135146205,1.4634295104990016,1.3883264591925932,0.0005735362875133263,0.0018681970411877137,-0.00018001800180011962
2024-12-27,1.5369626943619614,1.462268356959218,1.390263717035363,-0.00023288514199531628,-0.0007934468530619964,0.0013953907093986473
2024-12-30,1.5351267069893761,1.4625599622327297,1.3900137482814572,-0.001194555586365418,0.00019941980698950923,-0.00017979952353119888
2024-12-31,1.5327380311830288,1.451158927699857,1.3910761154855567,-0.0015560121490115156,-0.007795259563558565,0.0007642853931573157
2025-01-02,1.5318868072014538,1.4347576263230615,1.394388201474808,-0.0005553616888582117,-0.011302208919868129,0.0023809523809523725
2025-01-03,1.5344493892152111,1.4300698896126762,1.3960129983751954,0.0016728272622433741,-0.0032672673240279225,0.001165239994622036
2025-01-06,1.5345599572268602,1.43012728422745,1.397075365579295,7.205712513309588e-05,4.0134132737679185e-05,0.0007610009400600415
2025-01-07,1.5351286576371543,1.436033971729792,1.3967004124484363,0.00037059510618397897,0.004130183073552817,-0.00026838432635534204
2025-01-08,1.5359482227426666,1.437551448638593,1.3968253968253894,0.0005338738883121686,0.001056713795546782,8.94854586130922e-05
2025-01-09,1.5370950584845253,1.435380833122117,1.3959505061867192,0.0007466630221498109,-0.0015099393614966927,-0.0006263421617752618
2025-01-10,1.5340016560732173,1.4271161762837443,1.395075615548049,-0.002012499093164692,-0.005757814684201989,-0.0006267347121496902
2025-01-13,1.5343037061318372,1.4339865066058568,1.3952630921134783,0.0001969033458498204,0.004814135272436737,0.00013438451890346315
2025-01-14,1.5368838008191894,1.4510283710680014,1.3948881389826198,0.0016816062406946697,0.011884257197427495,-0.00026873292426210504
2025-01-15,1.5417400631298044,1.4555359605362983,1.3962629671291014,0.0031598109811727597,0.0031064792103128957,0.000985618923883269
2025-01-16,1.5413000025649253,1.4580116310426274,1.396075490563672,-0.0002854311017810575,0.0017008652300263716,-0.00013427024123890963
2025-01-17,1.544355126548478,1.4625168211345794,1.3959505061867192,0.0019821734759416,0.0030899548371436047,-8.952551477170445e-05
2025-01-20,1.545661742258948,1.4633927349937652,1.3958255218097664,0.0008460591013093802,0.0005989085708474118,-8.953353030705102e-05
2025-01-21,1.5482665244928078,1.4659656391482327,1.3960129983751954,0.0016852213926528458,0.0017581774823274277,0.00013431232091676293
2025-01-22,1.549923986186957,1.4622206488794443,1.3968878890138656,0.0010705273723412099,-0.0025546234978361393,0.0006267066565199819
2025-01-23,1.5509863302091074,1.4608385452351662,1.3965129358830068,0.0006854168537412911,-0.0009452086764997869,-0.00026842034626228806
2025-01-24,1.5526068464794263,1.467156748289604,1.3962004749406245,0.0010448294989810196,0.004325052261966866,-0.00022374367924116179
2025-01-27,1.5494440569635741,1.4594337075925559,1.3980752405949177,-0.0020370833241035104,-0.005263950635166559,0.0013427625100708163
2025-02-05,1.5566450754225536,1.4667941336658121,1.399825021872258,0.004647485287782117,0.005043343890828711,0.0012515644555695093
2025-02-06,1.5600679009203298,1.4770198441108073,1.4011998500187397,0.0021988477346688326,0.0069714694177560824,0.0009821428571428203
2025-02-07,1.560688233155841,1.48589866143433,1.4013248343956926,0.0003976315615141623,0.006011305372046494,8.919810900009928e-05
2025-02-10,1.5642948139555082,1.4943577049408432,1.401137357830263,0.0023108912613342874,0.005692880494520125,-0.00013378523011065013
2025-02-11,1.5646867811173486,1.4963159208066221,1.4013248343956923,0.00025057115726759407,0.0013104063768027085,0.00013380313099320418
2025-02-12,1.5652767570395516,1.503171702771206,1.4017622797150273,0.0003770568840503268,0.004581774389520721,0.0003121655369247023
2025-02-13,1.567110356950393,1.4884349374934729,1.4016997875265509,0.001171422179876631,-0.009803780400179684,-4.4581160001722075e-05
2025-02-14,1.5680025775546258,1.4944640130655291,1.40101237345331,0.0005693412721545252,0.004050614118349893,-0.0004904146232724838
2025-02-17,1.5663047219770585,1.4909036239853457,1.4003874515685455,-0.0010828142771392784,-0.0023823852893454013,-0.00044605022525534554
2025-02-18,1.565390500671186,1.484515881748452,1.399012623422064,-0.0005836803611998499,-0.004284476966940698,-0.000981748404658811
2025-02-19,1.569734793640347,1.4962126722222155,1.3989501312335875,0.0027752135759725382,0.007879195243089577,-4.466878098896565e-05
2025-02-20,1.5697181273121878,1.4960918222393698,1.3981377327833937,-1.06172891283952e-05,-8.07705917010182e-05,-0.0005807200929153211
2025-02-21,1.5677053224885846,1.5016584638298858,1.3970753655792942,-0.001282271503769814,0.003720788729520552,-0.000759844455370251
2025-02-24,1.5659761495458797,1.495814515913328,1.3947006624171896,-0.0011029961548895762,-0.003891662490053194,-0.0016997674002504626
2025-02-25,1.5651898223458187,1.491084995836493,1.3954505686789072,-0.0005021322963883646,-0.0031618359271953,0.0005376825880456515
2025-02-26,1.5669583921611774,1.4940667565770143,1.3956380452443367,0.0011299395064479044,0.0019997255346590804,0.00013434841021053856
2025-02-27,1.5631574956738894,1.4903597585706545,1.3947631546056665,-0.0024256524655040337,-0.002481146167024406,-0.0006268750279855295
2025-02-28,1.5603923003930515,1.47583343082652,1.394950631171096,-0.0017689805975985933,-0.009746859884398773,0.00013441462431118545
2025-03-03,1.5563223615359119,1.4725104474562853,1.396137982752148,-0.0026082792488237513,-0.002251597843513797,0.0008511782098377108
2025-03-04,1.5560537460179678,1.4702599540102357,1.3960754905636716,-0.00017259632360426005,-0.0015283378463883611,-4.476075377102262e-05
2025-03-05,1.5604601792013506,1.4759916163910394,1.396700412448436,0.002831800119153383,0.0038984006638896227,0.00044762757385852225
2025-03-06,1.5606109847764857,1.481798248430976,1.3959505061867186,9.664173244853407e-05,0.003934054892625017,-0.0005369127516778871
2025-03-07,1.5611958700642061,1.4812066529292676,1.394013248343949,0.0003747796814360831,-0.0003992415987363773,-0.001387769719760068
2025-03-10,1.5571556800104314,1.4792300563782368,1.3933258342707082,-0.0025878815920826253,-0.0013344502248365032,-0.0004931187519612301
2025-03-11,1.553572945620335,1.4779591718350489,1.3907636545431743,-0.0023008196521957128,-0.0008591527313199454,-0.0018388948690347684
2025-03-12,1.5546708988842426,1.4777848608850936,1.390576177977745,0.0007067278475741917,-0.00011794030124581134,-0.0001348011682767991
2025-03-13,1.5514586258239917,1.4731992487605354,1.3910761154855564,-0.0020662077501779905,-0.003103030925497308,0.00035951824555091605
2025-03-14,1.559789540038609,1.4922521947148482,1.3906386701662214,0.005369730185484553,0.012933040775267069,-0.00031446540880497587
2025-03-17,1.561392936831578,1.4949995144652517,1.3888263967004046,0.0010279571389669759,0.0018410559288395522,-0.0013031950748213506
2025-03-18,1.5602927135100866,1.4968850826577365,1.388451443569546,-0.0007046421791326671,0.0012612500366993684,-0.0002699784017278217
2025-03-19,1.5611933163681035,1.494868978506929,1.387451568553923,0.0005772012201421139,-0.001346866352110332,-0.0007201368259969199
2025-03-20,1.560532713188701,1.4932494302248003,1.3894513185851691,-0.00042313989720329224,-0.0010834048370888748,0.0014413115935500986
2025-03-21,1.5568287290889842,1.4836531160932098,1.3901387326584098,-0.002373538259347448,-0.006426464284768419,0.0004947377889716886
2025-03-24,1.5586765449121203,1.4862708590465166,1.3898262717160277,0.00118691015177854,0.0017643901562380826,-0.0002247696111484787
2025-03-25,1.5602302416366831,1.4861899153531877,1.39101362329708,0.000996805097012902,-5.4460930076261074e-05,0.0008543165467624902
2025-03-26,1.5600093833216668,1.485959223532216,1.3920759905011793,-0.00014155495075177736,-0.00015522364846396464,0.0007637360168919471
2025-03-27,1.5600878766851212,1.486830728588992,1.392888388951373,5.031595597655448e-05,0.000586493251614495,0.0005835877177231552
2025-03-28,1.5574500329841463,1.4826777471625392,1.3929508811398494,-0.0016908302028343077,-0.0027931770218347363,4.4865180133690785e-05
2025-03-31,1.5574259214921933,1.478646213604597,1.392888388951373,-1.5481390376749287e-05,-0.002719089542995745,-4.4863167339648236e-05
2025-04-01,1.5599808333263552,1.4876563504094324,1.392700912385944,0.0016404708557272033,0.0060935041269072785,-0.00013459554040096133
2025-04-02,1.561801656356834,1.487757165911414,1.3940757405324256,0.0011672085910159967,6.776800432017893e-05,0.000987166831194486
2025-04-03,1.5553458135059495,1.4749764036297623,1.3976377952755825,-0.00413358688960786,-0.008590623909932139,0.002555137170521693
2025-04-07,1.5291716624798393,1.3981360208622648,1.4013873265841688,-0.016828509003480353,-0.052096008165555305,0.0026827632461434714
2025-04-08,1.5310031135711284,1.3963375185469202,1.4010748656417864,0.0011976752749387487,-0.001286357184500042,-0.00022296544035682597
2025-04-09,1.5492220707656243,1.4152359710171525,1.401262342207216,0.01190001315673335,0.013534301140814876,0.00013380909901883342
2025-04-10,1.5499225374458547,1.4298926569878576,1.4018872640919804,0.0004521409121703594,0.010356354891241992,0.00044597065513096723
2025-04-11,1.5535321138672544,1.436686694911549,1.4024496937882682,0.002328875369054268,0.004751432137572786,0.00040119466856847197
2025-04-14,1.5564086836975446,1.443655085260539,1.4025121859767449,0.0018516320355486892,0.004850320096699057,4.455930843971778e-05
2025-04-15,1.5551186991943104,1.4430948691892302,1.4028871391076034,-0.0008288211937814656,-0.0003880539590296883,0.00026734393797611666
2025-04-16,1.5525000836353942,1.438112416995691,1.4031996000499853,-0.0016838686077616217,-0.0034526158327612523,0.00022272707024795224
2025-04-17,1.554273558421324,1.4449012798867116,1.4029496312960796,0.0011423347442127772,0.004720676082613317,-0.00017814197915733132
2025-04-18,1.5544498054185183,1.447409239417786,1.4027621547306504,0.00011339509460179316,0.0017357307146070422,-0.00013363028953228273
2025-04-21,1.5541846389372507,1.4520967663085302,1.4028246469191268,-0.0001705854253661412,0.003238563609439038,4.4549382991032616e-05
2025-04-22,1.5619962435056698,1.461927073575546,1.4028871391076034,0.00502617538014063,0.00676973290974694,4.4547398432071006e-05
2025-04-23,1.5602523278775675,1.4603620689664027,1.4028246469191268,-0.0011164659552498444,-0.0010705079873209345,-4.454541404974588e-05
2025-04-24,1.5632143992150427,1.4592902481826135,1.4028246469191268,0.0018984566050956374,-0.0007339418124901909,0.0
2025-04-25,1.5639125420819973,1.4612675598018674,1.4028246469191268,0.0004466072390998461,0.0013549817260250618,0.0
2025-04-28,1.5611084824808015,1.4575093496472287,1.4031996000499853,-0.0017929772450464398,-0.0025718836563703553,0.00026728439059153786
2025-04-29,1.5639914051617896,1.4558895340303604,1.4036370453693205,0.0018467151471796193,-0.0011113586456653057,0.00031174846352555186
2025-04-30,1.564463010785587,1.45313000861584,1.4043869516310377,0.0003015397797205335,-0.0018954222487478245,0.00053425938293028
2025-05-06,1.571137865056602,1.4632125491706005,1.4047619047618964,0.004266546556228942,0.006938498616764854,0.00026698705112804255
2025-05-07,1.5725840348083429,1.4705136388431563,1.4038870141232265,0.0009204601225042367,0.004989766986822508,-0.0006228035054939296
2025-05-08,1.5737485145306747,1.4707690499872565,1.4046369203849438,0.000740488073487221,0.00017368838843351275,0.0005341642555085624
2025-05-09,1.5729207189708607,1.4673650491712698,1.4045744281964672,-0.0005260024407780112,-0.0023144359857288797,-4.4489923032520196e-05
2025-05-12,1.5765122416159976,1.479865162737575,1.4040119985001793,0.0022833462626689885,0.00851874833284667,-0.00040042712226373567
2025-05-13,1.5771051496507802,1.4793890965378238,1.4038870141232265,0.0003760884432934819,-0.00032169565967107296,-8.901945074990536e-05
2025-05-14,1.5763407004449992,1.486066632434518,1.4034495688038915,-0.00048471670132478454,0.004513711715411007,-0.00031159581571327255
2025-05-15,1.5715392877736953,1.469291699646903,1.4035120609923677,-0.0030459231750779403,-0.011288143089609525,4.452756256112522e-05
2025-05-16,1.574259237084928,1.4695812285049747,1.402574678165221,0.0017307548926032794,0.00019705335444376583,-0.0006678836991852455
2025-05-19,1.575952183596846,1.4726802898621052,1.403512060992368,0.0010753924589019094,0.0021088057584152443,0.0006683300659420244
2025-05-20,1.5762321760898967,1.4763672362793008,1.4034495688038915,0.00017766560176456702,0.0025035620036312654,-4.452557994560902e-05
2025-05-21,1.5790932318225794,1.481747136970439,1.4036995375577974,0.0018151232896286456,0.003644012518657769,0.00017811025024494498
2025-05-22,1.5780942348537401,1.4734634345477637,1.4034495688038917,-0.0006326396369176518,-0.005590496661671851,-0.00017807853263285267
2025-05-23,1.5760512858314637,1.4662170441487579,1.403387076615415,-0.0012945671919685942,-0.00491793025134003,-4.452756256134727e-05
2025-05-26,1.5749104926034583,1.467530592046814,1.4036995375577974,-0.0007238300163585336,0.0008958754798944479,0.00022264772676683364
2025-05-27,1.575353840940676,1.4661081477633424,1.403074615673033,0.0002815070058266859,-0.0009692774318847408,-0.0004451963315822427
2025-05-28,1.5750738904135233,1.462630254076765,1.403074615673033,-0.00017770644275414115,-0.0023721945013968847,0.0
2025-05-29,1.5761825884895053,1.4730296596175636,1.4021997250343627,0.0007039022630810829,0.007110071401717743,-0.0006235524674862436
2025-05-30,1.5778980247163514,1.464414685000697,1.402824646919127,0.0010883486718945923,-0.005848473288109624,0.0004456725198322964
2025-06-03,1.5824885958443098,1.475909771756294,1.4033870766154148,0.0029092951864133063,0.007849611775500143,0.0004009265858873068
2025-06-04,1.5843692556591351,1.4816502143188401,1.4036370453693208,0.0011884191897269727,0.0038894264896121356,0.00017811818141355573
2025-06-05,1.5845765782376755,1.482222162574818,1.4035745531808443,0.0001308549618720363,0.0003860211070402908,-4.452161524426401e-05
2025-06-06,1.5864263377137255,1.48378717999412,1.4039495063117031,0.0011673525290316477,0.0010558588711042315,0.00026714158504015373
2025-06-09,1.5870478103889396,1.488675723994335,1.4046994125734205,0.000391743795750206,0.0032946395993488364,0.0005341404789460658
2025-06-10,1.5871354339136095,1.487057210395841,1.405636795400567,5.521164775021783e-05,-0.0010872170294758288,0.0006673191565085279
2025-06-11,1.5884666518262336,1.4905900228032547,1.40576177977752,0.0008387550830124657,0.00237570712324735,8.891655181608726e-05
2025-06-12,1.5904389890959258,1.4983643411006973,1.40576177977752,0.001241661112258511,0.0052155979702735444,0.0
2025-06-13,1.5888349109176563,1.5025543780338104,1.4061992250968551,-0.0010085757386905287,0.002796407267697809,0.00031118026228060813
2025-06-16,1.5909610167767538,1.5074968720418147,1.4066991626046665,0.0013381540426182816,0.003289394434078108,0.0003555239534263066
2025-06-17,1.5892190096424064,1.5020042188772327,1.4072615923009544,-0.0010949401751381208,-0.0036435585814135196,0.0003998223011993929
2025-06-18,1.5894608530180832,1.5097240195251689,1.4076365454318132,0.00015217749989737174,0.005139666420981815,0.00026644167147749087
2025-06-19,1.5872404389999586,1.5072416883186002,1.4082614673165774,-0.0013969604938104015,-0.0016442284645835415,0.0004439511653717698
2025-06-20,1.5868150233388834,1.5037547574412726,1.409073865766771,-0.00026802219161148577,-0.00231345172068409,0.000576880408253766
2025-06-23,1.5904396902967288,1.5125267184642157,1.4094488188976297,0.0022842403837460244,0.00583337208380239,0.00026609898882390404
2025-06-24,1.592857236650517,1.5075932900648308,1.409073865766771,0.001520049058469416,-0.0032617132240772674,-0.0002660281989891322
2025-06-25,1.5961229567089004,1.5147052196716293,1.4085739282589596,0.002050227718618744,0.0047174059832095884,-0.00035479865176502035
2025-06-26,1.5973204082521897,1.5120821226160934,1.4088863892013417,0.00075022512410851,-0.0017317541535273762,0.00022182786157931567
2025-06-27,1.5978603718217657,1.509362086296595,1.4092613423322002,0.0003380433673709768,-0.001798868116232022,0.00026613439787093185
2025-06-30,1.6000227068453128,1.514059258633046,1.409886264216965,0.0013532690726172963,0.003112024860764706,0.00044343931532986325
2025-07-01,1.603309774132193,1.518657931135996,1.410198725159347,0.002054387898882648,0.003037313418698151,0.0002216213820309676
2025-07-02,1.6030548116036192,1.5163323275251395,1.4110736157980175,-0.0001590226247525421,-0.0015313544697435288,0.0006204023752549581
2025-07-03,1.6071814420131625,1.5245530225709418,1.4110111236095408,0.0025742291403093947,0.005421433610941617,-4.428697962810535e-05
2025-07-04,1.6072772623651874,1.5236008995160912,1.4115735533058287,5.962012098942733e-05,-0.0006245260353392679,0.00039860046946271765
2025-07-07,1.6049707815315715,1.5196822561992989,1.4123859517560224,-0.0014350236189006064,-0.0025719618031447957,0.000575526828404449
2025-07-08,1.608670534911358,1.530335044342287,1.4121359830021167,0.0023051842577818432,0.0070098786108293235,-0.00017698331932214373
2025-07-09,1.6069561832569266,1.530032088433979,1.4120734908136403,-0.0010656946946105638,-0.00019796704612364823,-4.425366199045655e-05
2025-07-10,1.6099303057452932,1.5359852796453788,1.411761029871258,0.0018507800768647706,0.0038908930449249477,-0.00022127810231908907
2025-07-11,1.609790726850289,1.5357031974259687,1.4119485064366872,-8.669871888618635e-05,-0.00018364903827404743,0.00013279624629269904
2025-07-14,1.6097252387064307,1.5366008610684183,1.4116360454943049,-4.0681153621974976e-05,0.0005845293829915277,-0.0002212976896521779
2025-07-15,1.6077984628171247,1.5321645048261647,1.4118860142482108,-0.0011969594828830775,-0.002887123360824384,0.00017707733852767582
2025-07-16,1.6092846143638482,1.5327421657553055,1.4124484439444989,0.0009243394499329207,0.00037702278529561095,0.00039835347231442775
2025-07-17,1.613209320257497,1.5386924290525195,1.4125734283214517,0.0024387891729146533,0.003882103220068811,8.848774444736307e-05
2025-07-18,1.6141930942784153,1.5452167789602806,1.4123859517560224,0.000609824161418195,0.004240191076899514,-0.0001327198725888934
2025-07-21,1.6181958941257781,1.5509786258073337,1.4120109986251639,0.00247975280129196,0.0037288275182526752,-0.0002654749789832156
2025-07-22,1.620370275707272,1.5542077346443692,1.411136107986494,0.0013437072664608,0.0020819815201223225,-0.0006196061075458559
2025-07-23,1.6221486725357184,1.5560423992518873,1.4096362954630592,0.0010975249639594252,0.0011804500560780417,-0.0010628404410788495
2025-07-24,1.6229809315080115,1.5625742663775266,1.4095113110861064,0.0005130596143151959,0.004197743666097842,-8.866427273124255e-05
2025-07-25,1.6236184725029723,1.5628052781763155,1.4091988501437243,0.00039282100151861435,0.0001478405242935521,-0.00022168033695413314
2025-07-28,1.620853829299536,1.5610896220477453,1.4099487564054414,-0.001702766536755646,-0.0010978054352185685,0.0005321507760531752
2025-07-29,1.6201716742742884,1.5656494137648407,1.4090113735782948,-0.00042086153169186374,0.0029209032285501422,-0.0006648346777767822
2025-07-30,1.6201279864203932,1.568217197701416,1.4090113735782948,-2.696495352254828e-05,0.0016400759416507315,0.0
2025-07-31,1.6157978496992231,1.5575909511698771,1.4100112485939178,-0.0026727127470573967,-0.006776004336079311,0.0007096287754468911
2025-08-01,1.6147115597981128,1.5523942659108099,1.4102612173478237,-0.0006722931963999044,-0.0033363607147075757,0.0001772813898861525
2025-08-04,1.6220596773987532,1.558579256569508,1.4105111861017297,0.004550730782876893,0.003984162267611291,0.0001772499667658245
2025-08-05,1.6249768303158192,1.5622859840098804,1.4108236470441118,0.0017984251490329333,0.0023782733054790173,0.0002215231934783457
2025-08-06,1.628505112602535,1.5675167639148235,1.411011123609541,0.002171281596692077,0.0033481577371113013,0.00013288447909287626
2025-08-07,1.6284554308465808,1.5656815808811106,1.4115110611173527,-3.050758365433653e-05,-0.001170758154528162,0.0003543115284114773
2025-08-08,1.6301699812541801,1.5622899909809103,1.4111986001749703,0.0010528691022927811,-0.0021662066806021675,-0.00022136627263480424
2025-08-11,1.6312282395581144,1.5660203935866348,1.411261092363447,0.0006491705258369349,0.0023877785988901446,4.428305730241888e-05
2025-08-12,1.630913716630101,1.5713696012751597,1.410573678290206,-0.00019281356243469974,0.003415796952856842,-0.00048709206039943
2025-08-13,1.6343899102818138,1.5779104164448956,1.4107611548556354,0.0021314393375115753,0.0041624931298328005,0.00013290802764487353
2025-08-14,1.6328667844044817,1.572778240822218,1.4102612173478237,-0.0009319232012814937,-0.003252513938174495,-0.00035437430786278146
2025-08-15,1.635418077491719,1.5818057150789395,1.4097612798400123,0.001562462481082169,0.005739826519981806,-0.0003544999335312049
2025-08-18,1.6387337819797723,1.589702276907294,1.4076990376202898,0.0020274353901840124,0.0049921186610205285,-0.001462830799237591
2025-08-19,1.6379509252931606,1.5853951945870004,1.4069491313585725,-0.0004777204785915753,-0.0027093641261386027,-0.0005327177483797074
2025-08-20,1.6385787044381341,1.591468404631739,1.4067616547931434,0.00038327103411911115,0.0038307231316673683,-0.00013325042195955206
2025-08-21,1.6399681161383757,1.594425654762611,1.4065116860392375,0.0008479371155492183,0.0018581896582208657,-0.00017769090666797105
2025-08-22,1.645245175096425,1.6110907051831191,1.4058242719659966,0.003217781434967964,0.010452071171038246,-0.0004887368374283385
2025-08-25,1.6477129368343164,1.6245143461407396,1.4065116860392375,0.0014999355568672099,0.008332020608420431,0.0004889758179231762
2025-08-26,1.6485293319791179,1.625154146736472,1.4066366704161906,0.0004954717090284795,0.0003938411484345261,8.886124316886956e-05
2025-08-27,1.6384090796184692,1.6050461174629305,1.407449068866384,-0.0061389580181136,-0.012372998163848802,0.0005775467590740657
2025-08-28,1.6397196128176408,1.617946462540652,1.4067616547931432,0.000799881553071428,0.008037367236595682,-0.0004884113311428573
2025-08-29,1.6380620550368619,1.6209723829487008,1.4064491938507608,-0.001010878791606712,0.0018702228275817468,-0.0002221136333349083
2025-09-01,1.6381233690453443,1.6264974572045303,1.407074115735525,3.7430821557573246e-05,0.0034084937621078224,0.0004443259575224179
2025-09-02,1.634285195346425,1.6189969483901883,1.406511686039237,-0.0023430309166251346,-0.0046114482264442815,-0.0003997157576834942
2025-09-03,1.637966137901001,1.6159885356094963,1.407199100112478,0.0022523257048755107,-0.001858195460889034,0.0004887368374284495
2025-09-04,1.6385876931542889,1.5989278001591019,1.4084489438820065,0.00037946770626423257,-0.010557460696316034,0.0008881783462117987
2025-09-05,1.6462784147823242,1.6175806245997295,1.4069491313585718,0.0046935062799298806,0.011665832840464485,-0.001064868222557469
2025-09-08,1.650156930263255,1.6267078165950883,1.4064491938507604,0.0023559292560144415,0.00564249587102803,-0.00035533445855906454
2025-09-09,1.6486131935435944,1.6201944064770681,1.4058242719659961,-0.0009355090363523591,-0.004004044273699858,-0.0004443259575224179
2025-09-10,1.6459300189860038,1.6215244165517702,1.4041994750656086,-0.0016275343228469674,0.0008208953625473026,-0.0011557610241821337
2025-09-11,1.6512473294184875,1.639654123218956,1.4038870141232265,0.0032305811128954384,0.011180655981572807,-0.0002225189141076278
2025-09-12,1.6525529260886325,1.6358051423854543,1.4041994750656086,0.000790672994217578,-0.0023474346076997944,0.00022256843979517882
2025-09-15,1.6500931786376252,1.6388980835666134,1.4040744906886558,-0.0014884530547709792,0.0018907760472306357,-8.900756564300671e-05
2025-09-16,1.6509562268525535,1.6436122636449462,1.4041994750656086,0.0005230299877010604,0.002876432723671052,8.901548869499898e-05
2025-09-17,1.6523362006181477,1.6493829109058642,1.4055118110236138,0.000835863327657785,0.0035109541274174426,0.0009345794392523477
2025-09-18,1.6488258919001646,1.6371691721711228,1.4050118735158024,-0.002124451861957517,-0.007405035334113863,-0.00035569783468936134
2025-09-19,1.6482204499619477,1.6346088077166943,1.4043244594425615,-0.000367195797440517,-0.0015638973039256321,-0.0004892585509052028
2025-09-22,1.6503711200201567,1.64030019901225,1.4044494438195143,0.00130484369263757,0.0034818063310853354,8.899964400144178e-05
2025-09-23,1.64965914302777,1.6342150133020565,1.402699662542174,-0.0004314041755517202,-0.0037098000194464853,-0.0012458841327757098
2025-09-24,1.6538374242201248,1.648559673295341,1.4011373578302628,0.0025328148605814663,0.008777706652137585,-0.0011137841931747605
2025-09-25,1.6535889438059055,1.6518032545903731,1.4008248968878805,-0.00015024476443715226,0.001967524347206995,-0.000223005218322192
2025-09-26,1.6543304651224406,1.6461325843000554,1.4015123109611214,0.00044843146739270625,-0.0034330179908284688,0.0004907209136331137
2025-09-29,1.6594878454228927,1.6594738901366135,1.4010748656417862,0.003117503067968004,0.008104636263081411,-0.0003121237793731746
2025-09-30,1.6640858316660427,1.6632534373558487,1.4015748031495976,0.002770726074211436,0.002277557508858574,0.0003568242640499264
2025-10-09,1.67426225899334,1.678934690060222,1.4028246469191263,0.006115325984783462,0.009428059700452051,0.0008917424647760797
2025-10-10,1.6656799780986344,1.6562509066112534,1.4020122484689328,-0.005126007498888382,-0.013510819440007505,-0.0005791161796150357
2025-10-13,1.6715305742017224,1.6580936656829997,1.4030121234845558,0.0035124370707548553,0.0011126086418371984,0.00071317138399829
2025-10-14,1.6704208031400154,1.6474844503048984,1.4032620922384615,-0.0006639250749194325,-0.006398441534200683,0.00017816578326135257
2025-10-15,1.6760440033371813,1.6607758082216568,1.4030121234845556,0.003366337504056228,0.008067668204272582,-0.00017813404586963788
2025-10-16,1.673689830532853,1.6578624741879453,1.4038870141232258,-0.001404600833654148,-0.0017542006689217904,0.000623580241414734
2025-10-17,1.6768027671653152,1.6426713998233704,1.4051368578927546,0.0018599244469755648,-0.009163048564698174,0.0008902737591809373
2025-10-20,1.6745521550836817,1.6437050220940714,1.4046369203849431,-0.0013422044176597207,0.000629232523809653,-0.0003557927507226166
2025-10-21,1.6817639552482995,1.659533129685569,1.4051368578927548,0.004306703820913369,0.00962953046850994,0.00035591938425949543
2025-10-22,1.6735628205961595,1.6522883481439585,1.4055118110236133,-0.0048765075660866155,-0.004365554029634344,0.00026684456304204573
2025-10-23,1.6733429661525683,1.6579621204832529,1.4052618422697076,-0.00013136910122856443,0.0034338875207029053,-0.00017784891734462516
2025-10-24,1.6772818998156436,1.66971051941108,1.405011873515802,0.0023539308693734306,0.00708604785518413,-0.00017788055320844265
2025-10-27,1.6824982604982168,1.6816679825940184,1.4048243969503726,0.003110008331424032,0.007161398963429743,-0.00013343415024680283
2025-10-28,1.6797311293282162,1.6706702715027482,1.407011623547048,-0.0016446561847743373,-0.006539763618681726,0.0015569395017793752
2025-10-29,1.684940396195081,1.6818969708531395,1.4071991001124773,0.003101250417945201,0.006719877370112759,0.00013324450366414275
2025-10-30,1.6798732971492623,1.6714774837780126,1.407574053243336,-0.0030072868199143305,-0.006195080469073922,0.00026645350386367284
2025-10-31,1.6817755522439108,1.6687933157981099,1.4083864516935296,0.0011323801014498645,-0.0016058654728844158,0.0005771621381636116
2025-11-03,1.683709427891352,1.674445172651964,1.4088238970128646,0.0011499011534927713,0.003386792600587074,0.00031060034609753373
2025-11-04,1.678512675872366,1.66201639409906,1.4088238970128646,-0.0030864898259162555,-0.007422624972079272,0.0
2025-11-05,1.6822433735843365,1.664485373082494,1.4091363579552467,0.0022226211130824693,0.0014855322680330074,0.0002217885024839994
2025-11-06,1.6833586527546163,1.6722972339243887,1.4085114360704822,0.0006629713558647434,0.004693258930493116,-0.0004434786465032925
2025-11-07,1.68413768302784,1.671842385127923,1.4083864516935294,0.00046278330048626774,-0.0002719904017292496,-8.873508141438169e-05
2025-11-10,1.6899338974537568,1.6807950977821051,1.408511436070482,0.0034416511692180064,0.005354998015256629,8.874295602767646e-05
2025-11-11,1.6903378368592668,1.6787033810660559,1.408323959505053,0.00023902674898623676,-0.0012444804954567456,-0.00013310262212151702
2025-11-12,1.688995734198322,1.6784769385598373,1.4091363579552465,-0.0007939848660304532,-0.00013489131479254012,0.0005768548100815174
2025-11-13,1.6926046235539691,1.683573077695497,1.4088238970128641,0.00213670720569339,0.0030361686947168454,-0.00022173932325164625
2025-11-14,1.6897262467111263,1.6743654573643645,1.4088238970128641,-0.001700560664190504,-0.005469094542504738,0.0
2025-11-17,1.6862803277189058,1.6662447860699916,1.4093863267091522,-0.002039335660985116,-0.0048499992989318175,0.00039921930447128773
2025-11-18,1.6821138992233498,1.6567255102152159,1.4098237720284874,-0.002470780466965452,-0.00571301163812068,0.0003103799937924645
2025-11-19,1.6852855310539667,1.6628063434862816,1.4093863267091522,0.0018855036107135394,0.0036703927316696803,-0.0003102836879432802
2025-11-20,1.6814676842444378,1.6518143655723134,1.4093863267091522,-0.002265400574074317,-0.00661049794344788,0.0
2025-11-21,1.6758853424027187,1.6284790406591578,1.4091363579552465,-0.0033199221692016222,-0.014127086795900546,-0.0001773599964527417
2025-11-24,1.6786446243313213,1.6349640933752827,1.4092613423321991,0.0016464622362809167,0.003982275825607173,8.869572930048086e-05
2025-11-25,1.6815012190837473,1.6465608328452652,1.4087614048243877,0.0017017269236267382,0.007092962785526247,-0.00035475145226371296
2025-11-26,1.677184384621766,1.646276999106925,1.4075740532433354,-0.0025672502719526424,-0.0001723797461219978,-0.0008428336956038951
2025-11-27,1.6745764885111207,1.6462156589852612,1.4073865766779061,-0.00155492510814981,-3.725990322239747e-05,-0.00013319126265320946
2025-11-28,1.679222898337676,1.6556223318292058,1.4073865766779061,0.002774677572767232,0.005714119406289087,0.0
2025-12-01,1.680256385753923,1.6632567317733526,1.407824021997241,0.0006154557666347725,0.004611196525545746,0.0003108210115003729
2025-12-02,1.6772410752831612,1.656463177484063,1.4073865766779061,-0.0017945537932943442,-0.004084489279082259,-0.00031072443181812126
2025-12-03,1.6756665834812154,1.649918480006406,1.4064491938507595,-0.0009387391145784329,-0.003951006920417966,-0.0006660450246437355
2025-12-04,1.6737815505759848,1.652111026798968,1.403824521934749,-0.0011249450957686734,0.0013288818927306822,-0.0018661690215943105
2025-12-05,1.6792335009273656,1.662773777679139,1.403824521934749,0.0032572651726891556,0.0064540159270231046,0.0
2025-12-08,1.680625512988308,1.66963690105328,1.4024496937882673,0.0008289568187949941,0.004127514798627907,-0.0009793447293446889
2025-12-09,1.6765881576731452,1.6589241258025642,1.4030121234845554,-0.0024022932437721294,-0.006416230525306399,0.0004010337759559057
2025-12-10,1.6794181154525711,1.6613828056057043,1.4026371703536966,0.0016879266183970928,0.001482092981166705,-0.00026724867489202886
2025-12-11,1.6781000668588768,1.6541029116983161,1.4040119985001782,-0.0007848245660605028,-0.004381828127042653,0.0009801737580752423
2025-12-12,1.6796889300337081,1.6596999286965377,1.4037620297462725,0.0009468226634454525,0.0033837175175968847,-0.00017803890149992174
2025-12-15,1.6792630207279045,1.6569359613538366,1.4029496312960787,-0.00025356439408994304,-0.0016653416047753943,-0.0005787294662333853
2025-12-16,1.6742321518887622,1.6415243274866813,1.4026371703536966,-0.0029958790118306826,-0.009301285159242344,-0.00022271714922050823
2025-12-17,1.6785601231602523,1.6518620433178615,1.4031996000499847,0.0025850484752711336,0.006297631815794025,0.00040098017375811423
2025-12-18,1.6799189634041878,1.6527170726554643,1.4040119985001784,0.0008095272997295662,0.0005176154637497543,0.0005789614322615488
2025-12-19,1.6826404465059381,1.6574076747560773,1.4038870141232256,0.0016200085605530508,0.0028381155965650382,-8.901945074990536e-05
2025-12-22,1.6881190843234126,1.6735275620911538,1.403512060992367,0.0032559765390468088,0.00972596397410127,-0.0002670821277542812
2025-12-23,1.689651395939643,1.6778674551290658,1.4046994125734193,0.0009077035088698624,0.0025932605690037747,0.0008459860189677926
2025-12-24,1.6933040214326172,1.6862830037386463,1.4047619047618956,0.0021617627764825157,0.005015621814378224,4.448794376710197e-05
2025-12-25,1.695420343703547,1.6893116212017254,1.4046369203849427,0.0012498182512668968,0.0017960315417782646,-8.897192935619636e-05
2025-12-26,1.6964166846542674,1.693160975445963,1.4056992875890422,0.0005876660348098815,0.002278652556417726,0.000756328691551289
2025-12-29,1.6926782539081626,1.6853577144427592,1.4043244594425606,-0.002203721986421478,-0.004608694103139454,-0.0009780385880678866
2025-12-30,1.6907922072043975,1.6833984645031874,1.4043869516310368,-0.001114238160389071,-0.0011625128142124907,4.449982200060987e-05
2025-12-31,1.6889710704057392,1.6784172641479354,1.4038870141232254,-0.0010770908399615575,-0.002959014434364493,-0.00035598273483727905
2026-01-05,1.698620533798741,1.6959114564966964,1.4041994750656075,0.005713220055737029,0.010423029316039745,0.00022256843979517882
2026-01-06,1.7063968804982281,1.715431104404752,1.403824521934749,0.004578036438836813,0.011509827257360583,-0.0002670226969292422
2026-01-07,1.7062992727048034,1.710439793554029,1.4028871391076023,-5.720110868710136e-05,-0.0029096539277542965,-0.0006677350427349849
2026-01-08,1.7080492363462785,1.7101323482637572,1.4031371078615082,0.0010255900998544796,-0.00017974633859110244,0.00017818165619853943
2026-01-09,1.7138563070508885,1.7293632655917495,1.4032620922384613,0.003399826293668282,0.011245280137246105,8.90749565760629e-05
2026-01-12,1.7225388826498755,1.748021301180286,1.4036370453693199,0.005066104762264252,0.01078896259667712,0.0002672010688042903
2026-01-13,1.7180531547636706,1.7431149430622825,1.4042619672540841,-0.0026041373761644176,-0.002806806824774244,0.000445216152441974
2026-01-14,1.719457652716191,1.7462853057884715,1.4041994750656075,0.0008174938875589294,0.001818791548318377,-4.450180232307144e-05
2026-01-15,1.720426910683402,1.7452539310211346,1.4049493813273248,0.0005636998187653961,-0.0005906106888250995,0.0005340453938584844
2026-01-16,1.7223010231307774,1.740395881599317,1.4051993500812308,0.0010893298841917758,-0.0027835774127007995,0.0001779201138689679
2026-01-19,1.726188944733527,1.7451562915109229,1.405261842269707,0.002257399577968123,0.0027352454472780565,4.447211598312961e-05
2026-01-20,1.7217322105202302,1.7382790131606924,1.4058867641544714,-0.0025818345244846322,-0.00394078076770773,0.00044470138302132867
2026-01-21,1.7310505228558475,1.752072802884142,1.407074115735524,0.0054121728563130975,0.00793531396226691,0.0008445570520514423
2026-01-22,1.735580070609386,1.757687623471478,1.4073240844894297,0.0026166467666498775,0.0032046731038193445,0.0001776514478593061
2026-01-23,1.7444255099735888,1.768476907377418,1.4076365454318118,0.005096531997568527,0.006138339806154525,0.00022202486678501998
2026-01-26,1.7428367708316372,1.7752135983468091,1.4083239595050527,-0.0009107520687287316,0.0038093180302711804,0.000488346281908969
2026-01-27,1.7444286458011795,1.7741872077033989,1.407824021997241,0.0009133815605593136,-0.0005781786734655348,-0.00035498757543495074
2026-01-28,1.751890480914097,1.789306169134263,1.4075740532433354,0.004277523836173045,0.008521626897781031,-0.00017755681818176772
2026-01-29,1.754640717635145,1.8032587582520403,1.4080114985626706,0.0015698679517984805,0.007797765054668115,0.00031077961285741473
2026-01-30,1.738342550264851,1.7768904880646175,1.4080114985626706,-0.009288606611306776,-0.01462256598880044,0.0
2026-02-02,1.713998866018103,1.7215505308920913,1.4085114360704822,-0.014003962707487706,-0.03114427002915763,0.00035506635302473555
2026-02-03,1.7337368788445553,1.7534964470284404,1.4080739907511473,0.011515767727610638,0.018556478920078456,-0.00031057278495050245
2026-02-04,1.737839927658081,1.7690060808735784,1.4082614673165765,0.0023665925686833576,0.0088449759173572,0.00013314397301611436
2026-02-05,1.7292316976012676,1.7538073081352186,1.4089488813898177,-0.004953407917387246,-0.008591701805148278,0.00048812957621491293
2026-02-06,1.734081235790968,1.7546518948798353,1.410011248593917,0.0028044467357542144,0.0004815732838487463,0.0007540140157897834
2026-02-09,1.744284844336611,1.7743585758096567,1.4105111861017285,0.00588415832836626,0.011231105718078106,0.000354562779772305
2026-02-10,1.7424700411027194,1.7779875004465506,1.4106986626671578,-0.0010404282533233644,0.0020452036506983908,0.00013291391608705183
2026-02-11,1.7438057344614308,1.7797039761684303,1.41101112360954,0.0007665516922552665,0.0009654037058465126,0.0002214937538760342
2026-02-12,1.743487549969175,1.780516479300302,1.4111986001749692,-0.00018246556136830008,0.0004565383584864913,0.0001328668231541652
2026-02-13,1.740082245590082,1.7614825048109224,1.4112610923634459,-0.001953156693979987,-0.010690142276503644,4.428305730241888e-05
2026-02-24,1.7494301448300034,1.7896275724374708,1.4119485064366868,0.0053721019587505735,0.015978056863851363,0.00048709206039943
2026-02-25,1.7515438841814386,1.797055959053897,1.4118235220597337,0.0012082445004630133,0.00415080027310305,-8.851907586093777e-05
2026-02-26,1.7452625253340688,1.792218203524875,1.4111986001749692,-0.0035861841111136847,-0.002692045010979549,-0.00044263456090654074
2026-02-27,1.744346592024966,1.7964809633497627,1.4114485689288752,-0.0005248111936212362,0.0023784826069190744,0.00017713222920923144
2026-03-02,1.7451705511371605,1.8179711777465442,1.4124484439444982,0.0004723597454551994,0.011962394723465396,0.0007084034357567326
2026-03-03,1.7356847710056922,1.8062165715204066,1.4126359205099275,-0.005435445908302371,-0.0064657824997576665,0.0001327316166710446
2026-03-04,1.7358292186213609,1.8182641737498577,1.4125734283214508,8.322226367464167e-05,0.006670076235271161,-4.423800044250914e-05
2026-03-05,1.7353575584199181,1.8291125712985927,1.4128233970753568,-0.00027172039529179196,0.00596634840269783,0.00017695983011867256
2026-03-06,1.7345969551925142,1.8291924544833453,1.4126359205099275,-0.00043829770050188624,4.367319212933429e-05,-0.0001326963906581602
2026-03-09,1.7348885835743222,1.8530213254759287,1.4115110611173516,0.0001681245784128059,0.013026989551689173,-0.000796284007962833
2026-03-10,1.737983346447466,1.8409852015813528,1.4112610923634459,0.0017838395516834764,-0.00649540495249532,-0.00017709301810775457
2026-03-11,1.7392899034562628,1.8421402056986569,1.4107611548556342,0.0007517661267969856,0.0006273837053726306,-0.00035424877119960563
2026-03-12,1.7328254019164777,1.8504623087844077,1.4107611548556342,-0.0037167475801124614,0.004517627409686931,0.0
2026-03-13,1.7273872488786923,1.8459627948151085,1.4108236470441107,-0.0031383156270510288,-0.0024315620739419398,4.4296788482833804e-05
2026-03-16,1.727266798903752,1.8475256605476633,1.4099487564054405,-6.972957280915713e-05,0.000846639887295908,-0.0006201275690999042
2026-03-17,1.7211890081469101,1.8336809608301068,1.410011248593917,-0.003518733041530792,-0.00749364407390829,4.432231185180768e-05
2026-03-18,1.723085287047659,1.8306760618814801,1.4105736782902047,0.0011017261275625546,-0.001638725063309998,0.0003988831272436766
2026-03-19,1.7153370396429801,1.8236419343087558,1.4109486314210633,-0.004496728898402113,-0.0038423660631116685,0.00026581605528974706
2026-03-20,1.7088786051138682,1.7982673031546184,1.4104486939132517,-0.0037651111005310655,-0.013914261718134747,-0.00035432722118877713
2026-03-23,1.7043127635538238,1.768044487026555,1.410073740782393,-0.002671834936888524,-0.016806631625367895,-0.0002658396101019589
2026-03-24,1.7135450483565267,1.7710575767545926,1.4107611548556338,0.005417013238492462,0.0017041933900118766,0.00048750221591919995
2026-03-25,1.7185464660622976,1.788189345818729,1.4111361079864924,0.0029187547246381645,0.009673185834833042,0.0002657807308970028
2026-03-26,1.7102288935775574,1.7718077726012853,1.4118235220597333,-0.0048398880385224835,-0.009160983570195402,0.0004871352021611486
2026-03-27,1.7101471286150483,1.7784515665255118,1.4116985376827806,-4.7809367983529284e-05,0.003749726142397858,-8.852691218119713e-05
2026-03-30,1.7079043139574754,1.7847689550167856,1.412448443944498,-0.0013114746796019877,0.003552184726411045,0.0005312084993360777
2026-03-31,1.7054076096065764,1.7740592053615534,1.412885889263833,-0.0014618525935529273,-0.006000636455003472,0.00030970710556577075
2026-04-01,1.710025126755246,1.776426058644701,1.4126359205099273,0.002707573909403794,0.0013341456000985018,-0.00017692069529828824
2026-04-02,1.7102891275719452,1.7782155003164453,1.4125109361329744,0.00015438417399171877,0.0010073268532827973,-8.847600088479624e-05
2026-04-03,1.709941821047124,1.7736727766838394,1.4126359205099275,-0.00020306889590904483,-0.002554653039408017,8.84838295802659e-05
2026-04-07,1.7117672983772714,1.7751620452078898,1.4132608423946917,0.001067566924019457,0.0008396523550610935,0.00044238000442375913
2026-04-08,1.7240429456508484,1.7953872816297558,1.4137607799025032,0.0071713294705502,0.0113934592486723,0.00035374751271266547
2026-04-09,1.7251213396139744,1.7938900837634773,1.4143857017872679,0.0006255029585234676,-0.0008339135971373035,0.0004420280245769348
2026-04-10,1.7242778873339397,1.8006197757538958,1.414135733033362,-0.0004889234517400912,0.00375145169223533,-0.00017673308885268746
2026-04-13,1.7266033747513032,1.80784726005141,1.4156355455567964,0.0013486732239888707,0.004013886993153826,0.001060585973750472
2026-04-14,1.732779269265811,1.8206682222840302,1.416322959630037,0.0035769039982314825,0.007091839291918778,0.000485586897982504
2026-04-15,1.7332722095424375,1.8153777539012523,1.4165104361954663,0.00028447955568813534,-0.0029057838863915664,0.00013236851394271554
2026-04-16,1.7391572897608438,1.827768777850948,1.4166354205724192,0.003395358320525947,0.006825589838295243,8.823399655888409e-05
2026-04-17,1.7413555168028831,1.830789978957397,1.417447819022613,0.0012639610315762204,0.0016529449146193698,0.0005734703780493344
2026-04-20,1.741273640230379,1.8310234676661232,1.4179477565304248,-4.701887220274917e-05,0.00012753440395129044,0.00035270258354658246
2026-04-21,1.7390492447154775,1.8276461293898136,1.4187601549806186,-0.0012774531604389941,-0.0018445084598584737,0.0005729396209783744
2026-04-22,1.7441736822504,1.8397131345213409,1.4198225221847178,0.002946689146666957,0.0066024844402214344,0.0007487997180988248
2026-04-23,1.7430065823589922,1.8364082960226562,1.4193850768653828,-0.0006691420145165483,-0.0017963879458546606,-0.0003080985915492329
2026-04-24,1.7456303144048748,1.8358146965312792,1.4191351081114771,0.0015052909566936712,-0.00032323938672176313,-0.000176110597455148
2026-04-27,1.7462110311328793,1.8409126067143446,1.418010248718901,0.00033266879201888054,0.002776919801708788,-0.0007926372803734871
2026-04-28,1.7454007534279647,1.8357994221642684,1.4183227096612832,-0.0004640204937824808,-0.0027775270436124376,0.00022035168128331506
2026-04-29,1.7483766718535092,1.8435055937645874,1.4185101862267124,0.0017050058100981894,0.004197719809299327,0.00013218188226993277
2026-04-30,1.753172179045858,1.8542551715674138,1.4185726784151889,0.002742834121245191,0.005831052446591567,4.4054804176463236e-05
2026-05-06,1.76271025095903,1.8711918147848472,1.4181352330958539,0.00544046501945004,0.009133933385833215,-0.0003083700440528192
2026-05-07,1.7604755643202934,1.8686555722075247,1.4179477565304246,-0.0012677560804566605,-0.0013554156005188833,-0.00013219935662978077
2026-05-08,1.7607620830271973,1.8672263501309914,1.4183227096612832,0.00016275074344153416,-0.0007648397584820166,0.000264433671220754
2026-05-11,1.7656672861526732,1.880597027942561,1.418572678415189,0.0027858409564583526,0.00716071611276885,0.00017624250969339172
2026-05-12,1.7639277029687066,1.8796589933704757,1.4193225846769062,-0.0009852270569938757,-0.0004987961578943545,0.0005286343612334043
2026-05-13,1.7663000445020762,1.886490196597514,1.4195725534308117,0.0013449199359912714,0.0036342779467615103,0.0001761183515320841
2026-05-14,1.7604302517657275,1.8652050824740476,1.4192600924884295,-0.003323213830299895,-0.01128291796154376,-0.00022010917415027365
2026-05-15,1.7550192537185385,1.8582876526743617,1.4189476315460472,-0.003073679313202995,-0.0037086698211815537,-0.0002201576328652033
2026-05-18,1.7545586747241602,1.8626030132023215,1.4195100612423353,-0.00026243529431517796,0.002322224184048749,0.00039637100325906616
2026-05-19,1.7577519273190605,1.8705390536936737,1.4200724909386233,0.0018199748124138595,0.004260725680727851,0.0003962139555360178
2026-05-20,1.7593599880321857,1.8667329298072666,1.420447444069482,0.0009148393969208975,-0.0020347738150086835,0.00026403802147512145
2026-05-21,1.7540608708562926,1.846332416944181,1.4203224596925292,-0.0030119573094419586,-0.01092845823702907,-8.798944126708896e-05
2026-05-22,1.7553996488425352,1.8533183755119513,1.42100987376577,0.0007632448841921676,0.003783694909789204,0.00048398451249553887
2026-05-25,1.7574450448900658,1.8558364730799535,1.421322334708152,0.0011652024932780282,0.0013586967038551224,0.00021988653854609908
2026-05-26,1.7587154113730263,1.8514747289959972,1.4221347331583458,0.000722848482036181,-0.0023502847083921143,0.000571579317622195
2026-05-27,1.7548694799788,1.8375579979794767,1.4225721784776808,-0.002186784382143919,-0.007516565469984604,0.00030759766225774143
2026-05-28,1.75765842510796,1.8375323653047055,1.4231971003624453,0.0015892607176653064,-1.3949314687866643e-05,0.00043929010718679606
2026-05-29,1.755437567417588,1.826464994644537,1.4235720534933038,-0.00126353201432506,-0.006022952775764178,0.00026345832967411553
2026-06-01,1.7572656614617894,1.8250865785800303,1.4246969128858795,0.001041389382415352,-0.000754690655746737,0.0007901668129937089
2026-06-02,1.7603890516856526,1.8336597102175318,1.4248843894513088,0.0017774149306854928,0.0046973835313455226,0.0001315904903937959
2026-06-03,1.758709277975196,1.836836007592951,1.424759405074356,-0.0009542059517173297,0.0017322174652801615,-8.771545107666423e-05
2026-06-04,1.7567662194068496,1.8309216631477898,1.4252593425821674,-0.0011048207868577188,-0.0032198543695316937,0.0003508925830080223
2026-06-05,1.746516424887757,1.8130747887386476,1.425071866016738,-0.005834466991603206,-0.009747481155725258,-0.00013153856272196673
2026-06-08,1.7438320271731231,1.7931800955323516,1.4248843894513088,-0.0015370011277198842,-0.010972902678844676,-0.00013155586739166392
2026-06-09,1.7448791907420251,1.8005030420455574,1.4246969128858795,0.0006004956627615289,0.0040837763766453875,-0.00013157317661505186
2026-06-10,1.7376719578336848,1.7812931172331445,1.423884514435686,-0.004130505393485368,-0.010669198753804121,-0.0005702254583734856
2026-06-11,1.7431931996392673,1.7805372795465653,1.4236345456817803,0.0031773786649959934,-0.0004243196581555475,-0.00017555409260472388
2026-06-12,1.7475160760506534,1.7850463122623115,1.4238220222472096,0.0024798607591404284,0.002532400061230189,0.00013168868794166677
2026-06-15,1.7572213532162038,1.8096496241284226,1.4244469441319738,0.005553755584031098,0.013783010388637806,0.0004389044943819975
2026-06-16,1.7554175068988407,1.812062609492116,1.4249468816397852,-0.0010265333471286987,0.0013333992014368246,0.0003509695533912005
2026-06-17,1.7518069326770205,1.8104684029007059,1.4253843269591202,-0.0020568179408206903,-0.0008797745635603426,0.0003069906148582824
2026-06-18,1.7526713948607795,1.8117200680198524,1.4256967879015023,0.0004934688678494639,0.0006913487786592398,0.0002192117146739836
2026-06-22,1.7566927902817548,1.8220437805541199,1.4260092488438847,0.002294437755284262,0.005698293415467304,0.00021916367142993387
2026-06-23,1.7447045849609522,1.7906946070382284,1.4255718035245497,-0.006824303820863284,-0.017205499588136976,-0.0003067619089355267
2026-06-24,1.7447045849609522,1.7961361998908052,1.425634295713026,0.0,0.0030388167983467994,4.383657723994183e-05
2026-06-25,1.7447045849609522,1.7892969214971395,1.4260092488438845,0.0,-0.0038077727034740217,0.00026300793407263434
2026-06-26,1.7447045849609522,1.7727129121387946,1.426509186351696,0.0,-0.009268450171181608,0.0003505850387834908
2026-06-29,1.7447045849609522,1.7847691631517344,1.4275090613673191,0.0,0.006801017203848114,0.000700924343978615
2026-06-30,1.7447045849609522,1.7958391461507555,1.4268841394825547,0.0,0.006202473254004681,-0.00043777087072627285
2026-07-01,1.7447045849609522,1.7908444546584108,1.4261342332208373,0.0,-0.0027812577218011003,-0.0005255551175930018
2026-07-02,1.7447045849609522,1.7662134838119332,1.4265091863516959,0.0,-0.013753830368911502,0.0002629157355067413
2026-07-03,1.7447045849609522,1.7771681106220134,1.4264466941632195,0.0,0.00620232316788657,-4.380777149870507e-05
2026-07-06,1.7447045849609522,1.773484307889639,1.4269466316710309,0.0,-0.002072849895491902,0.0003504775256286674
2026-07-07,1.7447045849609522,1.761528175994613,1.4270716160479837,0.0,-0.006741605686521668,8.75886835420836e-05
2026-07-08,1.7447045849609522,1.7619885106907587,1.4276965379327482,0.0,0.0002613268992338269,0.0004379050621825531
2026-07-09,1.7447045849609522,1.7846988882132173,1.4277590301212246,0.0,0.012889061072001806,4.3771338527509585e-05
2026-07-10,1.7447045849609522,1.7723017842332445,1.427946506686654,0.0,-0.006946328067915353,0.00013130826804386153
2026-07-13,1.7447045849609522,1.762252144775234,1.4281339832520832,0.0,-0.005670388388373848,0.00013129102844633422
