date,asset,score,decayed_score,weight,signal_confidence,view_confidence,optimizer_used,optimizer_status,cvar_95,turnover,cost
2017-03-01,sse50,0.5694444444444444,0.5694444444444444,0.017653191156850084,0.15753150647520983,0.626306411995994,cvar,optimal,0.002924585532225049,0.5,0.0005
2017-03-01,csi300,0.6805555555555556,0.6805555555555556,1.8541462530723348e-08,0.15753150647520983,0.5629729239846564,cvar,optimal,0.002924585532225049,0.5,0.0005
2017-03-01,csi500,0.8749999999999999,0.8749999999999999,1.262689425331189e-08,0.15753150647520983,0.6556755842898725,cvar,optimal,0.002924585532225049,0.5,0.0005
2017-03-01,csi1000,0.9583333333333331,0.9583333333333331,9.082637683723997e-09,0.15753150647520983,0.8,cvar,optimal,0.002924585532225049,0.5,0.0005
2017-03-01,bond_gov,0.2361111111111111,0.2361111111111111,0.29999999363853636,0.15753150647520983,0.7314016774578181,cvar,optimal,0.002924585532225049,0.5,0.0005
2017-03-01,bond_corp,0.2638888888888889,0.2638888888888889,0.299999995076515,0.15753150647520983,0.7885673095719608,cvar,optimal,0.002924585532225049,0.5,0.0005
2017-03-01,csi_cb,0.6527777777777778,0.6527777777777778,0.16928073559197696,0.15753150647520983,0.5070612825073241,cvar,optimal,0.002924585532225049,0.5,0.0005
2017-03-01,crude_sc,,0.0,0.0,0.15753150647520983,,cvar,optimal,0.002924585532225049,0.5,0.0005
2017-03-01,gold_au,0.5972222222222223,0.5972222222222223,0.07488057030677997,0.15753150647520983,0.5598429064413022,cvar,optimal,0.002924585532225049,0.5,0.0005
2017-03-01,spx,0.1666666666666666,0.1666666666666666,0.13818547397834716,0.15753150647520983,0.7991277629264071,cvar,optimal,0.002924585532225049,0.5,0.0005
2017-03-29,sse50,0.2777777777777778,0.35792765372494306,0.008423177330902459,0.046390282215610014,0.5665255556313934,cvar,optimal,0.0027092280290026477,0.010678319059191227,1.0678319059191228e-05
2017-03-29,csi300,0.2361111111111111,0.35824425541155347,1.4411398920020403e-09,0.046390282215610014,0.5848568464236071,cvar,optimal,0.0027092280290026477,0.010678319059191227,1.0678319059191228e-05
2017-03-29,csi500,0.5694444444444444,0.6534109811509985,7.567266186158416e-09,0.046390282215610014,0.7284757486882318,cvar,optimal,0.0027092280290026477,0.010678319059191227,1.0678319059191228e-05
2017-03-29,csi1000,0.75,0.8072499113908324,0.003681800472136304,0.046390282215610014,0.7916641736233972,cvar,optimal,0.0027092280290026477,0.010678319059191227,1.0678319059191228e-05
2017-03-29,bond_gov,0.6111111111111112,0.508061270607613,0.29999999980398023,0.046390282215610014,0.3223690207495877,cvar,optimal,0.0027092280290026477,0.010678319059191227,1.0678319059191228e-05
2017-03-29,bond_corp,0.8055555555555556,0.6567057859393916,0.29999999978161096,0.046390282215610014,0.3924562673801437,cvar,optimal,0.0027092280290026477,0.010678319059191227,1.0678319059191228e-05
2017-03-29,csi_cb,0.8888888888888888,0.8240056559792789,0.17627725239112968,0.046390282215610014,0.7571400636408407,cvar,optimal,0.0027092280290026477,0.010678319059191227,1.0678319059191228e-05
2017-03-29,crude_sc,,0.0,0.0,0.046390282215610014,,cvar,optimal,0.0027092280290026477,0.010678319059191227,1.0678319059191228e-05
2017-03-29,gold_au,0.4861111111111111,0.5166443971862218,0.07356338945975535,0.046390282215610014,0.44743021457934623,cvar,optimal,0.0027092280290026477,0.010678319059191227,1.0678319059191228e-05
2017-03-29,spx,0.375,0.31775008860916765,0.13805437175207885,0.046390282215610014,0.8,cvar,optimal,0.0027092280290026477,0.010678319059191227,1.0678319059191228e-05
2017-04-28,sse50,0.7083333333333333,0.5934905264939027,0.010419670942078305,0.03942503961666062,0.6922883831127121,cvar,optimal,0.0026357734196449916,0.002411558692963724,2.411558692963724e-06
2017-04-28,csi300,0.3888888888888889,0.37884534242858053,1.2154066481708643e-08,0.03942503961666062,0.6887153185197341,cvar,optimal,0.0026357734196449916,0.002411558692963724,2.411558692963724e-06
2017-04-28,csi500,0.3055555555555555,0.4195625359628127,1.5146936173018579e-09,0.03942503961666062,0.43621179119480297,cvar,optimal,0.0026357734196449916,0.002411558692963724,2.411558692963724e-06
2017-04-28,csi1000,0.4166666666666666,0.5446773660899912,0.0034249991828005097,0.03942503961666062,0.40071258194709175,cvar,optimal,0.0026357734196449916,0.002411558692963724,2.411558692963724e-06
2017-04-28,bond_gov,0.4444444444444445,0.4652943772621985,0.29999999762234764,0.03942503961666062,0.5345761853818545,cvar,optimal,0.0026357734196449916,0.002411558692963724,2.411558692963724e-06
2017-04-28,bond_corp,0.8333333333333334,0.775444992794577,0.2999999980249546,0.03942503961666062,0.5642744612827602,cvar,optimal,0.0026357734196449916,0.002411558692963724,2.411558692963724e-06
2017-04-28,csi_cb,0.736111111111111,0.7649178823079011,0.17417070909299723,0.03942503961666062,0.6962679129198363,cvar,optimal,0.0026357734196449916,0.002411558692963724,2.411558692963724e-06
2017-04-28,crude_sc,,0.0,0.0,0.03942503961666062,,cvar,optimal,0.0026357734196449916,0.002411558692963724,2.411558692963724e-06
2017-04-28,gold_au,0.4444444444444444,0.46810743197309,0.07397844382861678,0.03942503961666062,0.6856102830417491,cvar,optimal,0.0026357734196449916,0.002411558692963724,2.411558692963724e-06
2017-04-28,spx,0.7222222222222222,0.5896595446869458,0.13800616763744505,0.03942503961666062,0.4946445425342145,cvar,optimal,0.0026357734196449916,0.002411558692963724,2.411558692963724e-06
2017-05-31,sse50,0.3611111111111111,0.43185181381787885,0.05254490074269386,0.03708497459824993,0.5721253130492747,cvar,optimal,0.002689706562424148,0.05468095719691178,5.4680957196911785e-05
2017-05-31,csi300,0.6388888888888888,0.5515306793117846,1.6033049396676344e-09,0.03708497459824993,0.6394709663226785,cvar,optimal,0.002689706562424148,0.05468095719691178,5.4680957196911785e-05
2017-05-31,csi500,0.3888888888888888,0.38454833170212027,0.0026770260835901182,0.03708497459824993,0.5904129447835536,cvar,optimal,0.002689706562424148,0.05468095719691178,5.4680957196911785e-05
2017-05-31,csi1000,0.4166666666666666,0.4429030918490661,1.0133496370373062e-08,0.03708497459824993,0.5213051346539294,cvar,optimal,0.002689706562424148,0.05468095719691178,5.4680957196911785e-05
2017-05-31,bond_gov,0.7361111111111112,0.6613406121057225,0.2999999996232568,0.03708497459824993,0.5845984678217206,cvar,optimal,0.002689706562424148,0.05468095719691178,5.4680957196911785e-05
2017-05-31,bond_corp,0.6805555555555556,0.7244061309599971,0.29999999937433214,0.03708497459824993,0.49830951418490077,cvar,optimal,0.002689706562424148,0.05468095719691178,5.4680957196911785e-05
2017-05-31,csi_cb,0.5416666666666666,0.612284169272992,0.12482674743515104,0.03708497459824993,0.511677115148647,cvar,optimal,0.002689706562424148,0.05468095719691178,5.4680957196911785e-05
2017-05-31,crude_sc,,0.0,0.0,0.03708497459824993,,cvar,optimal,0.002689706562424148,0.05468095719691178,5.4680957196911785e-05
2017-05-31,gold_au,0.4583333333333333,0.4574277097384385,0.08385714330572967,0.03708497459824993,0.6329130949360222,cvar,optimal,0.002689706562424148,0.05468095719691178,5.4680957196911785e-05
2017-05-31,spx,0.7777777777777778,0.7337074612419994,0.13609417169844504,0.03708497459824993,0.5472251032396491,cvar,optimal,0.002689706562424148,0.05468095719691178,5.4680957196911785e-05
2017-06-28,sse50,0.1944444444444444,0.27793131258575715,0.05441193706104676,0.39624291177045284,0.7391633077257662,cvar,optimal,0.002584263336417061,0.02496859266355241,2.496859266355241e-05
2017-06-28,csi300,0.3611111111111111,0.4335350142526161,9.705904104665932e-10,0.39624291177045284,0.5244335056478675,cvar,optimal,0.002584263336417061,0.02496859266355241,2.496859266355241e-05
2017-06-28,csi500,0.5555555555555556,0.4933150002318905,0.020958158222635716,0.39624291177045284,0.5346836031954114,cvar,optimal,0.002584263336417061,0.02496859266355241,2.496859266355241e-05
2017-06-28,csi1000,0.6666666666666667,0.5833698765947917,2.762185262366703e-09,0.39624291177045284,0.5109409663259084,cvar,optimal,0.002584263336417061,0.02496859266355241,2.496859266355241e-05
2017-06-28,bond_gov,0.6527777777777778,0.6570606076699502,0.2999999998257328,0.39624291177045284,0.3758704578155774,cvar,optimal,0.002584263336417061,0.02496859266355241,2.496859266355241e-05
2017-06-28,bond_corp,0.6805555555555556,0.692856052449983,0.2999999998057475,0.39624291177045284,0.36467787261700235,cvar,optimal,0.002584263336417061,0.02496859266355241,2.496859266355241e-05
2017-06-28,csi_cb,0.4166666666666666,0.47397023956823925,0.10411503699970853,0.39624291177045284,0.44426888349103305,cvar,optimal,0.002584263336417061,0.02496859266355241,2.496859266355241e-05
2017-06-28,crude_sc,,0.0,0.0,0.39624291177045284,,cvar,optimal,0.002584263336417061,0.02496859266355241,2.496859266355241e-05
2017-06-28,gold_au,0.6388888888888888,0.5776118690687988,0.08867756687799228,0.39624291177045284,0.5699084631554064,cvar,optimal,0.002584263336417061,0.02496859266355241,2.496859266355241e-05
2017-06-28,spx,0.8333333333333334,0.8103500275779735,0.1318372974743608,0.39624291177045284,0.5862778554859712,cvar,optimal,0.002584263336417061,0.02496859266355241,2.496859266355241e-05
2017-07-26,sse50,0.6666666666666667,0.5203216738910504,0.04533387005075581,0.01920700315097438,0.47368448725080753,cvar,optimal,0.002540534683183689,0.020311949278850102,2.0311949278850102e-05
2017-07-26,csi300,0.6388888888888888,0.569754597522591,3.2755040425749623e-09,0.01920700315097438,0.6261504721533504,cvar,optimal,0.002540534683183689,0.020311949278850102,2.0311949278850102e-05
2017-07-26,csi500,0.9722222222222222,0.813507090035402,0.017468404143178365,0.01920700315097438,0.8,cvar,optimal,0.002540534683183689,0.020311949278850102,2.0311949278850102e-05
2017-07-26,csi1000,0.9166666666666666,0.8072912086049642,9.489681581476075e-09,0.01920700315097438,0.8,cvar,optimal,0.002540534683183689,0.020311949278850102,2.0311949278850102e-05
2017-07-26,bond_gov,0.2361111111111111,0.38696714399259236,0.2999999991290261,0.01920700315097438,0.6998289807948679,cvar,optimal,0.002540534683183689,0.020311949278850102,2.0311949278850102e-05
2017-07-26,bond_corp,0.2638888888888889,0.406885822465031,0.2999999988280497,0.01920700315097438,0.6773460842275251,cvar,optimal,0.002540534683183689,0.020311949278850102,2.0311949278850102e-05
2017-07-26,csi_cb,0.6111111111111112,0.5561678577335867,0.11244008836720143,0.01920700315097438,0.4220083772883941,cvar,optimal,0.002540534683183689,0.020311949278850102,2.0311949278850102e-05
2017-07-26,crude_sc,,0.0,0.0,0.01920700315097438,,cvar,optimal,0.002540534683183689,0.020311949278850102,2.0311949278850102e-05
2017-07-26,gold_au,0.1944444444444444,0.3299464584307613,0.08093344036329497,0.01920700315097438,0.6171541935506228,cvar,optimal,0.002540534683183689,0.020311949278850102,2.0311949278850102e-05
2017-07-26,spx,0.5,0.609158147324021,0.14382418635330804,0.01920700315097438,0.6296399801430259,cvar,optimal,0.002540534683183689,0.020311949278850102,2.0311949278850102e-05
2017-08-23,sse50,0.6666666666666666,0.6221317706030784,0.04547777828460473,0.23665838447296145,0.5365264098144086,cvar,optimal,0.0025791546288364163,0.010569123321002256,1.0569123321002256e-05
2017-08-23,csi300,0.7638888888888888,0.6947928111315826,3.2449637242630916e-09,0.23665838447296145,0.6355175436090359,cvar,optimal,0.0025791546288364163,0.010569123321002256,1.0569123321002256e-05
2017-08-23,csi500,0.7916666666666666,0.8143365080229662,0.021944882188835255,0.23665838447296145,0.5304830602553063,cvar,optimal,0.0025791546288364163,0.010569123321002256,1.0569123321002256e-05
2017-08-23,csi1000,0.9583333333333331,0.9204563420597017,1.4542738837391773e-08,0.23665838447296145,0.8,cvar,optimal,0.0025791546288364163,0.010569123321002256,1.0569123321002256e-05
2017-08-23,bond_gov,0.2361111111111111,0.2754066076378065,0.29999999930060894,0.23665838447296145,0.7671502712382381,cvar,optimal,0.0025791546288364163,0.010569123321002256,1.0569123321002256e-05
2017-08-23,bond_corp,0.2638888888888889,0.3031843854155843,0.299999999144886,0.23665838447296145,0.7381647712425792,cvar,optimal,0.0025791546288364163,0.010569123321002256,1.0569123321002256e-05
2017-08-23,csi_cb,0.4583333333333333,0.49242764393212757,0.11309778007765317,0.23665838447296145,0.5828947032847396,cvar,optimal,0.0025791546288364163,0.010569123321002256,1.0569123321002256e-05
2017-08-23,crude_sc,,0.0,0.0,0.23665838447296145,,cvar,optimal,0.0025791546288364163,0.010569123321002256,1.0569123321002256e-05
2017-08-23,gold_au,0.25,0.2728489384849895,0.08622448015286319,0.23665838447296145,0.5312476099659633,cvar,optimal,0.0025791546288364163,0.010569123321002256,1.0569123321002256e-05
2017-08-23,spx,0.6111111111111112,0.6044149927121629,0.13325506306284607,0.23665838447296145,0.5777860235065108,cvar,optimal,0.0025791546288364163,0.010569123321002256,1.0569123321002256e-05
2017-09-20,sse50,0.75,0.7214006132847716,0.05296288978374492,0.20987516993949543,0.5432991192453027,cvar,optimal,0.0025889323263719494,0.02194303584780929,2.1943035847809292e-05
2017-09-20,csi300,0.8055555555555556,0.7794672132399326,9.69350729580969e-10,0.20987516993949543,0.7069697334252941,cvar,optimal,0.0025889323263719494,0.02194303584780929,2.1943035847809292e-05
2017-09-20,csi500,0.2222222222222222,0.4346794132711845,0.0027848467014351965,0.20987516993949543,0.7393898570371308,cvar,optimal,0.0025889323263719494,0.02194303584780929,2.1943035847809292e-05
2017-09-20,csi1000,0.1111111111111111,0.39794199306326383,2.5707295354129856e-09,0.20987516993949543,0.7793404143497658,cvar,optimal,0.0025889323263719494,0.02194303584780929,2.1943035847809292e-05
2017-09-20,bond_gov,0.6527777777777778,0.5097808442016356,0.29999999977854297,0.20987516993949543,0.5587056401062748,cvar,optimal,0.0025889323263719494,0.02194303584780929,2.1943035847809292e-05
2017-09-20,bond_corp,0.7083333333333334,0.5558032708521151,0.2999999995936344,0.20987516993949543,0.43419670010214606,cvar,optimal,0.0025889323263719494,0.02194303584780929,2.1943035847809292e-05
2017-09-20,csi_cb,0.8333333333333333,0.7190444418412604,0.12352515926116271,0.20987516993949543,0.6027606494090314,cvar,optimal,0.0025889323263719494,0.02194303584780929,2.1943035847809292e-05
2017-09-20,crude_sc,,0.0,0.0,0.20987516993949543,,cvar,optimal,0.0025889323263719494,0.02194303584780929,2.1943035847809292e-05
2017-09-20,gold_au,0.5555555555555556,0.4454517380628253,0.08344149404007624,0.20987516993949543,0.4253832670846074,cvar,optimal,0.0025889323263719494,0.02194303584780929,2.1943035847809292e-05
2017-09-20,spx,0.3611111111111111,0.43643047218301095,0.13728560730132322,0.20987516993949543,0.677723451754789,cvar,optimal,0.0025889323263719494,0.02194303584780929,2.1943035847809292e-05
2017-10-25,sse50,0.3472222222222222,0.45767513775491586,0.023808825760111764,0.41613852675540286,0.5895414778457426,cvar,optimal,0.0022978725152335406,0.030182555804521963,3.0182555804521964e-05
2017-10-25,csi300,0.375,0.49685874213586567,5.978207367814721e-09,0.41613852675540286,0.6402857236085865,cvar,optimal,0.0022978725152335406,0.030182555804521963,3.0182555804521964e-05
2017-10-25,csi500,0.7638888888888888,0.6518932748992251,0.025808520691327518,0.41613852675540286,0.6527153846942385,cvar,optimal,0.0022978725152335406,0.030182555804521963,3.0182555804521964e-05
2017-10-25,csi1000,0.8194444444444444,0.6811835611005048,8.101350310972212e-09,0.41613852675540286,0.7839609454573742,cvar,optimal,0.0022978725152335406,0.030182555804521963,3.0182555804521964e-05
2017-10-25,bond_gov,0.7361111111111112,0.6785893287868611,0.2999999994226219,0.41613852675540286,0.6209417288850964,cvar,optimal,0.0022978725152335406,0.030182555804521963,3.0182555804521964e-05
2017-10-25,bond_corp,0.9166666666666666,0.820580544576687,0.2999999994474012,0.41613852675540286,0.631342276298512,cvar,optimal,0.0022978725152335406,0.030182555804521963,3.0182555804521964e-05
2017-10-25,csi_cb,0.4027777777777778,0.49800303132537616,0.12249666798242825,0.41613852675540286,0.5446034856509886,cvar,optimal,0.0022978725152335406,0.030182555804521963,3.0182555804521964e-05
2017-10-25,crude_sc,,0.0,0.0,0.41613852675540286,,cvar,optimal,0.0022978725152335406,0.030182555804521963,3.0182555804521964e-05
2017-10-25,gold_au,0.5277777777777778,0.5114403871015047,0.09048717466034589,0.41613852675540286,0.3196489630092171,cvar,optimal,0.0022978725152335406,0.030182555804521963,3.0182555804521964e-05
2017-10-25,spx,0.1111111111111111,0.2037759923190594,0.13739879795620588,0.41613852675540286,0.8,cvar,optimal,0.0022978725152335406,0.030182555804521963,3.0182555804521964e-05
2017-11-22,sse50,0.3055555555555556,0.3497086977061706,6.922605537774862e-08,0.34004303826615523,0.6192644296408798,cvar,optimal,0.0023476161598725894,0.09478644250807854,9.478644250807854e-05
2017-11-22,csi300,0.8888888888888888,0.7520442305519848,0.04876329794465409,0.34004303826615523,0.7739326828844357,cvar,optimal,0.0023476161598725894,0.09478644250807854,9.478644250807854e-05
2017-11-22,csi500,0.75,0.7136664523160545,0.002760447908910948,0.34004303826615523,0.7278576624821752,cvar,optimal,0.0023476161598725894,0.09478644250807854,9.478644250807854e-05
2017-11-22,csi1000,1.0,0.8869949408298671,1.597969800856145e-08,0.34004303826615523,0.8,cvar,optimal,0.0023476161598725894,0.09478644250807854,9.478644250807854e-05
2017-11-22,bond_gov,0.1111111111111111,0.3107998921766304,0.29999999795437354,0.34004303826615523,0.8,cvar,optimal,0.0023476161598725894,0.09478644250807854,9.478644250807854e-05
2017-11-22,bond_corp,0.5555555555555556,0.6588328460281033,0.29999999817342426,0.34004303826615523,0.4438164722122483,cvar,optimal,0.0023476161598725894,0.09478644250807854,9.478644250807854e-05
2017-11-22,csi_cb,0.6111111111111112,0.5749691414240049,0.07456705753304786,0.34004303826615523,0.4741922002237646,cvar,optimal,0.0023476161598725894,0.09478644250807854,9.478644250807854e-05
2017-11-22,crude_sc,,0.0,0.0,0.34004303826615523,,cvar,optimal,0.0023476161598725894,0.09478644250807854,9.478644250807854e-05
2017-11-22,gold_au,0.3611111111111111,0.41813784743220506,0.12129806784515555,0.34004303826615523,0.6155851876163521,cvar,optimal,0.0023476161598725894,0.09478644250807854,9.478644250807854e-05
2017-11-22,spx,0.4166666666666666,0.33484595153497926,0.15261104743468024,0.34004303826615523,0.7583972451114147,cvar,optimal,0.0023476161598725894,0.09478644250807854,9.478644250807854e-05
2017-12-20,sse50,0.5416666666666666,0.464564620626189,0.025261201439941545,0.35047500093305306,0.5482494412585267,cvar,optimal,0.0021043470006051066,0.07017750421172915,7.017750421172915e-05
2017-12-20,csi300,0.7777777777777778,0.7674458476818247,1.0726298517358446e-07,0.35047500093305306,0.7613562952864448,cvar,optimal,0.0021043470006051066,0.07017750421172915,7.017750421172915e-05
2017-12-20,csi500,0.6388888888888888,0.6783312543934166,0.018722018418538836,0.35047500093305306,0.715338893109966,cvar,optimal,0.0021043470006051066,0.07017750421172915,7.017750421172915e-05
2017-12-20,csi1000,0.9722222222222222,0.964727302632397,4.111162174032196e-08,0.35047500093305306,0.8,cvar,optimal,0.0021043470006051066,0.07017750421172915,7.017750421172915e-05
2017-12-20,bond_gov,0.1944444444444444,0.22478830251925908,0.2999999958434448,0.35047500093305306,0.671871542832786,cvar,optimal,0.0021043470006051066,0.07017750421172915,7.017750421172915e-05
2017-12-20,bond_corp,0.3333333333333333,0.44365446156374516,0.29999999625300333,0.35047500093305306,0.5988287422041562,cvar,optimal,0.0021043470006051066,0.07017750421172915,7.017750421172915e-05
2017-12-20,csi_cb,0.9166666666666666,0.7921545004474814,0.053152748034337435,0.35047500093305306,0.6646244566666581,cvar,optimal,0.0021043470006051066,0.07017750421172915,7.017750421172915e-05
2017-12-20,crude_sc,,0.0,0.0,0.35047500093305306,,cvar,optimal,0.0021043470006051066,0.07017750421172915,7.017750421172915e-05
2017-12-20,gold_au,0.4861111111111111,0.45893022964894664,0.14382708963041937,0.35047500093305306,0.5567036731666095,cvar,optimal,0.0021043470006051066,0.07017750421172915,7.017750421172915e-05
2017-12-20,spx,0.1388888888888889,0.20540348048674034,0.15903680200570788,0.35047500093305306,0.6938792210105847,cvar,optimal,0.0021043470006051066,0.07017750421172915,7.017750421172915e-05
2018-01-18,sse50,0.6805555555555556,0.6122056024854706,0.02775402523927267,0.34186638939266356,0.5401270469847009,cvar,optimal,0.0018530621782617456,0.039258468888024214,3.9258468888024215e-05
2018-01-18,csi300,0.7083333333333333,0.7418682110622039,3.987859008988902e-07,0.34186638939266356,0.6813020135727463,cvar,optimal,0.0018530621782617456,0.039258468888024214,3.9258468888024215e-05
2018-01-18,csi500,0.8888888888888888,0.8152746011992051,0.006503918682421186,0.34186638939266356,0.7853602931288409,cvar,optimal,0.0018530621782617456,0.039258468888024214,3.9258468888024215e-05
2018-01-18,csi1000,1.0,0.9932430764926393,9.37752241357233e-08,0.34186638939266356,0.8,cvar,optimal,0.0018530621782617456,0.039258468888024214,3.9258468888024215e-05
2018-01-18,bond_gov,0.2361111111111111,0.21445394733897621,0.2999999927200845,0.34186638939266356,0.7438790839040076,cvar,optimal,0.0018530621782617456,0.039258468888024214,3.9258468888024215e-05
2018-01-18,bond_corp,0.2638888888888889,0.30766534751650965,0.29999999509659,0.34186638939266356,0.7074597058301922,cvar,optimal,0.0018530621782617456,0.039258468888024214,3.9258468888024215e-05
2018-01-18,csi_cb,0.6111111111111112,0.6854372696920785,0.08991804893651227,0.34186638939266356,0.5376097869023925,cvar,optimal,0.0018530621782617456,0.039258468888024214,3.9258468888024215e-05
2018-01-18,crude_sc,,0.0,0.0,0.34186638939266356,,cvar,optimal,0.0018530621782617456,0.039258468888024214,3.9258468888024215e-05
2018-01-18,gold_au,0.1944444444444444,0.2807545126198567,0.1333719625398113,0.34186638939266356,0.6025135480591034,cvar,optimal,0.0018530621782617456,0.039258468888024214,3.9258468888024215e-05
2018-01-18,spx,0.4166666666666666,0.34909743159305984,0.14245156422418292,0.34186638939266356,0.706907923802305,cvar,optimal,0.0018530621782617456,0.039258468888024214,3.9258468888024215e-05
2018-02-22,sse50,0.625,0.6302972202073205,0.011233297921101632,0.5167699758338479,0.4827812359304715,cvar,optimal,0.0028379254477483664,0.08560144837857386,8.560144837857386e-05
2018-02-22,csi300,0.6805555555555556,0.6939526925396443,3.0928650050239846e-08,0.5167699758338479,0.6623615447187661,cvar,optimal,0.0028379254477483664,0.08560144837857386,8.560144837857386e-05
2018-02-22,csi500,0.3472222222222222,0.48432090794300336,0.018545274159087084,0.5167699758338479,0.38665650631324733,cvar,optimal,0.0028379254477483664,0.08560144837857386,8.560144837857386e-05
2018-02-22,csi1000,0.375,0.5533649493610902,2.8748048288307932e-08,0.5167699758338479,0.29405795576848726,cvar,optimal,0.0028379254477483664,0.08560144837857386,8.560144837857386e-05
2018-02-22,bond_gov,0.4027777777777778,0.3514159784504024,0.2999999966028054,0.5167699758338479,0.5709351013211583,cvar,optimal,0.0028379254477483664,0.08560144837857386,8.560144837857386e-05
2018-02-22,bond_corp,0.4305555555555556,0.38779257773252296,0.2999999966588984,0.5167699758338479,0.555723114126442,cvar,optimal,0.0028379254477483664,0.08560144837857386,8.560144837857386e-05
2018-02-22,csi_cb,0.9444444444444444,0.8718167210548932,0.115952659664437,0.5167699758338479,0.7273844073042985,cvar,optimal,0.0028379254477483664,0.08560144837857386,8.560144837857386e-05
2018-02-22,crude_sc,,0.0,0.0,0.5167699758338479,,cvar,optimal,0.0028379254477483664,0.08560144837857386,8.560144837857386e-05
2018-02-22,gold_au,0.3611111111111111,0.3355457762967639,0.18089743926876525,0.5167699758338479,0.6705398016990374,cvar,optimal,0.0028379254477483664,0.08560144837857386,8.560144837857386e-05
2018-02-22,spx,0.8333333333333333,0.6914931764143591,0.07337127604820688,0.5167699758338479,0.6016556889278952,cvar,optimal,0.0028379254477483664,0.08560144837857386,8.560144837857386e-05
2018-03-22,sse50,0.5,0.5453925485627802,3.4945138074577225e-08,0.1307693082843431,0.6187134162894701,cvar,optimal,0.002911869025283698,0.04650109322155421,4.6501093221554215e-05
2018-03-22,csi300,0.4583333333333333,0.5336696494089359,1.7981335055307835e-08,0.1307693082843431,0.586888469582092,cvar,optimal,0.002911869025283698,0.04650109322155421,4.6501093221554215e-05
2018-03-22,csi500,0.2916666666666666,0.35088718904374794,0.03315914859606333,0.1307693082843431,0.6296986700474324,cvar,optimal,0.002911869025283698,0.04650109322155421,4.6501093221554215e-05
2018-03-22,csi1000,0.375,0.4222049337952762,4.703188106516087e-08,0.1307693082843431,0.38676249694194964,cvar,optimal,0.002911869025283698,0.04650109322155421,4.6501093221554215e-05
2018-03-22,bond_gov,0.6527777777777778,0.5577966865370817,0.299999996578194,0.1307693082843431,0.2867002246239685,cvar,optimal,0.002911869025283698,0.04650109322155421,4.6501093221554215e-05
2018-03-22,bond_corp,0.6805555555555556,0.5855744643148595,0.2999999954224767,0.1307693082843431,0.3283155973451624,cvar,optimal,0.002911869025283698,0.04650109322155421,4.6501093221554215e-05
2018-03-22,csi_cb,0.375,0.5374972277929002,0.10103868375750254,0.1307693082843431,0.5606005091224552,cvar,optimal,0.002911869025283698,0.04650109322155421,4.6501093221554215e-05
2018-03-22,crude_sc,,0.0,0.0,0.1307693082843431,,cvar,optimal,0.002911869025283698,0.04650109322155421,4.6501093221554215e-05
2018-03-22,gold_au,0.9583333333333334,0.748917368626958,0.21278463976951045,0.1307693082843431,0.7300570355705913,cvar,optimal,0.002911869025283698,0.04650109322155421,4.6501093221554215e-05
2018-03-22,spx,0.7083333333333334,0.7180599319174605,0.05301743591789887,0.1307693082843431,0.6889820378831142,cvar,optimal,0.002911869025283698,0.04650109322155421,4.6501093221554215e-05
2018-04-23,sse50,0.4624999999999999,0.48496436445459196,4.451066423495196e-09,0.32875199842004377,0.47591283741004664,cvar,optimal,0.0029338934007586215,4.3775942380116637e-07,4.377594238011664e-10
2018-04-23,csi300,0.4999999999999999,0.5060655096679618,4.681997977433017e-09,0.32875199842004377,0.4142766619575989,cvar,optimal,0.0029338934007586215,4.3775942380116637e-07,4.377594238011664e-10
2018-04-23,csi500,0.25,0.26780057849935235,0.03315880484710216,0.32875199842004377,0.5937709161888752,cvar,optimal,0.0029338934007586215,4.3775942380116637e-07,4.377594238011664e-10
2018-04-23,csi1000,0.3875,0.38359179174023317,2.2470697864913397e-07,0.32875199842004377,0.40277610083374665,cvar,optimal,0.0029338934007586215,4.3775942380116637e-07,4.377594238011664e-10
2018-04-23,bond_gov,0.7250000000000001,0.6809397618152088,0.299999998656177,0.32875199842004377,0.42625647007307826,cvar,optimal,0.0029338934007586215,4.3775942380116637e-07,4.377594238011664e-10
2018-04-23,bond_corp,0.7000000000000001,0.6724410855786688,0.2999999987161087,0.32875199842004377,0.30491865188921863,cvar,optimal,0.0029338934007586215,4.3775942380116637e-07,4.377594238011664e-10
2018-04-23,csi_cb,0.525,0.5270269816257921,0.10103887921655247,0.32875199842004377,0.5847632950857273,cvar,optimal,0.0029338934007586215,4.3775942380116637e-07,4.377594238011664e-10
2018-04-23,crude_sc,0.575,0.39522242005072467,0.0,0.32875199842004377,,cvar,optimal,0.0029338934007586215,4.3775942380116637e-07,4.377594238011664e-10
2018-04-23,gold_au,0.775,0.7810082982501881,0.21278458955245658,0.32875199842004377,0.5789183821149326,cvar,optimal,0.0029338934007586215,4.3775942380116637e-07,4.377594238011664e-10
2018-04-23,spx,0.5999999999999999,0.6446108779266041,0.05301749517156014,0.32875199842004377,0.4725211354283445,cvar,optimal,0.0029338934007586215,4.3775942380116637e-07,4.377594238011664e-10
2018-05-23,sse50,0.525,0.5079865919616539,3.65710436616245e-08,0.1746859783512844,0.4161032400639165,cvar,optimal,0.0028091395476251974,0.049465175425550456,4.946517542555046e-05
2018-05-23,csi300,0.475,0.47968990480045437,3.343032517763624e-08,0.1746859783512844,0.3630422918696842,cvar,optimal,0.0028091395476251974,0.049465175425550456,4.946517542555046e-05
2018-05-23,csi500,0.1374999999999999,0.17678429235495494,0.062402755471269944,0.1746859783512844,0.8,cvar,optimal,0.0028091395476251974,0.049465175425550456,4.946517542555046e-05
2018-05-23,csi1000,0.2125,0.2674755388839986,2.9172985727576236e-08,0.1746859783512844,0.6557145690681946,cvar,optimal,0.0028091395476251974,0.049465175425550456,4.946517542555046e-05
2018-05-23,bond_gov,0.7625,0.7447776705991227,0.299999994079274,0.1746859783512844,0.6228774351660515,cvar,optimal,0.0028091395476251974,0.049465175425550456,4.946517542555046e-05
2018-05-23,bond_corp,0.7875,0.7579738982311592,0.29999999477719835,0.1746859783512844,0.6315809912419764,cvar,optimal,0.0028091395476251974,0.049465175425550456,4.946517542555046e-05
2018-05-23,csi_cb,0.5125,0.5045982007031322,0.07078714330501956,0.1746859783512844,0.4839602818473565,cvar,optimal,0.0028091395476251974,0.049465175425550456,4.946517542555046e-05
2018-05-23,crude_sc,0.55,0.5123807365027719,0.0,0.1746859783512844,,cvar,optimal,0.0028091395476251974,0.049465175425550456,4.946517542555046e-05
2018-05-23,gold_au,0.8374999999999999,0.8320555051680514,0.23300575348553482,0.1746859783512844,0.7840299152999998,cvar,optimal,0.0028091395476251974,0.049465175425550456,4.946517542555046e-05
2018-05-23,spx,0.7,0.6766128155156236,0.033804259707348856,0.1746859783512844,0.39753314969780923,cvar,optimal,0.0028091395476251974,0.049465175425550456,4.946517542555046e-05
2018-06-21,sse50,0.1,0.23539223461374598,1.003548190572488e-10,0.03197522897527957,0.8,cvar,optimal,0.0031341914260206477,0.031077445821166547,3.1077445821166545e-05
2018-06-21,csi300,0.2749999999999999,0.34342255558012985,1.3724252466929765e-10,0.03197522897527957,0.7592861575864459,cvar,optimal,0.0031341914260206477,0.031077445821166547,3.1077445821166545e-05
2018-06-21,csi500,0.525,0.4063581456903239,0.031325408287756415,0.03197522897527957,0.5324805276106699,cvar,optimal,0.0031341914260206477,0.031077445821166547,3.1077445821166545e-05
2018-06-21,csi1000,0.7749999999999999,0.6037898633911916,2.9910417427873197e-10,0.03197522897527957,0.5314748753852963,cvar,optimal,0.0031341914260206477,0.031077445821166547,3.1077445821166545e-05
2018-06-21,bond_gov,0.8500000000000001,0.8177665260972268,0.29999999995674775,0.03197522897527957,0.741119185254552,cvar,optimal,0.0031341914260206477,0.031077445821166547,3.1077445821166545e-05
2018-06-21,bond_corp,0.8250000000000001,0.8050045291032717,0.29999999995784726,0.03197522897527957,0.6458923662697904,cvar,optimal,0.0031341914260206477,0.031077445821166547,3.1077445821166545e-05
2018-06-21,csi_cb,0.575,0.555375708785566,0.08565941872126538,0.03197522897527957,0.612857817471705,cvar,optimal,0.0031341914260206477,0.031077445821166547,3.1077445821166545e-05
2018-06-21,crude_sc,0.35,0.41842255558012986,0.0,0.03197522897527957,,cvar,optimal,0.0031341914260206477,0.031077445821166547,3.1077445821166545e-05
2018-06-21,gold_au,0.775,0.790297503757556,0.2457335826160279,0.03197522897527957,0.5330349012905872,cvar,optimal,0.0031341914260206477,0.031077445821166547,3.1077445821166545e-05
2018-06-21,spx,0.45,0.5241703774008579,0.03728158992365383,0.03197522897527957,0.5030860307272375,cvar,optimal,0.0031341914260206477,0.031077445821166547,3.1077445821166545e-05
2018-07-19,sse50,0.4624999999999999,0.37770087325536966,1.2518423088889356e-09,0.23534433685602063,0.5636473848941541,cvar,optimal,0.0031341289456749593,0.00011848653673306688,1.1848653673306688e-07
2018-07-19,csi300,0.4125,0.3838801260827929,1.6690848446914018e-09,0.23534433685602063,0.6923042495616696,cvar,optimal,0.0031341289456749593,0.00011848653673306688,1.1848653673306688e-07
2018-07-19,csi500,0.3874999999999999,0.3989841988185522,0.03131759795919739,0.23534433685602063,0.7204410442087597,cvar,optimal,0.0031341289456749593,0.00011848653673306688,1.1848653673306688e-07
2018-07-19,csi1000,0.5125,0.5506253814741461,1.0926444503272815e-08,0.23534433685602063,0.3716821472501766,cvar,optimal,0.0031341289456749593,0.00011848653673306688,1.1848653673306688e-07
2018-07-19,bond_gov,0.7625,0.7843474872106645,0.29999999915745124,0.23534433685602063,0.49702219653773994,cvar,optimal,0.0031341289456749593,0.00011848653673306688,1.1848653673306688e-07
2018-07-19,bond_corp,0.8875,0.8627556252730999,0.29999999920366,0.23534433685602063,0.735415394469741,cvar,optimal,0.0031341289456749593,0.00011848653673306688,1.1848653673306688e-07
2018-07-19,csi_cb,0.5499999999999999,0.552815004183316,0.08560541376376167,0.23534433685602063,0.5711166418441249,cvar,optimal,0.0031341289456749593,0.00011848653673306688,1.1848653673306688e-07
2018-07-19,crude_sc,0.3,0.3353318452043005,0.0,0.23534433685602063,,cvar,optimal,0.0031341289456749593,0.00011848653673306688,1.1848653673306688e-07
2018-07-19,gold_au,0.6500000000000001,0.6983463711138901,0.24585205584209083,0.23534433685602063,0.4331360102769896,cvar,optimal,0.0031341289456749593,0.00011848653673306688,1.1848653673306688e-07
2018-07-19,spx,0.575,0.5552130873838681,0.037224920226467284,0.23534433685602063,0.3524633646703766,cvar,optimal,0.0031341289456749593,0.00011848653673306688,1.1848653673306688e-07
2018-08-16,sse50,0.35,0.35442209008733333,1.1108546407322344e-10,0.12258073872402211,0.7227428494320822,cvar,optimal,0.0030542110977809438,0.01635613679925377,1.6356136799253773e-05
2018-08-16,csi300,0.625,0.5391040500223581,1.6703341887673425e-10,0.12258073872402211,0.6849914359743936,cvar,optimal,0.0030542110977809438,0.01635613679925377,1.6356136799253773e-05
2018-08-16,csi500,0.5375000000000001,0.4989886177663983,0.03507353914104492,0.12258073872402211,0.5824623046864005,cvar,optimal,0.0030542110977809438,0.01635613679925377,1.6356136799253773e-05
2018-08-16,csi1000,0.5875,0.5865167147681125,1.2472453034711044e-09,0.12258073872402211,0.41826033822553893,cvar,optimal,0.0030542110977809438,0.01635613679925377,1.6356136799253773e-05
2018-08-16,bond_gov,0.6875,0.7214915023143117,0.29999999993904913,0.12258073872402211,0.49198664550697263,cvar,optimal,0.0030542110977809438,0.01635613679925377,1.6356136799253773e-05
2018-08-16,bond_corp,0.7124999999999999,0.7666643876229754,0.29999999993852605,0.12258073872402211,0.5155177222010145,cvar,optimal,0.0030542110977809438,0.01635613679925377,1.6356136799253773e-05
2018-08-16,csi_cb,0.6499999999999999,0.6180384657333275,0.07464604204295061,0.12258073872402211,0.581867049164724,cvar,optimal,0.0030542110977809438,0.01635613679925377,1.6356136799253773e-05
2018-08-16,crude_sc,0.375,0.3539760115394978,0.0,0.12258073872402211,,cvar,optimal,0.0030542110977809438,0.01635613679925377,1.6356136799253773e-05
2018-08-16,gold_au,0.875,0.809570304826892,0.2584522499430331,0.12258073872402211,0.5255081685004727,cvar,optimal,0.0030542110977809438,0.01635613679925377,1.6356136799253773e-05
2018-08-16,spx,0.1,0.2512278553187934,0.031828167470032045,0.12258073872402211,0.7689119791127464,cvar,optimal,0.0030542110977809438,0.01635613679925377,1.6356136799253773e-05
2018-09-13,sse50,0.7625000000000001,0.631542819821827,7.098862163522635e-10,0.1834427802493521,0.43012590432700937,cvar,optimal,0.0030751669465000813,0.03507343823087809,3.5073438230878094e-05
2018-09-13,csi300,0.875,0.7691611366257001,9.270849693845855e-10,0.1834427802493521,0.533529860302086,cvar,optimal,0.0030751669465000813,0.03507343823087809,3.5073438230878094e-05
2018-09-13,csi500,0.4874999999999999,0.49051325327952666,1.0151983991429373e-07,0.1834427802493521,0.48373473873680295,cvar,optimal,0.0030751669465000813,0.03507343823087809,3.5073438230878094e-05
2018-09-13,csi1000,0.5125,0.5311662586689004,0.009993594192239203,0.1834427802493521,0.40319588567197256,cvar,optimal,0.0030751669465000813,0.03507343823087809,3.5073438230878094e-05
2018-09-13,bond_gov,0.4999999999999999,0.5714218094840691,0.2999999996328213,0.1834427802493521,0.5311102054628976,cvar,optimal,0.0030751669465000813,0.03507343823087809,3.5073438230878094e-05
2018-09-13,bond_corp,0.6,0.6551132806067704,0.2999999996350807,0.1834427802493521,0.6725475366321497,cvar,optimal,0.0030751669465000813,0.03507343823087809,3.5073438230878094e-05
2018-09-13,csi_cb,0.6875000000000001,0.6651993568117404,0.0933882325876618,0.1834427802493521,0.46854532597659027,cvar,optimal,0.0030751669465000813,0.03507343823087809,3.5073438230878094e-05
2018-09-13,crude_sc,0.325,0.33508644265433185,0.0,0.1834427802493521,,cvar,optimal,0.0030751669465000813,0.03507343823087809,3.5073438230878094e-05
2018-09-13,gold_au,0.6499999999999999,0.7059987760067012,0.2600118159646823,0.1834427802493521,0.5762317548446557,cvar,optimal,0.0030751669465000813,0.03507343823087809,3.5073438230878094e-05
2018-09-13,spx,0.1,0.14479686604043276,0.0366062548307035,0.1834427802493521,0.7750747295956546,cvar,optimal,0.0030751669465000813,0.03507343823087809,3.5073438230878094e-05
2018-10-19,sse50,0.525,0.5602155468165014,5.4896139637875375e-09,0.2525254864231575,0.6457805994231264,cvar,optimal,0.0025213134371762274,0.05294965208265794,5.294965208265794e-05
2018-10-19,csi300,0.5249999999999999,0.6047947808151674,2.8773881287228433e-09,0.2525254864231575,0.5702794459697768,cvar,optimal,0.0025213134371762274,0.05294965208265794,5.294965208265794e-05
2018-10-19,csi500,0.275,0.339176191577579,1.0858477995121467e-09,0.2525254864231575,0.5079511393111324,cvar,optimal,0.0025213134371762274,0.05294965208265794,5.294965208265794e-05
2018-10-19,csi1000,0.4,0.43775853790972663,8.929674111254409e-10,0.2525254864231575,0.3759128940093748,cvar,optimal,0.0025213134371762274,0.05294965208265794,5.294965208265794e-05
2018-10-19,bond_gov,0.7000000000000001,0.6578829293754856,0.2999999984565263,0.2525254864231575,0.5506622849349558,cvar,optimal,0.0025213134371762274,0.05294965208265794,5.294965208265794e-05
2018-10-19,bond_corp,0.7750000000000001,0.7341282244368537,0.29999999849008674,0.2525254864231575,0.7062676869402782,cvar,optimal,0.0025213134371762274,0.05294965208265794,5.294965208265794e-05
2018-10-19,csi_cb,0.875,0.8188897995727281,0.07299697835745465,0.2525254864231575,0.5834149100140775,cvar,optimal,0.0025213134371762274,0.05294965208265794,5.294965208265794e-05
2018-10-19,crude_sc,0.2624999999999999,0.2841265556091121,4.223982152010677e-07,0.2525254864231575,0.7933829393179569,cvar,optimal,0.0025213134371762274,0.05294965208265794,5.294965208265794e-05
2018-10-19,gold_au,0.6375000000000001,0.6585847357975019,0.23744711416678443,0.2525254864231575,0.4027872270645466,cvar,optimal,0.0025213134371762274,0.05294965208265794,5.294965208265794e-05
2018-10-19,spx,0.525,0.4044426980893441,0.08955547778511536,0.2525254864231575,0.4951618695602391,cvar,optimal,0.0025213134371762274,0.05294965208265794,5.294965208265794e-05
2018-11-16,sse50,0.5875,0.5843813415322974,1.8832231366613476e-08,0.03451882289060531,0.6294621312462672,cvar,optimal,0.002496700844747377,0.06307380759877748,6.307380759877748e-05
2018-11-16,csi300,0.5625,0.5758060431422676,1.0158802858233679e-08,0.03451882289060531,0.6823133596507953,cvar,optimal,0.002496700844747377,0.06307380759877748,6.307380759877748e-05
2018-11-16,csi500,0.45,0.40817040546702343,3.7050497615477934e-09,0.03451882289060531,0.6799516536088652,cvar,optimal,0.002496700844747377,0.06307380759877748,6.307380759877748e-05
2018-11-16,csi1000,0.45,0.4418364661787347,3.3535205887248483e-09,0.03451882289060531,0.6098601266894159,cvar,optimal,0.002496700844747377,0.06307380759877748,6.307380759877748e-05
2018-11-16,bond_gov,0.4875,0.5425380037078046,0.29999999405246874,0.03451882289060531,0.5848559639355182,cvar,optimal,0.002496700844747377,0.06307380759877748,6.307380759877748e-05
2018-11-16,bond_corp,0.65,0.6781803119564501,0.2999999939564865,0.03451882289060531,0.6283933526322334,cvar,optimal,0.002496700844747377,0.06307380759877748,6.307380759877748e-05
2018-11-16,csi_cb,0.6125,0.6848444521211721,0.12681266370837935,0.03451882289060531,0.7181531421020336,cvar,optimal,0.002496700844747377,0.06307380759877748,6.307380759877748e-05
2018-11-16,crude_sc,0.5125000000000001,0.4351106725252655,0.009258518942280827,0.03451882289060531,0.7769539203378306,cvar,optimal,0.002496700844747377,0.06307380759877748,6.307380759877748e-05
2018-11-16,gold_au,0.65,0.646816252220671,0.19654082939672415,0.03451882289060531,0.5732507106554345,cvar,optimal,0.002496700844747377,0.06307380759877748,6.307380759877748e-05
2018-11-16,spx,0.5375000000000001,0.5023160511483141,0.06738796389405605,0.03451882289060531,0.679129882755112,cvar,optimal,0.002496700844747377,0.06307380759877748,6.307380759877748e-05
2018-12-14,sse50,0.5,0.5241350315719856,3.5266694040527325e-09,0.5390422878270272,0.7381623277846482,cvar,optimal,0.0024125973185885677,0.021779944651228525,2.1779944651228527e-05
2018-12-14,csi300,0.625,0.6000138652761761,2.5123534911587782e-09,0.5390422878270272,0.47397529334063576,cvar,optimal,0.0024125973185885677,0.021779944651228525,2.1779944651228527e-05
2018-12-14,csi500,0.4125,0.4088656154806407,1.1483041046906177e-09,0.5390422878270272,0.7042687648104917,cvar,optimal,0.0024125973185885677,0.021779944651228525,2.1779944651228527e-05
2018-12-14,csi1000,0.4125,0.4206542644386493,1.0773805313641316e-09,0.5390422878270272,0.6733317816205382,cvar,optimal,0.0024125973185885677,0.021779944651228525,2.1779944651228527e-05
2018-12-14,bond_gov,0.475,0.49933061123589895,0.2999999985069419,0.5390422878270272,0.7075043663034652,cvar,optimal,0.0024125973185885677,0.021779944651228525,2.1779944651228527e-05
2018-12-14,bond_corp,0.5625,0.6043180050089985,0.29999999852928216,0.5390422878270272,0.5940765111252901,cvar,optimal,0.0024125973185885677,0.021779944651228525,2.1779944651228527e-05
2018-12-14,csi_cb,0.525,0.5797855188628079,0.14859259933233898,0.5390422878270272,0.6143414443758042,cvar,optimal,0.0024125973185885677,0.021779944651228525,2.1779944651228527e-05
2018-12-14,crude_sc,0.825,0.6941750019018762,7.701499507646687e-08,0.5390422878270272,0.4798034016224056,cvar,optimal,0.0024125973185885677,0.021779944651228525,2.1779944651228527e-05
2018-12-14,gold_au,0.5625,0.591350491155189,0.1928874754027246,0.5390422878270272,0.5419960672109533,cvar,optimal,0.0024125973185885677,0.021779944651228525,2.1779944651228527e-05
2018-12-14,spx,0.6,0.5773715950677778,0.05851984294900979,0.5390422878270272,0.43972166356204584,cvar,optimal,0.0024125973185885677,0.021779944651228525,2.1779944651228527e-05
2019-01-15,sse50,0.475,0.4903342342922377,1.1447111402528904e-09,0.8618284647612247,0.6771082770328083,cvar,optimal,0.002383774276499824,0.01927758964444274,1.927758964444274e-05
2019-01-15,csi300,0.5125,0.542304004500256,9.968794358331556e-10,0.8618284647612247,0.6602967991516082,cvar,optimal,0.002383774276499824,0.01927758964444274,1.927758964444274e-05
2019-01-15,csi500,0.4,0.4071301301623543,5.82776841882452e-10,0.8618284647612247,0.6123259943477587,cvar,optimal,0.002383774276499824,0.01927758964444274,1.927758964444274e-05
2019-01-15,csi1000,0.5125,0.48445625582445256,5.346634303913339e-10,0.8618284647612247,0.6840932739473983,cvar,optimal,0.002383774276499824,0.01927758964444274,1.927758964444274e-05
2019-01-15,bond_gov,0.45,0.4588903904870628,0.299999999138633,0.8618284647612247,0.6198761585233801,cvar,optimal,0.002383774276499824,0.01927758964444274,1.927758964444274e-05
2019-01-15,bond_corp,0.55,0.5614260260324709,0.2999999991429551,0.8618284647612247,0.5807653426151402,cvar,optimal,0.002383774276499824,0.01927758964444274,1.927758964444274e-05
2019-01-15,csi_cb,0.575,0.5668849847336366,0.12931501469357282,0.8618284647612247,0.5413156368156606,cvar,optimal,0.002383774276499824,0.01927758964444274,1.927758964444274e-05
2019-01-15,crude_sc,0.8,0.7809670673313052,0.00819481423474029,0.8618284647612247,0.4665322236412396,cvar,optimal,0.002383774276499824,0.01927758964444274,1.927758964444274e-05
2019-01-15,gold_au,0.6,0.5957931929934034,0.196121151134825,0.8618284647612247,0.4655349617796227,cvar,optimal,0.002383774276499824,0.01927758964444274,1.927758964444274e-05
2019-01-15,spx,0.625,0.6118137136428206,0.06636901839624278,0.8618284647612247,0.45254044124043696,cvar,optimal,0.002383774276499824,0.01927758964444274,1.927758964444274e-05
2019-02-19,sse50,0.275,0.3334264414335378,1.1008821976234571e-10,0.00018917844043808474,0.7300595521230282,cvar,optimal,0.0023156646264286033,0.010625678685008464,1.0625678685008464e-05
2019-02-19,csi300,0.5375000000000001,0.5383233229591066,1.1406982390988771e-10,0.00018917844043808474,0.5363917505788175,cvar,optimal,0.0023156646264286033,0.010625678685008464,1.0625678685008464e-05
2019-02-19,csi500,0.325,0.34712955413590907,7.858399952149795e-11,0.00018917844043808474,0.6050750252731695,cvar,optimal,0.0023156646264286033,0.010625678685008464,1.0625678685008464e-05
2019-02-19,csi1000,0.375,0.40693173104809227,7.261674760457015e-11,0.00018917844043808474,0.47299562620565233,cvar,optimal,0.0023156646264286033,0.010625678685008464,1.0625678685008464e-05
2019-02-19,bond_gov,0.675,0.6130041095589208,0.29999999991651993,0.00018917844043808474,0.3761031499541174,cvar,optimal,0.0023156646264286033,0.010625678685008464,1.0625678685008464e-05
2019-02-19,bond_corp,0.7500000000000001,0.6942092217464512,0.2999999999168345,0.00018917844043808474,0.6050249146772609,cvar,optimal,0.0023156646264286033,0.010625678685008464,1.0625678685008464e-05
2019-02-19,csi_cb,0.6250000000000001,0.607318449264962,0.13275539101797676,0.00018917844043808474,0.31714817212209345,cvar,optimal,0.0023156646264286033,0.010625678685008464,1.0625678685008464e-05
2019-02-19,crude_sc,0.6500000000000001,0.6942591082718182,0.0058674397436317425,0.00018917844043808474,0.4528828707806348,cvar,optimal,0.0023156646264286033,0.010625678685008464,1.0625678685008464e-05
2019-02-19,gold_au,0.7000000000000001,0.669029670496572,0.20330645194366326,0.00018917844043808474,0.48940045939329735,cvar,optimal,0.0023156646264286033,0.010625678685008464,1.0625678685008464e-05
2019-02-19,spx,0.5875,0.5963683910846306,0.058070717086014974,0.00018917844043808474,0.4251216552040066,cvar,optimal,0.0023156646264286033,0.010625678685008464,1.0625678685008464e-05
2019-03-19,sse50,0.5875,0.499614192695377,5.080153506829838e-10,0.32489725914516376,0.695717815669849,cvar,optimal,0.002324596306305764,0.017965010123917928,1.7965010123917927e-05
2019-03-19,csi300,0.6375000000000001,0.6026545590900734,6.57075935700623e-10,0.32489725914516376,0.603648620128215,cvar,optimal,0.002324596306305764,0.017965010123917928,1.7965010123917927e-05
2019-03-19,csi500,0.5375000000000001,0.4731304494944375,6.000079624248337e-10,0.32489725914516376,0.8,cvar,optimal,0.002324596306305764,0.017965010123917928,1.7965010123917927e-05
2019-03-19,csi1000,0.6625000000000001,0.5781330102053783,6.699647168925558e-10,0.32489725914516376,0.49805890086575694,cvar,optimal,0.002324596306305764,0.017965010123917928,1.7965010123917927e-05
2019-03-19,bond_gov,0.4875,0.5323010555051674,0.29999999969001656,0.32489725914516376,0.5118844894419221,cvar,optimal,0.002324596306305764,0.017965010123917928,1.7965010123917927e-05
2019-03-19,bond_corp,0.5125000000000001,0.5756678746360364,0.2999999996723726,0.32489725914516376,0.5991933952824526,cvar,optimal,0.002324596306305764,0.017965010123917928,1.7965010123917927e-05
2019-03-19,csi_cb,0.4625,0.5122791260783159,0.11859364707062528,0.32489725914516376,0.5980802315117435,cvar,optimal,0.002324596306305764,0.017965010123917928,1.7965010123917927e-05
2019-03-19,crude_sc,0.4375,0.5188633266718621,0.00206417403803062,0.32489725914516376,0.5302789823085431,cvar,optimal,0.002324596306305764,0.017965010123917928,1.7965010123917927e-05
2019-03-19,gold_au,0.6125,0.633784798706107,0.21868196950820548,0.32489725914516376,0.6726315721335419,cvar,optimal,0.002324596306305764,0.017965010123917928,1.7965010123917927e-05
2019-03-19,spx,0.5625,0.5735716069172455,0.06066020758568556,0.32489725914516376,0.7020681311168525,cvar,optimal,0.002324596306305764,0.017965010123917928,1.7965010123917927e-05
2019-04-17,sse50,0.6125,0.575309966863422,4.162480454760043e-09,0.25703088489219106,0.5692996778443709,cvar,optimal,0.0023279957301254144,0.027947935753379893,2.7947935753379895e-05
2019-04-17,csi300,0.6625000000000001,0.6448969903322816,6.600893740219938e-09,0.25703088489219106,0.6340104040479658,cvar,optimal,0.0023279957301254144,0.027947935753379893,2.7947935753379895e-05
2019-04-17,csi500,0.5625,0.5345273896722971,8.921849734153451e-09,0.25703088489219106,0.6082895894223821,cvar,optimal,0.0023279957301254144,0.027947935753379893,2.7947935753379895e-05
2019-04-17,csi1000,0.6375000000000001,0.6193854962833275,8.368574484765578e-09,0.25703088489219106,0.6193846365530273,cvar,optimal,0.0023279957301254144,0.027947935753379893,2.7947935753379895e-05
2019-04-17,bond_gov,0.4625,0.4881682546254842,0.2999999972919157,0.25703088489219106,0.5402445653076902,cvar,optimal,0.0023279957301254144,0.027947935753379893,2.7947935753379895e-05
2019-04-17,bond_corp,0.5375000000000001,0.5510057923122351,0.2999999974242512,0.25703088489219106,0.5936304379385722,cvar,optimal,0.0023279957301254144,0.027947935753379893,2.7947935753379895e-05
2019-04-17,csi_cb,0.5875,0.5605503777702051,0.14251296549416792,0.25703088489219106,0.6286900724666813,cvar,optimal,0.0023279957301254144,0.027947935753379893,2.7947935753379895e-05
2019-04-17,crude_sc,0.4875,0.49031584975117287,5.891655335881791e-09,0.25703088489219106,0.6381169875709098,cvar,optimal,0.0023279957301254144,0.027947935753379893,2.7947935753379895e-05
2019-04-17,gold_au,0.4375,0.5042643529696694,0.19279820654742308,0.25703088489219106,0.45129556771396845,cvar,optimal,0.0023279957301254144,0.027947935753379893,2.7947935753379895e-05
2019-04-17,spx,0.5125000000000001,0.5315755294199056,0.06468879929678828,0.25703088489219106,0.6403762618296337,cvar,optimal,0.0023279957301254144,0.027947935753379893,2.7947935753379895e-05
2019-05-20,sse50,0.7125,0.6801418517431334,2.2034370811517673e-09,0.07112289852588888,0.5409874761621069,cvar,optimal,0.0022734805095721445,0.028728070293547483,2.8728070293547482e-05
2019-05-20,csi300,0.6625000000000001,0.660468514941681,1.9222469420914965e-09,0.07112289852588888,0.632108280826563,cvar,optimal,0.0022734805095721445,0.028728070293547483,2.8728070293547482e-05
2019-05-20,csi500,0.15,0.27306600063569003,1.4330482567935502e-09,0.07112289852588888,0.8,cvar,optimal,0.0022734805095721445,0.028728070293547483,2.8728070293547482e-05
2019-05-20,csi1000,0.15,0.29987396815123896,1.2771216026929526e-09,0.07112289852588888,0.8,cvar,optimal,0.0022734805095721445,0.028728070293547483,2.8728070293547482e-05
2019-05-20,bond_gov,0.5625,0.5342048218597715,0.2999999978576081,0.07112289852588888,0.4920025332051169,cvar,optimal,0.0022734805095721445,0.028728070293547483,2.8728070293547482e-05
2019-05-20,bond_corp,0.5875,0.5703051833424072,0.29999999771729075,0.07112289852588888,0.5220753898599823,cvar,optimal,0.0022734805095721445,0.028728070293547483,2.8728070293547482e-05
2019-05-20,csi_cb,0.6125,0.5947609089087676,0.11907393848346323,0.07112289852588888,0.5900163279467695,cvar,optimal,0.0022734805095721445,0.028728070293547483,2.8728070293547482e-05
2019-05-20,crude_sc,0.7375,0.6576203718869927,0.00018763765596273047,0.07112289852588888,0.5176604983429115,cvar,optimal,0.0022734805095721445,0.028728070293547483,2.8728070293547482e-05
2019-05-20,gold_au,0.6875,0.6259037374118644,0.22133864421793129,0.07112289852588888,0.5260127896850045,cvar,optimal,0.0022734805095721445,0.028728070293547483,2.8728070293547482e-05
2019-05-20,spx,0.6375000000000001,0.6036546411184537,0.05939977723189011,0.07112289852588888,0.6820866098124211,cvar,optimal,0.0022734805095721445,0.028728070293547483,2.8728070293547482e-05
2019-06-18,sse50,0.4375,0.5191551064276592,1.268337482667326e-09,0.11529921345152622,0.31259671160032176,cvar,optimal,0.0023538328547422953,0.002934683529790926,2.9346835297909262e-06
2019-06-18,csi300,0.4125,0.49388305897550255,7.884612353434079e-10,0.11529921345152622,0.3812874288199703,cvar,optimal,0.0023538328547422953,0.002934683529790926,2.9346835297909262e-06
2019-06-18,csi500,0.2125,0.22460255134337304,5.691270998139935e-10,0.11529921345152622,0.7389174436351928,cvar,optimal,0.0023538328547422953,0.002934683529790926,2.9346835297909262e-06
2019-06-18,csi1000,0.2375,0.247363939279868,5.006033367644792e-10,0.11529921345152622,0.7852920649925363,cvar,optimal,0.0023538328547422953,0.002934683529790926,2.9346835297909262e-06
2019-06-18,bond_gov,0.7124999999999999,0.6558039061693048,0.29999999928888804,0.11529921345152622,0.40008250016911584,cvar,optimal,0.0023538328547422953,0.002934683529790926,2.9346835297909262e-06
2019-06-18,bond_corp,0.8374999999999999,0.7521838118018007,0.29999999928502336,0.11529921345152622,0.6891359548286484,cvar,optimal,0.0023538328547422953,0.002934683529790926,2.9346835297909262e-06
2019-06-18,csi_cb,0.7625,0.7117036000033502,0.1179093378304853,0.11529921345152622,0.5419613372630829,cvar,optimal,0.0023538328547422953,0.002934683529790926,2.9346835297909262e-06
2019-06-18,crude_sc,0.525,0.574509954015693,0.0016733124357955313,0.11529921345152622,0.5791134434534949,cvar,optimal,0.0023538328547422953,0.002934683529790926,2.9346835297909262e-06
2019-06-18,gold_au,0.7374999999999999,0.7015577420914155,0.21956856505044298,0.11529921345152622,0.412876982869516,cvar,optimal,0.0023538328547422953,0.002934683529790926,2.9346835297909262e-06
2019-06-18,spx,0.625,0.6192363298920331,0.06084878298283565,0.11529921345152622,0.6594136484754753,cvar,optimal,0.0023538328547422953,0.002934683529790926,2.9346835297909262e-06
2019-07-16,sse50,0.525,0.5202881878879902,5.014126515885513e-10,0.07440406279654861,0.4287074817704022,cvar,optimal,0.0022860649682573146,0.03794905459321809,3.794905459321809e-05
2019-07-16,csi300,0.375,0.410637910622508,4.052841397480172e-10,0.07440406279654861,0.6473919463536306,cvar,optimal,0.0022860649682573146,0.03794905459321809,3.794905459321809e-05
2019-07-16,csi500,0.15,0.16560534800761756,3.1237016152139816e-10,0.07440406279654861,0.7795965558200434,cvar,optimal,0.0022860649682573146,0.03794905459321809,3.794905459321809e-05
2019-07-16,csi1000,0.15,0.1718474872106646,2.9779897163279333e-10,0.07440406279654861,0.7902966163932458,cvar,optimal,0.0022860649682573146,0.03794905459321809,3.794905459321809e-05
2019-07-16,bond_gov,0.7000000000000001,0.6905549078625101,0.29999999947819167,0.07440406279654861,0.47603680824592076,cvar,optimal,0.0022860649682573146,0.03794905459321809,3.794905459321809e-05
2019-07-16,bond_corp,0.7750000000000001,0.7734696729089628,0.299999999474431,0.07440406279654861,0.676506474485296,cvar,optimal,0.0022860649682573146,0.03794905459321809,3.794905459321809e-05
2019-07-16,csi_cb,0.7250000000000001,0.7240818037453778,0.13449001290759144,0.07440406279654861,0.5424767661777297,cvar,optimal,0.0022860649682573146,0.03794905459321809,3.794905459321809e-05
2019-07-16,crude_sc,0.8,0.7256245770669311,0.018639823446041783,0.07440406279654861,0.6627174481466522,cvar,optimal,0.0022860649682573146,0.03794905459321809,3.794905459321809e-05
2019-07-16,gold_au,0.8500000000000001,0.8070594551674543,0.18161951206688803,0.07440406279654861,0.5769198472560642,cvar,optimal,0.0022860649682573146,0.03794905459321809,3.794905459321809e-05
2019-07-16,spx,0.45,0.510830649519984,0.06525065110998998,0.07440406279654861,0.6651619768749594,cvar,optimal,0.0022860649682573146,0.03794905459321809,3.794905459321809e-05
2019-08-13,sse50,0.6125,0.5742185896784041,1.2542020543360715e-10,0.3110118999468456,0.5010732772382243,cvar,optimal,0.002447573242270627,0.002341950073299615,2.341950073299615e-06
2019-08-13,csi300,0.5875,0.5181081585635701,1.069104844145789e-10,0.3110118999468456,0.5756381972845306,cvar,optimal,0.002447573242270627,0.002341950073299615,2.341950073299615e-06
2019-08-13,csi500,0.4875,0.3775668082823292,8.462210657429387e-11,0.3110118999468456,0.6665841449300836,cvar,optimal,0.002447573242270627,0.002341950073299615,2.341950073299615e-06
2019-08-13,csi1000,0.525,0.4045548140520781,8.332242717790276e-11,0.3110118999468456,0.7221835758503498,cvar,optimal,0.002447573242270627,0.002341950073299615,2.341950073299615e-06
2019-08-13,bond_gov,0.4625,0.5451871170342019,0.2999999998530841,0.3110118999468456,0.44412384694545537,cvar,optimal,0.002447573242270627,0.002341950073299615,2.341950073299615e-06
2019-08-13,bond_corp,0.5625,0.6413227606028368,0.29999999985709974,0.3110118999468456,0.7176942299201541,cvar,optimal,0.002447573242270627,0.002341950073299615,2.341950073299615e-06
2019-08-13,csi_cb,0.4375,0.5397044788549407,0.13677120051550662,0.3110118999468456,0.44697480192448025,cvar,optimal,0.002447573242270627,0.002341950073299615,2.341950073299615e-06
2019-08-13,crude_sc,0.525,0.5934429484526348,0.018700585153865173,0.3110118999468456,0.5946415583828497,cvar,optimal,0.002447573242270627,0.002341950073299615,2.341950073299615e-06
2019-08-13,gold_au,0.6375000000000001,0.6998186520616247,0.17966114901890815,0.3110118999468456,0.5918766576369368,cvar,optimal,0.002447573242270627,0.002341950073299615,2.341950073299615e-06
2019-08-13,spx,0.6625000000000001,0.6060756724173797,0.06486706520126109,0.3110118999468456,0.5692802699173041,cvar,optimal,0.002447573242270627,0.002341950073299615,2.341950073299615e-06
2019-09-10,sse50,0.2625,0.3743653699333534,1.1331243040319214e-10,0.024019656625569017,0.7262816684309562,cvar,optimal,0.002891327853218287,0.023011459636847968,2.301145963684797e-05
2019-09-10,csi300,0.3875,0.4360978248879336,9.575056087571817e-11,0.024019656625569017,0.4400906421625443,cvar,optimal,0.002891327853218287,0.023011459636847968,2.301145963684797e-05
2019-09-10,csi500,0.3125,0.3407293599153564,7.176446303063994e-11,0.024019656625569017,0.6546191924495878,cvar,optimal,0.002891327853218287,0.023011459636847968,2.301145963684797e-05
2019-09-10,csi1000,0.4375,0.432163409176964,7.425257389609694e-11,0.024019656625569017,0.3666774077719304,cvar,optimal,0.002891327853218287,0.023011459636847968,2.301145963684797e-05
2019-09-10,bond_gov,0.7000000000000001,0.6408901808818155,0.2999999998856743,0.024019656625569017,0.5052887089472914,cvar,optimal,0.002891327853218287,0.023011459636847968,2.301145963684797e-05
2019-09-10,bond_corp,0.8250000000000001,0.7549526350756453,0.29999999988816084,0.024019656625569017,0.7814774848231307,cvar,optimal,0.002891327853218287,0.023011459636847968,2.301145963684797e-05
2019-09-10,csi_cb,0.6250000000000001,0.587765272494156,0.1539607938794832,0.024019656625569017,0.3574241111822207,cvar,optimal,0.002891327853218287,0.023011459636847968,2.301145963684797e-05
2019-09-10,crude_sc,0.7500000000000001,0.6987166835765023,0.024522451363085243,0.024019656625569017,0.6586674136727793,cvar,optimal,0.002891327853218287,0.023011459636847968,2.301145963684797e-05
2019-09-10,gold_au,0.7750000000000001,0.7478517151484878,0.16954621895117894,0.024019656625569017,0.7736195918629869,cvar,optimal,0.002891327853218287,0.023011459636847968,2.301145963684797e-05
2019-09-10,spx,0.425,0.48646754890978633,0.05197053567733745,0.024019656625569017,0.6445037782397655,cvar,optimal,0.002891327853218287,0.023011459636847968,2.301145963684797e-05
2019-10-16,sse50,0.6125,0.5405003004293348,3.50272238034558e-09,0.39280193512005357,0.49304739201689113,cvar,optimal,0.003000583468512786,0.013307845995417886,1.3307845995417886e-05
2019-10-16,csi300,0.6625000000000001,0.600082496546815,2.2017125207795275e-09,0.39280193512005357,0.49478345823845044,cvar,optimal,0.003000583468512786,0.013307845995417886,1.3307845995417886e-05
2019-10-16,csi500,0.5375000000000001,0.4873169382251785,9.642751226930435e-10,0.39280193512005357,0.6486542582656923,cvar,optimal,0.003000583468512786,0.013307845995417886,1.3307845995417886e-05
2019-10-16,csi1000,0.4375,0.4443206960889393,8.845245269556548e-10,0.39280193512005357,0.5539776840535712,cvar,optimal,0.003000583468512786,0.013307845995417886,1.3307845995417886e-05
2019-10-16,bond_gov,0.4875,0.5292653329996355,0.2999999976588041,0.39280193512005357,0.5020173362608832,cvar,optimal,0.003000583468512786,0.013307845995417886,1.3307845995417886e-05
2019-10-16,bond_corp,0.6375000000000001,0.6702249566937656,0.29999999765596025,0.39280193512005357,0.6655080843781322,cvar,optimal,0.003000583468512786,0.013307845995417886,1.3307845995417886e-05
2019-10-16,csi_cb,0.5125000000000001,0.5297964496429087,0.1608715320614123,0.39280193512005357,0.5605687693910676,cvar,optimal,0.003000583468512786,0.013307845995417886,1.3307845995417886e-05
2019-10-16,crude_sc,0.5875,0.6160565061657094,0.030919551978419526,0.39280193512005357,0.6571730155064412,cvar,optimal,0.003000583468512786,0.013307845995417886,1.3307845995417886e-05
2019-10-16,gold_au,0.5625,0.6120604142441377,0.16325187026490023,0.39280193512005357,0.7257736687844047,cvar,optimal,0.003000583468512786,0.013307845995417886,1.3307845995417886e-05
2019-10-16,spx,0.4625,0.4703759089635757,0.044957042827269075,0.39280193512005357,0.6880920525878684,cvar,optimal,0.003000583468512786,0.013307845995417886,1.3307845995417886e-05
2019-11-13,sse50,0.4125,0.45246846695874304,1.2681849153162045e-10,0.00457342071628226,0.39272644214386243,cvar,optimal,0.002969967732105851,0.030392768179987192,3.0392768179987194e-05
2019-11-13,csi300,0.4375,0.49115029419108275,9.98198506409505e-11,0.00457342071628226,0.3374606244950619,cvar,optimal,0.002969967732105851,0.030392768179987192,3.0392768179987194e-05
2019-11-13,csi500,0.2125,0.30259177393623776,7.901972251514032e-11,0.00457342071628226,0.7484145511584701,cvar,optimal,0.002969967732105851,0.030392768179987192,3.0392768179987194e-05
2019-11-13,csi1000,0.3125,0.3534803923853928,7.74722800429929e-11,0.00457342071628226,0.6814560271763842,cvar,optimal,0.002969967732105851,0.030392768179987192,3.0392768179987194e-05
2019-11-13,bond_gov,0.675,0.6290723662284842,0.2999999998982111,0.00457342071628226,0.42452802004100787,cvar,optimal,0.002969967732105851,0.030392768179987192,3.0392768179987194e-05
2019-11-13,bond_corp,0.7750000000000001,0.743635940264221,0.2999999999008934,0.00457342071628226,0.7271633300445592,cvar,optimal,0.002969967732105851,0.030392768179987192,3.0392768179987194e-05
2019-11-13,csi_cb,0.7000000000000001,0.6467580345548026,0.16822534470834613,0.00457342071628226,0.5048150941802496,cvar,optimal,0.002969967732105851,0.030392768179987192,3.0392768179987194e-05
2019-11-13,crude_sc,0.8,0.7422191219145647,0.02771349047138437,0.00457342071628226,0.7519567973066625,cvar,optimal,0.002969967732105851,0.030392768179987192,3.0392768179987194e-05
2019-11-13,gold_au,0.7500000000000001,0.7040723662284842,0.13606517076205243,0.00457342071628226,0.6567127852508747,cvar,optimal,0.002969967732105851,0.030392768179987192,3.0392768179987194e-05
2019-11-13,spx,0.425,0.4345512433379872,0.06799599387598235,0.00457342071628226,0.6950627145380148,cvar,optimal,0.002969967732105851,0.030392768179987192,3.0392768179987194e-05
2019-12-11,sse50,0.4375,0.4477820223182452,1.5452918825663737e-10,0.08396815574602051,0.3584072888046461,cvar,optimal,0.002921796705609226,0.005341729502948393,5.341729502948393e-06
2019-12-11,csi300,0.4125,0.44229938413898406,1.4594582949820516e-10,0.08396815574602051,0.42758039951961124,cvar,optimal,0.002921796705609226,0.005341729502948393,5.341729502948393e-06
2019-12-11,csi500,0.2375,0.2595706712762539,1.3852768836769768e-10,0.08396815574602051,0.7952092299703276,cvar,optimal,0.002921796705609226,0.005341729502948393,5.341729502948393e-06
2019-12-11,csi1000,0.2125,0.2586079130162827,1.2930639253191917e-10,0.08396815574602051,0.7713012143459633,cvar,optimal,0.002921796705609226,0.005341729502948393,5.341729502948393e-06
2019-12-11,bond_gov,0.7000000000000001,0.6737372105484185,0.2999999998507844,0.08396815574602051,0.4717623251666476,cvar,optimal,0.002921796705609226,0.005341729502948393,5.341729502948393e-06
2019-12-11,bond_corp,0.675,0.6963517502044647,0.2999999998550613,0.08396815574602051,0.4624828384175915,cvar,optimal,0.002921796705609226,0.005341729502948393,5.341729502948393e-06
2019-12-11,csi_cb,0.7250000000000001,0.6987372105484186,0.16825639834933945,0.08396815574602051,0.5447999389183743,cvar,optimal,0.002921796705609226,0.005341729502948393,5.341729502948393e-06
2019-12-11,crude_sc,0.8,0.7799592967713854,0.02468223445358737,0.08396815574602051,0.7091373739847789,cvar,optimal,0.002921796705609226,0.005341729502948393,5.341729502948393e-06
2019-12-11,gold_au,0.7750000000000001,0.7487372105484187,0.13375469737015983,0.08396815574602051,0.6903179963041537,cvar,optimal,0.002921796705609226,0.005341729502948393,5.341729502948393e-06
2019-12-11,spx,0.525,0.4942173306291285,0.07330666955275872,0.08396815574602051,0.722977080423604,cvar,optimal,0.002921796705609226,0.005341729502948393,5.341729502948393e-06
2020-01-09,sse50,0.2875,0.3355091654508415,2.360739402548832e-09,0.04966808905538196,0.6998577967873607,cvar,optimal,0.0028577878470041457,0.016071614539975417,1.607161453997542e-05
2020-01-09,csi300,0.3625,0.3815755294199055,2.0750587768489725e-09,0.04966808905538196,0.5581792557740809,cvar,optimal,0.0028577878470041457,0.016071614539975417,1.607161453997542e-05
2020-01-09,csi500,0.2625,0.2518100574389378,1.9651424649227544e-09,0.04966808905538196,0.7970544605074099,cvar,optimal,0.0028577878470041457,0.016071614539975417,1.607161453997542e-05
2020-01-09,csi1000,0.3375,0.3047894885146582,1.8913448294153624e-09,0.04966808905538196,0.6451942610978993,cvar,optimal,0.0028577878470041457,0.016071614539975417,1.607161453997542e-05
2020-01-09,bond_gov,0.8,0.7641532968624077,0.29999999782575,0.04966808905538196,0.6896645024525632,cvar,optimal,0.0028577878470041457,0.016071614539975417,1.607161453997542e-05
2020-01-09,bond_corp,0.8250000000000001,0.7839039016558148,0.29999999697204593,0.04966808905538196,0.6524205386989996,cvar,optimal,0.0028577878470041457,0.016071614539975417,1.607161453997542e-05
2020-01-09,csi_cb,0.6500000000000001,0.6728524048743115,0.17103719557684333,0.04966808905538196,0.37701062913709305,cvar,optimal,0.0028577878470041457,0.016071614539975417,1.607161453997542e-05
2020-01-09,crude_sc,0.7250000000000001,0.7501567605765302,0.03248498173764472,0.04966808905538196,0.537862755299137,cvar,optimal,0.0028577878470041457,0.016071614539975417,1.607161453997542e-05
2020-01-09,gold_au,0.6250000000000001,0.6730091654508416,0.11768308773823409,0.04966808905538196,0.345106165011358,cvar,optimal,0.0028577878470041457,0.016071614539975417,1.607161453997542e-05
2020-01-09,spx,0.625,0.5822402297557514,0.07879473185719642,0.04966808905538196,0.5089663564728647,cvar,optimal,0.0028577878470041457,0.016071614539975417,1.607161453997542e-05
2020-02-14,sse50,0.2125,0.24495618001039982,6.371058964452664e-09,0.07428998930138318,0.7583604844177266,cvar,optimal,0.003196703797188855,0.04293076279747633,4.293076279747633e-05
2020-02-14,csi300,0.7625000000000001,0.6535719608746662,4.511922218702375e-09,0.07428998930138318,0.40836365921849327,cvar,optimal,0.003196703797188855,0.04293076279747633,4.293076279747633e-05
2020-02-14,csi500,0.7625000000000001,0.6197340523701328,2.6278300164396853e-09,0.07428998930138318,0.3744143805366065,cvar,optimal,0.003196703797188855,0.04293076279747633,4.293076279747633e-05
2020-02-14,csi1000,0.7625000000000001,0.633316236028533,2.535621914088147e-09,0.07428998930138318,0.38212542910838354,cvar,optimal,0.003196703797188855,0.04293076279747633,4.293076279747633e-05
2020-02-14,bond_gov,0.6375000000000001,0.6757359295574671,0.2999999952996346,0.07428998930138318,0.5249886908209753,cvar,optimal,0.003196703797188855,0.04293076279747633,4.293076279747633e-05
2020-02-14,bond_corp,0.6625000000000001,0.6969611302870672,0.2999999952244076,0.07428998930138318,0.4828028796826199,cvar,optimal,0.003196703797188855,0.04293076279747633,4.293076279747633e-05
2020-02-14,csi_cb,0.5,0.5479257633040001,0.15872734101636427,0.07428998930138318,0.5828998402730092,cvar,optimal,0.003196703797188855,0.04293076279747633,4.293076279747633e-05
2020-02-14,crude_sc,0.25,0.3894968195005338,0.001864077774401187,0.07428998930138318,0.4524366194416196,cvar,optimal,0.003196703797188855,0.04293076279747633,4.293076279747633e-05
2020-02-14,gold_au,0.6125,0.6273463615110665,0.13398250509584178,0.07428998930138318,0.5327197058546612,cvar,optimal,0.003196703797188855,0.04293076279747633,4.293076279747633e-05
2020-02-14,spx,0.3375,0.4109555665561339,0.10542606954291747,0.07428998930138318,0.6545880671064407,cvar,optimal,0.003196703797188855,0.04293076279747633,4.293076279747633e-05
2020-03-13,sse50,0.45,0.3776230032230149,6.510778785339016e-11,0.2914210560825794,0.6419889967219139,cvar,optimal,0.004025107400313816,0.10729016307394348,0.00010729016307394349
2020-03-13,csi300,0.45,0.5231936542687557,5.341523365216164e-11,0.2914210560825794,0.5118621377038362,cvar,optimal,0.004025107400313816,0.10729016307394348,0.00010729016307394349
2020-03-13,csi500,0.4875,0.5410852048794563,4.028943020374162e-11,0.2914210560825794,0.527383648058239,cvar,optimal,0.004025107400313816,0.10729016307394348,0.00010729016307394349
2020-03-13,csi1000,0.525,0.5717768359190998,4.57655038308526e-11,0.2914210560825794,0.6029105258799343,cvar,optimal,0.004025107400313816,0.10729016307394348,0.00010729016307394349
2020-03-13,bond_gov,0.5875,0.6157779459238897,0.29999999995318727,0.2914210560825794,0.6690989178344497,cvar,optimal,0.004025107400313816,0.10729016307394348,0.00010729016307394349
2020-03-13,bond_corp,0.6375000000000001,0.6575818674468112,0.2999999999547874,0.2914210560825794,0.5960545981424449,cvar,optimal,0.004025107400313816,0.10729016307394348,0.00010729016307394349
2020-03-13,csi_cb,0.525,0.5277754190334438,0.23694441403436647,0.2914210560825794,0.6105838920450744,cvar,optimal,0.004025107400313816,0.10729016307394348,0.00010729016307394349
2020-03-13,crude_sc,0.9,0.7216450350459449,4.3791796911320456e-11,0.2914210560825794,0.5760772138159354,cvar,optimal,0.004025107400313816,0.10729016307394348,0.00010729016307394349
2020-03-13,gold_au,0.6125,0.6134142914592102,0.1630555857678507,0.2914210560825794,0.5780153426570271,cvar,optimal,0.004025107400313816,0.10729016307394348,0.00010729016307394349
2020-03-13,spx,0.325,0.3501267428003738,4.143859155545005e-11,0.2914210560825794,0.475847347380665,cvar,optimal,0.004025107400313816,0.10729016307394348,0.00010729016307394349
2020-04-13,sse50,0.3,0.3271281571438327,1.0330675152626532e-09,0.15520844169178186,0.8,cvar,optimal,0.004819903464836568,0.027564785337682956,2.7564785337682955e-05
2020-04-13,csi300,0.3,0.375515935946133,6.582530256989635e-10,0.15520844169178186,0.7600178892727467,cvar,optimal,0.004819903464836568,0.027564785337682956,2.7564785337682955e-05
2020-04-13,csi500,0.3,0.3842224891617281,3.8142695451500635e-10,0.15520844169178186,0.7090646837838931,cvar,optimal,0.004819903464836568,0.027564785337682956,2.7564785337682955e-05
2020-04-13,csi1000,0.3,0.39292904237732323,3.29251092069359e-10,0.15520844169178186,0.7091315034288294,cvar,optimal,0.004819903464836568,0.027564785337682956,2.7564785337682955e-05
2020-04-13,bond_gov,0.7,0.6683817291256805,0.2999999994259393,0.15520844169178186,0.777275071208093,cvar,optimal,0.004819903464836568,0.027564785337682956,2.7564785337682955e-05
2020-04-13,bond_corp,0.7749999999999999,0.7331784713332564,0.29999999940576927,0.15520844169178186,0.6535313977276471,cvar,optimal,0.004819903464836568,0.027564785337682956,2.7564785337682955e-05
2020-04-13,csi_cb,0.3,0.3698348752216799,0.2645091639828385,0.15520844169178186,0.740834627955381,cvar,optimal,0.004819903464836568,0.027564785337682956,2.7564785337682955e-05
2020-04-13,crude_sc,0.875,0.8258182565350554,1.5053581540479908e-09,0.15520844169178186,0.7578968567606613,cvar,optimal,0.004819903464836568,0.027564785337682956,2.7564785337682955e-05
2020-04-13,gold_au,0.6749999999999999,0.654990466746474,0.1354908015064338,0.15520844169178186,0.6889623336342271,cvar,optimal,0.004819903464836568,0.027564785337682956,2.7564785337682955e-05
2020-04-13,spx,0.975,0.7680005764088365,3.1771662488293516e-08,0.15520844169178186,0.7937828047825071,cvar,optimal,0.004819903464836568,0.027564785337682956,2.7564785337682955e-05
2020-05-14,sse50,0.6749999999999999,0.5691748303496895,8.70257442473102e-11,0.49384236646224405,0.5249923278929614,cvar,optimal,0.004812994658997941,0.0020890064586916854,2.0890064586916856e-06
2020-05-14,csi300,0.575,0.5005942717761299,5.838507790964315e-11,0.49384236646224405,0.6352156184437624,cvar,optimal,0.004812994658997941,0.0020890064586916854,2.0890064586916856e-06
2020-05-14,csi500,0.175,0.22927147140660217,3.699152341053031e-11,0.49384236646224405,0.7612687059571086,cvar,optimal,0.004812994658997941,0.0020890064586916854,2.0890064586916856e-06
2020-05-14,csi1000,0.175,0.2322709053313125,3.213909594079632e-11,0.49384236646224405,0.7621130936121061,cvar,optimal,0.004812994658997941,0.0020890064586916854,2.0890064586916856e-06
2020-05-14,bond_gov,0.5499999999999999,0.5881308603655298,0.29999999994261206,0.49384236646224405,0.5813430555590151,cvar,optimal,0.004812994658997941,0.0020890064586916854,2.0890064586916856e-06
2020-05-14,bond_corp,0.7,0.7125666566792258,0.29999999994131754,0.49384236646224405,0.540871649253682,cvar,optimal,0.004812994658997941,0.0020890064586916854,2.0890064586916856e-06
2020-05-14,csi_cb,0.475,0.43801258105199103,0.2665981693893091,0.49384236646224405,0.5076132184534878,cvar,optimal,0.004812994658997941,0.0020890064586916854,2.0890064586916856e-06
2020-05-14,crude_sc,0.925,0.9112899019032534,1.632879000171957e-10,0.49384236646224405,0.6579657394544076,cvar,optimal,0.004812994658997941,0.0020890064586916854,2.0890064586916856e-06
2020-05-14,gold_au,0.6,0.6185655245286464,0.13340182981340243,0.49384236646224405,0.6585253461086256,cvar,optimal,0.004812994658997941,0.0020890064586916854,2.0890064586916856e-06
2020-05-14,spx,0.6499999999999999,0.7001229966076191,5.355294837415129e-10,0.49384236646224405,0.6705246845772449,cvar,optimal,0.004812994658997941,0.0020890064586916854,2.0890064586916856e-06
2020-06-11,sse50,0.5499999999999999,0.5599540827243081,3.553639589809028e-10,0.4538999168426947,0.39678109907140385,cvar,optimal,0.004467067231139381,0.019492171147414524,1.9492171147414524e-05
2020-06-11,csi300,0.2625,0.3442245350854074,2.6261364764968293e-10,0.4538999168426947,0.7481163427175599,cvar,optimal,0.004467067231139381,0.019492171147414524,1.9492171147414524e-05
2020-06-11,csi500,0.2625,0.24373530037560676,1.8911013949862736e-10,0.4538999168426947,0.7876068759163412,cvar,optimal,0.004467067231139381,0.019492171147414524,1.9492171147414524e-05
2020-06-11,csi1000,0.2625,0.24373530037560676,1.5773464001555014e-10,0.4538999168426947,0.7865952283735687,cvar,optimal,0.004467067231139381,0.019492171147414524,1.9492171147414524e-05
2020-06-11,bond_gov,0.7249999999999999,0.6788910795022117,0.299999999690989,0.4538999168426947,0.6567854314178402,cvar,optimal,0.004467067231139381,0.019492171147414524,1.9492171147414524e-05
2020-06-11,bond_corp,0.7749999999999999,0.7561582684919123,0.2999999996796471,0.4538999168426947,0.609843044375269,cvar,optimal,0.004467067231139381,0.019492171147414524,1.9492171147414524e-05
2020-06-11,csi_cb,0.6499999999999999,0.5760076354429559,0.28609033906350434,0.4538999168426947,0.5860705194070357,cvar,optimal,0.004467067231139381,0.019492171147414524,1.9492171147414524e-05
2020-06-11,crude_sc,0.975,0.9538593244122732,4.3844889670138614e-10,0.4538999168426947,0.7941853010146601,cvar,optimal,0.004467067231139381,0.019492171147414524,1.9492171147414524e-05
2020-06-11,gold_au,0.7,0.6727328110102994,0.11390965917928145,0.4538999168426947,0.6934498071931062,cvar,optimal,0.004467067231139381,0.019492171147414524,1.9492171147414524e-05
2020-06-11,spx,0.3375,0.47070166257941826,9.833068332641038e-10,0.4538999168426947,0.6015073346571125,cvar,optimal,0.004467067231139381,0.019492171147414524,1.9492171147414524e-05
2020-07-13,sse50,0.7249999999999999,0.6810248240385554,4.977848851221222e-10,0.06168292027002712,0.6505885657846633,cvar,optimal,0.004643289826243257,2.3029860307329236e-07,2.3029860307329236e-10
2020-07-13,csi300,0.7625,0.6330210187975543,3.9154787203663673e-10,0.06168292027002712,0.5309952754684326,cvar,optimal,0.004643289826243257,2.3029860307329236e-07,2.3029860307329236e-10
2020-07-13,csi500,0.2375,0.2377985987468297,2.872563474120321e-10,0.06168292027002712,0.6710284490395608,cvar,optimal,0.004643289826243257,2.3029860307329236e-07,2.3029860307329236e-10
2020-07-13,csi1000,0.35,0.315124724408928,2.443643085342087e-10,0.06168292027002712,0.4282797211780847,cvar,optimal,0.004643289826243257,2.3029860307329236e-07,2.3029860307329236e-10
2020-07-13,bond_gov,0.5999999999999999,0.6240464470522604,0.29999999957335355,0.06168292027002712,0.47340838513240807,cvar,optimal,0.004643289826243257,2.3029860307329236e-07,2.3029860307329236e-10
2020-07-13,bond_corp,0.6749999999999999,0.69982182227296,0.2999999995578588,0.06168292027002712,0.641742708709333,cvar,optimal,0.004643289826243257,2.3029860307329236e-07,2.3029860307329236e-10
2020-07-13,csi_cb,0.7,0.6693315314155245,0.28609010901894555,0.06168292027002712,0.702179980414788,cvar,optimal,0.004643289826243257,2.3029860307329236e-07,2.3029860307329236e-10
2020-07-13,crude_sc,0.2749999999999999,0.4895637666768272,4.2382835167604557e-10,0.06168292027002712,0.6765155132358306,cvar,optimal,0.004643289826243257,2.3029860307329236e-07,2.3029860307329236e-10
2020-07-13,gold_au,0.6249999999999999,0.6398574578183679,0.11390988684023955,0.06168292027002712,0.525509096448015,cvar,optimal,0.004643289826243257,2.3029860307329236e-07,2.3029860307329236e-10
2020-07-13,spx,0.5499999999999999,0.510409808772192,3.1648207589831927e-09,0.06168292027002712,0.4972268326944113,cvar,optimal,0.004643289826243257,2.3029860307329236e-07,2.3029860307329236e-10
2020-08-10,sse50,0.7,0.6938316432586242,4.2592604702879296e-10,0.14677778455525256,0.52163907472766,cvar,optimal,0.005100064740056812,0.03744946848769497,3.744946848769497e-05
2020-08-10,csi300,0.6749999999999999,0.6627612584275977,3.276320284291958e-10,0.14677778455525256,0.5325551017331677,cvar,optimal,0.005100064740056812,0.03744946848769497,3.744946848769497e-05
2020-08-10,csi500,0.15,0.18139695786552368,2.5769454213764623e-10,0.14677778455525256,0.8,cvar,optimal,0.005100064740056812,0.03744946848769497,3.744946848769497e-05
2020-08-10,csi1000,0.15,0.20974239466380923,2.1905085229150394e-10,0.14677778455525256,0.8,cvar,optimal,0.005100064740056812,0.03744946848769497,3.744946848769497e-05
2020-08-10,bond_gov,0.5249999999999999,0.560520081460924,0.2999999996961074,0.14677778455525256,0.5563443123393175,cvar,optimal,0.005100064740056812,0.03744946848769497,3.744946848769497e-05
2020-08-10,bond_corp,0.6499999999999999,0.6666884382022997,0.29999999968375085,0.14677778455525256,0.6127637385483699,cvar,optimal,0.005100064740056812,0.03744946848769497,3.744946848769497e-05
2020-08-10,csi_cb,0.625,0.6459748483149488,0.24864064079077453,0.14677778455525256,0.6310207205276329,cvar,optimal,0.005100064740056812,0.03744946848769497,3.744946848769497e-05
2020-08-10,crude_sc,0.9,0.748759022468911,3.549543914933281e-10,0.14677778455525256,0.5387040643483548,cvar,optimal,0.005100064740056812,0.03744946848769497,3.744946848769497e-05
2020-08-10,gold_au,0.575,0.5979874241574744,0.15024590711699268,0.14677778455525256,0.6139840167378032,cvar,optimal,0.005100064740056812,0.03744946848769497,3.744946848769497e-05
2020-08-10,spx,0.5499999999999999,0.532337931179887,0.0011134511271167057,0.14677778455525256,0.6453063816991074,cvar,optimal,0.005100064740056812,0.03744946848769497,3.744946848769497e-05
2020-09-07,sse50,0.7,0.7023577297916017,1.70566125696495e-09,0.30607254909249193,0.535883194342084,cvar,optimal,0.005648178041762492,0.031246282162164563,3.124628216216456e-05
2020-09-07,csi300,0.6749999999999999,0.683252054270606,1.537337313643476e-09,0.30607254909249193,0.5362545796734804,cvar,optimal,0.005648178041762492,0.031246282162164563,3.124628216216456e-05
2020-09-07,csi500,0.1875,0.18288233024875322,1.281311916691571e-09,0.30607254909249193,0.76187575959193,cvar,optimal,0.005648178041762492,0.031246282162164563,3.124628216216456e-05
2020-09-07,csi1000,0.1875,0.193492114310961,1.0850856966640115e-09,0.30607254909249193,0.7617527384880889,cvar,optimal,0.005648178041762492,0.031246282162164563,3.124628216216456e-05
2020-09-07,bond_gov,0.475,0.49923282140394215,0.2999999989135736,0.30607254909249193,0.49636123280194744,cvar,optimal,0.005648178041762492,0.031246282162164563,3.124628216216456e-05
2020-09-07,bond_corp,0.625,0.6359375458061702,0.2999999988743949,0.30607254909249193,0.6694476833724977,cvar,optimal,0.005648178041762492,0.031246282162164563,3.124628216216456e-05
2020-09-07,csi_cb,0.6499999999999999,0.6484933733602366,0.26986144645066495,0.30607254909249193,0.5894476565322476,cvar,optimal,0.005648178041762492,0.031246282162164563,3.124628216216456e-05
2020-09-07,crude_sc,0.875,0.8246365712245254,1.2190315419665937e-09,0.30607254909249193,0.5431238996524068,cvar,optimal,0.005648178041762492,0.031246282162164563,3.124628216216456e-05
2020-09-07,gold_au,0.5249999999999999,0.5468750916123404,0.11899962654671792,0.30607254909249193,0.5253780520417021,cvar,optimal,0.005648178041762492,0.031246282162164563,3.124628216216456e-05
2020-09-07,spx,0.6,0.5828403679708629,0.011138922386220995,0.30607254909249193,0.6964401794753216,cvar,optimal,0.005648178041762492,0.031246282162164563,3.124628216216456e-05
2020-10-13,sse50,0.675,0.6820916059947445,6.070587320677814e-10,0.13757615675284576,0.4596530453253482,cvar,optimal,0.005654795867186439,1.338858367836487e-08,1.3388583678364871e-11
2020-10-13,csi300,0.3875,0.46905346893956135,4.746583547017751e-10,0.13757615675284576,0.4452414971559721,cvar,optimal,0.005654795867186439,1.338858367836487e-08,1.3388583678364871e-11
2020-10-13,csi500,0.3625,0.30993560257010044,3.5200118237875587e-10,0.13757615675284576,0.5703476963887143,cvar,optimal,0.005654795867186439,1.338858367836487e-08,1.3388583678364871e-11
2020-10-13,csi1000,0.2375,0.2203936325438228,2.690490631364888e-10,0.13757615675284576,0.8,cvar,optimal,0.005654795867186439,1.338858367836487e-08,1.3388583678364871e-11
2020-10-13,bond_gov,0.6250000000000001,0.5863479046537843,0.2999999996061852,0.13757615675284576,0.39694614170055215,cvar,optimal,0.005654795867186439,1.338858367836487e-08,1.3388583678364871e-11
2020-10-13,bond_corp,0.8250000000000001,0.7702159223531698,0.29999999958613294,0.13757615675284576,0.7420469864606367,cvar,optimal,0.005654795867186439,1.338858367836487e-08,1.3388583678364871e-11
2020-10-13,csi_cb,0.7500000000000001,0.7196848057098967,0.2698614375242236,0.13757615675284576,0.6197773896875746,cvar,optimal,0.005654795867186439,1.338858367836487e-08,1.3388583678364871e-11
2020-10-13,crude_sc,0.625,0.6978648302585702,6.635180106008205e-10,0.13757615675284576,0.48621318398962204,cvar,optimal,0.005654795867186439,1.338858367836487e-08,1.3388583678364871e-11
2020-10-13,gold_au,0.7250000000000001,0.6721646926642953,0.11899963369130455,0.13757615675284576,0.5195982546362016,cvar,optimal,0.005654795867186439,1.338858367836487e-08,1.3388583678364871e-11
2020-10-13,spx,0.2875,0.37224753431205476,0.011138927225868338,0.13757615675284576,0.7387631276174355,cvar,optimal,0.005654795867186439,1.338858367836487e-08,1.3388583678364871e-11
2020-11-10,sse50,0.6125,0.6348187791111168,2.9889400498372293e-09,0.10351288736713866,0.4343150262046667,cvar,optimal,0.005654796170442166,1.6031450222952185e-07,1.6031450222952185e-10
2020-11-10,csi300,0.275,0.33291105670868804,2.2681620589480147e-09,0.10351288736713866,0.4532052290597808,cvar,optimal,0.005654796170442166,1.6031450222952185e-07,1.6031450222952185e-10
2020-11-10,csi500,0.3625,0.3496999195710573,1.6264144318094734e-09,0.10351288736713866,0.5523417372329552,cvar,optimal,0.005654796170442166,1.6031450222952185e-07,1.6031450222952185e-10
2020-11-10,csi1000,0.2625,0.2506467556860807,1.2339344207957649e-09,0.10351288736713866,0.8,cvar,optimal,0.005654796170442166,1.6031450222952185e-07,1.6031450222952185e-10
2020-11-10,bond_gov,0.5875,0.5888226202050956,0.2999999981580716,0.10351288736713866,0.4075549770719823,cvar,optimal,0.005654796170442166,1.6031450222952185e-07,1.6031450222952185e-10
2020-11-10,bond_corp,0.6875,0.717949768276569,0.2999999980722288,0.10351288736713866,0.669224755444909,cvar,optimal,0.005654796170442166,1.6031450222952185e-07,1.6031450222952185e-10
2020-11-10,csi_cb,0.6625,0.6838719429960934,0.26986128017173916,0.10351288736713866,0.5647777575582702,cvar,optimal,0.005654796170442166,1.6031450222952185e-07,1.6031450222952185e-10
2020-11-10,crude_sc,0.55,0.5928740646154396,2.707702244179126e-09,0.10351288736713866,0.41044418804426464,cvar,optimal,0.005654796170442166,1.6031450222952185e-07,1.6031450222952185e-10
2020-11-10,gold_au,0.7875,0.7523811404599404,0.11899977420564961,0.10351288736713866,0.6605246723943623,cvar,optimal,0.005654796170442166,1.6031450222952185e-07,1.6031450222952185e-10
2020-11-10,spx,0.7125,0.5960239523699195,0.011138938567157754,0.10351288736713866,0.61555383175584,cvar,optimal,0.005654796170442166,1.6031450222952185e-07,1.6031450222952185e-10
2020-12-08,sse50,0.275,0.3967218406756795,2.3681456597887795e-09,0.11621492250669212,0.5288421125534002,cvar,optimal,0.005659850823500975,0.006310872538733059,6.31087253873306e-06
2020-12-08,csi300,0.875,0.6796941997125631,2.0874822515672535e-09,0.11621492250669212,0.5741612905216225,cvar,optimal,0.005659850823500975,0.006310872538733059,6.31087253873306e-06
2020-12-08,csi500,0.6375000000000001,0.5431220238397462,1.978520174246393e-09,0.11621492250669212,0.46138872810530857,cvar,optimal,0.005659850823500975,0.006310872538733059,6.31087253873306e-06
2020-12-08,csi1000,0.5875,0.4736046620190074,1.5239955898773315e-09,0.11621492250669212,0.6746154004934382,cvar,optimal,0.005659850823500975,0.006310872538733059,6.31087253873306e-06
2020-12-08,bond_gov,0.4375,0.4925154907748137,0.2999999984796722,0.11621492250669212,0.5664754152439838,cvar,optimal,0.005659850823500975,0.006310872538733059,6.31087253873306e-06
2020-12-08,bond_corp,0.4875,0.5691060419703577,0.2999999984282369,0.11621492250669212,0.6316952950220854,cvar,optimal,0.005659850823500975,0.006310872538733059,6.31087253873306e-06
2020-12-08,csi_cb,0.4625,0.5393905823871543,0.2635504097729382,0.11621492250669212,0.5105644691889206,cvar,optimal,0.005659850823500975,0.006310872538733059,6.31087253873306e-06
2020-12-08,crude_sc,0.5625,0.5652832813675209,1.3692442743057827e-09,0.11621492250669212,0.6726600978909585,cvar,optimal,0.005659850823500975,0.006310872538733059,6.31087253873306e-06
2020-12-08,gold_au,0.6625000000000001,0.6995047555938384,0.1246864705588248,0.11621492250669212,0.6179437716960334,cvar,optimal,0.005659850823500975,0.006310872538733059,6.31087253873306e-06
2020-12-08,spx,0.5125000000000001,0.541057121659319,0.011763113432940009,0.11621492250669212,0.6245394986864854,cvar,optimal,0.005659850823500975,0.006310872538733059,6.31087253873306e-06
2021-01-06,sse50,0.7125,0.5968610319501942,7.020575162358841e-10,0.12661271505960367,0.5975210793511131,cvar,optimal,0.005659850687058295,2.0483149920936714e-08,2.0483149920936716e-11
2021-01-06,csi300,0.35,0.4707927871824604,5.562257713812083e-10,0.12661271505960367,0.43946509360251174,cvar,optimal,0.005659850687058295,2.0483149920936714e-08,2.0483149920936716e-11
2021-01-06,csi500,0.2,0.3213998573053527,3.9068564880385577e-10,0.12661271505960367,0.8,cvar,optimal,0.005659850687058295,2.0483149920936714e-08,2.0483149920936716e-11
2021-01-06,csi1000,0.25,0.3332487984655416,3.202011046317777e-10,0.12661271505960367,0.7497519276058073,cvar,optimal,0.005659850687058295,2.0483149920936714e-08,2.0483149920936716e-11
2021-01-06,bond_gov,0.5875,0.5510126130602524,0.2999999995670994,0.12661271505960367,0.4231474300284883,cvar,optimal,0.005659850687058295,2.0483149920936714e-08,2.0483149920936716e-11
2021-01-06,bond_corp,0.8125,0.7219222164527862,0.2999999995407568,0.12661271505960367,0.7202048784680393,cvar,optimal,0.005659850687058295,2.0483149920936714e-08,2.0483149920936716e-11
2021-01-06,csi_cb,0.6875,0.6304645638881597,0.263550428056141,0.12661271505960367,0.6008118203231507,cvar,optimal,0.005659850687058295,2.0483149920936714e-08,2.0483149920936716e-11
2021-01-06,crude_sc,0.475,0.5031973761548424,5.401401311407476e-10,0.12661271505960367,0.5681932757432576,cvar,optimal,0.005659850687058295,2.0483149920936714e-08,2.0483149920936716e-11
2021-01-06,gold_au,0.7875,0.757093844216877,0.1246864580377663,0.12661271505960367,0.7052310385126664,cvar,optimal,0.005659850687058295,2.0483149920936714e-08,2.0483149920936716e-11
2021-01-06,spx,0.6375,0.6140069113235332,0.011763112288926339,0.12661271505960367,0.5166154803723128,cvar,optimal,0.005659850687058295,2.0483149920936714e-08,2.0483149920936716e-11
2021-02-03,sse50,0.5625,0.5736781334003448,2.7756369789258315e-09,0.06122656894667247,0.49928856245927056,cvar,optimal,0.005696803558281249,0.0018893948935270288,1.8893948935270288e-06
2021-02-03,csi300,0.25,0.33208747380770426,2.0944992275653223e-09,0.06122656894667247,0.6920299612988268,cvar,optimal,0.005696803558281249,0.0018893948935270288,1.8893948935270288e-06
2021-02-03,csi500,0.275,0.2894025542482583,1.4672259238851428e-09,0.06122656894667247,0.6759063253104654,cvar,optimal,0.005696803558281249,0.0018893948935270288,1.8893948935270288e-06
2021-02-03,csi1000,0.375,0.3632097357632404,1.1730777255363197e-09,0.06122656894667247,0.4846088283202108,cvar,optimal,0.005696803558281249,0.0018893948935270288,1.8893948935270288e-06
2021-02-03,bond_gov,0.5125000000000001,0.5243721475696792,0.29999999889034284,0.06122656894667247,0.47427041958902577,cvar,optimal,0.005696803558281249,0.0018893948935270288,1.8893948935270288e-06
2021-02-03,bond_corp,0.6625000000000001,0.6839595384595378,0.2999999988688694,0.06122656894667247,0.7702469476925246,cvar,optimal,0.005696803558281249,0.0018893948935270288,1.8893948935270288e-06
2021-02-03,csi_cb,0.5375000000000001,0.5680985651788203,0.2629222377680722,0.06122656894667247,0.4513579553216388,cvar,optimal,0.005696803558281249,0.0018893948935270288,1.8893948935270288e-06
2021-02-03,crude_sc,0.9,0.7630394183706217,1.8298008812566296e-09,0.06122656894667247,0.5969509161048756,cvar,optimal,0.005696803558281249,0.0018893948935270288,1.8893948935270288e-06
2021-02-03,gold_au,0.7375,0.7431300083666321,0.12342525478095207,0.06122656894667247,0.580063994815795,cvar,optimal,0.005696803558281249,0.0018893948935270288,1.8893948935270288e-06
2021-02-03,spx,0.6875,0.6590224248351614,0.01365250035152291,0.06122656894667247,0.6850417719858081,cvar,optimal,0.005696803558281249,0.0018893948935270288,1.8893948935270288e-06
2021-03-10,sse50,0.6125,0.6099471169113707,1.918177286047564e-09,0.1188295491798436,0.39875569041600567,cvar,optimal,0.005580823905624208,0.013406005548090554,1.3406005548090555e-05
2021-03-10,csi300,0.3,0.29345209362313057,1.4539836479291326e-09,0.1188295491798436,0.8,cvar,optimal,0.005580823905624208,0.013406005548090554,1.3406005548090555e-05
2021-03-10,csi500,0.35,0.32220053563761547,1.0691919963611158e-09,0.1188295491798436,0.6990254725474068,cvar,optimal,0.005580823905624208,0.013406005548090554,1.3406005548090555e-05
2021-03-10,csi1000,0.475,0.4359365358727006,8.386931893927457e-10,0.1188295491798436,0.44243421401977423,cvar,optimal,0.005580823905624208,0.013406005548090554,1.3406005548090555e-05
2021-03-10,bond_gov,0.5875,0.5716856055023358,0.2999999990971916,0.1188295491798436,0.3869950786383161,cvar,optimal,0.005580823905624208,0.013406005548090554,1.3406005548090555e-05
2021-03-10,bond_corp,0.7375,0.727678140434696,0.2999999990651675,0.1188295491798436,0.7699968759828666,cvar,optimal,0.005580823905624208,0.013406005548090554,1.3406005548090555e-05
2021-03-10,csi_cb,0.6625,0.6381401874813464,0.27596044532500164,0.1188295491798436,0.5113465258361961,cvar,optimal,0.005580823905624208,0.013406005548090554,1.3406005548090555e-05
2021-03-10,crude_sc,0.225,0.3873046669201784,2.763139817778729e-09,0.1188295491798436,0.554578242072215,cvar,optimal,0.005580823905624208,0.013406005548090554,1.3406005548090555e-05
2021-03-10,gold_au,0.7875,0.7769570703348905,0.11001925146325517,0.1188295491798436,0.6619130082988904,cvar,optimal,0.005580823905624208,0.013406005548090554,1.3406005548090555e-05
2021-03-10,spx,0.7625,0.7366980472817355,0.014020297006198187,0.1188295491798436,0.7660315059216578,cvar,optimal,0.005580823905624208,0.013406005548090554,1.3406005548090555e-05
2021-04-08,sse50,0.5249999999999999,0.5494823671590201,1.859568589695579e-10,0.22825701787061223,0.5001010838287885,cvar,optimal,0.004291275431680997,0.048543380577961814,4.854338057796182e-05
2021-04-08,csi300,0.575,0.4827717001913998,1.333798231440591e-10,0.22825701787061223,0.6351429611775941,cvar,optimal,0.004291275431680997,0.048543380577961814,4.854338057796182e-05
2021-04-08,csi500,0.6499999999999999,0.547878102104637,1.0818675990479273e-10,0.22825701787061223,0.5212577099240248,cvar,optimal,0.004291275431680997,0.048543380577961814,4.854338057796182e-05
2021-04-08,csi1000,0.6749999999999999,0.6032295615929157,8.573594563162113e-11,0.22825701787061223,0.5282022434590306,cvar,optimal,0.004291275431680997,0.048543380577961814,4.854338057796182e-05
2021-04-08,bond_gov,0.475,0.505686792102274,0.29999999990336335,0.22825701787061223,0.4675777832614243,cvar,optimal,0.004291275431680997,0.048543380577961814,4.854338057796182e-05
2021-04-08,bond_corp,0.5499999999999999,0.6048338266472988,0.2999999998342377,0.22825701787061223,0.6307023518671641,cvar,optimal,0.004291275431680997,0.048543380577961814,4.854338057796182e-05
2021-04-08,csi_cb,0.6,0.6108995959287484,0.25538794438000106,0.22825701787061223,0.654666318552621,cvar,optimal,0.004291275431680997,0.048543380577961814,4.854338057796182e-05
2021-04-08,crude_sc,0.125,0.20699988349740348,1.746735860970802e-10,0.22825701787061223,0.785980120720225,cvar,optimal,0.004291275431680997,0.048543380577961814,4.854338057796182e-05
2021-04-08,gold_au,0.7,0.7244823671590201,0.08204837918554682,0.22825701787061223,0.5006987054231258,cvar,optimal,0.004291275431680997,0.048543380577961814,4.854338057796182e-05
2021-04-08,spx,0.625,0.6637358036172822,0.06256367600891799,0.22825701787061223,0.6812302026218782,cvar,optimal,0.004291275431680997,0.048543380577961814,4.854338057796182e-05
2021-05-11,sse50,0.5499999999999999,0.5495285319044798,1.6862532593285746e-10,0.11892696239235141,0.5383633651111605,cvar,optimal,0.004268429220240996,0.027599736428697896,2.7599736428697897e-05
2021-05-11,csi300,0.6,0.5700719985588532,1.0935791239755001e-10,0.11892696239235141,0.6313696915086432,cvar,optimal,0.004268429220240996,0.027599736428697896,2.7599736428697897e-05
2021-05-11,csi500,0.6499999999999999,0.6256221793001709,9.077587430806473e-11,0.11892696239235141,0.5465867775986263,cvar,optimal,0.004268429220240996,0.027599736428697896,2.7599736428697897e-05
2021-05-11,csi1000,0.575,0.5890747827319949,7.256146118123696e-11,0.11892696239235141,0.6287145907969739,cvar,optimal,0.004268429220240996,0.027599736428697896,2.7599736428697897e-05
2021-05-11,bond_gov,0.475,0.48414168276243585,0.29999999992428206,0.11892696239235141,0.46464164558613447,cvar,optimal,0.004268429220240996,0.027599736428697896,2.7599736428697897e-05
2021-05-11,bond_corp,0.5249999999999999,0.5478178037370299,0.29999999992247484,0.11892696239235141,0.5864976442740852,cvar,optimal,0.004268429220240996,0.027599736428697896,2.7599736428697897e-05
2021-05-11,csi_cb,0.625,0.6224970468461607,0.24121018524394952,0.11892696239235141,0.5975385944709536,cvar,optimal,0.004268429220240996,0.027599736428697896,2.7599736428697897e-05
2021-05-11,crude_sc,0.125,0.13312594023327634,2.342135747510308e-10,0.11892696239235141,0.8,cvar,optimal,0.004268429220240996,0.027599736428697896,2.7599736428697897e-05
2021-05-11,gold_au,0.7,0.7071101977041168,0.06862640196483938,0.11892696239235141,0.49139187837795917,cvar,optimal,0.004268429220240996,0.027599736428697896,2.7599736428697897e-05
2021-05-11,spx,0.6749999999999999,0.6710098362214811,0.09016341226892015,0.11892696239235141,0.5754775568172875,cvar,optimal,0.004268429220240996,0.027599736428697896,2.7599736428697897e-05
2021-06-08,sse50,0.5249999999999999,0.531316870424463,3.0997712794107503e-09,0.06121406559136435,0.5152189787715008,cvar,optimal,0.004268429570480437,5.030305247945913e-07,5.030305247945913e-10
2021-06-08,csi300,0.6749999999999999,0.647998154395713,2.0397082946902723e-09,0.06121406559136435,0.5208948115116182,cvar,optimal,0.004268429570480437,5.030305247945913e-07,5.030305247945913e-10
2021-06-08,csi500,0.6,0.616659358014375,1.6814447624591923e-09,0.06121406559136435,0.6439465505671907,cvar,optimal,0.004268429570480437,5.030305247945913e-07,5.030305247945913e-10
2021-06-08,csi1000,0.575,0.583051234330898,1.348712767485128e-09,0.06121406559136435,0.645733375010252,cvar,optimal,0.004268429570480437,5.030305247945913e-07,5.030305247945913e-10
2021-06-08,bond_gov,0.475,0.47500000000000003,0.2999999985988633,0.06121406559136435,0.4304894768309049,cvar,optimal,0.004268429570480437,5.030305247945913e-07,5.030305247945913e-10
2021-06-08,bond_corp,0.7,0.643705055532412,0.29999999855707293,0.06121406559136435,0.49655385709385025,cvar,optimal,0.004268429570480437,5.030305247945913e-07,5.030305247945913e-10
2021-06-08,csi_cb,0.5499999999999999,0.572976228438838,0.24121067589435088,0.06121406559136435,0.5285733116433444,cvar,optimal,0.004268429570480437,5.030305247945913e-07,5.030305247945913e-10
2021-06-08,crude_sc,0.125,0.125,4.8860204108349756e-09,0.06121406559136435,0.8,cvar,optimal,0.004268429570480437,5.030305247945913e-07,5.030305247945913e-10
2021-06-08,gold_au,0.6499999999999999,0.6666593580143749,0.06862639011257439,0.06121406559136435,0.5410811092184047,cvar,optimal,0.004268429570480437,5.030305247945913e-07,5.030305247945913e-10
2021-06-08,spx,0.625,0.637633740848926,0.09016292378148096,0.06121406559136435,0.6354287873711559,cvar,optimal,0.004268429570480437,5.030305247945913e-07,5.030305247945913e-10
2021-07-07,sse50,0.5249999999999999,0.5273043557022187,2.5254889915171977e-09,0.0119146152474654,0.5295083733624963,cvar,optimal,0.00409537943917195,0.000267528592192361,2.67528592192361e-07
2021-07-07,csi300,0.575,0.6016292803287171,1.9170667910793204e-09,0.0119146152474654,0.5854140048309191,cvar,optimal,0.00409537943917195,0.000267528592192361,2.67528592192361e-07
2021-07-07,csi500,0.6749999999999999,0.6544519508279073,1.4660738818894228e-09,0.0119146152474654,0.5380727233696831,cvar,optimal,0.00409537943917195,0.000267528592192361,2.67528592192361e-07
2021-07-07,csi1000,0.7,0.658072065705783,1.2053354504955956e-09,0.0119146152474654,0.5577302461531439,cvar,optimal,0.00409537943917195,0.000267528592192361,2.67528592192361e-07
2021-07-07,bond_gov,0.475,0.475,0.2999999983539712,0.0119146152474654,0.4491136015830299,cvar,optimal,0.00409537943917195,0.000267528592192361,2.67528592192361e-07
2021-07-07,bond_corp,0.6499999999999999,0.6506406838021552,0.29999999809096506,0.0119146152474654,0.5807726328674617,cvar,optimal,0.00409537943917195,0.000267528592192361,2.67528592192361e-07
2021-07-07,csi_cb,0.625,0.6067563065301261,0.24094315199291866,0.0119146152474654,0.5458365595885691,cvar,optimal,0.00409537943917195,0.000267528592192361,2.67528592192361e-07
2021-07-07,crude_sc,0.125,0.125,1.9619322943497492e-09,0.0119146152474654,0.7898494009644125,cvar,optimal,0.00409537943917195,0.000267528592192361,2.67528592192361e-07
2021-07-07,gold_au,0.5499999999999999,0.588151058839811,0.06865849194684336,0.0119146152474654,0.523150451980917,cvar,optimal,0.00409537943917195,0.000267528592192361,2.67528592192361e-07
2021-07-07,spx,0.6,0.612994298263281,0.0903983505394044,0.0119146152474654,0.6504986258742629,cvar,optimal,0.00409537943917195,0.000267528592192361,2.67528592192361e-07
2021-08-04,sse50,0.575,0.5579462082342647,1.4709910711053887e-09,0.12489845907772859,0.6207394691343923,cvar,optimal,0.0037928986885819283,0.00830841541773843,8.308415417738431e-06
2021-08-04,csi300,0.6749999999999999,0.6500314431878118,8.592720525203437e-10,0.12489845907772859,0.5316595681967794,cvar,optimal,0.0037928986885819283,0.00830841541773843,8.308415417738431e-06
2021-08-04,csi500,0.6499999999999999,0.6516726258434057,7.024190207473011e-10,0.12489845907772859,0.610843248064615,cvar,optimal,0.0037928986885819283,0.00830841541773843,8.308415417738431e-06
2021-08-04,csi1000,0.5249999999999999,0.5732644877809705,5.322826162530764e-10,0.12489845907772859,0.6023194051369148,cvar,optimal,0.0037928986885819283,0.00830841541773843,8.308415417738431e-06
2021-08-04,bond_gov,0.475,0.475,0.2999999994294853,0.12489845907772859,0.43903448494825903,cvar,optimal,0.0037928986885819283,0.00830841541773843,8.308415417738431e-06
2021-08-04,bond_corp,0.7,0.6875157215939058,0.2999999994278847,0.12489845907772859,0.5186373132138701,cvar,optimal,0.0037928986885819283,0.00830841541773843,8.308415417738431e-06
2021-08-04,csi_cb,0.4999999999999999,0.5357802093748764,0.24925156030021492,0.12489845907772859,0.43343975041877714,cvar,optimal,0.0037928986885819283,0.00830841541773843,8.308415417738431e-06
2021-08-04,crude_sc,0.175,0.15794620823426464,6.659940691136605e-09,0.12489845907772859,0.7059553240578087,cvar,optimal,0.0037928986885819283,0.00830841541773843,8.308415417738431e-06
2021-08-04,gold_au,0.6,0.5920852349535473,0.0631710452961317,0.12489845907772859,0.6154361364073974,cvar,optimal,0.0037928986885819283,0.00830841541773843,8.308415417738431e-06
2021-08-04,spx,0.625,0.618757860796953,0.08757738532137796,0.12489845907772859,0.6269535258932756,cvar,optimal,0.0037928986885819283,0.00830841541773843,8.308415417738431e-06
2021-09-01,sse50,0.6,0.586704724402228,8.200998730242939e-09,0.021499660926268743,0.6656742533624989,cvar,optimal,0.0035814781382744196,0.01055439574890874,1.055439574890874e-05
2021-09-01,csi300,0.6499999999999999,0.6491488968481616,3.4769543716165937e-09,0.021499660926268743,0.5841607988747862,cvar,optimal,0.0035814781382744196,0.01055439574890874,1.055439574890874e-05
2021-09-01,csi500,0.4999999999999999,0.5538366258790128,3.1364875067737926e-09,0.021499660926268743,0.5027524967989443,cvar,optimal,0.0035814781382744196,0.01055439574890874,1.055439574890874e-05
2021-09-01,csi1000,0.5499999999999999,0.5579242925266434,2.0287087460696457e-09,0.021499660926268743,0.651739226236903,cvar,optimal,0.0035814781382744196,0.01055439574890874,1.055439574890874e-05
2021-09-01,bond_gov,0.475,0.475,0.2999999982565741,0.021499660926268743,0.4351753019998458,cvar,optimal,0.0035814781382744196,0.01055439574890874,1.055439574890874e-05
2021-09-01,bond_corp,0.575,0.6131836204896391,0.2999999981317736,0.021499660926268743,0.6169555865117852,cvar,optimal,0.0035814781382744196,0.01055439574890874,1.055439574890874e-05
2021-09-01,csi_cb,0.5249999999999999,0.52820883294344,0.25572042348457225,0.021499660926268743,0.47886158365267756,cvar,optimal,0.0035814781382744196,0.01055439574890874,1.055439574890874e-05
2021-09-01,crude_sc,0.325,0.2688056443293854,2.0611001194160067e-08,0.021499660926268743,0.4355406767861291,cvar,optimal,0.0035814781382744196,0.01055439574890874,1.055439574890874e-05
2021-09-01,gold_au,0.6749999999999999,0.6445450923730909,0.05261665201624526,0.021499660926268743,0.5428935533107891,cvar,optimal,0.0035814781382744196,0.01055439574890874,1.055439574890874e-05
2021-09-01,spx,0.625,0.6226422702083984,0.09166289065668426,0.021499660926268743,0.6662141700902171,cvar,optimal,0.0035814781382744196,0.01055439574890874,1.055439574890874e-05
2021-10-08,sse50,0.6,0.5980992456445,0.003959392849444099,0.03751942364094759,0.6590466169458213,cvar,optimal,0.003589927145099323,0.044111063970294594,4.4111063970294595e-05
2021-10-08,csi300,0.6499999999999999,0.6519007543554999,1.8550876067020393e-09,0.03751942364094759,0.5699836760705563,cvar,optimal,0.003589927145099323,0.044111063970294594,4.4111063970294595e-05
2021-10-08,csi500,0.575,0.5656539006153904,1.0821620523779674e-09,0.03751942364094759,0.6369420673408622,cvar,optimal,0.003589927145099323,0.044111063970294594,4.4111063970294595e-05
2021-10-08,csi1000,0.5249999999999999,0.5300161208170363,7.867307105627271e-10,0.03751942364094759,0.6256206734445313,cvar,optimal,0.003589927145099323,0.044111063970294594,4.4111063970294595e-05
2021-10-08,bond_gov,0.475,0.475,0.29999999877120564,0.03751942364094759,0.4181543609822911,cvar,optimal,0.003589927145099323,0.044111063970294594,4.4111063970294595e-05
2021-10-08,bond_corp,0.625,0.6206700214324269,0.29999999882346945,0.03751942364094759,0.6171839734934268,cvar,optimal,0.003589927145099323,0.044111063970294594,4.4111063970294595e-05
2021-10-08,csi_cb,0.4999999999999999,0.5050161208170363,0.216322920844598,0.03751942364094759,0.428097360042513,cvar,optimal,0.003589927145099323,0.044111063970294594,4.4111063970294595e-05
2021-10-08,crude_sc,0.175,0.2050967249022186,0.0019490307276583058,0.03751942364094759,0.7263387413345699,cvar,optimal,0.003589927145099323,0.044111063970294594,4.4111063970294595e-05
2021-10-08,gold_au,0.6749999999999999,0.6692977369335,0.09081932001510992,0.03751942364094759,0.5302047178689755,cvar,optimal,0.003589927145099323,0.044111063970294594,4.4111063970294595e-05
2021-10-08,spx,0.7,0.6792493744823908,0.08694933424453413,0.03751942364094759,0.56235870378461,cvar,optimal,0.003589927145099323,0.044111063970294594,4.4111063970294595e-05
2021-11-05,sse50,0.4625,0.5073475853641655,0.002694967011889553,0.16050564193460337,0.5391687847864111,cvar,optimal,0.0035344859597719247,0.006768606500920035,6.7686065009200355e-06
2021-11-05,csi300,0.6375000000000001,0.6415770532149241,2.028300230096674e-10,0.16050564193460337,0.6305604641406688,cvar,optimal,0.0035344859597719247,0.006768606500920035,6.7686065009200355e-06
2021-11-05,csi500,0.5125000000000001,0.5275731467565383,7.138563478984442e-11,0.16050564193460337,0.6126492055036966,cvar,optimal,0.0035344859597719247,0.006768606500920035,6.7686065009200355e-06
2021-11-05,csi1000,0.4875,0.5015018660841332,5.529996786223488e-11,0.16050564193460337,0.6654597774848248,cvar,optimal,0.0035344859597719247,0.006768606500920035,6.7686065009200355e-06
2021-11-05,bond_gov,0.4375,0.44973115964477245,0.2999999999275691,0.16050564193460337,0.5242165931746393,cvar,optimal,0.0035344859597719247,0.006768606500920035,6.7686065009200355e-06
2021-11-05,bond_corp,0.5875,0.5961897467660509,0.29999999989139525,0.16050564193460337,0.6665101512120224,cvar,optimal,0.0035344859597719247,0.006768606500920035,6.7686065009200355e-06
2021-11-05,csi_cb,0.5625,0.5438854403647401,0.21085644996219774,0.16050564193460337,0.5754927180970071,cvar,optimal,0.0035344859597719247,0.006768606500920035,6.7686065009200355e-06
2021-11-05,crude_sc,0.5375000000000001,0.4298896954033648,0.0030122302753558,0.16050564193460337,0.8,cvar,optimal,0.0035344859597719247,0.006768606500920035,6.7686065009200355e-06
2021-11-05,gold_au,0.6625000000000001,0.6665770532149242,0.09078161362860945,0.16050564193460337,0.6023822900227089,cvar,optimal,0.0035344859597719247,0.006768606500920035,6.7686065009200355e-06
2021-11-05,spx,0.6125,0.6357272531863866,0.09265473897346743,0.16050564193460337,0.7249126509896748,cvar,optimal,0.0035344859597719247,0.006768606500920035,6.7686065009200355e-06
2021-12-03,sse50,0.5499999999999999,0.5329381578028196,0.006773299247762115,0.16785102592765458,0.5730554560273502,cvar,optimal,0.0034020646109349057,0.012258930036268219,1.2258930036268219e-05
2021-12-03,csi300,0.6499999999999999,0.6468889568885166,3.591996029925129e-10,0.16785102592765458,0.6297478522564103,cvar,optimal,0.0034020646109349057,0.012258930036268219,1.2258930036268219e-05
2021-12-03,csi500,0.575,0.5594447844425829,1.657716507872855e-10,0.16785102592765458,0.639920341235614,cvar,optimal,0.0034020646109349057,0.012258930036268219,1.2258930036268219e-05
2021-12-03,csi1000,0.5249999999999999,0.5156668706655497,1.6161306004369533e-10,0.16785102592765458,0.6211579197124424,cvar,optimal,0.0034020646109349057,0.012258930036268219,1.2258930036268219e-05
2021-12-03,bond_gov,0.475,0.4656668706655498,0.29999999968010876,0.16785102592765458,0.4517261814185539,cvar,optimal,0.0034020646109349057,0.012258930036268219,1.2258930036268219e-05
2021-12-03,bond_corp,0.6,0.5992466866801184,0.2999999996396273,0.16785102592765458,0.7105161024819873,cvar,optimal,0.0034020646109349057,0.012258930036268219,1.2258930036268219e-05
2021-12-03,csi_cb,0.4999999999999999,0.5155552155574169,0.2072969416452697,0.16785102592765458,0.42298240775139406,cvar,optimal,0.0034020646109349057,0.012258930036268219,1.2258930036268219e-05
2021-12-03,crude_sc,0.3,0.34732117016017605,0.0067454892035333286,0.16785102592765458,0.5477647774339165,cvar,optimal,0.0034020646109349057,0.012258930036268219,1.2258930036268219e-05
2021-12-03,gold_au,0.625,0.6390485889176536,0.08208219240849765,0.16785102592765458,0.6445212095270321,cvar,optimal,0.0034020646109349057,0.012258930036268219,1.2258930036268219e-05
2021-12-03,spx,0.7,0.6782226982196161,0.09710207748861699,0.16785102592765458,0.646449166155521,cvar,optimal,0.0034020646109349057,0.012258930036268219,1.2258930036268219e-05
2021-12-31,sse50,0.5375000000000001,0.5335378537366783,0.0008565454977762287,0.22393326234180205,0.6328243777458716,cvar,optimal,0.003406334385707558,0.008590355818872939,8.590355818872939e-06
2021-12-31,csi300,0.6125,0.6241908591260519,3.480011790765737e-09,0.22393326234180205,0.6452330404097675,cvar,optimal,0.003406334385707558,0.008590355818872939,8.590355818872939e-06
2021-12-31,csi500,0.5625,0.56089558352828,1.7865292244427778e-09,0.22393326234180205,0.7016173094745503,cvar,optimal,0.003406334385707558,0.008590355818872939,8.590355818872939e-06
2021-12-31,csi1000,0.5125000000000001,0.5132533133198817,1.6620946871458933e-09,0.22393326234180205,0.6770629384673698,cvar,optimal,0.003406334385707558,0.008590355818872939,8.590355818872939e-06
2021-12-31,bond_gov,0.4375,0.4468331293344502,0.29999999548744677,0.22393326234180205,0.5338898726299782,cvar,optimal,0.003406334385707558,0.008590355818872939,8.590355818872939e-06
2021-12-31,bond_corp,0.4875,0.5249303071697575,0.29999999491961826,0.22393326234180205,0.559145506046102,cvar,optimal,0.003406334385707558,0.008590355818872939,8.590355818872939e-06
2021-12-31,csi_cb,0.4625,0.4812640485008571,0.20697776419049937,0.22393326234180205,0.4871015162284563,cvar,optimal,0.003406334385707558,0.008590355818872939,8.590355818872939e-06
2021-12-31,crude_sc,0.5875,0.5112305488526783,0.0077320236066383465,0.22393326234180205,0.6472877964022052,cvar,optimal,0.003406334385707558,0.008590355818872939,8.590355818872939e-06
2021-12-31,gold_au,0.6375000000000001,0.6367466866801184,0.08968600758221412,0.22393326234180205,0.6045995809597923,cvar,optimal,0.003406334385707558,0.008590355818872939,8.590355818872939e-06
2021-12-31,spx,0.6625000000000001,0.6671176697512469,0.09474766178717126,0.22393326234180205,0.6955961039328263,cvar,optimal,0.003406334385707558,0.008590355818872939,8.590355818872939e-06
2022-02-07,sse50,0.575,0.5658094958071944,1.6771725263125939e-09,0.21979515478177813,0.6417777184291108,cvar,optimal,0.003427201117726237,0.007865601665942143,7.865601665942144e-06
2022-02-07,csi300,0.625,0.6244077997903985,1.1325773638020683e-09,0.21979515478177813,0.63258163362664,cvar,optimal,0.003427201117726237,0.007865601665942143,7.865601665942144e-06
2022-02-07,csi500,0.5249999999999999,0.5360439800838058,8.828493022898639e-10,0.21979515478177813,0.5657938761645611,cvar,optimal,0.003427201117726237,0.007865601665942143,7.865601665942144e-06
2022-02-07,csi1000,0.6749999999999999,0.6320853553461754,8.417090197189245e-10,0.21979515478177813,0.6442517878733326,cvar,optimal,0.003427201117726237,0.007865601665942143,7.865601665942144e-06
2022-02-07,bond_gov,0.475,0.4676629716981947,0.29999999919139714,0.21979515478177813,0.4396737776056107,cvar,optimal,0.003427201117726237,0.007865601665942143,7.865601665942144e-06
2022-02-07,bond_corp,0.5499999999999999,0.5414785712789918,0.29999999917589437,0.21979515478177813,0.5721945334589835,cvar,optimal,0.003427201117726237,0.007865601665942143,7.865601665942144e-06
2022-02-07,csi_cb,0.4999999999999999,0.4926629716981946,0.1999687104166609,0.21979515478177813,0.4354226780864468,cvar,optimal,0.003427201117726237,0.007865601665942143,7.865601665942144e-06
2022-02-07,crude_sc,0.225,0.3014850345904517,0.00955843818855609,0.21979515478177813,0.6628592178443249,cvar,optimal,0.003427201117726237,0.007865601665942143,7.865601665942144e-06
2022-02-07,gold_au,0.6499999999999999,0.6457008480083979,0.09469927204704665,0.21979515478177813,0.5708517213668084,cvar,optimal,0.003427201117726237,0.007865601665942143,7.865601665942144e-06
2022-02-07,spx,0.7,0.6926629716981948,0.0957735764461366,0.21979515478177813,0.6241484966787005,cvar,optimal,0.003427201117726237,0.007865601665942143,7.865601665942144e-06
2022-03-07,sse50,0.5249999999999999,0.5386549396895376,1.6440606742224348e-06,0.0007674636190726856,0.5424836551671925,cvar,optimal,0.0034848590351685186,0.02051901322915245,2.051901322915245e-05
2022-03-07,csi300,0.625,0.6241427368677369,1.5006748080169523e-08,0.0007674636190726856,0.626577668993306,cvar,optimal,0.0034848590351685186,0.02051901322915245,2.051901322915245e-05
2022-03-07,csi500,0.575,0.5613450603104624,5.750414253602556e-09,0.0007674636190726856,0.6575477405789957,cvar,optimal,0.0034848590351685186,0.02051901322915245,2.051901322915245e-05
2022-03-07,csi1000,0.7,0.6807422147374161,5.528889948994917e-09,0.0007674636190726856,0.5771604061383329,cvar,optimal,0.0034848590351685186,0.02051901322915245,2.051901322915245e-05
2022-03-07,bond_gov,0.475,0.4724282106032107,0.29999999354707274,0.0007674636190726856,0.4198617124198521,cvar,optimal,0.0034848590351685186,0.02051901322915245,2.051901322915245e-05
2022-03-07,bond_corp,0.6,0.5794869552523575,0.2999999930431546,0.0007674636190726856,0.6271592703368846,cvar,optimal,0.0034848590351685186,0.02051901322915245,2.051901322915245e-05
2022-03-07,csi_cb,0.4999999999999999,0.49742821060321063,0.17944970896457266,0.0007674636190726856,0.4679962459680149,cvar,optimal,0.0034848590351685186,0.02051901322915245,2.051901322915245e-05
2022-03-07,crude_sc,0.175,0.2160873599219569,0.015602637891998746,0.0007674636190726856,0.7474091840284676,cvar,optimal,0.0034848590351685186,0.02051901322915245,2.051901322915245e-05
2022-03-07,gold_au,0.6499999999999999,0.6491427368677368,0.10453777341730723,0.0007674636190726856,0.5481246526865581,cvar,optimal,0.0034848590351685186,0.02051901322915245,2.051901322915245e-05
2022-03-07,spx,0.6749999999999999,0.680541575146374,0.10040822278916757,0.0007674636190726856,0.6210875651906945,cvar,optimal,0.0034848590351685186,0.02051901322915245,2.051901322915245e-05
2022-04-06,sse50,0.4125,0.4538741966435651,1.5712939811731245e-09,0.28815657277644074,0.6691315895375168,cvar,optimal,0.0033454586702002026,0.03343735000241434,3.343735000241434e-05
2022-04-06,csi300,0.5625,0.582983901503783,8.653325074934376e-10,0.28815657277644074,0.4013556144000001,cvar,optimal,0.0033454586702002026,0.03343735000241434,3.343735000241434e-05
2022-04-06,csi500,0.8124999999999999,0.7301580003488687,5.690835498796289e-10,0.28815657277644074,0.5198708905768575,cvar,optimal,0.0033454586702002026,0.03343735000241434,3.343735000241434e-05
2022-04-06,csi1000,0.8875,0.823796708520273,4.701185989135973e-10,0.28815657277644074,0.6851211998740647,cvar,optimal,0.0033454586702002026,0.03343735000241434,3.343735000241434e-05
2022-04-06,bond_gov,0.3625,0.3993710227068094,0.2999999995104096,0.28815657277644074,0.5547949654650212,cvar,optimal,0.0033454586702002026,0.03343735000241434,3.343735000241434e-05
2022-04-06,bond_corp,0.4625,0.503061409371567,0.29999999951531686,0.28815657277644074,0.6537510387406146,cvar,optimal,0.0033454586702002026,0.03343735000241434,3.343735000241434e-05
2022-04-06,csi_cb,0.6500000000000001,0.6008386363909208,0.1553366320090756,0.28815657277644074,0.37799090626443954,cvar,optimal,0.0033454586702002026,0.03343735000241434,3.343735000241434e-05
2022-04-06,crude_sc,0.225,0.21311605273372922,0.006280031715979387,0.28815657277644074,0.6410421057312231,cvar,optimal,0.0033454586702002026,0.03343735000241434,3.343735000241434e-05
2022-04-06,gold_au,0.5375000000000001,0.5743710227068095,0.11680770197250474,0.28815657277644074,0.45125691749901675,cvar,optimal,0.0033454586702002026,0.03343735000241434,3.343735000241434e-05
2022-04-06,spx,0.5875,0.618429049073674,0.12157563180088532,0.28815657277644074,0.4716365322606453,cvar,optimal,0.0033454586702002026,0.03343735000241434,3.343735000241434e-05
2022-05-09,sse50,0.5125000000000001,0.49122152095165805,1.17840753966239e-09,0.8153369154260496,0.6467224452758552,cvar,optimal,0.0035274973211618845,0.002870702079769141,2.870702079769141e-06
2022-05-09,csi300,0.6125,0.602352693447999,6.05813367167808e-10,0.8153369154260496,0.5013519040025933,cvar,optimal,0.0035274973211618845,0.002870702079769141,2.870702079769141e-06
2022-05-09,csi500,0.5625,0.6191397284260447,2.8136721850675805e-10,0.8153369154260496,0.7032901297304922,cvar,optimal,0.0035274973211618845,0.002870702079769141,2.870702079769141e-06
2022-05-09,csi1000,0.975,0.9338753973559237,2.0948034884914516e-10,0.8153369154260496,0.7922493503721799,cvar,optimal,0.0035274973211618845,0.002870702079769141,2.870702079769141e-06
2022-05-09,bond_gov,0.4375,0.4237548390885085,0.29999999969593166,0.8153369154260496,0.46163952560021737,cvar,optimal,0.0035274973211618845,0.002870702079769141,2.870702079769141e-06
2022-05-09,bond_corp,0.4875,0.4907892072508893,0.299999999701499,0.8153369154260496,0.5417765864734548,cvar,optimal,0.0035274973211618845,0.002870702079769141,2.870702079769141e-06
2022-05-09,csi_cb,0.4625,0.5071934946942985,0.15662046333435528,0.8153369154260496,0.5124347227347305,cvar,optimal,0.0035274973211618845,0.002870702079769141,2.870702079769141e-06
2022-05-09,crude_sc,0.2,0.20359785435949052,0.007866902098764584,0.8153369154260496,0.6626784895543034,cvar,optimal,0.0035274973211618845,0.002870702079769141,2.870702079769141e-06
2022-05-09,gold_au,0.5875,0.581288157225359,0.1145495795888346,0.8153369154260496,0.5529629119431602,cvar,optimal,0.0035274973211618845,0.002870702079769141,2.870702079769141e-06
2022-05-09,spx,0.6625000000000001,0.6467871071998286,0.12096305330554638,0.8153369154260496,0.5229333741074489,cvar,optimal,0.0035274973211618845,0.002870702079769141,2.870702079769141e-06
2022-06-07,sse50,0.6,0.5636496709131805,4.8625184090044795e-09,0.1670496592714367,0.681378895142781,cvar,optimal,0.003777151508054887,0.018800367923318073,1.8800367923318073e-05
2022-06-07,csi300,0.6749999999999999,0.6507211060334276,3.2106350400079358e-09,0.1670496592714367,0.4923005416554155,cvar,optimal,0.003777151508054887,0.018800367923318073,1.8800367923318073e-05
2022-06-07,csi500,0.575,0.590596493164709,1.6451850365671814e-09,0.1670496592714367,0.6451057347371323,cvar,optimal,0.003777151508054887,0.018800367923318073,1.8800367923318073e-05
2022-06-07,csi1000,0.625,0.7320533064259841,1.3160117823771483e-09,0.1670496592714367,0.6786164744873389,cvar,optimal,0.003777151508054887,0.018800367923318073,1.8800367923318073e-05
2022-06-07,bond_gov,0.475,0.45689284731962937,0.29999999773829333,0.1670496592714367,0.4271638035469811,cvar,optimal,0.003777151508054887,0.018800367923318073,1.8800367923318073e-05
2022-06-07,bond_corp,0.5499999999999999,0.527687670644776,0.299999997770112,0.1670496592714367,0.5471967709619613,cvar,optimal,0.003777151508054887,0.018800367923318073,1.8800367923318073e-05
2022-06-07,csi_cb,0.4999999999999999,0.5025417757387876,0.14982471973170713,0.1670496592714367,0.4922661510280779,cvar,optimal,0.003777151508054887,0.018800367923318073,1.8800367923318073e-05
2022-06-07,crude_sc,0.15,0.16824317640644892,0.003331114648758507,0.1670496592714367,0.7791847114513774,cvar,optimal,0.003777151508054887,0.018800367923318073,1.8800367923318073e-05
2022-06-07,gold_au,0.6499999999999999,0.6257211060334276,0.13334993875287088,0.1670496592714367,0.5328991901625281,cvar,optimal,0.003777151508054887,0.018800367923318073,1.8800367923318073e-05
2022-06-07,spx,0.7,0.6818928473196295,0.11349422032390785,0.1670496592714367,0.5377080964786405,cvar,optimal,0.003777151508054887,0.018800367923318073,1.8800367923318073e-05
2022-07-05,sse50,0.5249999999999999,0.5425840392692307,4.556136559492666e-09,0.11721207422556994,0.5396810032683793,cvar,optimal,0.003729345556394779,0.02293411756367565,2.2934117563675653e-05
2022-07-05,csi300,0.6499999999999999,0.6528150041833161,2.5625577716832977e-09,0.11721207422556994,0.5573703717467616,cvar,optimal,0.003729345556394779,0.02293411756367565,2.2934117563675653e-05
2022-07-05,csi500,0.575,0.5738576216600897,1.2774633928064175e-09,0.11721207422556994,0.6323824790393183,cvar,optimal,0.003729345556394779,0.02293411756367565,2.2934117563675653e-05
2022-07-05,csi1000,0.625,0.656986593517489,1.0065861688780553e-09,0.11721207422556994,0.6451334332910971,cvar,optimal,0.003729345556394779,0.02293411756367565,2.2934117563675653e-05
2022-07-05,bond_gov,0.475,0.47157286498026907,0.2999999981443992,0.11721207422556994,0.41540123666180795,cvar,optimal,0.003729345556394779,0.02293411756367565,2.2934117563675653e-05
2022-07-05,bond_corp,0.6,0.5772343165347131,0.29999999816952394,0.11721207422556994,0.6174670244364495,cvar,optimal,0.003729345556394779,0.02293411756367565,2.2934117563675653e-05
2022-07-05,csi_cb,0.5499999999999999,0.5295190732145336,0.16804090198348914,0.11721207422556994,0.5498138461966132,cvar,optimal,0.003729345556394779,0.02293411756367565,2.2934117563675653e-05
2022-07-05,crude_sc,0.125,0.13809640924250896,0.0003223410138673596,0.11721207422556994,0.8,cvar,optimal,0.003729345556394779,0.02293411756367565,2.2934117563675653e-05
2022-07-05,gold_au,0.6749999999999999,0.6607612124175807,0.13806787325924672,0.11721207422556994,0.500614251759061,cvar,optimal,0.003729345556394779,0.02293411756367565,2.2934117563675653e-05
2022-07-05,spx,0.7,0.696572864980269,0.09356887802672974,0.11721207422556994,0.5329443182246232,cvar,optimal,0.003729345556394779,0.02293411756367565,2.2934117563675653e-05
2022-08-02,sse50,0.7124999999999999,0.6552245692655412,4.5648833130132665e-09,0.3946610342794074,0.49844735469595775,cvar,optimal,0.0037837516807701058,0.016470226253604486,1.6470226253604485e-05
2022-08-02,csi300,0.7875,0.7426687417114748,2.8866260982347982e-09,0.3946610342794074,0.6645825737351009,cvar,optimal,0.0037837516807701058,0.016470226253604486,1.6470226253604485e-05
2022-08-02,csi500,0.6875,0.6488908279344416,1.6140269963178416e-09,0.3946610342794074,0.464459530500231,cvar,optimal,0.0037837516807701058,0.016470226253604486,1.6470226253604485e-05
2022-08-02,csi1000,0.3624999999999999,0.4525880681529695,1.16928568364295e-09,0.3946610342794074,0.7301407373903264,cvar,optimal,0.0037837516807701058,0.016470226253604486,1.6470226253604485e-05
2022-08-02,bond_gov,0.2875,0.35184862010926393,0.2999999977321572,0.3946610342794074,0.6815216186068924,cvar,optimal,0.0037837516807701058,0.016470226253604486,1.6470226253604485e-05
2022-08-02,bond_corp,0.4624999999999999,0.5049735284969235,0.29999999781590325,0.3946610342794074,0.45283072037561656,cvar,optimal,0.0037837516807701058,0.016470226253604486,1.6470226253604485e-05
2022-08-02,csi_cb,0.3874999999999999,0.4385533445114919,0.1535788149665485,0.3946610342794074,0.6715480912701928,cvar,optimal,0.0037837516807701058,0.016470226253604486,1.6470226253604485e-05
2022-08-02,crude_sc,0.8125,0.5789127893909671,0.00032394094804192957,0.3946610342794074,0.63945396181806,cvar,optimal,0.0037837516807701058,0.016470226253604486,1.6470226253604485e-05
2022-08-02,gold_au,0.4874999999999999,0.5494908903176622,0.13605973478844552,0.3946610342794074,0.37052453152467235,cvar,optimal,0.0037837516807701058,0.016470226253604486,1.6470226253604485e-05
2022-08-02,spx,0.5125,0.576848620109264,0.11003750351408138,0.3946610342794074,0.39026902430035243,cvar,optimal,0.0037837516807701058,0.016470226253604486,1.6470226253604485e-05
2022-08-30,sse50,0.375,0.47314454275966217,2.654505144177667e-10,0.29189121178026195,0.6355241778312336,cvar,optimal,0.0036581464594925917,0.019352767629755706,1.9352767629755707e-05
2022-08-30,csi300,0.6,0.6513811062554544,1.4183429166625458e-10,0.29189121178026195,0.6763120670947839,cvar,optimal,0.0036581464594925917,0.019352767629755706,1.9352767629755707e-05
2022-08-30,csi500,0.475,0.5373186520616248,6.200917421656864e-11,0.29189121178026195,0.6269430934664162,cvar,optimal,0.0036581464594925917,0.019352767629755706,1.9352767629755707e-05
2022-08-30,csi1000,0.25,0.31336533487737644,4.751206723994215e-11,0.29189121178026195,0.48822515248075704,cvar,optimal,0.0036581464594925917,0.019352767629755706,1.9352767629755707e-05
2022-08-30,bond_gov,0.2375,0.27234260546614997,0.29999999989857773,0.29189121178026195,0.7077358196923897,cvar,optimal,0.0036581464594925917,0.019352767629755706,1.9352767629755707e-05
2022-08-30,bond_corp,0.3125,0.3769464099412206,0.29999999990114296,0.29189121178026195,0.5617345276593295,cvar,optimal,0.0036581464594925917,0.019352767629755706,1.9352767629755707e-05
2022-08-30,csi_cb,0.5499999999999999,0.5095564395507157,0.16480349111101347,0.29189121178026195,0.3548218230175776,cvar,optimal,0.0036581464594925917,0.019352767629755706,1.9352767629755707e-05
2022-08-30,crude_sc,1.0,0.8708138106216886,5.020935008429923e-10,0.29189121178026195,0.8,cvar,optimal,0.0036581464594925917,0.019352767629755706,1.9352767629755707e-05
2022-08-30,gold_au,0.875,0.7596958252112007,0.1441878220220761,0.29189121178026195,0.711597042110719,cvar,optimal,0.0036581464594925917,0.019352767629755706,1.9352767629755707e-05
2022-08-30,spx,0.8250000000000001,0.7354352732549064,0.09100868604829027,0.29189121178026195,0.7660686866132669,cvar,optimal,0.0036581464594925917,0.019352767629755706,1.9352767629755707e-05
2022-09-28,sse50,0.175,0.27319349685070055,7.265232995664188e-10,0.5546036984975428,0.6202293576709109,cvar,optimal,0.003699880771915658,0.004740537952795762,4.740537952795762e-06
2022-09-28,csi300,0.425,0.5009817757785445,2.677622886904748e-10,0.5546036984975428,0.3910894317154722,cvar,optimal,0.003699880771915658,0.004740537952795762,4.740537952795762e-06
2022-09-28,csi500,0.375,0.4281293709042331,1.167664908695044e-10,0.5546036984975428,0.6553137383201159,cvar,optimal,0.003699880771915658,0.004740537952795762,4.740537952795762e-06
2022-09-28,csi1000,0.325,0.31021284008345434,8.993848240148726e-11,0.5546036984975428,0.5168550278940713,cvar,optimal,0.003699880771915658,0.004740537952795762,4.740537952795762e-06
2022-09-28,bond_gov,0.5125000000000001,0.42486725595716035,0.2999999998488886,0.5546036984975428,0.3720343042678166,cvar,optimal,0.003699880771915658,0.004740537952795762,4.740537952795762e-06
2022-09-28,bond_corp,0.6125,0.5256990919071921,0.29999999985286296,0.5546036984975428,0.49295439715435946,cvar,optimal,0.003699880771915658,0.004740537952795762,4.740537952795762e-06
2022-09-28,csi_cb,0.7250000000000001,0.6513225799236743,0.16888643327369218,0.5546036984975428,0.3580190828446214,cvar,optimal,0.003699880771915658,0.004740537952795762,4.740537952795762e-06
2022-09-28,crude_sc,1.0,0.9827173322333591,8.678345079490255e-10,0.5546036984975428,0.8,cvar,optimal,0.003699880771915658,0.004740537952795762,4.740537952795762e-06
2022-09-28,gold_au,0.7500000000000001,0.756210420909826,0.13944728416724944,0.5546036984975428,0.6283863905944672,cvar,optimal,0.003699880771915658,0.004740537952795762,4.740537952795762e-06
2022-09-28,spx,0.6,0.6466658354518557,0.09166628078848175,0.5546036984975428,0.55789619145397,cvar,optimal,0.003699880771915658,0.004740537952795762,4.740537952795762e-06
2022-11-02,sse50,0.775,0.6171838101601282,1.9845130267872904e-08,0.022311217362998806,0.4502807698541909,cvar,optimal,0.0036028862642461103,0.0020195163277415117,2.0195163277415116e-06
2022-11-02,csi300,0.9,0.7763520062690863,4.363057988260561e-09,0.022311217362998806,0.5503354307754856,cvar,optimal,0.0036028862642461103,0.0020195163277415117,2.0195163277415116e-06
2022-11-02,csi500,0.5999999999999999,0.5427536636485252,1.3808228454616259e-09,0.022311217362998806,0.505200887863473,cvar,optimal,0.0036028862642461103,0.0020195163277415117,2.0195163277415116e-06
2022-11-02,csi1000,0.7750000000000001,0.6392252440738021,1.100046149897224e-09,0.022311217362998806,0.6492812119972415,cvar,optimal,0.0036028862642461103,0.0020195163277415117,2.0195163277415116e-06
2022-11-02,bond_gov,0.1,0.19785758890328775,0.29999999794936644,0.022311217362998806,0.7937578958118032,cvar,optimal,0.0036028862642461103,0.0020195163277415117,2.0195163277415116e-06
2022-11-02,bond_corp,0.35,0.4025993369278884,0.29999999801084287,0.022311217362998806,0.5571042582184893,cvar,optimal,0.0036028862642461103,0.0020195163277415117,2.0195163277415116e-06
2022-11-02,csi_cb,0.35,0.44476564897296567,0.1687391510409101,0.022311217362998806,0.591785597802015,cvar,optimal,0.0036028862642461103,0.0020195163277415117,2.0195163277415116e-06
2022-11-02,crude_sc,0.6749999999999999,0.7688676204633315,5.219643232387662e-09,0.022311217362998806,0.600453395175488,cvar,optimal,0.0036028862642461103,0.0020195163277415117,2.0195163277415116e-06
2022-11-02,gold_au,0.35,0.4752030532241781,0.14146677065511554,0.022311217362998806,0.4189749419997214,cvar,optimal,0.0036028862642461103,0.0020195163277415117,2.0195163277415116e-06
2022-11-02,spx,0.625,0.6351920273568071,0.08979405043506455,0.022311217362998806,0.4812075006220306,cvar,optimal,0.0036028862642461103,0.0020195163277415117,2.0195163277415116e-06
2022-11-30,sse50,0.25,0.37770879223664205,3.5473817749968376e-09,0.6097811181727246,0.6582710297079338,cvar,optimal,0.0036019316387911446,0.0011977623884314858,1.1977623884314857e-06
2022-11-30,csi300,0.3874999999999999,0.5205301235509328,1.1665172370664306e-09,0.6097811181727246,0.5732076113673219,cvar,optimal,0.0036019316387911446,0.0011977623884314858,1.1977623884314857e-06
2022-11-30,csi500,0.3374999999999999,0.4070189881737541,4.3739939284569226e-10,0.6097811181727246,0.7127755007924254,cvar,optimal,0.0036019316387911446,0.0011977623884314858,1.1977623884314857e-06
2022-11-30,csi1000,0.6749999999999999,0.6739696912255169,3.625257319807172e-10,0.6097811181727246,0.5958007613479194,cvar,optimal,0.0036019316387911446,0.0011977623884314858,1.1977623884314857e-06
2022-11-30,bond_gov,0.5499999999999999,0.4328476602933618,0.2999999991925174,0.6097811181727246,0.416586182657874,cvar,optimal,0.0036019316387911446,0.0011977623884314858,1.1977623884314857e-06
2022-11-30,bond_corp,0.8250000000000001,0.6882791652929667,0.2999999992084736,0.6097811181727246,0.5073074040178819,cvar,optimal,0.0036019316387911446,0.0011977623884314858,1.1977623884314857e-06
2022-11-30,csi_cb,0.125,0.2274767582829259,0.1684595043434193,0.6097811181727246,0.7531057729777703,cvar,optimal,0.0036019316387911446,0.0011977623884314858,1.1977623884314857e-06
2022-11-30,crude_sc,1.0,0.9174355240096678,4.6282699144005595e-09,0.6097811181727246,0.8,cvar,optimal,0.0036019316387911446,0.0011977623884314858,1.1977623884314857e-06
2022-11-30,gold_au,0.7750000000000001,0.6651428725069853,0.1426645306027653,0.6097811181727246,0.6320864212587213,cvar,optimal,0.0036019316387911446,0.0011977623884314858,1.1977623884314857e-06
2022-11-30,spx,0.575,0.5895904244272467,0.08887595651073027,0.6097811181727246,0.5700863149059809,cvar,optimal,0.0036019316387911446,0.0011977623884314858,1.1977623884314857e-06
2022-12-28,sse50,0.4,0.398033429536225,3.368165244224276e-09,0.3561959647331762,0.7019959877083024,cvar,optimal,0.0036427628295442574,0.0011978169563836949,1.197816956383695e-06
2022-12-28,csi300,0.35,0.41120318474968803,1.3861749914848557e-09,0.3561959647331762,0.5698141106951692,cvar,optimal,0.0036427628295442574,0.0011978169563836949,1.197816956383695e-06
2022-12-28,csi500,0.1875,0.2637350588992292,5.036371853545041e-10,0.3561959647331762,0.6847019263709977,cvar,optimal,0.0036427628295442574,0.0011978169563836949,1.197816956383695e-06
2022-12-28,csi1000,0.3125,0.44633825137765054,4.093871176299637e-10,0.3561959647331762,0.4039795015272033,cvar,optimal,0.0036427628295442574,0.0011978169563836949,1.197816956383695e-06
2022-12-28,bond_gov,0.5875,0.5321911397293162,0.29999999918699716,0.3561959647331762,0.3679767862670297,cvar,optimal,0.0036427628295442574,0.0011978169563836949,1.197816956383695e-06
2022-12-28,bond_corp,0.7375,0.7227324900105572,0.29999999919847664,0.3561959647331762,0.6502169089873866,cvar,optimal,0.0036427628295442574,0.0011978169563836949,1.197816956383695e-06
2022-12-28,csi_cb,0.425,0.3432617759495931,0.1687392094798872,0.3561959647331762,0.5562581193229096,cvar,optimal,0.0036427628295442574,0.0011978169563836949,1.197816956383695e-06
2022-12-28,crude_sc,1.0,0.9693495127091776,5.8661208116912135e-09,0.3561959647331762,0.8,cvar,optimal,0.0036427628295442574,0.0011978169563836949,1.197816956383695e-06
2022-12-28,gold_au,0.9,0.8170195134699282,0.14146671384111534,0.3561959647331762,0.748276693037912,cvar,optimal,0.0036427628295442574,0.0011978169563836949,1.197816956383695e-06
2022-12-28,spx,0.6,0.5961356435686349,0.08979406676003826,0.3561959647331762,0.7323490939696112,cvar,optimal,0.0036427628295442574,0.0011978169563836949,1.197816956383695e-06
2023-02-02,sse50,0.2875,0.30771960510959695,1.3274415934149765e-09,0.34545117314343776,0.6627840956408648,cvar,optimal,0.003642762801738651,1.7652647740430783e-08,1.7652647740430784e-11
2023-02-02,csi300,0.3125,0.32606056445880494,5.74753369695504e-10,0.34545117314343776,0.5717038414158196,cvar,optimal,0.003642762801738651,1.7652647740430783e-08,1.7652647740430784e-11
2023-02-02,csi500,0.375,0.3335055769061696,2.1379808359824482e-10,0.34545117314343776,0.6742339465169928,cvar,optimal,0.003642762801738651,1.7652647740430783e-08,1.7652647740430784e-11
2023-02-02,csi1000,0.25,0.29598618449818115,1.7458018736255574e-10,0.34545117314343776,0.4926938955962412,cvar,optimal,0.003642762801738651,1.7652647740430783e-08,1.7652647740430784e-11
2023-02-02,bond_gov,0.6250000000000001,0.6114394355411951,0.29999999967499896,0.34545117314343776,0.3542309272161312,cvar,optimal,0.003642762801738651,1.7652647740430783e-08,1.7652647740430784e-11
2023-02-02,bond_corp,0.7500000000000001,0.7532748930915673,0.2999999996788442,0.34545117314343776,0.5854255443512397,cvar,optimal,0.003642762801738651,1.7652647740430783e-08,1.7652647740430784e-11
2023-02-02,csi_cb,0.4999999999999999,0.4553399382822603,0.16873919793675274,0.34545117314343776,0.4636142605887635,cvar,optimal,0.003642762801738651,1.7652647740430783e-08,1.7652647740430784e-11
2023-02-02,crude_sc,1.0,1.0,3.133398830076226e-09,0.34545117314343776,0.8,cvar,optimal,0.003642762801738651,1.7652647740430783e-08,1.7652647740430784e-11
2023-02-02,gold_au,0.8250000000000001,0.8365309664286059,0.1414667191786905,0.34545117314343776,0.7172256737844258,cvar,optimal,0.003642762801738651,1.7652647740430783e-08,1.7652647740430784e-11
2023-02-02,spx,0.575,0.5801428356836189,0.08979407810674146,0.34545117314343776,0.5713669726539069,cvar,optimal,0.003642762801738651,1.7652647740430783e-08,1.7652647740430784e-11
2023-03-02,sse50,0.175,0.22011097627974527,4.754227822097357e-09,0.004269726109857309,0.7052432319674149,cvar,optimal,0.0035135921074084973,0.0340542323321978,3.40542323321978e-05
2023-03-02,csi300,0.3999999999999999,0.3740565997078556,3.2937422173187828e-09,0.004269726109857309,0.5283366320653422,cvar,optimal,0.0035135921074084973,0.0340542323321978,3.40542323321978e-05
2023-03-02,csi500,0.4125,0.3864915103962292,1.8284495068205102e-09,0.004269726109857309,0.6626907958516882,cvar,optimal,0.0035135921074084973,0.0340542323321978,3.40542323321978e-05
2023-03-02,csi1000,0.5625,0.46462047633256903,1.682626559467657e-09,0.004269726109857309,0.49920706830513106,cvar,optimal,0.0035135921074084973,0.0340542323321978,3.40542323321978e-05
2023-03-02,bond_gov,0.5499999999999999,0.5718453610536051,0.2999999968685565,0.004269726109857309,0.3583754654618424,cvar,optimal,0.0035135921074084973,0.0340542323321978,3.40542323321978e-05
2023-03-02,bond_corp,0.6499999999999999,0.681870022449104,0.2999999969240864,0.004269726109857309,0.5619311844525464,cvar,optimal,0.0035135921074084973,0.0340542323321978,3.40542323321978e-05
2023-03-02,csi_cb,0.575,0.5449260158135031,0.20279330816810445,0.004269726109857309,0.3910984690990538,cvar,optimal,0.0035135921074084973,0.0340542323321978,3.40542323321978e-05
2023-03-02,crude_sc,0.4,0.5967058834498855,1.1596577213560459e-07,0.004269726109857309,0.27060701374595514,cvar,optimal,0.0035135921074084973,0.0340542323321978,3.40542323321978e-05
2023-03-02,gold_au,0.8250000000000001,0.8304857487552613,0.13132703208030042,0.004269726109857309,0.6458373658478368,cvar,optimal,0.0035135921074084973,0.0340542323321978,3.40542323321978e-05
2023-03-02,spx,0.95,0.8288874057622421,0.06587953843413412,0.004269726109857309,0.736864840400248,cvar,optimal,0.0035135921074084973,0.0340542323321978,3.40542323321978e-05
2023-03-30,sse50,0.6249999999999999,0.4811730957999742,8.315425549848986e-10,0.2380171277464171,0.5737468590927398,cvar,optimal,0.0032445403625481393,0.04422879315316907,4.422879315316907e-05
2023-03-30,csi300,0.8,0.6544708894962975,2.3181766797905822e-10,0.2380171277464171,0.6759726440205557,cvar,optimal,0.0032445403625481393,0.04422879315316907,4.422879315316907e-05
2023-03-30,csi500,0.1875,0.26118174944371414,1.1547001681505289e-10,0.2380171277464171,0.7682568578781833,cvar,optimal,0.0032445403625481393,0.04422879315316907,4.422879315316907e-05
2023-03-30,csi1000,0.2875,0.3524063537652322,9.573946698751667e-11,0.2380171277464171,0.538581128242233,cvar,optimal,0.0032445403625481393,0.04422879315316907,4.422879315316907e-05
2023-03-30,bond_gov,0.2875,0.38466125752777464,0.2999999998028799,0.2380171277464171,0.6169502256991801,cvar,optimal,0.0032445403625481393,0.04422879315316907,4.422879315316907e-05
2023-03-30,bond_corp,0.3874999999999999,0.4870189873193763,0.2999999997963783,0.2380171277464171,0.5626710113301315,cvar,optimal,0.0032445403625481393,0.04422879315316907,4.422879315316907e-05
2023-03-30,csi_cb,0.7250000000000001,0.6664479145377837,0.2470220955146582,0.2380171277464171,0.361367536456004,cvar,optimal,0.0032445403625481393,0.04422879315316907,4.422879315316907e-05
2023-03-30,crude_sc,0.975,0.8342497466633653,6.935444019557295e-10,0.2380171277464171,0.7629935608527991,cvar,optimal,0.0032445403625481393,0.04422879315316907,4.422879315316907e-05
2023-03-30,gold_au,0.525,0.6279577921748224,0.12542940098917923,0.2380171277464171,0.6499814205246396,cvar,optimal,0.0032445403625481393,0.04422879315316907,4.422879315316907e-05
2023-03-30,spx,0.7,0.7504322132716594,0.027548501928790336,0.2380171277464171,0.6222069193152339,cvar,optimal,0.0032445403625481393,0.04422879315316907,4.422879315316907e-05
2023-04-28,sse50,0.6249999999999999,0.5835215973600619,4.304125885376843e-09,0.2332649132896621,0.5543725305764059,cvar,optimal,0.003256410856660225,0.00675582160411165,6.75582160411165e-06
2023-04-28,csi300,0.3999999999999999,0.4972996985059937,2.1752588073934067e-09,0.2332649132896621,0.4669161656558014,cvar,optimal,0.003256410856660225,0.00675582160411165,6.75582160411165e-06
2023-04-28,csi500,0.225,0.2331608210317039,8.551547596057425e-10,0.2332649132896621,0.764532850032412,cvar,optimal,0.003256410856660225,0.00675582160411165,6.75582160411165e-06
2023-04-28,csi1000,0.225,0.271311879871515,6.656665864987372e-10,0.2332649132896621,0.5751503752648556,cvar,optimal,0.003256410856660225,0.00675582160411165,6.75582160411165e-06
2023-04-28,bond_gov,0.4,0.3864605940085019,0.2999999981850404,0.2332649132896621,0.5081994026882495,cvar,optimal,0.003256410856660225,0.00675582160411165,6.75582160411165e-06
2023-04-28,bond_corp,0.5,0.4864605940085019,0.2999999982277972,0.2332649132896621,0.6088142922146755,cvar,optimal,0.003256410856660225,0.00675582160411165,6.75582160411165e-06
2023-04-28,csi_cb,0.7250000000000001,0.7111738657866874,0.2439278337906754,0.2332649132896621,0.3841256455481437,cvar,optimal,0.003256410856660225,0.00675582160411165,6.75582160411165e-06
2023-04-28,crude_sc,0.975,0.9219998188489682,1.7455889438013916e-09,0.2332649132896621,0.7960920281797846,cvar,optimal,0.003256410856660225,0.00675582160411165,6.75582160411165e-06
2023-04-28,gold_au,0.575,0.5858810947089386,0.12176784429547094,0.2332649132896621,0.5209695874225856,cvar,optimal,0.003256410856660225,0.00675582160411165,6.75582160411165e-06
2023-04-28,spx,0.8500000000000001,0.8227300358691274,0.03430431575522109,0.2332649132896621,0.7182752326864998,cvar,optimal,0.003256410856660225,0.00675582160411165,6.75582160411165e-06
2023-05-31,sse50,0.7000000000000001,0.6772550026010893,8.829348016051312e-09,0.29437153730087,0.5663938121724957,cvar,optimal,0.002971493603449225,0.023844867903429393,2.3844867903429393e-05
2023-05-31,csi300,0.375,0.41508542673274224,4.487587701544261e-09,0.29437153730087,0.5175059070020089,cvar,optimal,0.002971493603449225,0.023844867903429393,2.3844867903429393e-05
2023-05-31,csi500,0.375,0.3264627776146999,1.7699053922827355e-09,0.29437153730087,0.6855318834991425,cvar,optimal,0.002971493603449225,0.023844867903429393,2.3844867903429393e-05
2023-05-31,csi1000,0.25,0.24749704684616078,1.3715168871919663e-09,0.29437153730087,0.5017527552290177,cvar,optimal,0.002971493603449225,0.023844867903429393,2.3844867903429393e-05
2023-05-31,bond_gov,0.4625,0.4344041527384718,0.29999999824462015,0.29437153730087,0.45683033488994107,cvar,optimal,0.002971493603449225,0.023844867903429393,2.3844867903429393e-05
2023-05-31,bond_corp,0.5375000000000001,0.5169858185381088,0.2999999983576995,0.29437153730087,0.5715899666900015,cvar,optimal,0.002971493603449225,0.023844867903429393,2.3844867903429393e-05
2023-05-31,csi_cb,0.175,0.34179664759201217,0.22846291297703433,0.29437153730087,0.6131290559473306,cvar,optimal,0.002971493603449225,0.023844867903429393,2.3844867903429393e-05
2023-05-31,crude_sc,1.0,0.9924183342003631,1.6390471311985126e-09,0.29437153730087,0.8,cvar,optimal,0.002971493603449225,0.023844867903429393,2.3844867903429393e-05
2023-05-31,gold_au,0.7499999999999999,0.6928653692859033,0.11338789731222443,0.29437153730087,0.6213360749641266,cvar,optimal,0.002971493603449225,0.023844867903429393,2.3844867903429393e-05
2023-05-31,spx,0.875,0.8552294238504486,0.05814917501101649,0.29437153730087,0.7633833062148218,cvar,optimal,0.002971493603449225,0.023844867903429393,2.3844867903429393e-05
2023-06-30,sse50,0.6249999999999999,0.6430850694979555,1.7789099357812264e-09,0.3576124339893823,0.5890872029666749,cvar,optimal,0.002916301331395891,0.012958258237755711,1.2958258237755712e-05
2023-06-30,csi300,0.7750000000000001,0.64973314910537,7.630113672886341e-10,0.3576124339893823,0.6510507194813465,cvar,optimal,0.002916301331395891,0.012958258237755711,1.2958258237755712e-05
2023-06-30,csi500,0.45,0.4146270423587243,3.6973866001165103e-10,0.3576124339893823,0.5896915471296955,cvar,optimal,0.002916301331395891,0.012958258237755711,1.2958258237755712e-05
2023-06-30,csi1000,0.525,0.43563756098306927,2.8392142219413975e-10,0.3576124339893823,0.45161813365452275,cvar,optimal,0.002916301331395891,0.012958258237755711,1.2958258237755712e-05
2023-06-30,bond_gov,0.1374999999999999,0.23603783732501446,0.29999999961214263,0.3576124339893823,0.6726545588570114,cvar,optimal,0.002916301331395891,0.012958258237755711,1.2958258237755712e-05
2023-06-30,bond_corp,0.2375,0.330009480825696,0.29999999950194445,0.3576124339893823,0.47617886809187804,cvar,optimal,0.002916301331395891,0.012958258237755711,1.2958258237755712e-05
2023-06-30,csi_cb,0.4999999999999999,0.43891925365217893,0.23684887685410363,0.3576124339893823,0.4539003884062178,cvar,optimal,0.002916301331395891,0.012958258237755711,1.2958258237755712e-05
2023-06-30,crude_sc,1.0,0.9980791235396312,8.768828956172353e-10,0.3576124339893823,0.8,cvar,optimal,0.002916301331395891,0.012958258237755711,1.2958258237755712e-05
2023-06-30,gold_au,0.425,0.5148938932533544,0.1004296530994096,0.3576124339893823,0.41358932470854015,cvar,optimal,0.002916301331395891,0.012958258237755711,1.2958258237755712e-05
2023-06-30,spx,0.8250000000000001,0.8389775894590061,0.06272146685993553,0.3576124339893823,0.6675149138885742,cvar,optimal,0.002916301331395891,0.012958258237755711,1.2958258237755712e-05
2023-07-28,sse50,0.85,0.7803623822616134,0.014730625230662263,0.13665965784721193,0.528757469957871,cvar,optimal,0.0027605562967623416,0.04887880602956789,4.887880602956789e-05
2023-07-28,csi300,0.5,0.5578088478652031,7.317617508328148e-09,0.13665965784721193,0.4360472549958852,cvar,optimal,0.0027605562967623416,0.04887880602956789,4.887880602956789e-05
2023-07-28,csi500,0.5999999999999999,0.5425058150061465,2.436352065768676e-09,0.13665965784721193,0.4622448754899717,cvar,optimal,0.0027605562967623416,0.04887880602956789,4.887880602956789e-05
2023-07-28,csi1000,0.55,0.5171725121810069,1.8013238958381346e-09,0.13665965784721193,0.5795388980853713,cvar,optimal,0.0027605562967623416,0.04887880602956789,4.887880602956789e-05
2023-07-28,bond_gov,0.2375,0.23237786284221806,0.2999999984055344,0.13665965784721193,0.7798128494925273,cvar,optimal,0.0027605562967623416,0.04887880602956789,4.887880602956789e-05
2023-07-28,bond_corp,0.3375,0.330164041541899,0.29999999836587066,0.13665965784721193,0.5728974130840443,cvar,optimal,0.0027605562967623416,0.04887880602956789,4.887880602956789e-05
2023-07-28,csi_cb,0.7000000000000001,0.6034166949719899,0.2135908439754637,0.13665965784721193,0.2941634490695398,cvar,optimal,0.0027605562967623416,0.04887880602956789,4.887880602956789e-05
2023-07-28,crude_sc,0.2,0.4712145124954451,4.467221332930102e-09,0.13665965784721193,0.5466053605621918,cvar,optimal,0.0027605562967623416,0.04887880602956789,4.887880602956789e-05
2023-07-28,gold_au,0.8500000000000001,0.7346969671409436,0.13457782194826462,0.13665965784721193,0.6454188195527792,cvar,optimal,0.0027605562967623416,0.04887880602956789,4.887880602956789e-05
2023-07-28,spx,0.6749999999999999,0.7302803636935342,0.03710069605168952,0.13665965784721193,0.6389579450071571,cvar,optimal,0.0027605562967623416,0.04887880602956789,4.887880602956789e-05
2023-08-25,sse50,0.275,0.4511162002106606,0.013187376499441291,0.18063069841287013,0.5346079426175513,cvar,optimal,0.0027650318945028223,0.013218455857107786,1.3218455857107787e-05
2023-08-25,csi300,0.375,0.44383410778046156,1.1410512080456527e-09,0.18063069841287013,0.4915030513115583,cvar,optimal,0.0027650318945028223,0.013218455857107786,1.3218455857107787e-05
2023-08-25,csi500,0.5999999999999999,0.5858536212503895,4.1796227005608336e-10,0.18063069841287013,0.5200868440129923,cvar,optimal,0.0027650318945028223,0.013218455857107786,1.3218455857107787e-05
2023-08-25,csi1000,0.325,0.39986061433951503,2.916443697531233e-10,0.18063069841287013,0.2483146120782815,cvar,optimal,0.0027650318945028223,0.013218455857107786,1.3218455857107787e-05
2023-08-25,bond_gov,0.4625,0.3758507367024763,0.29999999965542773,0.18063069841287013,0.4784617733217469,cvar,optimal,0.0027650318945028223,0.013218455857107786,1.3218455857107787e-05
2023-08-25,bond_corp,0.5125000000000001,0.4430103687316135,0.2999999996524973,0.18063069841287013,0.5459601508246028,cvar,optimal,0.0027650318945028223,0.013218455857107786,1.3218455857107787e-05
2023-08-25,csi_cb,0.325,0.4348354018857141,0.2036863816734547,0.18063069841287013,0.4957700340176924,cvar,optimal,0.0027650318945028223,0.013218455857107786,1.3218455857107787e-05
2023-08-25,crude_sc,0.925,0.7516326889087679,1.2370114935479146e-09,0.18063069841287013,0.6950179333972581,cvar,optimal,0.0027650318945028223,0.013218455857107786,1.3218455857107787e-05
2023-08-25,gold_au,0.8,0.7770782255719078,0.14779627526885247,0.18063069841287013,0.7865767563422643,cvar,optimal,0.0027650318945028223,0.013218455857107786,1.3218455857107787e-05
2023-08-25,spx,0.9,0.8369280346184936,0.03532996416265723,0.18063069841287013,0.8,cvar,optimal,0.0027650318945028223,0.013218455857107786,1.3218455857107787e-05
2023-09-22,sse50,0.25,0.31280760122140816,1.675259939216154e-09,0.1039622323144454,0.6744474745218729,cvar,optimal,0.0026812966590897447,0.03678822557210477,3.6788225572104765e-05
2023-09-22,csi300,0.375,0.38678864895800863,7.922599656475325e-10,0.1039622323144454,0.5545802438606974,cvar,optimal,0.0026812966590897447,0.03678822557210477,3.6788225572104765e-05
2023-09-22,csi500,0.5999999999999999,0.5999999999999999,4.187368237147937e-10,0.1039622323144454,0.4784522578769703,cvar,optimal,0.0026812966590897447,0.03678822557210477,3.6788225572104765e-05
2023-09-22,csi1000,0.6499999999999999,0.5596819599350246,2.927771456380145e-10,0.1039622323144454,0.5549242818342235,cvar,optimal,0.0026812966590897447,0.03678822557210477,3.6788225572104765e-05
2023-09-22,bond_gov,0.3875,0.39201987991929005,0.29999999972924246,0.1039622323144454,0.5415242930993233,cvar,optimal,0.0026812966590897447,0.03678822557210477,3.6788225572104765e-05
2023-09-22,bond_corp,0.4625,0.463155523487925,0.29999999972867936,0.1039622323144454,0.6053757207396661,cvar,optimal,0.0026812966590897447,0.03678822557210477,3.6788225572104765e-05
2023-09-22,csi_cb,0.6250000000000001,0.5574081546992036,0.21624694267426364,0.1039622323144454,0.3173316687418775,cvar,optimal,0.0026812966590897447,0.03678822557210477,3.6788225572104765e-05
2023-09-22,crude_sc,0.25,0.41328086843690026,1.768566487447546e-10,0.1039622323144454,0.44391923959336815,cvar,optimal,0.0026812966590897447,0.03678822557210477,3.6788225572104765e-05
2023-09-22,gold_au,0.925,0.886816379510361,0.1720239396882441,0.1039622323144454,0.7600762423927232,cvar,optimal,0.0026812966590897447,0.03678822557210477,3.6788225572104765e-05
2023-09-22,spx,0.975,0.9280409838318788,0.011729114823679807,0.1039622323144454,0.8,cvar,optimal,0.0026812966590897447,0.03678822557210477,3.6788225572104765e-05
2023-10-30,sse50,0.2625,0.2609810618448984,3.9509416727764495e-08,0.12299475521990239,0.7734994949792507,cvar,optimal,0.0025787997807435016,0.012574087431938993,1.2574087431938993e-05
2023-10-30,csi300,0.3625,0.3658724140461019,2.7750081980751484e-08,0.12299475521990239,0.5124197597387106,cvar,optimal,0.0025787997807435016,0.012574087431938993,1.2574087431938993e-05
2023-10-30,csi500,0.4375,0.4813413825993247,1.4915534594984102e-08,0.12299475521990239,0.5999587295675928,cvar,optimal,0.0025787997807435016,0.012574087431938993,1.2574087431938993e-05
2023-10-30,csi1000,0.5375000000000001,0.5437565398319131,1.0361249133533963e-08,0.12299475521990239,0.45775487786714025,cvar,optimal,0.0025787997807435016,0.012574087431938993,1.2574087431938993e-05
2023-10-30,bond_gov,0.4999999999999999,0.47520870125808373,0.29999999370281977,0.12299475521990239,0.442719740267736,cvar,optimal,0.0025787997807435016,0.012574087431938993,1.2574087431938993e-05
2023-10-30,bond_corp,0.875,0.7674172882606378,0.2999999936216421,0.12299475521990239,0.5147030558862917,cvar,optimal,0.0025787997807435016,0.012574087431938993,1.2574087431938993e-05
2023-10-30,csi_cb,0.5499999999999999,0.5479927735846076,0.21139260271616245,0.12299475521990239,0.3666921499949742,cvar,optimal,0.0025787997807435016,0.012574087431938993,1.2574087431938993e-05
2023-10-30,crude_sc,0.225,0.28178867714921224,1.2216402664814396e-08,0.12299475521990239,0.569152540478183,cvar,optimal,0.0025787997807435016,0.012574087431938993,1.2574087431938993e-05
2023-10-30,gold_au,0.8500000000000001,0.86096710482161,0.16430420434786627,0.12299475521990239,0.7052789209296682,cvar,optimal,0.0025787997807435016,0.012574087431938993,1.2574087431938993e-05
2023-10-30,spx,0.9,0.9146740566036105,0.024303100858824245,0.12299475521990239,0.8,cvar,optimal,0.0025787997807435016,0.012574087431938993,1.2574087431938993e-05
2023-11-27,sse50,0.6124999999999999,0.4980556332634484,6.912595708977715e-08,0.19363964396294592,0.556376182811411,cvar,optimal,0.0025342297261237413,0.007353108593006783,7.353108593006783e-06
2023-11-27,csi300,0.7750000000000001,0.6419867481700661,9.640364584626138e-09,0.19363964396294592,0.6413697920203607,cvar,optimal,0.0025342297261237413,0.007353108593006783,7.353108593006783e-06
2023-11-27,csi500,0.7625000000000001,0.6681706816582954,6.691834843763669e-09,0.19363964396294592,0.4143867372246907,cvar,optimal,0.0025342297261237413,0.007353108593006783,7.353108593006783e-06
2023-11-27,csi1000,0.95,0.8238448532281708,4.2351737865873345e-09,0.19363964396294592,0.6606714034155957,cvar,optimal,0.0025342297261237413,0.007353108593006783,7.353108593006783e-06
2023-11-27,bond_gov,0.2125,0.2980883240560119,0.2999999987064811,0.19363964396294592,0.6941736017575294,cvar,optimal,0.0025342297261237413,0.007353108593006783,7.353108593006783e-06
2023-11-27,bond_corp,0.3125,0.46676101885649546,0.29999999873969474,0.19363964396294592,0.5530454440237497,cvar,optimal,0.0025342297261237413,0.007353108593006783,7.353108593006783e-06
2023-11-27,csi_cb,0.425,0.47071040150939597,0.2148980718930406,0.19363964396294592,0.541656785696185,cvar,optimal,0.0025342297261237413,0.007353108593006783,7.353108593006783e-06
2023-11-27,crude_sc,0.225,0.22671452626452623,1.2268771504306781e-09,0.19363964396294592,0.6741234143439764,cvar,optimal,0.0025342297261237413,0.007353108593006783,7.353108593006783e-06
2023-11-27,gold_au,0.55,0.6525039533115402,0.15695113920387754,0.19363964396294592,0.399003273725038,cvar,optimal,0.0025342297261237413,0.007353108593006783,7.353108593006783e-06
2023-11-27,spx,0.6749999999999999,0.7531638596820497,0.028150700536698582,0.19363964396294592,0.5975164790933036,cvar,optimal,0.0025342297261237413,0.007353108593006783,7.353108593006783e-06
2023-12-25,sse50,0.225,0.324978931143388,3.214513131356998e-10,0.18280342846134381,0.7284986256842123,cvar,optimal,0.002547957514558888,0.011836451354157417,1.1836451354157416e-05
2023-12-25,csi300,0.8500000000000001,0.7853580103948661,3.2704389523438387e-10,0.18280342846134381,0.6311668315879347,cvar,optimal,0.002547957514558888,0.011836451354157417,1.1836451354157416e-05
2023-12-25,csi500,0.6249999999999999,0.6415385007893044,3.539240587073902e-10,0.18280342846134381,0.47955325857838643,cvar,optimal,0.002547957514558888,0.011836451354157417,1.1836451354157416e-05
2023-12-25,csi1000,0.625,0.6976350666279625,3.042848957867236e-10,0.18280342846134381,0.40687711437246393,cvar,optimal,0.002547957514558888,0.011836451354157417,1.1836451354157416e-05
2023-12-25,bond_gov,0.1,0.16572306466897815,0.2999999996307098,0.18280342846134381,0.7851583660369941,cvar,optimal,0.002547957514558888,0.011836451354157417,1.1836451354157416e-05
2023-12-25,bond_corp,0.35,0.39017919628918596,0.2999999995840609,0.18280342846134381,0.6284989292281942,cvar,optimal,0.002547957514558888,0.011836451354157417,1.1836451354157416e-05
2023-12-25,csi_cb,0.6500000000000001,0.584570304826892,0.21324507556361047,0.18280342846134381,0.35897987114960717,cvar,optimal,0.002547957514558888,0.011836451354157417,1.1836451354157416e-05
2023-12-25,crude_sc,0.975,0.7176055195629442,0.0051258034727501445,0.18280342846134381,0.718427913997544,cvar,optimal,0.002547957514558888,0.011836451354157417,1.1836451354157416e-05
2023-12-25,gold_au,0.6,0.6111331254700836,0.14676777256577636,0.18280342846134381,0.6398240082706481,cvar,optimal,0.002547957514558888,0.011836451354157417,1.1836451354157416e-05
2023-12-25,spx,0.5,0.5812782802263952,0.03486134787638813,0.18280342846134381,0.454629524982348,cvar,optimal,0.002547957514558888,0.011836451354157417,1.1836451354157416e-05
2024-01-23,sse50,0.5999999999999999,0.5099337105017402,1.3064352441171255e-10,0.30426258754760227,0.4888614984008581,cvar,optimal,0.0025736945027115105,0.06477069270446312,6.477069270446312e-05
2024-01-23,csi300,0.7500000000000001,0.7766292803287174,1.1297375281784205e-10,0.30426258754760227,0.6355086273902641,cvar,optimal,0.0025736945027115105,0.06477069270446312,6.477069270446312e-05
2024-01-23,csi500,0.3249999999999999,0.4383009986683238,6.866253560352781e-11,0.30426258754760227,0.6023206953379062,cvar,optimal,0.0025736945027115105,0.06477069270446312,6.477069270446312e-05
2024-01-23,csi1000,0.5,0.571884558423061,5.6701720103791825e-11,0.30426258754760227,0.3929595148884815,cvar,optimal,0.0025736945027115105,0.06477069270446312,6.477069270446312e-05
2024-01-23,bond_gov,0.1624999999999999,0.15190563351287595,0.2999999998686656,0.30426258754760227,0.7415211556454908,cvar,optimal,0.0025736945027115105,0.06477069270446312,6.477069270446312e-05
2024-01-23,bond_corp,0.2375,0.2717786073114671,0.2999999998707342,0.30426258754760227,0.6077970755501193,cvar,optimal,0.0025736945027115105,0.06477069270446312,6.477069270446312e-05
2024-01-23,csi_cb,0.7000000000000001,0.6624896249623443,0.1484743837968701,0.30426258754760227,0.287686525320336,cvar,optimal,0.0025736945027115105,0.06477069270446312,6.477069270446312e-05
2024-01-23,crude_sc,0.975,0.9058693289334367,0.014930372146813935,0.30426258754760227,0.8,cvar,optimal,0.0025736945027115105,0.06477069270446312,6.477069270446312e-05
2024-01-23,gold_au,0.55,0.5621624623132493,0.14883822387683215,0.30426258754760227,0.5380252462481924,cvar,optimal,0.0025736945027115105,0.06477069270446312,6.477069270446312e-05
2024-01-23,spx,0.7,0.6490457950447843,0.08775702007110261,0.30426258754760227,0.47487271626015803,cvar,optimal,0.0025736945027115105,0.06477069270446312,6.477069270446312e-05
2024-02-28,sse50,0.3249999999999999,0.37417220686906755,3.108890678053195e-09,0.1693202320734252,0.7071702992486462,cvar,optimal,0.0023119751157552725,0.019859382010091325,1.9859382010091326e-05
2024-02-28,csi300,0.45,0.5420767273376002,2.1787344119892192e-09,0.1693202320734252,0.592381945219965,cvar,optimal,0.0023119751157552725,0.019859382010091325,1.9859382010091326e-05
2024-02-28,csi500,0.75,0.6529020298269322,9.289975091426014e-10,0.1693202320734252,0.35126345468826126,cvar,optimal,0.0023119751157552725,0.019859382010091325,1.9859382010091326e-05
2024-02-28,csi1000,1.0,0.8685584501813325,5.837370892461883e-10,0.1693202320734252,0.6867796782985736,cvar,optimal,0.0023119751157552725,0.019859382010091325,1.9859382010091326e-05
2024-02-28,bond_gov,0.1624999999999999,0.15778150091200002,0.29999999797026844,0.1693202320734252,0.7271898235600587,cvar,optimal,0.0023119751157552725,0.019859382010091325,1.9859382010091326e-05
2024-02-28,bond_corp,0.2375,0.2459932983583998,0.29999999803245037,0.1693202320734252,0.5923100637204408,cvar,optimal,0.0023119751157552725,0.019859382010091325,1.9859382010091326e-05
2024-02-28,csi_cb,0.6250000000000001,0.6423569829288003,0.1373077547072496,0.1693202320734252,0.32572365271487785,cvar,optimal,0.0023119751157552725,0.019859382010091325,1.9859382010091326e-05
2024-02-28,crude_sc,0.7249999999999999,0.7954392739973335,0.0109401292546013,0.1693202320734252,0.7526642276175772,cvar,optimal,0.0023119751157552725,0.019859382010091325,1.9859382010091326e-05
2024-02-28,gold_au,0.6,0.5896869444709332,0.16869759945554524,0.1693202320734252,0.4476354628741037,cvar,optimal,0.0023119751157552725,0.019859382010091325,1.9859382010091326e-05
2024-02-28,spx,0.625,0.6310325851176004,0.08305451377952539,0.1693202320734252,0.5871496479694003,cvar,optimal,0.0023119751157552725,0.019859382010091325,1.9859382010091326e-05
2024-03-27,sse50,0.45,0.42913401971723153,4.7642992358349e-09,0.3595064005456008,0.6165828943406683,cvar,optimal,0.0022460561770158505,0.013531685372756584,1.3531685372756584e-05
2024-03-27,csi300,0.225,0.3207077013147517,3.288570003052567e-09,0.3595064005456008,0.5573445583487915,cvar,optimal,0.0022460561770158505,0.013531685372756584,1.3531685372756584e-05
2024-03-27,csi500,0.6249999999999999,0.634894482772246,1.2173143361636866e-09,0.3595064005456008,0.5509820932561181,cvar,optimal,0.0022460561770158505,0.013531685372756584,1.3531685372756584e-05
2024-03-27,csi1000,0.4,0.5601342250814777,7.257260910459981e-10,0.3595064005456008,0.25328469982855273,cvar,optimal,0.0022460561770158505,0.013531685372756584,1.3531685372756584e-05
2024-03-27,bond_gov,0.3124999999999999,0.26332352913752854,0.2999999964011139,0.3595064005456008,0.6453370651167393,cvar,optimal,0.0022460561770158505,0.013531685372756584,1.3531685372756584e-05
2024-03-27,bond_corp,0.3874999999999999,0.3383235291375286,0.29999999751622924,0.3595064005456008,0.6290936163770969,cvar,optimal,0.0022460561770158505,0.013531685372756584,1.3531685372756584e-05
2024-03-27,csi_cb,0.475,0.5296622196177325,0.12455403648288624,0.3595064005456008,0.416827403619268,cvar,optimal,0.0022460561770158505,0.013531685372756584,1.3531685372756584e-05
2024-03-27,crude_sc,0.975,0.9113250444134182,0.01066825829108622,0.3595064005456008,0.8,cvar,optimal,0.0022460561770158505,0.013531685372756584,1.3531685372756584e-05
2024-03-27,gold_au,0.8500000000000001,0.7643820493923738,0.16819150535604274,0.3595064005456008,0.6518418549340432,cvar,optimal,0.0022460561770158505,0.013531685372756584,1.3531685372756584e-05
2024-03-27,spx,0.8,0.7481131994157112,0.09658619595673198,0.3595064005456008,0.7147639612775105,cvar,optimal,0.0022460561770158505,0.013531685372756584,1.3531685372756584e-05
2024-04-26,sse50,0.4875,0.463951724255841,7.616785046665323e-10,0.43499263002135474,0.5490683757715226,cvar,optimal,0.00232080332263245,0.030208620985604766,3.0208620985604768e-05
2024-04-26,csi300,0.6125,0.5057640933919457,7.786826893822024e-10,0.43499263002135474,0.5550667071529952,cvar,optimal,0.00232080332263245,0.030208620985604766,3.0208620985604768e-05
2024-04-26,csi500,0.775,0.7370965712328099,4.1731157506602516e-10,0.43499263002135474,0.5072864135907431,cvar,optimal,0.00232080332263245,0.030208620985604766,3.0208620985604768e-05
2024-04-26,csi1000,0.4499999999999999,0.48765096603804126,1.8706672466827115e-10,0.43499263002135474,0.3503270586678429,cvar,optimal,0.00232080332263245,0.030208620985604766,3.0208620985604768e-05
2024-04-26,bond_gov,0.1374999999999999,0.18134540240032543,0.29999999905555236,0.43499263002135474,0.7247890471908974,cvar,optimal,0.00232080332263245,0.030208620985604766,3.0208620985604768e-05
2024-04-26,bond_corp,0.2375,0.2731518417988123,0.2999999992489963,0.43499263002135474,0.5546324718033,cvar,optimal,0.00232080332263245,0.030208620985604766,3.0208620985604768e-05
2024-04-26,csi_cb,0.575,0.5557352794042141,0.13230779304566104,0.43499263002135474,0.41316719547746733,cvar,optimal,0.00232080332263245,0.030208620985604766,3.0208620985604768e-05
2024-04-26,crude_sc,1.0,0.9692905697147086,0.009606146418917121,0.43499263002135474,0.8,cvar,optimal,0.00232080332263245,0.030208620985604766,3.0208620985604768e-05
2024-04-26,gold_au,0.7750000000000001,0.7770648121207615,0.13904500409377726,0.43499263002135474,0.7018646088495275,cvar,optimal,0.00232080332263245,0.030208620985604766,3.0208620985604768e-05
2024-04-26,spx,0.45,0.5489487396425402,0.11904105599235648,0.43499263002135474,0.5390202164605348,cvar,optimal,0.00232080332263245,0.030208620985604766,3.0208620985604768e-05
2024-05-29,sse50,0.5,0.49328174309855477,0.022240268812931913,0.16357748177278617,0.5717193971590169,cvar,optimal,0.0024520040471284945,0.02835326634786391,2.835326634786391e-05
2024-05-29,csi300,0.6125,0.5820001557254605,3.356325839924472e-10,0.16357748177278617,0.5537274564679875,cvar,optimal,0.0024520040471284945,0.02835326634786391,2.835326634786391e-05
2024-05-29,csi500,0.8375,0.8068603133257941,6.711278481066398e-11,0.16357748177278617,0.4966301676608938,cvar,optimal,0.0024520040471284945,0.02835326634786391,2.835326634786391e-05
2024-05-29,csi1000,0.8500000000000001,0.725531446033033,3.537640346857204e-11,0.16357748177278617,0.5863737360087411,cvar,optimal,0.0024520040471284945,0.02835326634786391,2.835326634786391e-05
2024-05-29,bond_gov,0.125,0.14254078228918493,0.29999999987787485,0.16357748177278617,0.7513666117670066,cvar,optimal,0.0024520040471284945,0.02835326634786391,2.835326634786391e-05
2024-05-29,bond_corp,0.3,0.2929730959899537,0.2999999998749509,0.16357748177278617,0.5390511430518812,cvar,optimal,0.0024520040471284945,0.02835326634786391,2.835326634786391e-05
2024-05-29,csi_cb,0.5499999999999999,0.5496623905821305,0.1349267787649546,0.16357748177278617,0.3420381531100761,cvar,optimal,0.0024520040471284945,0.02835326634786391,2.835326634786391e-05
2024-05-29,crude_sc,0.8250000000000001,0.8757654950692731,0.01310015754795695,0.16357748177278617,0.8,cvar,optimal,0.0024520040471284945,0.02835326634786391,2.835326634786391e-05
2024-05-29,gold_au,0.35,0.48396960399249733,0.12934002620077018,0.16357748177278617,0.5829514607577483,cvar,optimal,0.0024520040471284945,0.02835326634786391,2.835326634786391e-05
2024-05-29,spx,0.55,0.5474149738941178,0.10039276848243887,0.16357748177278617,0.35556547250324794,cvar,optimal,0.0024520040471284945,0.02835326634786391,2.835326634786391e-05
2024-06-27,sse50,0.5750000000000001,0.549601800001675,0.015263139198875722,0.04479185689162953,0.5111702543938867,cvar,optimal,0.0026320950146218737,0.02455273838186673,2.4552738381866732e-05
2024-06-27,csi300,0.6125,0.6125,1.2001884528432224e-08,0.04479185689162953,0.5869402188180423,cvar,optimal,0.0026320950146218737,0.02455273838186673,2.4552738381866732e-05
2024-06-27,csi500,0.8375,0.832583588471629,1.3960914164670057e-09,0.04479185689162953,0.4530500140014617,cvar,optimal,0.0026320950146218737,0.02455273838186673,2.4552738381866732e-05
2024-06-27,csi1000,0.9,0.8522583544233251,6.38419932015249e-10,0.04479185689162953,0.694596625277261,cvar,optimal,0.0026320950146218737,0.02455273838186673,2.4552738381866732e-05
2024-06-27,bond_gov,0.1,0.10912158820322446,0.29999999840418257,0.04479185689162953,0.7852179100414213,cvar,optimal,0.0026320950146218737,0.02455273838186673,2.4552738381866732e-05
2024-06-27,bond_corp,0.3,0.29508358847162897,0.29999999841873093,0.04479185689162953,0.5275095226388559,cvar,optimal,0.0026320950146218737,0.02455273838186673,2.4552738381866732e-05
2024-06-27,csi_cb,0.6500000000000001,0.6194133410211475,0.14434807390124627,0.04479185689162953,0.35956838038225625,cvar,optimal,0.0026320950146218737,0.02455273838186673,2.4552738381866732e-05
2024-06-27,crude_sc,0.625,0.7038723994598409,0.018356863603706954,0.04479185689162953,0.5322318089272797,cvar,optimal,0.0026320950146218737,0.02455273838186673,2.4552738381866732e-05
2024-06-27,gold_au,0.3999999999999999,0.4171549865978223,0.1117644203628719,0.04479185689162953,0.5271214648904183,cvar,optimal,0.0026320950146218737,0.02455273838186673,2.4552738381866732e-05
2024-06-27,spx,0.5,0.508410353349707,0.11026749207398984,0.04479185689162953,0.4750980230589418,cvar,optimal,0.0026320950146218737,0.02455273838186673,2.4552738381866732e-05
2024-07-25,sse50,0.4,0.4528340011406118,0.014018733666103116,0.3723460585468121,0.5110869847683338,cvar,optimal,0.0028124875471845032,0.020237406110877425,2.0237406110877426e-05
2024-07-25,csi300,0.475,0.5218979273557722,1.0834450804576659e-08,0.3723460585468121,0.5943633012294768,cvar,optimal,0.0028124875471845032,0.020237406110877425,2.0237406110877426e-05
2024-07-25,csi500,0.2375,0.4421455011888242,1.8223435972477299e-09,0.3723460585468121,0.523231625280878,cvar,optimal,0.0028124875471845032,0.020237406110877425,2.0237406110877426e-05
2024-07-25,csi1000,0.2875,0.49183943577061673,1.074323393425456e-09,0.3723460585468121,0.36176819501974483,cvar,optimal,0.0028124875471845032,0.020237406110877425,2.0237406110877426e-05
2024-07-25,bond_gov,0.45,0.3329082143196732,0.29999999770926217,0.3723460585468121,0.6330093623440158,cvar,optimal,0.0028124875471845032,0.020237406110877425,2.0237406110877426e-05
2024-07-25,bond_corp,0.8250000000000001,0.6459351864597789,0.2999999977148189,0.3723460585468121,0.5469243309444162,cvar,optimal,0.0028124875471845032,0.020237406110877425,2.0237406110877426e-05
2024-07-25,csi_cb,0.7250000000000001,0.6902802856321144,0.1589395473759816,0.3723460585468121,0.43421755771025466,cvar,optimal,0.0028124875471845032,0.020237406110877425,2.0237406110877426e-05
2024-07-25,crude_sc,0.575,0.6103318452043005,0.02400279537769338,0.3723460585468121,0.6343419336500417,cvar,optimal,0.0028124875471845032,0.020237406110877425,2.0237406110877426e-05
2024-07-25,gold_au,0.6,0.5272153195774173,0.0966583849013403,0.3723460585468121,0.452240667685281,cvar,optimal,0.0028124875471845032,0.020237406110877425,2.0237406110877426e-05
2024-07-25,spx,0.925,0.7846122833508908,0.10638052952368277,0.3723460585468121,0.7662625816060735,cvar,optimal,0.0028124875471845032,0.020237406110877425,2.0237406110877426e-05
2024-08-22,sse50,0.2875,0.34261328060677043,0.019885972781568978,0.39836571097026396,0.5982679209778741,cvar,optimal,0.003182704782552946,0.04037874574348305,4.037874574348305e-05
2024-08-22,csi300,0.8500000000000001,0.7342702736352816,4.3636103773750873e-10,0.39836571097026396,0.65653817691151,cvar,optimal,0.003182704782552946,0.04037874574348305,4.037874574348305e-05
2024-08-22,csi500,0.5875,0.523968090794482,9.741813234302573e-11,0.39836571097026396,0.5222403607937866,cvar,optimal,0.003182704782552946,0.04037874574348305,4.037874574348305e-05
2024-08-22,csi1000,0.6875,0.6079873236611457,4.823057293484792e-11,0.39836571097026396,0.5795849553488126,cvar,optimal,0.003182704782552946,0.04037874574348305,4.037874574348305e-05
2024-08-22,bond_gov,0.3374999999999999,0.3431009549831342,0.29999999988243053,0.39836571097026396,0.6452690046245231,cvar,optimal,0.003182704782552946,0.04037874574348305,4.037874574348305e-05
2024-08-22,bond_corp,0.3874999999999999,0.488134454631313,0.29999999988304665,0.39836571097026396,0.5162105491406894,cvar,optimal,0.003182704782552946,0.04037874574348305,4.037874574348305e-05
2024-08-22,csi_cb,0.7250000000000001,0.7179268106251949,0.1934510496626027,0.39836571097026396,0.42726075429259597,cvar,optimal,0.003182704782552946,0.04037874574348305,4.037874574348305e-05
2024-08-22,crude_sc,0.325,0.41551361972888873,0.0010807458988654941,0.39836571097026396,0.3340860540344202,cvar,optimal,0.003182704782552946,0.04037874574348305,4.037874574348305e-05
2024-08-22,gold_au,0.4125,0.45798678177645014,0.08038979121532855,0.39836571097026396,0.5497524811745851,cvar,optimal,0.003182704782552946,0.04037874574348305,4.037874574348305e-05
2024-08-22,spx,0.9,0.8684984095573393,0.10519244009414747,0.39836571097026396,0.8,cvar,optimal,0.003182704782552946,0.04037874574348305,4.037874574348305e-05
2024-09-23,sse50,0.6875,0.5721031013952229,0.019787869162015012,0.3288390463651761,0.3590818475074581,cvar,optimal,0.0031826821501202167,0.001286819871465791,1.2868198714657911e-06
2024-09-23,csi300,0.7875,0.77482182227296,3.1300794869688474e-10,0.3288390463651761,0.621026664027847,cvar,optimal,0.0031826821501202167,0.001286819871465791,1.2868198714657911e-06
2024-09-23,csi500,0.4875,0.4886943949873188,7.989121217131129e-11,0.3288390463651761,0.543296533687959,cvar,optimal,0.0031826821501202167,0.001286819871465791,1.2868198714657911e-06
2024-09-23,csi1000,0.6125,0.6015820825976687,4.083685856478525e-11,0.3288390463651761,0.5171699153824226,cvar,optimal,0.0031826821501202167,0.001286819871465791,1.2868198714657911e-06
2024-09-23,bond_gov,0.3249999999999999,0.33857397396752903,0.29999999987706305,0.3288390463651761,0.6464375149741373,cvar,optimal,0.0031826821501202167,0.001286819871465791,1.2868198714657911e-06
2024-09-23,bond_corp,0.35,0.3993137136428205,0.2999999998827578,0.3288390463651761,0.5341136946408628,cvar,optimal,0.0031826821501202167,0.001286819871465791,1.2868198714657911e-06
2024-09-23,csi_cb,0.6625,0.6820410412988342,0.19422908077610557,0.3288390463651761,0.3601071735662561,cvar,optimal,0.0031826821501202167,0.001286819871465791,1.2868198714657911e-06
2024-09-23,crude_sc,0.3,0.3292958958701166,1.501393689819682e-08,0.3288390463651761,0.43791602912777455,cvar,optimal,0.0031826821501202167,0.001286819871465791,1.2868198714657911e-06
2024-09-23,gold_au,0.3999999999999999,0.4200178177727039,0.08089857997329146,0.3288390463651761,0.5070138211430605,cvar,optimal,0.0031826821501202167,0.001286819871465791,1.2868198714657911e-06
2024-09-23,spx,0.8875,0.8935561561948251,0.1050844548810943,0.3288390463651761,0.7479049628003407,cvar,optimal,0.0031826821501202167,0.001286819871465791,1.2868198714657911e-06
2024-10-28,sse50,0.3625,0.4264739249646307,6.347588190315487e-05,0.08444327939832488,0.5284354111166097,cvar,optimal,0.0036139310819203667,0.02678467239257014,2.678467239257014e-05
2024-10-28,csi300,0.4625,0.5589804375178257,1.1682279063967001e-09,0.08444327939832488,0.6483820409666304,cvar,optimal,0.0036139310819203667,0.02678467239257014,2.678467239257014e-05
2024-10-28,csi500,0.7874999999999999,0.7095244361763188,3.1486418650301433e-10,0.08444327939832488,0.46107077487564274,cvar,optimal,0.0036139310819203667,0.02678467239257014,2.678467239257014e-05
2024-10-28,csi1000,0.8875,0.8148509939705195,1.2350376168540018e-10,0.08444327939832488,0.6621896850359564,cvar,optimal,0.0036139310819203667,0.02678467239257014,2.678467239257014e-05
2024-10-28,bond_gov,0.4375,0.4065020547794604,0.2999999997607842,0.08444327939832488,0.6170957081523232,cvar,optimal,0.0036139310819203667,0.02678467239257014,2.678467239257014e-05
2024-10-28,bond_corp,0.4875,0.45117549698525977,0.29999999975660435,0.08444327939832488,0.501416993504702,cvar,optimal,0.0036139310819203667,0.02678467239257014,2.678467239257014e-05
2024-10-28,csi_cb,0.3875,0.46981310435610607,0.20076874448016155,0.08444327939832488,0.535482898329697,cvar,optimal,0.0036139310819203667,0.02678467239257014,2.678467239257014e-05
2024-10-28,crude_sc,0.325,0.31967344220579935,2.226030423846999e-09,0.08444327939832488,0.3747107904537701,cvar,optimal,0.0036139310819203667,0.02678467239257014,2.678467239257014e-05
2024-10-28,gold_au,0.5375000000000001,0.4994183881986007,0.07383831389117196,0.08444327939832488,0.4534965468146947,cvar,optimal,0.0036139310819203667,0.02678467239257014,2.678467239257014e-05
2024-10-28,spx,0.8250000000000001,0.8435877208454792,0.12532946239674864,0.08444327939832488,0.7802873999750773,cvar,optimal,0.0036139310819203667,0.02678467239257014,2.678467239257014e-05
2024-11-25,sse50,0.425,0.4289482883497214,0.006366923265068785,0.9934253470422785,0.5453421369141854,cvar,optimal,0.003742110821982718,0.00630347092914314,6.303470929143141e-06
2024-11-25,csi300,0.5,0.5121875992392503,8.819044794661603e-09,0.9934253470422785,0.6343926303870873,cvar,optimal,0.003742110821982718,0.00630347092914314,6.303470929143141e-06
2024-11-25,csi500,0.45,0.5385723287869078,3.0271040383006023e-09,0.9934253470422785,0.5344496053692206,cvar,optimal,0.003742110821982718,0.00630347092914314,6.303470929143141e-06
2024-11-25,csi1000,0.55,0.6404605261387188,1.7287837969521268e-09,0.9934253470422785,0.561332056836195,cvar,optimal,0.003742110821982718,0.00630347092914314,6.303470929143141e-06
2024-11-25,bond_gov,0.475,0.4541441455825569,0.2999999960369819,0.9934253470422785,0.5734509629237907,cvar,optimal,0.003742110821982718,0.00630347092914314,6.303470929143141e-06
2024-11-25,bond_corp,0.525,0.5022559482307459,0.29999999598815624,0.9934253470422785,0.48836044499978243,cvar,optimal,0.003742110821982718,0.00630347092914314,6.303470929143141e-06
2024-11-25,csi_cb,0.4,0.41665051542515713,0.1971510355383775,0.9934253470422785,0.5069311303008461,cvar,optimal,0.003742110821982718,0.00630347092914314,6.303470929143141e-06
2024-11-25,crude_sc,0.6,0.5074793828633709,1.380367106024807e-08,0.9934253470422785,0.5042630885730071,cvar,optimal,0.003742110821982718,0.00630347092914314,6.303470929143141e-06
2024-11-25,gold_au,0.625,0.5857773264516881,0.07220580661086379,0.9934253470422785,0.4130791242346936,cvar,optimal,0.003742110821982718,0.00630347092914314,6.303470929143141e-06
2024-11-25,spx,0.95,0.9135239389318831,0.12427621518194798,0.9934253470422785,0.7525194483628759,cvar,optimal,0.003742110821982718,0.00630347092914314,6.303470929143141e-06
2024-12-23,sse50,0.4999999999999999,0.46836622747729,0.008208189416108203,0.3667357663891794,0.5459952193132507,cvar,optimal,0.0037532715199409756,0.012905309037494282,1.2905309037494282e-05
2024-12-23,csi300,0.5499999999999999,0.5293037732834603,6.92697727353163e-09,0.3667357663891794,0.5425992745541516,cvar,optimal,0.0037532715199409756,0.012905309037494282,1.2905309037494282e-05
2024-12-23,csi500,0.5249999999999999,0.5310899041429176,1.9876587245763054e-09,0.3667357663891794,0.4762079113213484,cvar,optimal,0.0037532715199409756,0.012905309037494282,1.2905309037494282e-05
2024-12-23,csi1000,0.575,0.5982495361720547,1.055635102909961e-09,0.3667357663891794,0.635795813272917,cvar,optimal,0.0037532715199409756,0.012905309037494282,1.2905309037494282e-05
2024-12-23,bond_gov,0.475,0.4714634053125974,0.299999997481742,0.3667357663891794,0.5021874937482921,cvar,optimal,0.0037532715199409756,0.012905309037494282,1.2905309037494282e-05
2024-12-23,bond_corp,0.6749999999999999,0.6199845092251862,0.2999999973339573,0.3667357663891794,0.5278447358048135,cvar,optimal,0.0037532715199409756,0.012905309037494282,1.2905309037494282e-05
2024-12-23,csi_cb,0.6,0.530182606987651,0.20230039142973952,0.3667357663891794,0.6261580724815505,cvar,optimal,0.0037532715199409756,0.012905309037494282,1.2905309037494282e-05
2024-12-23,crude_sc,0.625,0.5904851562778125,7.791921056103018e-09,0.3667357663891794,0.6980824068126841,cvar,optimal,0.0037532715199409756,0.012905309037494282,1.2905309037494282e-05
2024-12-23,gold_au,0.7,0.6660084976856884,0.07812049081539556,0.3667357663891794,0.6355405295227716,cvar,optimal,0.0037532715199409756,0.012905309037494282,1.2905309037494282e-05
2024-12-23,spx,0.275,0.4948663834353417,0.11137091576086532,0.3667357663891794,0.36166454732671466,cvar,optimal,0.0037532715199409756,0.012905309037494282,1.2905309037494282e-05
2025-01-21,sse50,0.5375000000000001,0.5180085526050786,0.01393322827197032,0.13555337722480917,0.4798374167856531,cvar,optimal,0.003752153724954265,0.0065781390916853436,6.578139091685344e-06
2025-01-21,csi300,0.6125,0.5869273214484539,5.361586567774076e-09,0.13555337722480917,0.5650786102447921,cvar,optimal,0.003752153724954265,0.0065781390916853436,6.578139091685344e-06
2025-01-21,csi500,0.5625,0.5430085526050785,1.4288598969893016e-09,0.13555337722480917,0.48210917163205097,cvar,optimal,0.003752153724954265,0.0065781390916853436,6.578139091685344e-06
2025-01-21,csi1000,0.6375000000000001,0.6142316771506728,6.743806490912656e-10,0.13555337722480917,0.5898110900718767,cvar,optimal,0.003752153724954265,0.0065781390916853436,6.578139091685344e-06
2025-01-21,bond_gov,0.1374999999999999,0.2507054225943856,0.29999999800496824,0.13555337722480917,0.8,cvar,optimal,0.003752153724954265,0.0065781390916853436,6.578139091685344e-06
2025-01-21,bond_corp,0.6625000000000001,0.6528666592161091,0.2999999978930446,0.13555337722480917,0.5585398972522582,cvar,optimal,0.003752153724954265,0.0065781390916853436,6.578139091685344e-06
2025-01-21,csi_cb,0.5875,0.5732579478116715,0.20023287479018184,0.13555337722480917,0.5061016027369305,cvar,optimal,0.003752153724954265,0.0065781390916853436,6.578139091685344e-06
2025-01-21,crude_sc,0.7125,0.6808460902918294,1.070238234906598e-08,0.13555337722480917,0.5912761927331733,cvar,optimal,0.003752153724954265,0.0065781390916853436,6.578139091685344e-06
2025-01-21,gold_au,0.7375,0.7180085526050787,0.07360987086871183,0.13555337722480917,0.5451740597098084,cvar,optimal,0.003752153724954265,0.0065781390916853436,6.578139091685344e-06
2025-01-21,spx,0.3125,0.3621392236716419,0.11222401200391369,0.13555337722480917,0.4664199768923527,cvar,optimal,0.003752153724954265,0.0065781390916853436,6.578139091685344e-06
2025-02-26,sse50,0.4375,0.46284461014613354,0.023007500557861087,0.8713581236685305,0.712174460360963,cvar,optimal,0.003660188092756346,0.014265135774858885,1.4265135774858885e-05
2025-02-26,csi300,0.4625,0.5000450653104003,7.712558510460459e-10,0.8713581236685305,0.6603977938540551,cvar,optimal,0.003660188092756346,0.014265135774858885,1.4265135774858885e-05
2025-02-26,csi500,0.5875,0.5776249731474667,2.4925833347388434e-10,0.8713581236685305,0.3980589914766969,cvar,optimal,0.003660188092756346,0.014265135774858885,1.4265135774858885e-05
2025-02-26,csi1000,0.3875,0.45322077490933377,1.2113846612554988e-10,0.8713581236685305,0.5838816112171981,cvar,optimal,0.003660188092756346,0.014265135774858885,1.4265135774858885e-05
2025-02-26,bond_gov,0.7374999999999999,0.5939256374815987,0.29999999971430386,0.8713581236685305,0.3406349132053075,cvar,optimal,0.003660188092756346,0.014265135774858885,1.4265135774858885e-05
2025-02-26,bond_corp,0.4125,0.4838829738149336,0.29999999970898866,0.8713581236685305,0.5354343955777539,cvar,optimal,0.003660188092756346,0.014265135774858885,1.4265135774858885e-05
2025-02-26,csi_cb,0.4875,0.5166194094165334,0.20542373475387035,0.8713581236685305,0.5771280210078221,cvar,optimal,0.003660188092756346,0.014265135774858885,1.4265135774858885e-05
2025-02-26,crude_sc,0.5625,0.5981576656752002,1.2255187694281153e-09,0.8713581236685305,0.4844029978646581,cvar,optimal,0.003660188092756346,0.014265135774858885,1.4265135774858885e-05
2025-02-26,gold_au,0.5125,0.5730642471448003,0.06275456051457855,0.8713581236685305,0.5608253361368746,cvar,optimal,0.003660188092756346,0.014265135774858885,1.4265135774858885e-05
2025-02-26,spx,0.9125,0.7406146429535994,0.1088142023832262,0.8713581236685305,0.7612368681298939,cvar,optimal,0.003660188092756346,0.014265135774858885,1.4265135774858885e-05
2025-03-26,sse50,0.5375000000000001,0.5120300177653674,0.019574483290908527,0.35785931590725534,0.49396222534837025,cvar,optimal,0.0036715957962528125,0.01871815120318696,1.871815120318696e-05
2025-03-26,csi300,0.5625,0.5406871836022081,1.0558029644212162e-09,0.35785931590725534,0.47581044243195647,cvar,optimal,0.0036715957962528125,0.01871815120318696,1.871815120318696e-05
2025-03-26,csi500,0.6625000000000001,0.6360831816503439,3.6972280131316324e-10,0.35785931590725534,0.7075023594900302,cvar,optimal,0.0036715957962528125,0.01871815120318696,1.871815120318696e-05
2025-03-26,csi1000,0.6375000000000001,0.5738250444134184,2.0363095336040867e-10,0.35785931590725534,0.6279487595399947,cvar,optimal,0.0036715957962528125,0.01871815120318696,1.871815120318696e-05
2025-03-26,bond_gov,0.5125000000000001,0.5423787162516177,0.2999999996352917,0.35785931590725534,0.4154771197811212,cvar,optimal,0.0036715957962528125,0.01871815120318696,1.871815120318696e-05
2025-03-26,bond_corp,0.5875,0.548413279844654,0.29999999963437407,0.35785931590725534,0.44955988984530965,cvar,optimal,0.0036715957962528125,0.01871815120318696,1.871815120318696e-05
2025-03-26,csi_cb,0.6125,0.5788339392882889,0.22414188504835605,0.35785931590725534,0.5879247682661848,cvar,optimal,0.0036715957962528125,0.01871815120318696,1.871815120318696e-05
2025-03-26,crude_sc,0.7375,0.6910989481709725,1.646715863867643e-09,0.35785931590725534,0.650594141360851,cvar,optimal,0.0036715957962528125,0.01871815120318696,1.871815120318696e-05
2025-03-26,gold_au,0.3125,0.394525874082412,0.061558888072532465,0.35785931590725534,0.5518153501977677,cvar,optimal,0.0036715957962528125,0.01871815120318696,1.871815120318696e-05
2025-03-26,spx,0.3375,0.4821238149307175,0.09472474104266451,0.35785931590725534,0.3567561536356597,cvar,optimal,0.0036715957962528125,0.01871815120318696,1.871815120318696e-05
2025-04-24,sse50,0.2375,0.3289096194972455,0.00940922437097517,0.02870972824302305,0.8,cvar,optimal,0.0048532027361776284,0.026778877510676924,2.6778877510676925e-05
2025-04-24,csi300,0.3875,0.43698168520302855,9.999102276293713e-11,0.02870972824302305,0.4943292108915145,cvar,optimal,0.0048532027361776284,0.026778877510676924,2.6778877510676925e-05
2025-04-24,csi500,0.8124999999999999,0.7552734117402833,3.155540788529837e-11,0.02870972824302305,0.5032008539137088,cvar,optimal,0.0048532027361776284,0.026778877510676924,2.6778877510676925e-05
2025-04-24,csi1000,0.8624999999999999,0.7639861612482218,1.5722602264727682e-11,0.02870972824302305,0.6064868328932185,cvar,optimal,0.0048532027361776284,0.026778877510676924,2.6778877510676925e-05
2025-04-24,bond_gov,0.5625,0.5664680276022822,0.2999999999710231,0.02870972824302305,0.5076296846788191,cvar,optimal,0.0048532027361776284,0.026778877510676924,2.6778877510676925e-05
2025-04-24,bond_corp,0.6125,0.5879839232256252,0.29999999996966636,0.02870972824302305,0.5253485361118495,cvar,optimal,0.0048532027361776284,0.026778877510676924,2.6778877510676925e-05
2025-04-24,csi_cb,0.2125,0.33514761123040027,0.23017124257002558,0.02870972824302305,0.731305075522489,cvar,optimal,0.0048532027361776284,0.026778877510676924,2.6778877510676925e-05
2025-04-24,crude_sc,0.7125,0.7047550969433121,2.1706873086598754e-10,0.02870972824302305,0.6107197248686753,cvar,optimal,0.0048532027361776284,0.026778877510676924,2.6778877510676925e-05
2025-04-24,gold_au,0.6625000000000001,0.5635366295939429,0.08230840739051623,0.02870972824302305,0.6100058907481191,cvar,optimal,0.0048532027361776284,0.026778877510676924,2.6778877510676925e-05
2025-04-24,spx,0.4375,0.45695783371565835,0.07811112536345581,0.02870972824302305,0.39565098409447247,cvar,optimal,0.0048532027361776284,0.026778877510676924,2.6778877510676925e-05
2025-05-27,sse50,0.2125,0.2444594864994659,1.2250968852342879e-09,0.19036801013241111,0.7659570032233785,cvar,optimal,0.004878394133441848,0.010263384258512424,1.0263384258512425e-05
2025-05-27,csi300,0.3375,0.3668837270075074,2.1255010198529177e-10,0.19036801013241111,0.6031759020448338,cvar,optimal,0.004878394133441848,0.010263384258512424,1.0263384258512425e-05
2025-05-27,csi500,0.7874999999999999,0.7828927554497223,7.958272737118726e-11,0.19036801013241111,0.39982488269088795,cvar,optimal,0.004878394133441848,0.010263384258512424,1.0263384258512425e-05
2025-05-27,csi1000,0.8875,0.8616349686754913,4.6638204259320234e-11,0.19036801013241111,0.6446993717606089,cvar,optimal,0.004878394133441848,0.010263384258512424,1.0263384258512425e-05
2025-05-27,bond_gov,0.5875,0.575855364083725,0.2999999999129458,0.19036801013241111,0.5367634731391497,cvar,optimal,0.004878394133441848,0.010263384258512424,1.0263384258512425e-05
2025-05-27,bond_corp,0.6125,0.6104685149416809,0.2999999999082431,0.19036801013241111,0.515223436380287,cvar,optimal,0.004878394133441848,0.010263384258512424,1.0263384258512425e-05
2025-05-27,csi_cb,0.2375,0.26242209513346837,0.2375300420867873,0.19036801013241111,0.76485322046457,cvar,optimal,0.004878394133441848,0.010263384258512424,1.0263384258512425e-05
2025-05-27,crude_sc,0.7375,0.7319498192586821,2.6389349113160897e-10,0.19036801013241111,0.5131596573658309,cvar,optimal,0.004878394133441848,0.010263384258512424,1.0263384258512425e-05
2025-05-27,gold_au,0.6875,0.651477543383896,0.08145424639738269,0.19036801013241111,0.5770624787137013,cvar,optimal,0.004878394133441848,0.010263384258512424,1.0263384258512425e-05
2025-05-27,spx,0.4125,0.41195572556636056,0.08101570986687978,0.19036801013241111,0.4646940713442145,cvar,optimal,0.004878394133441848,0.010263384258512424,1.0263384258512425e-05
2025-06-25,sse50,0.2125,0.2144665646113484,2.246444136392105e-09,0.2547385229360353,0.7658377676386177,cvar,optimal,0.004766599272232081,0.0009644627882070067,9.644627882070067e-07
2025-06-25,csi300,0.3125,0.32457143512024705,1.1247517706336085e-09,0.2547385229360353,0.6568833134206578,cvar,optimal,0.004766599272232081,0.0009644627882070067,9.644627882070067e-07
2025-06-25,csi500,0.7625,0.7726048705088986,6.086045974869287e-10,0.2547385229360353,0.31999622982504167,cvar,optimal,0.004766599272232081,0.0009644627882070067,9.644627882070067e-07
2025-06-25,csi1000,0.8875,0.8855334353886516,3.9340704814058585e-10,0.2547385229360353,0.6397553043357173,cvar,optimal,0.004766599272232081,0.0009644627882070067,9.644627882070067e-07
2025-06-25,bond_gov,0.5875,0.5855334353886517,0.29999999929653776,0.2547385229360353,0.5162071023161859,cvar,optimal,0.004766599272232081,0.0009644627882070067,9.644627882070067e-07
2025-06-25,bond_corp,0.6875,0.6630850823073492,0.2999999992703757,0.2547385229360353,0.556630191346311,cvar,optimal,0.004766599272232081,0.0009644627882070067,9.644627882070067e-07
2025-06-25,csi_cb,0.2625,0.2523951294911013,0.2365655805528557,0.2547385229360353,0.7512870904936989,cvar,optimal,0.004766599272232081,0.0009644627882070067,9.644627882070067e-07
2025-06-25,crude_sc,0.7375,0.7355334353886516,2.0500060723531805e-09,0.2547385229360353,0.5211340027829391,cvar,optimal,0.004766599272232081,0.0009644627882070067,9.644627882070067e-07
2025-06-25,gold_au,0.6375000000000001,0.6518100471837521,0.08224059904705694,0.2547385229360353,0.6106272347321712,cvar,optimal,0.004766599272232081,0.0009644627882070067,9.644627882070067e-07
2025-06-25,spx,0.4125,0.4144665646113484,0.08119381540996028,0.2547385229360353,0.45908193816688975,cvar,optimal,0.004766599272232081,0.0009644627882070067,9.644627882070067e-07
2025-07-23,sse50,0.325,0.2866289685270955,1.379922852892042e-09,0.2723599345461268,0.6939676184435108,cvar,optimal,0.004592327593961477,0.004990007035235595,4.990007035235595e-06
2025-07-23,csi300,0.45,0.4053868293240485,3.8111181287020727e-10,0.2723599345461268,0.6396661188649835,cvar,optimal,0.004592327593961477,0.004990007035235595,4.990007035235595e-06
2025-07-23,csi500,0.6875,0.7153654443284236,1.9242251605853802e-10,0.2723599345461268,0.43888193185040447,cvar,optimal,0.004592327593961477,0.004990007035235595,4.990007035235595e-06
2025-07-23,csi1000,0.2,0.43448963677886104,1.252685631418612e-10,0.2723599345461268,0.5538357842765063,cvar,optimal,0.004592327593961477,0.004990007035235595,4.990007035235595e-06
2025-07-23,bond_gov,0.4,0.46395171912150757,0.29999999978989605,0.2723599345461268,0.6764627248982953,cvar,optimal,0.004592327593961477,0.004990007035235595,4.990007035235595e-06
2025-07-23,bond_corp,0.8624999999999999,0.7959574587804643,0.2999999997832147,0.2723599345461268,0.7993434226331719,cvar,optimal,0.004592327593961477,0.004990007035235595,4.990007035235595e-06
2025-07-23,csi_cb,0.7124999999999999,0.5567311174285612,0.241555586581894,0.2723599345461268,0.3384804463545293,cvar,optimal,0.004592327593961477,0.004990007035235595,4.990007035235595e-06
2025-07-23,crude_sc,0.55,0.6139517191215076,3.6415538910360484e-10,0.2723599345461268,0.4009581712257911,cvar,optimal,0.004592327593961477,0.004990007035235595,4.990007035235595e-06
2025-07-23,gold_au,0.5,0.5514674407154135,0.0805269320960731,0.2723599345461268,0.4363989695439657,cvar,optimal,0.004592327593961477,0.004990007035235595,4.990007035235595e-06
2025-07-23,spx,0.8125,0.6760696658741172,0.077917479306041,0.2723599345461268,0.6699389987510779,cvar,optimal,0.004592327593961477,0.004990007035235595,4.990007035235595e-06
2025-08-20,sse50,0.7250000000000001,0.5771131597046959,5.684202879336959e-09,0.06265511713452475,0.3378293676115923,cvar,optimal,0.004224182609085057,0.009836749979680131,9.83674997968013e-06
2025-08-20,csi300,0.4625,0.4452425781389063,3.016595447952252e-09,0.06265511713452475,0.6487891181854587,cvar,optimal,0.004224182609085057,0.009836749979680131,9.83674997968013e-06
2025-08-20,csi500,0.4375,0.5303713495204905,1.9991018903337163e-09,0.06265511713452475,0.6065138148248037,cvar,optimal,0.004224182609085057,0.009836749979680131,9.83674997968013e-06
2025-08-20,csi1000,0.225,0.2812577532544789,1.3536444364282234e-09,0.06265511713452475,0.5716551984668166,cvar,optimal,0.004224182609085057,0.009836749979680131,9.83674997968013e-06
2025-08-20,bond_gov,0.3625,0.3930526974588658,0.29999999770301966,0.06265511713452475,0.5418052540518267,cvar,optimal,0.004224182609085057,0.009836749979680131,9.83674997968013e-06
2025-08-20,bond_corp,0.9,0.8706261674369351,0.2999999975725469,0.06265511713452475,0.8,cvar,optimal,0.004224182609085057,0.009836749979680131,9.83674997968013e-06
2025-08-20,csi_cb,0.4125,0.4730186559259913,0.23171884089975808,0.06265511713452475,0.570789146195949,cvar,optimal,0.004224182609085057,0.009836749979680131,9.83674997968013e-06
2025-08-20,crude_sc,0.5125,0.5430526974588656,7.942986924770348e-09,0.06265511713452475,0.5278370651456918,cvar,optimal,0.004224182609085057,0.009836749979680131,9.83674997968013e-06
2025-08-20,gold_au,0.5375000000000001,0.5375977898319568,0.08089811496390599,0.06265511713452475,0.46512453129937337,cvar,optimal,0.004224182609085057,0.009836749979680131,9.83674997968013e-06
2025-08-20,spx,0.925,0.848667151268814,0.08738302886423786,0.06265511713452475,0.7887345916395316,cvar,optimal,0.004224182609085057,0.009836749979680131,9.83674997968013e-06
2025-09-17,sse50,0.425,0.49023411550919477,3.67040659100754e-10,0.9248248113270693,0.4955365442941615,cvar,optimal,0.0045171177476826235,0.022177522068821377,2.217752206882138e-05
2025-09-17,csi300,0.5,0.48595141108234635,1.0889925276701079e-10,0.9248248113270693,0.6253203746632429,cvar,optimal,0.0045171177476826235,0.022177522068821377,2.217752206882138e-05
2025-09-17,csi500,0.45,0.469287389908733,6.106900970374251e-11,0.9248248113270693,0.5220359027035394,cvar,optimal,0.0045171177476826235,0.022177522068821377,2.217752206882138e-05
2025-09-17,csi1000,0.525,0.41968447803357595,4.363266767597057e-11,0.9248248113270693,0.602871756722879,cvar,optimal,0.0045171177476826235,0.022177522068821377,2.217752206882138e-05
2025-09-17,bond_gov,0.475,0.43992742262184414,0.29999999995501153,0.9248248113270693,0.611697524794184,cvar,optimal,0.0045171177476826235,0.022177522068821377,2.217752206882138e-05
2025-09-17,bond_corp,0.55,0.6665808295165568,0.2999999999531624,0.9248248113270693,0.6216516568177042,cvar,optimal,0.0045171177476826235,0.022177522068821377,2.217752206882138e-05
2025-09-17,csi_cb,0.4,0.4325826655065049,0.20954133812848025,0.9248248113270693,0.4685568276373466,cvar,optimal,0.0045171177476826235,0.022177522068821377,2.217752206882138e-05
2025-09-17,crude_sc,0.575,0.5570870546509812,1.1834641592073602e-10,0.9248248113270693,0.5272510339179488,cvar,optimal,0.0045171177476826235,0.022177522068821377,2.217752206882138e-05
2025-09-17,gold_au,0.625,0.5914340492616076,0.08605877852821385,0.9248248113270693,0.43378554255403035,cvar,optimal,0.0045171177476826235,0.022177522068821377,2.217752206882138e-05
2025-09-17,spx,0.975,0.9472305839086552,0.10439988273614399,0.9248248113270693,0.8,cvar,optimal,0.0045171177476826235,0.022177522068821377,2.217752206882138e-05
2025-10-23,sse50,0.4625,0.47524783474138954,4.7204310866979736e-08,0.2882026500306188,0.4636547137290464,cvar,optimal,0.004344950966860439,0.07724697949463225,7.724697949463225e-05
2025-10-23,csi300,0.5625,0.5418478295464505,5.395339025420709e-09,0.2882026500306188,0.6281132038121698,cvar,optimal,0.004344950966860439,0.07724697949463225,7.724697949463225e-05
2025-10-23,csi500,0.175,0.25203328078662635,2.2760197147781277e-09,0.2882026500306188,0.6764298609667363,cvar,optimal,0.004344950966860439,0.07724697949463225,7.724697949463225e-05
2025-10-23,csi1000,0.5375000000000001,0.5105689532691217,1.7720500322478063e-09,0.2882026500306188,0.5979238458969681,cvar,optimal,0.004344950966860439,0.07724697949463225,7.724697949463225e-05
2025-10-23,bond_gov,0.5125000000000001,0.4930931246078185,0.29999999761979135,0.2882026500306188,0.5981646770869105,cvar,optimal,0.004344950966860439,0.07724697949463225,7.724697949463225e-05
2025-10-23,bond_corp,0.8875,0.8190461034267069,0.2999999975138126,0.2882026500306188,0.6744107281221988,cvar,optimal,0.004344950966860439,0.07724697949463225,7.724697949463225e-05
2025-10-23,csi_cb,0.4875,0.4636537641739571,0.2716666288924219,0.2882026500306188,0.5376227117473955,cvar,optimal,0.004344950966860439,0.07724697949463225,7.724697949463225e-05
2025-10-23,crude_sc,0.6375000000000001,0.6148990592353251,0.015121632781958896,0.2882026500306188,0.5343405247218078,cvar,optimal,0.004344950966860439,0.07724697949463225,7.724697949463225e-05
2025-10-23,gold_au,0.325,0.40327857584799426,0.04167121136845292,0.2882026500306188,0.2490194497605051,cvar,optimal,0.004344950966860439,0.07724697949463225,7.724697949463225e-05
2025-10-23,spx,0.9125,0.9263314743646102,0.07154047517584254,0.2882026500306188,0.7837637991988784,cvar,optimal,0.004344950966860439,0.07724697949463225,7.724697949463225e-05
2025-11-20,sse50,0.4625,0.4597571256223695,0.0017220586414180034,0.06177870190068273,0.4471208072366253,cvar,optimal,0.00443464548322375,0.026120608887968213,2.6120608887968214e-05
2025-11-20,csi300,0.5375000000000001,0.5411246211810277,1.9897595242248191e-10,0.06177870190068273,0.5976367744668529,cvar,optimal,0.00443464548322375,0.026120608887968213,2.6120608887968214e-05
2025-11-20,csi500,0.2125,0.22032029438700645,7.798587389748844e-11,0.06177870190068273,0.6980639467721884,cvar,optimal,0.00443464548322375,0.026120608887968213,2.6120608887968214e-05
2025-11-20,csi1000,0.3375,0.4021543363574183,6.411078356559393e-11,0.06177870190068273,0.5066359679061514,cvar,optimal,0.00443464548322375,0.026120608887968213,2.6120608887968214e-05
2025-11-20,bond_gov,0.5125000000000001,0.5097571256223695,0.2999999999219241,0.06177870190068273,0.5977919742346256,cvar,optimal,0.00443464548322375,0.026120608887968213,2.6120608887968214e-05
2025-11-20,bond_corp,0.8374999999999999,0.8292062875554818,0.2999999999187942,0.06177870190068273,0.789871253012195,cvar,optimal,0.00443464548322375,0.026120608887968213,2.6120608887968214e-05
2025-11-20,csi_cb,0.4875,0.48109995978552866,0.2960569507085477,0.06177870190068273,0.5006418847049126,cvar,optimal,0.00443464548322375,0.026120608887968213,2.6120608887968214e-05
2025-11-20,crude_sc,1.0,0.87658540478631,0.015129903709579907,0.06177870190068273,0.8,cvar,optimal,0.00443464548322375,0.026120608887968213,2.6120608887968214e-05
2025-11-20,gold_au,0.3,0.33013907349812327,0.03894219148546611,0.06177870190068273,0.35525350489151764,cvar,optimal,0.00443464548322375,0.026120608887968213,2.6120608887968214e-05
2025-11-20,spx,0.8125,0.8498557712043653,0.04814889527319743,0.06177870190068273,0.7662178610346553,cvar,optimal,0.00443464548322375,0.026120608887968213,2.6120608887968214e-05
2025-12-18,sse50,0.375,0.40502935605098983,7.277121990277416e-10,0.22108082269698462,0.5481926467957656,cvar,optimal,0.004370320894245777,0.05222372287384666,5.222372287384666e-05
2025-12-18,csi300,0.425,0.46596690185716005,8.05403431257214e-11,0.22108082269698462,0.5471919547391058,cvar,optimal,0.004370320894245777,0.05222372287384666,5.222372287384666e-05
2025-12-18,csi500,0.35,0.2992744172324705,3.184823297549111e-11,0.22108082269698462,0.6325269359843463,cvar,optimal,0.004370320894245777,0.05222372287384666,5.222372287384666e-05
2025-12-18,csi1000,0.475,0.4466728502526869,2.7181762872133836e-11,0.22108082269698462,0.5074700548167573,cvar,optimal,0.004370320894245777,0.05222372287384666,5.222372287384666e-05
2025-12-18,bond_gov,0.4,0.4386091720655584,0.2999999999701999,0.22108082269698462,0.6516672502630032,cvar,optimal,0.004370320894245777,0.05222372287384666,5.222372287384666e-05
2025-12-18,bond_corp,0.5,0.6205429757798785,0.29999999996863735,0.22108082269698462,0.5015490605820363,cvar,optimal,0.004370320894245777,0.05222372287384666,5.222372287384666e-05
2025-12-18,csi_cb,0.325,0.3807688040946955,0.2606851893395861,0.22108082269698462,0.48765217238165576,cvar,optimal,0.004370320894245777,0.05222372287384666,5.222372287384666e-05
2025-12-18,crude_sc,0.925,0.9165523660654805,3.1990290600506954e-10,0.22108082269698462,0.8,cvar,optimal,0.004370320894245777,0.05222372287384666,5.222372287384666e-05
2025-12-18,gold_au,0.9,0.696442145441957,0.06354184444602047,0.22108082269698462,0.5504676686516178,cvar,optimal,0.004370320894245777,0.05222372287384666,5.222372287384666e-05
2025-12-18,spx,0.8250000000000001,0.8301410111591226,0.07577296508837082,0.22108082269698462,0.7605603781153052,cvar,optimal,0.004370320894245777,0.05222372287384666,5.222372287384666e-05
2026-01-19,sse50,0.4125,0.40829319299340344,2.9876595734916935e-09,0.27441786279598757,0.520908348317175,cvar,optimal,0.004370351778010486,9.452608537674658e-05,9.452608537674658e-08
2026-01-19,csi300,0.4875,0.477624724408928,3.0245241167970744e-10,0.27441786279598757,0.5261180180514066,cvar,optimal,0.004370351778010486,9.452608537674658e-05,9.452608537674658e-08
2026-01-19,csi500,0.4375,0.3983288285388114,1.2104303712647087e-10,0.27441786279598757,0.6255118864141042,cvar,optimal,0.004370351778010486,9.452608537674658e-05,9.452608537674658e-08
2026-01-19,csi1000,0.4625,0.4545944946169463,9.990267281504391e-11,0.27441786279598757,0.6033970150710801,cvar,optimal,0.004370351778010486,9.452608537674658e-05,9.452608537674658e-08
2026-01-19,bond_gov,0.3625,0.38389039048706286,0.2999999998923938,0.27441786279598757,0.5205730552327327,cvar,optimal,0.004370351778010486,9.452608537674658e-05,9.452608537674658e-08
2026-01-19,bond_corp,0.5875,0.589139839304919,0.29999999988639703,0.27441786279598757,0.4236337467549472,cvar,optimal,0.004370351778010486,9.452608537674658e-05,9.452608537674658e-08
2026-01-19,csi_cb,0.3875,0.38192062027904455,0.260736322845574,0.27441786279598757,0.501816305995188,cvar,optimal,0.004370351778010486,9.452608537674658e-05,9.452608537674658e-08
2026-01-19,crude_sc,0.975,0.9658110107661073,1.4115748427859217e-09,0.27441786279598757,0.8,cvar,optimal,0.004370351778010486,9.452608537674658e-05,9.452608537674658e-08
2026-01-19,gold_au,0.5125,0.5821037056113736,0.06358523328996221,0.27441786279598757,0.5659709849616006,cvar,optimal,0.004370351778010486,9.452608537674658e-05,9.452608537674658e-08
2026-01-19,spx,0.875,0.8582931929934033,0.07567843916304048,0.27441786279598757,0.7570177513790409,cvar,optimal,0.004370351778010486,9.452608537674658e-05,9.452608537674658e-08
2026-02-24,sse50,0.475,0.4551566655102839,0.053791316212731026,0.6680011325838832,0.5639974655640272,cvar,optimal,0.005299218808868465,0.07125409692108511,7.125409692108511e-05
2026-02-24,csi300,0.5,0.4922609808483558,1.13259210409817e-09,0.6680011325838832,0.610018293760244,cvar,optimal,0.005299218808868465,0.07125409692108511,7.125409692108511e-05
2026-02-24,csi500,0.425,0.42245624027791434,3.0019503632378094e-10,0.6680011325838832,0.5129389995116511,cvar,optimal,0.005299218808868465,0.07125409692108511,7.125409692108511e-05
2026-02-24,csi1000,0.55,0.5266752025596805,2.6292305339449255e-10,0.6680011325838832,0.5375778570149373,cvar,optimal,0.005299218808868465,0.07125409692108511,7.125409692108511e-05
2026-02-24,bond_gov,0.4,0.39220711085566223,0.2999999998300338,0.6680011325838832,0.5217496472934995,cvar,optimal,0.005299218808868465,0.07125409692108511,7.125409692108511e-05
2026-02-24,bond_corp,0.525,0.5362743520949412,0.2999999998199477,0.6680011325838832,0.5889899980456527,cvar,optimal,0.005299218808868465,0.07125409692108511,7.125409692108511e-05
2026-02-24,csi_cb,0.45,0.42844286903132894,0.25306745887237025,0.6680011325838832,0.5312954695855063,cvar,optimal,0.005299218808868465,0.07125409692108511,7.125409692108511e-05
2026-02-24,crude_sc,0.625,0.7182991897612784,0.005641973936410812,0.6680011325838832,0.5520479139453005,cvar,optimal,0.005299218808868465,0.07125409692108511,7.125409692108511e-05
2026-02-24,gold_au,0.6,0.602382149744005,4.708902441134824e-10,0.6680011325838832,0.47413447643576234,cvar,optimal,0.005299218808868465,0.07125409692108511,7.125409692108511e-05
2026-02-24,spx,0.95,0.9258452393165496,0.08749924916190613,0.6680011325838832,0.7406765373472769,cvar,optimal,0.005299218808868465,0.07125409692108511,7.125409692108511e-05
2026-03-24,sse50,0.4,0.4200167781351848,0.0728401222264306,0.0879470506294093,0.5872281561387998,cvar,optimal,0.005581593799402541,0.04745468413964973,4.7454684139649734e-05
2026-03-24,csi300,0.425,0.44867394397202554,6.916946966806327e-10,0.0879470506294093,0.5381729135349014,cvar,optimal,0.005581593799402541,0.04745468413964973,4.7454684139649734e-05
2026-03-24,csi500,0.35,0.3755025268904459,1.3579090998845912e-10,0.0879470506294093,0.5637367182796367,cvar,optimal,0.005581593799402541,0.04745468413964973,4.7454684139649734e-05
2026-03-24,csi1000,0.45,0.4763842736938429,1.2743171120798227e-10,0.0879470506294093,0.5312183966398738,cvar,optimal,0.005581593799402541,0.04745468413964973,4.7454684139649734e-05
2026-03-24,bond_gov,0.325,0.3468453610536051,0.29999999988620524,0.0879470506294093,0.5719582759358114,cvar,optimal,0.005581593799402541,0.04745468413964973,4.7454684139649734e-05
2026-03-24,bond_corp,0.8374999999999999,0.739620476332569,0.2999999998845493,0.0879470506294093,0.7167264900068379,cvar,optimal,0.005581593799402541,0.04745468413964973,4.7454684139649734e-05
2026-03-24,csi_cb,0.375,0.3950167781351847,0.2056127755769377,0.0879470506294093,0.5507632529156802,cvar,optimal,0.005581593799402541,0.04745468413964973,4.7454684139649734e-05
2026-03-24,crude_sc,0.975,0.8858550621787857,0.027272691108902493,0.0879470506294093,0.8,cvar,optimal,0.005581593799402541,0.04745468413964973,4.7454684139649734e-05
2026-03-24,gold_au,0.55,0.5599921167396857,3.6746585574556215e-10,0.0879470506294093,0.37761645372668334,cvar,optimal,0.005581593799402541,0.04745468413964973,4.7454684139649734e-05
2026-03-24,spx,0.8125,0.8520926828686709,0.09427440999459144,0.0879470506294093,0.739387903539328,cvar,optimal,0.005581593799402541,0.04745468413964973,4.7454684139649734e-05
2026-04-22,sse50,0.4375,0.4318346868183912,0.11263971499850034,0.2282757823958344,0.5763444193270407,cvar,optimal,0.004211671708694845,0.10228401751912106,0.00010228401751912105
2026-04-22,csi300,0.5125,0.49006351310070445,0.01769602706782759,0.2282757823958344,0.4669869169540257,cvar,optimal,0.004211671708694845,0.10228401751912106,0.00010228401751912105
2026-04-22,csi500,0.3875,0.3818346868183912,6.714734350018769e-09,0.2282757823958344,0.5626046487668076,cvar,optimal,0.004211671708694845,0.10228401751912106,0.00010228401751912105
2026-04-22,csi1000,0.5375000000000001,0.5173678688029234,1.0440711664568901e-08,0.2282757823958344,0.4720504292477151,cvar,optimal,0.004211671708694845,0.10228401751912106,0.00010228401751912105
2026-04-22,bond_gov,0.3625,0.35683468681839126,0.29999999588295906,0.2282757823958344,0.5452094495117827,cvar,optimal,0.004211671708694845,0.10228401751912106,0.00010228401751912105
2026-04-22,bond_corp,0.8624999999999999,0.8253099668634218,0.29999999657966575,0.2282757823958344,0.6013823092993403,cvar,optimal,0.004211671708694845,0.10228401751912106,0.00010228401751912105
2026-04-22,csi_cb,0.4125,0.40683468681839124,0.10979313957044799,0.2282757823958344,0.5547624513718171,cvar,optimal,0.004211671708694845,0.10228401751912106,0.00010228401751912105
2026-04-22,crude_sc,0.5875,0.6852156164810096,0.020808316904400857,0.2282757823958344,0.523180886709164,cvar,optimal,0.004211671708694845,0.10228401751912106,0.00010228401751912105
2026-04-22,gold_au,0.4625,0.4964582654103894,3.0112014413521586e-09,0.2282757823958344,0.5812155946293727,cvar,optimal,0.004211671708694845,0.10228401751912106,0.00010228401751912105
2026-04-22,spx,0.9375,0.9082460220679864,0.1390627888295509,0.2282757823958344,0.7897800613164294,cvar,optimal,0.004211671708694845,0.10228401751912106,0.00010228401751912105
2026-05-25,sse50,0.4375,0.4344527724125214,0.08823326652263627,0.16276423557146263,0.5986247657219091,cvar,optimal,0.004210197703523841,0.028344072994755116,2.8344072994755116e-05
2026-05-25,csi300,0.4875,0.4879714680955201,0.013758403378311792,0.16276423557146263,0.5395853286862469,cvar,optimal,0.004210197703523841,0.028344072994755116,2.8344072994755116e-05
2026-05-25,csi500,0.1624999999999999,0.22768776460925358,6.755777416532746e-09,0.16276423557146263,0.7375899459618933,cvar,optimal,0.004210197703523841,0.028344072994755116,2.8344072994755116e-05
2026-05-25,csi1000,0.2375,0.3213697918915262,1.6444694006994376e-08,0.16276423557146263,0.5639584381296855,cvar,optimal,0.004210197703523841,0.028344072994755116,2.8344072994755116e-05
2026-05-25,bond_gov,0.3625,0.3594527724125214,0.2999999977329816,0.16276423557146263,0.5342570699966108,cvar,optimal,0.004210197703523841,0.028344072994755116,2.8344072994755116e-05
2026-05-25,bond_corp,0.8250000000000001,0.8343410136411362,0.29999999770218827,0.16276423557146263,0.7370600283300222,cvar,optimal,0.004210197703523841,0.028344072994755116,2.8344072994755116e-05
2026-05-25,csi_cb,0.675,0.5923452815163337,0.12254257661295642,0.16276423557146263,0.4154012914973603,cvar,optimal,0.004210197703523841,0.028344072994755116,2.8344072994755116e-05
2026-05-25,crude_sc,1.0,0.9063905327099366,0.02091768241722267,0.16276423557146263,0.8,cvar,optimal,0.004210197703523841,0.028344072994755116,2.8344072994755116e-05
2026-05-25,gold_au,0.5375000000000001,0.5218652003052061,2.1818262888900745e-09,0.16276423557146263,0.47060968572037265,cvar,optimal,0.004210197703523841,0.028344072994755116,2.8344072994755116e-05
2026-05-25,spx,0.7750000000000001,0.8141234024060446,0.15454805025140542,0.16276423557146263,0.7021459001999111,cvar,optimal,0.004210197703523841,0.028344072994755116,2.8344072994755116e-05
