date,上证50,沪深300,中证500,中证1000,恒生指数,中债国债,中债企业债,中证转债,布伦特原油,沪金,标普500,美元兑人民币
2018-01-01,,,,,,,,285.99,66.62,,,6.50570011138916
2018-01-02,2908.732,4087.401,6332.227,7092.095,30515.311,147.4437,165.0237,285.99,66.55,279.4,2695.81005859375,6.505799770355225
2018-01-03,2913.26,4111.393,6388.253,7159.876,30560.949,147.4054,165.0774,289.67,67.92,280.35,2713.06005859375,6.49399995803833
2018-01-04,2919.479,4128.812,6417.535,7174.865,30736.48,147.2246,165.1043,290.19,67.98,279.0,2723.989990234375,6.5030999183654785
2018-01-05,2932.356,4138.751,6417.254,7176.868,30814.641,147.4011,165.1658,292.84,67.79,279.85,2743.14990234375,6.493299961090088
2018-01-08,2947.761,4160.16,6446.182,7188.291,30899.529,147.5691,165.2774,292.97,67.92,280.2,2747.7099609375,6.487500190734863
2018-01-09,2969.318,4189.298,6445.746,7176.742,31011.41,147.5858,165.382,291.52,69.16,280.55,2751.2900390625,6.497600078582764
2018-01-10,2995.564,4207.813,6405.94,7138.781,31073.721,147.557,165.3787,291.69,69.1,279.95,2748.22998046875,6.529399871826172
2018-01-11,2997.045,4205.586,6425.94,7175.398,31120.391,147.4467,165.3388,290.97,69.11,280.85,2767.56005859375,6.507199764251709
2018-01-12,3018.596,4225.001,6399.374,7127.828,31412.539,147.4641,165.3269,291.26,69.81,281.55,2786.239990234375,6.490200042724609
2018-01-15,3048.808,4225.239,6253.376,6929.307,31338.869,147.4461,165.4117,289.48,70.22,282.05,,6.456200122833252
2018-01-16,3063.861,4258.473,6301.133,6960.677,31904.75,147.4463,165.4109,291.08,69.32,281.85,2776.419921875,6.435200214385986
2018-01-17,3076.182,4248.116,6267.46,6942.863,31983.41,147.3694,165.3822,291.86,69.45,280.8,2802.56005859375,6.442299842834473
2018-01-18,3106.552,4271.417,6286.801,6955.232,32121.939,147.3116,165.4061,294.79,69.14,279.25,2798.030029296875,6.43209981918335
2018-01-19,3117.821,4285.395,6272.38,6938.312,32254.891,147.4291,165.3776,298.24,68.65,278.35,2810.300048828125,6.420599937438965
2018-01-22,3130.33,4336.597,6347.638,7014.548,32393.41,147.5231,165.4219,301.47,69.23,278.5,2832.969970703125,6.4029998779296875
2018-01-23,3176.504,4382.613,6354.998,7019.975,32930.699,147.6227,165.4546,306.45,69.84,279.4,2839.1298828125,6.404399871826172
2018-01-24,3180.332,4389.885,6394.3,7072.406,32958.691,147.5925,165.4659,310.07,70.75,280.7,2837.5400390625,6.402900218963623
2018-01-25,3157.459,4365.079,6382.717,7062.635,32654.449,147.6572,165.4713,309.76,70.04,281.75,2839.25,6.36929988861084
2018-01-26,3172.778,4381.3,6383.631,7056.013,33154.121,147.6964,165.4722,309.82,69.94,279.95,2872.8701171875,6.322800159454346
2018-01-29,3120.695,4302.018,6309.884,6972.479,32966.891,147.751,165.5522,304.24,69.16,278.7,2853.530029296875,6.315899848937988
2018-01-30,3079.118,4256.102,6313.442,6955.243,32607.289,147.7206,165.5713,300.95,68.11,276.35,2822.429931640625,6.336299896240234
2018-01-31,3116.833,4275.899,6189.341,6791.009,32887.27,147.8019,165.6104,302.24,68.88,276.6,2823.81005859375,6.321100234985352
2018-02-01,3141.23,4245.898,5984.743,6506.453,32642.09,147.8382,165.6057,299.42,69.78,276.05,2821.97998046875,6.2881999015808105
2018-02-02,3149.641,4271.233,6004.849,6487.867,32601.779,147.8692,165.7019,302.54,68.23,276.4,2762.1298828125,6.298399925231934
2018-02-05,3181.339,4274.146,5998.224,6461.813,32245.221,147.8133,165.7384,306.71,66.92,274.0,2648.93994140625,6.307600021362305
2018-02-06,3117.491,4148.886,5704.264,6142.668,30595.42,147.9916,165.8178,302.22,67.22,276.0,2695.139892578125,6.289700031280518
2018-02-07,3029.601,4050.497,5711.332,6158.257,30323.199,148.0769,165.8412,300.05,65.35,272.3,2681.659912109375,6.28249979019165
2018-02-08,2945.844,4012.047,5766.48,6238.221,30451.27,148.0834,165.9478,295.02,64.31,271.7,2581.0,6.267600059509277
2018-02-09,2810.027,3840.653,5554.897,6053.02,29507.42,148.1121,165.9664,287.81,62.71,273.05,2619.550048828125,6.326300144195557
2018-02-11,,,,,,148.1441,166.0742,,,,,
2018-02-12,2805.211,3890.105,5699.098,6203.752,29459.631,148.2043,166.0913,292.0,62.66,272.9,2656.0,6.286900043487549
2018-02-13,2852.717,3935.632,5736.951,6216.51,29839.529,148.2358,166.1193,294.05,62.6,274.25,2662.93994140625,6.326499938964844
2018-02-14,2871.787,3966.961,5754.834,6230.663,30515.6,148.2979,166.1645,294.96,64.35,276.1,2698.6298828125,6.340000152587891
2018-02-15,,,,,31115.43,,,,64.53,,2731.199951171875,6.3460001945495605
2018-02-16,,,,,,,,,64.9,,2732.219970703125,6.3471999168396
2018-02-19,,,,,,,,,65.62,,,6.340099811553955
2018-02-20,,,,,30873.631,,,,65.11,,2716.260009765625,6.348400115966797
2018-02-21,,,,,31431.891,,,,65.06,,2701.330078125,6.346199989318848
2018-02-22,2931.882,4052.733,5875.727,6347.083,30965.68,148.3547,166.4475,298.59,66.18,273.65,2703.9599609375,6.34660005569458
2018-02-23,2957.171,4071.089,5897.677,6365.916,31267.17,148.3901,166.4738,298.81,67.1,274.6,2747.300048828125,6.350200176239014
2018-02-24,,,,,,148.4212,166.5276,,,,,
2018-02-26,2973.786,4118.419,6029.68,6507.128,31498.6,148.6771,166.6427,301.16,67.53,275.85,2779.60009765625,6.327300071716309
2018-02-27,2927.097,4058.981,6010.557,6529.38,31268.66,148.9083,166.7351,298.73,66.33,274.4,2744.280029296875,6.3140997886657715
2018-02-28,2878.667,4023.642,6023.677,6563.808,30844.721,149.0879,166.8456,297.47,64.75,272.05,2713.830078125,6.316699981689453
2018-03-01,2891.298,4049.086,6090.225,6658.578,31044.25,149.0616,166.9308,297.83,64.2,271.7,2677.669921875,6.330900192260742
2018-03-02,2864.183,4016.461,6056.335,6632.371,30583.449,149.063,166.9488,295.53,64.56,272.7,2691.25,6.357399940490723
2018-03-05,2863.991,4018.097,6064.098,6674.277,29886.391,148.9668,167.0086,294.16,65.56,273.65,2720.93994140625,6.350299835205078
2018-03-06,2892.475,4066.565,6145.577,6735.859,30510.73,148.9746,167.043,297.08,65.53,273.3,2728.1201171875,6.348899841308594
2018-03-07,2878.151,4036.654,6086.487,6688.545,30196.92,149.0802,167.1032,296.17,64.57,274.5,2726.800048828125,6.3094000816345215
2018-03-08,2898.254,4077.6,6131.514,6725.183,30654.52,149.1318,167.1401,296.74,63.87,274.0,2738.969970703125,6.324999809265137
2018-03-09,2908.197,4108.865,6206.975,6837.126,30996.211,149.3105,167.124,298.17,65.49,272.55,2786.570068359375,6.341599941253662
2018-03-12,2909.579,4127.666,6295.778,6947.46,31594.33,149.4368,167.2142,299.43,64.95,272.5,2783.02001953125,6.328499794006348
2018-03-13,2883.377,4091.253,6254.146,6911.666,31601.449,149.4119,167.1989,298.85,64.73,272.3,2765.31005859375,6.329100131988525
2018-03-14,2871.334,4073.345,6189.317,6834.835,31435.01,149.4071,167.2462,297.27,64.9,272.75,2749.47998046875,6.320400238037109
2018-03-15,2894.983,4096.163,6180.111,6824.052,31541.1,149.3906,167.2566,296.83,65.01,272.5,2747.330078125,6.315999984741211
2018-03-16,2870.732,4056.423,6146.306,6805.926,31501.971,149.3924,167.2817,296.83,65.99,271.35,2752.010009765625,6.320899963378906
2018-03-19,2897.256,4074.248,6153.834,6820.502,31513.76,149.4424,167.3392,296.93,66.1,270.05,2712.919921875,6.338200092315674
2018-03-20,2904.397,4077.704,6173.698,6822.255,31549.93,149.5582,167.3715,296.58,67.59,271.2,2716.93994140625,6.331600189208984
2018-03-21,2894.184,4061.05,6129.204,6771.055,31414.52,149.5458,167.4256,296.03,69.82,271.15,2711.929931640625,6.332900047302246
2018-03-22,2866.67,4020.349,6101.228,6764.69,31071.051,149.6717,167.4997,295.04,68.3,273.5,2643.68994140625,6.3206000328063965
2018-03-23,2791.467,3904.936,5787.152,6402.893,30309.289,149.9748,167.7433,290.82,69.75,276.5,2588.260009765625,6.334700107574463
2018-03-26,2738.868,3879.893,5902.959,6515.251,30548.77,150.0035,167.9424,291.61,69.52,276.15,2658.550048828125,6.320000171661377
2018-03-27,2747.587,3913.269,6034.775,6680.844,30790.83,149.9372,167.9411,292.63,68.89,275.8,2612.6201171875,6.27239990234375
2018-03-28,2694.826,3842.716,5973.341,6635.873,30022.529,149.868,168.0366,291.46,69.0,274.2,2605.0,6.281799793243408
2018-03-29,2738.791,3894.05,6034.857,6684.275,30093.381,149.7966,168.0934,293.08,69.35,271.05,2640.8701171875,6.295599937438965
2018-03-30,2722.153,3898.498,6114.738,6798.668,,149.8402,168.1017,293.86,69.35,271.55,,6.288899898529053
2018-04-02,2711.374,3886.919,6121.964,6835.875,,149.9073,168.2874,295.18,67.69,271.75,2581.8798828125,6.282199859619141
2018-04-03,2697.272,3862.48,6059.709,6769.558,30180.1,149.9032,168.3944,294.59,68.19,273.75,2614.449951171875,6.279399871826172
2018-04-04,2702.369,3854.863,6017.686,6708.922,29518.689,149.9643,168.4995,295.28,68.23,273.4,2644.68994140625,6.288400173187256
2018-04-05,,,,,,,,,68.5,,2662.840087890625,6.304200172424316
2018-04-06,,,,,29844.939,,,,67.44,,2604.469970703125,6.3024001121521
2018-04-08,,,,,,150.0301,168.6321,,,,,
2018-04-09,2715.732,3852.929,6025.649,6718.649,30229.58,150.3249,168.7821,295.94,68.55,272.55,2613.159912109375,6.308599948883057
2018-04-10,2780.804,3927.173,6063.742,6720.774,30728.74,150.3741,168.9073,297.73,71.15,272.7,2656.8701171875,6.3053998947143555
2018-04-11,2785.339,3938.343,6086.613,6759.812,30897.711,150.4603,168.9479,298.67,72.0,274.3,2642.18994140625,6.281599998474121
2018-04-12,2749.699,3898.635,6051.335,6727.645,30831.279,150.5874,169.0375,297.04,72.08,275.2,2663.989990234375,6.268599987030029
2018-04-13,2726.396,3871.144,6027.187,6721.663,30808.381,150.8713,169.1005,295.69,72.5,273.15,2656.300048828125,6.290999889373779
2018-04-16,2664.705,3808.863,6012.405,6717.931,30315.59,151.1552,169.2719,293.86,72.01,274.25,2677.840087890625,6.274099826812744
2018-04-17,2635.703,3748.641,5890.857,6564.692,30062.75,151.2968,169.3649,292.92,71.44,274.65,2706.389892578125,6.275700092315674
2018-04-18,2653.769,3766.282,5970.658,6661.291,30284.25,152.3109,170.0747,295.73,73.2,274.5,2708.639892578125,6.2804999351501465
2018-04-19,2682.552,3811.843,6004.733,6677.09,30708.439,152.2936,170.1125,295.82,73.58,275.2,2693.1298828125,6.273399829864502
2018-04-20,2647.376,3760.854,5880.836,6535.963,30418.33,152.3789,170.1398,293.56,73.71,273.85,2670.139892578125,6.27810001373291
2018-04-23,2664.918,3766.326,5823.921,6466.519,30254.4,152.3934,170.1557,290.58,75.03,272.55,2670.2900390625,6.295499801635742
2018-04-24,2722.847,3843.489,5957.193,6606.584,30636.24,152.4935,170.126,294.77,73.88,271.85,2634.56005859375,6.316100120544434
2018-04-25,2702.98,3828.702,5959.422,6632.019,30328.15,152.4662,170.1687,294.25,74.06,271.6,2639.39990234375,6.3059000968933105
2018-04-26,2666.024,3755.494,5847.977,6510.534,30007.68,152.3565,170.099,292.13,74.74,271.9,2666.93994140625,6.324699878692627
2018-04-27,2653.544,3756.877,5860.984,6517.054,30280.67,152.2532,170.0424,293.21,74.42,271.15,2669.909912109375,6.335400104522705
2018-04-28,,,,,,152.332,169.9929,,,,,
2018-04-30,,,,,30808.449,,,,74.67,,2648.050048828125,6.336999893188477
2018-05-01,,,,,,,,,73.38,,2654.800048828125,6.332099914550781
2018-05-02,2652.731,3763.646,5855.323,6486.814,30723.881,152.2232,169.9959,292.15,73.06,270.4,2635.669921875,6.332300186157227
2018-05-03,2663.975,3793.0,5910.606,6545.274,30313.369,152.4283,169.9525,293.35,73.72,274.15,2629.72998046875,6.361499786376953
2018-05-04,2646.355,3774.598,5909.294,6531.293,29926.5,152.5639,169.9378,294.17,74.96,274.3,2663.419921875,6.352700233459473
2018-05-07,2683.849,3834.188,6019.141,6646.584,29994.26,152.3689,170.0115,296.63,75.53,275.15,2672.6298828125,6.361700057983398
2018-05-08,2722.88,3878.677,6041.814,6678.145,30402.811,152.1443,169.8857,298.26,75.95,274.95,2671.919921875,6.366099834442139
2018-05-09,2717.239,3871.615,6029.233,6674.909,30536.141,151.922,169.78,297.72,77.35,274.6,2697.7900390625,6.369699954986572
2018-05-10,2729.4,3893.057,6040.572,6703.211,30809.221,151.9989,169.7005,297.35,77.5,274.8,2723.070068359375,6.361400127410889
2018-05-11,2724.716,3872.838,5991.342,6636.767,31122.061,152.0955,169.6488,296.62,76.99,275.2,2727.719970703125,6.348199844360352
2018-05-14,2753.535,3909.293,5967.554,6591.73,31541.08,152.0584,169.6838,295.81,78.52,275.15,2730.1298828125,6.333099842071533
2018-05-15,2750.831,3924.098,6020.57,6661.129,31152.029,152.0249,169.6297,296.37,78.12,273.8,2711.449951171875,6.3383002281188965
2018-05-16,2716.782,3892.844,6004.07,6622.641,31110.199,151.9342,169.5964,295.21,79.33,271.25,2722.4599609375,6.376800060272217
2018-05-17,2700.877,3864.051,5973.779,6591.255,30942.15,151.8342,169.5899,294.64,79.56,269.85,2720.1298828125,6.370500087738037
2018-05-18,2740.535,3903.064,5995.15,6620.775,31047.91,151.7513,169.6018,295.59,78.71,270.3,2712.969970703125,6.366199970245361
2018-05-21,2745.804,3921.242,6072.199,6697.144,31234.35,151.8889,169.6834,296.92,79.43,269.5,2733.010009765625,6.382800102233887
2018-05-22,2728.0,3906.208,6092.907,6724.398,,152.0487,169.6822,296.6,79.44,270.25,2724.43994140625,6.381100177764893
2018-05-23,2683.693,3854.583,6013.847,6652.292,30665.641,152.0584,169.7129,294.46,79.69,270.5,2733.2900390625,6.364200115203857
2018-05-24,2665.676,3827.217,5992.621,6628.502,30760.41,152.1759,169.7828,292.78,78.82,272.25,2727.760009765625,6.388800144195557
2018-05-25,2661.291,3816.498,5917.798,6541.45,30588.039,152.2429,169.7945,291.14,76.42,273.55,2721.330078125,6.376399993896484
2018-05-28,2673.199,3833.26,5891.263,6490.405,30792.26,152.3035,169.8568,290.21,75.32,272.35,,6.368599891662598
2018-05-29,2663.403,3804.009,5835.446,6436.773,30484.58,152.2657,169.8302,287.33,75.56,273.25,2689.860107421875,6.3983001708984375
2018-05-30,2605.901,3723.372,5682.588,6232.416,30056.789,152.3692,169.8272,284.34,77.86,274.15,2724.010009765625,6.416600227355957
2018-05-31,2658.292,3802.376,5754.475,6315.172,30468.561,152.2601,169.747,285.6,77.61,274.5,2705.27001953125,6.418000221252441
2018-06-01,2647.187,3770.589,5685.116,6243.732,30492.91,152.2289,169.7252,285.04,76.71,273.85,2734.6201171875,6.409299850463867
2018-06-04,2694.577,3807.578,5683.149,6215.609,30997.98,152.1038,169.7622,283.32,75.37,272.4,2746.8701171875,6.419400215148926
2018-06-05,2707.017,3845.316,5779.078,6316.419,31093.449,152.0752,169.6834,285.37,74.96,271.9,2748.800048828125,6.4070000648498535
2018-06-06,2692.181,3837.351,5774.258,6320.474,31259.1,151.9926,169.7087,285.37,75.86,272.4,2772.35009765625,6.40500020980835
2018-06-07,2695.237,3831.013,5738.018,6274.884,31512.631,151.9537,169.6685,286.5,77.44,272.15,2770.3701171875,6.387899875640869
2018-06-08,2652.082,3779.616,5669.303,6205.956,30958.211,152.2252,169.6334,284.17,76.34,272.1,2779.030029296875,6.392099857330322
2018-06-11,2660.408,3779.982,5632.357,6151.938,31063.699,152.1785,169.6203,283.74,76.36,272.7,2782.0,6.405700206756592
2018-06-12,2687.702,3825.953,5693.346,6199.154,31103.061,151.9394,169.6059,285.03,75.43,272.4,2786.85009765625,6.391600131988525
2018-06-13,2671.627,3788.339,5607.017,6092.345,30725.15,152.0141,169.5697,284.27,76.56,272.1,2775.6298828125,6.4004998207092285
2018-06-14,2671.298,3773.366,5586.931,6060.129,30440.17,152.1776,169.5896,283.35,75.9,273.35,2782.489990234375,6.397299766540527
2018-06-15,2667.975,3753.434,5483.945,5928.073,30309.49,152.3317,169.6097,281.46,73.0,273.65,2779.659912109375,6.4045000076293945
2018-06-18,,,,,,,,281.46,75.46,,2773.75,6.433000087738037
2018-06-19,2599.78,3621.117,5141.71,5522.529,29468.15,152.6055,169.7324,274.06,75.07,271.4,2762.590087890625,6.438799858093262
2018-06-20,2598.328,3635.444,5198.394,5588.27,29696.17,152.5289,169.725,275.04,74.3,270.2,2767.320068359375,6.485499858856201
2018-06-21,2579.052,3592.965,5089.252,5456.911,29296.051,152.6074,169.7442,274.59,73.4,269.45,2749.760009765625,6.47160005569458
2018-06-22,2583.708,3608.905,5160.123,5541.374,29338.699,152.6913,169.7185,275.45,75.53,270.55,2754.8798828125,6.492099761962891
2018-06-25,2536.46,3560.478,5125.033,5512.433,28961.391,152.6898,169.7345,275.65,74.75,271.15,2717.070068359375,6.504300117492676
2018-06-26,2506.717,3531.111,5160.283,5558.714,28881.4,152.6878,169.7032,275.09,76.48,271.25,2723.06005859375,6.539000034332275
2018-06-27,2452.639,3459.262,5109.498,5508.915,28356.26,152.7227,169.7243,272.63,77.13,271.6,2699.6298828125,6.5782999992370605
2018-06-28,2425.176,3423.526,5055.109,5443.849,28497.32,152.9864,169.8147,272.49,77.55,270.9,2716.31005859375,6.601900100708008
2018-06-29,2479.912,3510.985,5217.764,5608.536,28955.109,153.3159,169.9126,276.76,79.08,271.4,2718.3701171875,6.627399921417236
2018-07-02,2386.377,3407.964,5138.783,5538.092,,153.3756,170.1203,274.09,77.49,272.1,2726.7099609375,6.624300003051758
2018-07-03,2388.976,3409.28,5197.131,5601.591,28545.57,153.4889,170.2471,275.72,77.88,271.9,2713.219970703125,6.6666998863220215
2018-07-04,2368.425,3363.747,5121.344,5500.665,28241.67,153.512,170.2947,275.29,78.16,272.65,,6.640999794006348
2018-07-05,2374.355,3342.438,4982.763,5352.66,28182.09,153.537,170.4486,275.4,77.54,272.75,2736.610107421875,6.63129997253418
2018-07-06,2402.617,3365.123,4996.63,5374.58,28315.619,153.526,170.526,275.8,77.29,273.25,2759.820068359375,6.6367998123168945
2018-07-09,2471.285,3459.184,5107.551,5487.549,28688.5,153.4618,170.6224,279.31,78.18,273.1,2784.169921875,6.639200210571289
2018-07-10,2471.23,3467.516,5136.533,5524.802,28682.25,153.3874,170.6517,279.81,78.86,272.0,2793.840087890625,6.615200042724609
2018-07-11,2432.279,3407.53,5036.157,5396.312,28311.689,153.4967,170.6798,278.71,74.17,272.85,2774.02001953125,6.631400108337402
2018-07-12,2474.625,3481.056,5172.503,5541.36,28480.83,153.5508,170.7149,281.13,74.53,271.9,2798.2900390625,6.682799816131592
2018-07-13,2476.864,3492.69,5204.186,5561.685,28525.439,153.8002,170.6985,281.37,74.92,271.7,2801.31005859375,6.665900230407715
2018-07-16,2448.765,3472.086,5195.2,5566.96,28539.66,153.8819,170.8372,280.66,71.87,272.05,2798.429931640625,6.6946001052856445
2018-07-17,2430.445,3449.377,5196.197,5575.474,28181.68,153.7839,170.8108,281.01,71.6,271.55,2809.550048828125,6.6915998458862305
2018-07-18,2420.759,3431.323,5156.636,5544.519,28117.42,153.8387,170.836,281.41,73.06,269.05,2815.6201171875,6.7067999839782715
2018-07-19,2426.163,3428.343,5111.327,5480.767,28010.859,153.9202,171.0449,282.53,72.62,270.3,2804.489990234375,6.717700004577637
2018-07-20,2493.765,3492.894,5175.252,5541.212,28224.48,153.8757,171.2585,286.39,73.0,270.65,2801.830078125,6.771699905395508
2018-07-23,2526.813,3525.75,5214.004,5582.307,28256.119,153.9147,171.4021,288.42,72.93,271.9,2806.97998046875,6.7581000328063965
2018-07-24,2563.584,3581.706,5304.641,5672.222,28662.57,153.801,171.5299,288.4,73.75,271.7,2820.39990234375,6.791999816894531
2018-07-25,2563.687,3577.752,5308.657,5685.586,28920.9,153.7848,171.5991,287.66,74.84,271.7,2846.070068359375,6.790500164031982
2018-07-26,2530.991,3536.246,5273.479,5663.178,28781.141,153.8475,171.8338,285.07,75.06,272.1,2837.43994140625,6.768700122833252
2018-07-27,2525.092,3521.227,5249.29,5630.227,28804.279,153.9953,171.9236,285.01,74.92,271.5,2818.820068359375,6.782800197601318
2018-07-30,2541.308,3515.079,5185.151,5549.037,28733.131,154.119,172.1114,284.33,75.35,271.55,2802.60009765625,6.812699794769287
2018-07-31,2545.124,3517.657,5188.717,5542.543,28583.01,154.306,172.2895,285.21,74.19,271.65,2816.2900390625,6.814899921417236
2018-08-01,2490.245,3447.388,5105.374,5456.205,28340.74,154.5671,172.4968,283.58,72.62,271.45,2813.360107421875,6.811699867248535
2018-08-02,2440.313,3370.958,4996.012,5325.801,27714.561,154.645,172.6977,282.24,73.39,270.75,2827.219970703125,6.8225998878479
2018-08-03,2413.503,3315.284,4929.75,5255.631,27676.32,154.7982,172.8223,281.86,73.42,270.2,2840.35009765625,6.832799911499023
2018-08-06,2406.537,3273.273,4825.251,5144.642,27819.561,154.8262,173.0909,281.08,73.67,270.25,2850.39990234375,6.833199977874756
2018-08-07,2479.78,3368.87,4956.872,5279.642,28248.881,154.8816,173.3273,284.61,74.46,270.1,2858.449951171875,6.854100227355957
2018-08-08,2446.998,3314.508,4880.569,5191.786,28359.141,154.5112,173.3833,283.15,72.23,269.5,2857.699951171875,6.833600044250488
2018-08-09,2504.617,3397.53,5004.773,5307.967,28607.301,154.2016,173.2995,285.12,72.03,269.55,2853.580078125,6.83519983291626
2018-08-10,2503.206,3405.019,5030.515,5342.047,28366.619,154.1077,173.1354,284.73,72.96,269.4,2833.280029296875,6.817200183868408
2018-08-13,2478.509,3390.344,5055.275,5369.176,27936.57,153.838,173.0557,284.13,72.83,270.1,2821.929931640625,6.846199989318848
2018-08-14,2469.2,3372.914,5037.883,5351.019,27752.93,153.9133,172.9786,283.38,72.16,267.65,2839.9599609375,6.889400005340576
2018-08-15,2408.722,3291.976,4932.806,5242.087,27323.59,153.9029,172.9967,282.1,70.81,267.4,2818.3701171875,6.884699821472168
2018-08-16,2405.164,3276.728,4888.371,5178.237,27100.061,153.8639,172.9551,281.85,71.43,264.0,2840.68994140625,6.933800220489502
2018-08-17,2374.173,3229.62,4803.029,5084.207,27213.41,153.6286,172.8057,280.72,71.86,263.4,2850.1298828125,6.881499767303467
2018-08-20,2409.129,3267.25,4832.651,5103.634,27598.02,153.5103,172.7935,280.53,72.1,265.15,2857.050048828125,6.8765997886657715
2018-08-21,2452.383,3326.649,4891.98,5162.026,27752.789,153.2391,172.6619,282.29,72.82,266.35,2862.9599609375,6.856800079345703
2018-08-22,2450.154,3307.955,4837.018,5102.359,27927.58,153.3627,172.6312,282.0,74.92,266.25,2861.820068359375,6.8454999923706055
2018-08-23,2461.067,3320.026,4863.665,5133.329,27790.461,153.6433,172.7178,282.58,74.71,266.2,2856.97998046875,6.843200206756592
2018-08-24,2471.999,3325.335,4852.289,5116.139,27671.869,153.6818,172.8345,283.16,75.44,266.3,2874.68994140625,6.877500057220459
2018-08-27,2522.34,3406.574,4960.066,5229.361,28271.27,153.7,172.9481,284.81,76.25,267.45,2896.739990234375,6.800600051879883
2018-08-28,2511.145,3400.171,4974.207,5233.503,28351.619,153.6305,172.9083,285.18,75.92,268.3,2897.52001953125,6.813300132751465
2018-08-29,2503.48,3386.574,4941.961,5203.712,28416.439,153.677,172.9031,284.42,77.69,267.05,2914.0400390625,6.804200172424316
2018-08-30,2479.21,3351.094,4867.121,5114.266,28164.051,153.861,172.9824,283.19,77.75,267.45,2901.1298828125,6.818699836730957
2018-08-31,2474.477,3334.504,4814.824,5057.985,27888.551,153.9663,173.0776,283.15,77.71,267.8,2901.52001953125,6.843100070953369
2018-09-03,2465.88,3321.825,4838.873,5054.105,27712.539,153.8875,173.1282,282.87,78.01,266.6,,6.83459997177124
2018-09-04,2500.438,3363.898,4890.281,5113.147,27973.34,153.7109,173.1609,283.77,77.86,265.6,2896.719970703125,6.8221001625061035
2018-09-05,2441.23,3298.141,4815.034,5032.502,27243.85,153.6677,173.2272,282.65,77.12,265.6,2888.60009765625,6.84250020980835
2018-09-06,2416.033,3262.881,4793.345,5012.509,26974.82,153.5994,173.2965,282.47,76.63,266.4,2878.050048828125,6.829999923706055
2018-09-07,2437.677,3277.644,4791.778,5022.284,26973.471,153.5824,173.3111,282.48,77.1,267.2,2871.679931640625,6.834400177001953
2018-09-10,2413.426,3230.068,4704.878,4923.644,26613.42,153.3663,173.3596,281.01,77.36,266.25,2877.1298828125,6.839099884033203
2018-09-11,2398.768,3224.212,4702.903,4925.301,26422.551,153.2008,173.3138,280.56,79.5,267.0,2887.889892578125,6.855299949645996
2018-09-12,2381.388,3202.025,4693.974,4919.806,26345.039,153.1889,173.3124,280.42,79.75,266.8,2888.919921875,6.8744001388549805
2018-09-13,2415.312,3236.566,4721.212,4958.165,27014.49,153.2714,173.3366,280.7,78.43,268.1,2904.179931640625,6.859899997711182
2018-09-14,2425.421,3242.09,4670.08,4907.934,27286.41,153.3337,173.3831,280.3,78.1,268.65,2904.97998046875,6.842899799346924
2018-09-17,2399.881,3204.922,4602.39,4831.563,26932.85,153.4447,173.525,279.4,78.0,267.35,2888.800048828125,6.865600109100342
2018-09-18,2458.768,3269.432,4683.506,4917.35,27084.66,153.4694,173.589,280.33,78.9,267.65,2904.31005859375,6.855500221252441
2018-09-19,2487.077,3312.482,4736.893,4970.012,27407.369,153.4324,173.6259,281.76,79.34,267.95,2907.949951171875,6.860199928283691
2018-09-20,2487.422,3310.126,4733.481,4951.585,27477.67,153.3264,173.6375,281.87,78.71,268.2,2930.75,6.84689998626709
2018-09-21,2573.603,3410.486,4805.215,5011.691,27953.58,153.3942,173.6409,284.07,78.77,269.05,2929.669921875,6.845900058746338
2018-09-24,,,,,27499.391,,,,80.73,,2919.3701171875,6.8566999435424805
2018-09-25,2547.791,3379.804,4792.551,4995.695,,153.5092,173.7297,283.65,80.89,267.95,2915.56005859375,6.8734002113342285
2018-09-26,2582.767,3417.241,4815.631,5017.058,27816.869,153.5966,173.774,284.24,81.18,268.35,2905.969970703125,6.866300106048584
2018-09-27,2575.449,3403.59,4755.38,4945.691,27715.67,153.7736,173.8557,282.96,81.3,267.4,2914.0,6.876100063323975
2018-09-28,2606.668,3438.865,4800.729,4987.273,27788.52,153.9119,173.9403,284.19,82.95,264.9,2913.97998046875,6.880300045013428
2018-09-29,,,,,,153.9052,173.9555,,,,,
2018-09-30,,,,,,153.9101,173.9548,,,,,
2018-10-01,,,,,,,,,84.95,,2924.590087890625,6.8678998947143555
2018-10-02,,,,,27126.381,,,,84.64,,2923.429931640625,6.8678998947143555
2018-10-03,,,,,27091.26,,,,86.1,,2925.510009765625,6.8678998947143555
2018-10-04,,,,,26623.869,,,,84.88,,2901.610107421875,6.867800235748291
2018-10-05,,,,,26572.57,,,,84.11,,2885.570068359375,6.8678998947143555
2018-10-08,2486.822,3290.899,4646.493,4817.434,26202.57,154.076,174.2455,281.0,83.76,268.65,2884.429931640625,6.85890007019043
2018-10-09,2491.663,3288.691,4634.894,4818.733,26172.91,154.0985,174.3025,280.09,84.86,267.9,2880.340087890625,6.929800033569336
2018-10-10,2494.056,3281.598,4629.888,4812.427,26193.07,154.1553,174.4014,280.53,82.6,267.9,2785.679931640625,6.921800136566162
2018-10-11,2390.503,3124.114,4307.421,4456.608,25266.369,154.3959,174.5025,277.15,80.36,269.45,2728.3701171875,6.923299789428711
2018-10-12,2444.131,3170.726,4278.035,4427.68,25801.49,154.4509,174.6107,278.3,80.6,272.85,2767.1298828125,6.888599872589111
2018-10-15,2412.479,3126.452,4199.153,4358.869,25445.061,154.4836,174.7217,277.21,80.76,275.35,2750.7900390625,6.921199798583984
2018-10-16,2415.492,3100.974,4099.683,4261.173,25462.26,154.5187,174.8007,276.06,81.56,275.25,2809.919921875,6.915900230407715
2018-10-17,2429.215,3118.246,4133.383,4292.197,,154.5238,174.8644,276.65,80.36,274.5,2809.2099609375,6.910999774932861
2018-10-18,2369.068,3044.392,4018.461,4149.444,25454.551,154.789,174.9668,275.05,79.32,274.75,2768.780029296875,6.926300048828125
2018-10-19,2446.32,3134.946,4127.985,4241.234,25561.4,154.8096,175.0147,277.42,80.03,276.05,2767.780029296875,6.936699867248535
2018-10-22,2540.152,3270.273,4333.145,4452.737,26153.15,154.7479,175.1154,280.31,79.98,275.85,2755.8798828125,6.928599834442139
2018-10-23,2464.812,3183.426,4253.556,4379.056,25346.551,154.8088,175.1354,279.13,76.24,276.95,2740.68994140625,6.946499824523926
2018-10-24,2477.488,3188.202,4245.488,4377.551,25249.779,154.8431,175.1909,279.91,75.68,277.15,2656.10009765625,6.937399864196777
2018-10-25,2485.099,3194.308,4234.421,4345.327,24994.461,154.9278,175.2576,280.13,76.7,278.5,2705.570068359375,6.942999839782715
2018-10-26,2468.91,3173.635,4233.959,4359.474,24717.631,155.0405,175.2615,280.69,77.82,278.3,2658.68994140625,6.947999954223633
2018-10-29,2389.577,3076.889,4162.526,4296.699,24812.039,155.3286,175.4187,279.86,76.87,277.85,2641.25,6.942500114440918
2018-10-30,2415.649,3110.261,4204.542,4336.65,24585.529,155.3547,175.5572,280.14,76.18,277.25,2682.6298828125,6.951900005340576
2018-10-31,2451.121,3153.823,4272.552,4400.613,24979.689,155.3616,175.5839,280.54,74.59,274.9,2711.739990234375,6.966300010681152
2018-11-01,2460.162,3177.034,4298.984,4428.736,25416.0,155.3828,175.6889,281.38,72.75,275.3,2740.3701171875,6.974699974060059
2018-11-02,2542.768,3290.246,4437.946,4564.177,26486.35,155.2897,175.6842,284.57,72.61,275.4,2723.06005859375,6.922399997711182
2018-11-05,2511.59,3262.835,4440.827,4598.201,25934.391,155.3222,175.7557,284.62,72.71,275.6,2738.31005859375,6.889900207519531
2018-11-06,2499.679,3243.15,4438.097,4603.109,26120.961,155.4034,175.8032,283.82,71.65,275.85,2755.449951171875,6.924799919128418
2018-11-07,2482.334,3221.91,4415.136,4592.836,26147.689,155.5947,175.9127,283.76,72.0,275.9,2813.889892578125,6.918499946594238
2018-11-08,2485.998,3212.774,4382.329,4572.378,26227.721,155.651,176.0195,283.35,70.96,279.4,2806.830078125,6.909999847412109
2018-11-09,2434.212,3167.444,4368.614,4561.213,25601.92,155.7349,176.0999,281.85,69.88,278.7,2781.010009765625,6.933499813079834
2018-11-12,2444.967,3205.141,4481.688,4697.346,25633.18,155.8276,176.2123,283.02,68.97,276.55,2726.219970703125,6.955900192260742
2018-11-13,2462.973,3237.382,4563.535,4790.448,25792.869,155.9234,176.2678,284.4,65.35,275.45,2722.179931640625,6.962500095367432
2018-11-14,2429.986,3204.943,4545.509,4791.226,25654.43,156.574,176.4395,284.85,65.86,275.5,2701.580078125,6.9552001953125
2018-11-15,2459.141,3242.372,4619.814,4871.089,26103.34,156.6092,176.5254,286.88,66.63,277.05,2730.199951171875,6.94950008392334
2018-11-16,2461.445,3257.674,4659.097,4923.986,26183.529,156.7797,176.6922,288.2,67.04,277.5,2736.27001953125,6.938199996948242
2018-11-19,2492.084,3294.603,4670.737,4942.492,26372.0,156.7574,176.9229,288.68,67.01,278.25,2690.72998046875,6.936999797821045
2018-11-20,2446.791,3218.408,4537.449,4811.882,25840.34,156.5855,177.0104,285.81,62.44,279.3,2641.889892578125,6.940999984741211
2018-11-21,2451.272,3226.492,4554.675,4847.036,25971.471,156.6475,177.0444,286.05,63.46,279.0,2649.929931640625,6.944399833679199
2018-11-22,2437.639,3214.427,4551.326,4850.131,26019.41,156.5881,177.0969,285.65,62.52,279.65,,6.926199913024902
2018-11-23,2399.203,3143.475,4374.764,4642.117,25927.68,156.577,177.1099,284.18,59.19,279.65,2632.56005859375,6.931000232696533
2018-11-26,2401.898,3141.243,4367.462,4633.731,26376.18,156.6646,177.1726,284.46,60.41,279.5,2673.449951171875,6.947500228881836
2018-11-27,2394.294,3137.241,4387.652,4671.644,26331.961,156.6693,177.1884,284.66,60.88,278.9,2682.169921875,6.930799961090088
2018-11-28,2421.134,3178.933,4441.857,4728.576,26682.561,156.7021,177.2555,286.02,58.96,277.55,2743.7900390625,6.9506001472473145
2018-11-29,2401.852,3137.654,4345.703,4617.348,26451.029,156.8928,177.2901,284.67,59.7,279.55,2737.800048828125,6.952899932861328
2018-11-30,2428.045,3172.69,4376.651,4648.184,26506.75,156.9788,177.3672,284.87,59.15,279.45,2760.169921875,6.941500186920166
2018-12-03,2488.057,3260.95,4515.174,4802.293,27182.039,157.0002,177.4555,287.3,61.9,278.35,2790.3701171875,6.958000183105469
2018-12-04,2496.143,3267.71,4536.21,4846.17,27260.439,157.4067,177.5003,287.31,61.92,278.35,2700.06005859375,6.882299900054932
2018-12-05,2481.792,3252.004,4502.702,4816.992,26819.68,157.5097,177.7268,287.38,61.61,278.9,,6.836299896240234
2018-12-06,2434.491,3181.673,4411.088,4730.913,26156.381,157.6318,177.7458,286.64,60.31,279.9,2695.949951171875,6.855800151824951
2018-12-07,2430.722,3181.565,4410.959,4731.902,26063.76,157.8689,177.8588,286.5,61.33,280.25,2633.080078125,6.881700038909912
2018-12-10,2408.606,3144.763,4359.312,4676.615,25752.381,158.0802,177.9787,285.49,59.81,283.1,2637.719970703125,6.87470006942749
2018-12-11,2415.578,3159.816,4395.57,4720.469,25771.67,158.0993,178.0408,285.33,60.46,282.65,2636.780029296875,6.910999774932861
2018-12-12,2423.318,3170.609,4393.324,4718.822,26186.711,158.1236,178.0857,285.57,60.18,281.2,2651.070068359375,6.89900016784668
2018-12-13,2457.905,3219.692,4443.157,4763.717,26524.35,157.93,178.0457,287.1,61.71,280.8,2650.5400390625,6.879000186920166
2018-12-14,2423.381,3165.911,4337.103,4641.888,26094.789,157.9495,177.9817,286.17,60.27,280.35,2599.949951171875,6.88070011138916
2018-12-17,2425.945,3161.197,4330.647,4627.228,26087.98,157.8185,177.9753,285.65,58.66,280.2,2545.93994140625,6.906599998474121
2018-12-18,2397.868,3128.427,4307.268,4596.61,25814.25,157.8412,177.8884,283.89,56.08,281.9,2546.159912109375,6.896200180053711
2018-12-19,2369.548,3091.126,4247.899,4533.396,25865.391,157.8574,177.9137,282.73,56.55,282.55,2506.9599609375,6.894199848175049
2018-12-20,2334.922,3067.417,4259.761,4550.597,25623.529,157.9412,178.0283,281.26,54.7,282.15,2467.419921875,6.890999794006348
2018-12-21,2306.145,3029.395,4231.144,4517.78,25753.42,158.0989,178.0866,279.67,53.48,284.8,2416.6201171875,6.884099960327148
2018-12-24,2309.233,3038.198,4274.722,4558.317,25651.381,158.0657,178.1497,280.25,50.49,285.45,2351.10009765625,6.905399799346924
2018-12-25,2297.333,3017.282,4225.512,4514.618,,158.0259,178.1621,279.65,52.89,287.1,,6.898099899291992
2018-12-26,2281.558,3002.033,4208.405,4494.498,,158.0688,178.1567,279.22,55.18,287.5,2467.699951171875,6.8983001708984375
2018-12-27,2276.057,2990.506,4161.27,4424.653,25478.881,158.3752,178.1814,278.86,53.58,286.3,2488.830078125,6.898099899291992
2018-12-28,2293.099,3010.654,4168.036,4430.024,25504.199,158.7079,178.3918,279.6,53.06,287.85,2485.739990234375,6.865300178527832
2018-12-29,,,,,,158.7105,178.427,,,,,
2018-12-30,,,,,,158.732,178.4537,,,,,
2018-12-31,,,,,25845.699,158.7465,178.4807,,,,2506.85009765625,6.877200126647949
2019-01-01,,,,,,,,,,,,6.877600193023682
2019-01-02,2262.791,2969.535,4131.957,4408.525,25130.35,159.1221,178.7118,277.91,54.68,288.3,2510.030029296875,6.877500057220459
2019-01-03,2269.243,2964.842,4112.807,4376.858,25064.359,159.2319,178.936,278.9,55.55,290.7,2447.889892578125,6.861100196838379
2019-01-04,2314.647,3035.874,4210.879,4497.893,25626.029,159.292,179.1411,282.11,57.45,290.55,2531.93994140625,6.871099948883057
2019-01-07,2314.319,3054.303,4288.323,4594.148,25835.699,159.0711,179.3706,284.84,57.57,288.65,2549.68994140625,6.8684000968933105
2019-01-08,2305.171,3047.704,4277.297,4585.033,25875.449,159.4339,179.588,285.34,58.59,287.25,2574.409912109375,6.849999904632568
2019-01-09,2332.719,3078.476,4288.772,4594.739,26462.32,159.3592,179.6741,287.05,61.34,286.2,2584.9599609375,6.852200031280518
2019-01-10,2331.851,3072.686,4281.861,4582.483,26521.43,159.3279,179.7842,287.94,61.18,286.9,2596.639892578125,6.8155999183654785
2019-01-11,2354.499,3094.778,4314.876,4621.611,26667.27,159.3502,179.8478,289.08,60.53,284.95,2596.260009765625,6.787499904632568
2019-01-14,2331.136,3067.785,4286.547,4594.19,26298.33,159.2599,179.9339,287.92,59.32,285.05,2582.610107421875,6.76200008392334
2019-01-15,2378.37,3127.99,4347.356,4644.166,26830.289,159.1882,179.924,289.47,60.53,284.3,2610.300048828125,6.767099857330322
2019-01-16,2381.218,3128.652,4336.878,4637.197,26902.1,159.4746,179.9991,289.62,61.3,284.6,2616.10009765625,6.750999927520752
2019-01-17,2371.348,3111.417,4303.731,4595.49,26755.631,159.6149,180.1257,288.77,61.15,285.1,2635.9599609375,6.75600004196167
2019-01-18,2417.363,3168.174,4347.811,4626.413,27090.811,159.422,180.1758,290.15,62.61,285.05,2670.7099609375,6.775400161743164
2019-01-21,2432.487,3185.636,4373.633,4655.111,27196.539,159.4526,180.2172,290.77,62.81,283.2,,6.7778000831604
2019-01-22,2401.233,3143.317,4308.252,4603.203,27005.449,159.5274,180.2089,289.97,61.61,283.25,2632.89990234375,6.797299861907959
2019-01-23,2397.049,3141.053,4315.685,4609.672,27008.199,159.6516,180.2194,290.21,60.99,283.6,2638.699951171875,6.807000160217285
2019-01-24,2411.562,3158.782,4338.17,4635.747,27120.98,159.6633,180.2123,292.22,61.19,283.3,2642.330078125,6.790999889373779
2019-01-25,2441.64,3184.47,4318.442,4607.945,27569.189,159.63,180.1912,295.04,61.5,282.9,2664.760009765625,6.787600040435791
2019-01-28,2437.026,3183.778,4307.22,4570.399,27576.961,159.6049,180.2475,294.07,59.95,285.6,2643.85009765625,6.746399879455566
2019-01-29,2455.897,3193.97,4254.288,4490.051,27531.68,159.6838,180.2744,293.54,61.16,286.6,2640.0,6.74429988861084
2019-01-30,2440.015,3168.483,4211.624,4423.136,27642.85,159.8541,180.3521,293.85,61.66,287.55,2681.050048828125,6.73199987411499
2019-01-31,2483.471,3201.633,4176.474,4355.736,27942.471,159.9859,180.4493,294.24,61.22,287.85,2704.10009765625,6.7154998779296875
2019-02-01,2499.644,3247.397,4294.27,4482.985,27930.74,160.0069,180.5471,297.25,62.85,289.2,2706.530029296875,6.69980001449585
2019-02-02,,,,,,160.0732,180.5819,,,,,
2019-02-03,,,,,,160.0938,180.6186,,,,,
2019-02-04,,,,,27990.211,,,,62.82,,2724.8701171875,6.743800163269043
2019-02-05,,,,,,,,,62.11,,2737.699951171875,6.743800163269043
2019-02-06,,,,,,,,,62.55,,2731.610107421875,6.734799861907959
2019-02-07,,,,,,,,,61.68,,2706.050048828125,6.743800163269043
2019-02-08,,,,,27946.32,,,,62.06,,2707.8798828125,6.743800163269043
2019-02-11,2527.474,3306.473,4402.867,4611.83,28143.84,160.2125,180.8697,299.47,61.58,288.75,2709.800048828125,6.743800163269043
2019-02-12,2533.182,3330.335,4439.485,4675.792,28171.33,160.2587,180.9882,300.63,62.61,288.85,2744.72998046875,6.791399955749512
2019-02-13,2580.612,3397.028,4512.409,4759.826,28497.59,160.2737,181.0568,303.01,63.6,288.25,2753.030029296875,6.7729997634887695
2019-02-14,2576.306,3402.14,4532.17,4780.044,28432.051,160.2759,181.1347,304.08,64.56,287.6,2745.72998046875,6.759399890899658
2019-02-15,2517.462,3338.705,4502.735,4773.514,27900.84,160.3161,181.1891,302.12,66.36,289.6,2775.60009765625,6.771200180053711
2019-02-18,2582.851,3445.745,4660.999,4942.876,28347.01,160.1573,181.2919,307.19,66.5,290.95,,6.77209997177124
2019-02-19,2579.046,3439.608,4667.284,4963.751,28228.131,160.1414,181.289,305.73,66.44,291.35,2779.760009765625,6.765699863433838
2019-02-20,2588.166,3451.927,4667.624,4967.039,28514.051,160.1794,181.3602,305.91,67.18,293.35,2784.699951171875,6.757699966430664
2019-02-21,2577.226,3442.706,4659.143,4947.658,28629.92,160.1613,181.3931,307.0,66.94,291.5,2774.8798828125,6.720300197601318
2019-02-22,2623.074,3520.118,4777.298,5059.509,28816.301,160.1313,181.3854,311.63,66.91,289.6,2792.669921875,6.719099998474121
2019-02-25,2787.699,3729.483,5044.347,5324.247,28959.301,159.658,181.3957,322.73,64.76,289.3,2796.110107421875,6.713200092315674
2019-02-26,2733.901,3684.694,5038.544,5323.757,28772.061,159.3622,181.2153,318.99,65.79,289.0,2793.89990234375,6.688399791717529
2019-02-27,2750.339,3678.392,5017.884,5310.275,28757.439,159.5218,181.2177,317.12,66.47,288.65,2792.3798828125,6.69920015335083
2019-02-28,2743.972,3669.37,5025.291,5330.339,28633.18,159.4683,181.184,317.21,66.28,286.85,2784.489990234375,6.686200141906738
2019-03-01,2819.468,3749.714,5067.225,5364.366,28812.17,159.2393,181.1179,320.76,64.87,285.85,2803.68994140625,6.692999839782715
2019-03-04,2832.588,3794.104,5158.247,5482.299,28959.59,159.2898,181.0269,324.68,65.55,281.8,2792.81005859375,6.705399990081787
2019-03-05,2828.869,3816.013,5295.288,5654.306,28961.6,159.15,180.9331,327.8,65.57,280.8,2789.64990234375,6.706299781799316
2019-03-06,2840.272,3848.09,5390.029,5776.973,29037.6,159.1203,180.8815,329.46,65.93,282.35,2771.449951171875,6.706600189208984
2019-03-07,2789.7,3808.85,5458.615,5877.297,28779.449,159.3645,180.9501,327.23,66.22,280.9,2748.929931640625,6.710899829864502
2019-03-08,2685.592,3657.579,5245.7,5633.319,28228.42,159.4688,181.0678,319.41,65.7,283.55,2743.070068359375,6.714099884033203
2019-03-11,2708.598,3729.955,5456.381,5876.342,28503.301,159.5069,181.2077,325.09,66.63,284.75,2783.300048828125,6.720600128173828
2019-03-12,2719.773,3755.352,5551.003,6006.178,28920.869,159.487,181.2,328.08,66.82,284.2,2791.52001953125,6.725500106811523
2019-03-13,2723.962,3724.194,5424.864,5866.633,28807.449,159.4843,181.2022,324.68,67.64,285.65,2810.919921875,6.707600116729736
2019-03-14,2729.132,3698.486,5298.502,5688.95,28851.391,159.4538,181.2092,321.34,67.18,285.1,2808.47998046875,6.706099987030029
2019-03-15,2755.805,3745.005,5359.009,5777.109,29012.26,159.46,181.1893,323.71,67.02,284.9,2822.47998046875,6.7220001220703125
2019-03-18,2825.184,3851.748,5501.183,5916.344,29409.01,159.5091,181.2685,329.95,67.42,285.2,2832.93994140625,6.712800025939941
2019-03-19,2806.896,3833.963,5522.18,5941.909,29466.279,159.517,181.2867,331.48,67.42,285.95,2832.570068359375,6.703100204467773
2019-03-20,2812.918,3835.44,5515.786,5926.17,29320.971,159.4914,181.2912,330.81,68.3,285.55,2824.22998046875,6.710999965667725
2019-03-21,2802.965,3836.891,5589.478,5990.639,29071.561,159.6243,181.3379,333.54,67.74,287.4,2854.8798828125,6.693600177764893
2019-03-22,2795.391,3833.801,5622.14,6014.546,29113.359,159.7498,181.3849,333.19,67.08,286.35,2800.7099609375,6.698200225830078
2019-03-25,2718.181,3742.825,5549.671,5961.435,28523.35,159.9217,181.5331,328.85,67.3,288.05,2798.360107421875,6.717100143432617
2019-03-26,2706.154,3700.439,5394.879,5788.36,28566.91,160.1114,181.6091,322.56,68.04,288.3,2818.4599609375,6.708399772644043
2019-03-27,2741.591,3743.388,5447.88,5826.527,28728.25,160.1474,181.6936,322.98,67.3,288.25,2805.3701171875,6.714700222015381
2019-03-28,2733.974,3728.395,5370.123,5747.863,28775.211,160.2243,181.7243,321.7,67.31,287.45,2815.43994140625,6.726200103759766
2019-03-29,2838.505,3872.341,5547.656,5911.212,29051.359,160.2627,181.8153,328.47,67.55,282.0,2834.39990234375,6.738100051879883
2019-04-01,2892.619,3973.928,5757.838,6137.733,29562.02,159.8689,181.8813,337.01,69.16,282.1,2867.18994140625,6.711100101470947
2019-04-02,2888.53,3971.285,5775.55,6174.942,29624.67,159.6454,181.7399,338.25,69.57,282.15,2867.239990234375,6.7104997634887695
2019-04-03,2920.001,4022.157,5836.037,6237.016,29986.391,159.3143,181.6723,339.26,69.52,282.9,2873.39990234375,6.722400188446045
2019-04-04,2951.985,4062.231,5871.558,6260.07,29936.32,159.0936,181.5694,341.22,69.31,282.95,2879.389892578125,6.701399803161621
2019-04-05,,,,,,,,,70.48,,2892.739990234375,6.716599941253662
2019-04-08,2962.275,4057.229,5847.63,6230.214,30077.15,159.127,181.6075,340.01,71.1,284.15,2895.77001953125,6.716899871826172
2019-04-09,2967.514,4075.43,5858.046,6245.432,30157.49,158.793,181.5533,337.33,70.83,284.4,2878.199951171875,6.715400218963623
2019-04-10,2979.099,4085.847,5850.761,6235.707,30119.561,158.888,181.4798,335.13,71.57,285.8,2888.2099609375,6.7108001708984375
2019-04-11,2928.427,3997.578,5727.175,6106.95,29839.449,159.0078,181.5084,331.69,70.98,286.15,2888.320068359375,6.715400218963623
2019-04-12,2920.515,3988.617,5714.368,6101.205,29909.76,158.935,181.5776,331.47,71.55,283.3,2907.409912109375,6.718500137329102
2019-04-15,2924.926,3975.524,5655.983,6052.053,29810.721,158.5699,181.4184,330.73,71.3,281.75,2905.580078125,6.703199863433838
2019-04-16,3023.025,4085.789,5777.011,6179.801,30129.869,158.4118,181.2745,333.09,71.86,281.5,2907.06005859375,6.707699775695801
2019-04-17,3017.416,4087.24,5807.729,6234.111,30124.68,158.3929,181.1819,334.3,71.64,280.0,2900.449951171875,6.71120023727417
2019-04-18,3004.925,4072.075,5775.171,6202.845,29963.26,158.688,181.2071,333.65,72.01,278.2,2905.030029296875,6.68720006942749
2019-04-19,3042.432,4120.608,5810.18,6255.252,,158.7419,181.3143,334.39,,279.5,,6.708099842071533
2019-04-22,2970.488,4025.611,5723.042,6192.144,,158.5004,181.4054,330.64,74.25,,2907.969970703125,6.703400135040283
2019-04-23,2978.845,4019.005,5628.062,6078.267,29963.24,158.4657,181.3648,326.99,74.36,279.0,2933.679931640625,6.708499908447266
2019-04-24,2974.847,4030.089,5679.726,6153.391,29805.83,158.2997,181.394,326.25,74.48,278.85,2927.25,6.724899768829346
2019-04-25,2927.995,3941.816,5458.419,5899.907,29549.801,158.4149,181.3929,321.75,73.62,280.4,2926.169921875,6.720900058746338
2019-04-26,2892.857,3889.275,5408.031,5834.377,29605.01,158.6497,181.4222,318.55,71.13,281.45,2939.8798828125,6.742099761962891
2019-04-28,,,,,,158.6564,181.4699,,,,,
2019-04-29,2939.405,3900.334,5265.601,5622.484,29892.811,158.5881,181.4722,318.17,71.42,281.3,2943.030029296875,6.728799819946289
2019-04-30,2945.244,3913.211,5307.56,5682.236,29699.109,158.6977,181.5289,320.54,71.66,281.6,2945.830078125,6.732399940490723
2019-05-01,,,,,,,,,72.05,,2923.72998046875,6.733799934387207
2019-05-02,,,,,29944.18,,,,70.35,,2917.52001953125,6.734000205993652
2019-05-03,,,,,30081.551,,,,70.78,,2945.639892578125,6.73390007019043
2019-05-05,,,,,,158.787,181.6927,,,,,
2019-05-06,2805.035,3684.617,4908.798,5246.83,29209.82,159.1197,181.8375,311.76,70.98,282.7,2932.469970703125,6.73360013961792
2019-05-07,2806.258,3720.668,4973.404,5312.496,29363.02,158.9906,181.978,313.24,69.87,282.4,2884.050048828125,6.763599872589111
2019-05-08,2758.244,3667.457,4947.742,5292.746,29003.199,159.1257,182.1253,313.69,70.32,283.95,2879.419921875,6.776000022888184
2019-05-09,2698.78,3599.7,4888.413,5237.825,28311.07,159.2835,182.3033,313.82,70.32,284.1,2870.719970703125,6.7820000648498535
2019-05-10,2793.759,3730.451,5064.323,5445.526,28550.24,159.2981,182.4062,319.33,70.86,284.45,2881.39990234375,6.826499938964844
2019-05-13,2741.112,3668.726,5005.904,5405.615,,159.5125,182.5882,317.46,69.95,289.2,2811.8701171875,6.8231000900268555
2019-05-14,2724.734,3645.15,4965.612,5368.229,28122.02,159.3552,182.7082,318.02,70.99,292.75,2834.409912109375,6.877299785614014
2019-05-15,2783.544,3727.092,5076.555,5486.387,28268.711,159.4766,182.8,321.04,71.95,291.25,2850.9599609375,6.874899864196777
2019-05-16,2791.415,3743.964,5108.359,5527.275,28275.07,159.6523,182.8794,321.19,72.77,292.35,2876.320068359375,6.875199794769287
2019-05-17,2735.212,3648.761,4942.579,5330.986,27946.461,159.6351,182.9437,318.0,72.17,291.7,2859.530029296875,6.882800102233887
2019-05-20,2715.432,3617.792,4923.559,5313.149,27787.609,159.6887,183.0949,316.38,72.06,289.4,2840.22998046875,6.917699813842773
2019-05-21,2739.785,3666.776,5009.873,5418.045,27657.24,159.6013,183.1184,317.37,72.04,289.15,2864.360107421875,6.911300182342529
2019-05-22,2725.734,3649.38,4976.393,5395.43,27705.939,159.5033,183.1002,317.44,70.91,288.9,2856.27001953125,
2019-05-23,2685.934,3583.965,4872.92,5267.827,27267.131,159.6307,183.1675,315.52,68.0,289.35,2822.239990234375,6.905399799346924
2019-05-24,2702.025,3593.914,4841.757,5200.774,27353.93,159.7014,183.2071,315.26,69.26,291.1,2826.06005859375,6.9095001220703125
2019-05-27,2722.335,3637.197,4962.947,5354.634,27288.09,159.4803,183.2194,315.1,68.68,291.25,,6.8993000984191895
2019-05-28,2748.799,3672.261,4955.486,5354.525,27390.811,159.5626,183.1236,315.34,68.69,291.0,2802.389892578125,6.897200107574463
2019-05-29,2755.808,3663.909,4956.864,5376.513,27235.711,159.894,183.2174,315.04,68.17,291.45,2783.02001953125,6.90910005569458
2019-05-30,2742.964,3641.183,4926.403,5341.98,27114.881,160.0526,183.2779,313.31,65.21,290.1,2788.860107421875,6.913400173187256
2019-05-31,2728.946,3629.789,4912.001,5334.248,26901.09,160.0322,183.3366,312.85,61.76,293.45,2752.06005859375,6.900899887084961
2019-06-03,2743.064,3632.013,4853.815,5255.074,26893.859,160.2519,183.452,310.04,60.89,296.7,2744.449951171875,6.904099941253662
2019-06-04,2721.314,3598.467,4795.413,5160.977,26761.52,160.362,183.4792,307.75,60.93,299.75,2803.27001953125,6.9028000831604
2019-06-05,2719.595,3597.105,4783.825,5158.465,26895.439,160.4946,183.5396,307.37,59.68,301.7,2826.14990234375,6.907299995422363
2019-06-06,2706.762,3564.678,4678.784,5030.801,26965.279,160.5441,183.5918,306.07,60.56,301.7,2843.489990234375,6.908100128173828
2019-06-07,,,,,,,,,63.32,,2873.340087890625,6.908999919891357
2019-06-10,2743.375,3610.744,4725.264,5098.938,27578.641,160.4634,183.6882,307.84,62.86,300.85,2886.72998046875,6.90880012512207
2019-06-11,2812.899,3719.276,4901.472,5289.624,27789.34,160.2099,183.7021,312.37,62.37,299.55,2885.719970703125,6.930099964141846
2019-06-12,2796.732,3691.096,4863.492,5264.886,27308.461,160.2746,183.6553,311.32,60.86,302.6,2879.840087890625,6.910399913787842
2019-06-13,2794.536,3685.393,4877.651,5294.113,27294.711,160.3666,183.5787,310.66,61.35,303.2,2891.639892578125,6.916900157928467
2019-06-14,2785.606,3654.88,4795.527,5173.069,27118.35,160.5447,183.4634,309.02,62.02,307.75,2886.97998046875,6.92080020904541
2019-06-17,2793.704,3654.825,4802.819,5160.673,27227.16,160.7186,183.5756,308.78,60.93,304.1,2889.669921875,6.924499988555908
2019-06-18,2806.454,3667.619,4797.147,5160.878,27498.77,160.732,183.5973,308.65,62.26,306.15,2917.75,6.924900054931641
2019-06-19,2842.736,3715.938,4858.916,5234.275,28202.141,160.673,183.6665,310.64,62.18,304.3,2926.4599609375,6.902299880981445
2019-06-20,2942.629,3828.518,4954.734,5317.31,28550.43,160.7671,183.7195,315.44,64.66,311.25,2954.179931640625,6.902699947357178
2019-06-21,2938.773,3833.938,5021.305,5406.04,28473.711,160.8453,183.8164,317.21,65.28,313.6,2950.4599609375,6.85099983215332
2019-06-24,2949.518,3841.266,5024.205,5403.798,28513.0,160.7807,183.9444,316.71,64.74,315.8,2945.35009765625,6.868899822235107
2019-06-25,2910.121,3801.31,4974.988,5351.69,28185.98,160.8372,183.9918,315.08,65.07,321.8,2917.3798828125,6.876100063323975
2019-06-26,2903.487,3794.331,4962.594,5351.391,28221.98,160.8201,184.0868,315.53,65.5,316.4,2913.780029296875,6.878799915313721
2019-06-27,2937.128,3834.817,5007.483,5397.571,28621.42,160.7703,184.1466,317.56,65.42,315.6,2924.919921875,6.8790998458862305
2019-06-28,2930.598,3825.587,4950.48,5321.433,28542.619,160.8236,184.1871,316.79,64.5,316.85,2941.760009765625,6.867099761962891
2019-07-01,3002.94,3935.812,5100.262,5481.409,,160.8869,184.3413,319.69,65.19,308.85,2964.330078125,6.865799903869629
2019-07-02,2999.076,3937.169,5084.41,5483.515,28875.561,161.2872,184.4052,320.39,62.81,312.05,2973.010009765625,6.850800037384033
2019-07-03,2964.731,3893.534,5040.723,5428.514,28855.141,161.4365,184.5143,319.39,63.83,321.1,2995.820068359375,6.872000217437744
2019-07-04,2953.272,3873.102,5025.021,5404.384,28795.77,161.4846,184.5911,318.88,63.17,317.65,,6.880199909210205
2019-07-05,2961.922,3893.203,5042.66,5424.25,28774.83,161.3539,184.6253,318.96,64.38,318.0,2990.409912109375,6.87060022354126
2019-07-08,2897.512,3802.79,4870.781,5244.266,28331.689,161.3329,184.6597,315.95,63.88,316.35,2975.949951171875,6.892600059509277
2019-07-09,2881.552,3793.13,4881.624,5260.344,28116.279,161.3725,184.6452,315.89,64.52,313.45,2979.6298828125,6.880899906158447
2019-07-10,2878.781,3786.739,4843.865,5214.644,28204.689,161.3605,184.6156,315.57,66.69,313.2,2993.070068359375,6.888299942016602
2019-07-11,2887.831,3785.221,4844.547,5206.399,28431.801,161.3868,184.6438,315.43,66.78,319.0,2999.909912109375,6.872200012207031
2019-07-12,2902.13,3808.731,4861.568,5219.189,28471.619,161.4918,184.6595,317.16,66.91,316.65,3013.77001953125,6.869200229644775
2019-07-15,2902.61,3824.188,4925.324,5273.815,28554.881,161.4384,184.7363,317.75,66.16,317.75,3014.300048828125,6.879799842834473
2019-07-16,2884.561,3806.845,4932.046,5285.229,28619.619,161.4511,184.7523,317.58,64.35,317.75,3004.0400390625,6.8769001960754395
2019-07-17,2875.03,3804.638,4929.085,5289.424,28593.17,161.455,184.7401,318.22,63.56,315.8,2984.419921875,6.87529993057251
2019-07-18,2859.165,3768.402,4844.109,5194.602,28461.66,161.5374,184.7593,317.34,62.52,319.1,2995.110107421875,6.872799873352051
2019-07-19,2895.625,3807.955,4878.69,5220.027,28765.4,161.6023,184.79,318.2,62.5,323.3,2976.610107421875,6.8790998458862305
2019-07-22,2881.904,3781.683,4776.575,5073.333,28371.26,161.6963,184.8785,317.35,63.3,320.65,2985.030029296875,6.881100177764893
2019-07-23,2881.098,3789.914,4823.918,5131.097,28466.48,161.7305,184.9179,317.56,64.2,318.7,3005.469970703125,6.880099773406982
2019-07-24,2906.55,3819.833,4873.027,5194.829,28524.039,161.7021,184.9747,318.32,63.1,319.65,3019.56005859375,6.878300189971924
2019-07-25,2931.176,3851.067,4891.643,5211.086,28594.301,161.7308,184.9896,320.34,62.91,320.3,3003.669921875,6.871500015258789
2019-07-26,2939.355,3858.569,4898.11,5216.602,28397.74,161.7295,185.0254,322.62,63.16,319.1,3025.860107421875,6.871600151062012
2019-07-29,2930.489,3854.27,4897.018,5218.983,28106.41,161.7282,185.0968,323.3,63.72,319.6,3020.969970703125,6.878200054168701
2019-07-30,2944.025,3870.318,4922.918,5239.718,28146.5,161.7173,185.0891,324.77,64.93,320.85,3013.179931640625,6.892399787902832
2019-07-31,2912.661,3835.359,4903.203,5200.095,27777.75,161.8245,185.1321,324.67,64.2,322.25,2980.3798828125,6.883600234985352
2019-08-01,2887.867,3803.469,4870.469,5173.229,27565.699,161.9322,185.1769,323.89,61.02,316.6,2953.56005859375,6.883399963378906
2019-08-02,2843.77,3747.438,4809.92,5091.063,26918.58,162.2565,185.2724,322.72,61.12,324.25,2932.050048828125,6.897799968719482
2019-08-05,2786.72,3675.688,4751.985,5032.642,26151.32,162.5209,185.4419,319.9,60.05,334.0,2844.739990234375,6.939199924468994
2019-08-06,2760.68,3636.329,4650.563,4899.816,25976.24,162.5124,185.5293,319.02,58.6,335.55,2881.77001953125,7.049699783325195
2019-08-07,2747.249,3621.431,4626.364,4885.44,25997.029,162.5607,185.6149,320.39,57.43,341.8,2883.97998046875,7.025599956512451
2019-08-08,2786.872,3669.294,4656.101,4923.327,26120.77,162.5664,185.6908,321.8,57.74,344.35,2938.090087890625,7.059100151062012
2019-08-09,2772.149,3633.53,4600.353,4869.792,25939.301,162.7635,185.7436,321.83,58.38,345.9,2918.64990234375,7.044300079345703
2019-08-12,2824.804,3699.105,4685.045,4952.217,25824.721,162.7203,185.8267,323.76,58.35,344.25,2882.699951171875,7.061500072479248
2019-08-13,2792.914,3665.752,4658.388,4928.465,25281.301,162.8789,185.901,323.0,60.88,352.3,2926.320068359375,7.057199954986572
2019-08-14,2804.355,3682.402,4683.84,4961.751,25302.279,162.8838,185.9638,323.32,58.95,342.95,2840.60009765625,7.0335001945495605
2019-08-15,2814.388,3694.001,4706.55,4985.421,25495.461,162.9019,186.0684,323.81,58.33,347.4,2847.60009765625,7.023499965667725
2019-08-16,2824.226,3710.539,4722.663,5013.582,25734.221,162.832,186.0889,324.65,58.64,347.75,2888.679931640625,7.02400016784668
2019-08-19,2877.231,3791.095,4875.036,5173.177,26291.84,162.8991,186.1608,327.29,59.71,346.4,2923.64990234375,7.041900157928467
2019-08-20,2875.653,3787.732,4872.606,5185.265,26231.539,162.865,186.2212,327.05,60.05,344.75,2900.510009765625,7.049799919128418
2019-08-21,2869.22,3781.758,4882.721,5186.622,26270.039,162.7001,186.2303,326.91,60.37,345.35,2924.429931640625,7.059599876403809
2019-08-22,2878.005,3793.506,4887.914,5208.552,26048.721,162.7175,186.2656,326.25,60.05,346.45,2922.949951171875,7.062399864196777
2019-08-23,2917.377,3820.864,4887.902,5197.548,26179.33,162.7102,186.2664,327.63,58.79,346.25,2847.110107421875,7.082699775695801
2019-08-26,2863.479,3765.911,4855.458,5168.68,25680.33,162.8652,186.3742,325.48,58.82,358.25,2878.3798828125,7.09499979019165
2019-08-27,2887.239,3816.946,4936.124,5266.658,25664.07,162.8387,186.3745,327.19,60.05,358.7,2869.159912109375,7.150300025939941
2019-08-28,2867.027,3802.584,4928.194,5256.177,25615.48,162.8092,186.3927,327.43,59.83,358.85,2887.93994140625,7.161399841308594
2019-08-29,2855.45,3790.187,4934.184,5260.95,25703.5,163.0044,186.462,326.89,60.35,362.8,2924.580078125,7.155300140380859
2019-08-30,2872.401,3799.586,4886.494,5182.956,25724.73,162.8068,186.4731,326.85,59.13,356.7,2926.4599609375,7.143599987030029
2019-09-02,2894.958,3848.32,5008.296,5317.533,25626.551,162.7613,186.5561,328.88,58.6,355.8,,7.155700206756592
2019-09-03,2892.182,3853.611,5044.181,5357.06,25527.85,162.7399,186.5527,329.12,58.19,357.45,2906.27001953125,7.171000003814697
2019-09-04,2919.678,3886.001,5093.266,5394.706,26523.23,162.8237,186.5677,329.78,60.43,359.0,2937.780029296875,7.177999973297119
2019-09-05,2955.84,3925.323,5138.405,5445.574,26515.529,163.1571,186.6409,332.76,60.75,360.9,2976.0,7.145100116729736
2019-09-06,2981.073,3948.508,5154.638,5468.459,26690.76,163.2512,186.6661,334.27,61.77,349.2,2978.7099609375,7.14769983291626
2019-09-09,2981.586,3972.948,5263.459,5602.242,26681.4,163.1828,186.7661,336.5,62.62,350.6,2978.429931640625,7.114699840545654
2019-09-10,2969.805,3959.265,5245.305,5614.576,26683.68,163.0579,186.8212,335.88,62.68,344.85,2979.389892578125,7.121099948883057
2019-09-11,2957.144,3930.1,5217.291,5566.408,27159.061,163.0722,186.8581,334.83,61.0,345.95,3000.929931640625,7.111700057983398
2019-09-12,2999.562,3972.38,5242.612,5592.922,27087.631,162.8611,186.894,335.18,60.44,346.15,3009.570068359375,7.115799903869629
2019-09-13,,,,,27352.689,,,,60.18,,3007.389892578125,7.078400135040283
2019-09-16,2982.448,3957.715,5250.34,5627.235,27124.551,162.9087,187.0043,333.97,66.36,346.25,2997.9599609375,7.078400135040283
2019-09-17,2937.008,3891.221,5140.45,5492.222,26790.24,162.8627,187.0259,330.15,64.14,344.95,3005.699951171875,7.066400051116943
2019-09-18,2954.358,3910.084,5141.038,5485.879,26754.119,162.7817,187.067,330.34,62.6,346.5,3006.72998046875,7.09089994430542
2019-09-19,2956.829,3924.382,5191.669,5550.407,26468.949,162.804,187.0355,331.4,64.8,346.0,3006.7900390625,7.085000038146973
2019-09-20,2963.435,3935.651,5204.485,5556.478,26435.67,162.9183,187.0249,332.1,64.43,346.7,2992.070068359375,7.095600128173828
2019-09-23,2930.913,3890.662,5171.484,5501.215,26222.4,162.9755,187.0943,330.4,63.26,350.3,2991.780029296875,7.09060001373291
2019-09-24,2940.081,3901.076,5180.742,5528.893,26281.0,162.9185,187.1112,330.46,61.36,352.05,2966.60009765625,7.117599964141846
2019-09-25,2928.835,3870.984,5087.009,5421.625,25945.35,162.9515,187.142,329.41,61.56,353.85,2984.8701171875,7.115499973297119
2019-09-26,2927.877,3841.139,4970.24,5244.077,26041.93,162.8679,187.1709,328.19,61.59,349.55,2977.6201171875,7.130799770355225
2019-09-27,2929.466,3852.653,5005.63,5291.436,25954.811,162.812,187.1984,328.66,61.14,346.35,2961.7900390625,7.1315999031066895
2019-09-29,,,,,,162.8991,187.2371,,,,,
2019-09-30,2897.703,3814.528,4940.903,5232.387,26092.27,162.8345,187.2965,328.27,59.38,345.05,2976.739990234375,7.121799945831299
2019-10-01,,,,,,,,,59.2,,2940.25,7.147500038146973
2019-10-02,,,,,26042.689,,,,57.52,,2887.610107421875,7.14739990234375
2019-10-03,,,,,26110.311,,,,57.59,,2910.6298828125,7.147600173950195
2019-10-04,,,,,25821.029,,,,58.43,,2952.010009765625,7.147500038146973
2019-10-07,,,,,,,,,58.41,,2938.7900390625,7.14739990234375
2019-10-08,2922.348,3837.679,4941.761,5237.182,25893.4,163.113,187.4991,328.53,58.12,344.5,2893.06005859375,7.14739990234375
2019-10-09,2922.98,3843.239,4982.954,5285.149,25682.811,163.1347,187.5337,329.61,58.26,349.5,2919.39990234375,7.143499851226807
2019-10-10,2940.8,3874.639,5046.359,5366.925,25707.93,163.0699,187.5687,331.44,59.53,347.7,2938.1298828125,7.131400108337402
2019-10-11,2983.12,3911.725,5055.517,5370.654,26308.439,162.94,187.5817,333.14,60.6,345.85,2970.27001953125,7.115499973297119
2019-10-12,,,,,,162.8625,187.5921,,,,,
2019-10-14,3013.533,3953.241,5131.131,5455.606,26521.85,162.8924,187.617,336.08,59.15,340.7,2966.14990234375,7.087200164794922
2019-10-15,3015.42,3936.25,5061.003,5375.529,26503.93,162.8743,187.6178,334.75,58.84,341.65,2995.679931640625,7.0665998458862305
2019-10-16,3004.723,3922.685,5038.356,5353.015,26664.279,163.0261,187.633,334.04,59.05,340.2,2989.68994140625,7.0808000564575195
2019-10-17,3011.754,3925.222,5029.854,5347.267,26848.49,163.1311,187.6621,333.62,59.85,342.7,2997.949951171875,7.092700004577637
2019-10-18,2963.175,3869.378,4961.807,5280.532,26719.58,163.1284,187.692,332.46,59.3,342.0,2986.199951171875,7.076399803161621
2019-10-21,2968.905,3880.84,4951.035,5247.298,26725.68,162.8886,187.7477,331.65,59.06,341.75,3006.719970703125,7.080699920654297
2019-10-22,2973.217,3895.881,5005.553,5312.458,26786.199,162.8296,187.7393,332.33,59.54,340.45,2995.989990234375,7.066299915313721
2019-10-23,2954.305,3871.085,4967.195,5269.723,26566.73,162.8985,187.737,331.41,61.07,341.95,3004.52001953125,7.076200008392334
2019-10-24,2959.032,3870.668,4958.247,5259.455,26797.949,162.9282,187.6988,331.38,61.39,341.5,3010.2900390625,7.064599990844727
2019-10-25,2967.052,3896.792,4994.568,5300.094,26667.391,162.9042,187.7056,332.57,61.65,344.65,3022.550048828125,7.0680999755859375
2019-10-28,2981.362,3926.585,5084.468,5425.754,26891.26,162.6128,187.7435,334.12,61.13,344.6,3039.419921875,7.064700126647949
2019-10-29,2968.283,3910.226,5007.713,5366.754,26786.76,162.5702,187.7108,333.74,61.25,340.9,3036.889892578125,7.06689977645874
2019-10-30,2952.118,3891.226,4947.895,5313.417,26667.711,162.3755,187.661,331.41,60.17,340.55,3046.77001953125,7.064899921417236
2019-10-31,2954.734,3886.752,4917.417,5253.881,26906.721,162.6233,187.5489,329.99,59.46,341.1,3037.56005859375,7.0543999671936035
2019-11-01,3002.649,3952.387,4962.35,5303.991,27100.76,162.7716,187.5966,331.62,61.52,344.05,3066.909912109375,7.0381999015808105
2019-11-04,3022.275,3978.122,4987.836,5337.083,27547.301,162.6487,187.6809,332.73,62.11,343.7,3078.27001953125,7.036399841308594
2019-11-05,3039.977,4002.813,5025.303,5352.061,27683.4,162.8768,187.7176,335.35,62.92,341.4,3074.6201171875,7.029399871826172
2019-11-06,3032.792,3984.882,4974.734,5304.838,27688.641,162.8625,187.8189,335.21,61.74,336.55,3076.780029296875,7.008800029754639
2019-11-07,3033.299,3991.875,5007.067,5340.171,27847.23,162.9182,187.8961,336.02,62.31,338.35,3085.179931640625,6.997200012207031
2019-11-08,3012.459,3973.011,4988.294,5321.778,27651.141,162.8786,187.9431,335.61,62.54,332.1,3093.080078125,
2019-11-11,2965.708,3902.978,4876.159,5183.571,26926.551,163.0396,188.0582,333.36,62.25,331.5,3087.010009765625,6.994999885559082
2019-11-12,2971.361,3903.689,4881.614,5196.715,27065.279,163.1235,188.127,332.6,61.98,328.3,3091.840087890625,7.0096001625061035
2019-11-13,2967.67,3899.982,4875.543,5181.492,26571.461,163.1577,188.1781,332.44,62.59,331.85,3094.0400390625,7.006800174713135
2019-11-14,2968.569,3905.857,4912.108,5216.644,26323.689,163.1358,188.2209,332.78,62.41,332.7,3096.6298828125,7.022600173950195
2019-11-15,2954.701,3877.089,4868.437,5152.564,26326.66,163.1901,188.256,331.53,63.39,331.9,3120.4599609375,7.019800186157227
2019-11-18,2980.946,3907.929,4892.461,5189.352,26681.09,163.4735,188.3983,332.82,62.27,332.05,3122.030029296875,7.007299900054932
2019-11-19,3000.745,3947.039,4975.113,5286.149,27093.801,163.6822,188.4692,334.46,60.78,334.05,3120.179931640625,7.025000095367432
2019-11-20,2968.124,3907.864,4946.276,5259.47,26889.609,163.766,188.5706,333.76,62.44,336.5,3108.4599609375,7.026800155639648
2019-11-21,2949.337,3889.598,4945.719,5250.665,26466.881,163.8363,188.6715,332.82,63.73,336.0,3103.5400390625,7.034999847412109
2019-11-22,2922.267,3849.995,4904.083,5181.109,26595.08,163.8567,188.7179,332.04,63.5,334.95,3110.2900390625,7.028200149536133
2019-11-25,2951.247,3878.206,4901.502,5151.368,26993.039,163.7333,188.8086,332.73,62.44,332.65,3133.639892578125,7.038300037384033
2019-11-26,2946.567,3891.653,4882.162,5147.728,26913.92,163.8124,188.8455,332.9,63.02,332.35,3140.52001953125,7.0355000495910645
2019-11-27,2944.322,3875.619,4904.257,5145.967,26954.0,163.8237,188.8817,332.33,63.07,333.15,3153.6298828125,7.03249979019165
2019-11-28,2930.482,3862.303,4889.26,5131.128,26893.73,163.8653,188.9147,331.72,63.28,332.05,,7.027900218963623
2019-11-29,2894.715,3828.671,4894.942,5126.615,26346.49,163.927,188.9322,331.45,60.72,333.1,3140.97998046875,7.03439998626709
2019-12-02,2899.439,3836.059,4905.421,5137.784,26444.721,163.7935,189.033,331.49,60.87,333.5,3113.8701171875,7.031499862670898
2019-12-03,2909.623,3851.087,4926.455,5171.356,26391.301,163.8052,189.049,331.85,61.16,334.2,3093.199951171875,7.038300037384033
2019-12-04,2901.066,3849.819,4920.668,5179.694,26062.561,163.9377,189.081,331.68,63.0,340.4,3112.760009765625,7.060200214385986
2019-12-05,2921.947,3879.364,4967.602,5238.13,26217.039,163.9722,189.127,333.11,63.21,338.75,3117.429931640625,7.048900127410889
2019-12-06,2939.818,3902.385,5010.51,5275.51,26498.369,163.9834,189.151,334.04,64.27,336.4,3145.909912109375,7.043799877166748
2019-12-09,2933.042,3895.447,5024.604,5294.282,26494.73,164.0109,189.245,333.93,64.04,333.6,3135.9599609375,7.034299850463867
2019-12-10,2936.993,3900.384,5049.051,5326.361,26436.619,163.9745,189.2853,334.68,64.13,333.9,3132.52001953125,7.0381999015808105
2019-12-11,2949.647,3902.749,5027.278,5304.882,26645.43,164.0695,189.3431,335.38,63.95,334.12,3141.6298828125,7.033299922943115
2019-12-12,2938.044,3891.024,5012.001,5304.423,26994.141,164.1471,189.3862,335.47,64.42,336.02,3168.570068359375,7.037799835205078
2019-12-13,3006.313,3968.221,5073.686,5375.977,27687.76,164.1468,189.4134,338.07,64.92,331.76,3168.800048828125,7.019499778747559
2019-12-16,2999.202,3987.546,5166.039,5476.988,27508.09,164.1736,189.4968,341.13,65.28,335.32,3191.449951171875,6.97189998626709
2019-12-17,3033.142,4041.8,5236.062,5545.618,27843.711,164.1414,189.5083,343.86,65.79,335.14,3192.52001953125,6.981599807739258
2019-12-18,3025.785,4032.783,5235.125,5543.787,27884.211,164.1496,189.5264,344.45,66.12,335.6,3191.139892578125,6.996200084686279
2019-12-19,3017.713,4027.15,5241.738,5568.113,27800.49,164.206,189.5439,344.18,66.56,335.18,3205.3701171875,7.004000186920166
2019-12-20,3012.626,4017.253,5184.675,5501.158,27871.35,164.4295,189.5786,344.01,66.04,336.08,3221.219970703125,7.009399890899658
2019-12-23,2984.243,3967.096,5084.351,5377.087,27906.41,164.666,189.679,342.5,65.58,337.18,3224.010009765625,7.00570011138916
2019-12-24,2996.765,3992.958,5162.07,5471.735,27864.211,164.7954,189.7358,344.01,67.2,338.68,3223.3798828125,7.0117998123168945
2019-12-25,2986.004,3990.867,5183.099,5504.417,,164.9356,189.78,344.35,,340.62,,7.006400108337402
2019-12-26,3011.636,4025.988,5219.14,5543.664,,165.1771,189.8359,346.41,66.78,340.92,3239.909912109375,6.98829984664917
2019-12-27,3017.779,4022.028,5179.193,5498.925,28225.42,165.2151,189.9014,346.2,66.85,345.3,3240.02001953125,6.996300220489502
2019-12-30,3062.75,4081.633,5241.938,5529.996,28319.391,165.2608,190.0028,347.87,66.67,345.46,3221.2900390625,6.994800090789795
2019-12-31,3063.219,4096.582,5267.662,5567.033,28189.75,165.3321,190.0393,349.91,66.02,347.48,3230.780029296875,6.9857001304626465
2020-01-01,,,,,,,,,,,,6.962299823760986
2020-01-02,3090.833,4152.241,5366.138,5676.558,28543.52,165.218,190.1204,353.84,66.29,346.24,3257.85009765625,6.962200164794922
2020-01-03,3078.279,4144.965,5380.637,5706.044,28451.5,165.118,190.1913,354.53,68.67,351.16,3234.85009765625,6.963399887084961
2020-01-06,3056.836,4129.295,5434.85,5764.733,28226.189,165.2133,190.3217,354.55,68.53,358.34,3246.280029296875,6.9644999504089355
2020-01-07,3074.015,4160.227,5499.84,5852.361,28322.061,165.2365,190.3576,355.37,68.51,354.94,3237.179931640625,6.9745001792907715
2020-01-08,3037.853,4112.317,5423.797,5772.474,28087.92,165.2964,190.4109,353.49,65.77,360.68,3253.050048828125,6.944399833679199
2020-01-09,3067.546,4164.37,5497.543,5864.182,28561.0,165.3546,190.465,354.85,65.32,348.04,3274.699951171875,6.945199966430664
2020-01-10,3067.881,4163.185,5480.228,5851.893,28638.199,165.5403,190.54,353.19,65.08,349.3,3265.35009765625,6.951700210571289
2020-01-13,3090.128,4203.988,5559.627,5926.722,28954.939,165.5561,190.6681,354.16,64.23,349.42,3288.1298828125,6.909299850463867
2020-01-14,3080.602,4189.886,5542.332,5914.113,28885.141,165.4853,190.7075,354.17,64.41,344.7,3283.14990234375,6.8927001953125
2020-01-15,3058.008,4166.734,5530.027,5913.518,28773.59,165.4965,190.7401,352.65,64.24,347.54,3289.2900390625,6.900300025939941
2020-01-16,3043.093,4149.043,5527.668,5902.132,28883.039,165.5258,190.7738,351.99,64.67,347.96,3316.81005859375,6.889800071716309
2020-01-17,3053.173,4154.853,5510.045,5879.412,29056.42,165.6719,190.8122,352.95,65.15,347.78,3329.6201171875,6.8780999183654785
2020-01-19,,,,,,165.7233,190.8474,,,,,
2020-01-20,3065.991,4185.83,5587.536,5954.867,28795.91,165.8944,190.9107,355.89,65.2,347.94,,6.858699798583984
2020-01-21,3012.112,4114.309,5523.942,5901.859,27985.33,166.1805,190.9678,354.8,64.48,351.34,3320.7900390625,6.865799903869629
2020-01-22,3017.879,4131.931,5575.513,5919.587,28341.039,166.2108,191.0374,354.95,62.66,348.32,3321.75,6.904799938201904
2020-01-23,2932.493,4003.901,5377.741,5699.008,27909.119,166.5093,191.0709,350.42,62.05,350.72,3325.5400390625,6.905700206756592
2020-01-24,,,,,27949.641,,,,60.68,,3295.469970703125,6.9355998039245605
2020-01-27,,,,,,,,,58.06,,3243.6298828125,6.935699939727783
2020-01-28,,,,,,,,,59.3,,3276.239990234375,6.935699939727783
2020-01-29,,,,,27160.631,,,,58.67,,3273.39990234375,6.935699939727783
2020-01-30,,,,,26449.131,,,,58.09,,3283.659912109375,6.935699939727783
2020-01-31,,,,,26312.631,,,,56.65,,3225.52001953125,6.935699939727783
2020-02-03,2727.093,3688.358,4910.901,5200.162,26356.98,167.7162,192.049,338.05,54.19,359.3,3248.919921875,6.935699939727783
2020-02-04,2794.661,3785.638,4996.474,5212.1,26675.98,167.7511,192.0369,344.85,53.79,356.2,3297.590087890625,7.020599842071533
2020-02-05,2812.899,3828.527,5123.962,5348.341,26786.74,167.7221,192.1082,347.48,55.56,354.22,3334.68994140625,6.997499942779541
2020-02-06,2854.888,3899.775,5282.892,5515.641,27493.699,167.8137,192.1574,350.23,55.05,352.4,3345.780029296875,6.972799777984619
2020-02-07,2851.711,3899.869,5327.037,5583.596,27404.27,168.0254,192.2496,349.64,54.47,354.3,3327.7099609375,6.969799995422363
2020-02-10,2850.064,3916.005,5388.435,5661.562,27241.34,168.2136,192.4336,351.03,53.35,355.56,3352.090087890625,7.0005998611450195
2020-02-11,2879.858,3952.464,5361.277,5623.259,27583.881,168.1018,192.4901,352.45,54.25,354.6,3357.75,6.983500003814697
2020-02-12,2895.586,3984.433,5459.946,5754.258,27823.66,168.0012,192.6272,356.35,56.34,354.0,3379.449951171875,6.964900016784668
2020-02-13,2875.479,3959.919,5412.842,5707.533,27730.0,167.982,192.7124,355.24,56.46,356.52,3373.93994140625,6.9710001945495605
2020-02-14,2895.064,3987.734,5420.803,5727.829,27815.6,167.991,192.8221,355.06,57.23,356.78,3380.159912109375,6.976399898529053
2020-02-17,2950.07,4077.424,5594.437,5936.483,27959.6,167.8186,192.9554,359.11,57.53,357.9,,6.986100196838379
2020-02-18,2924.398,4057.511,5660.814,6072.193,27530.199,167.7887,193.0059,360.41,57.66,359.68,3370.2900390625,6.979300022125244
2020-02-19,2923.763,4051.311,5603.263,6018.051,27655.811,167.7858,193.089,360.21,59.33,364.06,3386.14990234375,6.996200084686279
2020-02-20,2978.183,4144.656,5706.713,6134.388,27609.16,167.6584,193.1666,362.89,59.13,365.06,3373.22998046875,6.997200012207031
2020-02-21,2968.138,4149.49,5784.032,6243.478,27308.811,167.7774,193.211,364.81,58.42,371.9,3337.75,7.02239990234375
2020-02-24,2930.033,4132.839,5865.467,6380.415,26820.881,168.0419,193.3279,366.22,55.53,379.7,3225.889892578125,7.026199817657471
2020-02-25,2909.324,4123.854,5897.722,6407.143,26893.23,168.0507,193.405,365.77,54.16,371.74,3128.2099609375,7.02839994430542
2020-02-26,2901.673,4073.015,5743.393,6221.835,26696.49,168.1206,193.4786,363.36,52.78,374.26,3116.389892578125,7.036399841308594
2020-02-27,2912.036,4084.876,5753.728,6232.089,26778.619,168.3226,193.561,362.96,50.95,374.3,2978.760009765625,7.03980016708374
2020-02-28,2821.042,3940.049,5451.29,5870.966,26129.93,168.7483,193.6355,357.46,49.92,369.98,2954.219970703125,7.003499984741211
2020-03-02,2907.886,4069.666,5656.419,6113.411,26291.68,168.7459,193.7582,359.93,53.06,361.24,3090.22998046875,6.990900039672852
2020-03-03,2921.444,4091.362,5710.024,6195.892,26284.82,168.7493,193.7949,361.39,51.6,360.26,3003.3701171875,6.999800205230713
2020-03-04,2947.567,4115.052,5716.511,6226.533,26222.07,169.0986,193.9377,361.34,51.5,368.54,3130.1201171875,6.960999965667725
2020-03-05,3018.07,4206.725,5801.12,6315.835,26767.869,169.1106,193.9849,365.78,50.16,368.62,3023.93994140625,6.965400218963623
2020-03-06,2964.835,4138.507,5763.86,6296.739,26146.67,169.499,194.0274,365.48,45.44,376.08,2972.3701171875,6.935999870300293
2020-03-09,2868.83,3997.133,5525.817,6049.621,25040.461,170.2433,194.2698,359.04,33.3,373.42,2746.56005859375,6.931099891662598
2020-03-10,2924.217,4082.732,5675.111,6206.408,25392.51,169.7284,194.2291,361.81,37.78,368.64,2882.22998046875,6.9456000328063965
2020-03-11,2888.361,4028.429,5589.531,6122.909,25231.609,169.7024,194.1565,361.32,35.83,371.22,2741.3798828125,6.955599784851074
2020-03-12,2841.982,3950.911,5493.884,5999.64,24309.07,169.6179,194.1581,358.57,34.52,367.26,2480.639892578125,6.95959997177124
2020-03-13,2798.77,3895.313,5457.201,5945.465,24032.91,169.184,193.9366,356.4,36.32,356.4,2711.02001953125,7.028600215911865
2020-03-16,2694.023,3727.84,5200.114,5657.775,23063.57,169.2908,193.873,350.83,29.72,347.18,2386.1298828125,7.007199764251709
2020-03-17,2685.591,3709.682,5212.062,5642.919,23263.73,169.1692,193.7571,349.59,28.8,330.88,2529.18994140625,6.992700099945068
2020-03-18,2625.747,3636.257,5119.472,5556.108,22291.82,169.1438,193.7873,349.06,28.2,339.08,2398.10009765625,7.006199836730957
2020-03-19,2569.789,3589.093,5157.824,5617.195,21709.131,169.1107,193.7745,348.09,28.08,336.62,2409.389892578125,7.04640007019043
2020-03-20,2628.416,3653.224,5219.281,5670.471,22805.07,169.2129,193.7815,353.1,29.35,339.78,2304.919921875,7.107699871063232
2020-03-23,2559.619,3530.306,4998.91,5416.571,21696.131,169.5919,193.9338,346.48,29.79,339.62,2237.39990234375,7.094799995422363
2020-03-24,2639.383,3625.115,5096.041,5517.255,22663.49,169.6585,194.0514,348.42,30.21,358.46,2447.330078125,7.091300010681152
2020-03-25,2700.187,3722.518,5217.424,5646.625,23527.189,169.7851,194.0715,354.1,30.05,364.4,2475.56005859375,7.061999797821045
2020-03-26,2689.28,3698.047,5166.109,5595.433,23352.34,170.2463,194.1222,352.57,29.31,363.34,2630.070068359375,7.113500118255615
2020-03-27,2701.445,3710.061,5137.337,5553.612,23484.279,170.1737,194.2034,351.49,28.25,367.58,2541.469970703125,7.0731000900268555
2020-03-30,2690.042,3674.111,5027.486,5415.411,23175.109,170.2819,194.2504,350.17,26.45,364.7,2626.64990234375,7.095300197601318
2020-03-31,2689.379,3686.155,5041.453,5427.132,23603.48,170.6297,194.3026,349.97,25.82,364.9,2584.590087890625,7.0991997718811035
2020-04-01,2682.08,3675.076,5019.219,5403.303,23085.789,170.9325,194.3617,350.23,25.56,358.62,2470.5,7.081399917602539
2020-04-02,2719.886,3734.531,5147.202,5538.604,23280.061,170.7326,194.4434,350.85,29.65,360.7,2526.89990234375,7.099299907684326
2020-04-03,2708.825,3713.218,5107.039,5507.119,23236.109,170.803,194.4447,349.39,34.59,363.48,2488.64990234375,7.083199977874756
2020-04-06,,,,,23749.119,,,,33.27,,2663.679931640625,7.091300010681152
2020-04-07,2757.406,3798.021,5267.073,5695.169,24253.289,171.919,194.8855,353.07,32.36,373.88,2659.409912109375,7.091300010681152
2020-04-08,2743.887,3780.345,5271.796,5718.128,23970.369,172.621,195.161,352.71,33.56,370.2,2749.97998046875,7.0447998046875
2020-04-09,2752.588,3792.811,5322.461,5789.265,24300.33,172.5745,195.3282,353.37,31.61,371.46,2789.820068359375,7.064899921417236
2020-04-10,2749.847,3769.178,5208.51,5637.532,,172.4674,195.3857,350.55,,373.74,,7.042200088500977
2020-04-13,2739.167,3753.257,5169.176,5578.856,,172.6027,195.4401,347.34,31.83,373.26,2761.6298828125,7.035099983215332
2020-04-14,2785.72,3825.699,5288.593,5692.001,24435.4,172.8148,195.4872,348.66,31.72,377.6,2846.06005859375,7.051599979400635
2020-04-15,2764.488,3797.362,5268.75,5657.948,24145.34,173.0669,195.3934,348.5,27.9,376.32,2783.360107421875,7.048299789428711
2020-04-16,2768.262,3802.381,5316.971,5700.96,24006.449,173.2904,195.4755,349.94,28.31,379.38,2799.550048828125,7.066500186920166
2020-04-17,2809.076,3839.487,5318.455,5710.053,24380.0,173.2628,195.5536,350.83,28.26,372.18,2874.56005859375,7.078800201416016
2020-04-20,2819.794,3853.455,5381.786,5803.402,24330.02,173.2103,195.5823,352.03,26.0,370.8,2823.159912109375,7.072199821472168
2020-04-21,2784.533,3808.047,5343.881,5773.008,23793.551,173.3682,195.6357,351.15,19.34,374.42,2736.56005859375,7.072400093078613
2020-04-22,2804.237,3839.383,5387.623,5826.56,23893.359,173.9104,195.6546,352.3,20.55,373.18,2799.31005859375,7.070799827575684
2020-04-23,2797.661,3829.753,5357.79,5789.482,23977.32,174.2322,195.8368,351.94,24.95,379.8,2797.800048828125,7.083099842071533
2020-04-24,2776.025,3796.972,5273.547,5675.51,23831.33,174.4514,195.9302,350.14,25.07,382.78,2836.739990234375,7.065199851989746
2020-04-26,,,,,,174.4445,195.9986,,,,,
2020-04-27,2805.22,3822.769,5265.725,5645.657,24280.141,174.4602,196.0176,351.11,22.95,380.14,2878.47998046875,7.080900192260742
2020-04-28,2825.139,3849.147,5227.846,5561.198,24575.961,174.5423,196.0242,350.99,23.16,377.1,2863.389892578125,7.085299968719482
2020-04-29,2844.814,3867.032,5226.812,5547.628,24643.59,174.9585,196.0729,351.21,24.4,378.74,2939.510009765625,7.078100204467773
2020-04-30,2861.908,3912.577,5353.86,5678.166,,174.8919,196.1164,353.38,26.61,380.28,2912.429931640625,7.075399875640869
2020-05-01,,,,,,,,,26.6,,2830.7099609375,7.061299800872803
2020-05-04,,,,,23613.801,,,,27.96,,2842.739990234375,7.061500072479248
2020-05-05,,,,,23868.66,,,,31.98,,2868.43994140625,7.061500072479248
2020-05-06,2863.845,3936.254,5451.316,5802.419,24137.48,174.5699,196.2334,354.16,29.83,380.08,2848.419921875,7.061500072479248
2020-05-07,2854.423,3924.895,5445.752,5795.872,23980.631,174.0414,196.1181,352.62,29.34,378.18,2881.18994140625,7.103600025177002
2020-05-08,2873.013,3963.622,5507.697,5862.767,24230.17,174.0281,195.9675,353.23,30.85,383.38,2929.800048828125,7.083799839019775
2020-05-09,,,,,,173.9327,195.9489,,,,,
2020-05-11,2871.848,3960.18,5496.192,5851.804,24602.061,173.4286,195.7761,352.5,30.13,381.74,2930.18994140625,7.0731000900268555
2020-05-12,2869.597,3960.238,5512.464,5869.507,24245.68,173.3839,195.672,351.42,29.4,380.88,2870.1201171875,7.0980000495910645
2020-05-13,2867.712,3968.253,5536.28,5917.027,24180.301,173.3054,195.7261,350.89,29.44,381.86,2820.0,7.082099914550781
2020-05-14,2834.533,3925.218,5487.107,5863.236,23829.74,173.3885,195.6706,348.29,31.45,384.46,2852.5,7.091300010681152
2020-05-15,2819.691,3912.816,5507.934,5889.977,23797.471,173.6183,195.7244,347.79,32.7,390.16,2863.699951171875,7.094699859619141
2020-05-18,2837.172,3922.912,5478.822,5860.043,23934.77,173.1952,195.7752,345.22,35.44,401.16,2953.909912109375,7.101200103759766
2020-05-19,2860.668,3956.25,5547.876,5936.599,24388.131,172.9446,195.7344,344.82,34.55,394.5,2922.93994140625,7.10860013961792
2020-05-20,2856.14,3935.222,5489.702,5865.841,24399.949,172.8977,195.7365,341.95,35.77,398.72,2971.610107421875,7.098199844360352
2020-05-21,2846.824,3913.795,5426.175,5791.64,24280.029,172.8,195.7605,341.08,35.92,395.06,2948.510009765625,7.09250020980835
2020-05-22,2775.81,3824.064,5328.227,5683.996,22930.141,173.41,195.8614,339.22,35.35,394.38,2955.449951171875,7.114299774169922
2020-05-25,2789.71,3829.325,5316.604,5671.972,22952.24,172.9283,195.9248,336.32,36.13,393.54,,7.12939977645874
2020-05-26,2808.842,3872.77,5420.213,5808.549,23384.66,172.3348,195.7828,338.4,36.59,395.34,2991.77001953125,7.135700225830078
2020-05-27,2795.481,3845.614,5369.499,5772.084,23301.359,171.8928,195.6892,338.41,34.95,391.2,3036.1298828125,7.134099960327148
2020-05-28,2809.665,3856.632,5361.167,5758.927,23132.76,171.9842,195.6284,338.67,36.11,394.18,3029.72998046875,7.1682000160217285
2020-05-29,2806.664,3867.023,5406.34,5816.4,22961.471,172.192,195.6217,341.9,37.61,394.42,3044.31005859375,7.145199775695801
2020-06-01,2870.356,3971.34,5569.48,5993.785,23732.52,172.116,195.6327,346.03,38.53,398.0,3055.72998046875,7.136300086975098
2020-06-02,2885.921,3983.568,5566.444,6002.836,23995.939,171.2253,195.3426,346.37,39.54,396.96,3080.820068359375,7.126699924468994
2020-06-03,2889.109,3983.648,5572.313,5994.638,24325.619,170.8882,194.8935,345.45,39.42,393.04,3122.8701171875,7.099899768829346
2020-06-04,2883.363,3982.185,5576.754,6006.765,24366.301,170.4049,194.714,344.15,39.87,389.74,3112.35009765625,7.114699840545654
2020-06-05,2896.35,4001.251,5585.423,6015.327,24770.41,170.0694,194.3251,343.32,41.9,390.18,3193.929931640625,7.1092000007629395
2020-06-08,2909.587,4021.955,5575.304,6001.432,24776.77,170.3412,194.263,343.37,40.79,386.28,3232.389892578125,7.080999851226807
2020-06-09,2928.304,4047.029,5610.377,6042.335,25057.221,170.3842,194.3885,343.34,40.82,386.3,3207.179931640625,7.070300102233887
2020-06-10,2908.475,4039.705,5615.242,6049.322,25049.73,170.3523,194.4434,342.74,41.36,390.4,3190.139892578125,7.076300144195557
2020-06-11,2876.513,3995.885,5589.102,6027.409,24480.15,170.5454,194.5434,341.61,38.32,393.7,3002.10009765625,7.059999942779541
2020-06-12,2884.116,4003.083,5591.487,6031.171,24301.381,170.6728,194.6731,342.13,38.8,393.62,3041.31005859375,7.0640997886657715
2020-06-15,2838.607,3954.988,5590.644,6028.956,23776.949,170.6506,194.8365,342.53,39.83,392.54,3066.590087890625,7.082399845123291
2020-06-16,2878.992,4014.57,5695.301,6151.686,24344.09,169.9123,194.7885,344.29,40.66,392.4,3124.739990234375,7.090799808502197
2020-06-17,2881.132,4017.594,5735.418,6178.141,24481.41,169.6412,194.725,344.2,40.53,392.86,3113.489990234375,7.085999965667725
2020-06-18,2888.958,4044.384,5734.403,6149.289,24464.939,169.851,194.744,344.33,41.45,392.18,3115.340087890625,7.084499835968018
2020-06-19,2925.936,4098.71,5787.148,6187.108,24643.891,169.8706,194.718,345.12,41.9,392.94,3097.739990234375,7.088399887084961
2020-06-22,2921.892,4102.046,5784.027,6228.016,24511.34,169.5952,194.6998,344.39,42.86,397.5,3117.860107421875,7.071300029754639
2020-06-23,2925.416,4121.794,5804.343,6238.897,24907.34,169.5012,194.4457,342.74,42.44,396.96,3131.2900390625,7.067399978637695
2020-06-24,2943.473,4138.99,5789.089,6227.569,24781.58,169.955,194.459,343.35,40.5,400.06,3050.330078125,7.057400226593018
2020-06-25,,,,,,,,,41.39,,3083.760009765625,7.077199935913086
2020-06-26,,,,,24549.99,,,,40.61,,3009.050048828125,7.077199935913086
2020-06-28,,,,,,170.0972,194.5735,,,,,
2020-06-29,2925.483,4109.716,5762.438,6211.381,24301.279,170.0597,194.6107,341.54,41.85,400.14,3053.239990234375,7.077199935913086
2020-06-30,2942.074,4163.964,5864.416,6319.556,24427.189,170.2969,194.6411,343.46,41.6,400.72,3100.2900390625,7.079599857330322
2020-07-01,3009.861,4247.784,5881.888,6339.369,,170.1937,194.7247,347.04,41.91,403.1,3115.860107421875,7.0644001960754395
2020-07-02,3084.238,4335.845,5975.279,6413.952,25124.189,170.2954,194.8135,352.95,42.92,399.06,3130.010009765625,7.070099830627441
2020-07-03,3159.158,4419.596,6051.51,6478.354,25373.119,170.1018,194.8709,358.0,42.78,400.54,,7.065499782562256
2020-07-06,3374.136,4670.095,6299.855,6725.996,26339.16,169.2182,194.7037,370.16,43.06,399.66,3179.719970703125,7.065400123596191
2020-07-07,3381.761,4698.126,6380.028,6817.865,25975.66,168.8686,194.3985,370.17,42.97,400.32,3145.320068359375,7.017300128936768
2020-07-08,3429.945,4774.004,6535.415,6973.997,26129.18,168.6303,194.2703,374.01,43.32,402.36,3169.93994140625,7.012899875640869
2020-07-09,3442.021,4840.771,6693.745,7182.177,26210.16,168.2343,193.9008,377.53,42.33,404.94,3152.050048828125,7.003499984741211
2020-07-10,3351.78,4753.133,6676.437,7150.424,25727.41,168.4916,193.7389,372.29,43.17,401.88,3185.0400390625,6.993100166320801
2020-07-13,3390.115,4852.961,6899.518,7403.086,25772.119,168.139,193.5718,377.81,42.17,403.74,3155.219970703125,6.992000102996826
2020-07-14,3348.031,4806.69,6807.727,7344.988,25477.891,168.513,193.5139,374.42,43.05,403.02,3197.52001953125,6.996399879455566
2020-07-15,3313.765,4744.469,6638.838,7131.464,25481.58,168.8294,193.5349,369.26,43.63,403.62,3226.56005859375,6.995800018310547
2020-07-16,3162.025,4516.253,6319.998,6758.14,24970.689,169.1295,193.6324,358.99,43.4,402.12,3215.570068359375,6.987800121307373
2020-07-17,3185.891,4544.701,6344.591,6772.532,25089.17,169.2367,193.7362,359.32,43.1,399.76,3224.72998046875,6.9882001876831055
2020-07-20,3287.915,4680.305,6526.833,7003.667,25057.99,169.3814,193.9028,366.4,43.17,401.78,3251.840087890625,6.991199970245361
2020-07-21,3286.815,4691.043,6563.324,7058.791,25635.66,169.6882,194.126,366.71,43.95,404.54,3257.300048828125,6.9822998046875
2020-07-22,3291.361,4714.445,6620.689,7125.569,25057.939,169.9184,194.3402,368.81,44.28,414.22,3276.02001953125,6.979700088500977
2020-07-23,3284.11,4712.436,6620.086,7119.671,25263.0,169.8692,194.5322,368.36,43.32,416.52,3235.659912109375,6.998700141906738
2020-07-24,3158.285,4505.591,6283.983,6784.635,24705.33,170.1895,194.7199,360.92,43.63,420.4,3215.6298828125,7.0030999183654785
2020-07-27,3163.231,4528.45,6298.735,6786.529,24603.26,170.0907,194.8594,359.7,43.95,430.06,3239.409912109375,7.01609992980957
2020-07-28,3185.89,4568.258,6359.664,6857.943,24772.76,169.7735,194.9184,362.16,43.61,429.94,3218.43994140625,6.993199825286865
2020-07-29,3243.385,4679.008,6530.271,7060.535,24883.141,169.7209,194.8764,366.64,44.1,431.38,3258.43994140625,6.99970006942749
2020-07-30,3231.519,4656.151,6511.436,7048.981,24710.59,169.6067,194.8577,367.06,43.6,428.94,3246.219970703125,7.00029993057251
2020-07-31,3249.338,4695.046,6579.67,7141.592,24595.35,169.4389,194.8126,369.13,43.66,432.86,3271.1201171875,7.007299900054932
2020-08-03,3281.101,4771.311,6739.809,7373.341,24458.131,169.427,194.8429,374.04,43.85,431.4,3294.610107421875,6.9741997718811035
2020-08-04,3312.134,4775.802,6697.707,7326.189,24946.631,169.4578,194.8405,373.9,44.34,431.96,3306.510009765625,6.979400157928467
2020-08-05,3292.309,4777.109,6772.842,7427.189,25102.539,169.1749,194.8798,376.24,45.33,444.06,3327.77001953125,6.972700119018555
2020-08-06,3292.2,4762.764,6770.302,7432.766,24930.58,168.9324,194.9275,376.63,45.08,447.56,3349.159912109375,6.934599876403809
2020-08-07,3263.746,4707.926,6688.882,7339.811,24531.619,168.8337,194.9672,373.19,44.6,449.72,3351.280029296875,6.952400207519531
2020-08-10,3285.76,4724.87,6725.296,7358.862,24377.43,168.9993,195.0648,373.56,44.92,446.38,3360.469970703125,6.9670000076293945
2020-08-11,3262.824,4681.784,6600.847,7213.445,24890.68,169.022,195.1386,370.73,44.52,436.94,3333.68994140625,6.9608001708984375
2020-08-12,3249.738,4647.645,6528.4,7092.355,25244.02,168.8619,195.1784,368.47,45.32,417.16,3380.35009765625,6.945300102233887
2020-08-13,3241.845,4635.713,6552.657,7113.93,25230.67,168.9769,195.2516,370.15,45.01,416.74,3373.429931640625,6.936200141906738
2020-08-14,3288.514,4704.629,6623.563,7183.958,25183.01,169.1285,195.3206,371.62,44.91,420.3,3372.85009765625,6.943600177764893
2020-08-17,3368.849,4815.226,6744.547,7339.693,25347.34,169.2877,195.4652,375.26,45.27,424.44,3381.989990234375,6.949399948120117
2020-08-18,3367.331,4812.756,6789.398,7410.241,25367.381,169.1887,195.5326,376.75,45.0,433.94,3389.780029296875,6.93179988861084
2020-08-19,3307.659,4740.678,6666.274,7256.131,25178.91,168.9103,195.5306,374.48,45.15,429.16,3374.85009765625,6.92080020904541
2020-08-20,3264.533,4679.154,6593.785,7151.261,24791.391,168.6966,195.5158,371.16,44.85,418.28,3385.510009765625,6.9191999435424805
2020-08-21,3284.727,4718.843,6643.944,7194.274,25113.84,168.8366,195.5105,372.03,44.18,419.48,3397.159912109375,6.91480016708374
2020-08-24,3298.721,4755.849,6688.965,7253.64,25551.58,168.8237,195.5241,372.83,45.01,415.54,3431.280029296875,6.918499946594238
2020-08-25,3310.839,4761.951,6652.548,7213.682,25486.221,168.4623,195.4134,372.33,46.39,416.5,3443.6201171875,6.918900012969971
2020-08-26,3277.89,4706.13,6525.879,7037.978,25491.789,168.3862,195.3312,368.66,46.29,415.66,3478.72998046875,6.911900043487549
2020-08-27,3290.786,4731.345,6578.791,7113.804,25281.15,168.302,195.25,369.19,45.63,420.54,3484.550048828125,6.884900093078613
2020-08-28,3368.438,4844.265,6691.21,7204.782,25422.061,168.2049,195.1725,371.63,45.79,420.4,3508.010009765625,6.889200210571289
2020-08-31,3343.888,4816.215,6668.433,7224.046,25177.051,168.4776,195.1719,372.29,45.57,422.68,3500.31005859375,6.8643999099731445
2020-09-01,3355.096,4842.122,6710.46,7258.887,25184.85,168.3557,195.1973,373.53,45.77,426.98,3526.64990234375,6.847700119018555
2020-09-02,3347.304,4843.887,6717.558,7272.624,25120.09,167.9896,195.159,374.73,44.4,422.6,3580.840087890625,6.827499866485596
2020-09-03,3334.412,4817.095,6662.252,7189.861,25007.6,167.8432,195.0919,373.61,43.97,415.3,3455.06005859375,6.837299823760986
2020-09-04,3309.21,4770.219,6618.576,7182.105,24695.449,167.7332,195.0825,372.6,42.35,416.54,3426.9599609375,6.845799922943115
2020-09-07,3253.426,4669.368,6478.812,7057.194,24589.65,167.6377,195.0746,368.01,42.05,416.36,,6.8414998054504395
2020-09-08,3289.914,4694.389,6525.098,7103.086,24624.34,167.7409,195.0806,367.45,39.7,416.56,3331.840087890625,6.829500198364258
2020-09-09,3235.703,4584.589,6349.223,6877.602,24468.93,168.0792,195.133,363.33,40.59,416.5,3398.9599609375,6.845099925994873
2020-09-10,3245.502,4581.978,6235.569,6633.89,24313.539,168.27,195.2139,361.52,39.71,419.46,3339.18994140625,6.8317999839782715
2020-09-11,3265.497,4627.283,6311.967,6742.059,24503.311,168.1178,195.2539,362.95,39.78,418.34,3340.969970703125,6.8333001136779785
2020-09-14,3294.151,4651.051,6351.242,6848.359,24640.279,168.0108,195.3121,363.74,39.68,418.44,3383.5400390625,6.833399772644043
2020-09-15,3317.64,4688.483,6387.881,6881.586,24732.76,168.3859,195.3713,363.73,40.66,419.8,3401.199951171875,6.809100151062012
2020-09-16,3295.584,4657.358,6353.836,6812.912,24725.631,168.4408,195.4562,362.49,42.3,418.64,3385.489990234375,6.780300140380859
2020-09-17,3264.686,4632.714,6367.021,6825.152,24340.85,168.3992,195.5014,361.62,43.26,415.62,3357.010009765625,6.753699779510498
2020-09-18,3347.778,4737.089,6469.469,6929.767,24455.41,168.6403,195.5228,363.38,43.52,416.92,3319.469970703125,6.764100074768066
2020-09-21,3311.594,4691.428,6445.965,6927.19,23950.689,168.9048,195.6262,362.54,41.73,417.04,3281.06005859375,6.76800012588501
2020-09-22,3270.519,4635.761,6358.652,6815.777,23716.85,169.0283,195.6685,360.86,41.75,407.58,3315.570068359375,6.803699970245361
2020-09-23,3275.739,4652.327,6392.033,6862.966,23742.51,169.0146,195.682,360.89,41.98,400.9,3236.919921875,6.77839994430542
2020-09-24,3218.716,4563.066,6244.639,6675.152,23311.07,168.9768,195.7095,356.69,42.26,396.58,3246.590087890625,6.808899879455566
2020-09-25,3229.777,4570.022,6236.89,6634.389,23235.42,168.7595,195.7578,355.74,42.23,401.06,3298.4599609375,6.827700138092041
2020-09-27,,,,,,168.7993,195.786,,,,,
2020-09-28,3250.502,4581.909,6178.469,6550.369,23476.051,168.7725,195.8147,354.58,42.87,400.14,3351.60009765625,6.822800159454346
2020-09-29,3241.323,4591.799,6228.771,6621.032,23275.529,168.6855,195.8542,357.91,41.31,405.9,3335.469970703125,6.810800075531006
2020-09-30,3232.418,4587.395,6192.505,6617.159,23459.051,168.4521,195.8549,359.21,42.12,406.1,3363.0,6.815400123596191
2020-10-01,,,,,,,,,40.71,,3380.800048828125,6.789700031280518
2020-10-02,,,,,,,,,38.9,,3348.419921875,6.789400100708008
2020-10-05,,,,,23767.779,,,,41.53,,3408.60009765625,6.78980016708374
2020-10-06,,,,,23980.65,,,,41.86,,3360.969970703125,6.78980016708374
2020-10-07,,,,,24242.859,,,,42.15,,3419.43994140625,6.78980016708374
2020-10-08,,,,,24193.35,,,,43.45,,3446.830078125,6.789700031280518
2020-10-09,3286.857,4681.141,6357.971,6822.365,24119.131,168.1081,196.0657,362.73,42.72,405.36,3477.139892578125,6.7891998291015625
2020-10-10,,,,,,168.1321,196.0058,,,,,
2020-10-12,3387.885,4823.158,6541.176,7036.275,24649.68,168.1853,196.0976,367.63,41.74,410.02,3534.219970703125,6.693699836730957
2020-10-13,3386.893,4839.201,6551.399,7053.871,,168.2348,196.1321,369.06,42.42,408.54,3511.929931640625,6.7444000244140625
2020-10-14,3369.498,4807.102,6508.374,6988.609,24667.09,168.0682,196.1531,368.68,43.43,404.04,3488.669921875,6.745500087738037
2020-10-15,3371.401,4798.736,6460.041,6926.846,24158.539,168.043,196.192,368.45,43.0,403.62,3483.340087890625,6.713600158691406
2020-10-16,3380.169,4791.676,6428.682,6906.388,24386.789,168.1033,196.2383,368.51,42.79,404.98,3483.81005859375,6.723899841308594
2020-10-19,3354.308,4755.488,6358.321,6858.356,24542.26,168.25,196.3264,366.96,42.46,404.9,3426.919921875,6.696599960327148
2020-10-20,3363.503,4793.467,6423.113,6923.384,24569.539,168.3315,196.3782,368.57,42.78,403.58,3443.1201171875,6.680699825286865
2020-10-21,3377.425,4792.828,6350.013,6815.093,24754.42,168.4954,196.4445,368.49,41.71,404.66,3435.56005859375,6.67519998550415
2020-10-22,3369.53,4777.985,6317.144,6771.807,24786.131,168.8074,196.5463,369.91,42.39,404.86,3453.489990234375,6.650000095367432
2020-10-23,3346.608,4718.488,6213.263,6641.329,24918.779,168.7635,196.6018,366.85,41.85,403.58,3465.389892578125,6.683499813079834
2020-10-26,3304.704,4691.236,6214.378,6648.521,,168.7752,196.6819,367.23,40.79,401.56,3400.969970703125,6.685699939727783
2020-10-27,3294.088,4699.279,6221.341,6682.538,24787.189,168.9418,196.7064,368.94,41.09,405.3,3390.679931640625,6.711299896240234
2020-10-28,3313.231,4737.272,6245.999,6685.429,24708.801,168.8113,196.7368,368.86,39.56,405.36,3271.030029296875,6.704400062561035
2020-10-29,3324.44,4772.92,6255.193,6674.742,24586.6,168.8298,196.7476,369.53,38.11,399.78,3310.110107421875,6.72790002822876
2020-10-30,3280.384,4695.334,6111.48,6511.158,24107.42,168.9067,196.7655,365.84,37.84,397.1,3269.9599609375,6.714000225067139
2020-11-02,3265.896,4720.831,6143.116,6513.788,24460.01,169.0049,196.8468,364.61,39.25,400.68,3310.239990234375,6.6890997886657715
2020-11-03,3307.485,4777.561,6241.768,6647.575,24939.73,169.1202,196.8906,365.73,40.07,402.6,3369.159912109375,6.689700126647949
2020-11-04,3332.19,4813.656,6234.158,6632.682,24886.141,169.1636,196.9481,366.03,41.2,404.28,3443.43994140625,6.676599979400635
2020-11-05,3369.503,4885.112,6351.979,6754.95,25695.92,169.0755,196.996,368.95,40.8,404.22,3510.449951171875,6.6519999504089355
2020-11-06,3359.119,4885.718,6301.248,6688.662,25712.971,168.9299,197.0237,367.43,39.57,408.3,3509.43994140625,6.605199813842773
2020-11-09,3418.275,4981.35,6421.651,6851.983,26016.17,168.8394,197.0581,370.65,42.02,407.42,3550.5,6.610400199890137
2020-11-10,3416.141,4953.876,6373.085,6779.491,26301.48,168.8797,197.0292,369.37,44.03,396.54,3545.530029296875,6.6280999183654785
2020-11-11,3411.23,4904.898,6294.606,6663.731,26226.98,168.8854,196.9947,368.7,43.7,395.64,3572.659912109375,6.614799976348877
2020-11-12,3397.354,4908.463,6315.494,6676.422,26169.381,168.7399,196.8672,368.37,43.26,394.98,3537.010009765625,6.630799770355225
2020-11-13,3338.31,4856.851,6306.97,6686.391,26156.859,168.6672,196.5924,366.13,42.63,396.88,3585.14990234375,6.610599994659424
2020-11-16,3377.11,4904.172,6387.371,6747.811,26381.67,168.6671,196.5406,367.01,43.89,396.64,3626.909912109375,6.605400085449219
2020-11-17,3379.274,4894.786,6336.941,6681.723,26415.09,168.6016,196.4404,364.84,43.78,396.18,3609.530029296875,6.583799839019775
2020-11-18,3387.045,4891.672,6341.014,6682.125,26544.289,168.3199,196.3129,365.34,44.12,393.64,3567.7900390625,6.555099964141846
2020-11-19,3410.094,4927.989,6360.6,6718.458,26356.971,168.0401,196.1573,365.59,44.11,392.0,3581.8701171875,6.559500217437744
2020-11-20,3411.932,4943.288,6422.985,6766.061,26451.539,168.1618,195.9661,366.02,45.14,392.18,3557.5400390625,6.582399845123291
2020-11-23,3469.805,5005.027,6472.93,6807.718,26486.199,168.4383,196.046,368.93,45.51,392.8,3577.590087890625,6.5619001388549805
2020-11-24,3442.723,4974.286,6475.188,6807.997,26588.199,168.3274,196.0741,369.7,47.84,383.32,3635.409912109375,6.584499835968018
2020-11-25,3420.292,4910.7,6350.367,6691.874,26669.75,168.4389,196.0855,368.19,48.73,379.24,3629.64990234375,6.590199947357178
2020-11-26,3445.739,4919.591,6334.304,6643.185,26819.449,168.433,196.1061,367.37,47.75,380.22,,6.577499866485596
2020-11-27,3498.659,4980.765,6351.612,6641.773,26894.68,168.3596,196.1192,368.39,48.27,381.14,3638.35009765625,6.57450008392334
2020-11-30,3469.418,4960.252,6320.944,6622.359,26341.49,168.9123,196.3211,368.39,47.66,371.34,3621.6298828125,6.576000213623047
2020-12-01,3554.014,5067.098,6426.616,6713.23,26567.68,168.8243,196.4273,371.03,47.23,374.2,3662.449951171875,6.5777997970581055
2020-12-02,3545.34,5067.145,6434.979,6735.712,26532.58,168.6813,196.4487,371.03,47.96,379.64,3669.010009765625,6.570799827575684
2020-12-03,3536.814,5057.06,6440.881,6711.843,26728.5,168.6889,196.4742,369.28,48.8,383.7,3666.719970703125,6.562399864196777
2020-12-04,3541.521,5065.916,6464.735,6746.63,26835.92,168.8084,196.4943,369.0,48.95,384.46,3699.1201171875,6.541399955749512
2020-12-07,3509.942,5022.235,6424.682,6733.002,26506.85,168.8168,196.5862,368.23,48.61,383.38,3691.9599609375,6.530600070953369
2020-12-08,3499.057,5009.879,6423.651,6734.372,26304.561,168.9378,196.5921,367.5,48.81,389.18,3702.25,6.52869987487793
2020-12-09,3468.527,4942.699,6307.221,6602.517,26502.84,168.9121,196.6237,366.17,49.01,387.0,3672.820068359375,6.531700134277344
2020-12-10,3459.035,4940.525,6320.096,6605.192,26410.59,168.9855,196.6938,365.3,50.4,383.26,3668.10009765625,6.542200088500977
2020-12-11,3427.857,4889.629,6209.427,6498.239,26505.869,168.7561,196.6961,362.74,49.91,382.78,3663.4599609375,6.544400215148926
2020-12-14,3467.767,4934.835,6259.018,6576.816,26389.52,168.8426,196.7633,362.92,50.31,382.82,3647.489990234375,6.5457000732421875
2020-12-15,3468.829,4945.1,6265.582,6596.503,26207.289,169.0264,196.8314,360.95,50.72,385.66,3694.6201171875,6.549699783325195
2020-12-16,3485.405,4953.867,6235.435,6543.362,26460.289,169.1181,196.9028,360.32,51.09,388.4,3701.169921875,6.538300037384033
2020-12-17,3539.54,5017.478,6308.901,6597.86,26678.381,169.0832,196.9158,362.11,51.48,390.5,3722.47998046875,6.531300067901611
2020-12-18,3507.974,4999.968,6291.918,6573.404,26498.6,169.0235,196.9491,363.32,52.3,393.58,3709.409912109375,6.532100200653076
2020-12-21,3522.262,5046.84,6398.599,6691.588,26306.68,169.2439,197.0479,366.26,50.8,398.36,3694.919921875,6.535999774932861
2020-12-22,3470.902,4964.773,6250.061,6549.969,26119.25,169.5894,197.1347,364.1,49.8,392.76,3687.260009765625,6.5482001304626465
2020-12-23,3494.587,5007.124,6307.604,6601.243,26343.1,169.6506,197.2127,364.83,51.15,391.44,3690.010009765625,6.542200088500977
2020-12-24,3489.274,5000.015,6205.225,6496.326,26386.561,169.5333,197.2635,361.95,51.35,393.04,3703.06005859375,6.539599895477295
2020-12-25,3512.486,5042.014,6278.498,6561.275,,169.7587,197.2883,363.96,,395.0,,6.5289998054504395
2020-12-28,3523.837,5064.415,6244.482,6519.471,26314.631,169.9077,197.3964,363.25,50.89,395.78,3735.360107421875,6.540800094604492
2020-12-29,3517.35,5042.936,6199.852,6477.262,26568.49,169.9862,197.4487,361.55,51.24,393.86,3727.0400390625,6.535600185394287
2020-12-30,3574.131,5113.711,6269.248,6526.879,27147.109,170.2879,197.5422,364.53,51.46,393.7,3732.0400390625,6.53000020980835
2020-12-31,3640.639,5211.289,6367.115,6646.474,27231.131,170.2124,197.6006,368.3,51.71,394.98,3756.070068359375,6.522200107574463
2021-01-01,,,,,,,,,,,,6.531700134277344
2021-01-04,3643.359,5267.718,6482.787,6798.764,27472.811,169.9716,197.7401,371.96,50.63,400.04,3700.64990234375,6.5320000648498535
2021-01-05,3683.363,5368.505,6539.732,6807.447,27649.859,170.1936,197.7941,374.19,53.52,402.32,3726.860107421875,6.4604997634887695
2021-01-06,3736.648,5417.668,6528.143,6724.95,27692.301,170.3993,197.8614,374.56,54.14,402.88,3748.139892578125,6.4552001953125
2021-01-07,3808.07,5513.657,6538.116,6616.552,27548.52,170.571,197.9695,374.33,54.49,399.06,3803.7900390625,6.460700035095215
2021-01-08,3788.319,5495.431,6557.596,6585.359,27878.221,170.4622,198.0555,374.04,56.25,396.06,3824.679931640625,6.477200031280518
2021-01-11,3776.529,5441.158,6455.399,6475.955,27908.221,170.3635,198.1298,372.41,55.58,385.0,3799.610107421875,6.474299907684326
2021-01-12,3906.123,5596.353,6543.229,6564.735,28276.75,170.543,198.1415,374.92,56.72,387.42,3801.18994140625,6.479700088500977
2021-01-13,3873.229,5577.971,6496.913,6513.64,28235.6,170.836,198.1655,373.2,55.9,387.54,3809.840087890625,6.462900161743164
2021-01-14,3811.224,5470.456,6439.885,6506.827,28496.859,170.9379,198.2666,372.76,56.41,385.3,3795.5400390625,6.4670000076293945
2021-01-15,3817.935,5458.081,6417.501,6528.461,28573.859,170.5462,198.3084,373.88,54.89,387.9,3768.25,6.473100185394287
2021-01-18,3849.398,5518.521,6514.464,6652.096,28862.77,170.3248,198.2893,375.85,54.74,386.82,,6.479700088500977
2021-01-19,3808.694,5437.523,6476.374,6614.071,29642.279,170.3861,198.234,374.37,55.93,387.72,3798.909912109375,6.491399765014648
2021-01-20,3814.654,5476.434,6535.419,6671.449,29962.471,170.6042,198.2418,374.95,55.67,388.82,3851.85009765625,6.47790002822876
2021-01-21,3850.056,5564.969,6622.496,6745.109,29927.76,170.7906,198.2698,377.3,56.14,392.72,3853.070068359375,6.465400218963623
2021-01-22,3846.395,5569.776,6637.805,6721.917,29447.85,170.803,198.2832,377.31,55.16,390.9,3841.469970703125,6.461400032043457
2021-01-25,3898.147,5625.923,6645.314,6657.272,30159.01,170.737,198.3392,376.59,55.72,389.0,3855.360107421875,6.480800151824951
2021-01-26,3813.29,5512.968,6532.961,6534.097,29391.26,170.4215,198.2005,374.06,55.81,390.14,3849.6201171875,6.478700160980225
2021-01-27,3818.268,5528.003,6557.161,6537.754,29297.529,170.4213,198.1612,373.62,55.26,387.94,3750.77001953125,6.463699817657471
2021-01-28,3735.034,5377.143,6414.381,6399.127,28550.77,170.1211,198.02,367.58,55.0,386.3,3787.3798828125,6.482100009918213
2021-01-29,3713.247,5351.965,6346.137,6304.118,28283.711,170.2678,197.9095,362.97,55.01,388.34,3714.239990234375,6.448400020599365
2021-02-01,3746.372,5417.648,6393.278,6345.814,28892.859,170.4861,197.9671,363.66,56.21,392.64,3773.860107421875,6.426799774169922
2021-02-02,3771.47,5501.092,6454.785,6417.461,29248.699,170.4455,198.0413,363.15,57.81,389.5,3826.31005859375,6.46750020980835
2021-02-03,3775.722,5485.201,6399.332,6307.39,29307.461,170.1693,198.0386,361.36,58.6,385.1,3830.169921875,6.456399917602539
2021-02-04,3801.618,5473.948,6328.788,6167.747,29113.5,170.0199,197.9829,356.28,59.05,382.26,3871.739990234375,6.459199905395508
2021-02-05,3840.766,5483.414,6239.871,6045.297,29288.68,170.1215,197.9177,354.76,59.59,377.86,3886.830078125,6.470699787139893
2021-02-07,,,,,,170.1725,197.98,,,,,
2021-02-08,3890.465,5564.562,6323.162,6088.819,29319.471,170.151,197.918,357.1,60.65,381.0,3915.590087890625,6.465700149536133
2021-02-09,3952.828,5686.25,6457.881,6254.011,29476.189,170.3165,197.9288,362.35,61.25,385.6,3911.22998046875,6.447999954223633
2021-02-10,4028.529,5807.719,6525.166,6303.306,30038.721,170.2466,197.9296,364.91,61.07,385.66,3909.8798828125,6.434199810028076
2021-02-11,,,,,30173.57,,,,60.82,,3916.3798828125,6.457200050354004
2021-02-12,,,,,,,,,62.64,,3934.830078125,6.456900119781494
2021-02-15,,,,,,,,,63.32,,,6.457200050354004
2021-02-16,,,,,30746.66,,,,63.53,,3932.590087890625,6.457200050354004
2021-02-17,,,,,31084.939,,,,64.78,,3931.330078125,6.457099914550781
2021-02-18,4014.324,5768.381,6614.544,6404.595,30595.27,170.0344,198.0756,367.96,63.51,374.18,3913.969970703125,6.457600116729736
2021-02-19,4014.456,5778.842,6703.482,6527.647,30644.73,170.2524,198.0856,371.0,61.81,372.46,3906.7099609375,6.487199783325195
2021-02-20,,,,,,170.2218,198.1118,,,,,
2021-02-22,3881.868,5597.333,6657.056,6534.574,30319.83,170.2626,198.1574,372.83,64.86,376.66,3876.5,6.485799789428711
2021-02-23,3897.716,5579.668,6631.229,6489.962,30632.641,170.2635,198.1977,371.45,64.18,380.66,3881.3701171875,6.463099956512451
2021-02-24,3805.472,5437.568,6536.186,6437.837,29718.24,170.353,198.251,367.7,66.41,379.6,3925.429931640625,6.4629998207092285
2021-02-25,3851.029,5469.558,6499.153,6399.347,30074.17,170.2941,198.2875,367.65,66.03,375.94,3829.340087890625,6.455999851226807
2021-02-26,3756.86,5336.761,6364.353,6325.405,28980.211,170.231,198.2893,365.44,64.48,369.5,3811.14990234375,6.453800201416016
2021-03-01,3787.87,5418.784,6488.439,6495.157,29452.57,170.387,198.3902,368.29,63.3,367.94,3901.820068359375,6.47790002822876
2021-03-02,3718.774,5349.63,6433.328,6466.632,29095.859,170.4035,198.4618,367.11,62.56,361.74,3870.2900390625,6.463200092315674
2021-03-03,3817.413,5452.213,6524.751,6553.596,29880.42,170.4087,198.5139,370.52,63.95,363.5,3819.719970703125,6.4695000648498535
2021-03-04,3708.661,5280.706,6401.992,6434.894,29236.789,170.3718,198.548,367.38,67.21,360.34,3768.469970703125,6.466800212860107
2021-03-05,3688.682,5262.796,6403.496,6456.279,29098.289,170.4449,198.6214,367.17,69.67,356.6,3841.93994140625,6.468999862670898
2021-03-08,3573.431,5080.025,6256.409,6327.649,28540.83,170.542,198.7148,364.17,68.09,360.36,3821.35009765625,6.495699882507324
2021-03-09,3509.614,4970.999,6108.003,6126.283,28773.23,170.5204,198.7624,362.52,67.28,359.04,3875.43994140625,6.524600028991699
2021-03-10,3532.052,5003.612,6062.255,6078.244,28907.52,170.5531,198.831,363.1,68.12,362.9,3898.81005859375,6.5055999755859375
2021-03-11,3625.305,5128.216,6213.832,6219.664,29385.609,170.5687,198.8536,366.94,69.56,365.88,3939.340087890625,6.504899978637695
2021-03-12,3632.578,5146.379,6222.38,6220.478,28739.721,170.5394,198.8643,368.34,69.18,360.76,3943.340087890625,6.493000030517578
2021-03-15,3566.877,5035.544,6173.872,6177.738,28833.76,170.4891,198.9329,367.84,68.76,363.86,3968.93994140625,6.498499870300293
2021-03-16,3599.165,5079.362,6195.244,6233.463,29027.689,170.5217,198.9649,368.46,68.46,364.56,3962.7099609375,6.498899936676025
2021-03-17,3590.834,5100.858,6225.359,6277.581,29034.119,170.5733,198.9783,368.73,67.2,366.2,3974.1201171875,6.505000114440918
2021-03-18,3605.605,5141.768,6273.856,6298.886,29405.721,170.6283,198.9941,369.89,62.86,369.24,3915.4599609375,6.502600193023682
2021-03-19,3512.02,5007.091,6206.602,6250.815,28990.939,170.6815,199.0158,368.4,64.36,367.66,3913.10009765625,6.504799842834473
2021-03-22,3538.427,5057.152,6305.692,6359.6,28885.34,170.7912,199.1076,370.85,64.18,365.7,3940.590087890625,6.499000072479248
2021-03-23,3516.363,5009.246,6219.167,6289.001,28497.381,170.8445,199.1696,368.35,60.44,366.8,3910.52001953125,6.50629997253418
2021-03-24,3466.042,4928.685,6142.544,6196.267,27918.141,170.9893,199.2067,364.78,64.06,366.24,3889.139892578125,6.514900207519531
2021-03-25,3463.873,4926.347,6157.407,6190.712,27899.609,171.0129,199.2491,363.93,61.65,367.22,3909.52001953125,6.514599800109863
2021-03-26,3529.728,5037.99,6251.794,6301.341,28351.711,171.0276,199.2967,366.29,64.24,366.24,3974.5400390625,6.5447998046875
2021-03-29,3537.711,5046.877,6254.943,6326.609,28338.301,171.0857,199.3528,367.08,65.16,366.44,3971.090087890625,6.540500164031982
2021-03-30,3577.243,5094.729,6280.359,6301.585,28577.5,171.0499,199.3669,367.21,64.02,361.5,3958.550048828125,6.568699836730957
2021-03-31,3539.37,5048.361,6254.07,6293.392,28378.35,171.186,199.4079,366.83,63.0,357.38,3972.889892578125,6.571000099182129
2021-04-01,3582.65,5110.777,6311.664,6335.791,28938.74,171.1642,199.4431,368.2,64.64,364.98,4019.8701171875,6.551199913024902
2021-04-02,3616.764,5161.557,6326.606,6361.252,,171.1687,199.4665,368.44,,369.98,,6.5644001960754395
2021-04-05,,,,,,,,,62.27,,4077.909912109375,6.566500186920166
2021-04-06,3594.709,5140.342,6343.096,6421.487,,171.1314,199.5673,368.98,62.64,367.3,4073.93994140625,6.565899848937988
2021-04-07,3558.469,5103.743,6348.076,6422.762,28674.801,171.0755,199.6014,369.58,62.9,369.1,4079.949951171875,6.53849983215332
2021-04-08,3573.037,5112.209,6356.753,6404.128,29008.07,171.0863,199.5789,370.2,63.31,370.08,4097.169921875,6.540999889373779
2021-04-09,3514.111,5035.337,6335.239,6399.522,28698.801,171.2011,199.5945,369.82,62.97,371.96,4128.7998046875,6.550000190734863
2021-04-12,3477.065,4947.746,6226.418,6263.399,28453.279,171.3598,199.6792,367.72,63.16,369.18,4127.990234375,6.552000045776367
2021-04-13,3461.459,4939.644,6209.78,6231.139,28497.25,171.628,199.7608,366.52,63.94,365.8,4141.58984375,6.547900199890137
2021-04-14,3469.173,4980.628,6277.211,6320.067,28900.83,171.6436,199.8444,367.45,66.26,369.54,4124.66015625,6.542600154876709
2021-04-15,3431.493,4948.974,6276.461,6296.608,28793.141,171.664,199.9129,367.29,66.78,369.54,4170.419921875,6.52810001373291
2021-04-16,3448.104,4966.181,6339.591,6368.846,28969.711,171.755,199.9543,368.77,66.7,372.86,4185.47021484375,6.521299839019775
2021-04-19,3513.395,5087.017,6425.261,6477.388,29106.15,171.8718,200.0781,372.17,67.08,375.5,4163.259765625,6.511099815368652
2021-04-20,3510.124,5083.365,6428.541,6457.629,29135.73,171.9933,200.1767,372.52,66.3,372.1,4134.93994140625,6.509300231933594
2021-04-21,3516.098,5098.745,6420.259,6457.715,28621.92,172.057,200.2435,371.75,65.03,375.98,4173.419921875,6.498499870300293
2021-04-22,3487.427,5089.244,6445.466,6485.211,28755.34,172.0681,200.2997,371.9,65.66,376.1,4134.97998046875,6.489999771118164
2021-04-23,3524.022,5135.453,6462.756,6453.303,29078.75,172.0524,200.3389,371.43,65.11,375.2,4180.169921875,6.490300178527832
2021-04-25,,,,,,171.9862,200.4101,,,,,
2021-04-26,3467.661,5077.237,6442.645,6431.089,28952.83,171.8384,200.3941,371.0,65.17,373.14,4187.6201171875,6.4944000244140625
2021-04-27,3476.302,5090.52,6446.282,6400.905,28908.539,171.8242,200.4078,369.8,66.0,373.48,4186.72021484375,6.484499931335449
2021-04-28,3473.039,5119.242,6489.744,6437.247,29071.34,171.8985,200.4009,370.38,66.49,371.4,4183.18017578125,6.482100009918213
2021-04-29,3517.21,5164.169,6491.928,6405.103,29303.26,172.0312,200.4436,372.04,67.99,372.68,4211.47021484375,6.47790002822876
2021-04-30,3491.188,5123.489,6485.708,6382.136,28724.881,172.1545,200.4805,371.42,66.42,370.76,4181.169921875,6.471199989318848
2021-05-03,,,,,28357.539,,,,67.62,,4192.66015625,6.473499774932861
2021-05-04,,,,,28557.141,,,,69.45,,4164.66015625,6.472799777984619
2021-05-05,,,,,28417.98,,,,68.52,,4167.58984375,6.472799777984619
2021-05-06,3449.939,5061.124,6489.349,6398.437,28637.461,172.3605,200.7029,372.84,68.24,376.28,4201.6201171875,6.4730000495910645
2021-05-07,3406.31,4996.053,6444.443,6320.253,28610.65,172.4636,200.7419,372.47,68.2,380.4,4232.60009765625,6.463200092315674
2021-05-08,,,,,,172.4501,200.7706,,,,,
2021-05-10,3399.985,4992.422,6475.994,6338.574,28595.66,172.5845,200.8492,373.81,68.21,381.76,4188.43017578125,6.43149995803833
2021-05-11,3437.714,5023.06,6456.038,6343.863,28013.811,172.6666,200.9171,373.74,68.65,381.54,4152.10009765625,6.41510009765625
2021-05-12,3447.862,5044.548,6512.05,6420.337,28231.039,172.6943,201.0423,375.33,69.0,382.44,4063.0400390625,6.428299903869629
2021-05-13,3413.889,4992.974,6439.027,6375.015,27718.67,172.578,201.1151,373.8,66.99,380.68,4112.5,6.4552001953125
2021-05-14,3503.037,5110.59,6525.804,6462.476,28027.57,172.6271,201.1797,375.77,68.75,382.96,4173.85009765625,6.450900077819824
2021-05-17,3539.913,5184.985,6578.14,6457.277,28194.09,172.5933,201.2643,376.39,69.52,387.3,4163.2900390625,6.436100006103516
2021-05-18,3537.696,5187.601,6599.599,6486.822,28593.811,172.6152,201.3343,377.29,68.49,389.96,4127.830078125,6.438199996948242
2021-05-19,3511.467,5172.272,6584.387,6488.949,,172.7618,201.3999,377.1,66.64,390.3,4115.68017578125,6.424200057983398
2021-05-20,3522.451,5186.412,6548.711,6482.836,28450.289,172.9137,201.4679,376.38,65.0,390.4,4159.1201171875,6.434000015258789
2021-05-21,3481.862,5134.148,6527.864,6480.374,28458.439,173.0576,201.5437,376.6,66.42,390.4,4155.85986328125,6.433899879455566
2021-05-24,3497.747,5155.588,6544.122,6537.857,28412.26,173.0493,201.701,377.13,68.31,391.66,4197.0498046875,6.433199882507324
2021-05-25,3641.292,5318.478,6619.671,6615.714,28910.859,173.0535,201.7185,379.97,68.42,389.82,4188.1298828125,6.418300151824951
2021-05-26,3657.19,5320.593,6628.207,6644.751,29166.01,173.1351,201.7946,381.68,68.62,393.4,4195.990234375,6.409999847412109
2021-05-27,3664.942,5338.233,6685.405,6705.045,29113.199,173.054,201.8505,383.02,69.16,390.96,4200.8798828125,6.390699863433838
2021-05-28,3659.296,5321.089,6668.17,6694.346,29124.41,172.9367,201.8763,382.82,69.0,391.38,4204.10986328125,6.381999969482422
2021-05-31,3650.225,5331.57,6728.991,6814.363,29151.801,173.0255,201.9492,383.24,69.44,394.38,,6.367400169372559
2021-06-01,3650.903,5341.68,6739.762,6854.734,29468.0,173.1211,201.9962,383.65,70.59,396.9,4202.0400390625,6.36899995803833
2021-06-02,3622.398,5289.974,6681.429,6759.459,29297.619,173.0202,202.0354,382.62,71.19,389.98,4208.1201171875,6.38070011138916
2021-06-03,3591.156,5255.286,6667.726,6754.07,28966.029,173.066,202.0924,383.06,71.34,387.5,4192.85009765625,6.380099773406982
2021-06-04,3612.701,5282.277,6693.057,6785.804,28918.1,172.8261,202.0719,383.12,71.67,382.62,4229.89013671875,6.402699947357178
2021-06-07,3601.109,5277.627,6721.502,6861.85,28787.279,172.6799,202.053,382.75,71.44,385.32,4226.52001953125,6.3942999839782715
2021-06-08,3580.284,5232.117,6684.563,6809.864,28781.381,172.6696,202.0523,381.74,72.04,387.9,4227.259765625,6.396299839019775
2021-06-09,3587.532,5236.449,6692.905,6823.407,28742.631,172.6865,202.0267,381.89,72.02,387.7,4219.5498046875,6.399499893188477
2021-06-10,3607.679,5271.466,6765.644,6898.206,28738.881,172.7954,202.0486,382.9,72.37,386.46,4239.18017578125,6.386499881744385
2021-06-11,3576.777,5224.703,6725.915,6852.973,28842.131,172.7093,202.0633,382.49,72.61,389.92,4247.43994140625,6.392300128936768
2021-06-14,,,,,,,,,73.07,,4255.14990234375,6.39769983291626
2021-06-15,3528.668,5166.56,6663.662,6815.119,28638.529,172.6977,202.1864,379.78,74.21,382.66,4246.58984375,6.397200107574463
2021-06-16,3486.288,5080.491,6566.286,6673.245,28436.84,172.7395,202.1699,375.86,73.85,382.24,4223.7001953125,6.40500020980835
2021-06-17,3481.6,5101.892,6616.174,6787.668,28558.59,172.7044,202.1465,375.6,72.97,375.66,4221.85986328125,6.396699905395508
2021-06-18,3454.589,5102.466,6657.764,6863.716,28801.27,172.8154,202.1475,376.2,73.17,371.62,4166.4501953125,6.447400093078613
2021-06-21,3431.252,5090.385,6707.176,6968.296,28489.0,173.1122,202.2139,377.55,74.82,371.94,4224.7900390625,6.452099800109863
2021-06-22,3464.706,5122.158,6739.794,7000.252,28309.76,173.1964,202.2345,380.02,74.02,373.44,4246.43994140625,6.46589994430542
2021-06-23,3471.341,5147.394,6789.946,7046.175,28817.07,173.2546,202.2806,381.59,74.66,374.02,4241.83984375,6.480299949645996
2021-06-24,3483.909,5155.974,6754.866,6974.642,28882.461,173.3101,202.3435,382.24,74.8,371.94,4266.490234375,6.4730000495910645
2021-06-25,3535.019,5239.968,6813.414,7000.43,29288.221,173.3256,202.3913,383.72,75.25,371.4,4280.7001953125,6.4710001945495605
2021-06-28,3520.743,5251.76,6828.516,7063.471,29268.301,173.2632,202.5241,384.43,74.0,372.16,4290.60986328125,6.446300029754639
2021-06-29,3482.733,5190.545,6765.42,7004.304,28994.1,173.2782,202.5621,382.76,74.61,370.8,4291.7998046875,6.455100059509277
2021-06-30,3498.649,5224.041,6808.183,7083.7,28827.949,173.3678,202.6009,383.17,74.64,367.5,4297.5,6.463099956512451
2021-07-01,3535.249,5229.664,6716.666,6969.532,,173.3913,202.6964,381.66,75.61,371.78,4319.93994140625,6.456200122833252
2021-07-02,3408.237,5081.117,6658.045,6908.932,28310.42,173.4413,202.7913,380.02,75.97,372.64,4352.33984375,6.467599868774414
2021-07-05,3404.791,5085.792,6711.014,7006.7,28143.5,173.5703,202.9249,380.74,77.1,373.88,,6.472099781036377
2021-07-06,3405.279,5083.104,6709.498,6979.062,28072.859,173.5567,203.0231,381.35,74.93,377.46,4343.5400390625,6.462800025939941
2021-07-07,3424.39,5140.49,6764.132,7089.665,27960.619,173.6944,203.0936,384.09,73.32,377.3,4358.1298828125,6.478099822998047
2021-07-08,3373.256,5088.257,6748.654,7099.411,27153.131,174.3146,203.3242,385.31,74.35,376.62,4320.81982421875,6.471499919891357
2021-07-09,3361.595,5069.436,6804.539,7142.899,27344.539,174.2324,203.4023,387.21,75.5,377.78,4369.5498046875,6.489099979400635
2021-07-12,3384.507,5132.709,6904.382,7284.235,27515.24,174.7643,203.6493,389.89,75.17,377.0,4384.6298828125,6.478000164031982
2021-07-13,3391.742,5142.099,6961.848,7331.726,27963.41,174.9319,203.841,392.52,76.35,378.8,4369.2099609375,6.474599838256836
2021-07-14,3339.381,5083.085,6898.75,7243.816,27787.461,175.0068,204.0104,391.24,74.52,379.5,4374.2998046875,6.46750020980835
2021-07-15,3411.289,5151.463,6932.406,7241.623,27996.27,174.8116,204.0701,392.29,73.25,382.48,4360.02978515625,6.468299865722656
2021-07-16,3369.899,5094.773,6925.123,7228.363,28004.68,174.9221,204.1441,392.45,73.17,381.48,4327.16015625,6.460100173950195
2021-07-19,3385.366,5113.495,6889.338,7205.268,27489.779,175.0106,204.2777,391.05,68.75,377.84,4258.490234375,6.4781999588012695
2021-07-20,3378.629,5108.994,6901.132,7253.276,27259.25,175.1801,204.3536,390.93,68.63,380.68,4323.06005859375,6.4893999099731445
2021-07-21,3388.52,5144.043,6984.542,7398.808,27224.58,175.3063,204.4441,394.7,72.17,379.28,4358.68994140625,6.48390007019043
2021-07-22,3392.717,5151.752,7026.548,7446.481,27723.84,175.2774,204.5225,397.18,73.61,376.3,4367.47998046875,6.4670000076293945
2021-07-23,3357.447,5089.228,6985.75,7379.791,27321.98,175.399,204.5816,397.96,74.0,378.02,4411.7900390625,6.469699859619141
2021-07-26,3228.37,4925.299,6868.207,7286.148,26192.32,175.7345,204.7256,394.96,73.95,379.04,4422.2998046875,6.480400085449219
2021-07-27,3126.376,4751.313,6719.256,7093.87,25086.43,175.5688,204.7554,390.64,73.73,375.84,4401.4599609375,6.4816999435424805
2021-07-28,3154.635,4760.483,6621.985,6945.509,25473.881,175.4207,204.7727,388.27,73.8,379.9,4400.64013671875,6.509699821472168
2021-07-29,3182.796,4850.275,6758.887,7207.483,26315.32,175.6104,204.811,393.48,74.79,381.16,4419.14990234375,6.4893999099731445
2021-07-30,3132.821,4811.17,6767.316,7262.383,25961.029,175.9947,204.8869,394.45,75.22,382.5,4395.259765625,6.4552998542785645
2021-08-02,3211.144,4933.736,6872.0,7402.354,26235.801,176.2493,205.0346,398.63,73.23,377.84,4387.16015625,6.4604997634887695
2021-08-03,3223.826,4934.458,6816.011,7308.955,26194.82,176.1338,205.1359,396.6,72.27,377.82,4423.14990234375,6.460999965667725
2021-08-04,3233.103,4978.848,6931.337,7478.207,26426.551,176.0693,205.1746,399.9,70.31,378.66,4402.66015625,6.469200134277344
2021-08-05,3227.359,4948.67,6911.829,7447.939,26204.689,176.2675,205.2453,398.85,71.16,378.04,4429.10009765625,6.465199947357178
2021-08-06,3195.696,4921.565,6938.868,7482.174,26179.4,176.1964,205.3216,399.43,70.28,375.9,4436.52001953125,6.460299968719482
2021-08-09,3235.206,4985.563,6979.526,7507.082,26283.4,175.9135,205.3726,399.37,69.2,365.6,4432.35009765625,6.482500076293945
2021-08-10,3288.651,5043.148,7019.228,7549.552,26605.619,175.7992,205.3579,400.76,70.84,363.92,4436.75,6.485199928283691
2021-08-11,3262.575,5015.341,7073.522,7605.918,26660.16,175.6877,205.3994,402.62,71.62,363.52,4442.41015625,6.484899997711182
2021-08-12,3226.114,4973.351,7095.202,7657.527,26517.82,175.8247,205.4446,403.25,71.15,367.16,4460.830078125,6.4781999588012695
2021-08-13,3217.837,4945.983,7088.888,7641.917,26391.619,175.7608,205.4809,403.88,70.18,368.04,4468.0,6.478300094604492
2021-08-16,3222.622,4941.068,7052.488,7568.137,26181.459,175.7018,205.5764,403.39,69.57,371.24,4479.7099609375,6.476399898529053
2021-08-17,3149.878,4837.403,6894.404,7360.033,25745.871,175.7785,205.6323,399.18,69.09,375.02,4448.080078125,6.473599910736084
2021-08-18,3190.552,4894.238,6941.008,7405.486,25867.01,175.9886,205.6815,400.78,67.45,375.4,4400.27001953125,6.485099792480469
2021-08-19,3144.375,4862.139,6947.056,7468.773,25316.33,176.1071,205.7414,400.45,66.46,374.28,4405.7998046875,6.4832000732421875
2021-08-20,3072.755,4769.268,6920.025,7467.361,24849.721,176.0902,205.7852,399.47,64.92,375.5,4441.669921875,6.49370002746582
2021-08-23,3099.887,4835.878,7024.565,7652.559,25109.59,175.987,205.854,402.21,68.78,374.88,4479.52978515625,6.491600036621094
2021-08-24,3147.769,4888.39,7090.782,7715.073,25727.92,176.008,205.8682,404.62,71.13,377.68,4486.22998046875,6.480000019073486
2021-08-25,3159.803,4898.157,7153.004,7769.627,25693.951,176.1429,205.8982,405.91,70.94,375.54,4496.18994140625,6.469900131225586
2021-08-26,3088.831,4801.609,7118.844,7669.528,25415.689,175.9368,205.8375,405.47,70.52,373.96,4470.0,6.474899768829346
2021-08-27,3123.049,4827.043,7180.109,7680.078,25407.889,176.0105,205.8131,406.75,71.61,377.78,4509.3701171875,6.480500221252441
2021-08-30,3112.702,4813.27,7226.882,7727.745,25539.539,176.1774,205.8891,408.66,72.11,379.04,4528.7900390625,6.470799922943115
2021-08-31,3097.058,4805.61,7255.342,7728.422,25878.99,176.283,205.9175,409.61,71.66,378.84,4522.68017578125,6.465099811553955
2021-09-01,3165.037,4869.459,7193.1,7606.874,26028.289,176.4722,205.9489,410.5,71.29,379.12,4524.08984375,6.45959997177124
2021-09-02,3167.097,4869.411,7307.008,7690.859,26090.43,176.5022,205.9962,416.4,72.81,378.92,4536.9501953125,6.459000110626221
2021-09-03,3175.879,4843.062,7278.681,7630.841,25901.99,176.5018,206.0173,415.67,72.45,378.54,4535.43017578125,6.455399990081787
2021-09-06,3211.198,4933.726,7355.401,7735.1,26163.631,176.5215,206.0861,418.13,72.09,380.96,,6.451900005340576
2021-09-07,3248.052,4992.829,7498.926,7878.349,26353.631,176.3906,206.1002,423.46,71.53,379.42,4520.02978515625,6.456699848175049
2021-09-08,3213.257,4972.132,7544.041,7894.252,26320.93,176.3211,206.1086,424.62,72.66,374.96,4514.06982421875,6.4654998779296875
2021-09-09,3204.278,4970.013,7617.451,7900.238,25716.0,176.299,206.0903,424.63,71.35,373.2,4493.27978515625,6.460700035095215
2021-09-10,3252.325,5013.522,7607.675,7932.651,26205.91,176.3045,206.0615,424.42,72.89,375.5,4458.580078125,6.4542999267578125
2021-09-13,3242.036,4991.66,7648.748,7947.481,25813.811,176.2393,206.1281,425.22,73.64,373.3,4468.72998046875,6.443399906158447
2021-09-14,3188.261,4917.162,7556.616,7916.896,25502.23,176.1293,206.1136,421.0,73.91,373.82,4443.0498046875,6.450799942016602
2021-09-15,3146.634,4867.319,7592.306,7972.233,25033.209,176.1508,206.0971,420.7,75.5,374.82,4480.7001953125,6.438300132751465
2021-09-16,3128.589,4807.698,7446.935,7754.947,24667.85,176.1634,206.1085,413.46,75.58,371.76,4473.75,6.431399822235107
2021-09-17,3161.922,4855.94,7395.565,7730.224,24920.76,176.3225,206.1045,413.35,75.44,367.86,4432.990234375,6.456600189208984
2021-09-18,,,,,,176.3787,206.1196,,,,,
2021-09-20,,,,,24099.139,,,,74.23,,4357.72998046875,6.465199947357178
2021-09-21,,,,,24221.539,,,,74.68,,4354.18994140625,6.465000152587891
2021-09-22,3122.337,4821.768,7453.625,7769.06,,176.5233,206.1835,415.11,75.03,372.52,4395.64013671875,6.466000080108643
2021-09-23,3127.821,4853.196,7502.839,7806.802,24510.979,176.6133,206.1971,417.2,76.38,369.26,4448.97998046875,6.4608001708984375
2021-09-24,3145.112,4849.428,7380.384,7695.618,24192.16,176.5766,206.1854,414.17,77.14,366.78,4455.47998046875,6.457900047302246
2021-09-26,,,,,,176.6214,206.2326,,,,,
2021-09-27,3199.975,4877.37,7170.59,7467.818,24208.781,176.6045,206.1936,407.6,78.59,367.86,4443.10986328125,6.465700149536133
2021-09-28,3211.154,4883.828,7198.897,7468.733,24500.391,176.5487,206.1813,409.15,77.43,364.22,4352.6298828125,6.455999851226807
2021-09-29,3199.226,4833.928,7010.219,7199.179,24663.5,176.6417,206.1507,402.75,77.9,364.48,4359.4599609375,6.459000110626221
2021-09-30,3196.991,4866.383,7103.608,7405.462,24575.641,176.7209,206.212,407.65,78.36,362.78,4307.5400390625,6.469600200653076
2021-10-01,,,,,,,,,79.24,,4357.0400390625,6.445499897003174
2021-10-04,,,,,24036.369,,,,81.27,,4300.4599609375,6.445700168609619
2021-10-05,,,,,24104.15,,,,82.55,,4345.72021484375,6.445199966430664
2021-10-06,,,,,23966.49,,,,80.82,,4363.5498046875,6.445199966430664
2021-10-07,,,,,24701.73,,,,82.45,,4399.759765625,6.445199966430664
2021-10-08,3256.261,4929.941,7091.336,7425.669,24837.85,176.5757,206.4122,407.77,82.58,367.54,4391.33984375,6.445199966430664
2021-10-09,,,,,,176.5465,206.4018,,,,,
2021-10-11,3276.407,4936.192,7090.467,7384.844,25325.09,176.3031,206.3365,407.13,83.64,366.16,4361.18994140625,6.442299842834473
2021-10-12,3259.38,4883.837,6952.19,7208.473,24962.59,176.2236,206.2809,401.3,83.28,368.22,4350.64990234375,6.4496002197265625
2021-10-13,3292.762,4940.109,6981.595,7289.363,,176.1964,206.2829,401.08,83.33,368.1,4363.7998046875,6.447999954223633
2021-10-14,3270.692,4913.612,7008.333,7342.254,,176.2104,206.3044,402.56,84.05,373.24,4438.259765625,6.426599979400635
2021-10-15,3294.833,4932.108,7024.16,7350.413,25330.961,176.1883,206.3363,404.46,84.79,372.58,4471.3701171875,6.439000129699707
2021-10-18,3229.631,4874.775,7068.105,7429.626,25409.75,175.596,206.3407,406.65,84.11,367.58,4486.4599609375,6.434800148010254
2021-10-19,3256.668,4922.723,7120.379,7504.055,25787.209,175.7292,206.3174,408.86,85.07,368.76,4519.6298828125,6.428899765014648
2021-10-20,3254.998,4910.185,7118.796,7523.561,26136.02,175.8539,206.3848,409.15,85.85,367.66,4536.18994140625,6.381800174713135
2021-10-21,3278.542,4928.016,7098.254,7503.534,26017.529,176.0357,206.4398,408.91,84.8,369.54,4549.77978515625,6.392899990081787
2021-10-22,3318.128,4959.725,7026.068,7438.481,26126.93,176.0452,206.5024,407.16,84.71,371.08,4544.89990234375,6.3917999267578125
2021-10-25,3312.303,4979.524,7103.986,7532.373,26132.031,176.0296,206.6202,409.29,85.12,370.14,4566.47998046875,6.383900165557861
2021-10-26,3290.036,4963.098,7102.434,7508.689,26038.27,176.0697,206.6986,409.74,85.39,371.64,4574.7900390625,6.384699821472168
2021-10-27,3247.097,4898.164,7048.604,7433.546,25628.738,176.0908,206.7922,408.76,83.47,368.92,4551.68017578125,6.381499767303467
2021-10-28,3239.61,4864.138,6950.277,7267.851,25555.73,176.139,206.8812,405.54,83.89,372.56,4596.419921875,6.391600131988525
2021-10-29,3267.249,4908.77,7022.499,7385.305,25377.24,176.1387,206.9904,408.12,83.46,370.48,4605.3798828125,6.390399932861328
2021-11-01,3250.915,4890.685,7060.756,7455.611,25154.32,176.3261,207.1149,411.24,84.51,368.78,4613.669921875,6.404699802398682
2021-11-02,3212.026,4839.846,6985.1,7368.6,25099.67,176.5316,207.2088,409.44,84.04,371.26,4630.64990234375,6.396200180053711
2021-11-03,3181.451,4821.112,7017.854,7385.199,25024.75,176.5822,207.334,410.48,81.29,368.04,4660.56982421875,6.398900032043457
2021-11-04,3207.264,4868.742,7073.852,7483.692,25225.189,176.7018,207.4222,413.73,80.92,366.58,4680.06005859375,6.406199932098389
2021-11-05,3201.546,4842.346,6991.908,7389.587,24870.51,177.0173,207.5391,410.77,82.51,371.74,4697.52978515625,6.396399974822998
2021-11-08,3196.27,4848.18,7026.972,7422.907,24763.77,177.0598,207.6507,412.57,83.65,375.9,4701.7001953125,6.397900104522705
2021-11-09,3186.958,4846.744,7081.754,7531.958,24813.129,176.9894,207.6375,414.93,85.19,377.46,4685.25,6.391600131988525
2021-11-10,3170.405,4821.193,7062.331,7535.228,24996.141,177.046,207.6881,415.02,82.69,377.46,4646.7099609375,6.39169979095459
2021-11-11,3233.37,4898.653,7119.859,7593.732,25247.99,176.9215,207.7022,419.09,82.54,383.36,4649.27001953125,6.3881001472473145
2021-11-12,3220.548,4888.375,7156.613,7697.808,25327.969,176.9411,207.721,421.72,81.95,383.6,4682.85009765625,6.389500141143799
2021-11-15,3221.687,4882.378,7098.213,7676.485,25390.91,177.0298,207.8265,420.93,82.13,382.2,4682.7998046875,6.378600120544434
2021-11-16,3222.173,4883.321,7045.939,7589.181,25713.779,177.1082,207.8717,418.36,82.24,384.02,4700.89990234375,6.3821001052856445
2021-11-17,3208.776,4885.754,7104.534,7725.092,25650.08,177.1138,207.9207,420.05,80.2,382.26,4688.669921875,6.39109992980957
2021-11-18,3173.376,4837.619,7084.683,7714.797,25319.721,177.1798,207.9789,420.19,81.01,383.54,4704.5400390625,6.3769001960754395
2021-11-19,3212.908,4890.058,7169.876,7803.763,25049.969,177.1524,208.0257,423.8,78.52,382.74,4697.9599609375,6.385000228881836
2021-11-22,3212.151,4912.399,7255.074,7947.372,24951.34,177.2384,208.1052,427.44,79.47,379.14,4682.93994140625,6.386199951171875
2021-11-23,3224.155,4913.346,7261.379,7941.559,24651.58,177.2364,208.1612,427.0,81.16,371.78,4690.7001953125,6.384300231933594
2021-11-24,3231.835,4916.658,7256.112,7938.774,24685.5,177.3914,208.2284,426.87,81.0,369.76,4701.4599609375,6.3907999992370605
2021-11-25,3218.051,4896.442,7233.542,7925.76,24740.16,177.4723,208.288,426.43,80.97,369.78,,6.3917999267578125
2021-11-26,3187.358,4860.127,7219.862,7940.789,24080.52,177.6864,208.3394,426.71,71.72,372.7,4594.6201171875,6.386000156402588
2021-11-29,3187.049,4851.423,7221.898,7999.833,23852.24,177.7043,208.4432,428.46,73.2,371.42,4655.27001953125,6.392000198364258
2021-11-30,3165.35,4832.026,7252.755,8054.29,23475.262,177.6279,208.444,429.03,70.22,370.24,4567.0,6.38700008392334
2021-12-01,3180.418,4843.851,7272.837,8055.821,23658.92,177.5794,208.5008,431.22,68.84,368.74,4513.0400390625,6.3632001876831055
2021-12-02,3190.872,4856.163,7229.988,7968.235,23788.93,177.4466,208.5635,431.69,70.44,367.0,4577.10009765625,6.367300033569336
2021-12-03,3221.422,4901.018,7301.917,8023.963,23766.689,177.3528,208.5925,433.96,70.12,365.92,4538.43017578125,6.3755998611450195
2021-12-06,3228.142,4892.621,7240.456,7906.756,23349.379,177.7661,208.7475,429.92,73.55,368.68,4591.669921875,6.37529993057251
2021-12-07,3254.499,4922.102,7206.826,7781.442,23983.66,177.6235,208.7934,423.94,75.19,367.88,4686.75,6.374800205230713
2021-12-08,3304.708,4995.93,7302.991,7922.552,23996.871,177.5422,208.8093,427.19,75.92,368.28,4701.2099609375,6.366300106048584
2021-12-09,3360.184,5078.69,7320.318,7931.757,24254.861,177.5472,208.8392,430.11,74.01,366.72,4667.4501953125,6.343699932098389
2021-12-10,3353.63,5055.117,7306.646,7949.125,23995.721,177.6495,208.8801,431.13,75.2,365.62,4712.02001953125,6.376500129699707
2021-12-13,3366.068,5083.801,7353.031,7984.899,23954.58,177.6554,208.9852,432.9,74.21,368.14,4668.97021484375,6.360000133514404
2021-12-14,3350.497,5049.695,7324.133,7981.828,23635.951,177.765,209.0058,431.01,73.18,368.52,4634.08984375,6.365499973297119
2021-12-15,3318.98,5005.899,7314.259,7955.581,23420.76,177.8058,209.0442,431.34,74.36,364.36,4709.85009765625,6.366499900817871
2021-12-16,3330.856,5034.732,7380.997,8005.975,23475.5,177.7902,209.0634,432.79,74.59,368.08,4668.669921875,6.366499900817871
2021-12-17,3278.899,4954.76,7314.56,7894.103,23192.631,177.8129,209.1107,431.91,72.77,372.78,4620.64013671875,6.367199897766113
2021-12-20,3255.352,4880.418,7195.973,7751.951,22744.861,177.7728,209.1922,428.49,72.03,372.34,4568.02001953125,6.374000072479248
2021-12-21,3273.031,4913.485,7275.468,7849.033,22971.33,177.7402,209.1525,431.56,74.0,369.72,4649.22998046875,6.374599933624268
2021-12-22,3260.571,4914.454,7302.463,7930.812,23102.33,177.8505,209.1383,433.58,75.56,368.9,4696.56005859375,6.37060022354126
2021-12-23,3287.188,4948.739,7337.19,7932.662,23193.641,178.0757,209.1949,436.25,76.47,372.78,4725.7900390625,6.369100093841553
2021-12-24,3290.236,4921.345,7278.756,7776.606,23223.76,178.0917,209.2039,434.94,75.53,373.56,,6.368800163269043
2021-12-27,3278.437,4919.324,7272.749,7776.431,,178.2334,209.2875,433.0,78.58,373.44,4791.18994140625,6.366600036621094
2021-12-28,3303.4,4955.964,7286.034,7863.53,23280.561,178.2875,209.3248,433.34,78.82,374.54,4786.35009765625,6.369800090789795
2021-12-29,3240.845,4883.48,7247.774,7855.429,23086.541,178.4767,209.4135,431.96,79.2,372.58,4793.06005859375,6.367199897766113
2021-12-30,3261.794,4921.511,7310.96,7924.528,23112.01,178.7171,209.4961,433.76,79.08,370.82,4778.72998046875,6.367300033569336
2021-12-31,3274.321,4940.373,7359.402,8010.324,23397.67,178.761,209.552,436.37,77.89,374.7,4766.18017578125,6.372099876403809
2022-01-03,,,,,23274.75,,,,78.91,,4796.56005859375,6.354899883270264
2022-01-04,3264.066,4917.765,7354.456,7983.068,23289.84,178.7815,209.738,437.69,80.12,371.74,4793.5400390625,6.355100154876709
2022-01-05,3254.279,4868.12,7222.675,7781.678,22907.25,178.8024,209.8043,434.63,80.21,373.1,4700.580078125,6.354300022125244
2022-01-06,3210.385,4818.232,7229.96,7844.517,23072.861,178.6363,209.8467,435.66,81.92,370.64,4696.0498046875,6.354000091552734
2022-01-07,3223.267,4822.369,7175.676,7682.697,23493.379,178.6563,209.8709,434.69,81.72,368.14,4677.02978515625,6.381899833679199
2022-01-10,3236.116,4844.045,7191.451,7734.187,23746.541,178.8238,209.9892,436.17,81.0,368.56,4670.2900390625,6.376200199127197
2022-01-11,3214.529,4797.774,7135.223,7646.693,23739.059,178.9562,210.0388,433.62,83.75,371.94,4713.06982421875,6.373899936676025
2022-01-12,3236.308,4845.579,7196.933,7779.524,24402.17,179.0743,210.1274,436.43,84.8,373.92,4726.35009765625,6.372900009155273
2022-01-13,3184.107,4765.919,7097.759,7644.787,24429.77,179.0841,210.1816,433.06,84.08,374.92,4659.02978515625,6.357600212097168
2022-01-14,3139.045,4726.732,7081.141,7675.371,24383.32,179.1304,210.2183,429.28,86.32,374.58,4662.85009765625,6.358099937438965
2022-01-17,3147.699,4767.276,7157.859,7808.086,24218.031,179.2551,210.3557,432.38,86.51,372.52,,6.351500034332275
2022-01-18,3187.524,4813.347,7163.159,7758.605,24112.781,179.8364,210.4306,433.79,88.56,371.76,4577.10986328125,6.346700191497803
2022-01-19,3187.192,4780.378,7118.762,7665.185,24127.85,180.0875,210.6227,434.19,88.39,373.06,4532.759765625,6.352200031280518
2022-01-20,3233.701,4823.509,7056.785,7492.61,24952.35,180.1545,210.7026,434.83,87.44,378.4,4482.72998046875,6.343500137329102
2022-01-21,3218.735,4779.314,6976.616,7388.744,24965.551,180.4596,210.7762,432.88,87.7,378.22,4397.93994140625,6.3394999504089355
2022-01-24,3209.745,4786.738,6979.246,7425.402,24656.461,180.8415,210.9299,433.76,87.17,377.2,4410.1298828125,6.337699890136719
2022-01-25,3144.949,4678.451,6743.957,7133.066,24243.609,180.7159,211.008,428.16,87.05,377.92,4356.4501953125,6.329800128936768
2022-01-26,3163.674,4712.311,6782.576,7171.029,24289.9,180.4823,211.0431,430.09,88.53,378.58,4349.93017578125,6.326499938964844
2022-01-27,3119.239,4619.877,6605.916,6960.11,23807.0,180.3669,211.0525,426.24,88.8,371.58,4326.509765625,6.3196001052856445
2022-01-28,3054.021,4563.772,6580.53,6973.01,23550.08,180.5943,211.0986,426.07,88.87,370.1,4431.85009765625,6.3668999671936035
2022-01-29,,,,,,180.6988,211.1479,,,,,
2022-01-30,,,,,,180.7545,211.2398,,,,,
2022-01-31,,,,,23802.26,,,,89.26,,4515.5498046875,6.35099983215332
2022-02-01,,,,,,,,,89.32,,4546.5400390625,6.359499931335449
2022-02-02,,,,,,,,,89.21,,4589.3798828125,6.359499931335449
2022-02-03,,,,,,,,,90.97,,4477.43994140625,6.359499931335449
2022-02-04,,,,,24573.289,,,,92.52,,4500.52978515625,6.359499931335449
2022-02-07,3114.26,4634.09,6676.612,7061.62,24579.551,180.6942,211.4395,430.32,92.95,372.14,4483.8701171875,6.359499931335449
2022-02-08,3116.505,4608.773,6742.192,7080.618,24329.49,180.7504,211.4604,431.32,91.31,374.8,4521.5400390625,6.35230016708374
2022-02-09,3139.564,4652.061,6843.027,7211.43,24829.99,180.6227,211.4954,435.4,91.77,376.58,4587.18017578125,6.365699768066406
2022-02-10,3145.113,4639.863,6840.485,7175.617,24924.35,180.6154,211.5258,436.65,91.4,377.4,4504.080078125,6.361400127410889
2022-02-11,3142.912,4601.395,6745.024,7033.851,24906.66,180.0441,211.3729,433.81,95.06,375.24,4418.64013671875,6.35260009765625
2022-02-14,3103.997,4551.688,6695.696,7006.075,24556.57,179.9341,211.3918,420.73,95.76,381.7,4401.669921875,6.353099822998047
2022-02-15,3119.928,4600.103,6760.278,7124.849,24355.711,179.9495,211.3721,414.32,93.5,385.58,4471.06982421875,6.355899810791016
2022-02-16,3136.082,4617.989,6772.034,7183.106,24718.898,179.996,211.367,416.6,92.0,379.84,4475.009765625,6.3379998207092285
2022-02-17,3139.177,4629.165,6768.789,7220.607,24792.77,180.1444,211.4173,417.46,92.93,383.54,4380.259765625,6.335599899291992
2022-02-18,3162.822,4651.236,6835.022,7251.792,24327.711,180.0305,211.4404,420.74,93.61,386.64,4348.8701171875,6.3358001708984375
2022-02-21,3144.865,4634.314,6867.113,7334.591,24170.07,179.5544,211.4224,422.39,97.38,386.0,,6.32420015335083
2022-02-22,3102.325,4574.153,6784.762,7279.236,23520.0,179.4605,211.3387,420.0,93.47,390.72,4304.759765625,6.334199905395508
2022-02-23,3118.038,4623.047,6887.424,7450.4,23660.279,179.6191,211.3459,423.35,94.73,387.58,4225.5,6.325300216674805
2022-02-24,3059.641,4529.319,6764.876,7285.117,22901.561,179.7843,211.3618,420.95,95.86,396.04,4288.7001953125,6.312300205230713
2022-02-25,3075.587,4573.425,6819.431,7361.957,22767.182,179.8291,211.3686,422.44,94.56,391.42,4384.64990234375,6.3267998695373535
2022-02-28,3080.777,4581.646,6853.308,7419.831,22713.021,180.0015,211.449,423.06,98.13,389.02,4373.93994140625,6.315999984741211
2022-03-01,3125.691,4619.686,6874.045,7429.443,22761.711,179.8854,211.4383,424.33,107.58,389.14,4306.259765625,6.3084001541137695
2022-03-02,3107.241,4578.601,6875.24,7414.309,22343.92,179.6808,211.4197,423.13,114.5,394.5,4386.5400390625,6.311500072479248
2022-03-03,3097.089,4551.628,6859.552,7342.614,22467.34,179.5049,211.3165,420.78,110.41,393.2,4363.490234375,6.3196001052856445
2022-03-04,3062.382,4496.43,6803.834,7241.563,21905.289,179.5624,211.2314,416.06,118.05,394.64,4328.8701171875,6.319200038909912
2022-03-07,2974.676,4352.778,6659.39,7085.732,21057.631,179.7164,211.2465,407.52,124.37,403.3,4201.08984375,6.316699981689453
2022-03-08,2933.164,4265.391,6429.889,6871.22,20765.871,179.8448,211.2092,399.75,129.18,412.2,4170.7001953125,6.319300174713135
2022-03-09,2907.178,4226.346,6305.609,6796.039,20627.711,179.6867,211.0829,396.96,112.5,417.16,4277.8798828125,6.317599773406982
2022-03-10,2933.461,4292.837,6414.94,6952.52,20890.26,179.6664,210.9835,402.4,109.18,404.0,4259.52001953125,6.3165998458862305
2022-03-11,2935.684,4306.522,6474.127,6990.778,20553.791,180.1014,210.9047,402.81,112.12,404.78,4204.31005859375,6.320799827575684
2022-03-14,2851.877,4174.758,6323.578,6800.595,19531.66,180.4196,211.1384,400.26,106.0,402.5,4173.10986328125,6.338699817657471
2022-03-15,2702.853,3983.812,5964.981,6473.481,18415.08,179.9184,211.0614,393.7,98.65,394.46,4262.4501953125,6.364500045776367
2022-03-16,2827.75,4156.081,6156.271,6692.966,20087.5,179.888,210.9992,400.7,97.85,391.04,4357.85986328125,6.369100093841553
2022-03-17,2877.219,4237.696,6267.524,6818.545,21501.23,179.9589,210.9899,403.6,102.5,395.44,4411.669921875,6.351200103759766
2022-03-18,2913.185,4265.902,6332.217,6879.366,21412.4,180.075,211.0409,406.56,103.76,395.9,4463.1201171875,6.3454999923706055
2022-03-21,2892.107,4258.746,6358.943,6954.406,21221.34,179.9578,211.1004,406.86,112.5,394.76,4461.18017578125,6.360199928283691
2022-03-22,2900.768,4255.295,6358.109,6923.443,21889.279,179.7396,211.1041,406.27,110.3,397.16,4511.60986328125,6.354499816894531
2022-03-23,2916.508,4276.517,6398.101,6966.953,22154.08,179.755,211.1127,404.81,117.51,394.76,4456.240234375,6.365300178527832
2022-03-24,2903.617,4251.306,6344.115,6900.807,21945.951,179.8422,211.1248,400.78,114.52,399.02,4520.16015625,6.371300220489502
2022-03-25,2856.428,4174.574,6268.238,6819.813,21404.881,179.9533,211.1525,397.41,116.41,401.7,4543.06005859375,6.366300106048584
2022-03-28,2853.182,4148.466,6283.281,6767.251,21684.969,179.9993,211.2454,395.69,106.54,397.68,4575.52001953125,6.365200042724609
2022-03-29,2842.153,4134.144,6253.069,6725.677,21927.631,179.9625,211.2916,395.23,108.55,395.54,4631.60009765625,6.370699882507324
2022-03-30,2915.491,4254.099,6377.874,6864.749,22232.031,180.0905,211.3257,400.19,110.96,394.74,4602.4501953125,6.363100051879883
2022-03-31,2898.826,4222.597,6324.961,6772.065,21996.85,180.0782,211.4078,399.9,105.65,394.34,4530.41015625,6.346199989318848
2022-04-01,2943.244,4276.158,6364.521,6772.604,22039.551,180.2156,211.511,404.05,104.38,396.26,4545.85986328125,6.338900089263916
2022-04-02,,,,,,180.3411,211.5831,,,,,
2022-04-04,,,,,22502.311,,,,107.91,,4582.64013671875,6.362100124359131
2022-04-05,,,,,,,,,105.6,,4525.1201171875,6.362400054931641
2022-04-06,2931.198,4263.841,6356.927,6764.288,22080.52,180.4761,211.7462,404.99,101.65,394.5,4481.14990234375,6.363100051879883
2022-04-07,2902.482,4209.1,6221.591,6623.586,21808.979,180.6292,211.8542,401.84,101.42,394.94,4500.2099609375,6.358500003814697
2022-04-08,2925.491,4230.767,6224.117,6575.283,21872.01,180.6193,211.9664,402.02,102.25,396.04,4488.27978515625,6.3597002029418945
2022-04-11,2846.38,4100.07,6029.894,6328.065,21208.301,180.5051,212.0912,398.1,99.35,399.6,4412.52978515625,6.363999843597412
2022-04-12,2894.258,4179.973,6126.907,6414.419,21319.129,180.4507,212.1446,399.22,104.81,401.78,4397.4501953125,6.36870002746582
2022-04-13,2882.279,4139.737,6044.326,6286.251,21374.369,180.5159,212.2089,397.74,108.84,403.7,4446.58984375,6.364999771118164
2022-04-14,2928.596,4191.568,6126.49,6359.708,21518.08,180.6582,212.3265,399.35,110.78,404.32,4392.58984375,6.367199897766113
2022-04-15,2930.578,4188.747,6070.749,6275.073,,180.7113,212.4008,398.97,,405.82,,6.377399921417236
2022-04-18,2887.721,4166.384,6074.007,6326.025,,180.4607,212.4396,399.58,112.66,408.02,4391.68994140625,6.370200157165527
2022-04-19,2861.567,4134.902,6092.396,6345.786,21027.76,180.4589,212.4783,400.37,107.41,405.1,4462.2099609375,6.366199970245361
2022-04-20,2835.352,4070.789,5956.921,6234.251,20944.67,180.3217,212.4701,397.76,107.23,400.06,4459.4501953125,6.392399787902832
2022-04-21,2797.529,3995.83,5759.801,5981.384,20682.221,180.3565,212.4832,393.96,108.31,405.06,4393.66015625,6.417699813842773
2022-04-22,2814.127,4013.25,5740.984,5891.808,20638.52,180.3224,212.5479,394.16,105.26,406.8,4271.77978515625,6.4492998123168945
2022-04-24,,,,,,180.3498,212.5717,,,,,
2022-04-25,2683.413,3814.913,5369.717,5431.608,19869.34,180.4628,212.6205,386.26,102.19,404.42,4296.1201171875,6.50029993057251
2022-04-26,2681.028,3784.12,5234.006,5266.552,19934.711,180.4585,212.6932,384.4,104.87,401.3,4175.2001953125,6.5578999519348145
2022-04-27,2734.54,3895.536,5437.037,5540.717,19946.359,180.3907,212.7494,389.23,104.77,400.9,4183.9599609375,6.556300163269043
2022-04-28,2769.712,3921.107,5418.764,5493.908,20276.17,180.2694,212.7676,389.65,107.11,400.82,4287.5,6.559500217437744
2022-04-29,2805.336,4016.241,5627.902,5734.493,21089.391,180.3585,212.8128,394.3,106.08,405.82,4131.93017578125,6.62529993057251
2022-05-02,,,,,,,,,107.6,,4155.3798828125,6.607500076293945
2022-05-03,,,,,21101.889,,,,105.83,,4175.47998046875,6.607500076293945
2022-05-04,,,,,20869.52,,,,109.93,,4300.169921875,6.607399940490723
2022-05-05,2800.929,4010.21,5686.702,5836.928,20793.4,180.5236,212.9821,395.89,111.02,404.52,4146.8701171875,6.607500076293945
2022-05-06,2719.761,3908.815,5563.769,5764.692,20001.961,180.5314,213.0482,393.16,113.04,403.6,4123.33984375,6.654600143432617
2022-05-07,,,,,,180.5736,213.0935,,,,,
2022-05-09,2695.133,3877.436,5608.516,5840.89,,180.6328,213.1933,393.08,105.25,405.36,3991.239990234375,6.665599822998047
2022-05-10,2718.371,3919.868,5690.087,5950.667,19633.689,180.8243,213.2843,394.95,101.57,402.3,4001.050048828125,6.729800224304199
2022-05-11,2741.232,3976.423,5737.817,6003.028,19824.57,180.7757,213.3638,397.62,107.51,399.94,3935.179931640625,6.73360013961792
2022-05-12,2721.77,3958.74,5743.101,6034.573,19380.34,180.8873,213.4672,397.51,107.85,404.24,3930.080078125,6.720699787139893
2022-05-13,2748.237,3988.6,5796.801,6071.667,19898.77,180.9184,213.5819,399.37,111.08,399.66,4023.889892578125,6.785900115966797
2022-05-16,2720.406,3956.538,5791.081,6082.882,19950.209,180.9387,213.7384,399.63,114.03,395.84,4008.010009765625,6.788000106811523
2022-05-17,2756.74,4005.893,5816.338,6118.457,20602.52,181.0579,213.8349,401.33,112.61,397.98,4088.85009765625,6.785099983215332
2022-05-18,2745.528,3991.907,5797.49,6127.804,20644.279,181.1614,213.9497,401.19,109.15,393.32,3923.679931640625,6.736199855804443
2022-05-19,2744.545,3999.598,5838.407,6180.186,20120.68,181.2409,214.0529,401.44,111.37,394.96,3900.7900390625,6.753399848937988
2022-05-20,2807.942,4077.6,5929.488,6263.443,20717.24,181.1516,214.1152,403.31,112.61,397.18,3901.360107421875,6.712100028991699
2022-05-23,2782.548,4053.982,5965.728,6343.467,20470.061,181.3326,214.2427,404.2,113.37,397.16,3973.75,6.691999912261963
2022-05-24,2734.192,3959.154,5745.675,6081.642,20112.1,181.3787,214.3258,399.26,110.86,398.08,3941.47998046875,6.649799823760986
2022-05-25,2743.417,3983.178,5844.255,6188.269,20171.27,181.4439,214.3596,401.15,111.29,398.84,3978.72998046875,6.6529998779296875
2022-05-26,2744.898,3993.045,5911.561,6227.099,20116.199,181.806,214.4472,402.22,114.18,400.36,4057.840087890625,6.691699981689453
2022-05-27,2763.072,4001.299,5899.915,6210.094,20697.359,181.8447,214.5244,402.33,115.32,402.14,4158.240234375,6.737800121307373
2022-05-30,2778.451,4029.018,5942.832,6282.355,21123.93,181.7357,214.5931,402.2,117.7,399.92,,6.6975998878479
2022-05-31,2813.219,4091.518,6026.237,6353.347,21415.199,181.4747,214.529,403.2,116.25,399.04,4132.14990234375,6.660299777984619
2022-06-01,2798.068,4083.177,6023.644,6373.318,21294.941,181.422,214.4597,402.8,115.86,396.36,4101.22998046875,6.6717000007629395
2022-06-02,2790.316,4089.568,6078.435,6442.934,21082.129,181.3791,214.4224,403.52,118.1,398.98,4176.81982421875,6.685200214385986
2022-06-03,,,,,,,,,120.9,,4108.5400390625,6.659200191497803
2022-06-06,2825.651,4166.085,6187.444,6604.976,21653.9,181.2775,214.3685,406.32,119.99,398.0,4121.43017578125,6.659299850463867
2022-06-07,2846.81,4179.129,6186.567,6597.835,21531.67,181.2711,214.2808,406.87,120.87,396.0,4160.68017578125,6.652900218963623
2022-06-08,2879.311,4219.812,6217.828,6608.892,22014.59,181.34,214.2842,407.51,123.76,398.02,4115.77001953125,6.6697001457214355
2022-06-09,2868.424,4175.675,6130.686,6490.375,21869.049,181.4138,214.3718,406.95,122.89,398.82,4017.820068359375,6.682700157165527
2022-06-10,2899.579,4238.994,6240.103,6627.748,21806.18,181.4643,214.4665,409.44,121.74,397.54,3900.860107421875,6.690800189971924
2022-06-13,2844.724,4189.353,6233.619,6674.804,21067.58,181.4213,214.5411,409.09,122.16,404.22,3749.6298828125,6.707900047302246
2022-06-14,2882.703,4222.311,6275.565,6665.253,21067.99,181.3648,214.5639,408.86,120.86,396.9,3735.47998046875,6.753499984741211
2022-06-15,2923.989,4278.218,6261.061,6653.762,21308.209,181.3196,214.5938,411.36,118.89,394.46,3789.989990234375,6.739500045776367
2022-06-16,2891.335,4250.061,6264.822,6696.763,20845.43,181.3935,214.6351,411.87,119.1,395.76,3666.77001953125,6.712299823760986
2022-06-17,2936.2,4309.044,6316.309,6774.738,21075.0,181.4833,214.7402,413.39,113.61,398.58,3674.840087890625,6.703400135040283
2022-06-20,2924.915,4330.433,6330.394,6848.755,21163.91,181.4027,214.8258,412.04,114.21,397.0,,6.715700149536133
2022-06-21,2926.475,4325.566,6277.001,6779.145,21559.59,181.3977,214.8558,410.82,114.7,396.26,3764.7900390625,6.691400051116943
2022-06-22,2892.286,4270.623,6179.57,6691.812,21008.34,181.466,214.9048,410.21,106.98,396.2,3759.889892578125,6.688399791717529
2022-06-23,2935.883,4343.878,6300.475,6845.455,21273.871,181.4856,214.9729,412.24,106.13,396.7,3795.72998046875,6.701099872589111
2022-06-24,2974.754,4394.772,6368.283,6931.654,21719.059,181.4059,215.0021,414.41,108.98,393.64,3911.739990234375,6.697299957275391
2022-06-27,3013.948,4444.264,6407.745,7002.934,22229.52,181.1322,215.0155,417.46,111.21,396.32,3900.110107421875,6.688799858093262
2022-06-28,3039.413,4490.517,6501.352,7079.725,22418.969,181.0755,214.9789,419.82,113.95,393.86,3821.550048828125,6.690700054168701
2022-06-29,3009.236,4421.357,6374.297,6900.993,21996.889,181.0769,215.0023,416.49,112.25,393.34,3818.830078125,6.707300186157227
2022-06-30,3058.398,4485.011,6454.078,6995.53,21859.791,181.2146,215.0317,418.62,109.2,392.7,3785.3798828125,6.69980001449585
2022-07-01,3045.269,4466.718,6438.538,6994.501,,181.2924,215.1097,418.64,111.48,388.94,3825.330078125,6.698200225830078
2022-07-04,3050.152,4496.03,6523.131,7076.322,21830.35,181.0838,215.1307,420.86,113.8,390.92,,6.700500011444092
2022-07-05,3052.111,4489.538,6511.53,7036.002,21853.07,181.0383,215.1292,420.56,104.77,390.52,3831.389892578125,6.698599815368652
2022-07-06,2996.728,4423.97,6418.545,6953.98,21586.66,181.1645,215.2,417.51,99.73,382.86,3845.080078125,6.718800067901611
2022-07-07,2989.208,4443.474,6452.986,7041.867,21643.58,181.1933,215.2531,419.58,104.12,377.44,3902.6201171875,6.706500053405762
2022-07-08,2993.306,4428.781,6404.439,7000.785,21725.779,181.2245,215.2988,419.39,107.15,377.04,3899.3798828125,6.700500011444092
2022-07-11,2942.296,4354.617,6319.14,6893.635,21124.199,181.3964,215.4283,416.46,106.29,377.0,3854.429931640625,6.694300174713135
2022-07-12,2922.005,4313.618,6241.479,6779.555,20844.738,181.6294,215.5096,414.53,99.1,378.2,3818.800048828125,6.717199802398682
2022-07-13,2914.295,4321.462,6268.494,6834.902,20797.951,181.7504,215.6335,415.23,99.64,375.6,3801.780029296875,6.723299980163574
2022-07-14,2895.299,4322.074,6302.432,6920.874,20751.209,181.8954,215.7363,416.92,99.64,376.1,3790.3798828125,6.717599868774414
2022-07-15,2839.394,4248.527,6196.8,6852.816,20297.721,181.9945,215.8326,416.13,100.65,373.38,3863.159912109375,6.755199909210205
2022-07-18,2878.639,4292.586,6312.356,6953.932,20846.18,182.0826,215.9756,418.82,105.69,374.98,3830.85009765625,6.756499767303467
2022-07-19,2865.603,4269.34,6335.709,7009.324,20661.059,182.0817,216.0668,419.2,107.27,373.84,3936.68994140625,6.742300033569336
2022-07-20,2874.078,4283.803,6410.709,7110.104,20890.221,182.2098,216.1647,420.59,101.97,373.52,3959.89990234375,6.74370002746582
2022-07-21,2836.662,4236.058,6347.598,7075.294,20574.631,182.3734,216.2693,419.51,99.3,370.32,3998.949951171875,6.754899978637695
2022-07-22,2848.436,4238.234,6289.533,7034.598,20609.139,182.2673,216.3374,418.45,98.6,375.98,3961.6298828125,6.765600204467773
2022-07-25,2837.26,4212.644,6231.236,6948.909,20562.941,182.3767,216.5033,416.95,99.93,377.18,3966.840087890625,6.750500202178955
2022-07-26,2854.639,4245.976,6307.956,7027.419,20905.881,182.5013,216.6306,419.58,99.64,377.46,3921.050048828125,6.749499797821045
2022-07-27,2829.922,4225.036,6332.233,7099.434,20670.039,182.5791,216.7147,421.49,102.24,376.64,4023.610107421875,6.76230001449585
2022-07-28,2827.107,4225.673,6348.166,7150.198,20622.68,182.4322,216.7557,422.55,102.41,380.72,4072.429931640625,6.757400035858154
2022-07-29,2792.329,4170.102,6294.114,7117.434,20156.51,182.6788,216.8622,422.92,103.89,386.1,4130.2900390625,6.745800018310547
2022-08-01,2781.682,4188.678,6347.221,7180.454,20165.84,182.9378,217.0677,424.44,99.95,385.8,4118.6298828125,6.743199825286865
2022-08-02,2730.755,4107.024,6169.996,6957.982,19689.209,183.025,217.2027,421.65,99.82,389.16,4091.18994140625,6.7677001953125
2022-08-03,2710.724,4066.975,6124.315,6916.67,19767.09,183.1947,217.3032,419.66,96.94,387.3,4155.169921875,6.751800060272217
2022-08-04,2741.087,4101.537,6158.735,6960.312,20174.039,183.3503,217.4375,420.44,93.6,387.9,4151.93994140625,6.756999969482422
2022-08-05,2774.335,4156.911,6270.511,7090.003,20201.939,183.209,217.4877,421.5,94.51,391.1,4145.18994140625,6.747799873352051
2022-08-08,2761.157,4148.075,6323.075,7176.105,20045.77,183.1916,217.5825,423.85,96.47,388.7,4140.06005859375,6.760900020599365
2022-08-09,2764.068,4156.291,6341.481,7207.396,20003.439,183.0921,217.5242,424.37,96.52,390.46,4122.47021484375,6.749899864196777
2022-08-10,2730.961,4109.737,6322.056,7212.075,19610.84,183.1416,217.5474,423.86,97.1,391.18,4210.240234375,6.751699924468994
2022-08-11,2787.063,4193.543,6439.359,7294.486,20082.43,183.1325,217.535,426.21,99.36,389.56,4207.27001953125,6.722799777984619
2022-08-12,2796.889,4191.152,6420.853,7228.835,20175.619,183.1459,217.5349,426.42,98.01,391.22,4280.14990234375,6.743599891662598
2022-08-15,2782.666,4185.679,6442.809,7283.5,20040.861,183.8848,217.7652,428.45,93.47,392.0,4297.14013671875,6.741799831390381
2022-08-16,2769.261,4177.837,6465.187,7324.62,19830.52,184.1372,217.9317,429.77,92.65,391.52,4305.2001953125,6.771999835968018
2022-08-17,2785.853,4216.959,6493.505,7328.674,19922.449,184.0782,217.9914,430.68,92.86,389.9,4274.0400390625,6.787399768829346
2022-08-18,2759.294,4180.1,6468.806,7351.437,19763.91,184.2394,218.078,427.77,96.54,387.76,4283.740234375,6.779900074005127
2022-08-19,2750.631,4151.074,6391.716,7234.405,19773.031,184.2272,218.1301,425.16,95.64,387.56,4228.47998046875,6.784599781036377
2022-08-22,2756.369,4181.397,6472.68,7288.577,19656.979,184.1637,218.1973,426.81,96.68,386.26,4137.990234375,6.815700054168701
2022-08-23,2735.666,4161.082,6466.405,7306.021,19503.25,184.0153,218.2017,427.03,100.11,387.32,4128.72998046875,6.847899913787842
2022-08-24,2708.09,4082.42,6284.577,7039.41,19268.738,184.015,218.1864,420.98,100.79,389.54,4140.77001953125,6.833600044250488
2022-08-25,2752.556,4116.24,6322.696,7016.306,19968.381,183.8067,218.0885,419.49,98.93,390.82,4199.1201171875,6.858500003814697
2022-08-26,2751.589,4107.546,6298.374,6980.18,20170.039,183.7591,217.9941,419.13,98.7,391.28,4057.659912109375,6.848299980163574
2022-08-29,2732.206,4089.521,6310.402,7021.315,20023.219,183.9543,218.0632,417.69,102.95,387.94,4030.610107421875,6.870800018310547
2022-08-30,2726.66,4075.794,6285.927,6976.722,19949.031,184.0809,218.0962,416.74,98.48,389.3,3986.159912109375,6.9070000648498535
2022-08-31,2761.783,4078.84,6155.746,6750.743,19954.391,184.0873,218.1247,412.22,94.9,386.92,3955.0,6.910799980163574
2022-09-01,2732.399,4043.74,6126.769,6717.1,19597.311,184.1485,218.1762,411.78,92.11,383.7,3966.85009765625,6.888899803161621
2022-09-02,2711.264,4023.613,6149.427,6776.827,19452.09,184.2251,218.2372,413.67,92.93,383.02,3924.260009765625,6.9054999351501465
2022-09-05,2697.767,4015.426,6182.647,6791.092,19225.699,184.3209,218.3678,415.52,95.2,386.86,,6.89900016784668
2022-09-06,2724.498,4052.28,6291.571,6919.646,19202.73,184.3941,218.447,419.37,92.83,388.98,3908.18994140625,6.93310022354126
2022-09-07,2710.686,4054.983,6301.564,6963.52,19044.301,184.3781,218.4889,420.51,86.81,386.36,3979.8701171875,6.953100204467773
2022-09-08,2708.278,4037.684,6272.575,6897.1,18854.621,184.2952,218.5283,418.37,88.61,389.46,4006.179931640625,6.9653000831604
2022-09-09,2757.566,4093.787,6316.972,6913.579,19362.25,184.2274,218.552,418.56,92.17,389.52,4067.360107421875,6.956500053405762
2022-09-12,,,,,,,,,94.24,,4110.41015625,6.92549991607666
2022-09-13,2769.235,4111.115,6300.422,6904.078,19326.861,184.1843,218.6467,418.68,93.51,389.66,3932.68994140625,6.925000190734863
2022-09-14,2745.428,4065.359,6249.963,6829.558,18847.102,184.0841,218.655,416.95,94.63,387.2,3946.010009765625,6.924099922180176
2022-09-15,2743.789,4027.119,6107.796,6619.189,18930.381,184.1083,218.7073,413.66,90.7,385.24,3901.35009765625,6.960999965667725
2022-09-16,2678.033,3932.683,5954.504,6481.244,18761.689,183.9421,218.7135,410.16,90.27,383.6,3873.330078125,6.993000030517578
2022-09-19,2679.586,3928.0,5913.149,6399.801,18565.969,184.0067,218.7564,409.22,91.74,384.7,3899.889892578125,6.979000091552734
2022-09-20,2673.88,3932.836,5958.292,6482.131,18781.42,184.1397,218.7731,410.66,89.72,385.84,3855.929931640625,7.0055999755859375
2022-09-21,2652.214,3903.735,5978.581,6480.602,18444.621,184.2388,218.8105,411.7,88.96,386.98,3789.929931640625,7.017199993133545
2022-09-22,2629.37,3869.344,5965.885,6487.275,18147.951,184.2682,218.8341,410.74,89.36,386.04,3757.989990234375,7.047900199890137
2022-09-23,2629.809,3856.021,5889.602,6363.684,17933.27,184.1474,218.831,408.64,85.54,387.64,3693.22998046875,7.076600074768066
2022-09-26,2614.9,3836.677,5806.318,6283.593,17855.139,183.9082,218.838,406.66,82.73,384.38,3655.0400390625,7.127399921417236
2022-09-27,2642.921,3892.295,5920.053,6409.776,17860.311,183.8613,218.7765,408.16,84.38,384.88,3647.2900390625,7.1479997634887695
2022-09-28,2611.982,3828.71,5769.52,6211.109,17250.881,183.7171,218.7057,404.89,87.98,385.9,3719.0400390625,7.176799774169922
2022-09-29,2608.977,3827.143,5771.881,6228.779,17165.871,183.5483,218.6784,403.3,87.39,389.66,3640.469970703125,7.198999881744385
2022-09-30,2610.117,3804.885,5714.063,6124.864,17222.83,183.4302,218.6325,402.64,85.45,390.82,3585.6201171875,7.123899936676025
2022-10-03,,,,,17079.51,,,,88.63,,3678.429931640625,7.114999771118164
2022-10-04,,,,,,,,,91.77,,3790.929931640625,7.1149001121521
2022-10-05,,,,,18087.969,,,,93.75,,3783.280029296875,7.114999771118164
2022-10-06,,,,,18012.15,,,,94.88,,3744.52001953125,7.114999771118164
2022-10-07,,,,,17740.049,,,,98.19,,3639.659912109375,7.114999771118164
2022-10-08,,,,,,183.5208,218.8383,,,,,
2022-10-09,,,,,,183.7679,218.8433,,,,,
2022-10-10,2545.049,3720.937,5635.711,5984.501,17216.66,183.8689,218.9118,400.64,96.01,393.24,3612.389892578125,7.114999771118164
2022-10-11,2539.946,3727.687,5684.506,6017.719,16832.359,183.9488,218.9671,402.37,93.86,392.72,3588.840087890625,7.153600215911865
2022-10-12,2555.024,3784.306,5820.454,6192.653,16701.031,183.9314,219.0144,406.84,92.4,393.04,3577.030029296875,7.164400100708008
2022-10-13,2523.632,3752.673,5830.336,6252.223,16389.111,184.038,219.0422,407.69,94.62,393.0,3669.909912109375,7.174099922180176
2022-10-14,2584.685,3842.47,5973.439,6406.457,16587.689,184.216,219.1107,411.08,91.39,392.42,3583.070068359375,7.16949987411499
2022-10-17,2585.497,3846.412,6015.596,6472.451,16612.898,184.2972,219.2374,410.97,91.87,390.28,3677.949951171875,7.190000057220459
2022-10-18,2569.968,3838.267,6035.674,6508.504,16914.58,184.316,219.2749,410.84,90.59,390.78,3719.97998046875,7.195499897003174
2022-10-19,2519.903,3776.534,5972.723,6461.146,16511.279,184.369,219.336,409.22,92.57,390.18,3695.159912109375,7.2006001472473145
2022-10-20,2501.496,3754.927,5948.862,6429.704,16280.221,184.3211,219.3897,406.81,92.59,388.1,3665.780029296875,7.22730016708374
2022-10-21,2487.221,3742.893,5956.881,6432.326,16211.12,184.2912,219.4218,406.62,93.19,387.46,3752.75,7.215799808502197
2022-10-24,2392.598,3633.373,5896.903,6378.432,15180.689,184.3639,219.5141,402.75,91.4,392.72,3797.340087890625,7.242800235748291
2022-10-25,2394.92,3627.454,5869.781,6355.778,15165.591,184.3363,219.4671,401.3,91.34,393.82,3859.110107421875,7.261899948120117
2022-10-26,2400.516,3656.903,5971.601,6491.692,15317.67,184.4008,219.4595,403.15,94.14,393.62,3830.60009765625,7.303800106048584
2022-10-27,2381.263,3631.145,5963.004,6461.61,15427.939,184.5878,219.4897,403.4,94.7,392.7,3807.300048828125,7.171899795532227
2022-10-28,2326.942,3541.33,5781.797,6239.932,14863.06,184.7658,219.5364,399.53,94.02,392.78,3901.06005859375,7.22790002822876
2022-10-31,2295.924,3508.703,5807.106,6292.619,14687.021,184.9294,219.6304,397.24,92.86,391.66,3871.97998046875,7.251399993896484
2022-11-01,2396.629,3634.173,5941.145,6439.822,15455.271,184.8251,219.6522,400.78,94.71,391.46,3856.10009765625,7.301799774169922
2022-11-02,2418.322,3677.805,5997.804,6524.514,15827.17,184.7167,219.6564,403.73,95.56,392.1,3759.68994140625,7.276599884033203
2022-11-03,2387.452,3647.897,5996.719,6566.841,15339.489,184.7059,219.6593,403.71,94.56,390.88,3719.889892578125,7.288700103759766
2022-11-04,2468.276,3767.175,6133.463,6709.645,16161.14,184.5954,219.5942,408.81,98.58,390.8,3770.550048828125,7.30079984664917
2022-11-07,2477.767,3775.297,6141.409,6713.638,16595.91,184.6278,219.6331,407.91,97.91,394.0,3806.800048828125,7.175099849700928
2022-11-08,2459.091,3749.325,6134.256,6694.956,16557.311,184.5975,219.5619,406.67,95.03,394.82,3828.110107421875,7.228799819946289
2022-11-09,2440.352,3714.27,6120.829,6676.008,16358.52,184.6326,219.5374,406.15,92.49,403.26,3748.570068359375,7.248199939727783
2022-11-10,2440.317,3685.689,6089.695,6603.309,16081.04,184.6323,219.4558,404.79,93.29,403.54,3956.3701171875,7.240799903869629
2022-11-11,2518.049,3788.439,6138.621,6643.482,17325.66,184.4284,219.2764,408.33,95.76,406.72,3992.929931640625,7.1859002113342285
2022-11-14,2538.297,3794.017,6129.513,6599.666,17619.711,183.5364,218.6004,406.39,92.5,403.44,3957.25,7.107100009918213
2022-11-15,2583.723,3865.973,6236.384,6752.513,18343.119,183.538,218.222,407.45,93.73,404.96,3991.72998046875,7.07289981842041
2022-11-16,2572.887,3834.39,6203.917,6702.041,18256.48,183.3838,217.9098,403.41,92.62,407.12,3958.7900390625,7.043000221252441
2022-11-17,2560.017,3818.664,6217.205,6714.504,18045.66,183.5355,217.6424,399.69,90.02,407.7,3946.56005859375,7.087200164794922
2022-11-18,2546.715,3801.569,6191.648,6658.401,17992.541,183.6597,217.6072,398.25,87.75,407.42,3965.340087890625,7.156199932098389
2022-11-21,2514.854,3769.127,6189.709,6689.325,17655.91,183.7951,217.6971,398.27,87.4,405.2,3949.93994140625,7.118899822235107
2022-11-22,2531.344,3769.573,6125.4,6583.233,17424.41,183.7824,217.673,397.88,87.68,404.86,4003.580078125,7.1641998291015625
2022-11-23,2535.523,3773.529,6115.605,6567.993,17523.811,183.9822,217.7265,398.35,84.4,404.66,4027.260009765625,7.1392998695373535
2022-11-24,2520.563,3756.808,6120.066,6586.858,17660.898,184.1224,217.951,399.83,85.05,406.4,,7.165800094604492
2022-11-25,2544.615,3775.776,6087.859,6512.162,17573.58,183.9105,217.9536,400.65,83.84,407.6,4026.1201171875,7.150300025939941
2022-11-28,2503.623,3733.242,6055.284,6492.712,17297.939,183.7422,217.9291,399.03,83.24,408.02,3963.93994140625,7.170499801635742
2022-11-29,2607.75,3848.422,6163.821,6594.323,18204.68,183.3959,217.6423,403.62,84.94,406.56,3957.6298828125,7.207099914550781
2022-11-30,2606.543,3853.037,6156.147,6590.307,18597.23,183.3829,217.4724,404.29,86.62,406.12,4080.110107421875,7.15939998626709
2022-12-01,2631.205,3894.769,6186.102,6658.427,18736.439,183.505,217.3042,406.51,87.1,407.1,4076.570068359375,7.076200008392334
2022-12-02,2614.614,3870.948,6168.013,6680.542,18675.35,183.5757,217.2475,406.56,85.25,409.72,4071.699951171875,7.043700218200684
2022-12-05,2676.143,3946.876,6215.124,6714.367,19518.289,183.556,217.1779,408.76,82.98,405.72,3998.840087890625,7.023900032043457
2022-12-06,2684.846,3968.198,6211.252,6703.552,19441.182,183.3367,216.8639,408.16,79.7,401.78,3941.260009765625,6.960899829864502
2022-12-07,2670.647,3958.441,6204.005,6705.287,18814.818,183.3319,216.3702,405.95,77.35,401.1,3933.919921875,6.994900226593018
2022-12-08,2672.896,3959.18,6186.284,6662.344,19450.23,183.4924,216.2211,404.62,76.45,402.44,3963.510009765625,6.972599983215332
2022-12-09,2706.739,3998.244,6192.301,6680.375,19900.871,183.4024,215.9895,404.88,76.65,403.46,3934.3798828125,6.966300010681152
2022-12-12,2673.939,3953.443,6154.809,6655.674,19463.631,183.3946,215.7848,403.25,78.16,403.3,3990.56005859375,6.956600189208984
2022-12-13,2676.9,3945.681,6121.662,6593.668,19596.199,183.2018,215.2787,400.33,80.38,403.54,4019.64990234375,6.976500034332275
2022-12-14,2686.368,3954.886,6096.386,6570.018,19673.449,183.4919,215.2594,398.66,82.8,408.1,3995.320068359375,6.943399906158447
2022-12-15,2675.188,3951.989,6101.879,6597.551,19368.59,183.5224,215.2644,398.73,81.43,404.86,3895.75,6.949900150299072
2022-12-16,2688.29,3954.227,6072.863,6519.436,19450.67,183.4988,215.2633,396.39,78.94,402.9,3852.360107421875,6.9721999168396
2022-12-19,2646.179,3893.221,5936.475,6390.77,19352.811,183.785,215.3944,392.92,80.17,405.3,3817.659912109375,6.972099781036377
2022-12-20,2599.488,3829.017,5878.031,6341.583,19094.801,183.7626,215.4374,391.23,80.24,405.42,3821.6201171875,6.978600025177002
2022-12-21,2607.424,3830.538,5845.835,6289.136,19160.49,183.7808,215.5059,391.12,82.65,409.5,3878.43994140625,6.9608001708984375
2022-12-22,2619.757,3836.028,5779.056,6186.928,19679.219,183.8942,215.5741,389.42,82.36,409.86,3822.389892578125,6.980599880218506
2022-12-23,2615.879,3828.219,5763.346,6160.745,19593.059,184.014,215.6884,388.46,84.53,406.8,3844.820068359375,6.982999801635742
2022-12-26,2607.523,3843.489,5843.256,6275.524,,183.9928,215.8078,391.34,,407.24,,6.988699913024902
2022-12-27,2632.453,3887.854,5885.662,6325.628,,183.8699,215.8539,394.88,85.17,407.96,3829.25,6.96120023727417
2022-12-28,2638.306,3871.264,5862.097,6268.466,19898.91,183.9163,215.8781,393.67,83.64,408.6,3783.219970703125,6.959000110626221
2022-12-29,2622.072,3856.701,5857.402,6261.829,19741.139,184.0597,215.997,392.02,83.7,408.36,3849.280029296875,6.97760009765625
2022-12-30,2635.248,3871.634,5864.467,6281.621,19781.41,184.1164,216.0792,392.66,85.99,410.72,3839.5,6.963099956512451
2022-12-31,,,,,,184.1455,216.1107,,,,,
2023-01-02,,,,,,,,,,,,6.896900177001953
2023-01-03,2641.422,3887.899,5955.897,6423.701,20145.289,184.2434,216.3316,394.6,82.45,411.2,3824.139892578125,6.89709997177124
2023-01-04,2651.005,3892.948,5952.454,6421.277,20793.111,184.4218,216.5348,396.13,78.07,413.26,3852.969970703125,6.914100170135498
2023-01-05,2700.308,3968.578,6010.464,6485.469,21052.17,184.4252,216.6774,399.47,78.89,412.5,3808.10009765625,6.887800216674805
2023-01-06,2713.631,3980.889,6012.815,6500.32,20991.641,184.3027,216.723,400.96,78.37,409.54,3895.080078125,6.881499767303467
2023-01-09,2742.201,4013.12,6040.019,6535.749,21388.34,184.3089,216.8433,401.88,79.79,414.0,3892.090087890625,6.837399959564209
2023-01-10,2733.619,4017.474,6048.297,6540.201,21331.459,184.0836,216.7944,400.82,79.62,413.7,3919.25,6.770999908447266
2023-01-11,2740.193,4010.031,6014.157,6486.905,21436.049,184.0722,216.7405,400.39,82.96,414.8,3969.610107421875,6.777400016784668
2023-01-12,2741.945,4017.869,6015.287,6489.57,21514.1,184.1776,216.7483,401.05,83.79,414.58,3983.169921875,6.769000053405762
2023-01-13,2787.356,4074.377,6057.69,6517.513,21738.66,184.1509,216.7549,401.7,85.35,415.22,3999.090087890625,6.737800121307373
2023-01-16,2834.291,4137.964,6126.177,6591.806,21746.721,183.939,216.73,404.48,84.13,417.28,,6.7017998695373535
2023-01-17,2827.027,4137.242,6132.639,6597.495,21577.641,183.9956,216.7045,405.94,86.69,419.0,3990.969970703125,6.732500076293945
2023-01-18,2810.086,4130.314,6151.456,6613.005,21678.0,184.0968,216.7186,406.96,84.59,418.4,3928.860107421875,6.77239990234375
2023-01-19,2820.807,4156.008,6204.326,6676.08,21650.979,184.0801,216.7327,407.99,86.33,419.66,3898.85009765625,6.747099876403809
2023-01-20,2836.807,4181.527,6251.434,6736.852,22044.65,184.1005,216.7285,410.13,87.52,423.5,3972.610107421875,6.7758002281188965
2023-01-23,,,,,,,,,88.06,,4019.81005859375,6.782599925994873
2023-01-24,,,,,,,,,86.51,,4016.949951171875,6.7829999923706055
2023-01-25,,,,,,,,,86.23,,4016.219970703125,6.7835001945495605
2023-01-26,,,,,22566.781,,,,87.47,,4060.429931640625,6.782899856567383
2023-01-27,,,,,22688.898,,,,86.15,,4070.56005859375,6.78249979019165
2023-01-28,,,,,,184.1623,216.981,,,,,
2023-01-29,,,,,,184.2811,217.0108,,,,,
2023-01-30,2839.122,4201.345,6283.327,6786.453,22069.73,184.239,217.0069,410.59,84.42,422.68,4017.77001953125,6.782400131225586
2023-01-31,2807.952,4156.858,6289.15,6805.276,21842.33,184.3392,217.0463,409.28,85.52,419.48,4076.60009765625,6.747799873352051
2023-02-01,2820.874,4195.933,6365.905,6916.72,22072.18,184.3421,217.0605,411.66,83.0,421.58,4119.2099609375,6.753600120544434
2023-02-02,2811.847,4181.149,6370.141,6933.226,21958.359,184.3477,217.1557,412.34,82.11,424.86,4179.759765625,6.740799903869629
2023-02-03,2774.801,4141.632,6343.686,6925.076,21660.471,184.3756,217.2644,410.87,79.82,419.34,4136.47998046875,6.731500148773193
2023-02-06,2735.005,4086.878,6302.335,6891.413,21222.16,184.3583,217.4078,407.38,81.4,413.8,4111.080078125,6.774199962615967
2023-02-07,2740.445,4094.234,6317.238,6924.321,21298.701,184.3822,217.4888,408.29,84.07,412.62,4164.0,6.794000148773193
2023-02-08,2731.252,4076.141,6268.276,6877.725,21283.52,184.4151,217.5952,407.53,85.12,412.7,4117.85986328125,6.791200160980225
2023-02-09,2761.872,4130.857,6354.562,6999.182,21624.359,184.4251,217.6959,410.0,84.07,413.52,4081.5,6.7881999015808105
2023-02-10,2746.723,4106.31,6334.252,6975.395,21190.42,184.451,217.8109,409.62,86.45,410.76,4090.4599609375,6.779699802398682
2023-02-13,2767.793,4143.574,6383.828,7052.177,21164.42,184.5168,217.9956,410.3,85.78,413.08,4137.2900390625,6.808300018310547
2023-02-14,2776.982,4145.29,6397.215,7061.449,21113.76,184.5279,218.1287,410.23,85.24,412.74,4136.1298828125,6.821899890899658
2023-02-15,2752.339,4123.689,6384.348,7063.605,20812.17,184.5297,218.2143,408.7,85.34,411.66,4147.60009765625,6.825900077819824
2023-02-16,2742.804,4093.488,6289.479,6925.203,20987.67,184.5866,218.3561,405.94,84.82,411.48,4090.409912109375,6.851900100708008
2023-02-17,2714.289,4034.507,6237.405,6868.548,20719.811,184.5926,218.4743,402.95,83.15,410.26,4079.090087890625,6.8597002029418945
2023-02-20,2788.396,4133.49,6346.068,6959.361,20886.961,184.5308,218.5475,406.49,83.77,412.3,,6.857600212097168
2023-02-21,2802.136,4144.354,6383.425,6990.475,20529.49,184.4367,218.5149,407.42,82.47,411.7,3997.340087890625,6.854100227355957
2023-02-22,2769.344,4106.951,6375.068,6998.43,20423.84,184.5143,218.5636,406.95,80.3,412.94,3991.050048828125,6.872499942779541
2023-02-23,2767.535,4103.646,6360.32,6966.787,20351.35,184.5344,218.6344,406.73,82.17,411.94,4012.320068359375,6.891300201416016
2023-02-24,2727.59,4061.046,6340.844,6944.824,20010.039,184.5116,218.704,405.55,82.85,413.14,3970.0400390625,6.9070000648498535
2023-02-27,2723.584,4043.844,6307.206,6894.296,19943.51,184.5482,218.8502,404.37,82.04,412.2,3982.239990234375,6.954999923706055
2023-02-28,2737.155,4069.459,6357.535,6955.574,19785.939,184.5591,218.8736,404.86,83.1,412.64,3970.14990234375,6.943900108337402
2023-03-01,2773.649,4126.942,6402.141,7002.771,20619.711,184.583,218.9522,407.31,84.42,414.04,3951.389892578125,6.932300090789795
2023-03-02,2769.108,4117.738,6382.232,6972.306,20429.459,184.5792,219.0006,407.09,84.33,413.62,3981.35009765625,6.868000030517578
2023-03-03,2774.508,4130.551,6390.318,6967.94,20567.539,184.5376,219.0485,407.81,85.99,415.58,4045.639892578125,6.91379976272583
2023-03-06,2744.141,4109.01,6395.219,6997.044,20603.189,184.7737,219.2041,407.96,86.25,418.44,4048.419921875,6.906799793243408
2023-03-07,2713.168,4048.852,6284.299,6855.344,20534.48,184.8313,219.2871,405.54,83.1,418.82,3986.3701171875,6.9293999671936035
2023-03-08,2691.933,4034.108,6301.516,6891.456,20051.25,184.8626,219.4145,404.83,82.39,414.08,3992.010009765625,6.961400032043457
2023-03-09,2671.843,4019.851,6285.952,6892.857,19925.74,184.8808,219.4973,404.91,81.54,414.02,3918.320068359375,6.950300216674805
2023-03-10,2636.389,3967.135,6204.899,6798.299,19319.92,184.931,219.6051,402.9,82.64,416.76,3861.590087890625,6.963600158691406
2023-03-13,2664.038,4008.686,6245.003,6832.621,19695.969,184.9646,219.736,403.82,80.74,420.42,3855.760009765625,6.905200004577637
2023-03-14,2645.114,3984.696,6189.397,6769.849,19247.961,185.0152,219.8432,403.3,77.58,426.36,3919.2900390625,6.844600200653076
2023-03-15,2648.385,3986.902,6224.64,6803.474,19539.871,185.0071,219.9269,404.3,73.83,426.54,3891.929931640625,6.870500087738037
2023-03-16,2622.823,3939.151,6140.832,6689.783,19203.91,185.0947,220.038,402.09,74.68,430.48,3960.280029296875,6.905900001525879
2023-03-17,2628.591,3958.819,6183.184,6736.367,19518.59,185.1366,220.155,403.08,72.3,432.44,3916.639892578125,6.897500038146973
2023-03-20,2616.751,3939.077,6160.354,6721.455,19000.711,185.3094,220.3182,403.26,73.45,445.02,3951.570068359375,6.886099815368652
2023-03-21,2643.358,3982.378,6234.679,6809.391,19258.76,185.2951,220.41,404.99,74.84,441.56,4002.8701171875,6.877699851989746
2023-03-22,2651.534,3999.443,6269.738,6840.326,19591.43,185.2329,220.4641,406.33,75.41,435.42,3936.969970703125,6.882999897003174
2023-03-23,2668.669,4039.09,6305.759,6868.835,20049.641,185.2354,220.5117,406.65,75.08,438.36,3948.719970703125,6.879199981689453
2023-03-24,2653.285,4027.046,6310.098,6867.952,19915.68,185.1621,220.5415,406.42,74.55,440.7,3970.989990234375,6.818399906158447
2023-03-27,2639.623,4012.477,6311.6,6886.689,19567.689,185.241,220.653,406.13,77.76,438.14,3977.530029296875,6.867000102996826
2023-03-28,2638.738,3999.515,6279.922,6825.383,19784.65,185.2625,220.7079,405.2,78.39,436.18,3971.27001953125,6.884399890899658
2023-03-29,2636.223,4006.144,6260.551,6806.281,20192.4,185.264,220.7618,404.52,77.49,437.76,4027.81005859375,6.873300075531006
2023-03-30,2664.212,4038.526,6286.177,6807.645,20309.129,185.3209,220.8342,405.07,78.57,438.9,4050.830078125,6.8856000900268555
2023-03-31,2661.92,4050.926,6339.818,6875.808,20400.111,185.3443,220.9134,406.52,79.83,441.2,4109.31005859375,6.8703999519348145
2023-04-03,2665.723,4090.568,6413.807,6962.205,20409.182,185.3774,221.0413,408.68,84.8,435.62,4124.509765625,6.868000030517578
2023-04-04,2675.917,4103.105,6408.899,6953.363,20274.59,185.3596,221.1018,408.56,85.25,440.7,4100.60009765625,6.877299785614014
2023-04-05,,,,,,,,,84.84,,4090.3798828125,6.878799915313721
2023-04-06,2666.448,4096.64,6416.846,6983.027,20331.199,185.3806,221.1808,408.89,84.88,447.18,4105.02001953125,6.878499984741211
2023-04-07,2684.862,4123.28,6464.466,7042.89,,185.4268,221.2558,410.49,,447.32,,6.874899864196777
2023-04-10,2684.909,4104.812,6410.522,6968.573,,185.527,221.3829,409.87,84.33,442.8,4109.10986328125,6.86929988861084
2023-04-11,2680.044,4100.148,6420.877,6984.142,20485.24,185.6542,221.455,408.81,85.51,444.84,4108.93994140625,6.881100177764893
2023-04-12,2665.77,4097.288,6443.439,7021.016,20309.859,185.7376,221.546,409.57,87.2,448.84,4091.949951171875,6.885499954223633
2023-04-13,2670.014,4068.979,6404.646,6966.818,20344.48,185.7201,221.6056,408.68,86.31,448.82,4146.22021484375,6.873700141906738
2023-04-14,2679.007,4091.999,6431.069,7020.094,20438.811,185.7301,221.6637,410.5,86.48,451.0,4137.64013671875,6.867800235748291
2023-04-17,2732.974,4149.384,6459.24,7012.773,20782.449,185.6944,221.7802,412.17,84.82,446.08,4151.31982421875,6.8703999519348145
2023-04-18,2744.454,4162.032,6449.853,6997.072,20650.51,185.7337,221.8354,412.67,84.87,444.26,4154.8701171875,6.878799915313721
2023-04-19,2720.718,4124.559,6416.97,6965.576,20367.76,185.8103,221.907,411.23,82.8,443.98,4154.52001953125,6.874899864196777
2023-04-20,2704.858,4113.019,6411.756,6963.899,20396.969,185.8304,221.9869,409.02,80.84,444.54,4129.7900390625,6.8850998878479
2023-04-21,2654.211,4032.567,6250.545,6773.512,20075.73,185.8786,222.0678,405.45,81.54,442.5,4133.52001953125,6.872099876403809
2023-04-23,,,,,,185.9446,222.1288,,,,,
2023-04-24,2618.478,3982.643,6208.78,6725.271,19959.939,186.0035,222.1956,402.52,82.32,441.16,4137.0400390625,6.892499923706055
2023-04-25,2619.233,3962.666,6118.153,6603.239,19617.881,186.0288,222.2306,402.18,80.65,444.98,4071.6298828125,6.894899845123291
2023-04-26,2617.978,3959.232,6142.154,6624.4,19757.27,186.1215,222.2882,404.78,77.8,446.34,4055.989990234375,6.931600093841553
2023-04-27,2650.57,3988.419,6157.936,6633.493,19840.279,186.3433,222.3718,406.81,78.28,447.28,4135.35009765625,6.92579984664917
2023-04-28,2677.757,4029.086,6241.244,6723.305,19894.57,186.3821,222.4355,408.78,80.2,444.04,4169.47998046875,6.922299861907959
2023-05-01,,,,,,,,,79.42,,4167.8701171875,6.911099910736084
2023-05-02,,,,,19933.811,,,,75.2,,4119.580078125,6.910999774932861
2023-05-03,,,,,19699.16,,,,71.9,,4090.75,6.910600185394287
2023-05-04,2692.691,4030.247,6262.389,6733.969,19948.73,186.6324,222.7017,409.02,72.52,455.26,4061.219970703125,6.910600185394287
2023-05-05,2685.173,4016.877,6200.576,6653.653,20049.311,186.8334,222.8447,406.66,75.37,457.92,4136.25,6.905700206756592
2023-05-06,,,,,,186.913,222.9198,,,,,
2023-05-08,2720.323,4062.662,6248.583,6702.5,20297.031,186.8236,223.0137,409.44,76.58,452.36,4138.1201171875,6.9095001220703125
2023-05-09,2703.937,4027.875,6181.976,6611.637,19867.58,186.845,223.0607,407.57,77.27,453.18,4119.169921875,6.911499977111816
2023-05-10,2673.906,3996.87,6173.809,6627.311,19762.199,187.0292,223.1759,406.48,76.56,454.9,4137.64013671875,6.919400215148926
2023-05-11,2666.062,3990.664,6154.47,6622.521,19743.791,187.2653,223.2751,407.29,75.4,454.82,4130.6201171875,6.932199954986572
2023-05-12,2630.948,3937.762,6091.646,6535.944,19627.24,187.2204,223.3701,402.72,74.17,451.5,4124.080078125,6.947700023651123
2023-05-15,2677.037,3998.887,6159.389,6585.91,19971.129,187.2344,223.4746,404.77,75.53,453.42,4136.27978515625,6.957300186157227
2023-05-16,2670.451,3978.205,6110.827,6516.289,19978.25,187.1887,223.498,405.03,74.71,452.26,4109.89990234375,6.951600074768066
2023-05-17,2649.356,3960.165,6122.052,6554.98,19560.57,187.1876,223.5337,405.91,76.75,450.24,4158.77001953125,6.976600170135498
2023-05-18,2644.218,3956.07,6128.176,6583.738,19727.25,187.1268,223.5244,406.65,75.95,449.4,4198.0498046875,6.997099876403809
2023-05-19,2633.386,3944.54,6117.083,6602.317,19450.57,187.2425,223.5619,406.33,75.59,447.62,4191.97998046875,7.035099983215332
2023-05-22,2658.789,3969.328,6115.315,6595.984,19678.17,187.4441,223.6718,406.86,75.97,449.54,4192.6298828125,7.006899833679199
2023-05-23,2617.54,3913.188,6052.43,6528.453,19431.25,187.6616,223.7377,405.1,77.49,447.62,4145.580078125,7.030900001525879
2023-05-24,2577.342,3859.094,6005.791,6513.182,19115.93,187.6861,223.7814,403.35,78.23,449.9,4115.240234375,7.056399822235107
2023-05-25,2564.505,3850.5,5988.189,6501.0,18746.92,187.6431,223.7975,402.98,76.14,448.0,4151.27978515625,7.059800148010254
2023-05-26,2559.614,3850.951,6034.983,6546.408,,187.592,223.801,404.24,77.17,445.5,4205.4501953125,7.077400207519531
2023-05-29,2548.286,3833.942,6025.155,6534.117,18551.111,187.6194,223.8799,403.41,77.09,445.66,,7.054800033569336
2023-05-30,2535.144,3837.753,6061.309,6564.469,18595.779,187.7244,223.9102,402.95,73.84,444.62,4205.52001953125,7.072299957275391
2023-05-31,2493.35,3798.543,6047.802,6561.649,18234.27,187.8395,223.9633,402.4,72.13,450.86,4179.830078125,7.078999996185303
2023-06-01,2500.34,3806.868,6051.46,6574.758,18216.91,188.0117,224.0177,403.05,74.29,450.98,4221.02001953125,7.110799789428711
2023-06-02,2543.576,3861.834,6105.218,6626.279,18949.939,187.9565,224.0282,406.19,76.2,452.3,4282.3701171875,7.0929999351501465
2023-06-05,2528.399,3844.249,6097.106,6632.956,19108.5,187.9554,224.0825,405.64,76.58,447.26,4273.7900390625,7.083799839019775
2023-06-06,2519.189,3808.163,5983.42,6489.811,19099.279,188.0509,224.1299,404.04,76.12,450.28,4283.85009765625,7.105000019073486
2023-06-07,2511.393,3789.342,5987.011,6488.557,19252.0,188.1776,224.2005,403.57,76.76,451.1,4267.52001953125,7.118800163269043
2023-06-08,2540.065,3820.187,5966.148,6442.482,19299.182,188.1536,224.2537,404.49,75.52,448.46,4293.93017578125,7.128799915313721
2023-06-09,2543.932,3836.703,6009.583,6495.564,19389.951,188.2627,224.3158,405.73,75.0,452.34,4298.85986328125,7.111199855804443
2023-06-12,2542.196,3844.432,6027.712,6530.161,19404.311,188.3813,224.4262,406.53,72.1,452.5,4338.93017578125,7.127600193023682
2023-06-13,2544.95,3864.907,6044.037,6554.957,19521.42,188.5795,224.4968,406.69,74.21,453.68,4369.009765625,7.144599914550781
2023-06-14,2541.813,3864.025,6044.077,6578.123,19408.42,188.7543,224.5562,406.78,73.61,450.9,4372.58984375,7.166500091552734
2023-06-15,2576.742,3925.499,6096.808,6613.955,19828.92,188.4945,224.5646,408.15,75.63,447.14,4425.83984375,7.162600040435791
2023-06-16,2600.919,3963.351,6148.013,6669.005,20040.369,188.2311,224.4614,408.88,76.26,450.5,4409.58984375,7.119900226593018
2023-06-19,2560.529,3930.908,6131.385,6693.299,19912.889,188.0371,224.3986,407.32,76.11,451.24,,7.1255998611450195
2023-06-20,2547.254,3924.238,6126.113,6693.915,19607.08,188.1123,224.4042,406.86,75.47,451.76,4388.7099609375,7.160399913787842
2023-06-21,2519.079,3864.032,5990.846,6548.407,19218.35,188.2453,224.4303,405.0,76.97,449.84,4365.68994140625,7.180799961090088
2023-06-22,,,,,,,,,74.37,,4381.89013671875,7.178400039672852
2023-06-23,,,,,18889.969,,,,74.39,,4348.330078125,7.178500175476074
2023-06-25,,,,,,188.4006,224.5368,,,,,
2023-06-26,2488.738,3809.696,5887.032,6420.973,18794.129,188.3925,224.5622,402.81,74.52,449.14,4328.81982421875,7.178500175476074
2023-06-27,2506.599,3845.433,5948.003,6507.273,19148.129,188.3128,224.5461,404.89,72.81,448.86,4378.41015625,7.236499786376953
2023-06-28,2510.715,3840.799,5942.311,6475.505,19172.049,188.3692,224.5512,404.67,73.83,447.1,4376.85986328125,7.218699932098389
2023-06-29,2490.897,3821.844,5940.578,6520.039,18934.359,188.432,224.5909,404.85,74.34,447.5,4396.43994140625,7.2434000968933105
2023-06-30,2492.102,3842.452,5998.729,6602.037,18916.43,188.6604,224.6649,405.91,75.19,448.6,4450.3798828125,7.251800060272217
2023-07-03,2534.474,3892.882,6042.312,6612.884,19306.59,188.6994,224.7715,407.3,74.89,449.52,4455.58984375,7.242400169372559
2023-07-04,2537.596,3899.013,6055.258,6638.447,19415.68,188.7206,224.8135,407.23,76.1,449.94,,7.239799976348877
2023-07-05,2520.175,3868.805,6020.821,6584.423,19110.381,188.733,224.8717,406.6,76.47,450.7,4446.81982421875,7.213500022888184
2023-07-06,2501.317,3842.755,5988.553,6567.079,18533.049,188.8038,224.9509,406.25,76.48,451.66,4411.58984375,7.246399879455566
2023-07-07,2489.535,3825.699,5961.606,6521.427,18365.699,188.8282,225.0193,406.3,78.17,450.82,4398.9501953125,7.249199867248535
2023-07-10,2503.277,3844.327,5984.281,6526.852,18479.721,188.8527,225.1138,406.14,77.8,452.08,4409.52978515625,7.211299896240234
2023-07-11,2518.528,3869.486,6029.232,6579.37,18659.83,188.9362,225.1867,407.08,79.33,452.2,4439.259765625,7.230599880218506
2023-07-12,2513.417,3843.437,5962.794,6482.987,18860.951,188.9156,225.2339,406.47,80.14,452.12,4472.16015625,7.209199905395508
2023-07-13,2546.381,3898.423,6044.058,6548.313,19350.621,188.9083,225.2926,408.34,81.52,456.32,4510.0400390625,7.165299892425537
2023-07-14,2547.939,3899.103,6030.519,6544.459,19413.779,188.8735,225.3109,408.04,79.62,454.0,4505.419921875,7.150000095367432
2023-07-17,2520.786,3867.175,6012.69,6516.56,,189.0153,225.4282,407.1,78.54,455.34,4522.7900390625,7.1402997970581055
2023-07-18,2511.635,3854.939,6001.8,6510.034,19015.721,189.1592,225.5314,407.48,79.82,456.94,4554.97998046875,7.170599937438965
2023-07-19,2517.106,3850.866,5993.413,6492.349,18952.311,189.2067,225.5701,407.79,79.54,462.48,4565.72021484375,7.179299831390381
2023-07-20,2506.863,3823.695,5925.484,6408.76,18928.02,189.2339,225.6278,407.2,79.54,461.96,4534.8701171875,7.225900173187256
2023-07-21,2509.293,3821.91,5925.626,6401.417,19075.262,189.3612,225.7214,407.32,80.86,459.3,4536.33984375,7.176499843597412
2023-07-24,2500.0,3805.221,5916.714,6393.794,18668.15,189.4741,225.8404,406.14,82.49,459.1,4554.64013671875,7.1778998374938965
2023-07-25,2578.351,3915.115,6016.631,6498.269,19434.4,188.9878,225.6861,409.62,82.84,456.8,4567.4599609375,7.185299873352051
2023-07-26,2576.39,3907.013,6001.54,6457.254,19365.139,189.1024,225.6887,409.43,82.71,458.68,4566.75,7.13539981842041
2023-07-27,2575.365,3902.346,5961.184,6407.546,19639.111,189.2835,225.7681,409.35,83.33,459.76,4537.41015625,7.150000095367432
2023-07-28,2647.032,3992.738,6043.244,6465.376,19916.561,189.2025,225.7701,412.8,84.32,456.3,4582.22998046875,7.173099994659424
2023-07-31,2653.369,4014.63,6088.243,6515.849,20078.941,189.1081,225.7486,413.36,85.25,455.98,4588.9599609375,7.102799892425537
2023-08-01,2645.893,3998.001,6098.879,6507.412,20011.119,189.1625,225.7918,411.98,85.73,457.58,4576.72998046875,7.095699787139893
2023-08-02,2620.684,3969.895,6077.465,6496.022,19517.379,189.2019,225.8495,411.95,83.35,457.18,4513.39013671875,7.176499843597412
2023-08-03,2645.153,4004.984,6098.687,6499.545,19420.871,189.3332,225.9369,413.54,85.21,455.04,4501.89013671875,7.190400123596191
2023-08-04,2648.845,4020.579,6128.556,6535.322,19539.459,189.3713,226.0446,414.36,86.02,454.4,4478.02978515625,7.162799835205078
2023-08-07,2634.581,3990.153,6090.731,6503.983,19537.92,189.4313,226.1438,412.46,85.87,455.64,4518.43994140625,7.131199836730957
2023-08-08,2631.377,3979.732,6066.102,6471.344,19184.17,189.4766,226.2391,412.0,86.15,455.64,4499.3798828125,7.192299842834473
2023-08-09,2628.704,3967.565,6021.751,6420.977,19246.031,189.5055,226.311,411.14,87.43,455.36,4467.7099609375,7.215700149536133
2023-08-10,2629.443,3975.717,6031.711,6426.814,19248.26,189.464,226.3848,411.58,86.28,453.62,4468.830078125,7.208600044250488
2023-08-11,2568.898,3884.254,5913.35,6304.635,19075.189,189.5054,226.4735,409.99,86.7,455.56,4464.0498046875,7.214700222015381
2023-08-14,2549.284,3855.906,5916.803,6319.407,18773.551,189.726,226.6329,408.86,86.19,455.74,4489.72021484375,7.192299842834473
2023-08-15,2546.442,3846.536,5879.778,6261.733,18581.111,189.984,226.7713,408.24,85.04,455.86,4437.85986328125,7.257299900054932
2023-08-16,2530.81,3818.334,5833.216,6186.403,18329.299,190.1408,226.8838,407.81,83.37,457.1,4404.330078125,7.281499862670898
2023-08-17,2536.489,3831.101,5874.361,6247.601,18326.631,190.1278,226.9285,409.12,83.87,456.86,4370.35986328125,7.296999931335449
2023-08-18,2507.58,3784.004,5777.797,6117.107,17950.85,190.1952,226.9885,408.58,84.83,455.1,4369.7099609375,7.280399799346924
2023-08-21,2475.09,3729.555,5710.778,6057.171,17623.289,190.4143,227.1409,407.24,84.55,457.08,4399.77001953125,7.280700206756592
2023-08-22,2493.764,3758.227,5741.061,6099.195,17791.01,190.3874,227.2275,405.97,83.86,456.5,4387.5498046875,7.197999954223633
2023-08-23,2461.187,3696.634,5629.5,5973.671,17845.92,190.3652,227.2846,403.77,83.04,457.88,4436.009765625,7.292399883270264
2023-08-24,2480.752,3723.429,5652.673,5987.966,18212.17,190.3733,227.3365,404.72,82.74,460.04,4376.31005859375,7.170499801635742
2023-08-25,2485.334,3709.152,5581.212,5879.027,17956.381,190.2885,227.4052,403.39,84.23,458.5,4405.7099609375,7.276500225067139
2023-08-28,2518.186,3752.619,5644.141,5922.162,18130.738,190.0796,227.388,404.25,83.8,458.62,4433.31005859375,7.289000034332275
2023-08-29,2529.223,3790.107,5770.316,6108.759,18484.031,190.0047,227.3613,406.71,84.89,460.14,4497.6298828125,7.289100170135498
2023-08-30,2522.542,3788.51,5775.153,6139.627,18482.861,190.0885,227.3804,406.8,85.29,461.48,4514.8701171875,7.279399871826172
2023-08-31,2510.458,3765.268,5739.398,6104.295,18382.061,190.1961,227.4251,406.52,86.82,463.16,4507.66015625,7.283599853515625
2023-09-01,2532.254,3791.491,5750.803,6107.2,,189.9427,227.4228,407.65,88.85,462.46,4515.77001953125,7.256899833679199
2023-09-04,2577.465,3848.952,5829.784,6198.762,18844.16,189.6396,227.3278,409.68,88.98,464.38,,7.140100002288818
2023-09-05,2561.79,3820.317,5788.715,6167.642,18456.91,189.6661,227.3315,408.87,90.04,464.98,4496.830078125,7.271900177001953
2023-09-06,2559.357,3812.028,5790.381,6195.383,18449.98,189.5047,227.231,408.42,90.61,464.24,4465.47998046875,7.303400039672852
2023-09-07,2534.156,3758.475,5702.701,6083.489,18202.07,189.3444,226.9976,403.99,89.75,464.12,4451.14013671875,7.315899848937988
2023-09-08,2519.969,3739.993,5708.623,6102.488,,189.3715,226.7673,402.91,90.43,466.84,4457.490234375,7.3277997970581055
2023-09-11,2536.171,3767.537,5774.731,6182.643,18096.449,189.3677,226.6159,403.71,90.62,466.54,4487.4599609375,7.232399940490723
2023-09-12,2531.826,3760.605,5770.926,6184.606,18025.889,189.5018,226.6536,403.69,91.95,466.76,4461.89990234375,7.288000106811523
2023-09-13,2524.541,3736.651,5715.397,6103.137,18009.219,189.5887,226.7959,401.91,92.16,467.66,4467.43994140625,7.290900230407715
2023-09-14,2530.979,3733.508,5702.102,6068.713,18047.92,189.698,226.9501,401.22,94.12,472.0,4505.10009765625,7.268799781799316
2023-09-15,2514.979,3708.777,5704.663,6079.063,18182.889,189.59,227.065,401.57,94.02,469.72,4450.31982421875,7.275899887084961
2023-09-18,2531.897,3727.711,5719.689,6083.969,17930.551,189.3998,227.0643,402.1,93.36,467.32,4453.52978515625,7.273900032043457
2023-09-19,2532.279,3720.502,5687.901,6031.042,17997.17,189.3816,227.0618,401.26,93.17,469.8,4443.9501953125,7.290599822998047
2023-09-20,2521.562,3705.69,5651.006,5982.558,17885.6,189.3625,227.0995,400.77,92.02,471.38,4402.2001953125,7.295599937438965
2023-09-21,2495.739,3672.445,5611.919,5939.664,17655.41,189.4751,227.1927,399.73,92.17,470.88,4330.0,7.285999774932861
2023-09-22,2550.983,3738.933,5698.817,6054.928,18057.449,189.411,227.2311,402.14,92.39,470.48,4320.06005859375,7.30649995803833
2023-09-25,2529.15,3714.604,5666.664,6027.394,17729.289,189.3028,227.2965,401.76,91.92,471.48,4337.43994140625,7.297500133514404
2023-09-26,2513.407,3692.893,5646.654,5996.11,17466.898,189.1922,227.2365,401.79,92.5,470.6,4273.52978515625,7.309899806976318
2023-09-27,2520.14,3700.495,5674.345,6034.061,17611.871,189.2156,227.2383,402.39,94.42,466.9,4274.509765625,7.310699939727783
2023-09-28,2507.086,3689.517,5690.77,6078.945,17373.031,189.4117,227.3493,403.8,93.13,459.5,4299.7001953125,7.30810022354126
2023-09-29,,,,,17809.66,,,,92.07,,4288.0498046875,7.299900054931641
2023-10-02,,,,,,,,,90.47,,4288.39013671875,7.163599967956543
2023-10-03,,,,,17331.219,,,,91.06,,4229.4501953125,7.179900169372559
2023-10-04,,,,,17195.84,,,,86.01,,4263.75,7.194300174713135
2023-10-05,,,,,17213.871,,,,84.22,,4258.18994140625,7.200300216674805
2023-10-06,,,,,17485.98,,,,84.35,,4308.5,7.197700023651123
2023-10-07,,,,,,189.6211,227.604,,,,,
2023-10-08,,,,,,189.6929,227.6215,,,,,
2023-10-09,2499.567,3684.727,5658.083,6059.965,17517.4,189.6776,227.6856,402.89,88.22,454.8,4335.66015625,7.30049991607666
2023-10-10,2482.535,3657.126,5630.371,6043.482,17664.73,189.5468,227.6968,401.82,87.64,450.58,4358.240234375,7.29040002822876
2023-10-11,2490.855,3667.548,5629.789,6059.401,17893.102,189.3183,227.6669,400.77,85.52,450.4,4376.9501953125,7.295000076293945
2023-10-12,2514.39,3702.382,5671.642,6104.456,18238.209,189.2542,227.6433,401.72,86.28,453.66,4349.60986328125,7.298699855804443
2023-10-13,2489.125,3663.41,5633.383,6081.866,17813.449,189.4226,227.689,400.85,90.79,454.92,4327.77978515625,7.301499843597412
2023-10-16,2468.436,3626.597,5580.667,6024.359,17640.359,189.5198,227.7873,398.81,90.15,461.2,4373.6298828125,7.168099880218506
2023-10-17,2478.905,3639.402,5595.342,6011.37,17773.34,189.4395,227.8006,397.91,90.83,463.4,4373.2001953125,7.309299945831299
2023-10-18,2467.192,3610.577,5524.599,5908.008,17732.52,189.4018,227.8158,394.85,91.36,467.94,4314.60009765625,7.311699867248535
2023-10-19,2401.93,3533.545,5464.027,5842.892,17295.889,189.2344,227.7479,391.28,93.03,471.26,4278.0,7.313499927520752
2023-10-20,2389.22,3510.589,5423.675,5774.32,17172.129,189.2747,227.7155,390.11,92.43,476.68,4224.16015625,7.311200141906738
2023-10-23,2369.935,3474.244,5290.334,5638.136,,189.4748,227.7691,385.89,90.49,476.0,4217.0400390625,7.315400123596191
2023-10-24,2378.439,3487.13,5352.012,5719.323,16991.529,189.3497,227.7333,390.03,87.21,475.2,4247.68017578125,7.3140997886657715
2023-10-25,2386.303,3504.458,5375.998,5778.905,17085.33,189.5648,227.7661,391.88,89.09,473.92,4186.77001953125,7.309000015258789
2023-10-26,2393.734,3514.145,5398.934,5811.692,17044.609,189.6474,227.8274,392.58,87.24,476.66,4137.22998046875,7.315700054168701
2023-10-27,2414.913,3562.385,5492.027,5916.678,17398.73,189.6281,227.8817,395.74,89.12,476.98,4117.3701171875,7.314899921417236
2023-10-30,2414.156,3583.772,5546.388,6006.559,17406.359,189.7213,228.0182,396.22,86.57,478.12,4166.81982421875,7.158699989318848
2023-10-31,2411.479,3572.506,5528.239,5969.341,17112.48,189.8636,228.0772,394.09,85.54,478.94,4193.7998046875,7.312099933624268
2023-11-01,2420.735,3571.027,5509.966,5958.418,17101.779,189.9009,228.1478,392.79,84.86,477.18,4237.85986328125,7.315499782562256
2023-11-02,2417.459,3554.189,5459.452,5885.247,17230.59,190.0676,228.2512,392.16,86.92,478.72,4317.77978515625,7.315899848937988
2023-11-03,2436.941,3584.136,5510.357,5973.167,17664.119,190.0666,228.3262,393.47,85.17,478.2,4358.33984375,7.3140997886657715
2023-11-06,2456.775,3632.608,5605.062,6096.57,17966.59,190.1188,228.4349,396.28,85.2,475.96,4365.97998046875,7.298500061035156
2023-11-07,2443.966,3619.759,5611.098,6116.757,17670.16,190.1208,228.507,396.81,81.41,474.0,4378.3798828125,7.268599987030029
2023-11-08,2436.698,3611.072,5608.017,6138.938,17568.461,190.1007,228.5598,396.36,79.65,471.84,4382.77978515625,7.27810001373291
2023-11-09,2436.235,3612.826,5592.057,6100.693,17511.289,190.2021,228.6523,396.19,79.85,468.9,4347.35009765625,7.279300212860107
2023-11-10,2414.017,3586.489,5573.1,6088.558,17203.262,190.2171,228.7636,395.58,81.58,471.36,4415.240234375,7.282299995422363
2023-11-13,2407.589,3579.414,5605.569,6144.635,17426.209,190.3349,228.9193,395.58,82.69,469.98,4411.5498046875,7.18179988861084
2023-11-14,2406.397,3582.058,5630.553,6181.98,17396.861,190.2953,229.0229,396.59,82.37,471.52,4495.7001953125,7.289000034332275
2023-11-15,2427.124,3607.245,5664.617,6207.268,18079.0,190.2807,229.0949,397.83,81.07,472.98,4502.8798828125,7.252099990844727
2023-11-16,2404.319,3572.364,5609.361,6145.151,17832.818,190.3757,229.2019,395.78,77.44,471.86,4508.240234375,7.245800018310547
2023-11-17,2398.204,3568.069,5631.423,6199.228,17454.189,190.4112,229.2869,395.18,80.52,473.44,4514.02001953125,7.241000175476074
2023-11-20,2404.767,3576.323,5659.773,6253.276,17778.07,190.3936,229.4234,396.31,82.03,468.0,4547.3798828125,7.209700107574463
2023-11-21,2416.241,3581.067,5641.084,6212.125,17733.889,190.3721,229.5112,395.71,82.44,466.98,4538.18994140625,7.167500019073486
2023-11-22,2396.904,3544.416,5572.899,6132.97,17734.6,190.284,229.5276,392.64,81.56,466.1,4556.6201171875,7.086900234222412
2023-11-23,2405.165,3561.52,5622.989,6197.526,17910.84,190.0932,229.493,392.48,81.08,465.46,,7.154200077056885
2023-11-24,2391.021,3538.009,5570.421,6115.407,17559.42,190.0763,229.4878,391.07,80.13,465.9,4559.33984375,7.0858001708984375
2023-11-27,2370.719,3511.942,5566.507,6111.364,17525.059,189.9885,229.5064,391.21,80.01,470.08,4550.43017578125,7.081900119781494
2023-11-28,2371.212,3518.523,5591.496,6143.302,17354.141,190.0645,229.5254,391.89,81.43,471.6,4554.89013671875,7.130300045013428
2023-11-29,2358.116,3488.307,5553.335,6113.366,16993.439,190.097,229.5318,390.8,82.65,475.46,4550.580078125,7.063799858093262
2023-11-30,2365.996,3496.203,5545.05,6080.547,17042.881,190.2265,229.5946,390.1,80.37,475.72,4567.7998046875,7.07889986038208
2023-12-01,2352.0,3482.881,5566.869,6130.051,16830.301,190.2432,229.6434,390.99,79.3,475.78,4594.6298828125,7.075399875640869
2023-12-04,2333.879,3460.138,5559.068,6114.393,16646.049,190.2359,229.7166,390.7,78.22,481.62,4569.77978515625,7.061800003051758
2023-12-05,2286.581,3394.257,5460.409,5992.6,16327.859,190.197,229.7144,388.82,77.01,475.0,4567.18017578125,7.135200023651123
2023-12-06,2284.064,3399.598,5481.824,6023.804,16463.262,190.1936,229.7025,389.28,74.23,474.08,4549.33984375,7.145599842071533
2023-12-07,2274.828,3391.282,5481.136,6020.83,16345.89,190.2258,229.7328,389.5,74.54,474.88,4585.58984375,7.144599914550781
2023-12-08,2281.649,3399.462,5497.99,6003.144,16334.369,190.3181,229.7483,390.16,75.64,475.2,4604.3701171875,7.148799896240234
2023-12-11,2292.679,3419.455,5564.854,6075.08,16201.489,190.5101,229.8451,390.81,76.07,471.6,4622.43994140625,7.1265997886657715
2023-12-12,2305.138,3426.803,5566.178,6078.99,16374.499,190.5143,229.8729,390.9,73.32,469.9,4643.7001953125,7.174200057983398
2023-12-13,2261.018,3369.605,5507.513,6019.553,16228.75,190.7091,229.9724,389.51,74.6,469.02,4707.08984375,7.176000118255615
2023-12-14,2249.939,3351.964,5489.327,5991.862,16402.189,190.7848,230.0787,388.89,76.64,476.2,4719.5498046875,7.1717000007629395
2023-12-15,2245.288,3341.552,5449.786,5951.6,16792.189,190.8934,230.2041,387.96,76.91,475.46,4719.18994140625,7.066999912261963
2023-12-18,2251.23,3329.366,5385.27,5857.005,16629.23,191.0138,230.3496,386.25,78.17,474.9,4740.56005859375,7.070499897003174
2023-12-19,2257.21,3334.041,5379.874,5863.542,16505.0,190.9972,230.4285,385.09,79.4,475.9,4768.3701171875,7.131999969482422
2023-12-20,2237.581,3297.502,5309.287,5761.312,16613.811,190.9781,230.488,384.15,79.12,476.92,4698.35009765625,7.067599773406982
2023-12-21,2261.382,3330.87,5338.762,5798.912,16621.129,191.0995,230.563,385.23,79.12,477.02,4746.75,7.134099960327148
2023-12-22,2270.502,3337.228,5311.69,5733.909,16340.409,191.2972,230.6921,385.23,78.89,479.54,4754.6298828125,7.138500213623047
2023-12-25,2272.958,3347.451,5315.375,5735.726,,191.4878,230.8241,384.66,,480.8,,7.0833001136779785
2023-12-26,2262.21,3324.79,5258.284,5651.588,,191.6767,230.9389,383.01,80.7,481.4,4774.75,7.135499954223633
2023-12-27,2266.544,3336.357,5285.53,5696.161,16624.84,191.7938,231.0948,384.5,79.31,482.6,4781.580078125,7.142399787902832
2023-12-28,2317.703,3414.54,5382.797,5805.527,17043.529,191.8488,231.2722,388.57,77.47,483.6,4783.35009765625,7.140200138092041
2023-12-29,2326.173,3431.11,5429.229,5887.235,17047.391,191.8266,231.4551,390.79,77.05,481.7,4769.830078125,7.10699987411499
2023-12-31,,,,,,191.8909,231.5066,,,,,
2024-01-01,,,,,,,,,,,,7.068600177764893
2024-01-02,2292.229,3386.352,5409.455,5854.749,16788.551,191.8059,231.614,391.3,76.04,483.32,4742.830078125,7.068600177764893
2024-01-03,2294.836,3378.297,5401.395,5824.043,16646.41,191.7558,231.6278,389.45,78.44,483.58,4704.81005859375,7.089600086212158
2024-01-04,2279.036,3347.052,5355.322,5783.016,16645.98,191.9201,231.7221,388.58,77.74,481.64,4688.68017578125,7.098899841308594
2024-01-05,2268.538,3329.111,5281.871,5675.809,16535.33,192.097,231.8213,387.67,78.89,482.38,4697.240234375,7.110000133514404
2024-01-08,2243.842,3286.056,5167.7,5543.575,16224.449,192.1223,231.9795,384.85,76.22,481.72,4763.5400390625,7.09250020980835
2024-01-09,2245.622,3292.499,5180.653,5553.304,16190.02,192.2865,232.1216,385.59,77.49,481.02,4756.5,7.090000152587891
2024-01-10,2235.209,3277.129,5158.078,5512.069,16097.28,192.2423,232.186,385.22,76.77,479.86,4783.4501953125,7.101600170135498
2024-01-11,2240.106,3295.672,5223.863,5611.115,16302.04,192.2414,232.2478,386.71,78.48,480.24,4780.240234375,7.170400142669678
2024-01-12,2237.207,3284.167,5206.178,5574.493,16244.579,192.1572,232.2846,387.66,78.32,480.78,4783.830078125,7.103099822998047
2024-01-15,2238.503,3280.92,5193.296,5559.376,16216.33,192.1725,232.3684,387.05,78.74,483.58,,7.100599765777588
2024-01-16,2248.975,3300.876,5190.398,5539.474,15865.92,192.1162,232.4162,386.17,77.93,483.34,4765.97998046875,7.0970001220703125
2024-01-17,2199.259,3229.082,5061.54,5389.122,15276.899,192.231,232.4806,382.81,78.1,479.66,4739.2099609375,7.116499900817871
2024-01-18,2238.459,3274.729,5066.958,5373.424,15391.79,192.3018,232.5647,382.28,78.93,478.72,4780.93994140625,7.114500045776367
2024-01-19,2243.54,3269.776,5018.433,5306.986,15308.689,192.3807,232.648,381.93,78.57,480.36,4839.81005859375,7.114999771118164
2024-01-22,2230.609,3218.902,4780.975,5000.834,14961.181,192.5326,232.797,376.63,79.87,478.88,4850.43017578125,7.107100009918213
2024-01-23,2226.371,3231.933,4865.743,5079.632,15353.98,192.5021,232.8529,377.15,79.71,479.18,4864.60009765625,7.192699909210205
2024-01-24,2260.558,3277.109,4933.701,5143.408,15899.87,192.5094,232.8971,377.15,79.81,478.66,4868.5498046875,7.077600002288818
2024-01-25,2312.854,3342.919,5073.178,5316.195,16211.96,192.7796,232.9979,381.8,81.8,476.84,4894.16015625,7.081999778747559
2024-01-26,2314.374,3333.821,5027.093,5269.765,15952.23,192.8189,233.0721,382.63,82.99,478.72,4890.97021484375,7.081099987030029
2024-01-29,2304.436,3303.96,4927.914,5131.247,16077.24,192.9287,233.1902,379.9,81.96,480.04,4927.93017578125,7.086599826812744
2024-01-30,2270.979,3245.039,4814.991,4984.66,15703.449,193.3157,233.3587,377.39,82.4,481.0,4924.97021484375,7.084499835968018
2024-01-31,2254.299,3215.352,4696.98,4785.032,15485.07,193.4881,233.5435,375.27,80.72,481.58,4845.64990234375,7.094099998474121
2024-02-01,2248.268,3217.711,4678.731,4750.444,15566.21,193.4417,233.6505,375.43,78.83,482.84,4906.18994140625,7.1006999015808105
2024-02-02,2229.014,3179.628,4563.222,4574.669,15533.56,193.4406,233.7278,374.15,77.4,484.82,4958.60986328125,7.088500022888184
2024-02-04,,,,,,193.6284,233.8153,,,,,
2024-02-05,2255.281,3200.422,4460.264,4293.07,15510.01,193.5848,233.9221,370.86,77.92,481.44,4942.81005859375,7.112599849700928
2024-02-06,2318.842,3311.692,4805.901,4592.444,16136.87,193.2469,233.9006,376.22,78.76,480.66,4954.22998046875,7.108500003814697
2024-02-07,2344.151,3343.63,5109.569,4797.846,16081.89,193.3931,233.9767,376.86,79.41,482.1,4995.06005859375,7.100100040435791
2024-02-08,2352.578,3364.93,5150.229,4993.105,15878.07,193.4125,234.0298,379.27,81.76,483.54,4997.91015625,7.101099967956543
2024-02-09,,,,,15746.579,193.4033,234.0631,,81.86,,5026.60986328125,7.10699987411499
2024-02-12,,,,,,,,,82.06,,5021.83984375,7.178999900817871
2024-02-13,,,,,,,,,82.63,,4953.169921875,7.192200183868408
2024-02-14,,,,,15879.379,,,,81.45,,5000.6201171875,7.188700199127197
2024-02-15,,,,,15944.631,,,,82.75,,5029.72998046875,7.175899982452393
2024-02-16,,,,,16339.96,,,,83.46,,5005.56982421875,7.163899898529053
2024-02-18,,,,,,193.4905,234.2288,,,,,
2024-02-19,2371.548,3403.808,5141.604,5029.586,16155.609,193.5326,234.2705,380.65,83.37,480.7,,7.118599891662598
2024-02-20,2369.083,3410.854,5140.958,5046.012,16247.511,193.6823,234.3772,383.55,82.53,480.42,4975.509765625,7.197199821472168
2024-02-21,2410.228,3456.871,5139.037,5073.482,16503.102,193.7425,234.4612,385.86,82.2,480.42,4981.7998046875,7.189700126647949
2024-02-22,2433.082,3486.675,5176.343,5151.534,16742.951,193.8985,234.5653,386.68,82.46,480.06,5087.02978515625,7.1880998611450195
2024-02-23,2433.407,3489.742,5197.712,5225.67,16725.859,194.0932,234.7014,387.28,80.76,478.96,5088.7998046875,7.193299770355225
2024-02-26,2393.549,3453.359,5195.464,5255.396,16634.738,194.1526,234.8624,386.36,81.73,481.54,5069.52978515625,7.194399833679199
2024-02-27,2405.061,3494.787,5307.804,5394.034,16790.801,194.2266,234.9717,387.35,82.24,481.42,5078.18017578125,7.196300029754639
2024-02-28,2385.61,3450.26,5184.047,5152.052,16536.85,194.3294,235.0433,383.01,81.87,481.28,5069.759765625,7.197400093078613
2024-02-29,2413.136,3516.083,5346.793,5344.605,16511.439,194.4973,235.1741,385.5,82.01,481.82,5096.27001953125,7.196000099182129
2024-03-01,2414.844,3537.804,5379.048,5401.939,16589.439,194.1607,235.1386,386.44,83.44,483.8,5137.080078125,7.18720006942749
2024-03-04,2418.584,3540.869,5388.82,5428.336,16595.969,194.2808,235.2295,385.76,82.8,490.1,5130.9501953125,7.195799827575684
2024-03-05,2446.417,3565.514,5351.827,5375.132,16162.64,194.3995,235.2661,384.18,82.04,497.36,5078.64990234375,7.19890022277832
2024-03-06,2434.116,3551.048,5350.102,5381.459,16438.09,194.8862,235.3199,384.49,82.89,500.7,5104.759765625,7.196000099182129
2024-03-07,2426.973,3529.72,5277.299,5303.277,16229.779,194.9013,235.3922,384.01,83.34,505.88,5157.35986328125,7.195899963378906
2024-03-08,2426.168,3544.91,5349.595,5370.372,16353.391,194.8253,235.4219,384.67,82.06,506.28,5123.68994140625,7.192299842834473
2024-03-11,2443.106,3589.264,5441.051,5466.646,16587.57,194.7778,235.5027,386.16,82.44,508.3,5117.93994140625,7.185200214385986
2024-03-12,2450.469,3597.494,5423.718,5496.355,17093.5,194.476,235.4281,385.95,82.35,506.74,5175.27001953125,7.183800220489502
2024-03-13,2427.597,3572.361,5415.113,5521.784,17082.111,194.3924,235.3461,386.05,83.93,505.62,5165.31005859375,7.181000232696533
2024-03-14,2423.856,3562.223,5392.927,5486.646,16961.66,194.3715,235.2951,385.6,85.09,506.34,5150.47998046875,7.186600208282471
2024-03-15,2427.197,3569.993,5454.146,5555.644,16720.889,194.4418,235.3096,386.86,85.34,508.16,5117.08984375,7.192200183868408
2024-03-18,2438.191,3603.528,5528.447,5648.012,16737.119,194.6304,235.4072,388.68,86.88,504.04,5149.419921875,7.195000171661377
2024-03-19,2416.835,3577.63,5478.225,5607.475,16529.48,194.7724,235.4729,389.04,86.49,505.22,5178.509765625,7.197199821472168
2024-03-20,2426.459,3585.384,5493.414,5659.154,16543.07,194.7275,235.5359,390.42,85.58,505.74,5224.6201171875,7.197999954223633
2024-03-21,2427.101,3581.09,5465.829,5658.279,16863.102,194.8214,235.5862,390.81,85.05,515.7,5241.52978515625,7.1975998878479
2024-03-22,2403.202,3545.002,5384.566,5595.885,16499.471,194.8361,235.6452,389.53,84.91,512.48,5234.18017578125,7.198200225830078
2024-03-25,2401.211,3525.763,5294.746,5466.062,16473.641,194.7167,235.675,388.53,86.05,513.42,5218.18994140625,7.228099822998047
2024-03-26,2413.742,3543.747,5284.419,5447.748,16618.32,194.7033,235.6873,387.63,85.27,514.2,5203.580078125,7.208399772644043
2024-03-27,2398.937,3502.787,5156.684,5266.231,16392.84,194.8525,235.7354,385.42,85.64,516.42,5248.490234375,7.217700004577637
2024-03-28,2401.987,3520.965,5223.806,5382.236,16541.42,194.9041,235.8,386.46,87.0,520.0,5254.35009765625,7.225800037384033
2024-03-29,2414.92,3537.484,5286.161,5441.26,,195.024,235.8721,387.62,,531.3,,7.226500034332275
2024-04-01,2441.567,3595.647,5401.225,5559.056,,194.9265,235.9562,389.89,87.82,534.04,5243.77001953125,7.220300197601318
2024-04-02,2435.757,3580.676,5381.229,5531.052,16931.52,195.0636,236.0373,390.07,89.24,534.74,5205.81005859375,7.229700088500977
2024-04-03,2430.169,3567.803,5374.595,5500.926,16725.102,195.2273,236.1609,390.59,89.51,541.52,5211.490234375,7.232399940490723
2024-04-04,,,,,,,,,91.1,,5147.2099609375,7.234399795532227
2024-04-05,,,,,16723.92,,,,90.85,,5204.33984375,7.23390007019043
2024-04-07,,,,,,195.2389,236.2735,,,,,
2024-04-08,2414.091,3536.408,5298.591,5399.915,16732.85,195.4031,236.3373,389.49,90.58,554.74,5202.39013671875,7.231400012969971
2024-04-09,2404.609,3533.487,5342.898,5468.911,16828.07,195.5771,236.4785,391.01,89.58,556.92,5209.91015625,7.229700088500977
2024-04-10,2396.743,3504.709,5275.473,5367.052,17139.17,195.5551,236.5881,390.35,90.65,558.78,5160.64013671875,7.2307000160217285
2024-04-11,2394.867,3504.245,5301.809,5379.915,17095.031,195.6756,236.7001,391.29,90.19,555.22,5199.06005859375,7.231500148773193
2024-04-12,2374.047,3475.839,5277.219,5338.769,16721.689,195.9823,236.8679,391.91,90.14,570.5,5123.41015625,7.235899925231934
2024-04-15,2424.017,3549.076,5339.722,5287.512,16600.461,196.1159,237.0332,390.32,90.39,563.88,5061.81982421875,7.235599994659424
2024-04-16,2412.322,3511.115,5191.554,5066.66,16248.97,196.065,237.09,387.41,90.1,567.0,5051.41015625,7.236999988555908
2024-04-17,2439.856,3565.403,5339.747,5287.456,16251.84,196.1629,237.1941,391.03,87.41,567.78,5022.2099609375,7.236199855804443
2024-04-18,2445.205,3569.802,5349.836,5286.719,16385.871,196.305,237.3223,391.94,86.9,565.52,5011.1201171875,7.237400054931641
2024-04-19,2430.582,3541.662,5314.867,5264.389,16224.141,196.4517,237.4625,391.16,87.37,568.3,4967.22998046875,7.236700057983398
2024-04-22,2424.747,3530.905,5267.581,5246.082,16511.689,196.5748,237.659,389.67,87.16,558.42,5010.60009765625,7.2393999099731445
2024-04-23,2413.739,3506.225,5208.271,5218.428,16828.93,196.7855,237.8395,389.31,87.38,544.84,5070.5498046875,7.242499828338623
2024-04-24,2424.119,3521.622,5263.039,5305.607,17201.27,196.4652,237.7749,390.36,87.08,551.0,5071.6298828125,7.244500160217285
2024-04-25,2431.622,3530.281,5259.335,5313.986,17284.541,196.5008,237.7202,390.9,88.02,550.28,5048.419921875,7.244200229644775
2024-04-26,2461.856,3584.269,5372.121,5415.938,17651.15,196.1299,237.5962,392.99,88.04,554.58,5099.9599609375,7.23859977722168
2024-04-28,,,,,,195.8702,237.5617,,,,,
2024-04-29,2474.34,3623.912,5478.491,5545.235,17746.91,195.519,237.3172,393.91,87.28,551.46,5116.169921875,7.24459981918335
2024-04-30,2464.244,3604.394,5441.141,5497.43,17763.031,195.9525,237.4452,394.85,85.92,549.5,5035.68994140625,7.23769998550415
2024-05-01,,,,,,,,,83.57,,5018.39013671875,7.240699768066406
2024-05-02,,,,,18207.129,,,,83.67,,5064.2001953125,7.2399001121521
2024-05-03,,,,,18475.92,,,,82.78,,5127.7900390625,7.238399982452393
2024-05-06,2495.762,3657.877,5528.604,5606.842,18578.301,196.119,237.6237,398.34,83.59,548.32,5180.740234375,7.236199855804443
2024-05-07,2499.771,3659.008,5527.085,5625.336,18479.369,196.4014,237.8212,399.84,82.97,549.82,5187.7001953125,7.208000183105469
2024-05-08,2486.019,3630.223,5458.756,5536.659,18313.859,196.4384,237.9517,399.09,83.72,549.0,5187.669921875,7.218400001525879
2024-05-09,2501.731,3664.561,5556.771,5626.825,18537.811,196.3027,237.9444,402.26,84.1,548.1,5214.080078125,7.223800182342529
2024-05-10,2508.575,3666.277,5535.395,5574.232,18963.68,196.2839,237.9558,402.48,82.77,561.4,5222.68017578125,7.218699932098389
2024-05-11,,,,,,196.1072,237.9336,,,,,
2024-05-13,2506.459,3664.691,5505.26,5520.804,19115.059,196.4604,238.0596,401.94,83.4,557.62,5221.419921875,7.225800037384033
2024-05-14,2496.736,3657.045,5500.738,5551.675,19073.711,196.6275,238.1793,402.52,82.74,554.62,5246.68017578125,7.2322998046875
2024-05-15,2477.39,3626.056,5446.656,5497.235,,196.5953,238.2471,401.61,82.9,559.02,5308.14990234375,7.2322998046875
2024-05-16,2489.414,3640.359,5424.665,5488.946,19376.529,196.4954,238.2504,401.92,83.41,564.42,5297.10009765625,7.217700004577637
2024-05-17,2524.171,3677.97,5491.894,5563.231,19553.609,196.4068,238.2378,402.39,83.99,564.86,5303.27001953125,7.2170000076293945
2024-05-20,2532.824,3690.962,5523.501,5596.777,19636.221,196.583,238.3424,404.05,83.62,578.84,5308.1298828125,7.222700119018555
2024-05-21,2525.233,3676.161,5478.913,5536.745,19220.621,196.5367,238.3707,403.33,82.53,572.22,5321.41015625,7.2316999435424805
2024-05-22,2529.04,3684.451,5468.607,5539.66,19195.6,196.6261,238.4324,403.8,81.72,573.32,5307.009765625,7.237599849700928
2024-05-23,2500.821,3641.792,5362.305,5412.824,18868.711,196.8037,238.5127,401.47,81.2,559.72,5267.83984375,7.240300178527832
2024-05-24,2474.425,3601.475,5313.455,5350.107,18608.941,196.7667,238.5574,401.0,81.84,554.48,5304.72021484375,7.241499900817871
2024-05-27,2497.601,3635.708,5371.369,5404.616,18827.35,196.7794,238.6365,402.29,82.81,555.78,,7.241499900817871
2024-05-28,2490.161,3609.172,5316.129,5348.029,18821.16,196.8954,238.7016,401.89,84.33,555.96,5306.0400390625,7.241499900817871
2024-05-29,2493.169,3613.522,5328.306,5351.252,18477.01,197.0554,238.8178,401.55,83.36,559.7,5266.9501953125,7.244999885559082
2024-05-30,2473.758,3594.312,5308.66,5334.296,18230.189,197.0428,238.8917,401.57,81.92,554.2,5235.47998046875,7.2494001388549805
2024-05-31,2462.183,3579.925,5308.54,5355.21,18079.609,197.0189,238.9276,401.26,81.24,556.86,5277.509765625,7.233500003814697
2024-06-03,2469.017,3588.748,5274.069,5284.624,18403.039,197.1647,239.0452,397.85,78.09,551.56,5283.39990234375,7.241000175476074
2024-06-04,2483.319,3615.671,5341.95,5313.708,18444.111,197.2613,239.0997,398.75,77.12,556.24,5291.33984375,7.242000102996826
2024-06-05,2468.192,3594.794,5277.941,5244.085,18424.961,197.3931,239.182,397.87,78.62,553.62,5354.02978515625,7.242000102996826
2024-06-06,2467.887,3592.245,5228.8,5130.869,18476.801,197.4436,239.2615,396.48,80.01,562.14,5352.9599609375,7.246699810028076
2024-06-07,2457.257,3574.114,5208.98,5153.587,18366.951,197.4377,239.3361,397.06,79.47,562.3,5346.990234375,7.244100093841553
2024-06-10,,,,,,,,,81.94,,5360.7900390625,7.246799945831299
2024-06-11,2423.618,3542.877,5217.47,5198.923,18176.34,197.5255,239.4465,397.61,82.12,544.78,5375.31982421875,7.246799945831299
2024-06-12,2423.607,3544.123,5232.953,5216.462,17937.84,197.5179,239.492,398.67,82.49,548.04,5421.02978515625,7.246699810028076
2024-06-13,2412.074,3526.131,5194.59,5180.236,18112.631,197.5353,239.5372,397.25,82.17,548.44,5433.740234375,7.238100051879883
2024-06-14,2426.509,3541.533,5213.093,5180.651,17941.779,197.5571,239.5997,397.47,82.59,548.48,5431.60009765625,7.2515997886657715
2024-06-17,2416.341,3536.199,5207.128,5183.968,17936.119,197.5578,239.6768,396.28,84.4,549.46,5473.22998046875,7.254300117492676
2024-06-18,2415.428,3545.59,5230.891,5227.254,17915.551,197.6652,239.7344,396.74,85.34,550.08,5487.02978515625,7.255000114440918
2024-06-19,2413.972,3528.749,5168.82,5159.995,18430.391,197.8266,239.7617,394.97,84.49,552.4,,7.252699851989746
2024-06-20,2408.338,3503.282,5094.565,5056.138,18335.32,197.9218,239.8125,390.97,84.8,557.16,5473.169921875,7.25629997253418
2024-06-21,2398.957,3495.62,5102.329,5055.333,18028.52,197.8252,239.8154,388.72,84.2,559.74,5464.6201171875,7.259099960327148
2024-06-24,2404.085,3476.81,4992.91,4887.777,18027.711,197.9581,239.8673,383.2,85.19,551.18,5447.8701171875,7.259200096130371
2024-06-25,2394.215,3457.902,4948.634,4847.611,18072.898,198.1554,239.9192,384.78,84.15,552.16,5469.2998046875,7.257699966430664
2024-06-26,2398.256,3480.265,5020.432,4986.384,18089.93,198.2524,239.9497,390.17,84.43,548.7,5477.89990234375,7.26140022277832
2024-06-27,2388.561,3454.118,4928.051,4864.086,17716.471,198.4158,240.0144,389.12,85.42,545.4,5482.8701171875,7.263500213623047
2024-06-28,2394.875,3461.657,4942.782,4895.987,17718.609,198.5283,240.0985,390.52,84.83,551.52,5460.47998046875,7.267199993133545
2024-07-01,2405.467,3478.183,5003.161,4940.247,,198.2646,240.1408,392.48,86.63,551.42,5475.08984375,7.2657999992370605
2024-07-02,2416.679,3471.786,4949.477,4905.65,17769.139,198.4272,240.1605,392.66,86.58,552.48,5509.009765625,7.266900062561035
2024-07-03,2414.866,3463.414,4910.925,4867.133,17978.57,198.6578,240.215,390.65,87.07,555.7,5537.02001953125,7.269400119781494
2024-07-04,2407.903,3445.813,4834.498,4761.868,18028.279,198.6731,240.2876,388.0,87.55,558.34,,7.268599987030029
2024-07-05,2386.004,3431.061,4866.265,4810.794,17799.609,198.4818,240.2999,388.78,86.85,559.66,5567.18994140625,7.2657999992370605
2024-07-08,2371.689,3401.76,4783.617,4693.965,17524.061,198.1295,240.2671,385.35,85.69,560.74,5572.85009765625,7.2677998542785645
2024-07-09,2389.384,3439.811,4876.899,4797.063,17523.23,198.376,240.3236,387.48,85.0,558.66,5576.97998046875,7.267099857330322
2024-07-10,2381.831,3428.966,4844.162,4777.682,17471.67,198.3938,240.3746,386.6,85.35,561.1,5633.91015625,7.271699905395508
2024-07-11,2396.407,3468.169,4939.732,4893.594,17832.33,198.4669,240.4446,389.03,85.56,565.46,5584.5400390625,7.274499893188477
2024-07-12,2412.618,3472.401,4919.364,4878.02,18293.379,198.61,240.5176,388.03,85.21,568.54,5615.35009765625,7.254799842834473
2024-07-15,2420.521,3476.247,4883.897,4827.602,18015.939,198.7167,240.6261,386.38,84.93,568.34,5631.22021484375,7.2494001388549805
2024-07-16,2424.755,3498.283,4898.363,4836.718,17727.98,198.7801,240.6769,385.89,83.84,574.94,5667.2001953125,7.258900165557861
2024-07-17,2432.833,3501.584,4856.579,4795.624,17739.41,198.8363,240.7171,383.25,85.17,581.56,5588.27001953125,7.2606000900268555
2024-07-18,2444.509,3520.931,4877.692,4812.426,17778.41,198.7646,240.747,382.96,84.79,581.48,5544.58984375,7.259399890899658
2024-07-19,2456.79,3539.016,4872.053,4821.423,17417.68,198.8341,240.7845,383.24,82.62,565.94,5505.0,7.258900165557861
2024-07-22,2432.55,3514.925,4865.978,4826.871,17635.881,199.253,240.9183,381.18,82.26,565.4,5564.41015625,7.269000053405762
2024-07-23,2396.673,3439.878,4722.799,4694.953,17469.359,199.4855,241.0228,377.4,80.58,562.6,5555.740234375,7.27269983291626
2024-07-24,2390.954,3418.166,4668.062,4631.011,17311.049,199.5297,241.0978,373.46,80.65,569.64,5427.1298828125,7.2743000984191895
2024-07-25,2369.715,3399.272,4665.449,4632.567,17004.969,199.5969,241.2053,373.22,81.42,555.68,5399.22021484375,7.261199951171875
2024-07-26,2355.316,3409.293,4736.377,4702.08,17021.311,199.6106,241.2914,377.33,79.73,557.38,5459.10009765625,7.230100154876709
2024-07-29,2348.478,3390.742,4708.844,4685.646,17238.34,199.6722,241.4104,377.14,79.1,561.24,5463.5400390625,7.250100135803223
2024-07-30,2335.312,3369.382,4699.282,4702.491,17002.91,199.7645,241.5076,376.54,78.55,562.02,5436.43994140625,7.258299827575684
2024-07-31,2375.394,3442.084,4886.414,4889.081,17344.6,200.0366,241.5743,380.6,81.51,566.28,5522.2998046875,7.250699996948242
2024-08-01,2360.422,3419.267,4852.973,4878.289,17304.961,200.1922,241.6685,380.81,79.99,570.9,5446.68017578125,7.217199802398682
2024-08-02,2343.715,3384.392,4788.616,4809.889,16945.51,200.3791,241.745,379.71,77.56,574.04,5346.56005859375,7.242800235748291
2024-08-05,2328.922,3343.321,4693.848,4678.775,16698.359,200.499,241.8614,376.67,77.29,559.94,5186.330078125,7.157199859619141
2024-08-06,2313.336,3342.979,4750.776,4749.947,16647.34,200.3726,241.8391,377.25,76.11,554.18,5240.02978515625,7.120200157165527
2024-08-07,2314.426,3341.489,4751.941,4743.41,16877.859,200.5674,241.8707,377.61,78.55,556.06,5199.5,7.156300067901611
2024-08-08,2320.425,3342.937,4755.815,4739.493,16891.83,200.2929,241.8343,377.25,78.95,556.1,5319.31005859375,7.180300235748291
2024-08-09,2317.992,3331.627,4720.31,4702.745,17090.23,199.952,241.7071,377.01,79.46,560.7,5344.16015625,7.173699855804443
2024-08-12,2316.911,3325.865,4714.159,4674.102,17111.65,199.3751,241.4608,375.78,82.01,565.3,5344.39013671875,7.166299819946289
2024-08-13,2317.653,3334.39,4731.835,4697.586,17174.061,199.5886,241.4672,375.48,80.97,569.46,5434.43017578125,7.173999786376953
2024-08-14,2306.115,3309.239,4667.073,4649.278,17113.359,199.9066,241.6161,374.09,80.04,568.22,5455.2099609375,7.152900218963623
2024-08-15,2335.938,3341.953,4698.375,4691.85,17109.139,199.8091,241.6508,372.58,80.9,566.98,5543.22021484375,7.13730001449585
2024-08-16,2345.048,3345.634,4670.379,4655.651,17430.16,199.8607,241.6836,368.26,79.58,567.74,5554.25,7.173399925231934
2024-08-19,2357.031,3356.968,4682.963,4663.612,17569.57,199.9412,241.7159,369.79,77.71,573.7,5608.25,7.164000034332275
2024-08-20,2346.638,3332.703,4602.01,4579.304,17511.08,199.9789,241.6949,366.38,77.18,574.24,5597.1201171875,7.140500068664551
2024-08-21,2339.072,3321.635,4587.122,4548.264,17391.01,199.9035,241.6088,366.04,76.05,576.2,5620.85009765625,7.131999969482422
2024-08-22,2341.151,3313.136,4533.37,4491.839,17641.0,200.0971,241.5864,364.35,76.51,574.46,5570.64013671875,7.131800174713135
2024-08-23,2355.379,3327.191,4537.087,4495.344,17612.1,200.1829,241.5097,364.57,78.12,572.58,5634.60986328125,7.144400119781494
2024-08-26,2352.273,3324.223,4544.359,4512.893,17798.73,200.367,241.4193,367.49,80.2,576.2,5616.83984375,7.124000072479248
2024-08-27,2350.414,3305.334,4495.286,4459.68,17874.67,200.1142,241.192,366.42,78.95,575.94,5625.7998046875,7.118100166320801
2024-08-28,2336.148,3286.496,4500.009,4470.55,17692.449,200.1703,241.19,366.27,77.4,575.16,5592.18017578125,7.1230998039245605
2024-08-29,2317.664,3277.681,4557.901,4542.464,17786.32,200.2193,241.2478,367.86,78.76,575.06,5591.9599609375,7.124300003051758
2024-08-30,2335.215,3321.432,4639.114,4629.32,17989.07,200.1607,241.3008,371.29,77.03,574.06,5648.39990234375,7.0954999923706055
2024-09-02,2299.933,3265.011,4546.883,4532.515,17691.969,200.5738,241.4478,369.14,77.25,570.82,,7.092100143432617
2024-09-03,2291.178,3273.428,4596.482,4572.397,17651.49,200.7634,241.5302,369.65,73.68,572.12,5528.93017578125,7.116600036621094
2024-09-04,2271.807,3252.165,4582.084,4550.77,17457.34,200.9523,241.5965,369.83,72.73,568.22,5520.06982421875,7.1203999519348145
2024-09-05,2275.118,3257.758,4601.091,4586.781,17444.301,201.0762,241.661,372.17,72.83,572.04,5503.41015625,7.1118998527526855
2024-09-06,2263.563,3231.346,4537.454,4508.228,,201.1091,241.6867,371.11,71.52,573.68,5408.419921875,7.091300010681152
2024-09-09,2232.959,3192.952,4507.187,4475.532,17196.961,201.2707,241.7462,369.18,71.89,569.22,5471.0498046875,7.087900161743164
2024-09-10,2235.687,3195.755,4507.707,4487.576,17234.09,201.4737,241.7377,367.4,69.65,573.24,5495.52001953125,7.11359977722168
2024-09-11,2220.798,3186.13,4514.916,4486.007,17108.711,201.7054,241.7425,366.34,70.71,576.12,5554.1298828125,7.120800018310547
2024-09-12,2209.56,3172.475,4496.592,4468.744,17240.391,201.746,241.7509,365.98,71.65,575.22,5595.759765625,7.119699954986572
2024-09-13,2205.812,3159.247,4450.959,4413.187,17369.09,201.8307,241.7559,364.64,71.48,583.58,5626.02001953125,7.116600036621094
2024-09-14,,,,,,201.9584,241.82,,,,,
2024-09-16,,,,,17422.119,,,,72.37,,5633.08984375,7.092700004577637
2024-09-17,,,,,17660.02,,,,73.05,,5634.580078125,7.09250020980835
2024-09-18,2218.656,3171.01,4462.87,4399.133,,202.0034,241.895,363.31,72.15,582.98,5618.259765625,7.09250020980835
2024-09-19,2229.805,3196.036,4520.394,4482.275,18013.16,201.91,241.892,365.2,74.02,582.2,5713.64013671875,7.080999851226807
2024-09-20,2233.257,3201.05,4498.39,4463.356,18258.57,201.8935,241.8672,364.21,73.9,590.62,5702.5498046875,7.066999912261963
2024-09-23,2243.025,3212.764,4494.688,4469.133,18247.111,201.9864,241.8869,364.14,73.57,595.14,5718.56982421875,7.050899982452393
2024-09-24,2352.145,3351.909,4689.596,4642.558,19000.561,201.8245,241.8734,371.3,74.48,594.24,5732.93017578125,7.051300048828125
2024-09-25,2386.323,3401.533,4731.476,4686.258,19129.102,202.1236,241.9182,372.97,73.13,598.74,5722.259765625,7.030200004577637
2024-09-26,2498.18,3545.32,4938.184,4874.132,19924.58,202.0114,241.9271,378.76,70.89,599.9,5745.3701171875,7.032299995422363
2024-09-27,2571.085,3703.685,5201.666,5136.441,20632.301,200.9718,241.654,383.23,71.97,599.42,5738.169921875,7.008999824523926
2024-09-29,,,,,,200.0239,241.1247,,,,,
2024-09-30,2755.404,4017.855,5743.217,5708.826,21133.68,200.7013,240.9622,392.77,72.0,596.72,5762.47998046875,7.010300159454346
2024-10-01,,,,,,,,,74.47,,5708.75,7.017499923706055
2024-10-02,,,,,22443.73,,,,74.63,,5709.5400390625,7.030399799346924
2024-10-03,,,,,22113.51,,,,77.89,,5699.93994140625,7.037700176239014
2024-10-04,,,,,22736.871,,,,78.05,,5751.06982421875,7.045100212097168
2024-10-07,,,,,23099.779,,,,81.13,,5695.93994140625,7.017499923706055
2024-10-08,2853.138,4256.096,6155.582,6201.985,20926.791,200.3932,240.6649,401.63,77.44,596.22,5751.1298828125,7.019100189208984
2024-10-09,2680.715,3955.984,5735.641,5727.38,20637.24,200.5366,240.0961,386.58,76.76,588.56,5792.0400390625,7.057799816131592
2024-10-10,2739.051,3997.788,5690.882,5654.53,21251.98,201.048,240.2511,387.57,79.26,590.7,5780.0498046875,7.080100059509277
2024-10-11,2680.388,3887.167,5470.813,5416.758,,201.2536,240.638,383.03,78.82,597.38,5815.02978515625,7.080100059509277
2024-10-12,,,,,,201.2628,240.928,,,,,
2024-10-14,2723.183,3961.342,5608.153,5615.756,21092.871,201.3289,241.2729,388.89,75.07,603.3,5859.85009765625,7.065199851989746
2024-10-15,2655.116,3855.995,5472.56,5507.176,20318.791,201.3943,241.514,388.13,74.63,603.64,5815.259765625,7.087200164794922
2024-10-16,2650.176,3831.589,5461.088,5524.255,20286.85,201.4353,241.6228,390.28,74.44,611.98,5842.47021484375,7.117800235748291
2024-10-17,2610.467,3788.222,5418.988,5505.615,20079.102,201.6172,241.7228,390.05,74.43,614.26,5841.47021484375,7.1184000968933105
2024-10-18,2681.912,3925.234,5640.02,5749.434,20804.111,201.6765,241.7835,394.15,73.17,619.06,5864.669921875,7.123000144958496
2024-10-21,2681.057,3935.197,5704.225,5860.571,20478.461,201.5763,241.8245,396.86,74.07,625.82,5853.97998046875,7.100800037384033
2024-10-22,2692.661,3957.776,5753.85,5888.815,20498.951,201.4091,241.7635,397.61,75.56,626.5,5851.2001953125,7.118000030517578
2024-10-23,2708.046,3973.209,5776.383,5903.578,20760.15,201.1967,241.5525,399.13,75.16,629.96,5797.419921875,7.121699810028076
2024-10-24,2680.704,3928.833,5726.704,5861.632,20489.619,201.2139,241.5278,396.53,74.16,624.54,5809.85986328125,7.12529993057251
2024-10-25,2683.325,3956.421,5809.688,5974.909,20590.15,201.1819,241.4391,400.07,75.45,624.72,5808.1201171875,7.11870002746582
2024-10-28,2686.289,3964.157,5883.72,6082.088,20599.359,201.231,241.3883,401.36,71.56,626.58,5823.52001953125,7.120100021362305
2024-10-29,2667.939,3924.649,5812.529,5983.836,20701.139,201.2994,241.3426,398.42,70.98,631.8,5832.919921875,7.127500057220459
2024-10-30,2634.738,3889.449,5837.934,6019.347,20380.641,201.3515,241.3168,397.2,72.59,638.62,5813.669921875,7.130099773406982
2024-10-31,2633.117,3891.04,5901.29,6116.663,20317.33,201.4275,241.3222,398.75,74.0,635.66,5705.4501953125,7.114799976348877
2024-11-01,2651.535,3890.02,5831.822,5930.232,20506.43,201.6416,241.4342,397.9,72.93,629.72,5728.7998046875,7.118500232696533
2024-11-04,2675.771,3944.762,5928.909,6053.112,20567.52,201.7736,241.5391,400.36,75.21,625.38,5712.68994140625,7.121699810028076
2024-11-05,2727.667,4044.573,6111.971,6266.542,21006.969,201.8401,241.5732,404.0,75.44,625.02,5782.759765625,7.097799777984619
2024-11-06,2706.615,4024.283,6125.787,6293.193,20538.381,201.9384,241.6371,403.83,75.15,624.06,5929.0400390625,7.102200031280518
2024-11-07,2797.86,4145.695,6239.56,6403.918,20953.34,202.0484,241.7285,407.11,75.55,611.32,5973.10009765625,7.1768999099731445
2024-11-08,2765.539,4104.047,6222.445,6423.122,20728.189,202.1689,241.7899,406.49,73.89,615.48,5995.5400390625,7.141200065612793
2024-11-11,2753.745,4131.131,6330.615,6579.005,20426.93,202.2633,241.9028,410.51,71.89,615.78,6001.35009765625,7.178199768066406
2024-11-12,2712.265,4085.743,6263.883,6491.972,19846.881,202.4841,241.9988,408.82,71.72,605.66,5983.990234375,7.211100101470947
2024-11-13,2728.229,4110.89,6259.841,6474.394,19823.449,202.5047,242.0696,408.84,71.98,604.46,5985.3798828125,7.231599807739258
2024-11-14,2704.152,4039.619,6078.305,6272.191,19435.811,202.5451,242.1069,405.1,72.38,593.1,5949.169921875,7.223499774932861
2024-11-15,2671.452,3968.831,5924.483,6125.513,19426.34,202.6198,242.1791,402.79,71.04,593.3,5870.6201171875,7.2291998863220215
2024-11-18,2678.274,3950.381,5833.036,5974.558,19576.609,202.5101,242.2256,400.27,73.12,600.6,5893.6201171875,7.230999946594238
2024-11-19,2671.189,3976.891,5936.602,6130.285,19663.67,202.5763,242.267,402.83,73.3,609.84,5916.97998046875,7.235400199890137
2024-11-20,2676.207,3985.773,5992.39,6250.803,19705.01,202.6351,242.3042,405.25,73.06,610.6,5917.10986328125,7.238100051879883
2024-11-21,2680.798,3989.298,5985.313,6262.164,19601.111,202.7774,242.3527,405.81,73.85,617.7,5948.7099609375,7.24399995803833
2024-11-22,2601.557,3865.699,5750.246,6030.488,19229.969,202.8106,242.4306,402.4,74.65,627.88,5969.33984375,7.233699798583984
2024-11-25,2582.054,3848.091,5735.649,6052.129,19150.99,202.9359,242.5505,402.35,72.54,619.16,5987.3701171875,7.242000102996826
2024-11-26,2592.737,3840.185,5690.479,5981.57,19159.199,202.9588,242.6354,401.84,72.38,610.84,6021.6298828125,7.239500045776367
2024-11-27,2625.761,3907.045,5804.937,6118.664,19603.129,202.9804,242.7217,404.78,72.37,616.46,5998.740234375,7.251999855041504
2024-11-28,2610.121,3872.551,5757.597,6086.085,19366.961,203.0794,242.7921,405.65,72.68,613.2,,7.246200084686279
2024-11-29,2624.956,3916.583,5851.939,6189.128,19423.609,203.2532,242.9256,408.45,72.07,618.8,6032.3798828125,7.2428998947143555
2024-12-02,2639.041,3947.632,5943.625,6313.608,19550.289,203.7359,243.2341,410.42,71.91,613.28,6047.14990234375,7.240699768066406
2024-12-03,2652.898,3951.891,5932.121,6303.276,19746.32,203.7272,243.3283,410.94,73.67,619.32,6049.8798828125,7.270899772644043
2024-12-04,2648.755,3930.557,5879.27,6204.945,19742.461,203.9431,243.4692,408.91,72.49,618.22,6086.490234375,7.28380012512207
2024-12-05,2635.562,3921.588,5901.986,6285.601,19560.439,203.9629,243.56,410.49,72.17,618.4,6075.10986328125,7.263000011444092
2024-12-06,2665.428,3973.141,5979.197,6349.621,19865.85,204.0028,243.6287,412.64,71.05,615.94,6090.27001953125,7.259200096130371
2024-12-09,2667.592,3966.571,5947.109,6303.272,20414.09,204.1295,243.717,413.12,71.89,619.12,6052.85009765625,7.2692999839782715
2024-12-10,2689.329,3995.637,5992.094,6362.02,20311.279,204.7427,243.9393,415.92,71.99,621.44,6034.91015625,7.259500026702881
2024-12-11,2676.552,3988.831,6047.105,6447.374,20155.049,204.8488,243.9671,419.39,73.62,627.06,6084.18994140625,7.248700141906738
2024-12-12,2702.268,4028.505,6100.395,6490.146,20397.049,205.157,244.0169,422.34,73.31,631.38,6051.25,7.261099815368652
2024-12-13,2638.027,3933.181,5988.292,6354.988,19971.24,205.6272,244.1718,419.97,74.35,625.6,6051.08984375,7.267600059509277
2024-12-16,2641.56,3911.842,5912.601,6277.516,19795.49,205.9594,244.3301,416.46,73.89,619.72,6074.080078125,7.275100231170654
2024-12-17,2652.346,3922.033,5848.163,6143.944,19700.48,205.7908,244.311,413.59,73.31,619.14,6050.60986328125,7.282400131225586
2024-12-18,2671.346,3941.89,5888.616,6195.868,19864.551,205.7511,244.2685,415.4,72.98,618.5,5872.16015625,7.284599781036377
2024-12-19,2661.722,3945.464,5901.916,6207.186,19752.51,205.8075,244.2292,414.74,72.26,613.52,5867.080078125,7.285399913787842
2024-12-20,2648.461,3927.744,5917.175,6271.753,19720.701,206.3209,244.3167,416.61,72.48,613.94,5930.85009765625,7.295400142669678
2024-12-23,2671.203,3933.572,5818.551,6096.381,19883.129,206.4,244.4073,414.43,72.64,620.14,5974.06982421875,7.295400142669678
2024-12-24,2702.282,3983.688,5895.26,6164.361,20098.289,206.2119,244.3702,416.19,73.21,617.58,6040.0400390625,7.296999931335449
2024-12-25,2710.165,3985.629,5840.289,6094.687,,205.9963,244.3384,415.15,,619.0,,7.294600009918213
2024-12-26,2702.595,3987.48,5887.061,6160.452,,205.9754,244.3236,416.26,72.87,619.74,6037.58984375,7.2972002029418945
2024-12-27,2701.703,3981.031,5899.167,6171.565,20090.461,206.2648,244.4174,417.25,73.52,620.22,5970.83984375,7.297299861907959
2024-12-30,2718.749,3999.055,5898.884,6145.928,20041.42,206.1373,244.4744,417.64,74.11,617.66,5906.93994140625,7.297800064086914
2024-12-31,2684.771,3934.911,5725.732,5957.717,20059.951,206.3462,244.5996,414.56,74.83,619.44,5881.6298828125,7.298099994659424
2025-01-02,2610.342,3820.395,5545.817,5797.089,19623.32,206.6828,244.8219,411.55,75.9,624.14,5868.5498046875,7.298099994659424
2025-01-03,2587.132,3775.165,5427.804,5625.209,19760.27,207.1554,244.9665,410.16,76.67,629.22,5942.47021484375,7.298600196838379
2025-01-06,2579.963,3768.97,5427.101,5608.034,19688.289,207.1902,245.0846,409.13,76.29,626.2,5975.3798828125,7.3196001052856445
2025-01-07,2593.965,3796.106,5484.685,5692.041,19447.58,207.0733,245.0916,412.35,77.26,626.2,5909.02978515625,7.322299957275391
2025-01-08,2597.446,3789.215,5461.586,5661.779,19279.84,207.0493,245.1223,412.14,76.16,629.2,5918.25,7.326399803161621
2025-01-09,2579.575,3779.877,5456.586,5672.78,19240.889,206.691,245.0873,413.14,77.16,632.9,,7.331500053405762
2025-01-10,2560.25,3732.481,5369.281,5544.916,19064.289,206.622,245.0148,412.0,79.79,636.88,5827.0400390625,7.332099914550781
2025-01-13,2553.359,3722.513,5381.697,5559.473,18874.141,206.3626,244.958,411.36,80.9,638.72,5836.22021484375,7.331699848175049
2025-01-14,2598.807,3820.54,5572.272,5811.055,19219.779,206.6067,244.9107,415.66,80.24,633.6,5842.91015625,7.329800128936768
2025-01-15,2591.503,3796.026,5522.459,5775.571,19286.07,206.7579,244.9319,416.56,82.42,636.84,5949.91015625,7.330900192260742
2025-01-16,2580.118,3800.384,5545.634,5801.305,19522.889,206.6359,244.8344,416.08,81.31,639.12,5937.33984375,7.330100059509277
2025-01-17,2582.486,3812.343,5587.294,5841.572,19584.061,206.5458,244.7801,417.39,80.75,640.68,5996.66015625,7.330999851226807
2025-01-20,2589.069,3829.676,5614.331,5879.15,19925.811,206.4453,244.7549,419.18,79.77,639.8,,7.323999881744385
2025-01-21,2584.889,3832.615,5633.925,5908.023,20106.551,206.5426,244.754,420.4,79.35,639.78,6049.240234375,7.313300132751465
2025-01-22,2551.354,3797.017,5607.059,5855.739,19778.77,206.6304,244.8002,419.75,78.12,645.46,6086.3701171875,7.271200180053711
2025-01-23,2567.477,3803.744,5584.255,5829.033,19700.561,206.4244,244.7651,419.68,77.15,646.2,6118.7099609375,7.271200180053711
2025-01-24,2579.096,3832.864,5649.95,5938.13,20066.189,206.2778,244.7174,421.82,77.43,648.9,6101.240234375,7.286200046539307
2025-01-26,,,,,,206.3466,244.7635,,,,,
2025-01-27,2583.652,3817.08,5589.343,5846.069,20197.77,206.7228,244.9021,420.1,76.22,647.54,6012.27978515625,7.243100166320801
2025-01-28,,,,,20225.111,,,,76.56,,6067.7001953125,7.250699996948242
2025-01-29,,,,,,,,,75.91,,6039.31005859375,7.250199794769287
2025-01-30,,,,,,,,,76.06,,6071.169921875,7.169000148773193
2025-01-31,,,,,,,,,76.31,,6040.52978515625,7.1809000968933105
2025-02-03,,,,,20217.262,,,,75.45,,5994.56982421875,7.185800075531006
2025-02-04,,,,,20789.961,,,,76.03,,6037.8798828125,7.195000171661377
2025-02-05,2561.942,3795.085,5614.387,5881.437,20597.09,206.9231,245.0706,421.36,74.64,670.64,6061.47998046875,7.1819000244140625
2025-02-06,2580.426,3842.831,5747.901,6041.834,20891.619,207.0937,245.1793,424.67,74.27,668.46,6083.56982421875,7.270500183105469
2025-02-07,2608.089,3892.703,5833.988,6134.055,21133.539,207.0898,245.266,426.97,74.69,669.9,6025.990234375,7.287799835205078
2025-02-08,,,,,,207.0691,245.2945,,,,,
2025-02-10,2621.04,3901.062,5888.551,6210.547,21521.98,206.8188,245.2744,427.84,76.09,679.08,6066.43994140625,7.286799907684326
2025-02-11,2614.322,3883.135,5858.281,6190.174,21294.861,206.7853,245.2648,426.59,76.8,685.74,6068.5,7.304500102996826
2025-02-12,2640.046,3919.862,5940.53,6284.611,21857.92,206.7978,245.2875,428.5,74.93,681.22,6051.97021484375,7.307199954986572
2025-02-13,2641.131,3905.14,5898.261,6212.497,21814.369,206.6717,245.3133,427.66,75.26,684.56,6115.06982421875,7.308800220489502
2025-02-14,2660.855,3939.009,5947.796,6248.835,22620.33,206.3912,245.2498,428.06,74.6,688.4,6114.6298828125,7.28879976272583
2025-02-17,2664.475,3947.398,5948.72,6281.566,22616.23,206.1894,245.2124,428.4,75.3,677.1,,7.252999782562256
2025-02-18,2651.112,3912.783,5840.711,6142.138,22976.811,205.8537,245.0869,425.97,75.76,682.82,6129.580078125,7.252999782562256
2025-02-19,2663.603,3940.16,5943.882,6288.529,22944.24,205.9716,245.0859,430.01,76.11,687.8,6144.14990234375,7.278600215911865
2025-02-20,2648.167,3928.896,5957.547,6334.414,22576.979,205.7515,244.9925,431.03,76.22,690.0,6117.52001953125,7.283299922943115
2025-02-21,2682.239,3978.444,6057.065,6449.228,23477.92,205.3889,244.8369,433.73,73.8,684.44,6013.1298828125,7.255499839782715
2025-02-24,2674.117,3969.717,6044.973,6464.024,23341.609,205.0777,244.667,433.21,74.44,685.98,5983.25,7.25
2025-02-25,2643.233,3925.651,5979.965,6435.428,23034.02,205.1365,244.5365,433.33,72.55,685.58,5955.25,7.247600078582764
2025-02-26,2666.656,3959.941,6051.74,6524.406,23787.93,205.3125,244.5541,436.85,72.31,679.42,5956.06005859375,7.247600078582764
2025-02-27,2679.077,3968.116,6028.986,6499.53,23718.289,205.1414,244.4612,435.69,73.4,678.52,5861.56982421875,7.257999897003174
2025-02-28,2638.957,3890.049,5859.871,6270.419,22941.32,205.2419,244.411,429.87,73.08,673.48,5954.5,7.285299777984619
2025-03-03,2628.524,3888.474,5885.77,6273.67,23006.27,205.6484,244.4792,427.85,71.43,673.98,5849.72021484375,7.282800197601318
2025-03-04,2621.217,3885.221,5937.63,6357.628,22941.77,205.7005,244.5389,429.55,71.08,678.38,5778.14990234375,7.284299850463867
2025-03-05,2641.446,3902.571,5950.703,6398.237,23594.209,205.6914,244.571,431.17,69.32,683.9,5842.6298828125,7.265100002288818
2025-03-06,2683.949,3956.237,6047.773,6534.971,24369.711,205.4107,244.5541,435.25,69.42,682.4,5738.52001953125,7.2505998611450195
2025-03-07,2682.016,3944.014,6013.775,6507.765,24231.299,204.7596,244.3314,435.85,70.41,681.24,5770.2001953125,7.2505998611450195
2025-03-10,2668.806,3928.802,6013.619,6520.973,23783.49,204.6824,244.2804,436.66,69.14,683.04,5614.56005859375,7.234000205993652
2025-03-11,2682.223,3941.416,6044.974,6551.734,23782.141,204.152,244.1278,435.22,69.92,679.08,5572.06982421875,7.259099960327148
2025-03-12,2669.015,3927.232,6040.497,6566.968,23600.311,204.5288,244.1469,435.56,70.89,681.12,5599.2998046875,7.259099960327148
2025-03-13,2664.617,3911.579,5993.967,6466.851,23462.65,204.5886,244.2781,433.29,70.15,686.18,5521.52001953125,7.237100124359131
2025-03-14,2740.507,4006.557,6099.981,6571.171,23959.98,204.6478,244.3565,436.48,70.58,696.7,5638.93994140625,7.237100124359131
2025-03-17,2737.923,3996.788,6108.018,6589.566,24145.57,204.2565,244.343,437.77,70.92,697.64,5675.1201171875,7.237100124359131
2025-03-18,2739.745,4007.723,6133.302,6611.926,24740.57,204.3314,244.4048,437.97,70.4,702.38,5614.66015625,7.232699871063232
2025-03-19,2746.963,4010.168,6101.437,6564.677,24771.139,204.3158,244.4972,435.71,70.37,709.18,5675.2900390625,7.22730016708374
2025-03-20,2718.186,3974.992,6059.486,6535.062,24219.951,204.5842,244.6549,434.62,71.7,710.5,5662.89013671875,7.230000019073486
2025-03-21,2675.358,3914.696,5971.93,6405.611,23689.721,204.5739,244.7792,430.48,71.57,706.96,5667.56005859375,7.247700214385986
2025-03-24,2693.331,3934.849,5969.079,6360.341,23905.561,204.5379,244.9091,428.6,72.43,707.14,5767.56982421875,7.248499870300293
2025-03-25,2691.898,3932.295,5946.951,6310.764,23344.25,204.7917,245.032,429.82,72.49,706.76,5776.64990234375,7.252999782562256
2025-03-26,2677.312,3919.357,5948.499,6334.908,23483.32,204.9403,245.1178,431.38,73.29,709.02,5712.2001953125,7.256899833679199
2025-03-27,2690.843,3932.412,5957.602,6328.767,23578.801,205.0217,245.194,431.28,73.34,710.3,5693.31005859375,7.256899833679199
2025-03-28,2679.74,3915.166,5916.031,6268.321,23426.6,205.0598,245.2525,429.63,72.41,722.8,5580.93994140625,7.263299942016602
2025-03-31,2665.634,3887.306,5857.772,6226.649,23119.58,205.0519,245.3211,427.52,74.67,729.8,5611.85009765625,7.262800216674805
2025-04-01,2662.711,3887.684,5892.85,6259.484,23206.84,205.04,245.351,428.98,74.46,736.3,5633.06982421875,7.256700038909912
2025-04-02,2658.621,3884.386,5899.087,6277.253,23202.529,205.2073,245.4184,429.82,73.4,733.6,5670.97021484375,7.269700050354004
2025-04-03,2662.252,3861.503,5845.505,6203.257,22849.811,206.0441,245.6849,428.21,69.82,739.04,5396.52001953125,7.267499923706055
2025-04-04,,,,,,,,,65.95,,5074.080078125,7.267499923706055
2025-04-07,2516.965,3589.441,5287.033,5496.443,19828.301,206.7581,246.0683,410.86,64.26,718.18,5062.25,7.281300067901611
2025-04-08,2574.353,3650.759,5326.914,5530.019,20127.68,206.4623,246.042,414.83,61.61,719.22,4982.77001953125,7.30810022354126
2025-04-09,2597.102,3686.794,5439.772,5652.33,20264.49,206.6106,246.0379,418.29,65.69,728.14,5456.89990234375,7.338799953460693
2025-04-10,2612.619,3735.115,5544.065,5784.585,20681.779,206.7569,246.0186,422.13,63.4,744.48,5268.0498046875,7.349999904632568
2025-04-11,2619.576,3750.517,5581.318,5862.188,20914.689,206.9082,246.0452,420.91,64.59,757.3,5363.35986328125,7.314000129699707
2025-04-14,2628.206,3759.142,5627.138,5938.526,21417.4,206.808,246.08,421.67,64.82,763.64,5405.97021484375,7.291600227355957
2025-04-15,2634.593,3761.235,5602.534,5914.029,21466.27,206.8145,246.0856,420.0,64.85,764.44,5396.6298828125,7.3119001388549805
2025-04-16,2658.496,3772.82,5556.864,5835.348,21056.979,206.9506,246.0947,417.68,65.95,781.6,5275.7001953125,7.3119001388549805
2025-04-17,2659.896,3772.222,5557.011,5839.564,21395.139,206.9075,246.0925,418.48,67.82,789.22,5282.7001953125,7.3119001388549805
2025-04-18,2657.637,3772.523,5560.721,5831.687,,206.8469,246.0893,418.46,,791.02,,
2025-04-21,2652.81,3784.881,5642.381,5952.637,,206.7317,246.0911,420.16,66.49,805.06,5158.2001953125,
2025-04-22,2656.539,3783.952,5624.209,5949.312,21562.32,206.7866,246.0974,421.21,66.83,831.42,5287.759765625,7.298999786376953
2025-04-23,2648.83,3786.882,5634.949,5984.583,22072.621,206.6458,246.0391,422.78,65.18,784.28,5375.85986328125,7.311800003051758
2025-04-24,2655.364,3784.357,5605.88,5920.478,21909.76,206.6285,246.0199,421.49,65.58,792.2,5484.77001953125,7.285999774932861
2025-04-25,2648.81,3786.994,5627.18,5939.502,21980.738,206.6223,246.01,422.21,65.82,787.2,5525.2099609375,7.285999774932861
2025-04-27,,,,,,206.6393,246.0599,,,,,
2025-04-28,2651.225,3781.619,5598.295,5877.057,21971.961,206.7355,246.0604,419.91,64.53,780.04,5528.75,7.286399841308594
2025-04-29,2645.512,3775.077,5604.906,5903.381,22008.111,206.8815,246.1145,421.3,63.0,785.14,5560.830078125,7.294000148773193
2025-04-30,2633.16,3770.571,5631.825,5950.117,22119.41,206.9668,246.1687,421.92,61.01,782.38,5569.06005859375,7.269000053405762
2025-05-01,,,,,,,,,61.88,,5604.14013671875,7.270599842071533
2025-05-02,,,,,22504.68,,,,61.17,,5686.669921875,7.270599842071533
2025-05-05,,,,,,,,,60.26,,5650.3798828125,7.270599842071533
2025-05-06,2647.717,3808.542,5740.334,6102.922,22662.711,207.0462,246.2768,425.39,62.04,797.2,5606.91015625,7.269999980926514
2025-05-07,2670.702,3831.627,5750.291,6111.495,22691.881,207.0408,246.3169,425.4,60.95,803.5,5631.27978515625,7.216300010681152
2025-05-08,2679.509,3852.896,5773.806,6158.077,22775.92,207.218,246.4401,427.93,63.2,790.78,5663.93994140625,7.225200176239014
2025-05-09,2684.006,3846.157,5721.723,6082.082,22867.74,207.2701,246.5568,427.47,63.88,788.42,5659.91015625,7.225200176239014
2025-05-12,2702.617,3890.61,5793.674,6167.461,23549.459,206.8915,246.597,430.05,64.95,772.28,5844.18994140625,7.236299991607666
2025-05-13,2708.059,3896.258,5781.668,6151.01,23108.27,206.9416,246.6551,430.55,66.56,767.68,5886.5498046875,7.2017998695373535
2025-05-14,2753.785,3943.211,5799.119,6160.37,23640.65,206.8488,246.7132,430.51,65.85,761.72,5892.580078125,7.205699920654297
2025-05-15,2740.298,3907.199,5715.297,6057.036,23453.16,206.7442,246.7707,428.64,64.54,739.82,5916.93017578125,7.205699920654297
2025-05-16,2716.662,3889.085,5715.849,6068.117,23345.049,206.5884,246.7639,428.83,65.32,751.8,5958.3798828125,7.206500053405762
2025-05-19,2705.088,3877.145,5720.795,6095.337,23332.721,206.7604,246.8326,429.41,65.48,755.86,5963.60009765625,7.209000110626221
2025-05-20,2716.629,3898.171,5747.367,6146.017,23681.48,206.8225,246.9178,430.52,65.58,754.38,5940.4599609375,7.209000110626221
2025-05-21,2728.426,3916.381,5757.923,6132.181,23827.779,206.793,246.9655,431.06,64.58,778.78,5844.60986328125,7.219399929046631
2025-05-22,2733.632,3913.865,5703.28,6066.103,23544.311,206.838,247.035,429.67,63.48,780.1,5842.009765625,7.201900005340576
2025-05-23,2711.852,3882.274,5653.044,5989.675,23601.262,206.8346,247.0885,428.34,64.38,780.1,5802.81982421875,7.203700065612793
2025-05-26,2699.423,3860.107,5669.461,6028.786,23282.33,206.9445,247.1746,427.33,64.17,777.3,,7.203700065612793
2025-05-27,2685.281,3839.397,5652.145,6008.46,23381.99,206.8934,247.2048,426.29,63.72,771.6,5921.5400390625,7.203700065612793
2025-05-28,2683.063,3836.237,5637.238,5984.456,23258.311,206.8399,247.1931,426.58,64.23,772.28,5888.5498046875,7.203700065612793
2025-05-29,2690.893,3858.7,5719.91,6089.578,23573.379,206.6404,247.1233,429.05,63.35,764.32,5912.169921875,7.203700065612793
2025-05-30,2678.696,3840.232,5671.072,6026.56,23289.77,206.8244,247.1759,429.31,62.6,771.8,5911.68994140625,7.203700065612793
2025-06-02,,,,,23157.969,,,,65.11,,5935.93994140625,7.203700065612793
2025-06-03,2687.296,3852.013,5694.839,6070.037,23512.49,206.8403,247.2474,430.56,65.6,783.1,5970.3701171875,7.203700065612793
2025-06-04,2690.824,3868.743,5739.006,6123.172,23654.031,206.9061,247.2534,432.68,64.88,782.42,5970.81005859375,7.203700065612793
2025-06-05,2692.129,3877.556,5769.968,6167.015,23906.969,207.0307,247.274,433.42,65.21,783.72,5939.2998046875,7.203700065612793
2025-06-06,2688.85,3873.984,5762.078,6152.845,23792.541,207.2003,247.3142,433.92,66.59,783.24,6000.35986328125,7.175000190734863
2025-06-09,2686.828,3885.246,5805.654,6218.964,24181.43,207.3107,247.4036,435.66,67.13,774.72,6005.8798828125,7.188600063323975
2025-06-10,2676.401,3865.465,5757.992,6161.692,24162.871,207.3323,247.4468,434.44,66.6,775.06,6038.81005859375,7.180200099945068
2025-06-11,2692.137,3894.625,5792.946,6186.512,24366.941,207.3809,247.4906,435.8,70.78,777.54,6022.240234375,7.180200099945068
2025-06-12,2691.275,3892.199,5799.932,6192.22,24035.379,207.3844,247.5217,435.99,70.35,785.16,6045.259765625,7.192800045013428
2025-06-13,2676.433,3864.182,5740.24,6106.008,23892.561,207.3749,247.5558,433.84,75.0,794.36,5976.97021484375,7.192800045013428
2025-06-16,2685.009,3873.795,5767.808,6147.46,24060.99,207.4404,247.6265,434.92,72.53,792.3,6033.10986328125,7.181000232696533
2025-06-17,2683.953,3870.379,5750.912,6141.468,23980.301,207.5621,247.668,435.22,77.13,785.08,5982.72021484375,7.178999900817871
2025-06-18,2679.922,3874.971,5745.871,6135.386,23710.689,207.6329,247.7271,435.26,76.09,785.42,5980.8701171875,7.184500217437744
2025-06-19,2665.52,3843.091,5676.832,6048.224,23237.74,207.6574,247.7789,433.14,76.99,781.24,,7.188799858093262
2025-06-20,2673.719,3846.644,5639.513,5999.591,23530.48,207.6844,247.8235,433.09,75.78,778.58,5967.83984375,7.188000202178955
2025-06-23,2684.776,3857.902,5674.17,6078.222,23689.129,207.7065,247.894,434.97,69.76,781.3,6025.169921875,7.188000202178955
2025-06-24,2715.922,3904.034,5765.837,6194.666,24177.07,207.6278,247.8809,437.96,66.81,771.86,6092.18017578125,7.178999900817871
2025-06-25,2747.728,3960.066,5862.553,6276.163,24474.67,207.6054,247.8669,441.46,66.45,773.94,6092.16015625,7.171299934387207
2025-06-26,2738.466,3946.02,5838.245,6247.791,24325.4,207.577,247.8348,441.18,66.69,775.28,6141.02001953125,7.176400184631348
2025-06-27,2707.569,3921.758,5863.728,6276.937,24284.15,207.6495,247.8563,442.11,66.33,768.64,6173.06982421875,7.167500019073486
2025-06-30,2711.985,3936.079,5915.388,6356.181,24072.279,207.6203,247.9059,443.65,66.63,767.58,6204.9501953125,7.172100067138672
2025-07-01,2717.713,3942.762,5934.67,6373.768,,207.6718,247.9625,445.78,67.18,776.1,6198.009765625,7.163599967956543
2025-07-02,2722.552,3943.685,5892.951,6309.484,24221.41,207.8251,248.0336,444.34,69.15,776.04,6227.419921875,7.1645002365112305
2025-07-03,2724.549,3968.068,5922.66,6342.638,24069.939,207.8869,248.1304,446.81,68.83,781.28,6279.35009765625,7.164899826049805
2025-07-04,2740.444,3982.203,5911.435,6312.197,23916.061,207.9216,248.2249,447.46,68.49,777.06,,7.164899826049805
2025-07-07,2731.532,3965.175,5900.406,6327.139,23887.83,207.9577,248.302,446.59,69.59,771.3,6229.97998046875,7.164899826049805
2025-07-08,2747.188,3998.453,5977.744,6407.698,24148.07,207.87,248.2986,450.01,70.0,776.22,6225.52001953125,7.1743998527526855
2025-07-09,2739.92,3991.401,5953.487,6390.466,23892.32,207.8329,248.3113,448.89,70.14,766.82,6263.259765625,7.173799991607666
2025-07-10,2756.935,4010.024,5983.051,6406.568,24028.369,207.7406,248.2861,450.71,68.85,773.3,6280.4599609375,7.179999828338623
2025-07-11,2756.773,4014.807,6027.079,6461.1,24139.57,207.5936,248.2427,450.85,70.63,773.56,6259.75,7.174799919128418
2025-07-14,2757.808,4017.668,6020.859,6462.305,24203.32,207.523,248.2431,448.94,69.1,781.4,6268.56005859375,7.168099880218506
2025-07-15,2747.227,4019.064,6018.758,6442.834,24590.119,207.7181,248.2966,447.32,68.83,780.4,6243.759765625,7.166999816894531
2025-07-16,2740.901,4007.202,6017.195,6462.063,24517.76,207.754,248.3534,449.04,68.7,776.66,6263.7001953125,7.172900199890137
2025-07-17,2744.26,4034.491,6082.464,6535.671,24498.951,207.77,248.4031,452.81,69.61,776.28,6297.35986328125,7.178500175476074
2025-07-18,2764.516,4058.549,6099.61,6552.074,24825.66,207.7333,248.4435,453.86,69.23,777.02,6296.7900390625,7.183199882507324
2025-07-21,2772.239,4085.607,6161.309,6612.259,24994.141,207.6386,248.4265,457.41,69.08,781.7,6305.60009765625,7.177700042724609
2025-07-22,2792.182,4118.958,6213.407,6637.104,25130.031,207.611,248.408,459.59,67.79,784.84,6309.6201171875,7.17549991607666
2025-07-23,2801.2,4119.769,6196.758,6607.22,25538.07,207.3366,248.2978,459.42,67.94,792.9,6358.91015625,7.174300193786621
2025-07-24,2812.443,4149.037,6293.598,6701.12,25667.182,207.143,248.1378,463.04,68.53,778.74,6363.35009765625,7.1595001220703125
2025-07-25,2795.513,4127.163,6299.591,6706.61,25388.35,207.0712,248.0641,463.57,67.59,777.32,6388.64013671875,7.153500080108643
2025-07-28,2802.767,4135.824,6323.42,6729.979,25562.129,207.2458,248.1485,460.34,69.57,774.78,6389.77001953125,7.153500080108643
2025-07-29,2808.592,4152.025,6356.133,6773.884,25524.449,207.0749,248.0764,461.0,71.78,771.44,6370.85986328125,7.177800178527832
2025-07-30,2819.351,4151.238,6314.687,6718.482,25176.93,207.1253,248.0961,460.63,72.75,773.78,6362.89990234375,7.176400184631348
2025-07-31,2775.994,4075.591,6226.343,6661.186,24773.33,207.3646,248.2038,456.39,71.76,770.28,6339.39013671875,7.176400184631348
2025-08-01,2754.13,4054.929,6213.201,6670.472,24507.811,207.4044,248.2789,457.23,69.5,770.72,6238.009765625,7.200200080871582
2025-08-04,2769.393,4070.702,6261.731,6739.694,24733.449,207.5037,248.349,461.34,68.62,781.42,6329.93994140625,7.211599826812744
2025-08-05,2790.729,4103.45,6303.236,6787.481,24902.529,207.4953,248.4101,465.12,67.68,782.5,6299.18994140625,7.177999973297119
2025-08-06,2797.423,4113.485,6357.377,6861.309,24910.631,207.5849,248.4772,467.84,66.9,783.68,6345.06005859375,7.1834001541137695
2025-08-07,2798.311,4114.666,6337.543,6862.15,25081.631,207.7166,248.5107,467.39,66.33,785.02,6340.0,7.182799816131592
2025-08-08,2789.174,4104.967,6323.5,6838.13,24858.818,207.7366,248.5213,467.77,66.1,787.8,6389.4501953125,7.181000232696533
2025-08-11,2789.896,4122.511,6391.76,6943.937,24906.811,207.6385,248.5252,470.91,66.67,779.48,6373.4501953125,7.181000232696533
2025-08-12,2807.012,4143.825,6418.16,6963.611,24969.68,207.5108,248.4664,469.73,66.1,776.04,6445.759765625,7.187699794769287
2025-08-13,2812.98,4176.578,6508.098,7064.334,25613.67,207.5458,248.4557,472.93,65.75,777.72,6466.580078125,7.178500175476074
2025-08-14,2829.47,4173.313,6429.846,6976.488,25519.32,207.5204,248.4231,471.01,66.83,778.7,6468.5400390625,7.174300193786621
2025-08-15,2832.876,4202.353,6568.57,7117.501,25270.07,207.4645,248.3987,475.25,66.05,775.8,6449.7998046875,7.179500102996826
2025-08-18,2838.873,4239.413,6668.173,7237.602,25176.85,207.1099,248.2199,479.62,66.45,777.66,6449.14990234375,7.181700229644775
2025-08-19,2812.423,4223.374,6655.311,7242.849,25122.898,207.0677,248.1534,480.39,65.92,775.06,6411.3701171875,7.184599876403809
2025-08-20,2846.991,4271.396,6728.069,7305.461,25165.939,207.0445,248.1447,482.1,67.01,772.68,6395.77978515625,7.1819000244140625
2025-08-21,2862.176,4288.071,6704.166,7253.343,25104.609,207.0126,248.1275,484.13,67.03,775.12,6370.169921875,7.1757001876831055
2025-08-22,2928.614,4377.998,6822.847,7362.94,25339.139,207.0378,248.1299,488.72,67.26,773.4,6466.91015625,7.179900169372559
2025-08-25,2989.855,4469.222,6951.896,7477.728,25829.91,207.1237,248.1873,490.98,68.18,779.18,6439.31982421875,7.167500019073486
2025-08-26,2969.776,4452.591,6964.065,7476.467,25524.92,207.2035,248.2176,490.76,66.67,781.12,6465.93994140625,7.151000022888184
2025-08-27,2918.379,4386.127,6862.562,7336.504,25201.76,207.2108,248.2498,476.94,67.19,781.16,6481.39990234375,7.1519999504089355
2025-08-28,2960.727,4463.782,7011.16,7447.11,24998.818,207.1311,248.2577,477.84,67.61,783.22,6501.85986328125,7.1529998779296875
2025-08-29,2976.473,4496.759,7043.942,7438.677,25077.619,207.1349,248.2698,476.11,67.4,787.42,6460.259765625,7.1529998779296875
2025-09-01,2981.202,4523.711,7110.288,7501.148,25617.42,207.2649,248.3216,472.67,68.16,802.2,,7.13040018081665
2025-09-02,2992.881,4490.453,6961.689,7313.882,25496.551,207.3381,248.3264,468.53,69.07,806.18,6415.5400390625,7.13040018081665
2025-09-03,2960.993,4459.83,6868.462,7206.876,25343.43,207.5184,248.3811,469.74,67.39,816.66,6448.259765625,7.138999938964844
2025-09-04,2910.47,4365.209,6698.447,7041.154,25058.51,207.6592,248.4539,468.84,66.8,814.92,6502.080078125,7.14139986038208
2025-09-05,2942.216,4460.325,6913.953,7245.667,25417.98,207.4471,248.4486,479.0,65.55,817.52,6481.5,7.14139986038208
2025-09-08,2939.882,4467.573,6992.117,7311.034,25633.91,207.2852,248.4444,482.04,66.21,825.18,6495.14990234375,7.132500171661377
2025-09-09,2928.632,4436.258,6928.965,7226.028,25938.129,207.2748,248.4297,477.41,66.54,837.1,6512.60986328125,7.129300117492676
2025-09-10,2939.591,4445.365,6932.109,7230.168,26200.26,207.1255,248.3616,474.4,67.57,836.06,6532.0400390625,7.1209001541137695
2025-09-11,2983.083,4548.035,7122.705,7399.885,26086.32,207.1795,248.3193,480.25,66.28,832.84,6587.47021484375,7.120699882507324
2025-09-12,2968.54,4521.998,7147.749,7422.884,26388.16,207.2868,248.3208,481.04,66.88,836.7,6584.2900390625,7.1184000968933105
2025-09-15,2962.615,4533.056,7137.363,7415.571,26446.561,207.3942,248.3763,477.57,67.45,834.1,6615.27978515625,7.124199867248535
2025-09-16,2947.822,4523.337,7190.993,7483.628,26438.51,207.477,248.3833,476.73,68.49,844.58,6606.759765625,7.118500232696533
2025-09-17,2952.778,4551.023,7260.035,7554.813,26908.391,207.6807,248.4042,479.44,67.41,837.64,6600.35009765625,7.114200115203857
2025-09-18,2912.826,4498.109,7199.883,7476.402,26544.85,207.6214,248.405,476.2,66.97,826.82,6631.9599609375,7.103300094604492
2025-09-19,2909.744,4501.92,7170.349,7438.189,26545.102,207.4839,248.3794,473.61,65.99,830.56,6664.35986328125,7.1128997802734375
2025-09-22,2922.18,4522.608,7225.128,7489.478,26344.141,207.5138,248.406,471.59,65.97,846.5,6693.75,7.1128997802734375
2025-09-23,2919.515,4519.778,7180.714,7408.069,26159.119,207.4029,248.3453,470.73,67.12,855.44,6656.919921875,7.113999843597412
2025-09-24,2939.508,4566.071,7323.709,7534.222,26518.65,207.2533,248.2432,476.83,68.23,860.0,6637.97021484375,7.111599922180176
2025-09-25,2952.735,4593.488,7341.324,7506.512,26484.68,207.1203,248.1105,479.01,68.8,854.72,6604.72021484375,7.131499767303467
2025-09-26,2941.018,4550.049,7240.911,7397.589,26128.199,207.1972,248.1103,478.05,68.81,856.06,6643.7001953125,7.133800029754639
2025-09-28,,,,,,207.2696,248.1322,,,,,
2025-09-29,2973.042,4620.053,7350.56,7497.831,26622.881,207.2235,248.1335,482.19,66.74,866.52,6661.2099609375,7.132800102233887
2025-09-30,2988.939,4640.694,7412.368,7574.963,26855.559,207.4276,248.1633,485.49,66.14,874.4,6688.4599609375,7.1194000244140625
2025-10-01,,,,,,,,,65.42,,6711.2001953125,7.11899995803833
2025-10-02,,,,,27287.119,,,,64.32,,6715.35009765625,7.11899995803833
2025-10-03,,,,,27140.922,,,,64.37,,6715.7900390625,7.11899995803833
2025-10-06,,,,,26957.77,,,,65.5,,6740.27978515625,7.11899995803833
2025-10-07,,,,,,,,,65.72,,6714.58984375,7.11899995803833
2025-10-08,,,,,26829.459,,,,66.06,,6753.72021484375,7.11899995803833
2025-10-09,3020.596,4709.482,7548.923,7648.052,26752.59,207.684,248.3334,487.81,65.19,914.32,6735.10986328125,7.118500232696533
2025-10-10,2974.854,4616.834,7398.224,7533.82,26290.32,207.7313,248.3563,485.62,62.05,901.56,6552.509765625,7.127500057220459
2025-10-11,,,,,,207.9402,248.4557,,,,,
2025-10-13,2967.206,4593.979,7376.564,7519.764,25889.48,207.8514,248.4888,483.6,63.39,927.56,6654.72021484375,7.099999904632568
2025-10-14,2961.101,4539.064,7194.851,7373.152,25441.35,207.8424,248.5023,479.83,62.28,938.98,6644.31005859375,7.099999904632568
2025-10-15,3001.349,4606.288,7294.001,7483.449,25910.6,207.8581,248.5202,482.17,62.45,960.34,6671.06005859375,7.138400077819824
2025-10-16,3019.197,4618.422,7231.534,7401.838,25888.51,207.8613,248.5681,478.72,60.99,966.42,6629.06982421875,7.126200199127197
2025-10-17,2967.775,4514.235,7016.066,7185.478,25247.102,207.9319,248.6491,474.22,61.34,999.8,6664.009765625,7.123000144958496
2025-10-20,2974.865,4538.22,7069.641,7239.185,25858.83,207.8365,248.7213,474.51,60.91,970.32,6735.1298828125,7.126399993896484
2025-10-21,3007.263,4607.872,7185.624,7344.047,26027.551,207.8464,248.7881,479.2,61.57,994.06,6735.35009765625,7.119500160217285
2025-10-22,3010.095,4592.57,7128.478,7312.21,25781.77,207.8909,248.8564,477.31,64.36,952.56,6699.39990234375,7.121799945831299
2025-10-23,3026.904,4606.345,7142.954,7308.099,25967.98,207.9011,248.9319,477.97,65.25,942.28,6738.43994140625,7.125699996948242
2025-10-24,3045.816,4660.684,7258.534,7419.235,26160.15,207.8155,248.9858,481.2,64.88,938.1,6791.68994140625,7.125699996948242
2025-10-27,3069.529,4716.019,7379.394,7495.383,26433.699,207.8943,249.0627,485.18,65.02,934.14,6875.16015625,7.121099948883057
2025-10-28,3050.416,4691.973,7341.03,7479.221,26346.141,208.2455,249.1927,484.03,63.85,901.38,6890.89013671875,7.110199928283691
2025-10-29,3063.021,4747.838,7480.967,7569.117,,208.4351,249.2886,488.66,64.27,910.88,6890.58984375,7.098800182342529
2025-10-30,3046.611,4709.911,7385.711,7485.085,26282.689,208.5808,249.3631,484.44,64.03,912.16,6822.33984375,7.098999977111816
2025-10-31,3011.555,4640.668,7331.003,7506.675,25906.65,208.6649,249.462,484.98,64.57,921.92,6840.2001953125,7.109799861907959
2025-11-03,3016.351,4653.403,7333.601,7538.118,26158.359,208.6496,249.5514,485.91,64.84,922.58,6851.97021484375,7.1168999671936035
2025-11-04,3012.969,4618.699,7210.825,7435.731,25952.4,208.5871,249.6066,482.64,64.28,915.58,6771.5498046875,7.171800136566162
2025-11-05,3007.97,4627.257,7229.341,7464.863,25935.41,208.6137,249.6464,486.21,63.51,912.26,6796.2900390625,7.129499912261963
2025-11-06,3044.742,4693.403,7345.723,7551.83,26485.9,208.5473,249.6468,488.77,63.58,917.8,6720.31982421875,7.125999927520752
2025-11-07,3038.346,4678.794,7327.911,7541.878,26241.83,208.5005,249.6382,489.14,63.7,921.26,6728.7998046875,7.118599891662598
2025-11-10,3053.857,4695.051,7343.802,7563.254,26649.059,208.5073,249.6687,491.91,63.94,935.98,6832.43017578125,7.118599891662598
2025-11-11,3034.633,4652.166,7291.608,7540.791,26696.41,208.5549,249.6891,491.1,65.09,948.88,6846.60986328125,7.11929988861084
2025-11-12,3044.301,4645.908,7243.248,7486.377,26922.73,208.5883,249.7223,489.02,62.67,945.76,6850.919921875,7.11929988861084
2025-11-13,3073.666,4702.074,7355.291,7590.576,27073.031,208.5483,249.7323,494.59,63.11,963.82,6737.490234375,7.11929988861084
2025-11-14,3038.426,4628.14,7235.462,7502.757,26572.461,208.5356,249.7472,491.71,64.23,956.12,6734.10986328125,7.111999988555908
2025-11-17,3012.071,4598.053,7235.351,7523.076,26384.279,208.5808,249.7992,490.74,64.03,932.32,6672.41015625,7.0991997718811035
2025-11-18,3003.018,4568.193,7151.018,7448.101,25930.031,208.6014,249.8336,488.05,64.79,921.34,6617.31982421875,7.107500076293945
2025-11-19,3020.349,4588.292,7122.747,7387.208,25830.65,208.5772,249.8493,489.21,63.66,940.06,6642.16015625,7.107500076293945
2025-11-20,3008.29,4564.948,7061.95,7340.412,25835.57,208.6388,249.8607,488.06,63.08,935.46,6538.759765625,7.107500076293945
2025-11-21,2955.854,4453.608,6817.41,7067.703,25220.02,208.6511,249.8472,482.94,61.85,926.94,6602.990234375,7.107500076293945
2025-11-24,2950.562,4448.048,6868.966,7156.409,25716.5,208.6859,249.8685,484.0,62.73,930.32,6705.1201171875,7.106599807739258
2025-11-25,2968.202,4490.405,6954.603,7249.947,25894.551,208.6759,249.8628,485.08,61.9,946.5,6765.8798828125,7.102200031280518
2025-11-26,2971.799,4517.626,6965.045,7248.449,25928.08,208.5269,249.7943,480.94,62.47,946.72,6812.60986328125,7.084499835968018
2025-11-27,2972.265,4515.403,6951.284,7257.454,25945.93,208.4231,249.7275,478.37,62.91,947.16,,7.075799942016602
2025-11-28,2969.617,4526.662,7031.551,7334.21,25858.889,208.4178,249.7396,481.63,62.31,953.92,6849.08984375,7.075799942016602
2025-12-01,2993.676,4576.486,7101.832,7386.681,26033.262,208.521,249.7778,482.09,63.3,963.28,6812.6298828125,7.075099945068359
2025-12-02,2978.467,4554.335,7040.301,7313.178,26095.049,208.5358,249.7832,479.58,62.33,958.42,6829.3701171875,7.071700096130371
2025-12-03,2963.076,4531.049,6996.355,7248.274,25760.73,208.5497,249.776,478.57,62.74,956.7,6849.72021484375,7.070000171661377
2025-12-04,2974.337,4546.566,7012.806,7248.657,25935.9,208.3903,249.6763,477.5,63.35,953.42,6857.1201171875,7.063600063323975
2025-12-05,3002.009,4584.537,7097.839,7342.492,26085.08,208.4245,249.6624,482.0,63.82,961.04,6870.39990234375,7.071400165557861
2025-12-08,3019.362,4621.755,7172.367,7423.046,25765.359,208.4691,249.671,483.93,62.5,958.7,6846.509765625,7.0696001052856445
2025-12-09,2997.96,4598.223,7121.326,7380.584,25434.23,208.5644,249.6984,480.96,62.11,951.54,6840.509765625,7.071000099182129
2025-12-10,2988.638,4591.827,7155.994,7408.244,25540.781,208.5949,249.7185,483.09,62.51,956.4,6886.68017578125,7.063300132751465
2025-12-11,2977.032,4552.185,7082.893,7311.995,25530.51,208.7151,249.7626,481.3,61.55,957.9,6901.0,7.064000129699707
2025-12-12,2994.645,4580.95,7169.791,7370.942,25976.791,208.6933,249.7902,482.97,61.17,970.66,6827.41015625,7.0578999519348145
2025-12-15,2987.068,4552.06,7113.962,7309.078,25628.881,208.6103,249.7992,482.09,60.37,983.16,6816.509765625,7.053999900817871
2025-12-16,2954.787,4497.555,7001.319,7181.62,25235.41,208.5953,249.805,478.64,58.82,971.42,6800.259765625,7.046999931335449
2025-12-17,2991.678,4579.875,7137.834,7288.738,25468.781,208.6797,249.8368,483.16,60.66,979.72,6721.43017578125,7.0416998863220215
2025-12-18,2998.517,4552.793,7100.836,7272.402,25498.129,208.7466,249.8754,483.43,59.4,980.5,6774.759765625,7.043000221252441
2025-12-19,3004.34,4568.178,7169.551,7329.806,25690.529,208.8114,249.9288,485.28,60.08,979.9,6834.5,7.040500164031982
2025-12-22,3020.229,4611.624,7255.661,7408.349,25801.77,208.8108,249.9974,487.96,61.46,1000.86,6878.490234375,7.040900230407715
2025-12-23,3027.52,4620.734,7256.786,7392.42,25774.141,208.8966,250.0279,486.93,61.91,1014.24,6909.7900390625,7.040900230407715
2025-12-24,3025.184,4634.059,7352.04,7506.381,25818.93,208.9814,250.0588,490.38,61.84,1014.68,6932.0498046875,7.0279998779296875
2025-12-25,3032.841,4642.536,7410.712,7579.379,,208.9842,250.0932,493.46,,1008.76,,
2025-12-26,3045.404,4657.24,7458.839,7605.53,,209.007,250.1206,493.25,60.27,1016.3,6929.93994140625,7.0279998779296875
2025-12-29,3034.635,4639.372,7430.615,7594.158,25635.23,208.8689,250.1319,491.14,61.22,1007.18,6905.740234375,7.0279998779296875
2025-12-30,3036.552,4651.282,7458.936,7597.299,25854.6,208.7514,250.1444,491.83,61.27,984.84,6896.240234375,7.0055999755859375
2025-12-31,3031.126,4629.94,7465.574,7595.285,25630.541,208.7068,250.1633,491.9,60.9,977.56,6845.5,6.996099948883057
2026-01-02,,,,,26338.471,,,,60.8,,6858.47021484375,6.996099948883057
2026-01-04,,,,,,208.8414,250.2705,,,,,
2026-01-05,3099.746,4717.746,7651.198,7753.88,26347.24,208.7532,250.2668,499.01,61.77,995.0,6902.0498046875,6.993100166320801
2026-01-06,3158.763,4790.694,7814.136,7864.903,26710.449,208.624,250.2646,505.77,60.5,1004.98,6944.81982421875,6.98799991607666
2026-01-07,3145.12,4776.666,7875.082,7906.42,26458.951,208.5065,250.2604,507.28,60.36,998.9,6920.93017578125,6.983399868011475
2026-01-08,3122.063,4737.654,7894.545,7971.589,26149.311,208.5679,250.2755,509.26,62.68,997.94,6921.4599609375,6.996500015258789
2026-01-09,3134.325,4758.922,8056.686,8129.183,26231.791,208.6269,250.2943,513.79,63.01,1006.48,6966.27978515625,6.983500003814697
2026-01-12,3143.737,4789.916,8249.128,8357.011,26608.48,208.7575,250.3538,520.82,64.21,1026.28,6977.27001953125,6.977200031280518
2026-01-13,3132.933,4761.032,8143.28,8203.133,26848.471,208.7996,250.3807,515.07,65.45,1030.44,6963.740234375,6.973100185394287
2026-01-14,3112.075,4741.931,8227.697,8257.172,26999.811,208.8825,250.4012,515.87,65.2,1043.58,6926.60009765625,6.977499961853027
2026-01-15,3105.575,4751.429,8223.268,8240.775,26923.619,209.0273,250.4333,516.9,63.85,1037.96,6944.47021484375,6.9730000495910645
2026-01-16,3079.763,4731.873,8232.674,8232.729,26844.961,209.0927,250.4801,519.31,64.04,1035.5,6940.009765625,6.966000080108643
2026-01-19,3075.936,4734.456,8287.947,8265.646,26563.9,209.18,250.5427,521.65,64.14,1051.8,,6.968100070953369
2026-01-20,3070.646,4718.878,8247.805,8182.752,26487.51,209.2362,250.5809,518.29,63.39,1060.16,6796.85986328125,6.968100070953369
2026-01-21,3067.175,4723.069,8340.113,8247.68,26585.059,209.2955,250.6437,522.95,64.56,1092.3,6875.6201171875,6.95989990234375
2026-01-22,3053.128,4723.709,8387.595,8309.346,26629.961,209.2978,250.6828,527.73,63.65,1087.58,6913.35009765625,6.963699817657471
2026-01-23,3032.193,4702.497,8590.166,8470.744,26749.51,209.333,250.7227,534.48,65.42,1115.64,6915.60986328125,6.972599983215332
2026-01-26,3049.587,4706.964,8506.693,8365.435,26765.52,209.3894,250.7901,528.14,64.86,1143.32,6950.22998046875,6.972599983215332
2026-01-27,3052.393,4705.692,8548.932,8382.153,27126.951,209.3795,250.823,528.95,66.71,1148.38,6978.60009765625,6.95419979095459
2026-01-28,3060.557,4717.991,8601.164,8399.794,27826.908,209.4097,250.845,533.46,67.68,1186.2,6978.02978515625,6.954500198364258
2026-01-29,3110.914,4753.87,8517.843,8332.207,27968.09,209.4938,250.869,529.72,69.7,1249.12,6969.009765625,6.954500198364258
2026-01-30,3066.496,4706.34,8370.52,8254.86,27387.111,209.4802,250.8887,520.54,69.83,1161.42,6939.02978515625,6.947999954223633
2026-02-02,3003.137,4605.98,8037.046,7975.428,26775.57,209.5391,250.9439,508.12,66.12,1008.6,6976.43994140625,6.951000213623047
2026-02-03,3034.58,4660.107,8286.701,8209.101,26834.77,209.5233,250.9582,521.46,67.82,1093.78,6917.81005859375,6.946300029754639
2026-02-04,3069.243,4698.683,8299.057,8207.12,26847.322,209.5512,250.9664,521.27,68.9,1141.7,6882.72021484375,6.937699794769287
2026-02-05,3059.012,4670.419,8146.107,8068.077,26885.242,209.5866,250.9846,516.89,67.33,1105.76,6798.39990234375,6.937699794769287
2026-02-06,3037.86,4643.596,8146.413,8051.574,26559.951,209.6843,251.0207,520.79,67.91,1090.12,6932.2998046875,6.93779993057251
2026-02-09,3081.779,4719.056,8311.283,8233.778,27027.162,209.7885,251.0906,527.31,69.12,1125.94,6964.81982421875,6.938799858093262
2026-02-10,3087.405,4724.296,8306.445,8250.3,27183.148,209.8633,251.133,526.09,69.04,1121.22,6941.81005859375,6.921999931335449
2026-02-11,3088.457,4713.819,8325.811,8239.513,27266.381,209.9427,251.1753,526.36,69.61,1130.4,6941.47021484375,6.910600185394287
2026-02-12,3079.727,4719.578,8423.57,8314.832,27032.541,210.0007,251.2287,528.73,67.59,1126.12,6832.759765625,6.912499904632568
2026-02-13,3034.346,4660.406,8299.585,8204.829,26567.119,210.0351,251.2696,526.44,67.68,1110.1,6836.169921875,6.900100231170654
2026-02-14,,,,,,210.0154,251.2883,,,,,
2026-02-16,,,,,26705.939,,,,68.56,,,6.9079999923706055
2026-02-17,,,,,,,,,67.4,,6843.22021484375,6.9079999923706055
2026-02-18,,,,,,,,,70.21,,6881.31005859375,6.9079999923706055
2026-02-19,,,,,,,,,71.61,,6861.89013671875,6.9079999923706055
2026-02-20,,,,,26413.35,,,,71.23,,6909.509765625,6.908100128173828
2026-02-23,,,,,27081.91,,,,71.08,,6837.75,6.9079999923706055
2026-02-24,3041.324,4707.544,8392.91,8299.771,26590.32,210.143,251.4517,530.76,71.02,1150.5,6890.06982421875,6.9079999923706055
2026-02-25,3054.925,4735.886,8527.559,8426.331,26765.721,210.088,251.4585,531.41,70.79,1151.06,6946.1298828125,6.8831000328063965
2026-02-26,3035.071,4726.874,8557.216,8490.617,26381.021,209.9535,251.4306,525.93,70.82,1146.48,6908.85986328125,6.869200229644775
2026-02-27,3039.431,4710.647,8658.45,8560.843,26630.541,209.9638,251.4422,525.2,73.16,1147.9,6878.8798828125,6.84089994430542
2026-02-28,,,,,,210.0198,251.4656,,,,,
2026-03-02,3046.467,4728.669,8658.334,8476.965,26059.85,210.0709,251.5218,524.3,77.95,1197.22,6881.6201171875,6.857900142669678
2026-03-03,3014.27,4655.896,8281.614,8142.454,25768.08,210.1474,251.5513,514.82,81.97,1182.0,6816.6298828125,6.881999969482422
2026-03-04,2974.21,4602.625,8248.945,8094.518,25249.48,210.1988,251.5912,513.63,82.55,1153.06,6869.5,6.899700164794922
2026-03-05,2988.451,4647.692,8309.171,8171.119,25321.34,210.2349,251.6309,512.98,84.28,1152.0,6830.7099609375,6.896999835968018
2026-03-06,2992.702,4660.439,8360.335,8248.857,25757.289,210.2386,251.6803,514.32,93.32,1140.8,6740.02001953125,6.896999835968018
2026-03-09,2962.989,4615.455,8279.481,8203.869,25408.461,210.1499,251.6793,512.77,89.8,1140.0,6795.990234375,6.896500110626221
2026-03-10,2981.835,4674.756,8410.303,8350.09,25959.9,210.1104,251.6978,517.68,91.37,1153.16,6781.47998046875,6.910999774932861
2026-03-11,2985.345,4704.496,8403.33,8363.526,25898.76,210.0962,251.7046,519.47,93.66,1155.52,6775.7998046875,6.876500129699707
2026-03-12,2971.561,4687.56,8359.472,8335.908,25716.76,210.1116,251.7165,513.99,101.71,1151.52,6672.6201171875,6.865499973297119
2026-03-13,2956.847,4669.14,8239.798,8214.293,25465.6,210.1389,251.7491,508.67,103.83,1135.9,6632.18994140625,6.868899822235107
2026-03-16,2954.089,4671.559,8185.152,8211.352,25834.02,210.0907,251.7678,506.83,100.81,1121.5,6699.3798828125,6.896100044250488
2026-03-17,2963.578,4637.439,8016.026,8019.857,25868.541,210.1206,251.8031,499.07,99.49,1119.16,6716.08984375,6.95550012588501
2026-03-18,2961.426,4658.332,8096.428,8096.595,26025.42,210.2218,251.853,503.77,104.66,1116.76,6624.7001953125,6.886300086975098
2026-03-19,2916.235,4583.251,7877.09,7909.234,25500.58,210.308,251.9093,495.5,102.6,1065.26,6606.490234375,6.872600078582764
2026-03-20,2883.864,4567.018,7760.037,7783.435,25277.32,210.333,251.9402,492.62,104.31,1042.02,6506.47998046875,6.899799823760986
2026-03-23,2792.329,4417.997,7440.745,7409.107,24382.471,210.2667,251.9748,487.87,96.15,942.8,6581.0,6.885700225830078
2026-03-24,2830.854,4474.722,7597.373,7600.857,25063.711,210.2586,252.0129,498.53,95.85,979.8,6556.3701171875,6.880000114440918
2026-03-25,2859.535,4537.466,7767.665,7751.181,25335.951,210.2654,252.0432,503.65,98.06,1013.96,6591.89990234375,6.8917999267578125
2026-03-26,2824.674,4477.534,7642.13,7639.376,24856.43,210.3245,252.0781,496.71,100.76,995.98,6477.16015625,6.901000022888184
2026-03-27,2837.306,4502.57,7737.614,7746.313,24951.881,210.3934,252.1251,498.94,106.59,998.66,6368.85009765625,6.910699844360352
2026-03-30,2833.205,4491.95,7753.723,7767.93,24750.791,210.5691,252.1953,494.31,108.8,1014.88,6343.72021484375,6.911600112915039
2026-03-31,2826.125,4450.049,7617.326,7619.85,24788.141,210.5934,252.2474,486.28,103.51,1020.1,6528.52001953125,6.911600112915039
2026-04-01,2878.794,4526.067,7750.092,7764.153,25294.031,210.5213,252.2812,495.49,100.12,1053.18,6575.31982421875,6.894199848175049
2026-04-02,2853.453,4478.914,7605.293,7623.417,25116.529,210.451,252.323,490.36,109.24,1023.78,6582.68994140625,6.870500087738037
2026-04-03,2830.597,4440.789,7534.938,7536.6,,210.4979,252.3912,491.07,,1033.0,,6.8850998878479
2026-04-06,,,,,,,,,109.57,,6611.830078125,6.882400035858154
2026-04-07,2830.523,4440.616,7571.111,7606.017,,210.5423,252.4928,492.94,103.68,1034.28,6616.85009765625,6.882299900054932
2026-04-08,2907.066,4595.556,7945.153,7955.768,25893.021,210.5118,252.5431,507.4,96.65,1062.0,6782.81005859375,6.8566999435424805
2026-04-09,2884.76,4566.224,7898.633,7921.447,25752.4,210.4856,252.567,506.38,96.41,1041.32,6824.66015625,6.828700065612793
2026-04-10,2899.58,4636.566,7969.365,7998.232,25893.539,210.482,252.604,504.86,94.26,1048.36,6816.89013671875,6.831399917602539
2026-04-13,2899.47,4646.155,7967.697,8025.572,25660.85,210.5467,252.6471,502.65,97.95,1043.4,6886.240234375,6.8277997970581055
2026-04-14,2924.183,4701.284,8088.569,8144.762,25872.32,210.5983,252.673,507.35,95.22,1052.82,6967.3798828125,6.8302998542785645
2026-04-15,2934.216,4685.246,8044.077,8106.165,25947.32,210.6904,252.6914,507.61,94.84,1058.24,7022.9501953125,6.815700054168701
2026-04-16,2939.765,4736.608,8180.082,8232.983,26394.26,210.8346,252.7093,514.68,98.24,1061.5,7041.27978515625,6.817999839782715
2026-04-17,2910.873,4728.672,8214.194,8307.436,26160.33,210.9221,252.7292,515.79,92.45,1054.02,7126.06005859375,6.821100234985352
2026-04-20,2933.653,4757.442,8290.022,8357.814,26361.07,211.0182,252.7965,516.28,93.95,1054.96,7109.14013671875,6.816999912261963
2026-04-21,2932.072,4767.997,8270.327,8351.156,26487.48,211.0292,252.8334,514.44,99.0,1051.7,7064.009765625,6.817399978637695
2026-04-22,2930.575,4799.627,8376.181,8481.24,26163.24,211.1211,252.8812,518.1,101.54,1051.4,7137.89990234375,6.820799827575684
2026-04-23,2927.931,4786.327,8295.207,8362.74,25915.199,211.1517,252.8967,515.83,106.01,1040.06,7108.39990234375,6.82420015335083
2026-04-24,2945.043,4769.369,8247.876,8304.141,25978.07,211.1919,252.8988,514.03,99.78,1032.12,7165.080078125,6.826000213623047
2026-04-27,2939.053,4770.947,8299.049,8338.726,25925.65,211.0994,252.9146,515.81,101.96,1039.42,7173.91015625,6.835899829864502
2026-04-28,2950.421,4758.208,8203.961,8226.692,25679.779,211.1233,252.9352,512.19,104.24,1022.1,7138.7998046875,6.822800159454346
2026-04-29,2967.503,4810.347,8342.422,8343.065,26111.84,211.2071,252.9624,516.48,112.47,1011.88,7135.9501953125,6.837399959564209
2026-04-30,2985.505,4807.307,8349.508,8381.947,25776.529,211.2123,252.9832,516.08,110.76,1016.12,7209.009765625,6.837500095367432
2026-05-01,,,,,,,,,109.14,,7230.1201171875,6.827300071716309
2026-05-04,,,,,26095.881,,,,113.86,,7200.75,6.827499866485596
2026-05-05,,,,,25898.609,,,,110.25,,7259.22021484375,6.829999923706055
2026-05-06,3026.443,4877.093,8588.44,8574.556,26213.779,211.16,253.0159,522.17,101.85,1028.48,7365.1201171875,6.830100059509277
2026-05-07,3029.194,4900.51,8696.799,8714.51,26626.279,211.1655,253.0145,523.75,103.48,1040.98,7337.10986328125,6.810999870300293
2026-05-08,3003.584,4871.912,8694.171,8741.151,26393.711,211.2316,253.0279,523.66,100.25,1038.22,7398.93017578125,6.801400184631348
2026-05-09,,,,,,211.2476,253.0186,,,,,
2026-05-11,3041.633,4951.837,8839.742,8866.779,26406.84,211.278,253.0578,525.23,104.51,1026.8,7412.83984375,6.80049991607666
2026-05-12,3043.556,4948.047,8785.979,8821.887,26347.91,211.3389,253.1139,518.73,107.61,1030.12,7400.9599609375,6.7947998046875
2026-05-13,3047.246,4998.342,8918.239,8955.447,26388.439,211.3906,253.1658,520.88,105.72,1030.56,7444.25,6.791999816894531
2026-05-14,2996.573,4914.597,8670.157,8778.709,26389.039,211.4292,253.1911,512.8,106.53,1029.6,7501.240234375,6.790800094604492
2026-05-15,2957.602,4859.593,8536.344,8682.654,25962.73,211.4611,253.2218,508.79,109.3,1004.38,7408.5,6.785099983215332
2026-05-18,2934.959,4833.524,8554.237,8720.213,25675.182,211.5563,253.2904,508.12,109.69,999.8,7403.0498046875,6.809199810028076
2026-05-19,2954.062,4852.883,8627.946,8808.645,25797.85,211.7047,253.3338,516.29,110.95,1002.18,7353.60986328125,6.800000190734863
2026-05-20,2953.747,4850.7,8656.306,8808.91,25651.119,211.7726,253.3837,514.64,105.12,986.64,7432.97021484375,6.814499855041504
2026-05-21,2920.929,4783.098,8419.837,8510.496,25386.52,211.7762,253.4174,508.43,104.81,995.38,7445.72021484375,6.80049991607666
2026-05-22,2923.525,4845.096,8576.94,8692.666,25606.031,211.6837,253.4397,509.42,100.75,995.76,7473.47021484375,6.802499771118164
2026-05-25,2968.697,4921.597,8703.89,8799.312,,211.7087,253.506,509.87,93.6,1001.4,,6.79449987411499
2026-05-26,2973.385,4947.849,8658.619,8687.253,25599.449,211.7453,253.5519,507.99,96.33,995.0,7519.1201171875,6.79449987411499
2026-05-27,2934.712,4908.171,8530.98,8546.514,25328.23,211.8254,253.5985,503.85,92.85,983.56,7520.35986328125,6.785999774932861
2026-05-28,2914.19,4914.213,8563.222,8637.743,25006.16,211.9648,253.6548,508.57,92.38,961.18,7563.6298828125,6.778800010681152
2026-05-29,2921.081,4892.121,8359.56,8408.736,25182.391,212.0114,253.7117,503.4,91.1,989.4,7580.06005859375,6.7795000076293945
2026-06-01,2893.719,4844.256,8274.212,8345.129,25398.18,212.1191,253.7878,506.34,95.25,983.58,7599.9599609375,6.766200065612793
2026-06-02,2920.269,4914.559,8321.435,8384.781,26038.32,212.1114,253.8411,508.35,95.85,990.6,7609.77978515625,6.764999866485596
2026-06-03,2920.917,4938.809,8362.156,8432.679,25633.209,212.0993,253.8769,506.28,97.32,977.08,7553.68017578125,6.762199878692627
2026-06-04,2891.349,4904.745,8356.744,8420.095,25253.4,212.1088,253.9141,503.69,95.24,977.94,7584.31005859375,6.769199848175049
2026-06-05,2865.866,4816.92,8251.141,8340.963,24961.951,212.0974,253.9422,502.0,92.84,974.02,7383.740234375,6.773499965667725
2026-06-08,2825.013,4713.636,7963.453,8081.261,24657.059,212.0519,253.9545,497.21,94.08,942.2,7405.72998046875,6.765500068664551
2026-06-09,2842.694,4801.811,8176.179,8318.698,24565.9,211.9598,253.9139,502.56,92.32,947.04,7386.64990234375,6.765500068664551
2026-06-10,2850.369,4748.593,8063.864,8198.723,24407.961,211.875,253.8839,497.34,94.94,919.32,7266.990234375,6.772500038146973
2026-06-11,2845.919,4722.412,8035.779,8159.455,24249.289,211.7569,253.7805,498.74,89.15,895.0,7394.2998046875,6.772500038146973
2026-06-12,2890.798,4777.321,8106.203,8202.799,24718.1,211.7038,253.7286,503.34,86.72,911.62,7431.4599609375,6.7754998207092285
2026-06-15,2938.649,4891.713,8406.748,8521.233,24842.67,211.7132,253.7685,511.05,83.36,938.94,7554.2900390625,6.765999794006348
2026-06-16,2913.986,4884.232,8507.98,8646.403,24493.951,211.7652,253.7898,513.63,79.32,941.72,7511.35009765625,6.756999969482422
2026-06-17,2934.466,4931.386,8627.086,8704.468,24312.16,211.8913,253.8405,512.13,78.39,942.94,7420.10009765625,6.757199764251709
2026-06-18,2928.748,4941.599,8673.09,8771.024,23924.811,211.9603,253.891,507.64,78.94,937.96,7500.580078125,6.757199764251709
2026-06-19,,,,,,,,,79.86,,,6.768599987030029
2026-06-22,3012.653,5059.658,8868.782,8865.676,23768.52,212.0309,253.9521,507.27,77.8,916.92,7472.7900390625,6.768599987030029
2026-06-23,2926.828,4919.386,8688.592,8680.039,23336.279,211.9962,253.9452,503.15,76.78,897.9,7365.4599609375,6.774499893188477
2026-06-24,2943.896,4943.02,8842.938,8793.487,23412.18,212.0045,253.9593,504.45,73.34,896.04,7358.22021484375,6.789999961853027
2026-06-25,2977.57,5020.104,8938.011,8825.92,23076.91,212.0636,253.9991,500.97,75.07,872.0,7357.490234375,6.789999961853027
2026-06-26,2906.944,4868.221,8703.565,8601.408,22671.859,212.1297,254.0228,497.2,73.5,883.3,7354.02001953125,6.789999961853027
2026-06-29,2991.081,4926.921,8821.094,8597.893,23026.68,212.2687,254.0887,497.85,73.55,888.72,7440.43017578125,6.797999858856201
2026-06-30,2989.402,4979.433,9031.379,8809.786,22881.021,212.2733,254.1049,504.27,73.38,881.24,7499.35986328125,6.793600082397461
2026-07-01,2985.24,4958.977,9028.933,8876.63,,212.0957,254.0536,507.04,71.13,869.82,7483.22998046875,6.793600082397461
2026-07-02,2912.276,4812.296,8694.176,8625.334,23055.031,212.0655,254.0489,504.63,71.56,890.66,7483.240234375,6.7941999435424805
2026-07-03,2931.284,4842.174,8745.261,8620.789,23350.031,212.1134,254.0658,506.91,71.93,911.4,,6.788599967956543
2026-07-06,2957.969,4841.998,8651.134,8472.603,23616.32,212.192,254.1199,507.12,71.98,907.82,7537.43017578125,6.788599967956543
2026-07-07,2921.887,4792.262,8508.789,8301.804,23496.889,212.239,254.1458,502.24,75.91,903.76,7503.85009765625,6.79580020904541
2026-07-08,2920.842,4755.534,8390.019,8117.861,24199.459,212.272,254.1599,500.44,79.42,902.76,7482.7099609375,6.793399810791016
2026-07-09,2995.789,4876.313,8652.787,8300.077,24030.18,212.3616,254.1834,503.21,75.92,898.86,7543.64013671875,6.802499771118164
2026-07-10,2955.52,4780.787,8503.971,8198.308,24175.119,212.3211,254.2087,500.55,75.25,897.94,7575.39013671875,6.792099952697754
2026-07-13,2913.188,4695.383,8138.144,7787.853,24213.721,212.3737,254.2476,494.57,83.16,885.94,7515.33984375,6.776599884033203
2026-07-14,2955.553,4796.502,8275.939,7925.123,24340.73,212.3627,254.2574,500.29,85.09,880.26,7543.58984375,6.7795000076293945
2026-07-15,2967.07,4786.783,8147.579,7817.831,24681.102,212.426,254.2703,498.87,84.97,880.1,7572.39990234375,6.769999980926514
2026-07-16,2904.119,4698.434,7955.664,7631.762,25008.6,212.4491,254.2841,496.64,84.83,879.18,7533.77001953125,6.768199920654297
2026-07-17,2827.671,4529.095,7513.763,7167.996,24562.24,212.4269,254.3113,492.88,88.33,876.24,7457.68994140625,6.772500038146973
2026-07-20,2912.853,4598.321,7411.313,6965.376,25143.049,212.4487,254.3468,492.63,88.81,876.64,7443.27978515625,6.772500038146973
2026-07-21,2973.813,4739.229,7800.609,7259.863,25132.289,212.4329,254.353,499.47,91.53,892.4,7509.2001953125,6.772500038146973
2026-07-22,2991.047,4717.244,7751.662,7158.762,24892.66,212.5345,254.3819,497.62,90.9,901.74,7498.9599609375,6.765600204467773
2026-07-23,2978.77,4728.002,7734.31,7195.5,25210.811,212.5755,254.4012,498.32,94.24,901.76,7408.2998046875,6.772500038146973
2026-07-24,2956.346,4649.192,7532.701,6995.693,24963.23,212.519,254.41,494.79,92.85,883.8,7411.97998046875,6.772500038146973
2026-07-27,2950.432,4702.427,7720.598,7228.785,25207.182,212.5189,254.4487,500.81,85.34,895.78,7413.18017578125,6.7718000411987305
2026-07-28,2923.205,4569.524,7443.433,7026.276,25310.85,212.4852,254.4418,494.5,83.04,885.1,7428.77978515625,6.765699863433838
2026-07-29,2915.188,4600.262,7524.508,7095.186,25807.92,212.4912,254.4503,498.43,88.01,884.2,7316.14990234375,6.770999908447266
2026-07-30,2926.475,4549.72,7309.575,6900.658,25858.881,212.5421,254.4584,496.18,86.82,881.4,7437.6298828125,6.76609992980957
2026-07-31,2922.967,4588.197,7493.985,7075.507,25884.43,212.6541,254.4823,499.68,91.04,888.3,7489.72021484375,6.755000114440918
2026-08-03,,,,,,,,,83.57,,,6.752600193023682
