date,GPRD,GPRD_ACT,GPRD_THREAT,GPRD_MA7,GPRD_MA30
2018-01-01,96.5763168334961,57.76742935180664,112.42872619628906,100.22586822509766,86.27232360839844
2018-01-02,188.69056701660156,94.05487823486328,278.9371032714844,113.18848419189453,91.40699768066406
2018-01-03,138.02365112304688,147.4272918701172,172.156494140625,116.39833068847656,93.86074829101562
2018-01-04,146.35792541503906,77.81729125976562,194.721923828125,118.95222473144531,94.29808807373047
2018-01-05,66.51741790771484,88.41690063476562,58.998741149902344,111.08869171142578,92.88129425048828
2018-01-06,78.94584655761719,50.36981964111328,94.53015899658203,108.9677963256836,93.3590087890625
2018-01-07,30.460391998291016,45.549949645996094,12.664384841918945,106.51029968261719,91.40464782714844
2018-01-08,82.1722183227539,92.15919494628906,68.32877349853516,104.45257568359375,92.29692840576172
2018-01-09,77.14198303222656,63.33314514160156,90.55902862548828,88.51705932617188,91.65704345703125
2018-01-10,71.72000122070312,44.68702697753906,82.00146484375,79.04511260986328,89.29119873046875
2018-01-11,95.51309204101562,60.59396743774414,108.30290222167969,71.78156280517578,89.21902465820312
2018-01-12,167.51290893554688,116.89810180664062,222.86756896972656,86.20948791503906,92.12744140625
2018-01-13,83.7867202758789,29.83172035217285,124.41300201416016,86.90104675292969,91.45088958740234
2018-01-14,63.24711990356445,0.0,105.18392181396484,91.5848617553711,90.52639770507812
2018-01-15,58.96156311035156,53.436431884765625,62.39976119995117,88.26905822753906,91.24761962890625
2018-01-16,58.74949645996094,45.05281448364258,60.12559509277344,85.64155578613281,91.42976379394531
2018-01-17,128.2569580078125,79.36273193359375,154.45814514160156,93.71826171875,93.45860290527344
2018-01-18,82.81419372558594,137.5988006591797,91.8167953491211,91.90413665771484,93.59785461425781
2018-01-19,102.11367797851562,105.87133026123047,88.30714416503906,82.56138610839844,93.89998626708984
2018-01-20,68.94937133789062,29.885713577270508,99.7105484008789,80.4417724609375,93.060546875
2018-01-21,71.32322692871094,79.00409698486328,52.7177734375,81.59549713134766,93.10519409179688
2018-01-22,129.9990234375,153.59866333007812,96.08734893798828,91.74370574951172,95.19933319091797
2018-01-23,129.00125122070312,110.23213958740234,153.24081420898438,101.77967071533203,96.51507568359375
2018-01-24,136.3526611328125,143.92901611328125,153.3985137939453,102.93620300292969,98.60641479492188
2018-01-25,82.48857879638672,34.625125885009766,108.30290222167969,102.88968658447266,98.09095764160156
2018-01-26,65.83985137939453,57.43254089355469,88.96533966064453,97.70771026611328,96.43379211425781
2018-01-27,43.261146545410156,24.644561767578125,56.528995513916016,94.0379638671875,93.5931396484375
2018-01-28,32.47615432739258,43.168251037597656,54.00988006591797,88.4883804321289,90.62361145019531
2018-01-29,76.4438705444336,101.6114273071289,50.852378845214844,80.837646484375,90.04533386230469
2018-01-30,95.8901138305664,69.52360534667969,101.4817123413086,76.10748291015625,91.65290832519531
2018-01-31,102.40994262695312,117.80158996582031,111.35924530029297,71.2585220336914,91.84736633300781
2018-02-01,52.32488250732422,48.151222229003906,73.6319351196289,66.94942474365234,87.30184173583984
2018-02-02,30.99478530883789,23.174535751342773,45.102989196777344,61.9715576171875,83.73421478271484
2018-02-03,72.01234436035156,14.358135223388672,119.76103973388672,66.07887268066406,81.25602722167969
2018-02-04,53.42850875854492,60.87320327758789,63.467830657958984,69.07206726074219,80.81973266601562
2018-02-05,84.5761947631836,84.31585693359375,78.14195251464844,70.23382568359375,81.00740814208984
2018-02-06,56.73699188232422,34.80760192871094,79.84069061279297,64.64051818847656,81.88329315185547
2018-02-07,76.4438705444336,59.27333450317383,77.69113159179688,60.93108367919922,81.69235229492188
2018-02-08,93.48350524902344,72.93580627441406,101.39278411865234,66.81088256835938,82.23706817626953
2018-02-09,72.09941864013672,55.90471267700195,79.9372329711914,72.68297576904297,82.24971771240234
2018-02-10,36.4018440246582,36.289794921875,35.314151763916016,67.59576416015625,80.27934265136719
2018-02-11,44.66383361816406,59.368473052978516,49.519168853759766,66.34366607666016,76.18437194824219
2018-02-12,124.49918365478516,124.115966796875,147.892822265625,72.04695129394531,77.54145050048828
2018-02-13,73.42066192626953,68.88909912109375,79.0079345703125,74.43032836914062,77.88056945800781
2018-02-14,37.50076675415039,24.92355728149414,41.577415466308594,68.86702728271484,77.16520690917969
2018-02-15,69.69510650634766,40.870933532714844,95.4531021118164,65.46868896484375,77.53006744384766
2018-02-16,53.116973876953125,48.139522552490234,48.18374252319336,62.75690841674805,75.02539825439453
2018-02-17,50.916500091552734,23.886953353881836,74.71529388427734,64.83042907714844,73.96214294433594
2018-02-18,64.8251953125,64.62566375732422,64.68502044677734,67.71062469482422,72.71919250488281
2018-02-19,91.53900146484375,57.03577423095703,142.7204132080078,63.00202941894531,73.47218322753906
2018-02-20,91.38117980957031,100.20988464355469,75.98631286621094,65.56781768798828,74.14077758789062
2018-02-21,72.11685943603516,28.757951736450195,95.94788360595703,70.51296997070312,72.21137237548828
2018-02-22,53.79000473022461,53.62443542480469,44.72807312011719,68.24081420898438,69.70433044433594
2018-02-23,74.92713165283203,78.62789154052734,72.14176940917969,71.35655212402344,67.65681457519531
2018-02-24,48.79865646362305,40.06343078613281,47.73836898803711,71.05400085449219,66.5338134765625
2018-02-25,37.21986389160156,59.368473052978516,12.379792213439941,67.11038208007812,65.57981872558594
2018-02-26,90.38383483886719,45.05281448364258,120.25119018554688,66.94535827636719,67.15057373046875
2018-02-27,65.59539794921875,37.36771011352539,77.9208984375,63.26167678833008,68.25454711914062
2018-02-28,70.12908172607422,57.57558822631836,89.18692016601562,62.97771072387695,68.04405212402344
2018-03-01,93.70771789550781,112.10313415527344,70.1288070678711,68.68023681640625,67.97130584716797
2018-03-02,151.3148193359375,48.92401885986328,224.4410400390625,79.59276580810547,69.60147094726562
2018-03-03,47.11207580566406,70.4505844116211,44.07206344604492,79.3518295288086,69.4277114868164
2018-03-04,55.790611267089844,55.61888122558594,69.58746337890625,82.00479125976562,70.25423431396484
2018-03-05,108.14913177490234,79.86387634277344,119.90584564208984,84.54269409179688,71.45880126953125
2018-03-06,88.45307922363281,44.09040451049805,110.32725524902344,87.80807495117188,72.62628173828125
2018-03-07,134.17996215820312,58.52303695678711,195.25596618652344,96.95819854736328,74.27973937988281
2018-03-08,106.09647369384766,39.17403793334961,150.30506896972656,98.72801971435547,75.92505645751953
2018-03-09,101.20653533935547,62.089237213134766,135.94496154785156,91.56969451904297,76.75048065185547
2018-03-10,106.64852142333984,25.77460479736328,161.23924255371094,100.07490539550781,77.18931579589844
2018-03-11,72.64402770996094,43.45225524902344,120.81156921386719,102.48253631591797,77.20746612548828
2018-03-12,135.9002227783203,42.33809280395508,197.75926208496094,106.44697570800781,80.52407836914062
2018-03-13,119.58728790283203,63.58356475830078,145.84617614746094,110.89472198486328,83.02153015136719
2018-03-14,94.99882507324219,24.706018447875977,151.11990356445312,105.29741668701172,82.0381851196289
2018-03-15,189.4098358154297,75.53072357177734,287.0003967285156,117.19932556152344,85.90448760986328
2018-03-16,173.33203125,38.39966583251953,275.45037841796875,127.50296783447266,90.43219757080078
2018-03-17,86.76510620117188,30.892154693603516,118.52869415283203,124.6624755859375,91.0011978149414
2018-03-18,61.62916564941406,30.7197322845459,76.869873046875,123.08892822265625,91.2849349975586
2018-03-19,95.18872833251953,66.42700958251953,110.8133773803711,117.27299499511719,92.76068115234375
2018-03-20,134.78366088867188,62.01636505126953,181.0471954345703,119.44390869140625,95.0926284790039
2018-03-21,171.2620086669922,107.83252716064453,232.3527069091797,130.33865356445312,97.75006103515625
2018-03-22,162.07073974609375,110.34176635742188,184.0718536376953,126.43305969238281,100.10637664794922
2018-03-23,84.1159896850586,71.87748718261719,93.2601089477539,113.68791198730469,100.50634765625
2018-03-24,148.64085388183594,133.06259155273438,171.52587890625,122.52730560302734,103.66804504394531
2018-03-25,54.60276794433594,60.482994079589844,40.359031677246094,121.5235366821289,102.99057006835938
2018-03-26,81.37810516357422,38.177703857421875,103.49291229248047,119.55059051513672,104.07654571533203
2018-03-27,90.82076263427734,95.30653381347656,119.24259185791016,113.27017211914062,105.86324310302734
2018-03-28,91.53147888183594,86.90451049804688,101.4817123413086,101.88009643554688,105.90149688720703
2018-03-29,176.90615844726562,105.81697082519531,213.2993621826172,103.99944305419922,109.61186218261719
2018-03-30,48.476600646972656,32.218257904052734,62.70415496826172,98.9081039428711,108.89010620117188
2018-03-31,119.91195678710938,89.65714263916016,149.56582641601562,94.8039779663086,109.76358032226562
2018-04-01,44.865478515625,44.727378845214844,37.30704879760742,93.41293334960938,106.21527099609375
2018-04-02,139.22386169433594,105.29299926757812,151.6973114013672,101.6766128540039,109.2856674194336
2018-04-03,105.72024536132812,120.45123291015625,83.72351837158203,103.80511474609375,110.94998931884766
2018-04-04,70.6681137084961,79.25691223144531,58.76274871826172,100.82463073730469,109.70062255859375
2018-04-05,69.10179901123047,34.444549560546875,93.37300872802734,85.42401123046875,109.05558013916016
2018-04-06,100.5026626586914,104.20104217529297,120.34239959716797,92.8563003540039,107.93299865722656
2018-04-07,101.63198852539062,107.651611328125,100.35584259033203,90.24488067626953,107.78418731689453
2018-04-08,84.3966293334961,126.20527648925781,70.1784439086914,95.8921890258789,107.2238540649414
2018-04-09,102.21106719970703,120.4230728149414,115.89777374267578,90.60464477539062,107.07593536376953
2018-04-10,213.29278564453125,234.33383178710938,188.21839904785156,105.97215270996094,111.76422882080078
2018-04-11,102.49281311035156,49.04512023925781,136.361572265625,110.5185317993164,110.65065002441406
2018-04-12,296.52142333984375,320.9465637207031,302.9249572753906,143.00704956054688,116.54845428466797
2018-04-13,117.60595703125,93.795166015625,136.91024780273438,145.45037841796875,117.3020248413086
2018-04-14,95.6698226928711,101.3363037109375,114.35665130615234,144.59864807128906,114.17736053466797
2018-04-15,96.12361145019531,147.4272918701172,86.0782470703125,146.27392578125,111.60374450683594
2018-04-16,194.28549194335938,193.68746948242188,226.17626953125,159.4274139404297,115.18775939941406
2018-04-17,178.36903381347656,59.27333450317383,261.3247375488281,154.4383087158203,119.07908630371094
2018-04-18,234.35853576660156,26.958131790161133,367.2671813964844,173.27627563476562,123.71807861328125
2018-04-19,214.136962890625,174.26760864257812,225.3024139404297,161.50706481933594,126.36318969726562
2018-04-20,71.06819915771484,31.4886417388916,91.92622375488281,154.8588104248047,123.02339935302734
2018-04-21,48.051753997802734,11.975960731506348,74.91851043701172,148.0562286376953,119.22276306152344
2018-04-22,29.31475830078125,0.0,48.752281188964844,138.51210021972656,117.39605712890625
2018-04-23,88.52149963378906,74.3149642944336,100.72727966308594,123.40296173095703,115.39207458496094
2018-04-24,150.57125854492188,58.106239318847656,218.09854125976562,119.43185424804688,118.59102630615234
2018-04-25,193.12814331054688,117.19442749023438,244.37928771972656,113.54179382324219,122.31602478027344
2018-04-26,146.26922607421875,85.77587890625,207.48211669921875,103.84640502929688,124.16431427001953
2018-04-27,91.80326080322266,53.387062072753906,114.50593566894531,106.80855560302734,124.17337036132812
2018-04-28,93.78045654296875,42.22209930419922,130.8074951171875,113.34123229980469,121.40251159667969
2018-04-29,52.5804443359375,14.976740837097168,74.95248413085938,116.66490173339844,121.539306640625
2018-04-30,134.5440673828125,111.00408172607422,138.88255310058594,123.23954772949219,122.02704620361328
2018-05-01,155.34799194335938,72.87992095947266,197.5644073486328,123.92194366455078,125.70979309082031
2018-05-02,186.62353515625,160.6787567138672,239.82876586914062,122.99271392822266,127.28978729248047
2018-05-03,125.34039306640625,44.62664031982422,193.55972290039062,120.00287628173828,127.94378662109375
2018-05-04,139.01663208007812,23.758068084716797,217.98231506347656,126.74764251708984,130.22207641601562
2018-05-05,64.47073364257812,24.48468017578125,86.79622650146484,122.56053924560547,130.0677032470703
2018-05-06,22.950815200805664,15.253446578979492,38.168643951416016,118.3277359008789,127.4826431274414
2018-05-07,79.70087432861328,39.72777557373047,99.41065979003906,110.49299621582031,126.75160217285156
2018-05-08,125.366455078125,48.06945037841797,168.39761352539062,106.20992279052734,128.1172637939453
2018-05-09,284.1881103515625,132.8031463623047,413.5447998046875,120.14771270751953,134.18316650390625
2018-05-10,233.39476013183594,73.47673797607422,367.7211608886719,135.5840606689453,134.85324096679688
2018-05-11,163.6328582763672,79.57521057128906,225.67018127441406,139.1006622314453,136.8912353515625
2018-05-12,99.87641143798828,66.37931823730469,132.88058471679688,144.1586151123047,130.33639526367188
2018-05-13,98.31822204589844,75.3966064453125,125.77643585205078,154.92538452148438,129.6934814453125
2018-05-14,125.73249816894531,77.13567352294922,184.97396850585938,161.50132751464844,130.69557189941406
2018-05-15,112.64398956298828,66.54652404785156,159.58082580566406,159.683837890625,131.24624633789062
2018-05-16,150.57125854492188,123.61817932128906,147.29966735839844,140.59571838378906,129.7891082763672
2018-05-17,152.6919708251953,67.65421295166016,218.66738891601562,129.06674194335938,128.93319702148438
2018-05-18,92.46244812011719,80.1546401977539,106.97102355957031,118.89954376220703,124.20333099365234
2018-05-19,55.5361442565918,39.08131790161133,65.19535827636719,112.56521606445312,118.91664123535156
2018-05-20,35.240081787109375,28.105287551879883,35.163875579833984,103.5540542602539,117.72236633300781
2018-05-21,125.66645050048828,60.13422775268555,175.55259704589844,103.54461669921875,120.30952453613281
2018-05-22,81.85124206542969,28.79975128173828,120.10917663574219,99.14566040039062,122.06073760986328
2018-05-23,179.17031860351562,99.69422912597656,214.81666564941406,103.23123931884766,125.08236694335938
2018-05-24,153.59022521972656,16.553239822387695,248.5266571044922,103.35955810546875,125.18299865722656
2018-05-25,140.5561981201172,37.87123107910156,214.80075073242188,110.23009490966797,123.43060302734375
2018-05-26,108.21454620361328,47.94731521606445,139.9747772216797,117.75557708740234,122.162109375
2018-05-27,84.34778594970703,45.866268157958984,102.01866149902344,124.77096557617188,121.9135971069336
2018-05-28,102.57495880126953,36.091487884521484,140.48471069335938,121.47218322753906,122.20674896240234
2018-05-29,71.2380142211914,10.145533561706543,110.01091003417969,119.95600891113281,122.82866668701172
2018-05-30,141.90927124023438,105.09382629394531,202.2891387939453,114.63300323486328,123.07417297363281
2018-05-31,92.13764190673828,104.97604370117188,80.26368713378906,105.85405731201172,120.9671630859375
2018-06-01,186.23287963867188,63.203277587890625,263.5888977050781,112.37930297851562,120.95413970947266
2018-06-02,90.7124252319336,68.60450744628906,119.64794921875,109.87899780273438,119.79987335205078
2018-06-03,54.559940338134766,77.7028579711914,51.84947967529297,105.62358856201172,116.98464965820312
2018-06-04,146.1427001953125,29.13857078552246,218.74002075195312,111.84754943847656,119.70704650878906
2018-06-05,178.0370330810547,64.54145812988281,242.25277709960938,127.10455322265625,124.8765869140625
2018-06-06,108.60877227783203,33.31521987915039,159.7820587158203,122.34734344482422,125.8401870727539
2018-06-07,88.7294921875,42.12208557128906,119.45552825927734,121.86046600341797,124.61895751953125
2018-06-08,116.16471099853516,44.82857131958008,155.7977294921875,111.85072326660156,119.01817321777344
2018-06-09,79.71419525146484,35.319480895996094,108.01976013183594,110.27954864501953,113.89549255371094
2018-06-10,91.42967987060547,56.09123611450195,128.6604766845703,115.5466537475586,111.48871612548828
2018-06-11,135.01004028320312,48.06945037841797,192.4544219970703,113.9562759399414,112.65983581542969
2018-06-12,155.8855438232422,69.06920623779297,208.8382110595703,110.79177856445312,114.57875061035156
2018-06-13,140.87469482421875,56.176429748535156,200.8143768310547,115.40119171142578,115.08348846435547
2018-06-14,188.4875030517578,135.93295288085938,220.09352111816406,129.65234375,117.61160278320312
2018-06-15,69.98382568359375,23.256135940551758,96.98957061767578,123.05506896972656,114.92535400390625
2018-06-16,125.56664276123047,137.10205078125,134.24476623535156,129.6054229736328,114.02117919921875
2018-06-17,24.537538528442383,32.61601257324219,27.20497703552246,120.04940032958984,111.75701904296875
2018-06-18,47.07783508300781,34.13303756713867,56.94064712524414,107.48765563964844,111.4750747680664
2018-06-19,99.42222595214844,36.04225158691406,142.7982940673828,99.42146301269531,113.6144790649414
2018-06-20,121.3394775390625,72.57958984375,141.25660705566406,96.63072204589844,113.47024536132812
2018-06-21,93.59835052490234,73.02540588378906,121.82080078125,83.07512664794922,113.86181640625
2018-06-22,57.31085968017578,22.85378074645996,82.60334014892578,81.26470184326172,109.79983520507812
2018-06-23,29.68250846862793,29.591142654418945,29.61832046508789,67.56697082519531,105.6695785522461
2018-06-24,47.90903854370117,40.9384880065918,79.67572784423828,70.90575408935547,102.58133697509766
2018-06-25,87.7807388305664,64.4814453125,107.56778717041016,76.720458984375,101.90020751953125
2018-06-26,137.2349395751953,56.61207580566406,212.49029541015625,82.12227630615234,103.66311645507812
2018-06-27,130.60302734375,63.12776565551758,164.54623413085938,83.44564056396484,104.59738159179688
2018-06-28,88.44233703613281,64.12371826171875,100.28533935546875,82.70906066894531,105.17086029052734
2018-06-29,141.04144287109375,98.80512237548828,164.8264617919922,94.67057800292969,105.14193725585938
2018-06-30,38.59983444213867,13.993098258972168,52.522315979003906,95.9444808959961,103.35733795166016
2018-07-01,59.28532791137695,44.32713317871094,61.62200927734375,97.56966400146484,99.1257553100586
2018-07-02,123.02521514892578,72.6794204711914,143.976806640625,102.6045913696289,100.20285034179688
2018-07-03,146.81739807128906,137.2176513671875,129.71347045898438,103.9735107421875,103.2780990600586
2018-07-04,49.220916748046875,19.627763748168945,65.48597717285156,92.34749603271484,100.04737091064453
2018-07-05,119.5712890625,97.12857055664062,117.83973693847656,96.79448699951172,98.0985107421875
2018-07-06,128.33192443847656,63.96845245361328,166.73751831054688,94.97884368896484,98.75595092773438
2018-07-07,82.65523529052734,44.36967468261719,105.7391128540039,101.27247619628906,98.55347442626953
2018-07-08,68.06645965576172,30.158639907836914,88.04350280761719,102.52691650390625,96.95020294189453
2018-07-09,170.4659423828125,174.5342254638672,137.916748046875,109.30416870117188,99.97525787353516
2018-07-10,121.88159942626953,78.11128234863281,144.78338623046875,105.74191284179688,100.99032592773438
2018-07-11,125.24701690673828,68.88909912109375,150.8333282470703,116.602783203125,100.66488647460938
2018-07-12,172.8645782470703,88.17010498046875,247.37049865722656,124.21611022949219,101.2308578491211
2018-07-13,125.4760513305664,164.4037628173828,119.24259185791016,123.8081283569336,100.71756744384766
2018-07-14,102.95000457763672,126.7820816040039,135.96270751953125,126.70738220214844,97.86631774902344
2018-07-15,104.6073989868164,139.04721069335938,115.97911071777344,131.92752075195312,99.02043914794922
2018-07-16,168.76254272460938,115.36668395996094,232.54908752441406,131.68417358398438,100.4603042602539
2018-07-17,100.79735565185547,91.3519058227539,114.29476928710938,128.67213439941406,103.0022964477539
2018-07-18,88.57132720947266,44.149349212646484,117.83973693847656,123.43275451660156,104.38541412353516
2018-07-19,143.0528564453125,169.3523712158203,118.95292663574219,119.17393493652344,105.83976745605469
2018-07-20,54.0997200012207,16.594829559326172,76.12950134277344,108.9773178100586,103.59844207763672
2018-07-21,121.85631561279297,25.574995040893555,191.98866271972656,111.67821502685547,104.54037475585938
2018-07-22,72.71489715576172,80.54563903808594,94.05622863769531,107.12214660644531,105.05384063720703
2018-07-23,161.70819091796875,87.9329605102539,195.58607482910156,106.1143798828125,109.45469665527344
2018-07-24,161.12632751464844,94.48844909667969,189.15048217773438,114.73280334472656,113.22860717773438
2018-07-25,105.160888671875,69.8914566040039,153.02798461914062,117.10274505615234,113.80794525146484
2018-07-26,107.8719482421875,161.3098602294922,82.22399139404297,112.07689666748047,112.82917785644531
2018-07-27,119.3347396850586,106.66043853759766,143.71324157714844,121.39618682861328,112.45356750488281
2018-07-28,38.48094177246094,51.14999008178711,26.665090560913086,109.48542022705078,110.78819274902344
2018-07-29,23.49338722229004,46.84214401245117,13.023658752441406,102.45377349853516,106.86991882324219
2018-07-30,118.85968017578125,51.51905059814453,154.69911193847656,96.33255767822266,109.54524993896484
2018-07-31,109.94091796875,76.24522399902344,119.24259185791016,89.02035522460938,111.23377227783203
2018-08-01,140.02928161621094,61.07423400878906,189.21295166015625,94.00155639648438,111.80056762695312
2018-08-02,121.88159942626953,78.11128234863281,144.78338623046875,96.00293731689453,110.96937561035156
2018-08-03,147.8824920654297,42.12208557128906,231.88424682617188,100.08118438720703,114.25809478759766
2018-08-04,84.67708587646484,40.519893646240234,112.65863800048828,106.68063354492188,113.09495544433594
2018-08-05,53.92552185058594,15.35986614227295,89.6815185546875,111.02808380126953,110.61474609375
2018-08-06,162.54562377929688,111.75537109375,177.10853576660156,117.26892852783203,113.27775573730469
2018-08-07,200.45794677734375,89.92842102050781,258.3649597167969,130.19993591308594,117.69080352783203
2018-08-08,129.0610809326172,66.71456909179688,166.93963623046875,128.633056640625,116.3106460571289
2018-08-09,170.8864288330078,34.94572830200195,262.3337097167969,135.6337432861328,117.94413757324219
2018-08-10,121.93501281738281,64.83182525634766,162.22845458984375,131.9269561767578,117.833740234375
2018-08-11,156.44570922851562,88.15364837646484,231.89866638183594,142.1796112060547,117.28644561767578
2018-08-12,85.73704528808594,77.7028579711914,103.69895935058594,146.72412109375,115.96180725097656
2018-08-13,142.4760284423828,81.16426849365234,169.24754333496094,143.85704040527344,117.27934265136719
2018-08-14,136.3998565673828,77.7028579711914,186.33409118652344,134.7058868408203,118.3390884399414
2018-08-15,111.38750457763672,67.59239196777344,128.8656768798828,132.18109130859375,116.42658996582031
2018-08-16,128.16482543945312,88.45637512207031,155.76063537597656,126.07799530029297,117.33883666992188
2018-08-17,107.13349151611328,34.17719268798828,156.7893524169922,123.96349334716797,117.95758056640625
2018-08-18,54.923404693603516,75.28722381591797,34.252899169921875,109.46031188964844,115.01992797851562
2018-08-19,57.11323547363281,48.80351638793945,54.275936126708984,105.3711929321289,115.12037658691406
2018-08-20,106.85701751708984,168.2022705078125,112.23784637451172,100.28276062011719,114.62040710449219
2018-08-21,152.000732421875,52.25271224975586,209.2028045654297,102.51145935058594,117.26326751708984
2018-08-22,119.32880401611328,66.61843872070312,158.76101684570312,103.64592742919922,115.85061645507812
2018-08-23,120.28876495361328,147.59201049804688,123.10631561279297,102.52078247070312,114.48936462402344
2018-08-24,44.46399688720703,35.461708068847656,51.76248550415039,93.5679931640625,112.46613311767578
2018-08-25,72.99467468261719,76.23522186279297,57.8070068359375,96.14960479736328,111.30355834960938
2018-08-26,43.39608383178711,0.0,72.17041015625,94.19001007080078,108.77227020263672
2018-08-27,109.45875549316406,57.43254089355469,182.03677368164062,94.56169128417969,111.13819885253906
2018-08-28,134.43862915039062,32.16595458984375,214.63665771484375,92.05281829833984,114.83637237548828
2018-08-29,139.90408325195312,143.97259521484375,165.1201171875,94.99214172363281,115.53785705566406
2018-08-30,86.16505432128906,38.177703857421875,119.41490173339844,90.11732482910156,114.74532318115234
2018-08-31,62.03310012817383,41.22810745239258,68.77662658691406,92.627197265625,112.14545440673828
2018-09-01,80.2463150024414,115.19900512695312,58.72004318237305,93.66314697265625,110.75760650634766
2018-09-02,49.1270637512207,55.97239303588867,35.01487731933594,94.48185729980469,107.46575927734375
2018-09-03,94.16999053955078,55.22359848022461,119.76103973388672,92.29774475097656,107.78219604492188
2018-09-04,14.36084270477295,9.544425964355469,15.92198657989502,75.1437759399414,106.46337127685547
2018-09-05,85.92912292480469,102.79754638671875,64.30747985839844,67.43306732177734,103.90948486328125
2018-09-06,97.68965911865234,35.41416931152344,132.9251251220703,69.0794448852539,100.48387908935547
2018-09-07,87.86651611328125,35.038421630859375,124.2083969116211,72.76992797851562,99.11072540283203
2018-09-08,59.63218307495117,77.28321838378906,39.6688232421875,69.8250503540039,95.40225219726562
2018-09-09,47.51633834838867,54.137229919433594,33.866851806640625,69.5949478149414,92.921630859375
2018-09-10,55.42262268066406,25.50093650817871,70.9010009765625,64.05960845947266,89.55419158935547
2018-09-11,81.84497833251953,120.24239349365234,35.819297790527344,73.70020294189453,89.42445373535156
2018-09-12,80.89298248291016,80.64398956298828,67.26505279541016,72.98075103759766,87.37168884277344
2018-09-13,68.56543731689453,51.26578903198242,99.77503967285156,68.82015228271484,85.11054229736328
2018-09-14,118.30599212646484,76.09150695800781,133.28244018554688,73.16864776611328,85.34115600585938
2018-09-15,63.412872314453125,42.145118713378906,70.30638885498047,73.70874786376953,83.18275451660156
2018-09-16,7.232680797576904,0.0,12.028401374816895,67.95394134521484,79.85272979736328
2018-09-17,91.08362579345703,19.11647605895996,143.50526428222656,73.04837036132812,81.05807495117188
2018-09-18,105.00934600830078,47.584598541259766,134.94688415527344,76.35755920410156,82.65460968017578
2018-09-19,58.6295166015625,16.699729919433594,90.53994750976562,73.17707061767578,81.04702758789062
2018-09-20,107.92826843261719,24.82986068725586,165.6844482421875,78.80033111572266,79.57794189453125
2018-09-21,113.79048919677734,92.43278503417969,119.15156555175781,78.15525817871094,79.3933334350586
2018-09-22,37.80805969238281,17.396162033081055,48.3670539855957,74.49742889404297,76.64397430419922
2018-09-23,27.95415687561035,27.86811065673828,34.86713790893555,77.45763397216797,76.0936508178711
2018-09-24,143.44000244140625,116.186279296875,193.8216552734375,84.93711853027344,78.44182586669922
2018-09-25,95.44012451171875,55.50204086303711,125.6556396484375,83.5700912475586,80.17662811279297
2018-09-26,110.15664672851562,7.844112873077393,176.65464782714844,90.93110656738281,80.19989013671875
2018-09-27,73.69881439208984,23.201671600341797,103.2132568359375,86.04118347167969,78.17523193359375
2018-09-28,81.45658111572266,15.467780113220215,122.56574249267578,81.42205810546875,76.22698211669922
2018-09-29,44.05010223388672,58.55268478393555,24.419361114501953,82.31377410888672,74.82315063476562
2018-09-30,36.24253463745117,28.904781341552734,48.21888732910156,83.49783325195312,73.96346282958984
2018-10-01,120.77069091796875,128.99888610839844,100.42461395263672,80.25935363769531,75.31427764892578
2018-10-02,36.00617218017578,35.89533996582031,29.94025993347168,71.76879119873047,74.87691497802734
2018-10-03,94.41998291015625,78.44112396240234,130.85528564453125,69.52069854736328,74.88524627685547
2018-10-04,69.01182556152344,48.56428527832031,87.76605987548828,68.85112762451172,76.70694732666016
2018-10-05,78.21883392333984,54.58464813232422,110.57039642333984,68.38859558105469,76.44993591308594
2018-10-06,50.7187385559082,56.88294982910156,79.07666778564453,69.34125518798828,74.88423919677734
2018-10-07,42.559757232666016,28.28583526611328,70.779541015625,70.24371337890625,73.37400817871094
2018-10-08,49.10814666748047,35.605079650878906,51.971771240234375,60.00620651245117,73.02320861816406
2018-10-09,95.87750244140625,19.11647605895996,143.50526428222656,68.55925750732422,74.63524627685547
2018-10-10,104.19609832763672,112.53166198730469,101.08270263671875,69.95584106445312,76.26103210449219
2018-10-11,130.70550537109375,57.00764465332031,176.61428833007812,78.76922607421875,77.88971710205078
2018-10-12,87.06867980957031,31.56388282775879,125.05513000488281,80.03349304199219,78.09557342529297
2018-10-13,48.09535598754883,35.96048355102539,59.989192962646484,79.65872192382812,77.41323852539062
2018-10-14,81.79179382324219,40.770015716552734,113.35407257080078,85.26329803466797,76.19609832763672
2018-10-15,122.86271667480469,47.109432220458984,172.89324951171875,95.79966735839844,78.1777572631836
2018-10-16,134.61813354492188,105.4458236694336,143.9218292236328,101.33403778076172,82.42394256591797
2018-10-17,117.82046508789062,18.070432662963867,188.40655517578125,103.28038024902344,83.31517028808594
2018-10-18,127.05738830566406,126.66629028320312,120.74537658691406,102.75921630859375,84.05010223388672
2018-10-19,106.1982192993164,48.86369323730469,135.85716247558594,105.49201202392578,85.63572692871094
2018-10-20,86.23381042480469,11.857707023620605,133.521728515625,110.94036102294922,84.9125747680664
2018-10-21,35.09075927734375,13.993098258972168,46.68650436401367,104.26878356933594,82.28925323486328
2018-10-22,83.91838073730469,8.806323051452637,132.2161865234375,98.70530700683594,83.82626342773438
2018-10-23,108.8228530883789,86.79031372070312,130.30503845214844,95.02027130126953,86.52188873291016
2018-10-24,127.58169555664062,63.5944938659668,204.5986328125,96.41472625732422,85.99327850341797
2018-10-25,141.05126953125,127.83372497558594,135.05953979492188,98.41385650634766,87.5136489868164
2018-10-26,159.10116577148438,89.47311401367188,196.75027465820312,105.97142028808594,89.14513397216797
2018-10-27,94.45203399658203,87.43549346923828,84.14981079101562,107.14545440673828,89.83690643310547
2018-10-28,51.074832916259766,58.19156265258789,48.53750991821289,109.42889404296875,88.82418060302734
2018-10-29,94.36099243164062,69.31513977050781,99.11257934570312,110.92069244384766,90.50121307373047
2018-10-30,109.74150848388672,89.14376831054688,114.91181182861328,111.05192565917969,92.95117950439453
2018-10-31,81.52692413330078,102.66439056396484,114.17632293701172,104.47267150878906,91.64305114746094
2018-11-01,101.45014190673828,61.56217956542969,117.3689956665039,98.81536865234375,93.82451629638672
2018-11-02,103.39347076416016,31.715450286865234,158.722900390625,90.85713195800781,94.1236343383789
2018-11-03,47.92141342163086,35.83042907714844,59.77223587036133,84.20989990234375,93.42061614990234
2018-11-04,44.33646774291992,25.25714111328125,63.20085144042969,83.24727630615234,92.29120635986328
2018-11-05,114.6827621459961,35.17838668823242,176.0535125732422,86.15038299560547,94.42333984375
2018-11-06,62.58562469482422,35.65312957763672,81.78013610839844,79.41382598876953,95.09087371826172
2018-11-07,140.43304443359375,32.94136047363281,206.07261657714844,87.82898712158203,98.1350326538086
2018-11-08,60.81825637817383,64.67312622070312,60.68674087524414,82.0244369506836,96.96639251708984
2018-11-09,114.37254333496094,118.24347686767578,126.80579376220703,83.5928726196289,97.30561065673828
2018-11-10,37.60993957519531,17.305002212524414,48.11360549926758,82.11980438232422,94.20242309570312
2018-11-11,22.585689544677734,15.010778427124023,25.040943145751953,79.0125503540039,92.05298614501953
2018-11-12,42.7428092956543,63.91686248779297,26.6564884185791,68.73541259765625,91.87457275390625
2018-11-13,142.2847900390625,97.51969146728516,162.68209838867188,80.12100982666016,93.89100646972656
2018-11-14,33.37599563598633,24.954946517944336,34.69148254394531,64.8271484375,90.90811157226562
2018-11-15,106.85701751708984,57.36128616333008,157.20494079589844,71.40411376953125,89.98274230957031
2018-11-16,44.5455322265625,24.2227725982666,67.34728240966797,61.42882537841797,87.54024505615234
2018-11-17,45.58579635620117,36.356380462646484,45.48721694946289,62.568233489990234,84.82452392578125
2018-11-18,34.79587936401367,13.875510215759277,46.294185638427734,64.31254577636719,82.44445037841797
2018-11-19,55.67340850830078,37.00135803222656,61.72557830810547,66.15977478027344,81.42576599121094
2018-11-20,58.04248809814453,24.798782348632812,89.63341522216797,54.125160217285156,82.19082641601562
2018-11-21,84.62763977050781,72.314697265625,113.9332504272461,61.44682312011719,82.21446990966797
2018-11-22,58.45708084106445,0.0,97.21778869628906,54.53254699707031,80.53560638427734
2018-11-23,135.29591369628906,95.72090911865234,174.1978759765625,67.49688720703125,80.7927474975586
2018-11-24,70.05430603027344,26.605207443237305,99.86116790771484,70.99238586425781,78.42618560791016
2018-11-25,62.20784378051758,77.52045440673828,38.79582595825195,74.90838623046875,75.19640350341797
2018-11-26,101.25752258300781,105.7527847290039,112.26507568359375,81.42040252685547,75.42325592041016
2018-11-27,129.9046173095703,92.5033950805664,162.02963256835938,91.68641662597656,78.05091094970703
2018-11-28,100.890380859375,50.2899169921875,146.81365966796875,94.0096664428711,78.26856231689453
2018-11-29,96.0164566040039,63.81393814086914,119.76103973388672,99.37528991699219,77.8110580444336
2018-11-30,142.18678283691406,30.648456573486328,223.68359375,100.35970306396484,79.83305358886719
2018-12-01,53.17625045776367,6.2367730140686035,88.43543243408203,97.94854736328125,78.22392272949219
2018-12-02,21.417463302612305,14.234358787536621,23.7457218170166,92.12135314941406,75.49139404296875
2018-12-03,50.19042205810547,45.487205505371094,45.528987884521484,84.8260498046875,75.56702423095703
2018-12-04,99.66178131103516,37.84952926635742,134.1735382080078,80.50564575195312,77.41120147705078
2018-12-05,103.38850402832031,24.73686408996582,151.30857849121094,80.8625259399414,77.03472900390625
2018-12-06,131.27745056152344,113.423583984375,160.10325622558594,85.89981079101562,79.32445526123047
2018-12-07,196.083984375,124.77474212646484,235.90208435058594,93.59941101074219,81.17948150634766
2018-12-08,76.75086975097656,48.9693603515625,86.79622650146484,96.96720886230469,81.7105712890625
2018-12-09,35.6190071105957,28.407495498657227,35.54198455810547,98.99600219726562,79.08545684814453
2018-12-10,90.9520034790039,28.633275985717773,135.33688354492188,104.81908416748047,80.863525390625
2018-12-11,95.38807678222656,60.5146598815918,122.58263397216797,104.20855712890625,83.29026794433594
2018-12-12,85.98194885253906,54.137229919433594,112.88949584960938,101.72190856933594,84.73157501220703
2018-12-13,132.15029907226562,114.17772674560547,131.8645477294922,101.84659576416016,84.39376068115234
2018-12-14,120.08057403564453,99.07113647460938,144.6114501953125,90.98896789550781,87.2839126586914
2018-12-15,76.80348205566406,73.23806762695312,88.8549575805664,90.9964828491211,86.2821273803711
2018-12-16,39.24843215942383,46.95314407348633,39.16355895996094,91.51497650146484,86.10555267333984
2018-12-17,72.8036880493164,51.84256362915039,86.48363494873047,88.92235565185547,87.0128173828125
2018-12-18,72.2216796875,38.39966583251953,88.08006286621094,85.61286926269531,88.26034545898438
2018-12-19,62.3332633972168,26.63202667236328,81.45037841796875,82.23448944091797,88.48233795166016
2018-12-20,162.69090270996094,108.12674713134766,195.40818786621094,86.5974349975586,91.97061920166016
2018-12-21,210.32177734375,157.2557830810547,247.7595977783203,99.48902893066406,96.1604232788086
2018-12-22,64.04534912109375,92.2251968383789,41.421112060546875,97.66644287109375,96.3467025756836
2018-12-23,81.79179382324219,48.92401885986328,108.81990814208984,103.74406433105469,94.563232421875
2018-12-24,111.24295043945312,123.22280883789062,92.50199890136719,109.23538970947266,95.93618774414062
2018-12-25,65.59539794921875,98.09024047851562,27.272314071655273,108.28877258300781,96.04910278320312
2018-12-26,63.09653091430664,62.902313232421875,52.466739654541016,108.39781188964844,94.77706909179688
2018-12-27,30.22415542602539,12.052450180053711,40.211734771728516,89.47399139404297,91.45439147949219
2018-12-28,102.00775909423828,64.22764587402344,133.9304962158203,74.00056457519531,91.49163818359375
2018-12-29,58.20030975341797,67.69136047363281,40.32948684692383,73.16555786132812,90.23109436035156
2018-12-30,32.555946350097656,48.6836051940918,13.535645484924316,66.13186645507812,86.57673645019531
2018-12-31,86.68401336669922,86.41719055175781,113.2693099975586,62.623443603515625,87.69365692138672
2019-01-01,83.74468994140625,92.76324462890625,77.37370300292969,65.21620178222656,89.77123260498047
2019-01-02,189.860595703125,99.6190414428711,249.2763671875,83.32535552978516,94.42691040039062
2019-01-03,9.491598129272461,9.462382316589355,7.892561435699463,80.36355590820312,91.42123413085938
2019-01-04,99.0169677734375,62.81684112548828,112.2759780883789,79.9363021850586,91.27552032470703
2019-01-05,40.47944259643555,26.903230667114258,61.709861755371094,77.40474700927734,88.24891662597656
2019-01-06,40.49593734741211,0.0,67.34728240966797,78.53903198242188,83.0626449584961
2019-01-07,83.16069793701172,46.05817794799805,99.8843765258789,78.03570556640625,83.27630615234375
2019-01-08,67.88048553466797,27.068614959716797,90.31159210205078,75.7693862915039,84.35169219970703
2019-01-09,106.42787170410156,79.57521057128906,132.74716186523438,63.85042953491211,84.8675537109375
2019-01-10,76.83790588378906,42.556331634521484,92.29006958007812,73.47132873535156,84.24921417236328
2019-01-11,101.2398452758789,113.03960418701172,127.9598388671875,73.78888702392578,84.7578125
2019-01-12,51.75886917114258,6.070535659790039,86.0782470703125,75.40023040771484,82.07809448242188
2019-01-13,37.72856140136719,15.04497241973877,50.19597244262695,75.00489044189453,79.3330307006836
2019-01-14,89.27487182617188,46.84214401245117,117.21292114257812,75.87834167480469,79.74874114990234
2019-01-15,102.54247283935547,35.557159423828125,140.87637329101562,80.8300552368164,81.8585433959961
2019-01-16,92.7673568725586,77.06817626953125,96.4237060546875,78.87855529785156,82.52400207519531
2019-01-17,160.6356658935547,138.50050354003906,194.9452362060547,90.84966278076172,85.47113037109375
2019-01-18,112.82587432861328,107.97943878173828,112.58189392089844,92.50480651855469,87.15422058105469
2019-01-19,22.317588806152344,12.713652610778809,31.813325881958008,88.29891204833984,82.47511291503906
2019-01-20,47.83491134643555,23.843835830688477,69.6083984375,89.74267578125,77.05888366699219
2019-01-21,70.80297088623047,60.50145721435547,75.6962890625,87.10383605957031,77.28413391113281
2019-01-22,144.76516723632812,101.87264251708984,191.18663024902344,93.13565063476562,79.38324737548828
2019-01-23,58.188140869140625,66.29603576660156,96.77052307128906,88.19576263427734,77.61475372314453
2019-01-24,91.32392120361328,82.76619720458984,110.45629119873047,78.29408264160156,78.47237396240234
2019-01-25,91.13523864746094,47.40245819091797,131.79444885253906,75.19541931152344,79.40699768066406
2019-01-26,40.13362503051758,49.24319076538086,30.805261611938477,77.74057006835938,79.73731231689453
2019-01-27,75.62940216064453,75.3966064453125,88.04350280761719,81.71121215820312,78.8580322265625
2019-01-28,101.14710235595703,20.167152404785156,151.392578125,86.04608154296875,80.28958892822266
2019-01-29,101.45014190673828,43.972984313964844,139.37570190429688,79.85822296142578,82.58606719970703
2019-01-30,173.69268798828125,57.71935272216797,254.4735107421875,96.35887145996094,85.4863510131836
2019-01-31,148.13967895507812,32.81859588623047,232.6785888671875,104.47541046142578,87.63285064697266
2019-02-01,113.57374572753906,67.93449401855469,138.51219177246094,107.680908203125,85.08995819091797
2019-02-02,75.83717346191406,18.1448974609375,110.98733520507812,112.78141784667969,87.30147552490234
2019-02-03,82.25337219238281,44.727378845214844,111.92115020751953,113.72769927978516,86.74269104003906
2019-02-04,179.9779815673828,29.095781326293945,291.2250671386719,124.9892578125,91.39263916015625
2019-02-05,106.4093017578125,18.44900131225586,161.57704162597656,125.69770812988281,93.58975219726562
2019-02-06,103.09750366210938,35.74961853027344,156.54824829101562,115.61267852783203,94.25431823730469
2019-02-07,92.48285675048828,33.526611328125,139.82252502441406,107.66170501708984,95.07439422607422
2019-02-08,62.35421371459961,85.47313690185547,38.88711166381836,100.3446273803711,93.60527038574219
2019-02-09,30.334869384765625,18.1448974609375,35.314151763916016,93.84429931640625,92.05516815185547
2019-02-10,39.15564727783203,31.228097915649414,39.07097625732422,87.68748474121094,89.9856948852539
2019-02-11,96.53187561035156,91.16976165771484,84.49398040771484,75.76660919189453,91.47813415527344
2019-02-12,69.21783447265625,29.57347297668457,90.44639587402344,70.45354461669922,92.52777099609375
2019-02-13,88.7294921875,25.273250579833984,133.5091094970703,68.40097045898438,92.50959014892578
2019-02-14,76.54199981689453,25.435466766357422,113.15035247802734,66.12370300292969,91.64291381835938
2019-02-15,145.10621643066406,165.32522583007812,158.5821990966797,77.94541931152344,93.38754272460938
2019-02-16,61.661033630371094,47.81095886230469,91.15214538574219,82.42058563232422,90.08838653564453
2019-02-17,86.22735595703125,42.98097229003906,119.50125122070312,89.1451187133789,89.20176696777344
2019-02-18,67.14663696289062,22.31332015991211,102.36331939697266,84.94722747802734,90.6960678100586
2019-02-19,116.57129669189453,116.21247863769531,153.47674560546875,91.71200561523438,92.9872817993164
2019-02-20,171.33970642089844,124.22712707519531,198.6005859375,103.51346588134766,96.33850860595703
2019-02-21,116.54501342773438,62.56184005737305,156.54824829101562,109.22817993164062,95.39783477783203
2019-02-22,69.43730163574219,40.71974563598633,88.30714416503906,98.4183349609375,95.7728042602539
2019-02-23,46.90999984741211,14.389416694641113,66.01206970214844,96.31104278564453,94.29234313964844
2019-02-24,74.9758071899414,13.590004920959473,124.68946838378906,94.70368194580078,93.75369262695312
2019-02-25,139.0223846435547,76.46590423583984,167.4228057861328,104.97164154052734,97.04998779296875
2019-02-26,124.9152603149414,64.57150268554688,184.65948486328125,106.16363525390625,98.6928482055664
2019-02-27,160.55812072753906,117.94183349609375,189.7234649658203,104.6234130859375,100.6732177734375
2019-02-28,162.6325225830078,153.59866333007812,220.64500427246094,111.20734405517578,102.71263122558594
2019-03-01,184.49745178222656,66.88346862792969,278.9371032714844,127.6445083618164,103.07279205322266
2019-03-02,131.74984741210938,50.03593063354492,208.67453002929688,139.7644805908203,102.52645874023438
2019-03-03,77.75981140136719,108.52862548828125,64.65971374511719,140.16220092773438,101.3326644897461
2019-03-04,62.95815658569336,77.24845123291016,72.48694610595703,129.29588317871094,100.90336608886719
2019-03-05,103.0784912109375,37.36771011352539,140.2576141357422,126.17634582519531,101.5975341796875
2019-03-06,81.01388549804688,44.86917495727539,104.79090118408203,114.81288146972656,98.2987289428711
2019-03-07,91.09561157226562,74.30335998535156,123.95267486572266,104.59332275390625,97.78827667236328
2019-03-08,55.01298904418945,62.67845916748047,39.210018157958984,86.09554290771484,96.18545532226562
2019-03-09,81.60523223876953,48.209800720214844,95.50286865234375,78.93202209472656,95.82286834716797
2019-03-10,23.218931198120117,30.86328125,12.871512413024902,71.14047241210938,94.51835632324219
2019-03-11,44.899261474609375,49.7345085144043,41.48349380493164,68.56063079833984,95.00383758544922
2019-03-12,101.31523895263672,96.61192321777344,87.90969848632812,68.3087387084961,97.0758285522461
2019-03-13,115.2568588256836,110.64645385742188,106.4885482788086,73.20059204101562,97.69998931884766
2019-03-14,66.66802978515625,74.77067565917969,62.36612319946289,69.7109375,97.61499786376953
2019-03-15,61.11748123168945,56.86740493774414,54.20917510986328,70.5830078125,96.69459533691406
2019-03-16,81.60523223876953,48.209800720214844,95.50286865234375,70.5830078125,96.86337280273438
2019-03-17,32.555946350097656,32.45573806762695,40.606937408447266,71.91686248779297,93.1116943359375
2019-03-18,79.94129943847656,139.46665954589844,16.618425369262695,76.92286682128906,93.72103881835938
2019-03-19,107.43463134765625,142.8052520751953,59.55683898925781,77.79706573486328,94.42794799804688
2019-03-20,60.30682373046875,60.12119674682617,57.31087112426758,69.94706726074219,94.199951171875
2019-03-21,88.87377166748047,56.38195037841797,107.49282836914062,73.11930847167969,93.27670288085938
2019-03-22,122.84458923339844,118.24347686767578,119.76103973388672,81.93746948242188,91.66020202636719
2019-03-23,77.73173522949219,59.60959243774414,79.55245971679688,81.38411712646484,90.36642456054688
2019-03-24,67.19204711914062,66.98522186279297,78.22120666503906,86.3321304321289,90.29158020019531
2019-03-25,51.393856048583984,9.31557559967041,77.70109558105469,82.25392150878906,90.4410400390625
2019-03-26,88.7294921875,108.11334991455078,65.58342742919922,79.58175659179688,90.89949798583984
2019-03-27,80.89817810058594,84.89386749267578,70.80986785888672,82.52338409423828,88.96202850341797
2019-03-28,81.34545135498047,81.09506225585938,75.15699005126953,81.44790649414062,87.50969696044922
2019-03-29,77.67399597167969,63.76992416381836,98.7822036743164,74.99496459960938,84.74689483642578
2019-03-30,67.22923278808594,24.37174415588379,101.64220428466797,73.4946060180664,81.56678771972656
2019-03-31,22.33191680908203,14.842118263244629,24.759584426879883,67.08601379394531,76.16127014160156
2019-04-01,65.44586181640625,50.18801498413086,75.35116577148438,69.09344482421875,73.95113372802734
2019-04-02,60.65264892578125,9.302453994750977,93.10999298095703,65.08246612548828,73.38089752197266
2019-04-03,83.96876525878906,25.113088607788086,118.69851684570312,65.52112579345703,74.08125305175781
2019-04-04,72.56913757324219,59.578861236572266,106.4885482788086,64.26736450195312,73.06427001953125
2019-04-05,71.19298553466797,33.39945983886719,97.50456237792969,63.34150695800781,72.73690795898438
2019-04-06,58.60221862792969,24.598669052124023,82.07087707519531,62.10907745361328,71.65379333496094
2019-04-07,15.515539169311523,15.467780113220215,12.901657104492188,61.13530731201172,70.33721160888672
2019-04-08,96.82890319824219,111.77256774902344,76.278564453125,65.61859893798828,70.84466552734375
2019-04-09,167.5431671142578,95.44425201416016,230.8688201904297,80.888671875,75.65547943115234
2019-04-10,76.34598541259766,25.370330810546875,112.860595703125,79.7997055053711,76.70369720458984
2019-04-11,104.19609832763672,43.28140640258789,144.40386962890625,84.31784057617188,76.79972839355469
2019-04-12,103.63340759277344,81.17560577392578,166.1935272216797,88.95218658447266,76.41227722167969
2019-04-13,81.09864044189453,31.095773696899414,114.12257385253906,92.16596221923828,76.89330291748047
2019-04-14,51.87466049194336,29.551420211791992,61.62200927734375,97.36012268066406,76.585205078125
2019-04-15,56.66912078857422,41.0870475769043,59.9736442565918,91.62300872802734,75.7540054321289
2019-04-16,124.46063232421875,66.81098175048828,151.25888061523438,85.4683609008789,78.81748962402344
2019-04-17,67.70211029052734,67.49372100830078,56.29642868041992,84.2335205078125,78.4095230102539
2019-04-18,54.60276794433594,36.289794921875,68.10586547851562,77.14876556396484,76.6484603881836
2019-04-19,51.31344223022461,22.735774993896484,66.37358093261719,69.67448425292969,76.34867858886719
2019-04-20,46.23723602294922,32.9249382019043,60.41783142089844,64.69428253173828,74.92745971679688
2019-04-21,86.96478271484375,94.57865142822266,92.03592681884766,69.7071533203125,73.7314682006836
2019-04-22,95.9346694946289,90.0135269165039,84.46519470214844,75.31652069091797,74.3382339477539
2019-04-23,156.499267578125,114.4128646850586,173.51205444335938,79.89347076416016,77.31513977050781
2019-04-24,88.273193359375,138.94969177246094,30.90607261657715,82.83219146728516,78.54444885253906
2019-04-25,99.6260986328125,99.31944274902344,103.55277252197266,89.26409912109375,78.90766906738281
2019-04-26,129.5658721923828,103.33365631103516,150.8333282470703,100.4430160522461,80.5299301147461
2019-04-27,53.717315673828125,41.65153121948242,64.51991271972656,101.5115966796875,79.6089859008789
2019-04-28,29.709129333496094,44.426517486572266,12.352035522460938,93.33222198486328,78.01016235351562
2019-04-29,68.80704498291016,58.795928955078125,98.0832290649414,89.45684814453125,78.06275177001953
2019-04-30,49.37431716918945,44.74757766723633,52.25345993041992,74.15328216552734,78.96416473388672
2019-05-01,61.51911544799805,9.435346603393555,102.31014251708984,70.33126831054688,78.8332748413086
2019-05-02,186.33192443847656,90.8152084350586,247.9053497314453,82.71781921386719,83.0225830078125
2019-05-03,70.14849090576172,54.391998291015625,77.77422332763672,74.22962188720703,82.5619125366211
2019-05-04,51.80648422241211,24.304479598999023,65.88510131835938,73.9566421508789,81.86981964111328
2019-05-05,93.311767578125,31.008182525634766,142.25137329101562,83.04273223876953,82.60711669921875
2019-05-06,134.9949188232422,103.52261352539062,164.0613555908203,92.4981460571289,85.15353393554688
2019-05-07,122.5062026977539,87.9329605102539,138.54013061523438,102.945556640625,88.71989440917969
2019-05-08,56.73699188232422,26.105703353881836,87.09893798828125,102.26239776611328,87.38349151611328
2019-05-09,167.1282501220703,85.44298553466797,213.8036651611328,99.51901245117188,87.36966705322266
2019-05-10,135.96359252929688,57.50397491455078,178.15199279785156,108.92117309570312,89.35691833496094
2019-05-11,56.26442337036133,35.0570182800293,64.33023834228516,109.55802154541016,87.75919342041016
2019-05-12,31.177106857299805,62.16228103637695,0.0,100.681640625,85.34398651123047
2019-05-13,130.95069885253906,38.6807746887207,193.58152770996094,100.10389709472656,87.00572204589844
2019-05-14,248.6771697998047,93.55159759521484,351.14068603515625,118.1283187866211,93.56580352783203
2019-05-15,184.76473999023438,201.73849487304688,204.8502197265625,136.41799926757812,97.83565521240234
2019-05-16,158.53598022460938,199.6395721435547,131.82763671875,135.19053649902344,98.97150421142578
2019-05-17,141.05126953125,119.31147766113281,156.38473510742188,135.91734313964844,101.41647338867188
2019-05-18,81.71419525146484,43.8645133972168,125.44230651855469,139.5530242919922,102.3201904296875
2019-05-19,57.23658752441406,42.79530715942383,71.39102935791016,143.2758026123047,102.51763153076172
2019-05-20,102.84115600585938,53.96031951904297,135.0247039794922,139.26016235351562,104.40442657470703
2019-05-21,131.1907958984375,84.07734680175781,163.63389587402344,122.47638702392578,105.87862396240234
2019-05-22,93.18052673339844,46.44685363769531,123.97203826904297,109.39292907714844,105.78681945800781
2019-05-23,102.54247283935547,97.78219604492188,88.97455596923828,101.39385986328125,103.9882583618164
2019-05-24,148.69381713867188,74.11805725097656,206.07261657714844,102.48564910888672,106.00228118896484
2019-05-25,64.11421203613281,6.087320327758789,101.54853057861328,99.97136688232422,104.81855010986328
2019-05-26,39.71903610229492,0.0,66.05524444580078,97.46885681152344,101.82365417480469
2019-05-27,43.34200668334961,37.03593826293945,41.1888427734375,88.96897888183594,101.47781372070312
2019-05-28,69.45706939697266,0.0,115.5114517211914,80.1498794555664,102.80274200439453
2019-05-29,67.5115737915039,17.947669982910156,97.30583953857422,76.4828872680664,102.75955963134766
2019-05-30,120.23086547851562,107.46139526367188,124.1078109741211,79.00979614257812,105.12144470214844
2019-05-31,104.56336975097656,33.35728454589844,146.07217407226562,72.7054443359375,106.55625915527344
2019-06-01,130.1598358154297,71.3675537109375,167.7595672607422,82.14053344726562,104.68385314941406
2019-06-02,28.994028091430664,43.357173919677734,24.10944366455078,80.60839080810547,103.3120346069336
2019-06-03,129.24758911132812,95.44425201416016,143.29788208007812,92.880615234375,105.8934097290039
2019-06-04,69.39736938476562,18.44900131225586,100.02388000488281,92.8720932006836,105.09626007080078
2019-06-05,122.38550567626953,89.47311401367188,142.47433471679688,100.71121978759766,104.67594909667969
2019-06-06,82.92330169677734,60.91330337524414,116.13191223144531,95.3815689086914,103.35652160644531
2019-06-07,69.92227935791016,60.99366760253906,72.6781997680664,90.43284606933594,103.79602813720703
2019-06-08,50.870506286621094,17.899032592773438,69.67127990722656,79.10579681396484,99.92076873779297
2019-06-09,53.92552185058594,30.7197322845459,64.0582275390625,82.66744232177734,97.18616485595703
2019-06-10,56.934757232666016,30.959732055664062,68.86259460449219,72.3370361328125,97.20851135253906
2019-06-11,74.29241943359375,52.2802848815918,87.2138442993164,73.03633117675781,98.64569091796875
2019-06-12,95.03267669677734,99.25160217285156,75.2596664428711,69.1287841796875,97.44841766357422
2019-06-13,114.66580963134766,59.27333450317383,169.5079345703125,73.66342163085938,92.98137664794922
2019-06-14,192.6398468017578,125.24795532226562,229.83218383789062,91.19450378417969,93.24388122558594
2019-06-15,108.25385284423828,37.00135803222656,149.17013549804688,99.39212799072266,91.56781005859375
2019-06-16,62.501277923583984,62.308895111083984,64.96471405029297,100.61723327636719,88.94947814941406
2019-06-17,126.36498260498047,17.99657440185547,195.1419677734375,110.53583526611328,90.43783569335938
2019-06-18,157.74131774902344,91.04281616210938,200.2020263671875,122.45710754394531,93.78799438476562
2019-06-19,135.55264282226562,8.445961952209473,218.3877716064453,128.2456817626953,94.87837219238281
2019-06-20,72.56913757324219,25.533798217773438,106.4885482788086,122.23186492919922,92.92432403564453
2019-06-21,125.99950408935547,40.519893646240234,196.02603149414062,112.7118148803711,94.0182876586914
2019-06-22,167.47055053710938,106.85124969482422,211.670654296875,121.17134094238281,96.18255615234375
2019-06-23,99.30609893798828,42.42875289916992,153.35568237304688,126.4291763305664,94.53630065917969
2019-06-24,171.24745178222656,21.340042114257812,284.79522705078125,132.84095764160156,98.10740661621094
2019-06-25,82.01680755615234,0.0,136.3990936279297,122.0231704711914,99.517333984375
2019-06-26,123.7572021484375,24.67525291442871,198.9554443359375,120.33810424804688,102.19783782958984
2019-06-27,134.94033813476562,86.79031372070312,159.26171875,129.24827575683594,104.380615234375
2019-06-28,153.90248107910156,87.67357635498047,201.1031494140625,133.2344207763672,107.26030731201172
2019-06-29,83.27684020996094,36.89800262451172,117.97689056396484,121.20674896240234,106.02851104736328
2019-06-30,23.661197662353516,0.0,39.35005569458008,110.40032958984375,103.33177185058594
2019-07-01,112.51927947998047,26.921504974365234,172.156494140625,102.01058959960938,102.7437515258789
2019-07-02,138.2222442626953,47.516136169433594,214.01901245117188,110.0399398803711,106.38468933105469
2019-07-03,66.82413482666016,9.51692008972168,103.19467163085938,101.90664672851562,104.30390930175781
2019-07-04,105.83283996582031,52.753536224365234,158.40597534179688,97.74842834472656,105.51842498779297
2019-07-05,98.34883880615234,35.65312957763672,141.25660705566406,89.81219482421875,104.71720123291016
2019-07-06,52.012840270996094,38.88955307006836,54.06288146972656,85.34590911865234,103.68685913085938
2019-07-07,52.02985763549805,17.289901733398438,72.10742950439453,89.39857482910156,103.09043884277344
2019-07-08,53.5069694519043,9.698594093322754,80.8958511352539,80.96824645996094,103.1783218383789
2019-07-09,96.6531753540039,35.038421630859375,138.82113647460938,75.0298080444336,104.60257720947266
2019-07-10,100.7791748046875,26.20929718017578,153.02798461914062,79.88053131103516,106.06405639648438
2019-07-11,119.67986297607422,68.17799377441406,156.38473510742188,81.85867309570312,107.57697296142578
2019-07-12,107.3701400756836,39.64431381225586,145.49600219726562,83.14743041992188,107.98822021484375
2019-07-13,77.71419525146484,38.737491607666016,96.93268585205078,86.81905364990234,106.75650024414062
2019-07-14,31.32451629638672,15.614048957824707,39.07097625732422,83.86114501953125,101.37932586669922
2019-07-15,31.055322647094727,30.959732055664062,43.03912353515625,80.65377044677734,98.80603790283203
2019-07-16,76.37043762207031,28.550762176513672,111.13272094726562,77.75623321533203,99.26834869384766
2019-07-17,147.22523498535156,82.55928039550781,198.9364013671875,84.39138793945312,99.96368408203125
2019-07-18,102.68067169189453,115.71651458740234,103.94354248046875,81.96292877197266,98.12833404541016
2019-07-19,48.779441833496094,17.683380126953125,66.37358093261719,73.59283447265625,95.23589324951172
2019-07-20,86.82132720947266,39.94804000854492,138.83587646484375,74.89385223388672,95.71096801757812
2019-07-21,61.02098083496094,17.380901336669922,86.98432922363281,79.13619995117188,93.54501342773438
2019-07-22,193.0157470703125,104.0116958618164,242.9168701171875,102.27340698242188,94.39652252197266
2019-07-23,139.26712036132812,99.1703109741211,198.52279663085938,111.2586441040039,95.72855377197266
2019-07-24,99.51920318603516,47.244224548339844,126.1003189086914,104.44349670410156,93.33761596679688
2019-07-25,74.43972778320312,37.10529708862305,92.84844207763672,100.4090805053711,93.08504486083984
2019-07-26,137.65362548828125,61.97479248046875,192.00294494628906,113.10539245605469,93.54825592041016
2019-07-27,62.81315994262695,13.18311882019043,98.9642105102539,109.67565155029297,91.1440200805664
2019-07-28,31.775230407714844,0.0,52.844200134277344,105.49768829345703,87.07311248779297
2019-07-29,137.6140899658203,88.19389343261719,171.64564514160156,97.58316802978516,88.88435363769531
2019-07-30,152.35845947265625,137.19049072265625,155.29843139648438,99.45335388183594,93.17426300048828
2019-07-31,89.65638732910156,84.67618560791016,109.86624908447266,98.04438018798828,92.41216278076172
2019-08-01,107.72577667236328,89.49515533447266,111.97169494628906,102.79953002929688,91.39561462402344
2019-08-02,110.98809051513672,42.556331634521484,156.18321228027344,98.99017333984375,92.86774444580078
2019-08-03,112.1785888671875,78.94114685058594,131.68942260742188,106.04237365722656,93.07926940917969
2019-08-04,115.36304473876953,147.86737060546875,82.22399139404297,117.98348999023438,93.64641571044922
2019-08-05,103.51773834228516,103.19910430908203,94.68607330322266,113.11258697509766,95.36324310302734
2019-08-06,270.9353332519531,183.46507263183594,306.05596923828125,130.05213928222656,102.66009521484375
2019-08-07,106.0021743774414,88.06324005126953,124.87084197998047,132.3872528076172,104.4099349975586
2019-08-08,144.63323974609375,148.83926391601562,124.14664459228516,137.6597442626953,106.00926971435547
2019-08-09,105.86102294921875,61.56217956542969,132.04013061523438,136.92730712890625,106.17866516113281
2019-08-10,90.65974426269531,20.85708236694336,139.1749267578125,133.85317993164062,105.2113265991211
2019-08-11,76.1509780883789,60.7332649230957,88.65069580078125,128.25146484375,104.17068481445312
2019-08-12,151.52122497558594,83.3405990600586,191.164306640625,135.10910034179688,106.63092041015625
2019-08-13,40.672725677490234,27.031686782836914,45.09419250488281,102.21444702148438,106.9425277709961
2019-08-14,105.77139282226562,86.27384948730469,111.93920135498047,102.18147277832031,109.43306732177734
2019-08-15,96.88568878173828,101.1868667602539,107.41797637939453,95.36039733886719,110.11690521240234
2019-08-16,104.6073989868164,78.21405792236328,115.97911071777344,95.18130493164062,108.6963119506836
2019-08-17,99.67605590820312,33.12308120727539,149.19078063964844,96.46935272216797,108.59616088867188
2019-08-18,88.65753173828125,64.27973175048828,107.23129272460938,98.2560043334961,109.92543029785156
2019-08-19,127.8534927368164,46.34907150268555,173.96865844726562,94.8749008178711,111.29316711425781
2019-08-20,76.67980194091797,50.962520599365234,110.52021026611328,100.01876831054688,111.81512451171875
2019-08-21,114.39083099365234,47.516136169433594,150.60597229003906,101.25011444091797,109.19429779052734
2019-08-22,147.9677276611328,66.61843872070312,206.38934326171875,108.54754638671875,109.48431396484375
2019-08-23,96.78153228759766,70.16990661621094,146.32159423828125,107.4295654296875,109.39305877685547
2019-08-24,66.05319213867188,46.094913482666016,76.89541625976562,102.62630462646484,109.11351013183594
2019-08-25,83.02174377441406,99.31944274902344,82.84222412109375,101.8211898803711,107.29244995117188
2019-08-26,121.19149780273438,69.03912353515625,143.963623046875,100.86947631835938,109.23838806152344
2019-08-27,178.0950469970703,111.60087585449219,203.09706115722656,115.35736846923828,114.11571502685547
2019-08-28,83.47319030761719,78.8364486694336,102.28926086425781,110.94055938720703,112.31101989746094
2019-08-29,76.37043762207031,57.101524353027344,79.38050842285156,100.7123794555664,109.77809143066406
2019-08-30,45.77669143676758,41.48707580566406,55.36690902709961,93.42597198486328,108.3154296875
2019-08-31,37.03073501586914,13.424273490905762,50.387264251708984,89.2799072265625,105.95893096923828
2019-09-01,35.542572021484375,56.69306945800781,11.821905136108398,82.4971694946289,103.44407653808594
2019-09-02,118.91268920898438,146.77206420898438,113.00528717041016,82.17162322998047,103.66854858398438
2019-09-03,83.72998809814453,41.73612976074219,113.13917541503906,68.69090270996094,102.6141128540039
2019-09-04,89.6500015258789,53.62443542480469,104.36550903320312,69.57330322265625,102.15185546875
2019-09-05,81.01388549804688,44.86917495727539,127.24610137939453,70.23664855957031,95.8211441040039
2019-09-06,81.73868560791016,42.887939453125,100.16377258300781,75.37407684326172,95.01235961914062
2019-09-07,18.947002410888672,25.18490982055664,10.503351211547852,72.79068756103516,90.82281494140625
2019-09-08,64.95230865478516,43.168251037597656,96.01756286621094,76.99208068847656,89.45919036865234
2019-09-09,72.8570556640625,87.15936279296875,56.5440673828125,70.41270446777344,88.86576843261719
2019-09-10,104.88341522216797,104.5605697631836,138.0885772705078,73.43462371826172,89.82351684570312
2019-09-11,98.7486343383789,17.899032592773438,156.76039123535156,74.73442840576172,88.0644302368164
2019-09-12,79.50162506103516,70.4505844116211,88.14412689208984,74.51838684082031,89.35872650146484
2019-09-13,70.56848907470703,41.38309860229492,96.64925384521484,72.92264556884766,88.18529510498047
2019-09-14,46.437862396240234,55.55390930175781,51.48604965209961,76.84991455078125,86.50370788574219
2019-09-15,74.36376190185547,67.39533233642578,89.94297790527344,78.19440460205078,85.4955825805664
2019-09-16,178.9195556640625,122.31005096435547,229.5419921875,93.34619140625,88.13703155517578
2019-09-17,253.3421173095703,200.1437225341797,325.92974853515625,114.55458068847656,93.62651824951172
2019-09-18,115.36304473876953,65.71883392333984,157.59597778320312,116.92806243896484,93.21017456054688
2019-09-19,157.13462829589844,76.20857238769531,240.13623046875,128.01849365234375,95.89199829101562
2019-09-20,126.9625244140625,130.4072265625,121.56927490234375,136.0747833251953,96.3110580444336
2019-09-21,80.55854797363281,83.52301025390625,69.66643524169922,140.9491729736328,94.06407928466797
2019-09-22,108.32837677001953,113.67887115478516,94.81940460205078,145.80125427246094,94.448974609375
2019-09-23,52.5804443359375,47.65326690673828,63.596046447753906,127.75281524658203,93.99988555908203
2019-09-24,103.2372055053711,71.59613037109375,141.83082580566406,106.30924987792969,94.67373657226562
2019-09-25,124.11428833007812,76.79933166503906,142.3516082763672,107.55943298339844,94.77116394042969
2019-09-26,70.6681137084961,52.83794403076172,88.14412689208984,95.20706939697266,91.19026184082031
2019-09-27,88.05559539794922,16.720867156982422,146.4419708251953,89.64894104003906,91.34300994873047
2019-09-28,38.8308219909668,11.911168098449707,54.64299774169922,83.68783569335938,90.09169006347656
2019-09-29,61.0611572265625,91.30980682373047,25.38713264465332,76.93537902832031,90.6011734008789
2019-09-30,95.55484008789062,42.33809280395508,123.59953308105469,83.07457733154297,92.55197143554688
2019-10-01,90.13789367675781,71.88835906982422,119.92398071289062,81.2032470703125,94.37181854248047
2019-10-02,69.64662170410156,8.679030418395996,115.82669830322266,73.42214965820312,92.7296142578125
2019-10-03,46.477352142333984,25.273250579833984,63.24116134643555,69.96632385253906,91.48786163330078
2019-10-04,111.27488708496094,59.732810974121094,135.23403930664062,73.28337097167969,92.20869445800781
2019-10-05,54.147743225097656,50.80571365356445,52.971229553222656,75.47149658203125,91.31315612792969
2019-10-06,38.97138595581055,46.62171173095703,25.924739837646484,72.3158187866211,89.8875732421875
2019-10-07,52.96256637573242,28.79975128173828,64.0582275390625,66.23120880126953,91.02143096923828
2019-10-08,118.77732849121094,87.71238708496094,131.68942260742188,70.32255554199219,92.81559753417969
2019-10-09,82.47056579589844,73.08152770996094,99.05546569824219,72.15454864501953,93.13604736328125
2019-10-10,165.16957092285156,109.77410888671875,213.64572143554688,89.11058044433594,95.14558410644531
2019-10-11,204.3184814453125,277.364501953125,180.74172973632812,102.40251922607422,98.66458129882812
2019-10-12,103.07038879394531,108.46163177490234,95.22917175292969,109.39147186279297,99.45020294189453
2019-10-13,94.85326385498047,101.83524322509766,109.20939636230469,117.37459564208984,100.25969696044922
2019-10-14,118.4822998046875,68.90193939208984,164.20291137695312,126.73455810546875,102.66117858886719
2019-10-15,108.06958770751953,93.68428802490234,179.72650146484375,125.20487976074219,103.78470611572266
2019-10-16,193.50186157226562,119.41815948486328,283.49554443359375,141.06649780273438,104.27078247070312
2019-10-17,114.77235412597656,15.781941413879395,177.7099151611328,133.8668975830078,99.65179443359375
2019-10-18,106.58197021484375,76.5028076171875,127.62179565429688,119.90453338623047,99.35908508300781
2019-10-19,113.19326782226562,66.37931823730469,138.4172821044922,121.35065460205078,97.89437866210938
2019-10-20,36.48202133178711,29.095781326293945,36.403133392333984,113.01190948486328,94.87835693359375
2019-10-21,93.44337463378906,55.89345169067383,116.55164337158203,109.43492126464844,95.30785369873047
2019-10-22,54.304386138916016,72.18297576904297,37.62983322143555,101.7541732788086,93.5070571899414
2019-10-23,97.05612182617188,16.827369689941406,154.392578125,87.97621154785156,94.98957824707031
2019-10-24,116.30601501464844,42.94371032714844,179.09646606445312,88.19530487060547,95.42520141601562
2019-10-25,140.87469482421875,96.30244445800781,167.34530639648438,93.09426879882812,95.98388671875
2019-10-26,28.694042205810547,31.784133911132812,31.813325881958008,81.02294921875,94.58474731445312
2019-10-27,7.667980670928955,0.0,12.75233268737793,76.90666198730469,91.90515899658203
2019-10-28,98.2957763671875,97.99321746826172,114.430419921875,77.59986114501953,93.8873291015625
2019-10-29,95.01498413085938,68.88909912109375,107.73809051513672,83.41565704345703,95.01911926269531
2019-10-30,113.28890991210938,90.35215759277344,113.04393005371094,85.73462677001953,95.61026000976562
2019-10-31,83.14237976074219,52.34934616088867,109.16131591796875,80.99696350097656,95.3770751953125
2019-11-01,100.65813446044922,72.98058319091797,106.52777099609375,75.25174713134766,96.4107894897461
2019-11-02,60.810420989990234,44.66975784301758,63.872554779052734,79.83979797363281,96.88855743408203
2019-11-03,54.304386138916016,61.87112045288086,38.70497131347656,86.50214385986328,94.98954010009766
2019-11-04,59.24114990234375,9.843133926391602,90.31159210205078,80.92291259765625,95.1593246459961
2019-11-05,77.9427719116211,48.56428527832031,97.21778869628906,78.48402404785156,96.45836639404297
2019-11-06,85.79312133789062,95.03227233886719,71.33966827392578,74.5560531616211,97.55271911621094
2019-11-07,63.615840911865234,45.300018310546875,75.56938171386719,71.76654815673828,95.71400451660156
2019-11-08,98.94168853759766,94.691650390625,92.14588928222656,71.5213394165039,96.2630386352539
2019-11-09,26.858657836914062,11.900437355041504,44.66762924194336,66.67108917236328,91.65267944335938
2019-11-10,55.60665512084961,47.516136169433594,66.05524444580078,66.85712432861328,86.69561767578125
2019-11-11,92.58729553222656,61.53487014770508,111.20667266845703,71.62086486816406,86.34618377685547
2019-11-12,62.41069412231445,67.004638671875,63.872554779052734,69.40199279785156,85.26476287841797
2019-11-13,160.1495819091797,142.8506622314453,189.24070739746094,80.02434539794922,86.65367126464844
2019-11-14,85.79312133789062,28.509681701660156,118.89944458007812,83.1925277709961,85.91112518310547
2019-11-15,75.07235717773438,56.130958557128906,85.83439636230469,79.78262329101562,81.96347045898438
2019-11-16,69.26277923583984,54.03879928588867,75.12283325195312,85.8403549194336,80.44648742675781
2019-11-17,73.94124603271484,14.742729187011719,110.67202758789062,88.45957946777344,79.35845947265625
2019-11-18,109.09654235839844,79.09871673583984,156.69332885742188,90.81804656982422,79.2219009399414
2019-11-19,61.16957092285156,46.90868377685547,62.602359771728516,90.64073944091797,80.0448226928711
2019-11-20,101.92516326904297,33.87047576904297,141.25660705566406,82.32296752929688,80.32755279541016
2019-11-21,62.8968505859375,41.80216979980469,76.70770263671875,79.05207061767578,80.61396789550781
2019-11-22,64.28498840332031,22.618980407714844,88.04350280761719,77.51101684570312,79.52159118652344
2019-11-23,37.21986389160156,33.732086181640625,33.76306915283203,72.93346405029297,76.88539123535156
2019-11-24,52.461483001708984,29.885713577270508,74.78291320800781,69.86492156982422,73.93827819824219
2019-11-25,36.63187026977539,31.302099227905273,34.81205368041992,59.5128288269043,74.20287322998047
2019-11-26,70.48016357421875,46.84214401245117,78.14195251464844,60.84291076660156,76.29661560058594
2019-11-27,93.24922180175781,97.38896179199219,81.23201751708984,59.603492736816406,76.1283950805664
2019-11-28,38.01306915283203,10.827446937561035,63.218116760253906,56.04866409301758,74.22833251953125
2019-11-29,108.37702941894531,75.16065216064453,117.54639434814453,62.347530364990234,74.06460571289062
2019-11-30,72.47185516357422,72.248779296875,75.3282699584961,67.38352966308594,73.70891571044922
2019-12-01,59.45634460449219,50.80571365356445,56.50264358520508,68.38279724121094,72.33552551269531
2019-12-02,77.88168334960938,31.056781768798828,112.25251007080078,74.27562713623047,72.90457153320312
2019-12-03,85.84397888183594,50.341026306152344,100.77452850341797,76.47045135498047,73.95588684082031
2019-12-04,47.662845611572266,47.516136169433594,63.41303634643555,69.95811462402344,73.5699462890625
2019-12-05,103.14582061767578,94.91845703125,92.36659240722656,79.2627944946289,74.41004943847656
2019-12-06,88.65753173828125,64.27973175048828,113.9332504272461,76.44572448730469,74.50552368164062
2019-12-07,12.234784126281738,12.197124481201172,20.347211837768555,67.84042358398438,72.7928237915039
2019-12-08,37.47248458862305,44.82857131958008,24.927637100219727,64.69987487792969,70.74385070800781
2019-12-09,82.81419372558594,51.599552154541016,103.29389953613281,65.4045181274414,72.60903930664062
2019-12-10,76.30575561523438,26.848546981811523,119.43648529052734,64.04191589355469,73.29900360107422
2019-12-11,97.42845916748047,138.75509643554688,77.15696716308594,71.15129089355469,73.46038055419922
2019-12-12,97.68965911865234,70.82833862304688,110.77093505859375,70.37184143066406,74.63634490966797
2019-12-13,99.6260986328125,41.38309860229492,138.0703582763672,71.93877410888672,72.618896484375
2019-12-14,48.30827713012695,68.79940032958984,22.954198837280273,77.09213256835938,71.36940002441406
2019-12-15,48.35865020751953,48.209800720214844,40.211734771728516,78.64730072021484,70.47894287109375
2019-12-16,94.9302978515625,59.771427154541016,116.32897186279297,80.378173828125,71.33452606201172
2019-12-17,82.32990264892578,48.28028106689453,104.70336151123047,81.23876190185547,71.61415100097656
2019-12-18,119.12415313720703,109.6222915649414,137.15371704101562,84.33815002441406,71.94840240478516
2019-12-19,69.01182556152344,34.39970016479492,93.25143432617188,80.24131774902344,72.20980834960938
2019-12-20,49.50848388671875,71.79067993164062,22.4551944732666,73.08165740966797,70.46258544921875
2019-12-21,52.75989532470703,30.055709838867188,62.673580169677734,73.71759796142578,70.12468719482422
2019-12-22,25.416120529174805,33.78384780883789,28.179067611694336,70.44009399414062,68.82906341552734
2019-12-23,34.808067321777344,23.133949279785156,38.59199523925781,61.8512077331543,68.74866485595703
2019-12-24,58.21735763549805,34.82289505004883,67.77338409423828,58.406558990478516,68.9405288696289
2019-12-25,45.37763977050781,30.158639907836914,50.310569763183594,47.871341705322266,69.2320556640625
2019-12-26,44.167572021484375,52.83794403076172,44.07206344604492,44.32216262817383,68.35496520996094
2019-12-27,111.91106414794922,111.56658935546875,93.05755615234375,53.23681640625,68.9770278930664
2019-12-28,60.940799713134766,60.75321960449219,57.91334915161133,54.405517578125,69.74128723144531
2019-12-29,36.3021125793457,36.190372467041016,45.27951431274414,55.96065902709961,67.33879089355469
2019-12-30,128.64340209960938,153.89691162109375,85.57682037353516,69.36570739746094,69.21117401123047
2019-12-31,165.35279846191406,142.86463928222656,210.82723999023438,84.67076873779297,72.74105834960938
2020-01-01,114.53026580810547,105.39482879638672,131.8645477294922,94.54971313476562,73.96267700195312
2020-01-02,163.1806640625,86.76181030273438,199.01177978515625,111.55158996582031,76.54056549072266
2020-01-03,80.7943344116211,40.27281951904297,125.9681625366211,107.10633850097656,77.64495086669922
2020-01-04,229.9917449951172,212.17308044433594,313.9848937988281,131.2564697265625,81.8731460571289
2020-01-05,199.252197265625,248.298583984375,289.9477844238281,154.53506469726562,85.55963897705078
2020-01-06,251.98611450195312,115.13814544677734,357.9545593261719,172.1554412841797,93.55134582519531
2020-01-07,413.4556884765625,147.20822143554688,622.1167602539062,207.5987091064453,106.08412170410156
2020-01-08,180.6054229736328,158.09225463867188,227.10003662109375,217.03802490234375,109.34382629394531
2020-01-09,394.46002197265625,339.62139892578125,551.646240234375,250.0779266357422,119.94896697998047
2020-01-10,167.3013916015625,166.7864227294922,187.8070831298828,262.43609619140625,122.27806854248047
2020-01-11,120.16177368164062,32.376190185546875,183.6335906982422,246.74609375,123.02713775634766
2020-01-12,175.7330322265625,140.1536865234375,233.8040313720703,243.38619995117188,125.56403350830078
2020-01-13,152.72569274902344,126.00462341308594,157.6504669189453,229.20614624023438,129.04461669921875
2020-01-14,131.77566528320312,81.54003143310547,151.13876342773438,188.9661407470703,131.82518005371094
2020-01-15,153.5319366455078,64.93427276611328,216.64637756347656,185.09849548339844,133.778564453125
2020-01-16,145.94757080078125,44.09040451049805,213.2993621826172,149.5967254638672,135.89915466308594
2020-01-17,129.82249450683594,83.49864196777344,174.11529541015625,144.2425994873047,136.25576782226562
2020-01-18,38.81915283203125,19.34983253479004,53.79890441894531,132.62222290039062,135.2493438720703
2020-01-19,93.311767578125,62.01636505126953,103.4555435180664,120.8477554321289,136.70945739746094
2020-01-20,119.11630249023438,33.928470611572266,179.2313995361328,116.0464096069336,138.9213409423828
2020-01-21,119.32880401611328,85.65228271484375,150.82298278808594,114.2682876586914,142.0517578125
2020-01-22,77.99105834960938,24.552946090698242,129.70401000976562,103.47673797607422,143.49119567871094
2020-01-23,93.07342529296875,16.870351791381836,147.75115966796875,95.92328643798828,144.65306091308594
2020-01-24,51.961849212646484,8.633650779724121,79.21449279785156,84.80033874511719,144.87254333496094
2020-01-25,33.125675201416016,0.0,55.0900764465332,83.98698425292969,144.5044708251953
2020-01-26,23.32794189453125,15.504091262817383,25.8638858795166,73.98929595947266,141.55169677734375
2020-01-27,72.01234436035156,30.76743507385254,94.09795379638672,67.2601547241211,141.92076110839844
2020-01-28,99.59353637695312,51.80190658569336,136.8250274658203,64.44083404541016,144.0304718017578
2020-01-29,47.01708984375,8.522249221801758,71.08396911621094,60.0159797668457,141.30958557128906
2020-01-30,188.068359375,42.61124038696289,284.33587646484375,73.58668518066406,142.0667724609375
2020-01-31,73.97793579101562,40.972347259521484,88.8549575805664,76.73184204101562,140.71502685546875
2020-02-01,89.04752349853516,41.42759704589844,118.47328186035156,84.72067260742188,138.24392700195312
2020-02-02,41.14990997314453,41.02324676513672,34.217437744140625,87.26667022705078,136.92245483398438
2020-02-03,107.51765441894531,112.29082489013672,93.6616439819336,92.33885955810547,132.83998107910156
2020-02-04,143.60842895507812,181.34408569335938,103.49291229248047,98.62670135498047,130.9851837158203
2020-02-05,68.34733581542969,36.3397102355957,98.51045989990234,101.67388153076172,124.8638916015625
2020-02-06,90.6311264038086,36.140865325927734,128.116455078125,87.7542724609375,114.10307312011719
2020-02-07,78.96466064453125,23.61648178100586,111.62471008300781,88.46665954589844,110.71504974365234
2020-02-08,31.170438766479492,22.599632263183594,37.700653076171875,80.1985092163086,98.60539245605469
2020-02-09,31.473329544067383,31.37645149230957,39.256587982177734,78.8161392211914,94.07779693603516
2020-02-10,24.757606506347656,19.745119094848633,24.704071044921875,66.99327850341797,90.89765167236328
2020-02-11,90.26069641113281,89.98286437988281,82.56005859375,59.372169494628906,88.04857635498047
2020-02-12,62.03310012817383,74.2105941772461,41.26597595214844,58.47013854980469,85.0254898071289
2020-02-13,58.852725982666016,83.8165283203125,27.96450424194336,53.93036651611328,82.5947265625
2020-02-14,89.18451690673828,59.27333450317383,120.068115234375,55.39034652709961,80.44981384277344
2020-02-15,53.96038055419922,47.817142486572266,59.82632827758789,58.64604949951172,77.38357543945312
2020-02-16,73.43130493164062,0.0,122.12085723876953,64.64004516601562,75.50386810302734
2020-02-17,84.64823913574219,78.76183319091797,112.6202621459961,73.19585418701172,77.03150177001953
2020-02-18,83.42762756347656,0.0,138.74537658691406,72.21969604492188,76.70203399658203
2020-02-19,54.75318145751953,45.487205505371094,53.117156982421875,71.1797103881836,74.55659484863281
2020-02-20,111.30940246582031,53.26405334472656,140.68702697753906,78.67352294921875,74.2892837524414
2020-02-21,103.92369842529297,86.33650207519531,129.62371826171875,80.77912139892578,75.15370178222656
2020-02-22,77.33621215820312,89.9478530883789,75.02539825439453,84.11852264404297,74.6291275024414
2020-02-23,37.9012336730957,30.22765350341797,37.81927490234375,79.04280090332031,74.16043853759766
2020-02-24,80.91768646240234,70.58502960205078,75.6962890625,78.5098648071289,75.75350952148438
2020-02-25,115.451416015625,44.2677116394043,155.0792999267578,83.08468627929688,78.82428741455078
2020-02-26,102.60165405273438,19.483016967773438,154.38221740722656,89.9201889038086,79.84393310546875
2020-02-27,63.96682357788086,72.87992095947266,53.19041442871094,83.1569595336914,78.65637969970703
2020-02-28,55.13877487182617,59.19743347167969,56.4302978515625,76.18768310546875,78.9271011352539
2020-02-29,90.31626892089844,75.51596069335938,101.7494888305664,78.04197692871094,75.66869354248047
2020-03-01,53.675865173339844,45.866268157958984,63.761661529541016,80.29550170898438,74.99195861816406
2020-03-02,106.23394775390625,125.16276550292969,104.39810943603516,83.912109375,75.5648422241211
2020-03-03,123.0382308959961,141.5301971435547,86.57012176513672,84.99594116210938,78.29444885253906
2020-03-04,144.92483520507812,140.3507843017578,185.92901611328125,91.04210662841797,79.5413589477539
2020-03-05,79.18489074707031,122.7973403930664,58.52863693237305,93.21611785888672,77.39390563964844
2020-03-06,51.327030181884766,55.10512161254883,78.79391479492188,92.67158508300781,76.8265609741211
2020-03-07,64.26498413085938,69.8914566040039,68.01244354248047,88.94996643066406,75.94769287109375
2020-03-08,65.09412384033203,28.841670989990234,84.19880676269531,90.58114624023438,75.48534393310547
2020-03-09,72.8036880493164,41.47405242919922,95.13199615478516,85.8053970336914,76.87311553955078
2020-03-10,71.64586639404297,16.80596160888672,112.14264678955078,78.46363067626953,78.21220397949219
2020-03-11,90.98188018798828,65.9649658203125,110.04259490966797,70.75749206542969,80.419677734375
2020-03-12,74.83802795410156,70.68095397949219,72.05598449707031,70.13651275634766,79.90558624267578
2020-03-13,68.06645965576172,82.93626403808594,81.75467681884766,72.52786254882812,80.10669708251953
2020-03-14,66.94995880126953,40.626712799072266,87.13719940185547,72.91143035888672,80.3766098022461
2020-03-15,32.08298110961914,15.99211311340332,53.35600662231445,68.19554901123047,78.47322082519531
2020-03-16,34.45463943481445,9.813881874084473,49.114479064941406,62.71711730957031,77.82302856445312
2020-03-17,99.09390258789062,94.08465576171875,86.32347869873047,66.63826751708984,78.67845153808594
2020-03-18,87.61199188232422,74.86483764648438,83.25955963134766,66.15685272216797,78.7772445678711
2020-03-19,89.16736602783203,97.78219604492188,81.56000518798828,68.20390319824219,78.96856689453125
2020-03-20,57.803192138671875,26.59627914428711,81.34104919433594,66.73771667480469,79.07023620605469
2020-03-21,59.94169998168945,56.61207580566406,52.466739654541016,65.73654174804688,77.35797882080078
2020-03-22,79.82090759277344,47.74512481689453,119.47245788574219,72.55624389648438,76.55455017089844
2020-03-23,121.19149780273438,40.27281951904297,167.95755004882812,84.94721984863281,78.01639556884766
2020-03-24,191.0130157470703,100.22371673583984,275.8683776855469,98.07852172851562,83.1201171875
2020-03-25,53.35679244995117,17.730854034423828,81.34104919433594,93.18492126464844,82.20142364501953
2020-03-26,56.70586395263672,28.26565933227539,78.58783721923828,88.54756927490234,80.24324035644531
2020-03-27,52.12910461425781,47.244224548339844,55.168888092041016,87.73698425292969,78.56082153320312
2020-03-28,67.86724090576172,32.218257904052734,91.36890411376953,88.86920166015625,78.69083404541016
2020-03-29,157.74131774902344,148.97915649414062,151.8773956298828,100.00068664550781,82.11091613769531
2020-03-30,103.51773834228516,39.31394577026367,139.36477661132812,97.47586822509766,82.55096435546875
2020-03-31,89.26080322265625,59.32403564453125,107.21122741699219,82.93983459472656,83.73712921142578
2020-04-01,65.59539794921875,9.341927528381348,101.29716491699219,84.6882095336914,82.38251495361328
2020-04-02,47.594364166259766,9.489572525024414,79.15240478515625,83.38656616210938,79.86772155761719
2020-04-03,84.5761947631836,56.210575103759766,93.77033996582031,88.02186584472656,77.85609436035156
2020-04-04,76.49503326416016,46.41887664794922,94.02924346923828,89.25440979003906,77.76643371582031
2020-04-05,95.13902282714844,17.24475860595703,143.83831787109375,80.31121826171875,79.22683715820312
2020-04-06,99.32736206054688,108.92378997802734,90.85319519042969,79.71260070800781,80.39558410644531
2020-04-07,106.52973937988281,60.686763763427734,143.4197998046875,82.1795883178711,81.77677154541016
2020-04-08,78.2134017944336,55.03952407836914,91.8167953491211,83.98216247558594,81.95709228515625
2020-04-09,60.910011291503906,84.07734680175781,38.96044921875,85.88439178466797,81.59922790527344
2020-04-10,85.4856185913086,71.01873779296875,94.77862548828125,86.01431274414062,81.41602325439453
2020-04-11,42.92744445800781,7.132551193237305,65.4417724609375,81.21894073486328,80.35233306884766
2020-04-12,42.68772888183594,0.0,70.99236297607422,73.72589874267578,79.50637817382812
2020-04-13,88.7790298461914,77.44254302978516,92.27819061279297,72.218994140625,80.23401641845703
2020-04-14,91.17159271240234,43.28140640258789,137.1836700439453,70.02497863769531,82.2036361694336
2020-04-15,89.52886199951172,68.00249481201172,99.26139831542969,71.64147186279297,84.03944396972656
2020-04-16,48.45511245727539,17.56580352783203,65.9322738647461,69.86219787597656,82.35147857666016
2020-04-17,73.5105209350586,45.80265426635742,84.04866027832031,68.15147399902344,81.88143157958984
2020-04-18,43.82669448852539,29.12786293029785,48.591026306152344,68.27993774414062,80.37007904052734
2020-04-19,37.47248458862305,14.942856788635254,49.85527420043945,67.53489685058594,79.6923828125
2020-04-20,25.87943458557129,0.0,43.03912353515625,58.54924392700195,78.55697631835938
2020-04-21,54.08273696899414,35.94417953491211,59.96199035644531,53.25083541870117,77.69903564453125
2020-04-22,137.26109313964844,136.83859252929688,114.13689422607422,60.069725036621094,78.23469543457031
2020-04-23,100.93696594238281,82.33058166503906,114.45307159423828,67.56713104248047,75.2321548461914
2020-04-24,45.83427047729492,8.307851791381836,76.22526550292969,63.61338424682617,74.98140716552734
2020-04-25,48.61210632324219,27.692840576171875,57.74641036987305,64.29701232910156,74.71161651611328
2020-04-26,40.99712371826172,16.348373413085938,54.54462814331055,64.80052947998047,74.34054565429688
2020-04-27,49.002479553222656,19.540658950805664,65.19535827636719,68.10382843017578,73.71172332763672
2020-04-28,95.68627166748047,127.1889877319336,75.77727508544922,74.04718780517578,71.64321899414062
2020-04-29,79.46189880371094,99.0216293334961,66.07505798339844,65.7901611328125,70.84136199951172
2020-04-30,56.9495849609375,56.774288177490234,55.2479248046875,59.506248474121094,69.76432037353516
2020-05-01,60.41156768798828,60.225616455078125,50.23411178588867,61.58871841430664,69.59152221679688
2020-05-02,69.95919036865234,34.871925354003906,98.89453887939453,64.6383056640625,70.33702087402344
2020-05-03,26.1518497467041,0.0,43.492164611816406,62.517547607421875,68.38954162597656
2020-05-04,59.59642028808594,29.70648765563965,74.33443450927734,64.03096771240234,67.82625579833984
2020-05-05,41.63842010498047,36.89800262451172,38.47072219848633,56.30984878540039,66.04290008544922
2020-05-06,80.7943344116211,113.71149444580078,47.423309326171875,56.50019454956055,65.42513275146484
2020-05-07,56.14521408081055,27.986196517944336,70.02975463867188,56.385284423828125,63.74564743041992
2020-05-08,70.48016357421875,93.68428802490234,54.699363708496094,57.82365417480469,63.48787307739258
2020-05-09,24.668058395385742,14.052643775939941,29.30323028564453,51.353492736816406,62.279808044433594
2020-05-10,41.71999740600586,0.0,69.38296508789062,53.5775146484375,60.820953369140625
2020-05-11,37.912078857421875,37.795379638671875,31.52507972717285,50.47975158691406,60.653778076171875
2020-05-12,39.43532943725586,9.828486442565918,57.385498046875,50.16502380371094,60.54536437988281
2020-05-13,59.53266525268555,33.91395568847656,70.7189712524414,47.12764358520508,59.57048416137695
2020-05-14,82.12977600097656,45.487205505371094,98.6461410522461,50.839725494384766,59.26908874511719
2020-05-15,45.81698226928711,27.40557289123535,53.33755874633789,47.31641387939453,57.81202697753906
2020-05-16,51.97543716430664,55.26980972290039,46.10047912597656,51.21746826171875,57.92937088012695
2020-05-17,75.47622680664062,33.441734313964844,111.57483673095703,56.0397834777832,57.994895935058594
2020-05-18,135.0965576171875,140.0679473876953,125.81746673583984,69.92327880859375,61.03722381591797
2020-05-19,99.47650909423828,79.33625030517578,99.26139831542969,78.50059509277344,63.10402297973633
2020-05-20,99.69424438476562,45.17607879638672,128.116455078125,84.23796081542969,65.56452178955078
2020-05-21,73.20591735839844,27.367717742919922,106.52777099609375,82.96312713623047,66.20195770263672
2020-05-22,135.6533660888672,69.79913330078125,174.65809631347656,95.79689025878906,66.14836883544922
2020-05-23,36.32925796508789,39.509925842285156,32.95518112182617,93.56172180175781,63.99477767944336
2020-05-24,17.761756896972656,17.70708465576172,14.769457817077637,85.31680297851562,63.059024810791016
2020-05-25,129.1339874267578,11.194478988647461,205.42062377929688,84.46500396728516,65.74308776855469
2020-05-26,120.36186218261719,73.03822326660156,147.95123291015625,87.44862365722656,68.38858032226562
2020-05-27,23.426929473876953,28.02578353881836,31.168359756469727,76.55329895019531,67.53606414794922
2020-05-28,61.02098083496094,43.45225524902344,79.73563385009766,74.81259155273438,66.38055419921875
2020-05-29,137.45094299316406,45.67595291137695,190.4912872314453,75.06938934326172,68.31352233886719
2020-05-30,84.24638366699219,13.4379301071167,134.5027313232422,81.91468811035156,69.2234115600586
2020-05-31,77.84101867675781,17.24475860595703,129.45449829101562,90.49744415283203,69.80439758300781
2020-06-01,53.90272903442383,39.08131790161133,73.34477233886719,79.7501220703125,69.26918029785156
2020-06-02,83.04486846923828,82.78925323486328,76.72712707519531,74.41912078857422,71.16561126708984
2020-06-03,114.53026580810547,52.69741439819336,190.47100830078125,87.43388366699219,72.99674224853516
2020-06-04,36.153533935546875,27.031686782836914,37.578495025634766,83.88139343261719,72.81391143798828
2020-06-05,109.97901153564453,61.3986701965332,131.68942260742188,79.95683288574219,73.78673553466797
2020-06-06,55.09468078613281,27.462547302246094,68.71942901611328,75.79229736328125,73.75171661376953
2020-06-07,60.86082458496094,69.34112548828125,43.378013610839844,73.36656188964844,73.43107604980469
2020-06-08,65.64539337158203,50.341026306152344,75.58089447021484,75.04408264160156,74.79698181152344
2020-06-09,68.30036163330078,19.454322814941406,105.47438049316406,72.9377212524414,75.68299865722656
2020-06-10,95.68627166748047,45.42464065551758,121.24363708496094,70.2457275390625,77.60880279541016
2020-06-11,87.41497802734375,18.346508026123047,137.72518920898438,77.56878662109375,79.20812225341797
2020-06-12,73.61261749267578,55.03952407836914,76.51399230957031,72.37358856201172,79.67745208740234
2020-06-13,58.861026763916016,39.119895935058594,65.25971984863281,72.91163635253906,78.9018325805664
2020-06-14,26.858657836914062,17.850656509399414,29.778419494628906,68.05418395996094,78.26988983154297
2020-06-15,102.8747787475586,102.55811309814453,128.31539916992188,73.37267303466797,79.9665298461914
2020-06-16,79.20344543457031,27.86811065673828,108.47554016113281,74.93025207519531,80.09077453613281
2020-06-17,151.3807830810547,150.91482543945312,133.28244018554688,82.88661193847656,80.63358306884766
2020-06-18,101.31523895263672,61.480316162109375,124.53873443603516,84.87236022949219,80.69486999511719
2020-06-19,53.8231086730957,78.04718017578125,32.54952621459961,82.0452880859375,79.16583251953125
2020-06-20,82.12977600097656,40.9384880065918,108.13135528564453,85.36940002441406,79.46329498291016
2020-06-21,43.472015380859375,34.670562744140625,57.83734893798828,87.74273681640625,76.39057922363281
2020-06-22,131.45111083984375,83.8697509765625,166.14466857910156,91.82506561279297,79.56130981445312
2020-06-23,56.38412857055664,65.5790023803711,62.5135612487793,88.5651626586914,80.84872436523438
2020-06-24,80.2188720703125,37.63386154174805,109.86624908447266,78.39917755126953,79.21822357177734
2020-06-25,40.78400802612305,27.10564613342285,45.21757125854492,69.75186157226562,76.56562805175781
2020-06-26,44.344947814941406,8.841690063476562,66.37358093261719,68.39783477783203,77.26289367675781
2020-06-27,29.609542846679688,29.518402099609375,24.621261596679688,60.89494705200195,76.2158432006836
2020-06-28,36.3021125793457,54.285552978515625,60.37268829345703,59.87067413330078,72.8442153930664
2020-06-29,48.00822830200195,63.81393814086914,44.35593795776367,47.95026397705078,71.63627624511719
2020-06-30,76.92465209960938,67.10188293457031,87.95223236083984,50.88462448120117,71.6057357788086
2020-07-01,107.85104370117188,143.35874938964844,145.1986541748047,54.83207702636719,73.40400695800781
2020-07-02,23.39383888244629,18.6574649810791,23.343252182006836,52.3477668762207,71.41564178466797
2020-07-03,43.972137451171875,29.224525451660156,56.87765884399414,52.29450988769531,69.06370544433594
2020-07-04,24.459888458251953,27.86811065673828,23.2447566986084,51.558841705322266,68.67391967773438
2020-07-05,57.11323547363281,0.0,94.9828872680664,54.5318603515625,66.9117202758789
2020-07-06,72.01234436035156,30.76743507385254,94.09795379638672,57.961021423339844,67.47564697265625
2020-07-07,106.17205047607422,74.09166717529297,123.59953308105469,62.13922119140625,68.98602294921875
2020-07-08,68.60346984863281,48.851646423339844,105.94245910644531,56.53242492675781,69.08462524414062
2020-07-09,55.82979202270508,18.552648544311523,77.37370300292969,61.16613006591797,68.66893768310547
2020-07-10,97.42845916748047,18.50067901611328,146.59823608398438,68.80274963378906,68.72701263427734
2020-07-11,21.099157333374023,14.022809028625488,29.241016387939453,68.32264709472656,66.5164794921875
2020-07-12,25.481290817260742,0.0,42.376983642578125,63.803794860839844,64.91210174560547
2020-07-13,92.73129272460938,51.35880661010742,111.37962341308594,66.76364135742188,66.0411148071289
2020-07-14,93.79849243164062,98.43133544921875,73.89131164550781,64.9959945678711,68.2724380493164
2020-07-15,103.6720199584961,39.372535705566406,147.78262329101562,70.00578308105469,68.29901885986328
2020-07-16,29.48873519897461,29.397964477539062,24.52080726623535,66.2427749633789,66.64186096191406
2020-07-17,38.3201904296875,16.97877311706543,49.5669059753418,57.79874038696289,62.873172760009766
2020-07-18,30.830516815185547,13.660274505615234,45.576072692871094,59.188934326171875,60.523681640625
2020-07-19,33.46028137207031,0.0,55.646541595458984,60.32878875732422,59.84492111206055
2020-07-20,87.17283630371094,67.59239196777344,128.8656768798828,59.534725189208984,60.013023376464844
2020-07-21,116.2304458618164,26.739849090576172,178.4293975830078,62.739288330078125,62.43830490112305
2020-07-22,117.1346435546875,18.683855056762695,187.01016235351562,64.66252136230469,61.961090087890625
2020-07-23,78.04478454589844,34.579803466796875,115.37188720703125,71.5990982055664,62.683109283447266
2020-07-24,92.75189971923828,52.83794403076172,110.1801528930664,79.37506103515625,63.10087966918945
2020-07-25,35.73427963256836,28.499427795410156,41.5998420715332,80.07559204101562,62.932552337646484
2020-07-26,39.24843215942383,31.302099227905273,52.218082427978516,80.90247344970703,62.76266860961914
2020-07-27,137.1768798828125,50.64986801147461,185.8867645263672,88.04590606689453,66.34825134277344
2020-07-28,121.64796447753906,46.64366149902344,171.18385314941406,88.81983947753906,69.19310760498047
2020-07-29,80.91041564941406,37.958290100097656,110.8133773803711,83.64495086669922,70.28984832763672
2020-07-30,54.08273696899414,26.958131790161133,67.45723724365234,80.2218017578125,69.52845001220703
2020-07-31,38.618019104003906,34.22146224975586,42.81612014770508,72.48838806152344,67.22068786621094
2020-08-01,26.741212844848633,19.99417495727539,27.795196533203125,71.20366668701172,67.33226013183594
2020-08-02,25.35128402709961,0.0,42.16077423095703,69.2183609008789,66.7115707397461
2020-08-03,42.1684684753418,28.02578353881836,46.752540588378906,55.645729064941406,67.3018569946289
2020-08-04,48.714229583740234,19.42571449279785,64.81185913085938,45.22662353515625,67.02188873291016
2020-08-05,33.80171203613281,0.0,56.21436309814453,38.49681091308594,65.74819946289062
2020-08-06,112.36660766601562,98.5782470703125,112.12362670898438,46.82307434082031,65.95468139648438
2020-08-07,43.81703186035156,17.472864151000977,65.58342742919922,47.565792083740234,65.12847137451172
2020-08-08,27.207948684692383,20.343149185180664,39.59245681762695,47.632469177246094,64.17440795898438
2020-08-09,39.43532943725586,0.0,65.58342742919922,49.644474029541016,62.24130630493164
2020-08-10,40.582759857177734,20.22892189025879,50.618751525878906,49.417945861816406,62.8907585144043
2020-08-11,55.28624725341797,18.372024536132812,76.62040710449219,50.35680389404297,63.88425827026367
2020-08-12,61.8345947265625,61.64426040649414,80.79877471923828,54.36150360107422,62.854366302490234
2020-08-13,88.89659118652344,9.32873249053955,140.05950927734375,51.008644104003906,62.69097137451172
2020-08-14,44.28566360473633,26.489608764648438,58.91986846923828,51.075592041015625,60.71142578125
2020-08-15,82.1888427734375,14.249713897705078,124.79952239990234,58.93000411987305,62.46809387207031
2020-08-16,64.16596221923828,15.99211311340332,93.37300872802734,62.46295166015625,63.329620361328125
2020-08-17,65.54547882080078,30.158639907836914,92.23604583740234,66.029052734375,64.48678588867188
2020-08-18,84.09903717041016,37.26230239868164,108.78153228759766,70.1451644897461,66.17474365234375
2020-08-19,46.6558837890625,46.512271881103516,69.83248901367188,67.97677612304688,64.82418060302734
2020-08-20,122.01818084716797,36.04225158691406,180.37677001953125,72.70843505859375,65.01710510253906
2020-08-21,166.30258178710938,17.92331886291504,261.6217956542969,90.1394271850586,66.65603637695312
2020-08-22,55.148189544677734,21.99137306213379,73.37191009521484,86.27647399902344,65.89281463623047
2020-08-23,24.96910285949707,0.0,41.525184631347656,80.67692565917969,63.63338851928711
2020-08-24,71.2380142211914,0.0,118.47328186035156,81.49014282226562,64.81684875488281
2020-08-25,85.98194885253906,45.11436080932617,105.36353302001953,81.7591323852539,66.3746337890625
2020-08-26,105.6713638305664,36.64212417602539,152.8157501220703,90.18991088867188,65.32444763183594
2020-08-27,142.09405517578125,97.38896179199219,162.4640350341797,93.05789184570312,66.0059814453125
2020-08-28,64.11421203613281,17.044498443603516,106.6259536743164,78.45955657958984,65.44610595703125
2020-08-29,45.13981246948242,6.923210144042969,69.29569244384766,77.02978515625,65.14801025390625
2020-08-30,8.386247634887695,16.720867156982422,0.0,74.66080474853516,64.14028930664062
2020-08-31,88.63056945800781,66.26831817626953,101.33625793457031,77.14546203613281,66.20326232910156
2020-09-01,106.36685180664062,80.79196166992188,126.35338592529297,80.05758666992188,68.9037857055664
2020-09-02,109.20553588867188,90.7244873046875,105.94245910644531,80.56246948242188,71.13835144042969
2020-09-03,94.24089813232422,84.55573272705078,125.38282012939453,73.72630310058594,72.6559066772461
2020-09-04,94.90303039550781,36.04225158691406,127.76689147949219,78.12471008300781,74.69261932373047
2020-09-05,57.11323547363281,25.305526733398438,73.87557983398438,79.83519744873047,72.85083770751953
2020-09-06,28.495206832885742,0.0,47.389312744140625,82.70790100097656,72.3401107788086
2020-09-07,149.52561950683594,22.933134078979492,229.5419921875,91.40719604492188,76.41736602783203
2020-09-08,68.60346984863281,29.31098747253418,89.64361572265625,86.0124282836914,77.38964080810547
2020-09-09,47.32239532470703,25.732763290405273,64.39099884033203,77.17198181152344,77.61429595947266
2020-09-10,145.2469482421875,140.12890625,124.6734390258789,84.45855712890625,80.61298370361328
2020-09-11,145.94757080078125,88.1808090209961,205.94419860839844,91.7506332397461,83.416748046875
2020-09-12,55.645904541015625,26.105703353881836,70.76788330078125,91.541015625,82.30839538574219
2020-09-13,85.73704528808594,62.16228103637695,103.69895935058594,99.71842193603516,83.69010925292969
2020-09-14,67.30906677246094,47.92991638183594,71.9609146118164,87.97319793701172,83.1941146850586
2020-09-15,115.93987274169922,33.023712158203125,165.2702178955078,94.73554229736328,84.91991424560547
2020-09-16,82.47056579589844,54.8111457824707,121.91442108154297,99.7567138671875,85.48407745361328
2020-09-17,100.07757568359375,29.930856704711914,141.46998596191406,93.30393981933594,86.0167007446289
2020-09-18,86.33578491210938,18.120006561279297,143.58181762695312,84.78797149658203,87.33936309814453
2020-09-19,45.15671920776367,32.155513763427734,48.2775764465332,83.28952026367188,84.77731323242188
2020-09-20,57.25425338745117,16.308006286621094,81.61492919921875,79.22055053710938,81.14237213134766
2020-09-21,52.916419982910156,31.65212059020996,70.40264892578125,77.16445922851562,81.06797790527344
2020-09-22,94.38795471191406,35.84663772583008,156.97308349609375,74.08560943603516,83.3819351196289
2020-09-23,62.16614532470703,35.41416931152344,73.8472900390625,71.18498229980469,83.07954406738281
2020-09-24,64.86751556396484,68.97903442382812,86.30298614501953,66.15496826171875,82.37572479248047
2020-09-25,55.35139083862305,25.46816062927246,70.80986785888672,61.72863006591797,80.69839477539062
2020-09-26,42.054080963134766,25.799776077270508,48.41901397705078,61.28539276123047,77.36373138427734
2020-09-27,62.062156677246094,15.467780113220215,90.31159210205078,61.97223663330078,77.29532623291016
2020-09-28,104.4075698852539,85.16143798828125,134.1735382080078,69.32811737060547,79.27091979980469
2020-09-29,105.160888671875,104.83718872070312,95.39407348632812,70.86710357666016,82.49674224853516
2020-09-30,104.96094512939453,125.56544494628906,76.80492401123047,76.98065185546875,83.04108428955078
2020-10-01,75.99683380126953,53.479698181152344,96.64925384521484,78.57054901123047,82.02875518798828
2020-10-02,101.92516326904297,25.402856826782227,148.31944274902344,85.22394561767578,81.78607177734375
2020-10-03,44.42140579223633,18.979145050048828,63.32192611694336,85.5621337890625,80.12542724609375
2020-10-04,74.60737609863281,29.7510929107666,99.26139831542969,87.35430908203125,79.44890594482422
2020-10-05,66.92056274414062,9.53065299987793,111.29308319091797,81.9990234375,79.77581024169922
2020-10-06,85.70679473876953,68.35438537597656,114.02861785888672,79.2198715209961,81.68286895751953
2020-10-07,83.25235748291016,43.682159423828125,102.01866149902344,76.11864471435547,79.4737548828125
2020-10-08,113.64591217041016,16.784605026245117,175.000244140625,81.49708557128906,80.97517395019531
2020-10-09,81.5680160522461,27.10564613342285,113.04393005371094,78.58892059326172,82.11669158935547
2020-10-10,56.08929443359375,32.892147064208984,71.33177185058594,80.2557601928711,79.14476776123047
2020-10-11,40.895896911621094,0.0,68.01244354248047,75.43983459472656,75.64305114746094
2020-10-12,67.71858978271484,56.258453369140625,93.85021209716797,75.55384063720703,76.04547119140625
2020-10-13,78.08782196044922,0.0,129.8649444580078,74.46541595458984,75.79049682617188
2020-10-14,47.69403839111328,17.289901733398438,64.89668273925781,69.38565063476562,75.13666534423828
2020-10-15,107.97156524658203,51.66682815551758,143.65078735351562,68.57503509521484,74.87105560302734
2020-10-16,123.50452423095703,61.56217956542969,176.0535125732422,74.56596374511719,76.23885345458984
2020-10-17,46.205345153808594,28.346534729003906,65.02047729492188,73.15396881103516,74.44310760498047
2020-10-18,49.075077056884766,16.308006286621094,68.01244354248047,74.32242584228516,73.20108795166016
2020-10-19,95.217529296875,69.94432067871094,100.01224517822266,78.25083923339844,74.86978149414062
2020-10-20,98.67223358154297,103.05272674560547,85.95614624023438,81.19147491455078,76.25038146972656
2020-10-21,72.01234436035156,62.81684112548828,67.36558532714844,84.66551971435547,76.88690948486328
2020-10-22,101.61250305175781,105.35172271728516,81.11422729492188,83.757080078125,77.12773132324219
2020-10-23,65.72555541992188,52.41859436035156,65.58342742919922,75.50294494628906,77.24637603759766
2020-10-24,66.82413482666016,31.723068237304688,95.25662231445312,78.448486328125,77.31159973144531
2020-10-25,46.98677444458008,62.45619583129883,39.07097625732422,78.15015411376953,77.03277587890625
2020-10-26,89.93396759033203,29.885713577270508,124.63818359375,77.39535522460938,78.62876892089844
2020-10-27,130.45274353027344,65.02559661865234,185.9580535888672,81.93543243408203,80.90846252441406
2020-10-28,81.79179382324219,54.36001968383789,113.35407257080078,83.3324966430664,80.15460205078125
2020-10-29,89.64422607421875,51.067596435546875,106.4885482788086,81.62274169921875,79.63737487792969
2020-10-30,80.3587875366211,89.01270294189453,66.82084655761719,83.71320343017578,78.81730651855469
2020-10-31,13.506901741027832,0.0,22.46282386779785,76.0964584350586,76.73430633544922
2020-11-01,49.866607666015625,28.407495498657227,59.23664093017578,76.50785827636719,74.9990234375
2020-11-02,56.625091552734375,56.4507942199707,54.93312454223633,71.74945068359375,75.40581512451172
2020-11-03,162.6325225830078,179.1984405517578,142.3516082763672,76.34656524658203,78.33998107910156
2020-11-04,129.5658721923828,94.72251892089844,136.46824645996094,83.17143249511719,80.42816162109375
2020-11-05,69.64662170410156,86.79031372070312,72.39169311523438,80.31462860107422,79.892822265625
2020-11-06,62.92530059814453,89.61659240722656,67.27417755126953,77.82413482666016,79.21525573730469
2020-11-07,42.17764663696289,71.15785217285156,26.97848892211914,81.91995239257812,76.83297729492188
2020-11-08,44.865478515625,0.0,74.61409759521484,81.20550537109375,75.60955810546875
2020-11-09,105.3998794555664,80.05747985839844,116.85774230957031,88.17333221435547,77.25324249267578
2020-11-10,58.58963394165039,44.93022155761719,59.96199035644531,73.31005859375,77.8430404663086
2020-11-11,97.92937469482422,76.40447998046875,113.29578399658203,68.79056549072266,78.85005950927734
2020-11-12,52.86012268066406,17.56580352783203,80.5838851928711,66.39249420166016,78.00914001464844
2020-11-13,69.1920166015625,77.6014175415039,57.53532791137695,67.28773498535156,78.72573852539062
2020-11-14,33.80171203613281,47.176734924316406,44.97148895263672,66.09117126464844,76.25341033935547
2020-11-15,66.58427429199219,99.56898498535156,69.2086410522461,69.19386291503906,74.35607147216797
2020-11-16,70.595703125,97.447021484375,63.218116760253906,64.22183227539062,75.16908264160156
2020-11-17,45.81698226928711,36.54076385498047,53.33755874633789,62.39717102050781,75.06047821044922
2020-11-18,109.74150848388672,105.35172271728516,128.43084716796875,64.0846176147461,75.54460906982422
2020-11-19,49.04205322265625,35.557159423828125,51.90182113647461,63.53917694091797,73.89027404785156
2020-11-20,94.15567016601562,42.66629409790039,128.116455078125,67.10541534423828,74.62837982177734
2020-11-21,47.32239532470703,13.479065895080566,73.07867431640625,69.03694152832031,72.81871032714844
2020-11-22,48.83392333984375,32.45573806762695,67.67822265625,66.50117492675781,72.25566101074219
2020-11-23,36.7552604675293,54.96318435668945,45.844722747802734,61.66682815551758,71.25336456298828
2020-11-24,104.29373168945312,128.72811889648438,82.59381866455078,70.02064514160156,73.1635971069336
2020-11-25,23.360843658447266,9.31557559967041,31.0804386138916,57.6805534362793,70.94448852539062
2020-11-26,69.12260437011719,63.60908126831055,79.58438110351562,60.5492057800293,68.90015411376953
2020-11-27,70.37321472167969,100.22371673583984,66.87718200683594,57.151710510253906,68.51953125
2020-11-28,90.85101318359375,34.835140228271484,127.84617614746094,63.37008285522461,68.55976104736328
2020-11-29,101.21734619140625,36.693016052246094,153.02798461914062,70.85343170166016,69.25504302978516
2020-11-30,46.802371978759766,20.73702621459961,69.1869125366211,72.28873443603516,70.3648910522461
2020-12-01,129.65858459472656,41.69660568237305,180.85125732421875,75.91228485107422,73.02462768554688
2020-12-02,92.27208709716797,36.795223236083984,130.4361114501953,85.75674438476562,74.21286010742188
2020-12-03,67.78787994384766,63.07394027709961,90.18838500976562,85.56607055664062,71.0513687133789
2020-12-04,38.66810607910156,25.699386596679688,42.87165451049805,81.03677368164062,68.02144622802734
2020-12-05,48.33513259887695,32.12423324584961,64.30747985839844,74.96307373046875,67.3110580444336
2020-12-06,64.01097106933594,31.90696907043457,79.84069061279297,69.64787292480469,67.34725189208984
2020-12-07,55.042667388916016,0.0,91.5394058227539,70.82505798339844,67.77608489990234
2020-12-08,78.9751205444336,34.99201583862305,102.15377807617188,63.58456802368164,68.91307067871094
2020-12-09,62.7380256652832,8.33932113647461,104.33726501464844,59.365413665771484,67.49101257324219
2020-12-10,95.42375946044922,27.180009841918945,143.58181762695312,63.31339645385742,68.71881866455078
2020-12-11,42.853397369384766,42.721492767333984,35.633941650390625,63.91129684448242,66.88294982910156
2020-12-12,50.962581634521484,27.096378326416016,67.80316925048828,64.2866439819336,66.81969451904297
2020-12-13,28.132211685180664,0.0,46.78562927246094,59.161109924316406,65.45103454589844
2020-12-14,29.79821014404297,19.8043270111084,33.03752899169922,55.55475616455078,65.31758880615234
2020-12-15,89.52886199951172,46.97541046142578,125.38282012939453,57.062435150146484,66.08240509033203
2020-12-16,52.51097869873047,8.724891662597656,80.05162811279297,55.6014289855957,65.47958374023438
2020-12-17,93.12439727783203,70.7335205078125,125.37232971191406,55.27294921875,67.0564956665039
2020-12-18,79.99098205566406,0.0,133.03001403808594,60.57831573486328,66.06481170654297
2020-12-19,66.18169403076172,27.78019905090332,92.68571472167969,62.75247573852539,66.6361312866211
2020-12-20,8.833514213562012,0.0,14.69068717956543,59.995521545410156,63.79206085205078
2020-12-21,91.1224136352539,64.12371826171875,106.97102355957031,68.75611877441406,65.25205993652344
2020-12-22,62.6832275390625,48.06945037841797,72.17041015625,64.92102813720703,65.71370697021484
2020-12-23,68.60346984863281,39.08131790161133,97.79303741455078,67.21995544433594,66.77531433105469
2020-12-24,54.99793243408203,42.175880432128906,56.286155700683594,61.773319244384766,65.13211822509766
2020-12-25,48.241275787353516,0.0,80.22826385498047,57.237648010253906,65.96147155761719
2020-12-26,51.643592834472656,29.419790267944336,61.3475227355957,55.16077423095703,65.37883758544922
2020-12-27,28.47479248046875,0.0,47.35536575317383,57.966670989990234,63.98221969604492
2020-12-28,41.40709686279297,16.511856079101562,55.0900764465332,50.86448287963867,62.33409118652344
2020-12-29,69.01182556152344,22.933134078979492,105.20674133300781,51.76856994628906,61.26057052612305
2020-12-30,59.15299606323242,53.60992431640625,89.43194580078125,50.41850280761719,61.67226028442383
2020-12-31,80.7943344116211,46.02608108520508,95.97574615478516,54.103702545166016,60.04344940185547
2021-01-01,65.27227020263672,32.53567886352539,81.41390991210938,56.53670120239258,59.143455505371094
2021-01-02,39.43532943725586,47.176734924316406,39.35005569458008,54.79266357421875,58.19837188720703
2021-01-03,19.037744522094727,0.0,31.66096305847168,53.444515228271484,57.54402542114258
2021-01-04,99.32736206054688,108.92378997802734,107.37196350097656,61.71883773803711,59.24376678466797
2021-01-05,121.8519515991211,71.98629760742188,150.10919189453125,69.26742553710938,61.17179870605469
2021-01-06,106.57054138183594,35.41416931152344,169.8487548828125,76.0413589477539,62.88939666748047
2021-01-07,54.23599624633789,24.954946517944336,76.32125854492188,72.247314453125,62.06475830078125
2021-01-08,77.7395248413086,51.66682815551758,86.19047546386719,74.02835083007812,62.5648078918457
2021-01-09,84.59059143066406,26.98567008972168,118.17074584960938,80.4791030883789,62.203704833984375
2021-01-10,70.81498718261719,78.44112396240234,78.51317596435547,87.8758544921875,63.13575744628906
2021-01-11,84.14276123046875,35.319480895996094,110.4747543334961,85.70661926269531,64.24176025390625
2021-01-12,169.87527465820312,169.3523712158203,181.6156463623047,92.56709289550781,68.9665298461914
2021-01-13,66.500732421875,74.58304595947266,55.29743957519531,86.84283447265625,70.18994903564453
2021-01-14,62.11064529418945,41.279640197753906,68.86259460449219,87.96778869628906,69.27600860595703
2021-01-15,57.96993637084961,49.53556823730469,75.74885559082031,85.14356231689453,69.45796966552734
2021-01-16,72.01234436035156,19.579275131225586,108.87366485595703,83.34667205810547,68.75423431396484
2021-01-17,71.32322692871094,15.800819396972656,105.435546875,83.41927337646484,68.4653091430664
2021-01-18,94.48599243164062,55.408912658691406,129.40621948242188,84.89688110351562,69.4087905883789
2021-01-19,66.66802978515625,49.84711456298828,76.22526550292969,70.15298461914062,71.33660888671875
2021-01-20,87.48678588867188,23.78658676147461,132.2690887451172,73.15099334716797,71.21541595458984
2021-01-21,47.43533706665039,39.407772064208984,52.59196090698242,71.05451965332031,70.7071533203125
2021-01-22,93.7134780883789,73.115234375,101.64220428466797,76.1607437133789,71.54415893554688
2021-01-23,56.42650604248047,26.471914291381836,93.84081268310547,73.93419647216797,71.5917739868164
2021-01-24,34.06239318847656,33.95754623413086,28.323945999145508,68.61122131347656,71.11914825439453
2021-01-25,140.4451141357422,96.56056213378906,185.24440002441406,75.17680358886719,74.07919311523438
2021-01-26,50.25387191772461,8.349864959716797,76.61072540283203,72.83192443847656,74.80516815185547
2021-01-27,68.84309387207031,72.6683120727539,60.612552642822266,70.16854095458984,75.71969604492188
2021-01-28,112.78604125976562,41.64402770996094,166.72911071777344,79.50435638427734,77.17884063720703
2021-01-29,63.216941833496094,16.80596160888672,91.11589813232422,75.147705078125,77.3143081665039
2021-01-30,61.917152404785156,27.434030532836914,80.08941650390625,75.93208312988281,76.68506622314453
2021-01-31,23.888710021972656,15.876785278320312,26.485614776611328,74.47870635986328,75.30561065673828
2021-02-01,60.04654312133789,29.930856704711914,83.21763610839844,62.993194580078125,75.9926528930664
2021-02-02,192.34263610839844,144.8782196044922,248.7938995361328,83.29158782958984,81.76948547363281
2021-02-03,69.92227935791016,43.56690216064453,101.7494888305664,83.44575500488281,80.78931427001953
2021-02-04,78.18482208251953,24.61394691467285,116.33929443359375,78.50272369384766,79.333740234375
2021-02-05,106.44497680664062,101.87264251708984,106.21480560302734,84.67816162109375,79.32955932617188
2021-02-06,63.06491470336914,33.08989334106445,82.80071258544922,84.84212493896484,79.62385559082031
2021-02-07,48.476600646972656,48.32738494873047,40.309810638427734,88.35468292236328,78.64842224121094
2021-02-08,72.8036880493164,63.50714111328125,68.10586547851562,90.17713165283203,78.25552368164062
2021-02-09,61.26280975341797,69.79913330078125,50.94194412231445,71.4514389038086,77.93711853027344
2021-02-10,74.92713165283203,39.31394577026367,104.93347930908203,72.16641998291016,77.62993621826172
2021-02-11,63.45914840698242,50.611053466796875,70.35769653320312,70.06275177001953,74.08273315429688
2021-02-12,73.32506561279297,34.39970016479492,107.59780883789062,65.33133697509766,74.3102035522461
2021-02-13,36.62135314941406,39.82759475708008,38.7568359375,61.55368423461914,73.46056365966797
2021-02-14,25.286775588989258,16.80596160888672,28.035661697387695,58.24085235595703,72.37112426757812
2021-02-15,61.24074935913086,44.40163040161133,64.81185913085938,56.58900451660156,72.01206970214844
2021-02-16,91.76087188720703,82.33058166503906,91.56245422363281,60.94586944580078,72.69332885742188
2021-02-17,104.36856842041016,54.285552978515625,128.29196166992188,65.15178680419922,73.02274322509766
2021-02-18,33.67285919189453,8.392302513122559,56.00007629394531,60.8966064453125,71.92290496826172
2021-02-19,85.1559829711914,25.46816062927246,127.457763671875,62.58673858642578,71.84521484375
2021-02-20,23.758169174194336,6.767153739929199,33.866851806640625,60.74913787841797,71.05597686767578
2021-02-21,37.47248458862305,44.82857131958008,37.391456604003906,62.48995590209961,69.1812744140625
2021-02-22,71.28911590576172,0.0,118.55826568603516,63.925437927246094,69.67669677734375
2021-02-23,97.42845916748047,79.46882629394531,103.1097640991211,64.73509216308594,71.78889465332031
2021-02-24,77.84101867675781,34.48951721191406,107.87873840332031,60.94544219970703,69.70209503173828
2021-02-25,46.18281936645508,25.113088607788086,62.84039306640625,62.73257827758789,69.56639099121094
2021-02-26,121.14055633544922,83.28805541992188,166.72911071777344,67.87322998046875,71.30963897705078
2021-02-27,81.19038391113281,25.90095329284668,129.62371826171875,76.07783508300781,70.25645446777344
2021-02-28,66.41739654541016,33.10647964477539,82.84222412109375,80.21282196044922,70.3631362915039
2021-03-01,96.29557800292969,76.79933166503906,96.08734893798828,83.78517150878906,71.50907897949219
2021-03-02,137.46934509277344,61.8918342590332,191.74591064453125,89.50530242919922,75.29510498046875
2021-03-03,154.58648681640625,70.4505844116211,220.3603057861328,100.46894073486328,78.4464340209961
2021-03-04,88.44233703613281,32.061859130859375,127.02809143066406,106.50601196289062,74.98309326171875
2021-03-05,88.98228454589844,48.38639450073242,127.80359649658203,101.91197204589844,75.61842346191406
2021-03-06,57.995521545410156,27.208003997802734,73.75601959228516,98.59841918945312,74.94544982910156
2021-03-07,16.277973175048828,16.227869033813477,27.071290969848633,91.4356460571289,71.93988037109375
2021-03-08,60.39744567871094,92.63314056396484,23.179555892944336,86.30734252929688,71.85096740722656
2021-03-09,22.26188087463379,17.754684448242188,29.61832046508789,69.84913635253906,70.97714233398438
2021-03-10,57.34138107299805,52.76758575439453,51.34893798828125,55.956974029541016,70.46173095703125
2021-03-11,70.38656616210938,78.94114685058594,80.47687530517578,53.37757873535156,70.76585388183594
2021-03-12,49.37989044189453,16.409297943115234,68.43487548828125,47.7200927734375,69.9142837524414
2021-03-13,72.58614349365234,59.20586013793945,109.7411880493164,49.80447006225586,70.21851348876953
2021-03-14,43.81703186035156,52.41859436035156,58.2963752746582,53.73862075805664,69.23491668701172
2021-03-15,111.60258483886719,20.22892189025879,177.16563415527344,61.05363845825195,71.73429107666016
2021-03-16,108.84150695800781,47.176734924316406,149.5301971435547,73.42215728759766,74.51944732666016
2021-03-17,93.311767578125,50.74066162109375,134.02195739746094,78.56078338623047,75.5884780883789
2021-03-18,134.94033813476562,95.4693374633789,188.21839904785156,87.78275299072266,77.02779388427734
2021-03-19,42.853397369384766,8.54429817199707,64.14109802246094,86.85039520263672,74.97728729248047
2021-03-20,29.48873519897461,6.532880783081055,43.5925407409668,80.6936264038086,74.83782196044922
2021-03-21,26.29022216796875,17.472864151000977,29.1481876373291,78.1897964477539,72.87562561035156
2021-03-22,119.15711212158203,38.01290512084961,174.38584899902344,79.26901245117188,76.05559539794922
2021-03-23,99.4635238647461,103.46854400634766,107.87873840332031,77.9292984008789,78.12196350097656
2021-03-24,76.4438705444336,16.935237884521484,120.068115234375,75.51959991455078,78.29378509521484
2021-03-25,63.78499984741211,33.91395568847656,77.79086303710938,65.35455322265625,77.1723403930664
2021-03-26,69.7814712524414,32.73726272583008,95.5713882446289,69.201416015625,76.9036865234375
2021-03-27,41.32761764526367,6.338524341583252,63.44346618652344,70.89268493652344,76.7418441772461
2021-03-28,75.62940216064453,60.31727981567383,113.19878387451172,77.9411392211914,75.22480773925781
2021-03-29,123.23540496826172,127.77032470703125,98.37513732910156,78.52375793457031,76.62630462646484
2021-03-30,95.42375946044922,99.66004180908203,83.1263198852539,77.94664764404297,77.59318542480469
2021-03-31,76.34598541259766,76.1109848022461,70.53787231445312,77.93266296386719,76.9281997680664
2021-04-01,67.69552612304688,62.98801040649414,90.06552124023438,78.4913101196289,74.60240936279297
2021-04-02,65.70381927490234,54.58464813232422,72.84638214111328,77.9087905883789,71.6396484375
2021-04-03,91.81957244873047,42.24781799316406,123.33599090576172,85.1219253540039,71.75222778320312
2021-04-04,23.437978744506836,0.0,38.97882843017578,77.66600799560547,69.56741333007812
2021-04-05,74.55940246582031,42.47422790527344,88.56925201416016,70.71229553222656,70.11954498291016
2021-04-06,92.78900909423828,27.751020431518555,131.16685485839844,70.33589935302734,72.66991424560547
2021-04-07,113.79048919677734,67.22384643554688,168.21397399902344,75.68511199951172,74.44967651367188
2021-04-08,32.52170181274414,37.053253173828125,54.085628509521484,70.6602783203125,74.79167175292969
2021-04-09,48.00822830200195,26.105703353881836,65.3241958618164,68.13233947753906,74.4805679321289
2021-04-10,32.44434356689453,12.937790870666504,43.16558074951172,59.65016555786133,73.21582794189453
2021-04-11,48.83392333984375,48.6836051940918,54.142581939697266,63.27815628051758,73.1976318359375
2021-04-12,100.38084411621094,120.08622741699219,133.55169677734375,66.96693420410156,74.1241226196289
2021-04-13,95.29304504394531,72.38074493408203,143.3851318359375,67.32465362548828,75.8399887084961
2021-04-14,186.30352783203125,144.96005249023438,294.7205810546875,77.68366241455078,78.33001708984375
2021-04-15,103.25959777832031,41.176700592041016,151.11990356445312,87.78907012939453,78.14395141601562
2021-04-16,95.03267669677734,18.045743942260742,142.9933624267578,94.50685119628906,78.2013168334961
2021-04-17,101.40513610839844,87.61392974853516,101.18585205078125,104.35839080810547,77.08348083496094
2021-04-18,54.817909240722656,62.45619583129883,39.07097625732422,105.21324920654297,77.48229217529297
2021-04-19,110.41893005371094,150.1077880859375,100.16377258300781,106.64726257324219,80.17996978759766
2021-04-20,125.26516723632812,129.5047607421875,138.88255310058594,110.92899322509766,83.47913360595703
2021-04-21,166.30258178710938,62.73161315917969,261.6217956542969,108.07171630859375,85.05065155029297
2021-04-22,113.77379608154297,61.07423400878906,145.5484161376953,109.57374572753906,85.52765655517578
2021-04-23,146.73118591308594,115.25054168701172,177.4713897705078,116.95924377441406,87.87056732177734
2021-04-24,111.8166275024414,139.34056091308594,98.79022216796875,118.44660186767578,89.47161865234375
2021-04-25,16.60434913635254,33.10647964477539,13.807036399841309,112.98751831054688,87.69905090332031
2021-04-26,54.46673583984375,39.490238189697266,57.64282989501953,104.99434661865234,88.13702392578125
2021-04-27,131.65333557128906,143.94952392578125,98.87963104248047,105.90694427490234,90.00448608398438
2021-04-28,50.063995361328125,33.27326202392578,62.444671630859375,89.30142974853516,87.56543731689453
2021-04-29,47.383934020996094,68.7099380493164,28.65543556213379,79.81716918945312,85.964111328125
2021-04-30,36.4018440246582,27.217348098754883,37.83658981323242,64.05583190917969,84.63263702392578
2021-05-01,56.08929443359375,19.735286712646484,82.30589294433594,56.094783782958984,84.24576568603516
2021-05-02,49.56460189819336,16.470680236816406,68.69086456298828,60.80339050292969,83.70779418945312
2021-05-03,97.42845916748047,86.33650207519531,90.01647186279297,66.94078063964844,83.8947525024414
2021-05-04,93.87843322753906,71.30625915527344,104.08381652832031,61.54436492919922,86.24276733398438
2021-05-05,60.385345458984375,8.59992504119873,93.25143432617188,63.01884460449219,85.77030181884766
2021-05-06,76.30575561523438,53.69709396362305,111.97169494628906,67.1505355834961,85.22086334228516
2021-05-07,55.92646408081055,8.577588081359863,85.85466766357422,69.93976593017578,83.29206085205078
2021-05-08,3.56573486328125,0.0,5.93004035949707,62.436397552490234,82.32685852050781
2021-05-09,8.323034286499023,0.0,13.841727256774902,56.54474639892578,81.00402069091797
2021-05-10,49.002479553222656,9.770329475402832,73.34477233886719,49.62675094604492,81.55596160888672
2021-05-11,101.1806869506836,78.94114685058594,124.37335205078125,50.66992950439453,83.30084991455078
2021-05-12,63.2974739074707,33.65473937988281,84.2141342163086,51.08594512939453,82.06473541259766
2021-05-13,140.43304443359375,131.76544189453125,144.25082397460938,60.246986389160156,83.56940460205078
2021-05-14,115.36304473876953,73.93368530273438,143.89199829101562,68.73793029785156,81.20471954345703
2021-05-15,88.29153442382812,26.079933166503906,130.51943969726562,80.84161376953125,80.7057876586914
2021-05-16,49.318626403808594,32.77787780761719,54.67997741699219,86.69812774658203,79.1819839477539
2021-05-17,92.1579818725586,40.83302688598633,127.72042083740234,92.86319732666016,78.87374877929688
2021-05-18,98.58832550048828,108.11334991455078,114.77099609375,92.49285888671875,80.332763671875
2021-05-19,158.9622344970703,92.01653289794922,204.66900634765625,106.15925598144531,81.95086669921875
2021-05-20,125.85060119628906,89.61659240722656,134.54835510253906,104.0760498046875,81.97038269042969
2021-05-21,165.85250854492188,125.1236801147461,171.45761108398438,111.28883361816406,81.95538330078125
2021-05-22,68.15982818603516,20.385007858276367,102.01866149902344,108.41287231445312,80.4349136352539
2021-05-23,65.92174530029297,82.14854431152344,54.81599426269531,110.78474426269531,77.74127197265625
2021-05-24,138.4081268310547,101.1868667602539,176.47238159179688,117.39190673828125,78.62765502929688
2021-05-25,170.94143676757812,46.05817794799805,276.6029052734375,127.72806549072266,83.77222442626953
2021-05-26,176.6128387451172,85.88742065429688,243.5712127685547,130.2495880126953,87.84375762939453
2021-05-27,133.3360595703125,49.84711456298828,187.09837341308594,131.31893920898438,87.89984893798828
2021-05-28,140.02928161621094,43.624454498291016,196.4903564453125,127.6299057006836,90.89868927001953
2021-05-29,59.0212516784668,14.709895133972168,85.88652801513672,126.32439422607422,91.28660583496094
2021-05-30,31.10392189025879,31.008182525634766,38.79582595825195,121.35041809082031,91.1100082397461
2021-05-31,57.554264068603516,51.00187301635742,63.81089782714844,109.79986572265625,91.1588363647461
2021-06-01,65.87492370605469,18.763473510742188,93.9035415649414,94.79035949707031,91.7025146484375
2021-06-02,68.72547149658203,27.40557289123535,99.05546569824219,79.37788391113281,90.7457504272461
2021-06-03,60.072471618652344,17.11073112487793,85.63224029541016,68.91165161132812,89.61888122558594
2021-06-04,79.60777282714844,52.908485412597656,95.61695861816406,60.28001022338867,90.25962829589844
2021-06-05,41.4935417175293,34.47151565551758,40.25370788574219,57.77605438232422,89.0992202758789
2021-06-06,47.32239532470703,37.74138641357422,47.220062255859375,60.09297561645508,88.81242370605469
2021-06-07,54.304386138916016,0.0,90.31159210205078,59.62870788574219,90.50370788574219
2021-06-08,59.727294921875,54.96318435668945,68.76708221435547,58.7504768371582,92.2171859741211
2021-06-09,93.24922180175781,53.121253967285156,110.77093505859375,62.253868103027344,93.69207763671875
2021-06-10,85.51465606689453,35.89533996582031,119.76103973388672,65.88846588134766,93.16987609863281
2021-06-11,131.48475646972656,84.56776428222656,155.1833038330078,73.2994613647461,95.44278717041016
2021-06-12,47.130027770996094,46.98495864868164,44.78867721557617,74.10467529296875,92.33268737792969
2021-06-13,58.55548858642578,0.0,97.3814468383789,75.70940399169922,90.43910217285156
2021-06-14,29.358060836791992,19.511795043945312,40.68690872192383,72.14564514160156,88.47464752197266
2021-06-15,73.5105209350586,27.481592178344727,114.61180877685547,74.11467742919922,89.28104400634766
2021-06-16,144.7877197265625,139.9680633544922,124.04387664794922,81.4773178100586,91.03536987304688
2021-06-17,138.02365112304688,18.346508026123047,214.23919677734375,88.97860717773438,92.34988403320312
2021-06-18,84.50428009033203,33.69766616821289,112.42872619628906,82.26710510253906,89.86795043945312
2021-06-19,42.243160247802734,14.037710189819336,64.39859771728516,81.56898498535156,87.0810317993164
2021-06-20,94.64479064941406,51.46552658081055,128.78199768066406,86.72459411621094,84.70744323730469
2021-06-21,94.50267791748047,79.33625030517578,99.26139831542969,96.03097534179688,85.58554077148438
2021-06-22,170.60433959960938,37.795379638671875,252.2006378173828,109.90151977539062,89.07495880126953
2021-06-23,41.51087188720703,49.65972137451172,55.228145599365234,95.1476821899414,85.84505462646484
2021-06-24,76.66112518310547,40.2237663269043,100.65177917480469,86.38160705566406,82.70237731933594
2021-06-25,54.78801345825195,42.01490020751953,56.07132339477539,82.13642883300781,78.64154815673828
2021-06-26,25.453319549560547,7.2499918937683105,42.33046340942383,79.73787689208984,75.04545593261719
2021-06-27,8.472040176391602,0.0,14.089533805847168,67.42748260498047,70.66021728515625
2021-06-28,97.29219818115234,110.84883117675781,107.86868286132812,67.82598876953125,71.9359130859375
2021-06-29,95.68627166748047,154.4437713623047,60.62181854248047,57.12340545654297,74.08865356445312
2021-06-30,43.81703186035156,61.155025482177734,43.722286224365234,57.452857971191406,73.63075256347656
2021-07-01,64.11421203613281,68.17799377441406,49.7587776184082,55.66044235229492,73.57205963134766
2021-07-02,78.9751205444336,43.74001693725586,102.15377807617188,59.11574172973633,73.91371154785156
2021-07-03,46.89175796508789,73.46023559570312,50.13252639770508,62.178375244140625,73.47435760498047
2021-07-04,46.52482986450195,55.65794372558594,61.898963928222656,67.61448669433594,72.37158966064453
2021-07-05,65.9874038696289,78.94114685058594,65.84471130371094,63.14237594604492,73.18805694580078
2021-07-06,63.3285026550293,29.13857078552246,97.21778869628906,58.51983642578125,73.72158813476562
2021-07-07,34.77761459350586,43.33820724487305,21.689006805419922,57.228492736816406,73.0707015991211
2021-07-08,37.85791778564453,28.30603790283203,39.35005569458008,53.47759246826172,72.34172058105469
2021-07-09,32.35719299316406,32.25759506225586,33.63252639770508,46.81789016723633,70.3119888305664
2021-07-10,31.023006439208984,20.618343353271484,34.395469665527344,44.55092239379883,68.49559783935547
2021-07-11,27.30138397216797,0.0,45.40391159057617,41.804718017578125,65.02281951904297
2021-07-12,69.73827362060547,89.38748931884766,41.421112060546875,42.34055709838867,65.77642822265625
2021-07-13,77.247802734375,81.54003143310547,60.455501556396484,44.32902908325195,66.39950561523438
2021-07-14,56.218509674072266,17.24475860595703,86.30298614501953,47.39201354980469,67.29485321044922
2021-07-15,104.51173400878906,108.72003936767578,98.24019622802734,56.91398620605469,68.3282241821289
2021-07-16,70.38033294677734,28.065479278564453,101.4406509399414,62.345863342285156,65.84797668457031
2021-07-17,76.57191467285156,66.37931823730469,77.513671875,68.85285186767578,63.79958724975586
2021-07-18,32.555946350097656,48.6836051940918,27.071290969848633,69.60350036621094,62.06797790527344
2021-07-19,50.573551177978516,10.083576202392578,84.10698699951172,66.86568450927734,62.34565734863281
2021-07-20,37.430145263671875,27.986196517944336,38.90542221069336,61.17744827270508,60.43850326538086
2021-07-21,49.915401458740234,45.23796081542969,45.27951431274414,60.27700424194336,58.9522590637207
2021-07-22,95.29304504394531,63.33314514160156,105.6521987915039,58.96004867553711,56.4418830871582
2021-07-23,91.7940444946289,39.78760528564453,119.47245788574219,62.01914978027344,58.11798858642578
2021-07-24,65.35699462890625,82.30208587646484,62.927398681640625,60.41701889038086,57.74118423461914
2021-07-25,26.220853805541992,17.426761627197266,29.07128143310547,59.51200485229492,56.788944244384766
2021-07-26,59.15299606323242,49.14242935180664,65.58342742919922,60.737640380859375,57.912269592285156
2021-07-27,79.20344543457031,65.02559661865234,108.47554016113281,66.70525360107422,60.269981384277344
2021-07-28,53.2962646484375,65.39349365234375,47.7265510559082,67.188232421875,58.80345153808594
2021-07-29,30.91729736328125,8.806323051452637,44.07206344604492,57.99169921875,56.64448547363281
2021-07-30,80.90396118164062,125.46322631835938,67.27417755126953,56.43597412109375,57.880714416503906
2021-07-31,30.390527725219727,13.465325355529785,39.30994415283203,51.440765380859375,56.756591796875
2021-08-01,40.6949348449707,0.0,67.67822265625,53.50849151611328,55.480587005615234
2021-08-02,111.9454574584961,40.58213424682617,160.78517150878906,61.050270080566406,57.649044036865234
2021-08-03,50.82042694091797,46.05817794799805,46.10047912597656,56.99555206298828,57.79222869873047
2021-08-04,89.99213409423828,76.898681640625,92.64825439453125,62.23781967163086,58.59238815307617
2021-08-05,99.66178131103516,75.69905853271484,110.495849609375,72.05846405029297,59.803497314453125
2021-08-06,63.62165832519531,16.91355323791504,98.75301361083984,69.58956146240234,60.76496505737305
2021-08-07,50.91036605834961,60.904388427734375,39.51132583618164,72.52096557617188,61.20004653930664
2021-08-08,18.557802200317383,37.00135803222656,15.431394577026367,69.3585205078125,60.74006652832031
2021-08-09,42.60537338256836,53.0927848815918,26.570775985717773,59.45279312133789,61.12614440917969
2021-08-10,103.37091064453125,46.84214401245117,140.65550231933594,66.96000671386719,63.66179656982422
2021-08-11,71.90812683105469,47.79119110107422,103.64269256591797,64.37657165527344,63.73412322998047
2021-08-12,76.1509780883789,94.8957290649414,55.40668869018555,61.017887115478516,63.69756317138672
2021-08-13,95.29304504394531,126.66629028320312,60.37268829345703,65.54237365722656,65.00004577636719
2021-08-14,11.128447532653809,14.792257308959961,6.169101715087891,59.8592414855957,61.887271881103516
2021-08-15,55.987060546875,93.02454376220703,15.518330574035645,65.2062759399414,61.40749740600586
2021-08-16,127.20260620117188,95.10829162597656,185.10264587402344,77.29159545898438,63.095184326171875
2021-08-17,157.74131774902344,137.5988006591797,163.95855712890625,85.05879974365234,67.26802825927734
2021-08-18,83.16069793701172,73.69308471679688,99.8843765258789,86.66630554199219,68.3542709350586
2021-08-19,49.64338684082031,8.998287200927734,75.05459594726562,82.87950897216797,68.7613754272461
2021-08-20,68.60346984863281,48.851646423339844,81.49419403076172,79.06671142578125,69.38431549072266
2021-08-21,95.3510971069336,70.41303253173828,117.46285247802734,91.09851837158203,69.38624572753906
2021-08-22,64.41104125976562,55.03952407836914,76.51399230957031,92.30194854736328,68.47348022460938
2021-08-23,189.92799377441406,44.55138397216797,297.28204345703125,101.2627182006836,72.62584686279297
2021-08-24,133.26422119140625,151.83316040039062,150.3895721435547,97.76598358154297,76.19396209716797
2021-08-25,47.52607727050781,47.37978744506836,63.2310791015625,92.67532348632812,75.806396484375
2021-08-26,114.39083099365234,133.04518127441406,134.75270080566406,101.92496490478516,76.97930908203125
2021-08-27,103.81266021728516,141.12698364257812,86.32347869873047,106.95484924316406,78.66319274902344
2021-08-28,116.29227447509766,140.52642822265625,117.21292114257812,109.94644165039062,81.50902557373047
2021-08-29,81.67974853515625,126.66629028320312,75.46585845947266,112.41339874267578,81.53488159179688
2021-08-30,107.77188873291016,124.40440368652344,94.33232116699219,100.67681121826172,84.1142578125
2021-08-31,203.01235961914062,108.59815979003906,288.2141418457031,110.64083099365234,89.52484130859375
2021-09-01,80.03519439697266,88.65426635742188,73.9464111328125,115.28499603271484,88.46116638183594
2021-09-02,106.2608871459961,55.26980972290039,138.30145263671875,114.12357330322266,90.3091812133789
2021-09-03,98.69049072265625,136.88584899902344,92.76825714111328,113.39183807373047,90.59912872314453
2021-09-04,52.84255599975586,65.8498764038086,38.44770812988281,104.32759094238281,89.03848266601562
2021-09-05,50.70256805419922,67.39533233642578,42.16077423095703,99.90227508544922,88.60784912109375
2021-09-06,81.71419525146484,137.85989379882812,104.53524780273438,96.17974853515625,89.6346435546875
2021-09-07,117.78018951416016,88.06324005126953,130.58387756347656,84.00372314453125,92.94205474853516
2021-09-08,85.30216979980469,75.59075927734375,86.69396209716797,84.75614929199219,94.36528015136719
2021-09-09,73.61261749267578,36.693016052246094,99.46820068359375,80.09210968017578,93.37333679199219
2021-09-10,65.9410400390625,85.07279205322266,45.15579605102539,75.41361999511719,93.1744384765625
2021-09-11,89.4393310546875,118.88536071777344,49.5810661315918,80.64173126220703,93.61738586425781
2021-09-12,69.01182556152344,76.44377899169922,76.51399230957031,83.25733947753906,92.74134063720703
2021-09-13,104.92296600341797,109.5809555053711,91.40133666992188,86.5728759765625,95.86782836914062
2021-09-14,69.78723907470703,37.10529708862305,100.58580780029297,79.71674346923828,96.32783508300781
2021-09-15,65.9686279296875,56.37049102783203,70.52783203125,76.95480346679688,94.28669738769531
2021-09-16,119.12415313720703,45.67595291137695,160.01266479492188,83.45645141601562,92.99945831298828
2021-09-17,151.90768432617188,48.851646423339844,220.03431701660156,95.7374038696289,95.29102325439453
2021-09-18,103.51773834228516,51.599552154541016,139.8771514892578,97.74860382080078,97.08683776855469
2021-09-19,40.99712371826172,32.696746826171875,68.1807861328125,93.74650573730469,96.1666259765625
2021-09-20,59.95597839355469,49.80952072143555,58.164485931396484,87.32264709472656,94.98678588867188
2021-09-21,84.70899963378906,26.667871475219727,118.63273620605469,89.45433044433594,95.66339111328125
2021-09-22,54.23030090332031,45.05281448364258,60.12559509277344,87.77742767333984,91.14012908935547
2021-09-23,68.83257293701172,60.043113708496094,85.85466766357422,80.59291076660156,88.9924087524414
2021-09-24,92.75189971923828,70.4505844116211,110.1801528930664,72.14208984375,90.49993896484375
2021-09-25,36.149051666259766,39.31394577026367,43.722286224365234,62.51799011230469,87.89187622070312
2021-09-26,33.20869827270508,49.65972137451172,27.614072799682617,61.405357360839844,85.53841400146484
2021-09-27,57.03129577636719,47.37978744506836,55.32719421386719,60.987545013427734,83.56304931640625
2021-09-28,96.15580749511719,67.10188293457031,111.93920135498047,62.622802734375,84.04557800292969
2021-09-29,59.39776611328125,81.98990631103516,83.58494567871094,63.36101150512695,82.43311309814453
2021-09-30,102.68067169189453,62.308895111083984,148.4907684326172,68.19645690917969,79.0887222290039
2021-10-01,68.03733825683594,67.82791137695312,91.93466186523438,64.66580200195312,78.68878936767578
2021-10-02,57.63935852050781,108.16364288330078,50.74827575683594,67.73584747314453,77.06807708740234
2021-10-03,43.2450065612793,51.73427200317383,28.767663955688477,69.16960906982422,75.21989440917969
2021-10-04,65.81260681152344,17.496007919311523,102.15377807617188,70.42407989501953,75.65222930908203
2021-10-05,171.9004364013672,120.4230728149414,185.4364471435547,81.24474334716797,79.69215393066406
2021-10-06,56.072113037109375,0.0,93.25143432617188,80.76964569091797,78.83741760253906
2021-10-07,121.3052978515625,74.41963195800781,139.66497802734375,83.43030548095703,78.95492553710938
2021-10-08,94.39959716796875,25.66609764099121,142.7204132080078,87.19634246826172,79.25817108154297
2021-10-09,37.85791778564453,56.61207580566406,15.740021705627441,84.37042236328125,78.06634521484375
2021-10-10,26.1518497467041,17.380901336669922,43.492164611816406,81.92854309082031,76.74004364013672
2021-10-11,50.806251525878906,20.259946823120117,76.04458618164062,79.78478240966797,75.4522705078125
2021-10-12,81.5680160522461,108.4225845336914,52.75383377075195,66.8801498413086,75.87081146240234
2021-10-13,94.00530242919922,116.02925872802734,74.44605255126953,72.29917907714844,75.50688934326172
2021-10-14,55.363250732421875,64.39163970947266,53.708988189697266,62.878883361816406,75.02609252929688
2021-10-15,107.1450424194336,151.32159423828125,74.2453842163086,64.69966125488281,76.39863586425781
2021-10-16,27.152193069458008,33.83576965332031,16.933425903320312,63.17027282714844,73.3329086303711
2021-10-17,35.053627014160156,34.94572830200195,58.2963752746582,64.44195556640625,69.4377670288086
2021-10-18,126.71024322509766,27.068614959716797,188.149169921875,75.28538513183594,70.21085357666016
2021-10-19,133.84112548828125,28.59195899963379,198.73765563964844,82.75296783447266,73.30565643310547
2021-10-20,76.40929412841797,62.73161315917969,104.64871978759766,80.23925018310547,73.85409545898438
2021-10-21,94.00530242919922,80.32794952392578,104.2244644165039,85.7595443725586,74.16397094726562
2021-10-22,86.04071807861328,68.6207046508789,107.31832885742188,82.74464416503906,75.22431945800781
2021-10-23,62.439273834228516,32.761619567871094,81.97927856445312,87.78565216064453,75.01121520996094
2021-10-24,49.441307067871094,32.85941696166992,68.5199966430664,89.84103393554688,73.5675277709961
2021-10-25,79.62903594970703,116.42976379394531,123.59953308105469,83.11515045166016,75.01686096191406
2021-10-26,144.6536102294922,105.7527847290039,160.37867736816406,84.6597900390625,78.731689453125
2021-10-27,102.93289184570312,55.97239303588867,140.05950927734375,88.4488754272461,80.2617416381836
2021-10-28,96.13255310058594,87.85026550292969,99.92153930664062,88.75276947021484,80.2609634399414
2021-10-29,55.781578063964844,25.66609764099121,71.3602066040039,84.43003845214844,80.14042663574219
2021-10-30,49.83802795410156,33.12308120727539,60.78142547607422,82.6298599243164,78.3790054321289
2021-10-31,66.92056274414062,0.0,111.29308319091797,85.12689208984375,78.34178161621094
2021-11-01,124.33229064941406,17.70708465576172,199.38766479492188,91.51307678222656,80.56488037109375
2021-11-02,62.866249084472656,28.925880432128906,96.50816345214844,79.82916259765625,81.21891784667969
2021-11-03,73.80557250976562,60.59396743774414,101.08270263671875,75.66812133789062,81.4853515625
2021-11-04,122.68769073486328,61.155025482177734,160.31504821777344,79.46170806884766,79.84492492675781
2021-11-05,76.9422836303711,64.59406280517578,101.02091979980469,82.48466491699219,80.54059600830078
2021-11-06,28.162105560302734,0.0,46.83534622192383,79.38810729980469,77.43582916259766
2021-11-07,46.437862396240234,61.7265625,38.61453628540039,76.46200561523438,75.83709716796875
2021-11-08,46.36564636230469,71.90232849121094,34.270652770996094,65.32391357421875,76.12068939208984
2021-11-09,84.5761947631836,28.105287551879883,117.21292114257812,68.42533874511719,78.06816864013672
2021-11-10,135.30206298828125,37.209815979003906,193.97914123535156,77.2105484008789,80.88469696044922
2021-11-11,83.04486846923828,45.9940299987793,115.09069061279297,71.54728698730469,80.93392181396484
2021-11-12,101.21734619140625,27.51976203918457,153.02798461914062,75.01515197753906,81.17432403564453
2021-11-13,63.277320861816406,37.84952926635742,89.44902801513672,80.0316162109375,81.43812561035156
2021-11-14,51.49068832397461,34.22146224975586,71.3602066040039,80.75344848632812,79.5829849243164
2021-11-15,141.16055297851562,28.14521026611328,211.282958984375,94.29557800292969,83.38326263427734
2021-11-16,122.86271667480469,56.53131866455078,165.03445434570312,99.76507568359375,86.31023406982422
2021-11-17,126.06885528564453,78.00877380371094,180.74172973632812,98.44605255126953,86.28885650634766
2021-11-18,158.1717071533203,54.06337356567383,217.95529174804688,109.17845153808594,87.09986877441406
2021-11-19,108.7573471069336,81.31694030761719,150.72525024414062,110.25559997558594,88.17813873291016
2021-11-20,43.89743423461914,13.465325355529785,67.38847351074219,107.48704528808594,86.50788116455078
2021-11-21,34.06239318847656,16.97877311706543,42.48591995239258,104.99728393554688,84.7752685546875
2021-11-22,128.9940643310547,41.15104293823242,180.20118713378906,103.25921630859375,86.99375915527344
2021-11-23,80.91041564941406,28.468717575073242,118.7286148071289,97.26602935791016,88.04273223876953
2021-11-24,87.68561553955078,126.26714324951172,48.60889434814453,91.78271484375,88.31128692626953
2021-11-25,118.09510040283203,47.09263610839844,166.93963623046875,86.05747985839844,87.4260025024414
2021-11-26,58.97747039794922,9.799321174621582,98.0832290649414,78.9460678100586,85.9608154296875
2021-11-27,57.11323547363281,0.0,94.9828872680664,80.83404541015625,84.66017150878906
2021-11-28,35.52351379394531,0.0,59.07783126831055,81.04277038574219,83.98490905761719
2021-11-29,60.78105545043945,20.19799041748047,101.08270263671875,71.29805755615234,84.34967041015625
2021-11-30,92.78900909423828,18.50067901611328,146.59823608398438,72.99500274658203,85.21195220947266
2021-12-01,86.94403076171875,17.335281372070312,130.134033203125,72.8890609741211,83.96568298339844
2021-12-02,93.12439727783203,26.525070190429688,140.12200927734375,69.32181549072266,84.97428894042969
2021-12-03,106.17205047607422,42.33809280395508,162.44509887695312,76.06389617919922,86.05316925048828
2021-12-04,73.31639099121094,33.223052978515625,99.76069641113281,78.37863159179688,84.40745544433594
2021-12-05,86.75772857666016,47.176734924316406,131.16685485839844,85.69780731201172,84.7346420288086
2021-12-06,120.544677734375,67.29723358154297,184.43548583984375,94.23546600341797,87.81405639648438
2021-12-07,202.4346923828125,155.9453125,237.19338989257812,109.89913940429688,93.01395416259766
2021-12-08,145.55889892578125,52.76758575439453,212.73130798339844,118.27268981933594,96.32039642333984
2021-12-09,104.557373046875,66.33170318603516,150.17381286621094,119.90597534179688,96.98643493652344
2021-12-10,164.97715759277344,112.53166198730469,245.486572265625,128.30670166015625,97.97560119628906
2021-12-11,95.62051391601562,34.04506301879883,153.34352111816406,131.49301147460938,98.39479064941406
2021-12-12,76.4438705444336,16.935237884521484,127.13095092773438,130.01959228515625,97.56900787353516
2021-12-13,110.41893005371094,10.483718872070312,174.88914489746094,128.57305908203125,99.14039611816406
2021-12-14,129.9046173095703,101.75373840332031,177.46104431152344,118.21162414550781,101.75419616699219
2021-12-15,72.01234436035156,26.921504974365234,112.2759780883789,107.70497131347656,99.44925689697266
2021-12-16,136.24957275390625,59.42570495605469,212.4296112060547,112.23242950439453,99.8954849243164
2021-12-17,95.44012451171875,71.3597640991211,125.6556396484375,102.29856872558594,98.87452697753906
2021-12-18,86.98970031738281,62.439796447753906,98.37513732910156,101.06559753417969,96.50179290771484
2021-12-19,61.02098083496094,52.142704010009766,86.98432922363281,98.8623275756836,94.91057586669922
2021-12-20,53.08602523803711,21.16904640197754,88.28538513183594,90.67190551757812,95.21686553955078
2021-12-21,101.40513610839844,19.255809783935547,160.6124725341797,86.60055541992188,97.46162414550781
2021-12-22,141.3362274169922,17.612646102905273,227.7056427001953,96.50396728515625,97.87303161621094
2021-12-23,135.30911254882812,59.95227813720703,225.0275421142578,96.36961364746094,99.68631744384766
2021-12-24,135.7197723388672,60.13422775268555,208.99118041992188,102.12384796142578,101.28746032714844
2021-12-25,43.87506866455078,0.0,72.96698760986328,95.96461486816406,98.8134536743164
2021-12-26,43.73026657104492,21.79783058166504,54.54462814331055,93.49451446533203,98.30521392822266
2021-12-27,78.87065887451172,17.472864151000977,131.16685485839844,97.17803192138672,99.03046417236328
2021-12-28,58.89009475708008,14.677206039428711,85.6956787109375,91.10445404052734,99.8093490600586
2021-12-29,37.88884735107422,21.584125518798828,63.01152801513672,76.32626342773438,99.04627227783203
2021-12-30,147.22523498535156,56.4507942199707,197.75926208496094,78.028564453125,100.8608169555664
2021-12-31,76.59115600585938,0.0,127.37589263916016,69.58161926269531,100.5157241821289
2022-01-01,63.09653091430664,31.451156616210938,91.8167953491211,72.32754516601562,99.5147933959961
2022-01-02,37.85791778564453,0.0,62.960086822509766,71.48863220214844,97.23765563964844
2022-01-03,52.34305953979492,14.909126281738281,74.61409759521484,67.698974609375,96.53854370117188
2022-01-04,88.9631118774414,10.434032440185547,139.2482147216797,71.99512481689453,96.61205291748047
2022-01-05,96.48255157470703,82.44477081298828,137.53416442871094,80.36565399169922,95.80998229980469
2022-01-06,70.01464080810547,69.79913330078125,65.49678802490234,69.33556365966797,91.39598083496094
2022-01-07,118.95960998535156,72.98058319091797,182.61903381347656,75.3882064819336,90.50933837890625
2022-01-08,38.27546691894531,13.875510215759277,52.080955505371094,71.84233856201172,88.29994201660156
2022-01-09,63.70322799682617,18.1448974609375,105.94245910644531,75.5345230102539,84.92414855957031
2022-01-10,130.00657653808594,51.84256362915039,172.96726989746094,86.62931060791016,86.07035064697266
2022-01-11,188.9130096435547,78.8364486694336,270.3359069824219,100.90786743164062,89.81932067871094
2022-01-12,78.2134017944336,36.693016052246094,114.77099609375,98.29798889160156,88.74580383300781
2022-01-13,170.64743041992188,100.07186126708984,250.40943908691406,112.67410278320312,90.10389709472656
2022-01-14,133.57127380371094,17.754684448242188,207.3282470703125,114.76148223876953,92.1558609008789
2022-01-15,71.05609893798828,33.732086181640625,112.54357147216797,119.44442749023438,89.98274230957031
2022-01-16,46.00788497924805,73.38603210449219,30.60559844970703,116.9165267944336,88.33499908447266
2022-01-17,109.26873016357422,137.5988006591797,86.0782470703125,113.9539794921875,89.07763671875
2022-01-18,138.8214874267578,114.5331039428711,151.25888061523438,106.79804229736328,91.67098999023438
2022-01-19,153.562744140625,52.48802185058594,233.49436950683594,117.5622329711914,95.02021026611328
2022-01-20,136.3739776611328,26.313716888427734,212.1663055419922,112.66603088378906,96.18583679199219
2022-01-21,185.75144958496094,88.1808090209961,242.71995544433594,120.1203384399414,97.66634368896484
2022-01-22,145.81280517578125,96.90931701660156,205.1887664794922,130.79986572265625,98.01647186279297
2022-01-23,106.85701751708984,135.58123779296875,96.93268585205078,139.4925994873047,97.05437469482422
2022-01-24,185.8010711669922,42.33809280395508,282.5132141113281,150.42579650878906,101.78524780273438
2022-01-25,291.5824279785156,123.89849853515625,397.4753112792969,172.248779296875,110.04698181152344
2022-01-26,260.3373107910156,71.59613037109375,425.4924621582031,187.50228881835938,116.09587097167969
2022-01-27,265.0054016113281,79.25691223144531,411.3392333984375,205.87820434570312,122.96638488769531
2022-01-28,182.23171997070312,80.7425765991211,282.85858154296875,205.37539672851562,127.7778091430664
2022-01-29,217.44033813476562,94.83732604980469,322.0650634765625,215.60789489746094,130.11831665039062
2022-01-30,63.52869415283203,36.190372467041016,90.55902862548828,209.4181365966797,129.68289184570312
2022-01-31,142.98854064941406,19.006452560424805,237.79888916015625,203.30206298828125,132.34596252441406
2022-02-01,190.58609008789062,54.285552978515625,286.770263671875,188.87400817871094,137.43690490722656
2022-02-02,250.3199920654297,58.22821044921875,395.4829406738281,187.44296264648438,144.0361328125
2022-02-03,176.28762817382812,40.870933532714844,272.72314453125,174.7689971923828,146.94696044921875
2022-02-04,92.57479858398438,64.20162963867188,107.10100555419922,161.96087646484375,146.8166961669922
2022-02-05,47.5650749206543,33.87047576904297,50.852378845214844,137.69297790527344,146.06837463378906
2022-02-06,78.2496337890625,34.670562744140625,115.67469787597656,139.79595947265625,144.7113800048828
2022-02-07,195.15126037597656,29.930856704711914,299.58349609375,147.24778747558594,149.94056701660156
2022-02-08,158.38780212402344,81.20585632324219,225.77899169921875,142.6480255126953,153.0967254638672
2022-02-09,117.17926788330078,35.94417953491211,172.39071655273438,123.62792205810547,152.6691436767578
2022-02-10,108.53760528564453,17.312562942504883,173.28463745117188,113.94934844970703,149.98995971679688
2022-02-11,179.2779541015625,73.115234375,250.7174530029297,126.33551025390625,153.35877990722656
2022-02-12,131.98764038085938,96.27904510498047,187.3812255859375,138.3958740234375,152.07012939453125
2022-02-13,118.00495147705078,100.83576202392578,154.19613647460938,144.07521057128906,151.55123901367188
2022-02-14,191.8865509033203,70.4774398803711,285.52783203125,143.60882568359375,155.5789337158203
2022-02-15,229.06053161621094,87.82902526855469,380.9420166015625,153.70492553710938,161.68067932128906
2022-02-16,223.4668731689453,61.155025482177734,371.6394348144531,168.8888702392578,165.48728942871094
2022-02-17,228.45294189453125,91.09989929199219,334.33978271484375,186.01963806152344,168.47500610351562
2022-02-18,226.35154724121094,147.54351806640625,318.5234375,192.7444305419922,170.9012908935547
2022-02-19,140.16024780273438,115.8726806640625,210.354248046875,193.91195678710938,171.0275115966797
2022-02-20,83.27684020996094,110.69401550292969,123.10631561279297,188.95079040527344,167.61167907714844
2022-02-21,152.3668212890625,135.02029418945312,244.01055908203125,183.30511474609375,167.8301544189453
2022-02-22,279.43438720703125,121.55968475341797,439.3686828613281,190.50137329101562,173.58273315429688
2022-02-23,431.0212097167969,183.46507263183594,692.6530151367188,220.15199279785156,181.75672912597656
2022-02-24,370.7033996582031,189.51914978027344,545.3680419921875,240.47349548339844,184.39410400390625
2022-02-25,515.8916625976562,162.41171264648438,797.75244140625,281.83636474609375,192.91258239746094
2022-02-26,398.5916748046875,362.6435852050781,489.11749267578125,318.755126953125,197.36546325683594
2022-02-27,202.09298706054688,157.6728973388672,277.64227294921875,335.7288818359375,198.02749633789062
2022-02-28,452.6180725097656,218.17466735839844,678.2862548828125,378.6219177246094,205.86676025390625
2022-03-01,540.827392578125,287.5534362792969,809.48681640625,415.9637756347656,221.77671813964844
2022-03-02,523.524658203125,203.2228546142578,778.1954956054688,429.1785583496094,234.46124267578125
2022-03-03,436.8221435546875,353.82550048828125,552.4142456054688,438.62408447265625,242.6691131591797
2022-03-04,350.0732116699219,226.84716796875,465.75494384765625,414.93572998046875,245.99423217773438
2022-03-05,322.3639831542969,236.41136169433594,375.8942565917969,404.0460510253906,250.86343383789062
2022-03-06,197.62477111816406,206.39820861816406,250.40943908691406,403.4077453613281,254.36509704589844
2022-03-07,362.3121032714844,247.6778564453125,473.4303283691406,390.50689697265625,264.8566589355469
2022-03-08,352.1051025390625,360.2586975097656,408.3599853515625,363.54656982421875,273.9851989746094
2022-03-09,295.3064270019531,179.1984405517578,391.4669189453125,330.9439697265625,277.3236999511719
2022-03-10,352.40081787109375,384.1055908203125,343.8245849609375,318.8837890625,283.7908020019531
2022-03-11,410.3309631347656,289.7564392089844,497.5877990722656,327.4920349121094,293.5625305175781
2022-03-12,298.70550537109375,183.2529754638672,401.23406982421875,324.11224365234375,299.9014587402344
2022-03-13,181.01463317871094,216.54891967773438,195.67514038085938,321.7393798828125,299.9593200683594
2022-03-14,350.1087951660156,204.04896545410156,492.6754455566406,319.99603271484375,307.23004150390625
2022-03-15,311.88226318359375,207.28150939941406,400.7980041503906,314.2499084472656,313.692626953125
2022-03-16,473.2239685058594,343.9051513671875,632.5429077148438,339.6667175292969,323.0705261230469
2022-03-17,290.32562255859375,227.74974060058594,348.2705993652344,330.798828125,325.1127014160156
2022-03-18,285.3160400390625,202.4811553955078,394.0749816894531,312.9395446777344,327.1743469238281
2022-03-19,175.8885498046875,175.34715270996094,201.1031494140625,295.3942565917969,325.42218017578125
2022-03-20,130.75924682617188,156.42811584472656,159.4712677001953,288.2149353027344,322.23577880859375
2022-03-21,227.73902893066406,227.03802490234375,223.8034210205078,270.7335205078125,325.15509033203125
2022-03-22,244.8419647216797,201.01390075683594,295.4105529785156,261.1563415527344,330.54058837890625
2022-03-23,267.4743957519531,297.41851806640625,342.1744079589844,231.7635498046875,334.37750244140625
2022-03-24,317.01409912109375,265.6553955078125,420.2433166503906,235.57618713378906,335.6301574707031
2022-03-25,350.7424621582031,328.0787353515625,424.8777160644531,244.92282104492188,332.9541931152344
2022-03-26,275.0921325683594,236.15573120117188,355.8298034667969,259.0947570800781,329.76715087890625
2022-03-27,189.28958129882812,205.8621063232422,243.2548828125,267.45623779296875,318.88043212890625
2022-03-28,281.920654296875,319.3782653808594,277.0487365722656,275.19647216796875,314.99139404296875
2022-03-29,233.35958862304688,181.5736846923828,283.9694519042969,273.5561218261719,316.0335998535156
2022-03-30,233.50888061523438,270.6861572265625,243.84130859375,268.70391845703125,308.72998046875
2022-03-31,254.8129119873047,220.89439392089844,331.64593505859375,259.8180236816406,299.1961364746094
2022-04-01,188.15780639648438,167.83352661132812,205.86724853515625,236.59164428710938,288.0172424316406
2022-04-02,188.15780639648438,187.57864379882812,247.0406951904297,224.17245483398438,279.72845458984375
2022-04-03,239.78370666503906,301.02044677734375,251.08078002929688,231.3859100341797,276.0521240234375
2022-04-04,163.0200653076172,143.01608276367188,184.35655212402344,214.40011596679688,270.74066162109375
2022-04-05,212.41769409179688,137.36032104492188,276.8825378417969,211.40841674804688,271.2337646484375
2022-04-06,175.74716186523438,116.80413055419922,247.99391174316406,203.15673828125,265.0149230957031
2022-04-07,243.41552734375,232.1155548095703,290.41094970703125,201.52853393554688,261.3919372558594
2022-04-08,219.47674560546875,152.65199279785156,263.1421203613281,206.00267028808594,258.8642883300781
2022-04-09,178.6661834716797,211.8138885498047,168.64309692382812,204.646728515625,253.07313537597656
2022-04-10,148.9779052734375,139.7829132080078,189.46322631835938,191.67446899414062,244.36135864257812
2022-04-11,195.2273712158203,226.01780700683594,240.88816833496094,196.2755126953125,240.91209411621094
2022-04-12,226.25242614746094,219.77252197265625,260.4959716796875,198.2519073486328,242.42001342773438
2022-04-13,258.87689208984375,305.4825134277344,254.80258178710938,210.12757873535156,239.3789520263672
2022-04-14,265.656005859375,302.6723327636719,279.50775146484375,213.30479431152344,237.83807373046875
2022-04-15,168.43563842773438,186.57464599609375,186.7460174560547,206.01319885253906,227.678466796875
2022-04-16,166.67005920410156,207.69631958007812,138.5913848876953,204.29946899414062,223.55661010742188
2022-04-17,151.43167114257812,132.0948486328125,204.6202850341797,204.65000915527344,219.09381103515625
2022-04-18,218.6294708251953,184.93280029296875,264.432373046875,207.9931640625,220.5185089111328
2022-04-19,213.5172576904297,243.26858520507812,223.2010498046875,206.17385864257812,223.277099609375
2022-04-20,189.60824584960938,166.7864227294922,250.40943908691406,196.27833557128906,222.00607299804688
2022-04-21,128.264404296875,111.19095611572266,139.11634826660156,176.65097045898438,218.1201629638672
2022-04-22,246.79725646972656,218.7000732421875,319.2305908203125,187.84547424316406,217.43092346191406
2022-04-23,134.42303466796875,134.00927734375,199.60171508789062,183.23876953125,211.3445587158203
2022-04-24,50.4451904296875,50.2899169921875,55.92900848388672,168.81211853027344,201.3346405029297
2022-04-25,246.8994598388672,232.46505737304688,285.14532470703125,172.85069274902344,200.39488220214844
2022-04-26,160.5444793701172,160.05030822753906,169.09716796875,165.2831573486328,199.4367218017578
2022-04-27,186.6986541748047,127.62787628173828,239.52207946777344,164.86749267578125,196.2626495361328
2022-04-28,176.37631225585938,131.87506103515625,219.99363708496094,171.74063110351562,194.3632049560547
2022-04-29,148.93714904785156,143.35874938964844,170.8219451904297,157.76060485839844,191.5441436767578
2022-04-30,168.43563842773438,193.3591766357422,161.28065490722656,162.6195526123047,188.66490173339844
2022-05-01,66.92056274414062,100.07186126708984,55.646541595458984,164.97317504882812,184.62367248535156
2022-05-02,96.6702651977539,128.49693298339844,107.17913055419922,143.51187133789062,181.57408142089844
2022-05-03,157.47349548339844,156.98878479003906,187.06307983398438,143.07315063476562,178.83041381835938
2022-05-04,163.44906616210938,217.2612762451172,172.156494140625,139.7517852783203,178.84471130371094
2022-05-05,144.69874572753906,144.25335693359375,171.88790893554688,135.22640991210938,176.58740234375
2022-05-06,174.06805419921875,178.79080200195312,192.99072265625,138.81654357910156,176.53143310546875
2022-05-07,97.71585845947266,77.93206787109375,138.13145446777344,128.71371459960938,171.67478942871094
2022-05-08,98.48174285888672,124.95458984375,119.11367797851562,133.2224578857422,167.64161682128906
2022-05-09,150.86941528320312,170.0230712890625,174.54281616210938,140.96519470214844,166.71505737304688
2022-05-10,143.2461700439453,190.40699768066406,158.8182373046875,138.93272399902344,166.5240020751953
2022-05-11,176.37631225585938,175.83340454101562,210.82723999023438,140.7794647216797,165.8956298828125
2022-05-12,158.2610626220703,174.09535217285156,163.3643035888672,142.71694946289062,163.62925720214844
2022-05-13,162.08282470703125,141.38592529296875,210.58897399902344,141.00477600097656,160.4027862548828
2022-05-14,83.80007934570312,68.79940032958984,98.37513732910156,139.0167999267578,154.34091186523438
2022-05-15,77.84101867675781,68.97903442382812,129.45449829101562,136.06813049316406,151.32110595703125
2022-05-16,168.75344848632812,174.46490478515625,197.4927215576172,138.62298583984375,151.3905487060547
2022-05-17,174.62417602539062,158.26060485839844,220.00830078125,143.10556030273438,152.16363525390625
2022-05-18,165.89596557617188,128.04025268554688,195.79672241210938,141.60836791992188,150.4058380126953
2022-05-19,162.38076782226562,129.5047607421875,189.0345916748047,142.1968994140625,148.7012939453125
2022-05-20,140.9603271484375,90.33842468261719,200.9364471435547,139.1793975830078,147.07969665527344
2022-05-21,124.2212905883789,91.73253631591797,145.3765869140625,144.953857421875,146.94493103027344
2022-05-22,75.09599304199219,49.90989303588867,97.13615417480469,144.56170654296875,141.2215576171875
2022-05-23,150.3084716796875,115.2660140991211,173.0578155517578,141.9267120361328,141.75106811523438
2022-05-24,222.35826110839844,295.5650634765625,265.49432373046875,148.74586486816406,147.48150634765625
2022-05-25,155.10350036621094,209.8496856689453,147.398193359375,147.20408630371094,144.421630859375
2022-05-26,134.57305908203125,72.23937225341797,172.156494140625,143.23155212402344,143.55592346191406
2022-05-27,155.51962280273438,124.03273010253906,181.0471954345703,145.31146240234375,142.51661682128906
2022-05-28,118.4752426147461,113.38613891601562,118.21904754638672,144.4906005859375,140.5865936279297
2022-05-29,76.05384826660156,84.24417114257812,70.26795959472656,144.62742614746094,138.1571502685547
2022-05-30,115.82404327392578,138.56103515625,128.4150848388672,139.70108032226562,136.40342712402344
2022-05-31,190.30909729003906,177.8656005859375,217.59097290039062,135.1226348876953,140.51637268066406
2022-06-01,168.34361267089844,162.41171264648438,207.71669006347656,137.01406860351562,142.90548706054688
2022-06-02,142.59397888183594,120.28504180908203,164.17572021484375,138.15992736816406,142.4095001220703
2022-06-03,142.78309631347656,102.48738098144531,189.9657745361328,136.34042358398438,141.72064208984375
2022-06-04,102.8747787475586,61.53487014770508,153.9784698486328,134.11178588867188,140.32650756835938
2022-06-05,70.293212890625,52.55763626098633,87.67652130126953,133.28883361816406,136.86734008789062
2022-06-06,190.12530517578125,145.80006408691406,231.06211853027344,143.90328979492188,139.94766235351562
2022-06-07,139.0311279296875,108.4720458984375,201.0586700439453,136.577880859375,141.29930114746094
2022-06-08,152.3668212890625,146.27198791503906,178.31541442871094,134.29547119140625,141.34921264648438
2022-06-09,115.55469512939453,76.79933166503906,155.56997680664062,130.43272399902344,140.42616271972656
2022-06-10,94.34528350830078,52.25271224975586,122.03498077392578,123.51303100585938,137.69180297851562
2022-06-11,103.96075439453125,84.79698181152344,125.74054718017578,123.66817474365234,135.8817901611328
2022-06-12,83.74468994140625,55.65794372558594,108.32318878173828,125.58981323242188,133.27052307128906
2022-06-13,147.22523498535156,146.77206420898438,163.2298583984375,119.46122741699219,135.3846893310547
2022-06-14,136.36642456054688,113.28888702392578,188.98825073242188,119.08055877685547,137.33554077148438
2022-06-15,110.05207824707031,120.6846694946289,91.51174926757812,113.03559112548828,135.3788299560547
2022-06-16,132.2822265625,109.89588165283203,128.32962036132812,115.42523956298828,133.96742248535156
2022-06-17,114.04771423339844,82.68848419189453,137.9407196044922,118.23987579345703,132.23915100097656
2022-06-18,98.11554718017578,111.78690338134766,116.55164337158203,117.40484619140625,130.09698486328125
2022-06-19,56.4642219543457,37.526947021484375,93.9035415649414,113.50763702392578,127.28044128417969
2022-06-20,115.72289276123047,115.36668395996094,144.3408203125,109.0073013305664,126.99716186523438
2022-06-21,116.76954650878906,98.02957916259766,153.31190490722656,106.20774841308594,128.3862762451172
2022-06-22,121.32015991210938,126.20527648925781,131.58457946777344,107.81747436523438,127.42000579833984
2022-06-23,143.56231689453125,190.8272247314453,141.48333740234375,109.42891693115234,124.79347229003906
2022-06-24,149.3589324951172,106.35655975341797,204.03732299804688,114.47337341308594,124.60198211669922
2022-06-25,123.23540496826172,117.94183349609375,131.16685485839844,118.06192779541016,124.22406005859375
2022-06-26,75.8603286743164,67.22384643554688,112.14264678955078,120.83279418945312,121.56875610351562
2022-06-27,131.99984741210938,100.26174926757812,177.7099151611328,123.15807342529297,122.01957702636719
2022-06-28,200.76168823242188,189.0246124267578,241.135009765625,135.15695190429688,126.17649841308594
2022-06-29,181.88807678222656,186.822998046875,238.32644653320312,143.80950927734375,128.37863159179688
2022-06-30,173.20616149902344,151.08888244628906,225.04116821289062,148.04434204101562,127.80854034423828
2022-07-01,119.07923889160156,107.92063903808594,153.02798461914062,143.7186737060547,126.16638946533203
2022-07-02,60.22850036621094,80.05747985839844,50.081886291503906,134.7176971435547,123.4208755493164
2022-07-03,30.20578384399414,40.15040969848633,33.48940658569336,128.19561767578125,119.66829681396484
2022-07-04,80.43762969970703,87.48003387451172,97.28931427001953,120.82958221435547,118.92039489746094
2022-07-05,109.64945220947266,138.0782470703125,86.378173828125,107.81355285644531,120.23226928710938
2022-07-06,138.9888458251953,150.1077880859375,134.83584594726562,101.68508911132812,118.52771759033203
2022-07-07,88.63056945800781,66.26831817626953,110.54864501953125,89.60285949707031,116.84770202636719
2022-07-08,110.41893005371094,83.8697509765625,122.42239379882812,88.36567687988281,115.4494400024414
2022-07-09,70.48016357421875,50.18801498413086,92.09587860107422,89.8302001953125,113.94695281982422
2022-07-10,38.51823043823242,19.199832916259766,64.0582275390625,91.01768493652344,112.08605194091797
2022-07-11,112.85301208496094,52.94382858276367,154.56134033203125,95.6484603881836,112.38246154785156
2022-07-12,113.63867950439453,147.27557373046875,113.39295196533203,96.21834564208984,113.3789291381836
2022-07-13,182.87045288085938,145.84605407714844,217.23216247558594,102.48715209960938,114.56710052490234
2022-07-14,165.35279846191406,98.90629577636719,210.82723999023438,113.44746398925781,115.53331756591797
2022-07-15,192.0329132080078,148.89918518066406,239.52207946777344,125.10660552978516,118.26600646972656
2022-07-16,102.60165405273438,87.67357635498047,113.75531768798828,129.6953887939453,117.27665710449219
2022-07-17,107.43463134765625,107.10393524169922,104.2244644165039,139.54058837890625,117.05622100830078
2022-07-18,128.70916748046875,162.07957458496094,135.19036865234375,141.80575561523438,118.07600402832031
2022-07-19,151.07994079589844,89.25328063964844,223.338134765625,147.15451049804688,121.22986602783203
2022-07-20,149.56410217285156,55.22359848022461,239.52207946777344,142.39645385742188,122.35790252685547
2022-07-21,117.50662994384766,100.40994262695312,158.19784545898438,135.56129455566406,122.38247680664062
2022-07-22,125.4760513305664,40.02873992919922,200.32754516601562,126.05316925048828,122.52100372314453
2022-07-23,109.91929626464844,99.6190414428711,124.63818359375,127.09854888916016,121.39956665039062
2022-07-24,89.26080322265625,39.54935836791992,131.95228576660156,124.50228118896484,119.39630126953125
2022-07-25,109.55962371826172,38.54907989501953,160.76870727539062,121.76663208007812,118.94043731689453
2022-07-26,160.8621063232422,154.42742919921875,178.34915161132812,123.1640853881836,121.77383422851562
2022-07-27,145.54339599609375,127.68394470214844,154.91058349609375,122.5896987915039,122.22528076171875
2022-07-28,106.68494415283203,95.72090911865234,124.1966323852539,121.04374694824219,119.08939361572266
2022-07-29,68.24624633789062,52.33551788330078,87.30598449707031,112.86805725097656,115.30133056640625
2022-07-30,119.9827651977539,145.6163787841797,130.134033203125,114.30569458007812,113.5272216796875
2022-07-31,125.18424224853516,153.59866333007812,96.08734893798828,119.43761444091797,113.73072052001953
2022-08-01,130.93153381347656,117.47565460205078,163.3105010986328,122.4907455444336,116.08748626708984
2022-08-02,204.4794921875,116.48576354980469,262.3337097167969,128.7218017578125,121.8966064453125
2022-08-03,210.2315673828125,124.61779022216797,264.58355712890625,137.9629669189453,126.22307586669922
2022-08-04,212.0501708984375,148.54957580566406,285.9346618652344,153.01515197753906,129.6364288330078
2022-08-05,163.9325408935547,112.70892333984375,206.82281494140625,166.6846160888672,130.4678955078125
2022-08-06,138.22935485839844,108.27445983886719,172.41305541992188,169.29127502441406,132.12118530273438
2022-08-07,111.03579711914062,92.24501037597656,169.2711944580078,167.2700653076172,132.14173889160156
2022-08-08,149.09796142578125,103.40105438232422,204.8358917236328,169.86526489257812,134.76234436035156
2022-08-09,212.57118225097656,153.0510711669922,255.31942749023438,171.02122497558594,140.56410217285156
2022-08-10,80.65382385253906,68.91905975341797,86.22794342041016,152.51011657714844,139.4907989501953
2022-08-11,130.26951599121094,136.05274963378906,154.74740600585938,140.82716369628906,140.04515075683594
2022-08-12,182.54019165039062,160.56910705566406,205.36009216308594,143.4853973388672,140.03414916992188
2022-08-13,112.0191879272461,63.81393814086914,133.06781005859375,139.7410888671875,138.25636291503906
2022-08-14,120.09308624267578,199.53904724121094,83.21763610839844,141.0349884033203,135.85836791992188
2022-08-15,110.41893005371094,90.65332794189453,108.01976013183594,135.50941467285156,136.1189422607422
2022-08-16,96.5411376953125,96.24397277832031,100.34622192382812,118.9336929321289,135.75582885742188
2022-08-17,156.08956909179688,138.3192138671875,173.0578155517578,129.71023559570312,136.6685028076172
2022-08-18,100.73998260498047,59.076412200927734,137.97157287597656,125.49172973632812,134.99050903320312
2022-08-19,117.67557525634766,129.04470825195312,146.77639770507812,116.22534942626953,133.92755126953125
2022-08-20,81.54013061523438,91.45027923583984,93.22936248779297,111.87120056152344,132.72866821289062
2022-08-21,122.68769073486328,150.5354461669922,109.86624908447266,112.24185943603516,132.63572692871094
2022-08-22,101.72952270507812,76.06229400634766,137.46084594726562,111.00051879882812,132.36273193359375
2022-08-23,145.3411865234375,144.89381408691406,171.21229553222656,117.97195434570312,134.23208618164062
2022-08-24,102.45054626464844,56.74177551269531,141.98472595214844,110.30923461914062,133.9951171875
2022-08-25,149.11880493164062,169.89691162109375,141.71080017089844,117.22049713134766,133.60366821289062
2022-08-26,108.25385284423828,86.33650207519531,135.0247039794922,115.8745346069336,132.36068725585938
2022-08-27,81.79179382324219,50.962520599365234,119.02177429199219,115.91048431396484,131.53091430664062
2022-08-28,103.81266021728516,94.08465576171875,109.86624908447266,113.21405029296875,132.71646118164062
2022-08-29,120.45700073242188,146.77206420898438,144.68099975585938,115.889404296875,132.73226928710938
2022-08-30,115.27250671386719,60.482994079589844,171.52587890625,111.59387969970703,132.40187072753906
2022-08-31,97.74789428710938,119.10192108154297,72.24928283691406,110.92207336425781,131.29576110839844
2022-09-01,187.71217346191406,198.14227294921875,201.99693298339844,116.43540954589844,130.73684692382812
2022-09-02,84.12870788574219,94.35346984863281,78.70011138916016,112.98896026611328,126.53341674804688
2022-09-03,117.78018951416016,88.06324005126953,146.90687561035156,118.13016510009766,123.39108276367188
2022-09-04,65.92174530029297,49.28912353515625,95.92798614501953,112.71717071533203,120.12405395507812
2022-09-05,83.9590835571289,45.654903411865234,101.54853057861328,107.50318908691406,118.31504821777344
2022-09-06,119.15711212158203,95.03227233886719,148.62429809570312,108.0581283569336,118.58575439453125
2022-09-07,124.28883361816406,86.19566345214844,170.7522735595703,111.84969329833984,117.7587890625
2022-09-08,99.42936706542969,93.90628814697266,130.5452117919922,99.23786163330078,113.98739624023438
2022-09-09,94.32772064208984,55.316104888916016,129.18946838378906,100.69486236572266,114.44319152832031
2022-09-10,81.918212890625,71.45780181884766,85.1469497680664,95.57172393798828,112.83148193359375
2022-09-11,66.75199127197266,66.54652404785156,69.38296508789062,95.6903305053711,108.97187042236328
2022-09-12,111.95556640625,131.3070068359375,109.52301788330078,99.68982696533203,108.9697494506836
2022-09-13,132.26222229003906,143.84193420410156,179.9675750732422,101.5619888305664,109.3753890991211
2022-09-14,202.9320831298828,178.50656127929688,238.22735595703125,112.79673767089844,112.45915985107422
2022-09-15,95.6089096069336,156.98878479003906,56.11892318725586,112.25096130371094,112.42808532714844
2022-09-16,127.40645599365234,105.8452377319336,176.57077026367188,116.97649383544922,111.47198486328125
2022-09-17,119.15711212158203,133.04518127441406,158.5325927734375,122.29633331298828,112.08589172363281
2022-09-18,71.2380142211914,71.01873779296875,74.0457992553711,122.93719482421875,110.53797149658203
2022-09-19,122.18487548828125,67.67153930664062,158.04530334472656,124.39852142333984,111.89279174804688
2022-09-20,109.77320098876953,90.1231918334961,139.60447692871094,121.18580627441406,111.46231079101562
2022-09-21,189.75428771972656,162.14588928222656,261.4750061035156,119.30326843261719,114.39646911621094
2022-09-22,225.8568878173828,150.1077880859375,348.7845764160156,137.91012573242188,117.08032989501953
2022-09-23,187.7991180419922,93.61052703857422,277.6192932128906,146.5376434326172,119.92527770996094
2022-09-24,108.01850891113281,62.81684112548828,149.7012939453125,144.9464111328125,118.55526733398438
2022-09-25,71.04702758789062,53.121253967285156,103.38619995117188,144.91912841796875,117.3150405883789
2022-09-26,163.0200653076172,104.0116958618164,216.8900604248047,150.7527313232422,120.02265167236328
2022-09-27,155.8855438232422,99.90367126464844,240.72975158691406,157.3402099609375,121.75841522216797
2022-09-28,202.5867919921875,185.5878143310547,282.27972412109375,159.1734161376953,124.4960708618164
2022-09-29,156.9405975341797,122.930908203125,186.43003845214844,149.32823181152344,125.885009765625
2022-09-30,162.7410430908203,104.67103576660156,226.9955596923828,145.74850463867188,128.05145263671875
2022-10-01,154.9739227294922,135.18478393554688,209.40672302246094,152.4564208984375,126.96017456054688
2022-10-02,120.60319519042969,64.12371826171875,187.19927978515625,159.53587341308594,128.17599487304688
2022-10-03,123.89524841308594,91.0102310180664,195.20106506347656,153.94662475585938,128.37982177734375
2022-10-04,164.21275329589844,90.3212661743164,254.26190185546875,155.13621520996094,131.65618896484375
2022-10-05,171.14932250976562,121.08694458007812,229.5419921875,150.64515686035156,134.56253051757812
2022-10-06,202.70140075683594,148.89918518066406,257.2644348144531,157.1824188232422,137.3473358154297
2022-10-07,144.24093627929688,39.66812515258789,239.8817138671875,154.53953552246094,138.0124053955078
2022-10-08,132.6922607421875,75.59075927734375,204.91302490234375,151.3564453125,139.1211700439453
2022-10-09,97.9522705078125,124.28279876708984,118.47328186035156,148.12060546875,139.2419891357422
2022-10-10,193.3405303955078,256.9938659667969,203.64035034179688,158.04135131835938,142.95606994628906
2022-10-11,228.25112915039062,256.721435546875,233.5974884033203,167.189697265625,148.33937072753906
2022-10-12,181.95040893554688,149.38027954101562,258.0956726074219,168.7327117919922,150.6725311279297
2022-10-13,133.84112548828125,100.07186126708984,166.93963623046875,158.89552307128906,150.7251739501953
2022-10-14,147.22523498535156,94.35346984863281,183.6335906982422,159.3218536376953,148.86827087402344
2022-10-15,92.4211196899414,58.19156265258789,129.43336486816406,153.56883239746094,148.7620086669922
2022-10-16,64.23261260986328,54.887054443359375,76.30204010009766,148.75173950195312,146.65621948242188
2022-10-17,171.66856384277344,139.44754028320312,200.90431213378906,145.65574645996094,148.40660095214844
2022-10-18,128.9849395751953,58.44905090332031,195.00912475585938,131.474853515625,150.3314971923828
2022-10-19,160.19326782226562,148.29299926757812,190.2938690185547,128.36669921875,151.59844970703125
2022-10-20,159.91705322265625,148.03733825683594,180.4674835205078,132.09182739257812,153.26991271972656
2022-10-21,174.34567260742188,115.8726806640625,237.22999572753906,135.96617126464844,152.75628662109375
2022-10-22,108.37702941894531,122.13607025146484,117.54639434814453,138.24559020996094,148.8402862548828
2022-10-23,52.3036994934082,104.28540802001953,43.492164611816406,136.5414581298828,144.3237762451172
2022-10-24,93.57535552978516,37.3149299621582,124.49734497070312,125.38528442382812,143.8423309326172
2022-10-25,139.72164916992188,69.64579010009766,193.6382293701172,126.91910552978516,146.13148498535156
2022-10-26,133.39198303222656,110.81782531738281,138.64952087402344,123.09034729003906,145.14389038085938
2022-10-27,180.4924774169922,201.10594177246094,220.7134552001953,126.02969360351562,145.96412658691406
2022-10-28,203.68539428710938,128.2474365234375,267.42755126953125,130.22108459472656,146.000732421875
2022-10-29,81.26068115234375,28.59195899963379,119.24259185791016,126.34732055664062,143.4780731201172
2022-10-30,51.75886917114258,34.39970016479492,71.73186492919922,126.26948547363281,139.77867126464844
2022-10-31,113.79048919677734,138.64918518066406,105.13373565673828,129.15736389160156,138.4058837890625
2022-11-01,136.88296508789062,163.7539520263672,127.48117065429688,128.7518310546875,138.94854736328125
2022-11-02,150.81610107421875,75.17593383789062,214.98565673828125,131.24099731445312,139.84591674804688
2022-11-03,186.55252075195312,120.63455963134766,251.55287170410156,132.10671997070312,140.590576171875
2022-11-04,115.8915786743164,115.53485870361328,136.52059936523438,119.56474304199219,138.74864196777344
2022-11-05,95.81807708740234,72.77953338623047,121.41063690185547,121.64437103271484,135.1858673095703
2022-11-06,101.14710235595703,84.02980041503906,140.1782989501953,128.6998291015625,133.74940490722656
2022-11-07,139.72164916992188,104.46868896484375,183.95631408691406,132.40428161621094,133.9837188720703
2022-11-08,225.73756408691406,146.53944396972656,305.5709533691406,145.09779357910156,138.24322509765625
2022-11-09,137.41021728515625,156.55685424804688,163.2298583984375,143.18267822265625,136.37889099121094
2022-11-10,98.15015411376953,127.20244598388672,81.61492919921875,130.5537567138672,132.0421905517578
2022-11-11,111.09221649169922,110.75025939941406,125.9681625366211,129.86813354492188,129.6802520751953
2022-11-12,47.662845611572266,28.509681701660156,63.41303634643555,122.98882293701172,126.80763244628906
2022-11-13,46.00788497924805,73.38603210449219,45.90839767456055,115.1117935180664,123.43372344970703
2022-11-14,188.92971801757812,163.23509216308594,198.9945831298828,122.14151763916016,126.65068054199219
2022-11-15,196.5082550048828,100.75031280517578,280.1190185546875,117.96589660644531,131.0598602294922
2022-11-16,170.58071899414062,164.5699920654297,183.02349853515625,122.70454406738281,131.0236053466797
2022-11-17,153.21286010742188,158.00819396972656,193.2985076904297,130.57064819335938,131.83120727539062
2022-11-18,77.71419525146484,67.79061889648438,88.8549575805664,125.80235290527344,129.08189392089844
2022-11-19,81.97037506103516,76.91112518310547,96.22721099853516,130.70343017578125,126.48367309570312
2022-11-20,60.385345458984375,68.79940032958984,71.73186492919922,132.75735473632812,122.68499755859375
2022-11-21,107.62855529785156,83.45343017578125,159.10491943359375,121.14289855957031,122.66004943847656
2022-11-22,105.24880981445312,143.58135986328125,119.76103973388672,108.1058349609375,124.42488861083984
2022-11-23,105.60198974609375,99.73604583740234,138.64952087402344,98.82315826416016,124.82577514648438
2022-11-24,46.46888732910156,39.70787048339844,44.16038131713867,83.57402038574219,121.71734619140625
2022-11-25,80.51380157470703,80.2659683227539,76.51399230957031,83.97396850585938,119.95474243164062
2022-11-26,94.32772064208984,99.56898498535156,92.27819061279297,85.73930358886719,117.08258819580078
2022-11-27,85.42438507080078,37.84952926635742,110.495849609375,89.3163070678711,113.14054870605469
2022-11-28,87.9999008178711,25.06543731689453,146.34934997558594,86.51221466064453,113.36518859863281
2022-11-29,100.55011749267578,66.82707977294922,111.48076629638672,85.84097290039062,114.99156951904297
2022-11-30,81.59033203125,21.690452575683594,126.64385223388672,82.41073608398438,113.91822814941406
2022-12-01,65.94698333740234,40.45784378051758,84.36458587646484,85.19332122802734,111.55369567871094
2022-12-02,109.09654235839844,138.42276000976562,123.70526885986328,89.27656555175781,110.16304016113281
2022-12-03,106.4093017578125,138.36752319335938,84.6355972290039,91.00251007080078,107.4916000366211
2022-12-04,51.62443161010742,68.6207046508789,57.23644256591797,86.17394256591797,105.349365234375
2022-12-05,98.96951293945312,139.2915802001953,106.50102233886719,87.74102783203125,105.45441436767578
2022-12-06,139.096923828125,133.53289794921875,162.78561401367188,93.24771881103516,106.71940612792969
2022-12-07,127.40645599365234,74.09166717529297,150.08514404296875,99.79287719726562,106.30889892578125
2022-12-08,140.9603271484375,97.28752899169922,171.3112030029297,110.50907135009766,103.48299407958984
2022-12-09,117.3084716796875,55.68922805786133,176.51121520996094,111.68220520019531,102.81293487548828
2022-12-10,46.72901153564453,51.76130676269531,51.80884552001953,103.15644836425781,101.09889221191406
2022-12-11,18.454416275024414,18.397611618041992,15.34542465209961,98.41787719726562,98.01097106933594
2022-12-12,158.36978149414062,157.88229370117188,153.63766479492188,106.90362548828125,101.70120239257812
2022-12-13,152.62684631347656,146.52159118652344,150.4165802001953,108.83647155761719,105.25516510009766
2022-12-14,133.39198303222656,166.22674560546875,138.64952087402344,109.6915512084961,103.4039077758789
2022-12-15,73.61261749267578,45.1606330871582,84.75396728515625,100.07044982910156,99.30738830566406
2022-12-16,98.7958755493164,127.45994567871094,96.64925384521484,97.42578887939453,96.91455841064453
2022-12-17,74.71957397460938,79.45555114746094,82.84222412109375,101.4244384765625,94.2981185913086
2022-12-18,49.73825454711914,39.66812515258789,66.17427062988281,105.89356231689453,93.36558532714844
2022-12-19,171.4579620361328,164.09298706054688,159.68138122558594,107.7633056640625,96.34850311279297
2022-12-20,132.74404907226562,132.33546447753906,130.45008850097656,104.92290496826172,98.76045989990234
2022-12-21,169.54087829589844,169.01901245117188,195.20106506347656,110.08702850341797,100.82420349121094
2022-12-22,159.0032501220703,184.93280029296875,165.2702178955078,122.28569030761719,102.61602020263672
2022-12-23,114.92581939697266,161.74879455566406,78.70011138916016,124.5899658203125,102.92681121826172
2022-12-24,80.7943344116211,61.958187103271484,103.35848999023438,125.45779418945312,104.07099914550781
2022-12-25,74.1619644165039,49.28912353515625,82.22399139404297,128.9468994140625,103.85926818847656
2022-12-26,64.6985855102539,51.599552154541016,64.55868530273438,113.695556640625,102.87162780761719
2022-12-27,146.81739807128906,128.06979370117188,152.6040802001953,115.7060317993164,104.91806030273438
2022-12-28,151.88629150390625,86.52501678466797,192.4544219970703,113.18395233154297,107.047607421875
2022-12-29,116.48590087890625,101.6114273071289,121.07709503173828,107.11003875732422,107.57880401611328
2022-12-30,150.22982788085938,194.6976318359375,112.42872619628906,112.15347290039062,109.86678314208984
2022-12-31,74.57938385009766,99.13309478759766,82.6867904663086,111.265625,110.15453338623047
2023-01-01,34.62614440917969,23.01304054260254,38.390296936035156,105.61764526367188,107.67218780517578
2023-01-02,117.05186462402344,93.35325622558594,155.73165893554688,113.09668731689453,108.02693939208984
2023-01-03,198.44876098632812,167.40130615234375,215.79061889648438,120.47259521484375,112.92108154296875
2023-01-04,94.28560638427734,100.26174926757812,94.08171844482422,112.24392700195312,112.76495361328125
2023-01-05,100.73998260498047,118.15282440185547,88.69601440429688,109.9945068359375,111.48638916015625
2023-01-06,88.7294921875,106.14765167236328,88.53762817382812,101.20874786376953,110.19715881347656
2023-01-07,88.86172485351562,108.27445983886719,73.89131164550781,103.24908447265625,108.46053314208984
2023-01-08,29.228540420532227,19.42571449279785,32.40592956542969,102.47799682617188,105.5245361328125
2023-01-09,86.12676239013672,52.83794403076172,99.1621322631836,98.06012725830078,106.83779907226562
2023-01-10,114.62171936035156,102.84201049804688,114.37386322021484,86.08483123779297,110.04337310791016
2023-01-11,129.44314575195312,82.1193618774414,156.56149291992188,91.10733795166016,109.07915496826172
2023-01-12,114.44572448730469,126.77049255371094,105.7391128540039,93.06529998779297,107.80644989013672
2023-01-13,103.69776916503906,80.40556335449219,124.55147552490234,95.20362854003906,106.81664276123047
2023-01-14,95.40194702148438,42.27035140991211,123.40176391601562,96.13794708251953,107.54295349121094
2023-01-15,42.60537338256836,21.23711395263672,70.85540008544922,98.04891967773438,105.66993713378906
2023-01-16,107.10379791259766,152.5344696044922,114.50593566894531,101.04563903808594,106.74940490722656
2023-01-17,127.40645599365234,88.90999603271484,169.5079345703125,102.87203216552734,109.33834838867188
2023-01-18,76.7813720703125,65.61003112792969,100.32960510253906,95.34892272949219,106.18246459960938
2023-01-19,115.06175994873047,120.74484252929688,110.78443145751953,95.43692779541016,105.59305572509766
2023-01-20,152.3668212890625,123.76859283447266,168.93038940429688,102.3896484375,105.02058410644531
2023-01-21,126.19306182861328,115.32090759277344,139.9113006591797,106.78837585449219,103.92691040039062
2023-01-22,41.53689956665039,41.40904235839844,34.53923034667969,106.6357421875,101.4806137084961
2023-01-23,87.70545959472656,80.70968627929688,78.53982543945312,103.86454772949219,101.71098327636719
2023-01-24,89.98486328125,67.2809066772461,121.59100341796875,98.51860809326172,102.23841094970703
2023-01-25,110.61297607421875,116.0763168334961,106.50102233886719,103.35169219970703,103.7688980102539
2023-01-26,71.49427032470703,83.15322875976562,59.44972229003906,97.12776184082031,101.25812530517578
2023-01-27,120.77069091796875,171.99850463867188,86.0782470703125,92.61402893066406,100.22093963623047
2023-01-28,82.9361572265625,58.36296844482422,89.24754333496094,86.4344711303711,99.10261535644531
2023-01-29,55.20946502685547,0.0,91.8167953491211,88.3876953125,95.93526458740234
2023-01-30,155.17120361328125,94.16130065917969,213.1795196533203,98.0256576538086,98.62165832519531
2023-01-31,148.3239288330078,153.3439483642578,146.17599487304688,106.35980987548828,102.41158294677734
2023-02-01,108.70256805419922,114.07154846191406,123.69100952148438,106.08689880371094,102.1332778930664
2023-02-02,130.60302734375,118.36457061767578,167.83714294433594,114.531005859375,99.87174987792969
2023-02-03,116.32762908935547,99.40248107910156,128.97341918945312,113.89628601074219,100.60648345947266
2023-02-04,119.19284057617188,89.11946105957031,165.18763732910156,119.0758056640625,101.2215805053711
2023-02-05,83.86247253417969,20.901084899902344,122.03498077392578,123.16909790039062,101.0593490600586
2023-02-06,112.52884674072266,126.20527648925781,128.6604766845703,117.07733154296875,101.84825134277344
2023-02-07,138.02365112304688,125.08982849121094,166.93963623046875,115.60586547851562,105.4747543334961
2023-02-08,134.977294921875,67.2809066772461,187.06307983398438,119.3593978881836,107.10310363769531
2023-02-09,169.5853729248047,169.06336975097656,188.020751953125,124.92829895019531,108.93522644042969
2023-02-10,147.8824920654297,153.3243865966797,167.23773193359375,129.43614196777344,109.54987335205078
2023-02-11,98.81238555908203,65.67215728759766,133.03001403808594,126.52464294433594,109.02876281738281
2023-02-12,75.77769470214844,86.33650207519531,90.01647186279297,125.36967468261719,108.09809112548828
2023-02-13,110.41893005371094,142.45523071289062,86.41580963134766,125.0682601928711,108.5986557006836
2023-02-14,82.66657257080078,35.319480895996094,127.65971374511719,117.16010284423828,109.93402862548828
2023-02-15,119.27412414550781,86.4778060913086,144.26206970214844,114.91679382324219,110.33970642089844
2023-02-16,134.74850463867188,123.13927459716797,149.39682006835938,109.94010162353516,110.58444213867188
2023-02-17,106.09647369384766,58.76105499267578,156.84007263183594,103.97067260742188,111.56161499023438
2023-02-18,86.7698745727539,50.883995056152344,110.34992218017578,102.25031280517578,110.6185531616211
2023-02-19,115.21974182128906,114.86508178710938,159.68138122558594,107.8848876953125,109.38031768798828
2023-02-20,146.02967834472656,76.62114715576172,204.51071166992188,112.97213745117188,110.04153442382812
2023-02-21,174.98080444335938,132.33546447753906,220.76168823242188,126.1598892211914,114.48966979980469
2023-02-22,150.3084716796875,149.84580993652344,173.0578155517578,130.59336853027344,116.57643127441406
2023-02-23,127.8748550415039,145.69285583496094,121.52223205566406,129.61141967773438,117.83943176269531
2023-02-24,110.97380065917969,88.5057601928711,147.6450958251953,130.3081817626953,117.8514633178711
2023-02-25,84.05022430419922,78.86260223388672,106.89118957519531,129.91964721679688,118.26998901367188
2023-02-26,67.60342407226562,89.86044311523438,56.21436309814453,123.11732482910156,116.49774932861328
2023-02-27,125.6263198852539,92.2818374633789,142.94830322265625,120.20256042480469,117.9207534790039
2023-02-28,146.95309448242188,146.50076293945312,162.9281463623047,116.19860076904297,120.97887420654297
2023-03-01,92.77371978759766,97.92863464355469,108.90953826904297,107.9793472290039,118.89896392822266
2023-03-02,121.40300750732422,149.84580993652344,115.37188720703125,107.05480194091797,118.00159454345703
2023-03-03,154.6261444091797,213.43870544433594,128.57647705078125,113.29084777832031,119.53237915039062
2023-03-04,101.25752258300781,115.36668395996094,88.20826721191406,115.74903106689453,118.55419921875
2023-03-05,60.04654312133789,19.95390510559082,83.21763610839844,114.66947937011719,116.67816162109375
2023-03-06,106.85701751708984,53.26405334472656,133.28244018554688,111.98815155029297,116.2669677734375
2023-03-07,161.43118286132812,90.1231918334961,204.03732299804688,114.05644989013672,118.85259246826172
2023-03-08,125.93231964111328,54.58464813232422,173.01014709472656,118.79338836669922,119.29937744140625
2023-03-09,147.4773406982422,79.16643524169922,198.09788513183594,122.51829528808594,119.61449432373047
2023-03-10,113.44409942626953,67.85694122314453,141.4984893798828,116.63514709472656,118.89672088623047
2023-03-11,84.21781921386719,55.97239303588867,101.15409088134766,114.2009048461914,116.05113983154297
2023-03-12,77.71419525146484,77.47498321533203,96.93268585205078,116.724853515625,113.71219635009766
2023-03-13,144.29745483398438,87.56288146972656,177.37335205078125,122.073486328125,115.22836303710938
2023-03-14,117.3084716796875,122.51631164550781,148.64102172851562,115.7702407836914,116.61272430419922
2023-03-15,101.751220703125,101.43802642822266,122.21348571777344,112.31580352783203,116.32379913330078
2023-03-16,112.81190490722656,163.58494567871094,119.39025115966797,107.36359405517578,117.32864379882812
2023-03-17,85.22901153564453,90.63111877441406,103.94354248046875,103.33287048339844,116.19380950927734
2023-03-18,87.94427490234375,58.44905090332031,113.75531768798828,103.86521911621094,114.6336669921875
2023-03-19,32.057106018066406,21.305620193481445,35.54198455810547,97.34278106689453,112.16568756103516
2023-03-20,94.06885528564453,80.38226318359375,111.74458312988281,90.16726684570312,112.40898895263672
2023-03-21,129.9046173095703,141.27792358398438,157.11964416503906,91.96671295166016,112.89848327636719
2023-03-22,114.43415832519531,48.03449249267578,170.27841186523438,93.778564453125,111.84529876708984
2023-03-23,100.5713119506836,75.1963119506836,125.44230651855469,92.0299072265625,109.36498260498047
2023-03-24,72.6195297241211,55.68922805786133,83.6105728149414,90.22855377197266,106.77535247802734
2023-03-25,101.61250305175781,101.29973602294922,101.39278411865234,92.18115234375,105.89994049072266
2023-03-26,31.64873695373535,0.0,52.63383102416992,92.12281799316406,103.25576782226562
2023-03-27,120.9456787109375,53.588172912597656,167.6168670654297,95.96236419677734,104.4856185913086
2023-03-28,76.7618179321289,47.09263610839844,98.19977569580078,88.37053680419922,104.79090118408203
2023-03-29,79.95852661132812,79.71240997314453,75.98631286621094,83.44544219970703,103.26863861083984
2023-03-30,129.30096435546875,110.4882583618164,133.11727905273438,87.5496826171875,102.68023681640625
2023-03-31,90.4455337524414,45.08356475830078,122.21348571777344,90.09625244140625,102.60263061523438
2023-04-01,52.35380172729492,28.468717575073242,63.32192611694336,83.05929565429688,100.30098724365234
2023-04-02,43.58641815185547,43.45225524902344,72.48694610595703,84.76467895507812,96.59966278076172
2023-04-03,84.60388946533203,64.87959289550781,97.40878295898438,79.57299041748047,96.04454040527344
2023-04-04,119.4284439086914,75.1963119506836,146.34934997558594,85.66822814941406,98.02394104003906
2023-04-05,117.88497161865234,105.7698974609375,147.03756713867188,91.08628845214844,98.39154052734375
2023-04-06,173.69268798828125,123.68431091308594,226.96287536621094,97.42796325683594,98.80025482177734
2023-04-07,169.00856018066406,134.79066467285156,224.85745239257812,108.65125274658203,100.23612976074219
2023-04-08,64.8544921875,69.62831115722656,58.07688522338867,110.43706512451172,97.4820327758789
2023-04-09,44.02083206176758,65.8280029296875,54.90705490112305,110.4991226196289,95.16792297363281
2023-04-10,142.78309631347656,56.937435150146484,201.83865356445312,118.81044006347656,97.12010192871094
2023-04-11,92.75189971923828,52.83794403076172,110.1801528930664,114.99950408935547,97.6213607788086
2023-04-12,119.4284439086914,112.7944564819336,114.98876953125,115.22000122070312,96.79238891601562
2023-04-13,126.19306182861328,75.48277282714844,167.89356994628906,108.43434143066406,97.08854675292969
2023-04-14,119.80353546142578,47.77390670776367,169.3546600341797,101.4050521850586,97.69029235839844
2023-04-15,87.3079833984375,51.199554443359375,111.03426361083984,104.6126937866211,96.84015655517578
2023-04-16,42.064353942871094,20.967437744140625,69.95565032958984,104.33319854736328,95.40133666992188
2023-04-17,91.62421417236328,98.3685073852539,93.77033996582031,97.02478790283203,95.52400207519531
2023-04-18,106.85701751708984,146.47613525390625,88.8549575805664,99.03980255126953,98.017333984375
2023-04-19,158.03074645996094,169.66310119628906,151.6240692138672,104.55441284179688,100.1493911743164
2023-04-20,95.6698226928711,107.2972640991211,79.55245971679688,100.19395446777344,99.00823211669922
2023-04-21,140.05340576171875,97.12857055664062,162.02963256835938,103.0867919921875,99.86221313476562
2023-04-22,70.80297088623047,100.83576202392578,50.46419143676758,100.72893524169922,98.86993408203125
2023-04-23,56.4642219543457,93.81736755371094,31.301179885864258,102.78605651855469,98.3314208984375
2023-04-24,159.4671630859375,86.71434783935547,204.93026733398438,112.4779052734375,100.2599105834961
2023-04-25,180.23350524902344,173.48292541503906,165.3735809326172,122.96026611328125,105.21273803710938
2023-04-26,105.3466796875,116.69156646728516,97.33229064941406,115.43396759033203,104.6927719116211
2023-04-27,117.88497161865234,164.53094482421875,88.22254180908203,118.60755920410156,106.06353759765625
2023-04-28,117.88497161865234,117.52210998535156,107.82755279541016,115.44064331054688,107.3277587890625
2023-04-29,63.05033493041992,48.35097122192383,64.52717590332031,114.33312225341797,105.11940002441406
2023-04-30,71.34761047363281,101.6114273071289,84.75396728515625,116.45932006835938,104.48280334472656
2023-05-01,104.6073989868164,111.23776245117188,127.57701873779297,108.62220764160156,106.2245864868164
2023-05-02,77.03646087646484,89.5992202758789,53.38185501098633,93.87977600097656,107.33959197998047
2023-05-03,149.52561950683594,160.5319366455078,133.8994903564453,100.19105529785156,109.50364685058594
2023-05-04,118.08403015136719,136.30799865722656,103.35848999023438,100.21949005126953,109.45883178710938
2023-05-05,69.73827362060547,23.174535751342773,106.3141860961914,93.34139251708984,107.85394287109375
2023-05-06,91.45125579833984,111.42970275878906,84.49398040771484,97.39866638183594,105.11256408691406
2023-05-07,42.60537338256836,0.0,70.85540008544922,93.29263305664062,100.89912414550781
2023-05-08,51.75886917114258,58.970916748046875,49.18756866455078,85.74284362792969,100.46260070800781
2023-05-09,116.35051727294922,150.1077880859375,102.44022369384766,91.359130859375,102.87359619140625
2023-05-10,118.51763153076172,70.89169311523438,147.82667541503906,86.9294204711914,102.06474304199219
2023-05-11,137.27757263183594,71.40262603759766,178.67051696777344,89.67135620117188,103.54893493652344
2023-05-12,146.2168426513672,100.52880096435547,184.4720916748047,100.59686279296875,104.44187927246094
2023-05-13,88.82279205322266,93.7581787109375,86.89286041259766,100.22137451171875,103.19620513916016
2023-05-14,74.02385711669922,92.24501037597656,61.553157806396484,104.70972442626953,101.67021179199219
2023-05-15,135.86703491210938,116.09899139404297,150.63693237304688,116.72518157958984,103.28884887695312
2023-05-16,137.52537536621094,143.06301879882812,119.32868957519531,119.75016021728516,106.47088623046875
2023-05-17,89.37788391113281,11.137845993041992,139.3509521484375,115.58733367919922,106.39600372314453
2023-05-18,125.21733856201172,102.13519287109375,151.45037841796875,113.86444854736328,107.00801849365234
2023-05-19,160.85305786132812,140.31320190429688,158.8332977294922,115.95533752441406,107.10209655761719
2023-05-20,98.44183349609375,107.95269775390625,106.41470336914062,117.32948303222656,107.19449615478516
2023-05-21,60.22850036621094,80.05747985839844,50.081886291503906,115.35871887207031,104.5336685180664
2023-05-22,78.2496337890625,39.00438690185547,108.44503021240234,107.1276626586914,104.78189086914062
2023-05-23,183.6913604736328,146.50076293945312,213.8431854248047,113.7228012084961,109.02278900146484
2023-05-24,115.21974182128906,80.40556335449219,153.29412841796875,117.41449737548828,107.5478744506836
2023-05-25,106.28559112548828,117.7315902709961,137.4796905517578,114.7099609375,105.08294677734375
2023-05-26,61.34384536743164,55.59547805786133,64.92096710205078,100.49435424804688,103.6161880493164
2023-05-27,85.71331787109375,70.37016296386719,109.00624084472656,98.67599487304688,102.5438003540039
2023-05-28,36.50212478637695,54.58464813232422,15.176329612731934,95.28651428222656,99.83103942871094
2023-05-29,44.966983795166016,44.82857131958008,49.85527420043945,90.53185272216797,99.22825622558594
2023-05-30,111.29180908203125,65.26425170898438,141.5357666015625,80.18905639648438,100.55973052978516
2023-05-31,219.58306884765625,137.5988006591797,281.7106018066406,95.09810638427734,104.39225006103516
2023-06-01,182.39715576171875,140.7760467529297,225.05715942382812,105.97118377685547,107.9042739868164
2023-06-02,129.57322692871094,123.55810546875,159.27403259277344,115.7182388305664,107.23919677734375
2023-06-03,119.01441192626953,108.76073455810547,123.70526885986328,120.47554016113281,107.27021026611328
2023-06-04,38.185218811035156,38.06768035888672,31.75220489501953,120.71598052978516,106.21843719482422
2023-06-05,107.08731079101562,42.70307922363281,142.47433471679688,129.59031677246094,106.73963928222656
2023-06-06,133.4734344482422,133.06259155273438,131.16685485839844,132.75912475585938,109.7685775756836
2023-06-07,142.2924346923828,158.87696838378906,123.05343627929688,121.71759796142578,112.78636169433594
2023-06-08,78.73674774169922,78.49439239501953,84.17838287353516,106.90896606445312,111.5325698852539
2023-06-09,96.3266830444336,53.350101470947266,124.59790802001953,102.15946197509766,110.7928695678711
2023-06-10,97.14274597167969,67.79061889648438,121.16585540771484,99.03494262695312,109.45504760742188
2023-06-11,81.29000091552734,101.29973602294922,84.49398040771484,105.19276428222656,107.29081726074219
2023-06-12,65.72555541992188,65.52323913574219,54.652854919433594,99.28394317626953,106.52091217041016
2023-06-13,77.17451477050781,59.18228530883789,108.60050964355469,91.24124145507812,106.62593078613281
2023-06-14,72.13296508789062,77.44254302978516,73.82254791259766,81.21846008300781,104.50146484375
2023-06-15,158.32125854492188,133.55178833007812,182.28335571289062,92.58767700195312,105.19465637207031
2023-06-16,111.43194580078125,90.89095306396484,117.92982482910156,94.74556732177734,105.92979431152344
2023-06-17,93.1047134399414,78.16263580322266,122.24129486083984,94.16870880126953,104.859375
2023-06-18,84.69633483886719,112.58084106445312,93.9035415649414,94.65532684326172,102.32081604003906
2023-06-19,107.78419494628906,100.28893280029297,107.5511245727539,100.66370391845703,102.6322250366211
2023-06-20,142.78309631347656,102.48738098144531,180.4674835205078,110.03636169433594,105.38404846191406
2023-06-21,127.8748550415039,72.84642791748047,162.02963256835938,117.9994888305664,107.03822326660156
2023-06-22,154.50408935546875,98.5782470703125,185.00399780273438,117.45417785644531,106.06531524658203
2023-06-23,46.4107551574707,46.26789855957031,38.59199523925781,108.16543579101562,103.77168273925781
2023-06-24,105.08145141601562,119.72342681884766,124.82646179199219,109.87639617919922,103.7315444946289
2023-06-25,125.18424224853516,134.39883422851562,192.17469787597656,115.66038513183594,105.85955810546875
2023-06-26,169.5130615234375,140.82606506347656,211.43313598632812,124.47879028320312,108.65287780761719
2023-06-27,118.30599212646484,94.35346984863281,167.23773193359375,120.98206329345703,111.37967681884766
2023-06-28,82.5390625,109.71332550048828,82.36058044433594,114.50552368164062,112.632080078125
2023-06-29,120.89662170410156,72.314697265625,160.84693908691406,109.70445251464844,112.95223999023438
2023-06-30,102.67338562011719,86.19566345214844,125.81746673583984,117.74197387695312,109.05525207519531
2023-07-01,103.0347671508789,92.44585418701172,119.9472885131836,117.44959259033203,106.40983581542969
2023-07-02,69.4250717163086,59.32403564453125,98.9642105102539,109.48399353027344,104.40489959716797
2023-07-03,45.37763977050781,38.77539825439453,53.90418243408203,91.7503662109375,101.9503402709961
2023-07-04,109.93034362792969,116.89810180664062,109.69263458251953,90.55384063720703,104.34184265136719
2023-07-05,89.85264587402344,95.54781341552734,109.58242797851562,91.59864044189453,103.7673568725586
2023-07-06,172.6627960205078,140.25515747070312,202.06784057617188,98.99380493164062,105.07366943359375
2023-07-07,120.56138610839844,171.70040893554688,85.92906188964844,101.54923248291016,104.34929656982422
2023-07-08,58.67672348022461,53.178279876708984,53.22712707519531,95.21237182617188,103.68063354492188
2023-07-09,75.93278503417969,75.69905853271484,63.1404914855957,96.14204406738281,103.0008316040039
2023-07-10,138.2980499267578,105.04560089111328,164.28451538085938,109.41638946533203,104.3726806640625
2023-07-11,141.3526153564453,134.79066467285156,122.64952087402344,113.90528869628906,106.37476348876953
2023-07-12,203.18724060058594,110.4882583618164,255.99478149414062,130.095947265625,110.95681762695312
2023-07-13,80.51380157470703,57.33283615112305,95.64249420166016,116.93180084228516,111.06813049316406
2023-07-14,151.36514282226562,104.46868896484375,193.6382293701172,121.33233642578125,113.7092056274414
2023-07-15,65.74562072753906,20.167152404785156,100.92838287353516,122.34217834472656,110.62334442138672
2023-07-16,30.577547073364258,0.0,50.852378845214844,115.86286163330078,107.9281997680664
2023-07-17,110.8536376953125,91.0102310180664,119.28954315185547,111.94223022460938,108.51982879638672
2023-07-18,151.43167114257812,138.3850860595703,167.89356994628906,113.38209533691406,110.74434661865234
2023-07-19,188.8271484375,139.83982849121094,260.19744873046875,111.33065032958984,113.4457778930664
2023-07-20,127.64022827148438,145.42552185058594,141.5157928466797,118.06299591064453,112.94100952148438
2023-07-21,112.39069366455078,106.14765167236328,127.88768005371094,112.49522399902344,112.42487335205078
2023-07-22,36.51649475097656,62.40701675415039,34.70241165161133,108.31963348388672,108.49195098876953
2023-07-23,49.441307067871094,78.86260223388672,65.7791976928711,111.01445770263672,108.59297180175781
2023-07-24,143.43077087402344,163.4163055419922,159.0229034423828,115.66832733154297,109.87128448486328
2023-07-25,61.7248649597168,54.697662353515625,68.43487548828125,102.85307312011719,107.75597381591797
2023-07-26,84.0753173828125,55.877685546875,93.21501922607422,87.8885269165039,104.90804290771484
2023-07-27,132.50270080566406,60.043113708496094,190.31117248535156,88.58316040039062,105.38127136230469
2023-07-28,130.33053588867188,97.447021484375,162.56088256835938,91.14599609375,106.97431945800781
2023-07-29,71.89212036132812,66.1576919555664,64.3790512084961,96.19966125488281,105.34083557128906
2023-07-30,10.068594932556152,20.075204849243164,0.0,90.57498931884766,102.2540054321289
2023-07-31,154.3993377685547,111.94478607177734,175.07440185546875,92.14192199707031,103.9661636352539
2023-08-01,116.9141616821289,103.60381317138672,140.42568969726562,100.02610778808594,105.54913330078125
2023-08-02,132.7555694580078,138.64918518066406,147.18722534179688,106.98043060302734,108.46173095703125
2023-08-03,88.7294921875,106.14765167236328,88.53762817382812,100.72711944580078,107.75503540039062
2023-08-04,119.37181091308594,95.20349884033203,119.11367797851562,99.16158294677734,108.73900604248047
2023-08-05,97.42845916748047,71.56841278076172,119.39025115966797,102.80963134765625,106.23119354248047
2023-08-06,30.182849884033203,15.04497241973877,37.646976470947266,105.68309783935547,103.21857452392578
2023-08-07,117.56503295898438,96.5202407836914,115.0105972290039,100.42105102539062,105.1815185546875
2023-08-08,108.29548645019531,88.90999603271484,127.13095092773438,99.18981170654297,106.2602767944336
2023-08-09,105.72024536132812,93.68428802490234,97.67744445800781,95.32762145996094,105.17434692382812
2023-08-10,131.0054931640625,124.38309478759766,145.2469024658203,101.36705017089844,104.8294448852539
2023-08-11,142.3582763671875,76.41851043701172,200.32754516601562,104.65083312988281,102.80181121826172
2023-08-12,119.27412414550781,129.7167205810547,144.26206970214844,107.77164459228516,104.09382629394531
2023-08-13,60.70150375366211,69.15960693359375,72.10742950439453,112.13145446777344,101.07170104980469
2023-08-14,114.96981048583984,143.26991271972656,119.50125122070312,111.76070404052734,102.71250915527344
2023-08-15,114.6426010131836,72.18297576904297,140.48471069335938,112.66743469238281,105.51467895507812
2023-08-16,100.02424621582031,105.58203125,127.20621490478516,111.85372161865234,105.15370178222656
2023-08-17,116.02689361572266,69.40184783935547,154.36798095703125,109.71392059326172,103.97354125976562
2023-08-18,77.42227935791016,33.0788459777832,110.36409759521484,100.43734741210938,100.26004028320312
2023-08-19,114.04771423339844,113.69666290283203,129.31942749023438,99.69071960449219,99.80696105957031
2023-08-20,43.701419830322266,52.2802848815918,43.6069221496582,97.26213836669922,97.51731872558594
2023-08-21,97.22421264648438,83.07852172851562,103.94354248046875,94.72705078125,99.54090881347656
2023-08-22,81.09864044189453,62.19154739379883,82.99822998046875,89.93505859375,100.59615325927734
2023-08-23,126.71024322509766,96.24397277832031,130.45008850097656,93.74734497070312,100.03880310058594
2023-08-24,61.5718879699707,49.105892181396484,71.67854309082031,85.96805572509766,100.03369903564453
2023-08-25,40.256900787353516,11.466567039489746,66.94974517822266,80.6587142944336,98.57308959960938
2023-08-26,85.97503662109375,80.66860961914062,92.51768493652344,76.64833068847656,97.02216339111328
2023-08-27,41.931236267089844,16.720867156982422,55.787418365478516,76.39545440673828,94.07552337646484
2023-08-28,75.4415054321289,68.37207794189453,79.84069061279297,73.28363800048828,94.19383239746094
2023-08-29,115.63378143310547,40.68629837036133,169.6819610595703,78.21722412109375,97.71267700195312
2023-08-30,163.29559326171875,116.28068542480469,213.37705993652344,83.4437026977539,98.00921630859375
2023-08-31,117.42311096191406,110.9005355834961,102.77999114990234,91.42245483398438,98.02618408203125
2023-09-01,73.48699951171875,45.08356475830078,84.60932922363281,96.16960906982422,96.0505599975586
2023-09-02,58.97747039794922,58.795928955078125,57.2152099609375,92.31281280517578,95.05883026123047
2023-09-03,16.358360290527344,16.308006286621094,27.20497703552246,88.6595458984375,91.62504577636719
2023-09-04,100.61537170410156,61.7265625,115.84362030029297,92.25581359863281,91.73127746582031
2023-09-05,121.78558349609375,24.282142639160156,182.28335571289062,93.1346435546875,94.78469848632812
2023-09-06,76.62522888183594,47.00884246826172,88.22254180908203,80.75315856933594,93.4200439453125
2023-09-07,80.34212493896484,61.61140441894531,92.50199890136719,75.45587921142578,92.48826599121094
2023-09-08,80.14276123046875,95.87529754638672,88.8549575805664,76.40670013427734,91.63568115234375
2023-09-09,44.43086242675781,59.058799743652344,32.84058380126953,74.32861328125,88.74986267089844
2023-09-10,16.60434913635254,16.553239822387695,13.807036399841309,74.36375427246094,84.55805969238281
2023-09-11,93.49989318847656,39.94804000854492,122.17556762695312,73.34725952148438,83.69892120361328
2023-09-12,164.96852111816406,65.78429412841797,230.4564971923828,79.51625061035156,87.17448425292969
2023-09-13,134.78366088867188,31.008182525634766,198.289794921875,87.82459259033203,87.83495330810547
2023-09-14,119.93779754638672,102.48738098144531,123.4777603149414,93.48111724853516,88.01145935058594
2023-09-15,106.68494415283203,85.08525085449219,133.06781005859375,97.27285766601562,88.23348236083984
2023-09-16,79.46189880371094,69.31513977050781,90.85319519042969,102.27729797363281,87.0146484375
2023-09-17,64.32170104980469,48.0927848815918,93.59963989257812,109.09406280517578,86.57795715332031
2023-09-18,114.6917495727539,94.16130065917969,168.29962158203125,112.12146759033203,86.59942626953125
2023-09-19,207.41676330566406,97.30744171142578,314.51055908203125,118.18550109863281,92.05661010742188
2023-09-20,190.11257934570312,206.7571563720703,258.683837890625,126.08963012695312,95.15288543701172
2023-09-21,162.9131622314453,108.27445983886719,225.77899169921875,132.22897338867188,97.88003540039062
2023-09-22,131.62521362304688,109.35003662109375,164.17572021484375,135.7918701171875,98.04386901855469
2023-09-23,70.02175903320312,42.95767593383789,89.57735443115234,134.44326782226562,98.32553100585938
2023-09-24,66.41739654541016,66.21295928955078,69.0351791381836,134.74266052246094,99.19754791259766
2023-09-25,109.96076202392578,41.10835647583008,171.442138671875,134.06680297851562,99.9970703125
2023-09-26,81.25166320800781,24.92355728149414,114.33789825439453,116.04322052001953,101.30775451660156
2023-09-27,101.4660415649414,47.601749420166016,138.96595764160156,103.37942504882812,102.17523956298828
2023-09-28,64.37852478027344,58.34578323364258,68.13260650634766,89.30305480957031,100.46672821044922
2023-09-29,86.41481018066406,91.89207458496094,76.64706420898438,82.84442138671875,97.90403747558594
2023-09-30,82.55619812011719,72.01432800292969,85.81008911132812,84.63505554199219,96.74180603027344
2023-10-01,38.97138595581055,77.7028579711914,25.924739837646484,80.71419525146484,95.5912857055664
2023-10-02,63.45914840698242,37.958290100097656,84.42923736572266,74.07111358642578,95.74067687988281
2023-10-03,107.04885864257812,83.00394439697266,148.35748291015625,77.75642395019531,98.76368713378906
2023-10-04,61.24074935913086,66.60244750976562,64.81185913085938,72.00995635986328,97.45120239257812
2023-10-05,54.304386138916016,36.091487884521484,70.24235534667969,70.57079315185547,95.20182800292969
2023-10-06,161.30764770507812,91.89207458496094,220.3603057861328,81.26976776123047,98.02457427978516
2023-10-07,54.14300537109375,68.69717407226562,32.74298858642578,77.21073913574219,97.15127563476562
2023-10-08,75.66779327392578,83.8165283203125,69.91126251220703,82.45308685302734,97.00210571289062
2023-10-09,227.07118225097656,279.63629150390625,211.03053283691406,105.82623291015625,103.09011840820312
2023-10-10,259.08349609375,282.88470458984375,297.5069274902344,127.54546356201172,111.17276000976562
2023-10-11,265.9303894042969,265.11181640625,278.8153991699219,156.78684997558594,116.92044067382812
2023-10-12,218.0117645263672,229.41517639160156,221.56886291503906,180.17361450195312,118.68854522705078
2023-10-13,287.3145446777344,292.04644775390625,318.5480651855469,198.17459106445312,123.77291107177734
2023-10-14,216.03701782226562,184.6046142578125,248.07643127441406,221.30230712890625,126.9762191772461
2023-10-15,154.47207641601562,136.88584899902344,171.2644805908203,232.56007385253906,128.56912231445312
2023-10-16,290.3445739746094,381.54888916015625,296.30120849609375,241.59912109375,135.59854125976562
2023-10-17,274.5221862792969,267.595458984375,324.65606689453125,243.80465698242188,142.605224609375
2023-10-18,333.0094299316406,349.457275390625,359.49432373046875,253.3873748779297,149.88247680664062
2023-10-19,338.8517150878906,430.997314453125,330.34613037109375,270.65020751953125,154.26364135742188
2023-10-20,298.6288146972656,363.8672790527344,331.09228515625,272.26654052734375,157.880859375
2023-10-21,251.51968383789062,256.08050537109375,258.0956726074219,277.33551025390625,160.83441162109375
2023-10-22,105.160888671875,209.67437744140625,0.0,270.2910461425781,159.9522705078125
2023-10-23,312.774658203125,467.71783447265625,307.3695373535156,273.4953308105469,168.0440216064453
2023-10-24,250.00511169433594,286.62091064453125,249.46449279785156,269.9928894042969,174.1636199951172
2023-10-25,208.08998107910156,224.2696990966797,224.47569274902344,252.1472625732422,177.43458557128906
2023-10-26,168.43563842773438,223.8895721435547,155.62168884277344,227.80210876464844,180.34072875976562
2023-10-27,251.86463928222656,283.8401794433594,236.750732421875,221.12152099609375,185.35400390625
2023-10-28,173.5397491455078,234.06637573242188,169.76910400390625,209.9815216064453,188.9927215576172
2023-10-29,133.1291961669922,187.3685760498047,104.18927001953125,213.97698974609375,190.54986572265625
2023-10-30,205.43055725097656,191.9983367919922,213.5274200439453,198.64212036132812,194.6456756591797
2023-10-31,172.08143615722656,208.31283569335938,173.75347900390625,187.5101776123047,199.08267211914062
2023-11-01,251.7322540283203,262.36456298828125,247.38201904296875,193.74478149414062,205.3584442138672
2023-11-02,219.58306884765625,287.7065734863281,198.2407989501953,201.0515594482422,209.10958862304688
2023-11-03,174.9210662841797,261.573974609375,109.0892562866211,190.0596160888672,212.89892578125
2023-11-04,157.24212646484375,188.10975646972656,148.18533325195312,187.73138427734375,216.33018493652344
2023-11-05,92.95470428466797,134.79066467285156,84.32154846191406,181.99217224121094,214.0517578125
2023-11-06,182.9025115966797,229.61273193359375,146.45623779296875,178.7738800048828,218.34373474121094
2023-11-07,140.21450805664062,174.7286376953125,106.87669372558594,174.22146606445312,220.49530029296875
2023-11-08,132.50270080566406,204.14659118652344,120.19652557373047,157.1886749267578,217.343017578125
2023-11-09,201.47996520996094,259.93621826171875,177.39202880859375,154.60250854492188,215.4228973388672
2023-11-10,180.9846649169922,229.63510131835938,164.17572021484375,155.46873474121094,212.59136962890625
2023-11-11,161.4616241455078,186.9266815185547,155.91531372070312,156.071533203125,210.7063751220703
2023-11-12,128.3940887451172,119.46562194824219,156.58677673339844,161.13429260253906,205.40902709960938
2023-11-13,131.046630859375,159.6750946044922,84.75396728515625,153.726318359375,202.5760040283203
2023-11-14,148.2277374267578,141.3466339111328,160.76870727539062,154.87106323242188,202.36785888671875
2023-11-15,130.60302734375,94.691650390625,148.0915985107422,154.59967041015625,197.04315185546875
2023-11-16,170.8645477294922,219.79176330566406,155.82882690429688,150.22604370117188,193.587890625
2023-11-17,149.48410034179688,178.82876586914062,119.32868957519531,145.72596740722656,187.4703826904297
2023-11-18,111.65958404541016,148.4211883544922,79.58438110351562,138.61138916015625,179.89730834960938
2023-11-19,101.5645751953125,171.34945678710938,90.95059967041016,134.77859497070312,173.32850646972656
2023-11-20,204.90109252929688,217.888427734375,227.17556762695312,145.32923889160156,171.77455139160156
2023-11-21,96.48255157470703,141.07217407226562,85.57682037353516,137.93707275390625,171.4852752685547
2023-11-22,191.44436645507812,127.23672485351562,231.55198669433594,146.62869262695312,167.44093322753906
2023-11-23,175.45379638671875,223.8895721435547,128.3878936767578,147.2843017578125,164.9558868408203
2023-11-24,152.79371643066406,231.5315704345703,111.80642700195312,147.75709533691406,163.1126708984375
2023-11-25,125.10517883300781,108.45225524902344,144.73583984375,149.6779022216797,161.66831970214844
2023-11-26,87.86651611328125,122.63447570800781,102.28926086425781,147.72103881835938,156.20172119140625
2023-11-27,166.35165405273438,173.05003356933594,180.42601013183594,142.21397399902344,155.9621124267578
2023-11-28,184.384765625,215.50982666015625,169.1825714111328,154.77142333984375,157.67063903808594
2023-11-29,88.7790298461914,143.8218536376953,55.36690902709961,140.10494995117188,153.78225708007812
2023-11-30,178.9017333984375,230.13040161132812,163.1587677001953,140.59751892089844,154.0095977783203
2023-12-01,94.81410217285156,106.33753967285156,88.69601440429688,132.31471252441406,148.77899169921875
2023-12-02,122.122314453125,152.18301391601562,93.0861587524414,131.88858032226562,145.53030395507812
2023-12-03,110.7027816772461,186.76651000976562,42.48591995239258,135.15090942382812,143.3896942138672
2023-12-04,194.85691833496094,259.009521484375,151.2276611328125,139.2230987548828,144.6435089111328
2023-12-05,89.69046020507812,59.60959243774414,109.38462829589844,125.6953353881836,144.5347137451172
2023-12-06,131.24276733398438,177.94076538085938,113.4977798461914,131.76158142089844,142.81271362304688
2023-12-07,194.16470336914062,175.9700469970703,215.27206420898438,133.94200134277344,144.61105346679688
2023-12-08,153.5236358642578,188.37054443359375,137.4796905517578,142.32908630371094,145.31175231933594
2023-12-09,106.34246826171875,106.01513671875,123.79792785644531,140.07481384277344,142.1405029296875
2023-12-10,124.12431335449219,154.6778106689453,154.81988525390625,141.9921875,140.2451629638672
2023-12-11,153.77490234375,140.52642822265625,149.18008422851562,136.12332153320312,139.9889373779297
2023-12-12,167.4221954345703,166.9068603515625,178.9930419921875,147.2278594970703,141.2898712158203
2023-12-13,192.79495239257812,244.62010192871094,194.32125854492188,156.02102661132812,143.34814453125
2023-12-14,148.67898559570312,213.43870544433594,118.68598175048828,149.5230712890625,143.36318969726562
2023-12-15,169.25527954101562,204.8916473388672,211.11160278320312,151.77044677734375,144.65159606933594
2023-12-16,104.33283996582031,145.6163787841797,104.10723114013672,151.4833526611328,142.43386840820312
2023-12-17,90.89362335205078,140.9548797607422,100.77452850341797,146.73611450195312,140.48086547851562
2023-12-18,144.02468872070312,237.22137451171875,83.31202697753906,145.34323120117188,141.5596923828125
2023-12-19,187.75686645507812,240.65863037109375,156.12571716308594,148.2481689453125,144.43276977539062
2023-12-20,143.77462768554688,229.3313446044922,95.64249420166016,141.24526977539062,142.3952178955078
2023-12-21,114.01953887939453,143.58135986328125,99.80085754394531,136.29393005371094,142.97979736328125
2023-12-22,89.36782836914062,71.27420043945312,138.7160186767578,124.88143157958984,139.57723999023438
2023-12-23,150.29798889160156,143.84193420410156,149.97299194335938,131.4478759765625,138.73870849609375
2023-12-24,52.916419982910156,42.20282745361328,88.0033187866211,126.02256774902344,135.4094696044922
2023-12-25,136.3998565673828,194.25714111328125,97.21778869628906,124.93330383300781,135.7859649658203
2023-12-26,139.57447814941406,222.63177490234375,92.84844207763672,118.05010223388672,137.50955200195312
2023-12-27,180.18150329589844,234.89671325683594,138.30145263671875,123.25109100341797,137.97055053710938
2023-12-28,122.68769073486328,143.89418029785156,96.01756286621094,124.48939514160156,135.9139862060547
2023-12-29,221.28489685058594,213.91879272460938,301.099609375,143.33468627929688,140.33084106445312
2023-12-30,190.9830322265625,236.3526153564453,197.14141845703125,149.14683532714844,140.73355102539062
2023-12-31,110.08533477783203,179.5851593017578,99.86116790771484,157.31382751464844,141.2425994873047
2024-01-01,167.60015869140625,275.1976013183594,114.77099609375,161.77101135253906,142.75852966308594
2024-01-02,131.12246704101562,192.63832092285156,91.8167953491211,160.56358337402344,143.43917846679688
2024-01-03,149.3903045654297,259.009521484375,108.01976013183594,156.1648406982422,141.9236297607422
2024-01-04,180.68551635742188,240.17245483398438,155.81031799316406,164.4502410888672,144.95680236816406
2024-01-05,167.4893798828125,197.89491271972656,165.06390380859375,156.76516723632812,146.16500854492188
2024-01-06,131.24276733398438,146.53944396972656,122.2283706665039,148.23085021972656,144.06761169433594
2024-01-07,89.04752349853516,142.0374755859375,74.0457992553711,145.22544860839844,141.9184112548828
2024-01-08,106.6277084350586,141.732666015625,106.39714813232422,136.5150909423828,141.92791748046875
2024-01-09,241.2696990966797,299.03363037109375,206.04556274414062,152.2504119873047,145.832763671875
2024-01-10,118.09510040283203,129.5047607421875,108.01976013183594,147.7796630859375,144.64344787597656
2024-01-11,165.3104705810547,190.15573120117188,148.03475952148438,145.58323669433594,144.5730438232422
2024-01-12,210.59278869628906,238.31544494628906,189.31297302246094,151.74085998535156,145.1663055419922
2024-01-13,160.0274200439453,212.71311950683594,141.9390106201172,155.85296630859375,145.54458618164062
2024-01-14,107.43463134765625,107.10393524169922,119.11367797851562,158.4796905517578,143.48390197753906
2024-01-15,106.3993911743164,141.42916870117188,94.37271881103516,158.4470672607422,143.55279541015625
2024-01-16,193.38906860351562,286.0811462402344,145.2469024658203,151.6069793701172,146.96929931640625
2024-01-17,176.20040893554688,234.2107391357422,175.81939697265625,159.90774536132812,148.0418243408203
2024-01-18,167.4893798828125,160.78961181640625,206.32986450195312,160.21900939941406,147.36624145507812
2024-01-19,207.4058380126953,212.67507934570312,246.3778076171875,159.76373291015625,149.48728942871094
2024-01-20,83.86247253417969,146.30758666992188,61.01749038696289,148.88302612304688,148.4820556640625
2024-01-21,70.10725402832031,104.83718872070312,58.2963752746582,143.550537109375,147.84002685546875
2024-01-22,186.62353515625,239.20596313476562,121.92974853515625,155.01113891601562,149.05088806152344
2024-01-23,169.07244873046875,249.70672607421875,124.96803283691406,151.53733825683594,152.92274475097656
2024-01-24,159.14471435546875,235.04421997070312,107.82755279541016,149.10079956054688,153.680908203125
2024-01-25,202.29420471191406,252.08941650390625,210.26747131347656,154.0729217529297,155.77157592773438
2024-01-26,141.32115173339844,191.6051483154297,112.81244659423828,144.6322479248047,154.47622680664062
2024-01-27,178.9195556640625,234.42759704589844,161.529541015625,158.2118377685547,156.35061645507812
2024-01-28,152.74087524414062,190.33839416503906,95.25662231445312,170.0166473388672,154.06582641601562
2024-01-29,140.53317260742188,200.1437225341797,144.68099975585938,163.4322967529297,152.3841552734375
2024-01-30,206.27711486816406,254.028564453125,171.52587890625,168.74725341796875,155.59054565429688
2024-01-31,205.60765075683594,250.5247344970703,170.96920776367188,175.3848114013672,156.8574676513672
2024-02-01,147.4983673095703,159.29806518554688,143.0911102294922,167.5568389892578,157.40333557128906
2024-02-02,171.52455139160156,245.8075714111328,169.37078857421875,171.87161254882812,158.14114379882812
2024-02-03,96.79580688476562,117.94183349609375,116.26152801513672,160.1396484375,155.34481811523438
2024-02-04,85.66985321044922,113.87487030029297,126.64385223388672,150.55807495117188,152.61749267578125
2024-02-05,125.87757110595703,145.30433654785156,121.19816589355469,148.46441650390625,152.43865966796875
2024-02-06,118.75242614746094,162.0031280517578,62.36612319946289,135.9608917236328,153.42881774902344
2024-02-07,100.38084411621094,144.54823303222656,74.19538879394531,120.9284896850586,153.22059631347656
2024-02-08,116.2304458618164,162.22174072265625,77.31940460205078,116.46163940429688,149.0526123046875
2024-02-09,194.5299835205078,277.0445861816406,175.6227264404297,119.74813079833984,151.60044860839844
2024-02-10,98.4957504272461,113.69666290283203,94.83424377441406,119.99098205566406,149.373291015625
2024-02-11,86.26477813720703,154.7986602783203,28.6927490234375,120.07597351074219,145.22901916503906
2024-02-12,156.3873291015625,184.2524871826172,189.15048217773438,124.43450927734375,145.10768127441406
2024-02-13,187.85829162597656,262.1920471191406,135.3820343017578,134.30677795410156,147.78846740722656
2024-02-14,135.8093719482422,153.0510711669922,137.4796905517578,139.3679962158203,148.76881408691406
2024-02-15,214.8081512451172,247.95962524414062,216.22386169433594,153.4505157470703,149.48277282714844
2024-02-16,160.93446350097656,133.69923400878906,167.27755737304688,148.6511688232422,148.97390747070312
2024-02-17,87.02969360351562,119.2974853515625,81.41390991210938,147.01315307617188,146.2919158935547
2024-02-18,80.7943344116211,89.49515533447266,89.57735443115234,146.23165893554688,142.071533203125
2024-02-19,167.8173065185547,218.21836853027344,109.20939636230469,147.86451721191406,144.87002563476562
2024-02-20,170.2109832763672,221.8984832763672,141.5357666015625,145.34347534179688,148.20681762695312
2024-02-21,193.75396728515625,236.77378845214844,197.4927215576172,153.62127685546875,148.4445037841797
2024-02-22,219.58306884765625,125.08982849121094,302.57806396484375,154.30340576171875,150.12818908691406
2024-02-23,167.06863403320312,149.32461547851562,191.61764526367188,155.17971801757812,150.39231872558594
2024-02-24,111.12447357177734,147.70989990234375,70.40264892578125,158.621826171875,147.35333251953125
2024-02-25,87.17283630371094,86.90451049804688,101.4817123413086,159.5330352783203,145.5483856201172
2024-02-26,200.9716796875,276.34906005859375,149.82656860351562,164.26937866210938,146.28346252441406
2024-02-27,166.86441040039062,98.5782470703125,215.83799743652344,163.79129028320312,146.75424194335938
2024-02-28,177.458984375,188.70693969726562,157.4002227783203,161.46343994140625,147.985107421875
2024-02-29,153.25045776367188,141.0265350341797,166.642578125,151.9873504638672,146.21754455566406
2024-03-01,155.183349609375,130.90481567382812,188.59664916992188,150.28945922851562,144.5367431640625
2024-03-02,82.69258880615234,96.9859390258789,56.627098083496094,146.22775268554688,142.3765411376953
2024-03-03,82.35665130615234,127.71601867675781,45.65475845336914,145.53973388671875,139.40428161621094
2024-03-04,170.75091552734375,177.03433227539062,159.0229034423828,141.22247314453125,141.86944580078125
2024-03-05,83.45616912841797,102.39910888671875,85.41097259521484,129.30702209472656,141.79566955566406
2024-03-06,108.01850891113281,95.72090911865234,99.80085754394531,119.38694763183594,141.2003631591797
2024-03-07,122.2349624633789,146.23046875,91.47798919677734,114.95616149902344,141.3164520263672
2024-03-08,183.7222442626953,177.6065216064453,194.43557739257812,119.03314971923828,144.09449768066406
2024-03-09,89.67141723632812,115.68817138671875,52.63383102416992,120.03012084960938,143.20919799804688
2024-03-10,98.21629333496094,124.61779022216797,89.0944595336914,122.29578399658203,139.9987335205078
2024-03-11,155.80584716796875,202.59947204589844,157.7220916748047,120.16077423095703,141.90907287597656
2024-03-12,199.55227661132812,172.4129638671875,232.3075408935547,136.74594116210938,145.68531799316406
2024-03-13,149.75440979003906,179.1521453857422,129.50650024414062,142.7082061767578,145.46421813964844
2024-03-14,187.1507110595703,248.7661895751953,155.62168884277344,151.9818878173828,145.44064331054688
2024-03-15,138.02365112304688,183.46507263183594,105.20674133300781,145.45352172851562,145.5144500732422
2024-03-16,126.55989837646484,98.74200439453125,137.2676239013672,150.72329711914062,142.57284545898438
2024-03-17,69.1920166015625,34.48951721191406,100.68682098388672,146.57696533203125,139.51475524902344
2024-03-18,147.65321350097656,127.99888610839844,149.4691925048828,145.4123077392578,141.53553771972656
2024-03-19,183.30413818359375,221.8984832763672,152.4231414794922,143.09115600585938,144.95252990722656
2024-03-20,116.02689361572266,138.80369567871094,115.77599334716797,138.27293395996094,143.22618103027344
2024-03-21,130.513916015625,148.69964599609375,103.35848999023438,130.1819610595703,141.9029541015625
2024-03-22,125.00255584716797,135.94667053222656,122.84236907958984,128.32180786132812,139.61123657226562
2024-03-23,107.02964782714844,138.71026611328125,106.79821014404297,125.53176879882812,135.8594512939453
2024-03-24,69.01182556152344,103.19910430908203,57.385498046875,125.50602722167969,132.5908966064453
2024-03-25,187.99307250976562,245.5775146484375,140.15087890625,131.26885986328125,135.15318298339844
2024-03-26,165.62838745117188,203.2228546142578,158.91368103027344,128.74375915527344,137.76837158203125
2024-03-27,126.7417221069336,149.32461547851562,105.38970947265625,130.27444458007812,135.29403686523438
2024-03-28,99.6260986328125,111.734375,82.84222412109375,125.86190032958984,133.05276489257812
2024-03-29,126.19306182861328,113.22415161132812,136.41351318359375,126.03197479248047,131.34390258789062
2024-03-30,161.5886688232422,214.7883758544922,116.45056915283203,133.8261260986328,131.62184143066406
2024-03-31,119.95370483398438,183.9761199951172,92.07255554199219,141.10353088378906,130.447509765625
2024-04-01,123.22461700439453,144.52391052246094,132.60194396972656,131.85089111328125,131.798583984375
2024-04-02,197.96221923828125,249.9803009033203,197.53414916992188,136.4700164794922,135.652099609375
2024-04-03,181.86647033691406,194.25714111328125,162.02963256835938,144.344970703125,136.02261352539062
2024-04-04,160.98458862304688,172.83438110351562,123.56652069091797,153.1104736328125,138.60690307617188
2024-04-05,142.04835510253906,158.60446166992188,170.0894317626953,155.37551879882812,139.74122619628906
2024-04-06,130.29766845703125,169.8647918701172,100.01224517822266,150.90538024902344,140.00997924804688
2024-04-07,69.73827362060547,104.28540802001953,43.492164611816406,143.7317352294922,136.2105255126953
2024-04-08,126.32672882080078,153.92408752441406,81.70138549804688,144.17489624023438,137.43235778808594
2024-04-09,171.76275634765625,159.00306701660156,173.43173217773438,140.43211364746094,139.8839111328125
2024-04-10,208.5249481201172,261.3387451171875,168.44088745117188,144.240478515625,141.64122009277344
2024-04-11,123.34028625488281,117.1053695678711,136.7484130859375,138.8627166748047,139.10081481933594
2024-04-12,161.3263397216797,160.82977294921875,160.9774932861328,141.61671447753906,139.48654174804688
2024-04-13,130.1172332763672,118.90699005126953,135.2456817626953,141.5909423828125,137.58543395996094
2024-04-14,137.6413116455078,219.5482177734375,76.30204010009766,151.29136657714844,137.57269287109375
2024-04-15,230.79364013671875,230.08323669433594,237.06796264648438,166.2152099609375,141.04714965820312
2024-04-16,340.5443420410156,283.94219970703125,453.0772399902344,190.32687377929688,150.09222412109375
2024-04-17,227.49627685546875,221.26441955566406,267.6067199707031,193.0370635986328,152.753662109375
2024-04-18,155.665771484375,136.56422424316406,196.75027465820312,197.6549835205078,151.83238220214844
2024-04-19,208.1194305419922,184.42562866210938,269.2010803222656,204.3397216796875,154.90213012695312
2024-04-20,134.36312866210938,123.64572143554688,171.88790893554688,204.94627380371094,155.0304412841797
2024-04-21,70.48016357421875,70.26321411132812,87.90969848632812,195.35182189941406,153.21302795410156
2024-04-22,162.9131622314453,81.20585632324219,248.3568878173828,185.6546173095703,155.0758056640625
2024-04-23,148.3239288330078,110.9005355834961,164.44798278808594,158.19454956054688,157.71954345703125
2024-04-24,139.23226928710938,150.37066650390625,154.36798095703125,145.5854034423828,156.0941925048828
2024-04-25,172.4012908935547,171.87063598632812,143.35708618164062,147.9761962890625,156.3199462890625
2024-04-26,150.83494567871094,138.80369567871094,154.36798095703125,139.79269409179688,157.12306213378906
2024-04-27,154.3292694091797,164.8438262939453,137.49603271484375,142.64500427246094,158.94650268554688
2024-04-28,106.32933807373047,146.77206420898438,54.40995407104492,147.7663116455078,158.2843780517578
2024-04-29,191.10968017578125,197.57777404785156,188.34214782714844,151.7943878173828,159.26840209960938
2024-04-30,167.80361938476562,123.91637420654297,196.38113403320312,154.57720947265625,160.8634033203125
2024-05-01,130.75924682617188,111.734375,124.2633285522461,153.3667755126953,161.11456298828125
2024-05-02,137.77406311035156,214.98257446289062,59.77223587036133,148.42002868652344,159.10829162597656
2024-05-03,110.41893005371094,127.45994567871094,115.97911071777344,142.64630126953125,156.72669982910156
2024-05-04,86.46179962158203,96.97012329101562,80.88265991210938,132.95095825195312,154.2425994873047
2024-05-05,68.83257293701172,51.46552658081055,71.5455551147461,127.59427642822266,151.8020782470703
2024-05-06,93.61604309082031,172.29763793945312,23.952205657958984,113.66661071777344,150.57936096191406
2024-05-07,176.26507568359375,133.30673217773438,252.70677185058594,114.8753890991211,154.1302490234375
2024-05-08,163.58358764648438,198.0258026123047,126.30882263183594,119.56458282470703,155.3721466064453
2024-05-09,145.39895629882812,126.04470825195312,136.67385864257812,120.65385437011719,154.4933624267578
2024-05-10,185.2792205810547,223.8895721435547,186.7460174560547,131.34817504882812,153.71849060058594
2024-05-11,106.0021743774414,147.94622802734375,88.14412689208984,134.13966369628906,153.14056396484375
2024-05-12,54.009254455566406,71.79067993164062,29.94025993347168,132.0220489501953,149.56332397460938
2024-05-13,177.1075897216797,235.4165496826172,152.72496032714844,143.94940185546875,151.12966918945312
2024-05-14,154.67242431640625,167.0460205078125,150.05079650878906,140.86474609375,151.69737243652344
2024-05-15,129.21363830566406,81.9737548828125,166.05165100097656,135.9547576904297,148.31137084960938
2024-05-16,124.90009307861328,129.9293670654297,144.49856567382812,133.02633666992188,141.12322998046875
2024-05-17,181.6569366455078,170.44496154785156,204.36639404296875,132.50888061523438,139.5952606201172
2024-05-18,110.9231185913086,140.74032592773438,92.23604583740234,133.2118682861328,138.1038360595703
2024-05-19,98.48174285888672,124.95458984375,119.11367797851562,139.56507873535156,134.44924926757812
2024-05-20,135.07557678222656,115.42268371582031,149.75942993164062,133.5605010986328,134.47299194335938
2024-05-21,165.28404235839844,151.04400634765625,171.79856872558594,135.07644653320312,137.63311767578125
2024-05-22,140.05340576171875,121.41071319580078,172.156494140625,136.62498474121094,136.87112426757812
2024-05-23,101.83300018310547,83.60433959960938,139.4685516357422,133.32968139648438,135.32142639160156
2024-05-24,116.63970947265625,81.39647674560547,126.08643341064453,124.04151153564453,134.56834411621094
2024-05-25,91.41826629638672,42.887939453125,116.26152801513672,121.2551040649414,131.86891174316406
2024-05-26,121.3052978515625,148.83926391601562,77.5916519165039,124.51561737060547,130.88458251953125
2024-05-27,145.42979431152344,64.43651580810547,188.11245727539062,125.99478912353516,130.5879364013672
2024-05-28,143.45765686035156,104.0116958618164,162.6675567626953,122.8767318725586,131.82554626464844
2024-05-29,135.4371795654297,112.51690673828125,168.93038940429688,122.21726989746094,129.9698028564453
2024-05-30,93.57535552978516,111.94478607177734,82.99822998046875,121.03760528564453,127.49552154541016
2024-05-31,156.499267578125,195.0219268798828,108.44503021240234,126.7318344116211,128.35353088378906
2024-06-01,121.19149780273438,151.02308654785156,109.17240905761719,130.9851531982422,127.80077362060547
2024-06-02,90.01542663574219,89.73834991455078,74.85064697265625,126.51516723632812,127.12065887451172
2024-06-03,111.1133804321289,83.07852172851562,127.04210662841797,121.61282348632812,127.94237518310547
2024-06-04,110.2148208618164,109.87557220458984,122.19609832763672,116.86384582519531,129.32177734375
2024-06-05,119.32062530517578,135.94667053222656,113.39295196533203,114.56148529052734,130.17860412597656
2024-06-06,122.00985717773438,145.96116638183594,111.60052490234375,118.62355041503906,128.37010192871094
2024-06-07,122.68769073486328,166.7864227294922,92.7442398071289,113.79332733154297,127.00689697265625
2024-06-08,66.66158294677734,30.672178268432617,102.33450317382812,106.00334167480469,124.38232421875
2024-06-09,92.95470428466797,101.09300231933594,70.26795959472656,106.4232406616211,121.30484008789062
2024-06-10,107.28964233398438,120.32931518554688,144.97389221191406,105.87699127197266,121.3477554321289
2024-06-11,121.78558349609375,133.55178833007812,131.64907836914062,107.52995300292969,123.60696411132812
2024-06-12,117.67557525634766,140.7760467529297,88.06584167480469,107.2949447631836,121.62590026855469
2024-06-13,133.4734344482422,157.2557830810547,110.98733520507812,108.93260192871094,120.91926574707031
2024-06-14,90.13789367675781,67.39533233642578,121.79779052734375,104.28263092041016,119.61673736572266
2024-06-15,109.89561462402344,73.03822326660156,174.06027221679688,110.45892333984375,119.11659240722656
2024-06-16,102.35462188720703,92.76324462890625,92.84844207763672,111.80176544189453,116.47317504882812
2024-06-17,120.9456787109375,133.97044372558594,111.74458312988281,113.75263214111328,116.80726623535156
2024-06-18,142.94383239746094,148.69964599609375,165.3735809326172,116.77523803710938,118.28933715820312
2024-06-19,114.8867416381836,89.08130645751953,137.9905548095703,116.3768310546875,117.61637115478516
2024-06-20,177.00743103027344,151.25364685058594,231.29421997070312,122.5959701538086,118.00714874267578
2024-06-21,128.30368041992188,46.512271881103516,184.28018188476562,128.04823303222656,117.61549377441406
2024-06-22,64.95230865478516,47.09263610839844,78.55982208251953,121.62775421142578,116.38613891601562
2024-06-23,85.1559829711914,101.87264251708984,70.80986785888672,119.17080688476562,115.33667755126953
2024-06-24,212.60784912109375,232.46505737304688,205.3046417236328,132.26541137695312,119.37633514404297
2024-06-25,109.98760223388672,103.19910430908203,150.63693237304688,127.557373046875,118.99907684326172
2024-06-26,128.58396911621094,109.87557220458984,183.29415893554688,129.5141143798828,118.43754577636719
2024-06-27,120.6764144897461,72.18297576904297,170.5885772705078,121.46682739257812,117.67817687988281
2024-06-28,121.46080780029297,143.10275268554688,128.54351806640625,120.48927307128906,117.21229553222656
2024-06-29,42.536983489990234,42.40605163574219,44.21354675292969,117.2870864868164,115.51101684570312
2024-06-30,46.920223236083984,37.42063903808594,46.818763732910156,111.82483673095703,111.85838317871094
2024-07-01,71.44754028320312,90.65332794189453,54.00988006591797,91.6590805053711,110.20024871826172
2024-07-02,79.59959411621094,97.66717529296875,91.64707946777344,87.31793212890625,109.85305786132812
2024-07-03,107.82317352294922,131.37823486328125,99.62039184570312,84.35210418701172,109.7433853149414
2024-07-04,90.27962493896484,83.07852172851562,80.84497833251953,80.00970458984375,109.07887268066406
2024-07-05,73.11270141601562,56.06742477416992,74.82523345947266,73.10283660888672,107.53861236572266
2024-07-06,87.63406372070312,81.54003143310547,77.72850036621094,79.54527282714844,106.39275360107422
2024-07-07,94.91598510742188,132.4733428955078,63.1404914855957,86.40180969238281,105.46702575683594
2024-07-08,89.18451690673828,88.90999603271484,127.13095092773438,88.9356689453125,106.21778869628906
2024-07-09,90.05038452148438,89.77320098876953,96.27391815185547,90.42863464355469,106.12097930908203
2024-07-10,124.6665267944336,177.54684448242188,88.8549575805664,92.83483123779297,106.70021057128906
2024-07-11,127.8534927368164,139.04721069335938,125.64402770996094,98.20252227783203,106.90247344970703
2024-07-12,86.32097625732422,64.54145812988281,98.6955795288086,100.08942413330078,105.8573226928711
2024-07-13,31.749849319458008,10.55070686340332,44.00165939331055,92.10596466064453,102.46653747558594
2024-07-14,45.007713317871094,53.84300994873047,29.94025993347168,84.97621154785156,100.96219635009766
2024-07-15,67.88048553466797,121.80877685546875,22.577898025512695,81.93277740478516,99.56169128417969
2024-07-16,68.23641204833984,49.47372817993164,92.84844207763672,78.81649017333984,98.4244155883789
2024-07-17,105.25916290283203,86.41719055175781,113.2693099975586,76.04401397705078,97.90153503417969
2024-07-18,133.52000427246094,126.77049255371094,126.88693237304688,76.853515625,97.58740997314453
2024-07-19,143.77462768554688,126.13223266601562,162.5922393798828,85.0611801147461,98.55033874511719
2024-07-20,79.50162506103516,126.81106567382812,52.886474609375,91.88285827636719,95.30014038085938
2024-07-21,81.29000091552734,121.55968475341797,67.59518432617188,97.06604766845703,93.73301696777344
2024-07-22,130.038818359375,136.4616241455078,136.5869598388672,105.94580841064453,95.90257263183594
2024-07-23,36.46863555908203,36.356380462646484,30.324811935424805,101.40755462646484,94.27965545654297
2024-07-24,78.87065887451172,84.67618560791016,70.62830352783203,97.63776397705078,89.8217544555664
2024-07-25,91.53900146484375,114.07154846191406,85.63224029541016,91.6404800415039,89.20680236816406
2024-07-26,95.77151489257812,89.86044311523438,103.05966186523438,84.78289031982422,88.11305236816406
2024-07-27,81.64779663085938,69.7684097290039,106.68852996826172,85.08949279785156,86.81209564208984
2024-07-28,105.160888671875,104.83718872070312,131.16685485839844,88.49961853027344,86.26876831054688
2024-07-29,124.38494873046875,65.26425170898438,174.1978759765625,87.6919174194336,88.99703216552734
2024-07-30,107.0728988647461,93.40039825439453,111.29308319091797,97.77824401855469,91.00212097167969
2024-07-31,112.86431121826172,101.26522064208984,168.93038940429688,102.63448333740234,92.38268280029297
2024-08-01,133.19764709472656,161.654541015625,144.46697998046875,108.5857162475586,94.16928100585938
2024-08-02,191.2178192138672,246.69667053222656,187.06307983398438,122.22090148925781,96.94910430908203
2024-08-03,92.17579650878906,126.35160064697266,67.0661849975586,123.72489929199219,97.0123062133789
2024-08-04,76.24835968017578,101.35154724121094,56.35813522338867,119.59454345703125,97.11682891845703
2024-08-05,186.99978637695312,119.8441162109375,211.03053283691406,128.53952026367188,100.42902374267578
2024-08-06,131.50079345703125,124.85336303710938,166.62405395507812,132.0292205810547,101.64851379394531
2024-08-07,172.7223358154297,221.38803100585938,153.8828887939453,140.5803680419922,104.43310546875
2024-08-08,174.67401123046875,199.01295471191406,134.8721160888672,146.50555419921875,107.25389862060547
2024-08-09,151.33558654785156,201.15966796875,111.85801696777344,140.80809020996094,108.14286804199219
2024-08-10,122.04196166992188,139.04721069335938,115.97911071777344,145.07469177246094,107.94915008544922
2024-08-11,61.8345947265625,35.22529220581055,88.14412689208984,143.0155792236328,107.1329345703125
2024-08-12,118.30599212646484,170.3604278564453,98.37513732910156,133.20217895507812,110.01814270019531
2024-08-13,151.6049346923828,181.36593627929688,126.06425476074219,136.07420349121094,113.57138061523438
2024-08-14,175.76889038085938,188.70693969726562,191.12884521484375,136.50942993164062,117.16766357421875
2024-08-15,139.61013793945312,101.22210693359375,168.8584747314453,131.50030517578125,119.54678344726562
2024-08-16,118.94318389892578,166.0078887939453,118.68598175048828,126.87281036376953,120.00292205810547
2024-08-17,137.03067016601562,178.1855010986328,118.89944458007812,129.01405334472656,120.11994171142578
2024-08-18,75.07235717773438,130.97222900390625,15.606253623962402,130.90516662597656,117.82986450195312
2024-08-19,136.52664184570312,186.25088500976562,83.65087890625,133.50811767578125,119.73069763183594
2024-08-20,151.46929931640625,183.82981872558594,98.57070922851562,133.48873901367188,122.07000732421875
2024-08-21,140.68820190429688,114.75421142578125,148.89210510253906,128.4772186279297,122.42498779296875
2024-08-22,184.3729705810547,159.29806518554688,183.97427368164062,134.8719024658203,127.35513305664062
2024-08-23,143.7642364501953,203.0391082763672,99.62039184570312,138.4177703857422,129.51824951171875
2024-08-24,87.31644439697266,54.40480041503906,99.83374786376953,131.31573486328125,129.37750244140625
2024-08-25,110.72650146484375,202.3737335205078,30.69084930419922,136.4091796875,129.87600708007812
2024-08-26,176.03016662597656,191.4418182373047,172.98817443847656,142.05255126953125,133.02207946777344
2024-08-27,174.34567260742188,141.62216186523438,171.82090759277344,145.3206024169922,135.32823181152344
2024-08-28,156.19180297851562,220.5906219482422,119.05516815185547,147.535400390625,136.3884735107422
2024-08-29,132.50270080566406,176.12648010253906,94.44012451171875,140.1253662109375,137.2361297607422
2024-08-30,166.55368041992188,258.2860107421875,102.58859252929688,143.38099670410156,139.02577209472656
2024-08-31,124.57520294189453,158.06222534179688,94.17107391357422,148.70367431640625,138.7383575439453
2024-09-01,113.66654205322266,145.69285583496094,81.01481628417969,149.12368774414062,136.1533203125
2024-09-02,145.5133056640625,204.7982177734375,99.64612579345703,144.76412963867188,137.9312286376953
2024-09-03,171.22616577148438,144.43771362304688,208.09371948242188,144.3184814453125,141.09715270996094
2024-09-04,180.32122802734375,226.3722381591797,177.7099151611328,147.7655487060547,140.87454223632812
2024-09-05,141.96719360351562,165.11856079101562,127.88768005371094,149.11761474609375,141.22341918945312
2024-09-06,100.38084411621094,100.07186126708984,102.01866149902344,139.6643524169922,138.81204223632812
2024-09-07,90.47984313964844,60.13422775268555,125.39471435546875,134.79359436035156,136.0055694580078
2024-09-08,122.36398315429688,191.69436645507812,72.6781997680664,136.0360870361328,135.0398406982422
2024-09-09,146.7593231201172,97.53839111328125,185.9580535888672,136.21408081054688,135.86375427246094
2024-09-10,97.6078872680664,85.14401245117188,131.8915252685547,125.69718933105469,137.0561981201172
2024-09-11,212.9060516357422,249.70672607421875,197.86605834960938,130.35215759277344,140.20953369140625
2024-09-12,103.11494445800781,64.24846649169922,117.89704895019531,124.80184173583984,138.59320068359375
2024-09-13,185.6430206298828,219.77252197265625,125.42398834228516,136.98214721679688,138.92233276367188
2024-09-14,100.38084411621094,80.05747985839844,133.55169677734375,138.39657592773438,137.6147003173828
2024-09-15,55.874637603759766,79.57521057128906,53.09886932373047,128.89810180664062,135.5124053955078
2024-09-16,88.97392272949219,81.8769760131836,79.67572784423828,120.6430435180664,133.9105224609375
2024-09-17,100.7880630493164,80.38226318359375,111.74458312988281,121.09735107421875,134.76771545410156
2024-09-18,122.00985717773438,145.96116638183594,101.45501708984375,108.1121826171875,134.2838134765625
2024-09-19,93.75191497802734,137.07955932617188,62.36612319946289,106.77461242675781,132.3599090576172
2024-09-20,175.53778076171875,191.9326934814453,188.34214782714844,105.33100128173828,133.5215606689453
2024-09-21,90.29145050048828,78.76183319091797,84.46519470214844,103.88966369628906,130.38551330566406
2024-09-22,8.952885627746582,17.850656509399414,0.0,97.18655395507812,125.89179229736328
2024-09-23,158.09982299804688,150.1077880859375,212.8480224609375,107.06168365478516,128.25123596191406
2024-09-24,161.11709594726562,154.19631958007812,171.4866180419922,115.68011474609375,129.93092346191406
2024-09-25,175.30010986328125,132.5769500732422,231.2174835205078,123.29300689697266,129.90658569335938
2024-09-26,240.47679138183594,263.7102355957031,289.9477844238281,144.2537078857422,132.1109619140625
2024-09-27,134.84788513183594,116.89810180664062,136.50637817382812,138.44085693359375,131.39950561523438
2024-09-28,66.58427429199219,88.5057601928711,46.139095306396484,135.0541229248047,129.2022247314453
2024-09-29,102.35462188720703,111.31588745117188,108.32318878173828,148.39723205566406,127.06224822998047
2024-09-30,160.4926300048828,179.1984405517578,160.14556884765625,148.7390594482422,128.25949096679688
2024-10-01,135.86703491210938,232.19798278808594,75.31846618652344,145.1319122314453,128.99951171875
2024-10-02,178.71270751953125,216.34033203125,191.0638427734375,145.61941528320312,130.1061553955078
2024-10-03,237.0575714111328,223.8895721435547,321.6181335449219,145.13096618652344,132.300537109375
2024-10-04,144.27560424804688,161.09127807617188,143.963623046875,146.477783203125,131.09901428222656
2024-10-05,72.57582092285156,72.35242462158203,86.21295166015625,147.33370971679688,128.78598022460938
2024-10-06,89.28753662109375,71.21015930175781,133.64169311523438,145.46697998046875,128.41619873046875
2024-10-07,80.63045501708984,107.17634582519531,67.04674530029297,134.05810546875,128.087890625
2024-10-08,98.58832550048828,91.73253631591797,120.23628234863281,128.73257446289062,127.29536437988281
2024-10-09,137.03067016601562,142.54840087890625,128.80772399902344,122.77799987792969,126.97107696533203
2024-10-10,119.58728790283203,178.82876586914062,69.6083984375,105.99652862548828,127.70372009277344
2024-10-11,157.45294189453125,217.3406982421875,151.06967163085938,107.8790054321289,125.85528564453125
2024-10-12,96.0164566040039,85.08525085449219,88.71187591552734,111.22766876220703,125.61866760253906
2024-10-13,52.166419982910156,69.34112548828125,28.91867446899414,105.92465209960938,121.16944885253906
2024-10-14,151.46929931640625,210.09120178222656,87.618408203125,116.04448699951172,122.87239837646484
2024-10-15,125.71414947509766,112.7944564819336,125.44230651855469,119.91960144042969,125.20037841796875
2024-10-16,117.64259338378906,123.453125,102.97209930419922,117.1498794555664,126.15599822998047
2024-10-17,104.24164581298828,57.7337646484375,134.83584594726562,114.9576416015625,126.2711181640625
2024-10-18,124.89034271240234,130.43478393554688,118.68598175048828,110.30584716796875,126.36713409423828
2024-10-19,72.25399780273438,88.65426635742188,64.70310974121094,106.91120910644531,125.65054321289062
2024-10-20,77.84101867675781,103.46854400634766,86.30298614501953,110.57901000976562,122.39398193359375
2024-10-21,119.05634307861328,111.70811462402344,139.76341247558594,105.9485855102539,123.35281372070312
2024-10-22,214.1457977294922,173.4578857421875,222.58616638183594,118.58168029785156,130.1925811767578
2024-10-23,215.39117431640625,207.32376098632812,209.98460388183594,132.54576110839844,132.10227966308594
2024-10-24,136.4728240966797,160.78961181640625,123.79792785644531,137.15020751953125,131.2808074951172
2024-10-25,170.02560424804688,233.79620361328125,136.50637817382812,143.59811401367188,131.10499572753906
2024-10-26,114.05547332763672,128.53541564941406,107.21122741699219,149.5697479248047,126.89095306396484
2024-10-27,93.91300201416016,34.04506301879883,127.7862548828125,151.86575317382812,125.52645111083984
2024-10-28,145.1722869873047,171.03915405273438,131.68942260742188,155.59658813476562,128.14605712890625
2024-10-29,160.8042449951172,102.59794616699219,213.94204711914062,147.97637939453125,130.09437561035156
2024-10-30,133.96414184570312,157.83392333984375,151.9027862548828,136.34393310546875,129.21009826660156
2024-10-31,133.89991760253906,174.11448669433594,77.45529174804688,135.97637939453125,129.14451599121094
2024-11-01,131.0728302001953,130.66937255859375,128.80772399902344,130.4116973876953,127.55652618408203
2024-11-02,79.75684356689453,74.2105941772461,79.58438110351562,125.51189422607422,122.31317138671875
2024-11-03,101.40513610839844,101.09300231933594,98.37513732910156,126.58219909667969,120.8841552734375
2024-11-04,114.6917495727539,107.61292266845703,134.6396942138672,122.22783660888672,122.28801727294922
2024-11-05,57.4433708190918,38.177703857421875,63.68794631958008,107.46199798583984,121.22654724121094
2024-11-06,120.14494323730469,114.07154846191406,123.69100952148438,105.48782348632812,122.54369354248047
2024-11-07,98.7958755493164,115.8726806640625,115.97911071777344,100.47296142578125,122.55061340332031
2024-11-08,108.89063262939453,68.56134033203125,152.4984893798828,97.3040771484375,121.61260986328125
2024-11-09,77.39643859863281,92.58984375,60.06705856323242,96.96688079833984,120.20625305175781
2024-11-10,54.009254455566406,89.73834991455078,44.9103889465332,90.19603729248047,116.75812530517578
2024-11-11,154.22886657714844,147.0691680908203,178.4293975830078,95.84420013427734,118.69853973388672
2024-11-12,106.85701751708984,93.21208953857422,155.49618530273438,102.90328979492188,120.52156066894531
2024-11-13,116.55330657958984,97.84803771972656,122.42239379882812,102.39019775390625,119.35769653320312
2024-11-14,58.6295166015625,35.06943130493164,68.25318908691406,96.65214538574219,117.12153625488281
2024-11-15,97.5879135131836,118.90699005126953,108.1965560913086,95.0374755859375,116.45304870605469
2024-11-16,97.26952362060547,86.19566345214844,98.85658264160156,97.8764877319336,116.22064971923828
2024-11-17,33.888160705566406,16.891923904418945,42.26860046386719,95.00204467773438,113.18724060058594
2024-11-18,253.14381408691406,346.1000671386719,192.4544219970703,109.13275146484375,119.21690368652344
2024-11-19,197.47999572753906,152.41714477539062,233.0734100341797,122.07888793945312,123.20486450195312
2024-11-20,195.1946258544922,160.25372314453125,267.3348693847656,133.31336975097656,125.74281311035156
2024-11-21,193.78823852539062,217.3406982421875,241.71148681640625,152.6217498779297,125.06422424316406
2024-11-22,102.09968566894531,67.85694122314453,122.63202667236328,153.26629638671875,121.287841796875
2024-11-23,183.44915771484375,135.8570556640625,217.9196014404297,165.57766723632812,122.85372161865234
2024-11-24,85.59606170654297,17.066518783569336,128.116455078125,172.96450805664062,120.03939819335938
2024-11-25,123.70584869384766,164.4334259033203,91.4358139038086,154.47337341308594,120.36107635498047
2024-11-26,169.25527954101562,192.83920288085938,130.68814086914062,150.44126892089844,122.87248992919922
2024-11-27,199.62742614746094,236.327880859375,176.37124633789062,151.07452392578125,124.68766021728516
2024-11-28,176.27854919433594,161.09127807617188,195.44151306152344,148.57315063476562,125.2034683227539
2024-11-29,226.97222900390625,293.54412841796875,234.64291381835938,166.41207885742188,128.30374145507812
2024-11-30,105.60198974609375,110.81782531738281,110.91960906982422,155.2910614013672,127.3604736328125
2024-12-01,184.54417419433594,239.1689453125,184.14511108398438,169.42649841308594,129.14285278320312
2024-12-02,197.0029296875,320.0536193847656,121.3437728881836,179.8975067138672,133.05105590820312
2024-12-03,164.99378967285156,189.7914581298828,168.8584747314453,179.28872680664062,135.17068481445312
2024-12-04,136.60072326660156,95.32618713378906,147.66412353515625,170.284912109375,135.90097045898438
2024-12-05,127.66488647460938,107.17634582519531,167.6168670654297,163.34010314941406,138.24169921875
2024-12-06,150.84552001953125,156.39645385742188,150.5193328857422,152.46485900878906,139.26504516601562
2024-12-07,151.0617218017578,193.62437438964844,107.66790008544922,158.9591064453125,141.0072479248047
2024-12-08,68.65425109863281,85.55366516113281,42.81612014770508,142.4033966064453,139.66603088378906
2024-12-09,170.9712371826172,298.2787170410156,71.08396911621094,138.68458557128906,142.78518676757812
2024-12-10,194.4993896484375,254.4946746826172,202.1654052734375,142.89967346191406,147.46820068359375
2024-12-11,153.94032287597656,181.88619995117188,142.22911071777344,145.3767547607422,147.4585723876953
2024-12-12,233.8283233642578,323.76190185546875,140.42568969726562,160.54296875,151.69094848632812
2024-12-13,191.3634796142578,249.9803009033203,131.68942260742188,166.3312530517578,154.18463134765625
2024-12-14,101.751220703125,112.70892333984375,94.0103759765625,159.28689575195312,155.62200927734375
2024-12-15,64.41104125976562,91.73253631591797,30.60559844970703,158.6807098388672,154.51611328125
2024-12-16,194.0416259765625,179.62689208984375,207.45216369628906,161.9764862060547,157.74185180664062
2024-12-17,133.30252075195312,93.02454376220703,166.26783752441406,153.23406982421875,161.0556640625
2024-12-18,182.28550720214844,187.99078369140625,229.9775390625,157.28338623046875,158.6937255859375
2024-12-19,152.5942840576172,202.83277893066406,137.46084594726562,145.67852783203125,157.19754028320312
2024-12-20,128.64340209960938,153.89691162109375,106.97102355957031,136.71852111816406,154.97915649414062
2024-12-21,89.20738983154297,106.71935272216797,69.23348999023438,134.92654418945312,151.49313354492188
2024-12-22,37.21986389160156,55.65794372558594,15.474740982055664,131.04208374023438,149.33047485351562
2024-12-23,146.57379150390625,102.28583526611328,158.44491577148438,124.2609634399414,148.10128784179688
2024-12-24,143.3685302734375,135.4047393798828,150.58790588378906,125.69896697998047,150.02703857421875
2024-12-25,120.14494323730469,102.66439056396484,171.2644805908203,116.82174682617188,149.90834045410156
2024-12-26,132.85699462890625,158.93765258789062,88.37979888916016,114.00212860107422,148.695068359375
2024-12-27,168.5598602294922,219.18392944335938,121.88069915771484,119.70448303222656,147.65948486328125
2024-12-28,106.214599609375,79.41574096679688,121.44105529785156,122.13408660888672,145.3240203857422
2024-12-29,79.4108657836914,90.47592163085938,56.59939193725586,128.161376953125,140.40530395507812
2024-12-30,108.1994400024414,82.97415161132812,110.73381805419922,122.6793212890625,140.49188232421875
2024-12-31,63.39842224121094,79.00409698486328,52.7177734375,111.25502014160156,136.4536895751953
2025-01-01,112.81190490722656,143.13682556152344,68.2229995727539,110.20744323730469,133.64732360839844
2025-01-02,198.4803009033203,272.9232482910156,102.44022369384766,119.58219909667969,134.7635498046875
2025-01-03,137.5028076171875,137.07955932617188,155.91531372070312,115.14547729492188,134.79360961914062
2025-01-04,69.86082458496094,46.43052673339844,87.13719940185547,109.95207977294922,132.86680603027344
2025-01-05,48.147789001464844,76.79933166503906,16.014556884765625,105.48592376708984,129.4435577392578
2025-01-06,98.31822204589844,120.63455963134766,62.88821792602539,104.07432556152344,127.68544006347656
2025-01-07,117.64259338378906,61.7265625,164.75537109375,111.82349395751953,129.31838989257812
2025-01-08,70.20856475830078,50.90360641479492,84.91726684570312,105.73729705810547,125.95962524414062
2025-01-09,123.1437759399414,85.93531799316406,143.35708618164062,94.97493743896484,123.58110809326172
2025-01-10,65.53641510009766,59.39516830444336,69.3580093383789,84.69402313232422,120.63430786132812
2025-01-11,71.65287780761719,43.958351135253906,100.8304214477539,84.95003509521484,115.22846221923828
2025-01-12,81.90414428710938,54.434696197509766,121.07709503173828,89.77236938476562,111.57981872558594
2025-01-13,106.85701751708984,71.01873779296875,154.0152587890625,90.99219512939453,111.75000762939453
2025-01-14,147.36761474609375,89.42591094970703,202.4586944580078,95.23863220214844,114.51522827148438
2025-01-15,147.094482421875,152.5073699951172,156.56149291992188,106.22233581542969,112.95032501220703
2025-01-16,92.8215103149414,115.66975402832031,67.53599548339844,101.89057922363281,111.60095977783203
2025-01-17,88.33514404296875,66.04742431640625,100.99846649169922,105.14754486083984,108.46927642822266
2025-01-18,77.15607452392578,112.81391906738281,51.3261604309082,105.9337158203125,105.95467376708984
2025-01-19,68.30036163330078,51.067596435546875,70.99236297607422,103.99031829833984,103.9432373046875
2025-01-20,151.88629150390625,173.05003356933594,120.28400421142578,110.42306518554688,106.03253173828125
2025-01-21,50.095542907714844,37.45600509643555,62.48401641845703,96.52706146240234,106.46172332763672
2025-01-22,157.46360778808594,174.4210205078125,145.48435974121094,98.00836181640625,106.82471466064453
2025-01-23,126.4798583984375,120.08622741699219,130.21290588378906,102.81669616699219,106.26176452636719
2025-01-24,148.64085388183594,116.42976379394531,194.22784423828125,111.43180084228516,107.21162414550781
2025-01-25,84.66626739501953,126.60848236083984,52.8019905090332,112.50468444824219,105.60527038574219
2025-01-26,128.0631866455078,136.1802520751953,127.7862548828125,121.04222869873047,104.25537872314453
2025-01-27,209.143798828125,269.03228759765625,213.1795196533203,129.2218780517578,107.68635559082031
2025-01-28,163.21046447753906,192.83920288085938,150.79400634765625,145.3811492919922,110.47967529296875
2025-01-29,105.25916290283203,86.41719055175781,113.2693099975586,137.92337036132812,110.38166046142578
2025-01-30,120.6764144897461,72.18297576904297,140.48471069335938,137.09429931640625,112.29093170166016
2025-01-31,109.84081268310547,69.15960693359375,134.6005401611328,131.5514373779297,112.19189453125
2025-02-01,65.24754333496094,80.05747985839844,66.77584838867188,128.77734375,107.75080108642578
2025-02-02,61.99993133544922,52.979217529296875,88.37979888916016,119.33972930908203,105.23403930664062
2025-02-03,146.04507446289062,145.5955352783203,143.521240234375,110.32563018798828,107.77351379394531
2025-02-04,141.4619598388672,152.77874755859375,127.43255615234375,107.21869659423828,110.88398742675781
2025-02-05,135.56771850585938,117.52210998535156,156.84007263183594,111.54849243164062,112.1256332397461
2025-02-06,162.32183837890625,119.8682861328125,199.9639892578125,117.49784088134766,113.61494445800781
2025-02-07,124.4435043334961,141.78338623046875,108.40623474121094,119.58393859863281,115.42277526855469
2025-02-08,131.8939666748047,111.25906372070312,143.4197998046875,129.1048583984375,115.71444702148438
2025-02-09,0.0,0.0,0.0,120.24772644042969,113.52989959716797
2025-02-10,121.00703430175781,105.55525207519531,138.35406494140625,116.67086029052734,115.17504119873047
2025-02-11,119.80353546142578,83.60433959960938,149.4305877685547,113.57679748535156,116.4383544921875
2025-02-12,95.37142944335938,76.06229400634766,116.31301879882812,107.83447265625,116.05549621582031
2025-02-13,167.4221954345703,178.82876586914062,188.9370880126953,108.56309509277344,116.72398376464844
2025-02-14,119.525634765625,102.13519287109375,123.05343627929688,107.86054229736328,115.80502319335938
2025-02-15,108.1865005493164,92.44585418701172,111.37962341308594,104.47376251220703,116.31719207763672
2025-02-16,86.55165100097656,94.12934875488281,91.59870147705078,116.8382797241211,116.25774383544922
2025-02-17,156.25318908691406,155.77223205566406,194.89413452148438,121.87345123291016,118.8943099975586
2025-02-18,217.6139373779297,180.78675842285156,251.32333374023438,135.8463592529297,123.87142944335938
2025-02-19,166.24411010742188,171.87063598632812,174.07644653320312,145.97103881835938,124.35002136230469
2025-02-20,265.48809814453125,336.8539123535156,200.69244384765625,159.98043823242188,131.52976989746094
2025-02-21,181.8218994140625,203.92001342773438,188.98825073242188,168.87991333007812,132.3417205810547
2025-02-22,124.80632019042969,165.89620971679688,95.13199615478516,171.25416564941406,132.2859344482422
2025-02-23,96.91022491455078,140.52642822265625,102.56130981445312,172.7339630126953,130.56158447265625
2025-02-24,144.02468872070312,182.7399139404297,108.87366485595703,170.98704528808594,132.54019165039062
2025-02-25,165.32223510742188,207.54273986816406,112.01309204101562,163.5167999267578,133.78216552734375
2025-02-26,162.38076782226562,233.1085662841797,108.01976013183594,162.9648895263672,132.223388671875
2025-02-27,143.77462768554688,126.13223266601562,172.156494140625,145.57725524902344,131.57553100585938
2025-02-28,122.68769073486328,88.9527587890625,139.11634826660156,137.12950134277344,132.15647888183594
2025-03-01,119.8626480102539,108.6306381225586,126.8521499633789,136.4232635498047,132.12936401367188
2025-03-02,83.74468994140625,55.65794372558594,108.32318878173828,134.54248046875,131.25949096679688
2025-03-03,154.22886657714844,160.43910217285156,156.12571716308594,136.00021362304688,134.22552490234375
2025-03-04,253.4526824951172,211.539794921875,303.8776550292969,148.5902862548828,140.60728454589844
2025-03-05,180.47381591796875,116.0763168334961,242.0477752685547,151.1750030517578,141.75491333007812
2025-03-06,229.87570190429688,176.28317260742188,245.0626220703125,163.47515869140625,144.70204162597656
2025-03-07,179.5272674560547,138.56103515625,221.5160369873047,171.5950927734375,146.1673583984375
2025-03-08,195.7426300048828,150.1077880859375,233.71548461914062,182.43508911132812,147.28138732910156
2025-03-09,105.72024536132812,140.52642822265625,87.90969848632812,185.574462890625,146.6572723388672
2025-03-10,238.45330810546875,205.5950927734375,267.9478454589844,197.6065216064453,150.20925903320312
2025-03-11,221.6365509033203,226.92605590820312,219.16485595703125,193.0613555908203,157.59713745117188
2025-03-12,218.22657775878906,234.28985595703125,214.03237915039062,198.45460510253906,160.83778381347656
2025-03-13,254.8129119873047,214.5130157470703,282.5132141113281,202.01707458496094,165.33810424804688
2025-03-14,223.67819213867188,212.3711395263672,265.707763671875,208.3243408203125,169.614990234375
2025-03-15,108.86372375488281,103.36061096191406,129.31942749023438,195.91307067871094,167.6630401611328
2025-03-16,92.95470428466797,101.09300231933594,126.4823226928711,194.08941650390625,166.77734375
2025-03-17,155.95892333984375,136.8214111328125,186.7460174560547,182.30450439453125,168.36976623535156
2025-03-18,201.12017822265625,271.2662353515625,206.58779907226562,179.37359619140625,172.188720703125
2025-03-19,275.0921325683594,251.39157104492188,314.52813720703125,187.49725341796875,176.15000915527344
2025-03-20,246.20436096191406,223.1331787109375,251.25540161132812,186.2674560546875,177.10302734375
2025-03-21,158.8217315673828,135.71388244628906,160.3649444580078,177.00225830078125,176.85560607910156
2025-03-22,110.77057647705078,178.79080200195312,70.1784439086914,177.274658203125,171.6983642578125
2025-03-23,96.91022491455078,70.26321411132812,131.8645477294922,177.83973693847656,168.86798095703125
2025-03-24,141.50775146484375,192.3711395263672,96.27391815185547,175.77528381347656,169.4246826171875
2025-03-25,139.72164916992188,81.25342559814453,174.27439880371094,167.00405883789062,170.8517303466797
2025-03-26,155.46347045898438,119.21918487548828,208.8251953125,149.91424560546875,171.2330322265625
2025-03-27,155.94879150390625,160.82977294921875,143.0911102294922,137.02059936523438,170.9205780029297
2025-03-28,156.456787109375,139.83982849121094,188.4188232421875,136.68275451660156,170.72311401367188
2025-03-29,132.29104614257812,126.60848236083984,132.00497436523438,139.75711059570312,170.34033203125
2025-03-30,55.05652618408203,36.59136962890625,76.30204010009766,133.7779998779297,168.08595275878906
2025-03-31,188.3616943359375,90.65332794189453,259.2474365234375,140.47142028808594,170.3692626953125
2025-04-01,90.91094970703125,79.30223083496094,94.49412536621094,133.49847412109375,170.60813903808594
2025-04-02,115.74695587158203,109.89588165283203,119.16322326660156,127.82467651367188,169.32540893554688
2025-04-03,97.93678283691406,114.86508178710938,86.22794342041016,119.53724670410156,164.14154052734375
2025-04-04,176.9652099609375,187.44677734375,183.94017028808594,122.46702575683594,164.0245819091797
2025-04-05,148.7680206298828,98.8733901977539,189.681396484375,124.82087707519531,161.3209991455078
2025-04-06,115.76177215576172,71.01873779296875,148.0915985107422,133.49305725097656,159.1954803466797
2025-04-07,125.71414947509766,137.85989379882812,104.53524780273438,124.54340362548828,156.86119079589844
2025-04-08,128.1103515625,133.7977294921875,142.0370330810547,129.85760498046875,157.60752868652344
2025-04-09,189.45361328125,206.04049682617188,152.7627716064453,140.3871307373047,155.97421264648438
2025-04-10,166.2014923095703,148.54957580566406,162.02963256835938,150.1392364501953,154.12637329101562
2025-04-11,134.74850463867188,100.75031280517578,168.07142639160156,144.1082763671875,151.34376525878906
2025-04-12,93.65890502929688,58.970916748046875,131.16685485839844,136.23553466796875,145.9719696044922
2025-04-13,91.55338287353516,99.56898498535156,83.05036926269531,132.77720642089844,141.56781005859375
2025-04-14,168.11903381347656,161.3940887451172,196.75027465820312,138.8350372314453,143.54298400878906
2025-04-15,141.4619598388672,141.0265350341797,147.03756713867188,140.74241638183594,145.15989685058594
2025-04-16,156.30990600585938,191.7892608642578,169.96937561035156,136.00759887695312,145.17160034179688
2025-04-17,122.4609146118164,97.66717529296875,142.56211853027344,129.75894165039062,142.54962158203125
2025-04-18,187.7323455810547,156.96829223632812,241.71148681640625,137.32806396484375,139.63763427734375
2025-04-19,117.39453887939453,122.12158966064453,144.30374145507812,140.7188720703125,135.34396362304688
2025-04-20,170.10482788085938,107.10393524169922,238.22735595703125,151.9405059814453,135.72007751464844
2025-04-21,158.39720153808594,137.31272888183594,171.79856872558594,150.55166625976562,137.30763244628906
2025-04-22,133.2294158935547,193.19174194335938,100.71311950683594,149.37559509277344,138.5182647705078
2025-04-23,146.83367919921875,105.39482879638672,185.58712768554688,148.0218505859375,138.69580078125
2025-04-24,179.21395874023438,149.84580993652344,221.12945556640625,156.12942504882812,140.01220703125
2025-04-25,190.11257934570312,206.7571563720703,249.1029510498047,156.46945190429688,141.16717529296875
2025-04-26,123.4497299194336,123.06974029541016,128.31539916992188,157.33448791503906,140.08387756347656
2025-04-27,154.0729217529297,153.59866333007812,204.986328125,155.04421997070312,140.00440979003906
2025-04-28,113.79048919677734,75.62682342529297,168.21397399902344,148.6718292236328,139.38772583007812
2025-04-29,127.8748550415039,109.26964569091797,162.02963256835938,147.90689086914062,141.81500244140625
2025-04-30,140.21450805664062,139.7829132080078,136.02488708496094,146.96128845214844,140.21009826660156
2025-05-01,105.3466796875,128.3607177734375,97.33229064941406,136.40882873535156,140.6912841796875
2025-05-02,181.0728302001953,180.51547241210938,221.42312622070312,135.117431640625,142.8688201904297
2025-05-03,85.18031311035156,75.48277282714844,94.44012451171875,129.65037536621094,142.443603515625
2025-05-04,95.38807678222656,103.73941040039062,100.95040130615234,121.2668228149414,139.724365234375
2025-05-05,213.92315673828125,193.87698364257812,280.3017578125,135.5714874267578,141.89620971679688
2025-05-06,214.70346069335938,281.3131103515625,214.23919677734375,147.97557067871094,145.1942596435547
2025-05-07,250.21035766601562,357.8924560546875,262.3337097167969,163.68927001953125,149.34413146972656
2025-05-08,246.38934326171875,251.08938598632812,309.5971374511719,183.83822631835938,153.28677368164062
2025-05-09,150.08396911621094,128.2474365234375,160.45652770996094,179.41123962402344,151.9744415283203
2025-05-10,116.97671508789062,95.41361236572266,150.3260498046875,183.95358276367188,150.3336181640625
2025-05-11,104.52276611328125,144.2783660888672,147.0851593017578,185.258544921875,149.3260955810547
2025-05-12,200.17465209960938,193.12112426757812,214.776123046875,183.29446411132812,152.87661743164062
2025-05-13,150.0257110595703,83.75579071044922,199.60171508789062,174.05479431152344,154.82569885253906
2025-05-14,145.07595825195312,96.41960144042969,180.9528045654297,159.03558349609375,154.05758666992188
2025-05-15,213.5278778076172,138.0782470703125,287.92724609375,154.34109497070312,156.4597930908203
2025-05-16,206.7042236328125,116.24346923828125,308.5044250488281,162.42970275878906,158.1396026611328
2025-05-17,142.74066162109375,127.58045959472656,188.2721710205078,166.11026000976562,158.8155975341797
2025-05-18,137.70489501953125,137.28102111816406,152.67457580566406,170.85057067871094,157.14801025390625
2025-05-19,231.87974548339844,303.8181457519531,220.3603057861328,175.37986755371094,160.9641876220703
2025-05-20,167.23641967773438,153.89691162109375,224.63914489746094,177.8385467529297,160.8685760498047
2025-05-21,222.44102478027344,95.8946304321289,349.93695068359375,188.89068603515625,163.0033721923828
2025-05-22,205.25376892089844,170.518310546875,246.53045654296875,187.70867919921875,165.4041748046875
2025-05-23,103.51773834228516,65.17837524414062,117.7912826538086,172.96774291992188,163.96031188964844
2025-05-24,89.67141723632812,42.068424224853516,140.3568878173828,165.3864288330078,160.97555541992188
2025-05-25,142.20619201660156,150.1077880859375,208.67453002929688,166.02947998046875,159.37867736816406
2025-05-26,180.8349609375,163.88938903808594,232.389892578125,158.73736572265625,161.29151916503906
2025-05-27,203.34573364257812,222.33786010742188,218.1785125732422,163.8958282470703,162.93394470214844
2025-05-28,228.03907775878906,167.51158142089844,279.4424133300781,164.695556640625,166.7422332763672
2025-05-29,169.4258575439453,104.83718872070312,223.4694366455078,159.57728576660156,168.1272735595703
2025-05-30,185.31846618652344,150.1077880859375,221.5160369873047,171.2631072998047,169.6307373046875
2025-05-31,54.93478775024414,21.90627670288086,73.08799743652344,166.30072021484375,167.95033264160156
2025-06-01,161.38150024414062,169.3523712158203,197.75926208496094,169.04005432128906,167.29396057128906
2025-06-02,247.20652770996094,197.156494140625,256.9499816894531,178.52171325683594,172.69483947753906
2025-06-03,205.0933074951172,223.04945373535156,248.0603790283203,178.7713623046875,176.35166931152344
2025-06-04,197.03004455566406,184.1470947265625,235.51519775390625,174.34149169921875,175.78857421875
2025-06-05,245.16421508789062,181.88619995117188,341.3498840332031,185.16127014160156,176.80392456054688
2025-06-06,137.7939910888672,142.86463928222656,128.32962036132812,178.37205505371094,173.0567169189453
2025-06-07,109.03436279296875,103.52261352539062,103.61769104003906,186.10057067871094,168.4782257080078
2025-06-08,102.71527862548828,68.26607513427734,142.3516082763672,177.7196807861328,166.89926147460938
2025-06-09,145.3411865234375,144.89381408691406,201.42623901367188,163.16748046875,167.84474182128906
2025-06-10,188.4736785888672,113.87487030029297,246.9555206298828,160.79324340820312,170.6431121826172
2025-06-11,177.35682678222656,68.44292449951172,256.896728515625,157.9827880859375,169.88250732421875
2025-06-12,168.150634765625,89.404296875,233.0375518798828,146.98085021972656,170.48667907714844
2025-06-13,166.77857971191406,80.2659683227539,267.7989807128906,151.1215057373047,171.21009826660156
2025-06-14,307.2526550292969,258.4464416503906,455.0919189453125,179.4384002685547,174.33425903320312
2025-06-15,169.0869903564453,137.91806030273438,178.94688415527344,188.92007446289062,173.08035278320312
2025-06-16,273.92388916015625,177.8199920654297,413.17559814453125,207.28903198242188,177.453125
2025-06-17,293.2027893066406,199.01295471191406,435.7406921386719,222.25033569335938,182.63638305664062
2025-06-18,320.7700500488281,159.89134216308594,482.1663818359375,242.73794555664062,185.59939575195312
2025-06-19,205.7495574951172,177.76739501953125,250.92788696289062,248.10922241210938,186.88316345214844
2025-06-20,284.8919982910156,345.2732238769531,353.0224304199219,264.9825744628906,188.96487426757812
2025-06-21,155.696044921875,181.9783172607422,187.502685546875,243.3316192626953,187.3129425048828
2025-06-22,239.66897583007812,290.13079833984375,355.8790588378906,253.41476440429688,191.851318359375
2025-06-23,540.163330078125,583.9163208007812,606.0990600585938,291.448974609375,206.8677215576172
2025-06-24,351.72052001953125,318.76171875,436.0411376953125,299.80865478515625,213.85153198242188
2025-06-25,328.4731140136719,188.70693969726562,462.94183349609375,300.9090881347656,218.77279663085938
2025-06-26,233.9731903076172,171.87063598632812,296.9539489746094,304.9410400390625,219.79371643066406
2025-06-27,231.2438201904297,138.3192138671875,317.272705078125,297.2770080566406,219.90054321289062
2025-06-28,112.2904281616211,156.7227020263672,84.03571319580078,291.0762023925781,217.9960174560547
2025-06-29,95.38807678222656,69.15960693359375,115.37188720703125,270.4646301269531,214.99835205078125
2025-06-30,147.65321350097656,89.5992202758789,181.49832153320312,214.3917694091797,218.08895874023438
2025-07-01,189.46420288085938,182.78807067871094,233.77706909179688,191.21229553222656,219.02505493164062
2025-07-02,95.84282684326172,131.37823486328125,99.62039184570312,157.97940063476562,213.97959899902344
2025-07-03,96.75885009765625,113.48355102539062,75.72518920898438,138.37734985351562,210.36843872070312
2025-07-04,156.76760864257812,149.49005126953125,147.36029052734375,127.73788452148438,209.0263671875
2025-07-05,101.02533721923828,63.60908126831055,132.64064025878906,126.12858581542969,204.22174072265625
2025-07-06,48.714229583740234,64.75238037109375,40.507408142089844,119.46089172363281,201.25241088867188
2025-07-07,115.55469512939453,76.79933166503906,138.79283142089844,114.87539672851562,201.46975708007812
2025-07-08,151.7206573486328,138.64918518066406,168.21397399902344,109.48345947265625,203.103271484375
2025-07-09,136.29527282714844,59.076412200927734,187.2471160888672,115.26237487792969,202.80172729492188
2025-07-10,146.05677795410156,104.83718872070312,194.32125854492188,122.30493927001953,201.38783264160156
2025-07-11,134.5205078125,178.80859375,139.82252502441406,119.12678527832031,199.9599609375
2025-07-12,123.0675277709961,102.24059295654297,162.02963256835938,122.27566528320312,198.45718383789062
2025-07-13,42.68772888183594,17.022531509399414,70.99236297607422,121.41474151611328,194.32083129882812
2025-07-14,107.62855529785156,71.53150939941406,129.27273559570312,120.28243255615234,187.66668701171875
2025-07-15,166.55368041992188,147.59201049804688,184.65948486328125,122.40143585205078,187.58224487304688
2025-07-16,177.89715576171875,134.54104614257812,244.84478759765625,128.3445587158203,184.38136291503906
2025-07-17,155.00750732421875,160.25372314453125,162.31045532226562,129.62322998046875,179.77484130859375
2025-07-18,140.04351806640625,107.3941879272461,179.1547088623047,130.4122314453125,173.75062561035156
2025-07-19,58.319854736328125,46.512271881103516,77.5916519165039,121.1625747680664,168.8363037109375
2025-07-20,88.87377166748047,112.76390075683594,53.74641418457031,127.76057434082031,162.3023681640625
2025-07-21,144.323486328125,95.91950225830078,171.442138671875,133.00271606445312,161.92327880859375
2025-07-22,118.55506134033203,83.42832946777344,162.37075805664062,126.14576721191406,157.8861541748047
2025-07-23,142.94383239746094,123.91637420654297,144.70188903808594,121.15243530273438,144.6455078125
2025-07-24,199.4794464111328,132.5769500732422,261.37628173828125,127.50556945800781,139.57080078125
2025-07-25,122.90444946289062,105.02241516113281,145.99844360351562,125.05712890625,132.718505859375
2025-07-26,124.04899597167969,73.28424835205078,168.09732055664062,134.44700622558594,129.0543670654297
2025-07-27,152.61151123046875,214.7883758544922,134.36602783203125,143.55239868164062,126.43328857421875
2025-07-28,142.25750732421875,175.58621215820312,135.19036865234375,143.25726318359375,127.43219757080078
2025-07-29,126.91829681396484,88.56934356689453,158.3048095703125,144.45201110839844,128.4832000732422
2025-07-30,219.11924743652344,269.84356689453125,257.22991943359375,155.33421325683594,130.8654022216797
2025-07-31,176.5133819580078,164.2387237548828,176.13168334960938,152.0533447265625,130.4337158203125
2025-08-01,179.05772399902344,107.10393524169922,238.22735595703125,160.0752410888672,133.20753479003906
2025-08-02,113.899169921875,75.69905853271484,157.85122680664062,158.62525939941406,133.7788848876953
2025-08-03,89.52886199951172,39.66812515258789,115.80496978759766,149.6134490966797,131.53759765625
2025-08-04,127.92436218261719,120.8184585571289,134.36602783203125,147.56585693359375,132.43421936035156
2025-08-05,163.98849487304688,117.7082748413086,207.26959228515625,152.86160278320312,136.27670288085938
2025-08-06,133.52000427246094,114.09344482421875,158.60865783691406,140.63314819335938,136.87554931640625
2025-08-07,149.1587677001953,136.30799865722656,144.70188903808594,136.725341796875,136.79014587402344
2025-08-08,175.30010986328125,132.5769500732422,201.0586700439453,136.18853759765625,138.09031677246094
2025-08-09,115.55469512939453,124.79891204833984,136.1237335205078,136.425048828125,137.07357788085938
2025-08-10,103.81266021728516,94.08465576171875,141.25660705566406,138.46559143066406,136.0499725341797
2025-08-11,176.85165405273438,189.86940002441406,192.3062286376953,145.4552001953125,137.84278869628906
2025-08-12,140.1470947265625,101.6114273071289,211.88491821289062,142.04928588867188,141.0914306640625
2025-08-13,159.25807189941406,165.11856079101562,190.69642639160156,145.7261505126953,142.81240844726562
2025-08-14,173.33203125,166.3985595703125,202.85104370117188,149.17947387695312,143.03836059570312
2025-08-15,139.0772705078125,88.23129272460938,168.21397399902344,144.00477600097656,141.74435424804688
2025-08-16,99.5866928100586,125.40650177001953,78.45105743408203,141.7236328125,139.89700317382812
2025-08-17,154.9739227294922,135.18478393554688,193.2985076904297,149.0323944091797,140.39468383789062
2025-08-18,224.327392578125,223.6368865966797,236.27798461914062,155.81463623046875,145.9282684326172
2025-08-19,135.60218811035156,167.37164306640625,107.3880615234375,155.16537475585938,147.4858856201172
2025-08-20,155.58047485351562,116.32618713378906,183.27423095703125,154.63999938964844,147.86111450195312
2025-08-21,122.21123504638672,115.42268371582031,128.36521911621094,147.33702087402344,147.9829864501953
2025-08-22,104.53862762451172,52.10842514038086,141.25660705566406,142.40293884277344,146.7028045654297
2025-08-23,110.23519134521484,54.947940826416016,174.16163635253906,143.9241485595703,143.72799682617188
2025-08-24,86.16505432128906,57.26655197143555,111.45391082763672,134.0943145751953,142.50335693359375
2025-08-25,131.91641235351562,146.12261962890625,121.88069915771484,120.89273834228516,142.76560974121094
2025-08-26,108.72760772705078,101.16673278808594,96.43777465820312,117.05351257324219,141.3028106689453
2025-08-27,186.89584350585938,154.19631958007812,203.64035034179688,121.52713775634766,142.79075622558594
2025-08-28,170.36062622070312,150.96554565429688,188.8802490234375,128.40562438964844,144.23883056640625
2025-08-29,175.66647338867188,137.5988006591797,219.10826110839844,138.56674194335938,142.7904052734375
2025-08-30,100.55011749267578,122.51631164550781,92.90062713623047,137.18316650390625,140.25830078125
2025-08-31,44.76443099975586,89.25328063964844,29.778419494628906,131.26878356933594,135.78184509277344
2025-09-01,144.02468872070312,143.58135986328125,179.6415557861328,132.99853515625,136.78604125976562
2025-09-02,122.68769073486328,100.72592163085938,132.02413940429688,134.9928436279297,137.89132690429688
2025-09-03,187.5038299560547,199.38845825195312,187.09837341308594,135.07969665527344,139.8773193359375
2025-09-04,114.8867416381836,76.35540771484375,148.60520935058594,127.15485382080078,138.24058532714844
2025-09-05,142.67613220214844,86.57901763916016,196.01336669921875,122.44194793701172,138.54579162597656
2025-09-06,102.90521240234375,97.70329284667969,122.24129486083984,122.77838897705078,137.00401306152344
2025-09-07,74.23120880126953,92.5033950805664,77.15696716308594,126.98793029785156,133.63504028320312
2025-09-08,115.21974182128906,114.86508178710938,131.7371368408203,122.87294006347656,133.62387084960938
2025-09-09,95.37142944335938,126.77049255371094,84.5912857055664,118.97061157226562,133.34249877929688
2025-09-10,236.6119842529297,235.8836669921875,273.2642822265625,125.9860610961914,135.3345184326172
2025-09-11,179.05772399902344,178.50656127929688,212.70298767089844,135.15335083007812,136.63153076171875
2025-09-12,103.72032165527344,77.55079650878906,140.15087890625,129.58822631835938,134.7802734375
2025-09-13,103.36392211914062,88.32493591308594,114.60044860839844,129.6537628173828,132.44801330566406
2025-09-14,94.39959716796875,85.55366516113281,85.63224029541016,132.5349578857422,130.95875549316406
2025-09-15,100.58403778076172,106.95939636230469,100.36653900146484,130.44415283203125,130.9919891357422
2025-09-16,102.5166015625,102.2010498046875,106.55720520019531,131.4648895263672,129.24342346191406
2025-09-17,142.6154327392578,155.10159301757812,118.58920288085938,118.03680419921875,126.51968383789062
2025-09-18,96.48255157470703,115.42268371582031,85.57682037353516,106.24034881591797,125.2156982421875
2025-09-19,140.83004760742188,73.25038146972656,203.66017150878906,111.54174041748047,124.72401428222656
2025-09-20,159.58355712890625,115.70352172851562,193.01632690429688,119.5731201171875,125.96976470947266
2025-09-21,110.11305236816406,146.365478515625,91.56245422363281,121.8178939819336,126.15557861328125
2025-09-22,131.45111083984375,91.73253631591797,163.95855712890625,126.22747802734375,126.8627700805664
2025-09-23,115.3311767578125,102.2010498046875,138.5243682861328,128.05813598632812,127.83497619628906
2025-09-24,117.20443725585938,86.09534454345703,153.8828887939453,124.42799377441406,127.34457397460938
2025-09-25,148.87945556640625,136.05274963378906,185.69688415527344,131.91326904296875,128.68296813964844
2025-09-26,159.19918823242188,122.08396911621094,173.11114501953125,134.5374298095703,127.75975036621094
2025-09-27,54.95964813232422,59.771427154541016,41.54606246948242,119.59115600585938,123.91304779052734
2025-09-28,78.6366195678711,78.39456939697266,98.0832290649414,115.09452056884766,120.67872619628906
2025-09-29,119.8833999633789,100.64369201660156,136.41351318359375,113.44198608398438,121.32316589355469
2025-09-30,161.74647521972656,154.7986602783203,150.63693237304688,120.07274627685547,125.22256469726562
2025-10-01,169.25527954101562,156.68185424804688,211.11160278320312,127.50858306884766,126.06358337402344
2025-10-02,184.73934936523438,241.3271484375,180.10218811035156,132.6314239501953,128.13197326660156
2025-10-03,293.1475830078125,268.8656311035156,282.7632141113281,151.76690673828125,131.65342712402344
2025-10-04,139.05831909179688,227.74974060058594,82.59381866455078,163.781005859375,132.4591522216797
2025-10-05,64.23261260986328,73.1827392578125,91.56245422363281,161.72328186035156,129.84437561035156
2025-10-06,190.01344299316406,202.05712890625,158.0021209716797,171.7418670654297,132.7479705810547
2025-10-07,163.92086791992188,108.9442138671875,181.74046325683594,172.052490234375,135.7376251220703
2025-10-08,83.78089141845703,128.49693298339844,42.87165451049805,159.8418731689453,134.68966674804688
2025-10-09,194.47560119628906,180.95184326171875,204.8358917236328,161.23275756835938,137.99314880371094
2025-10-10,184.0315399169922,177.54684448242188,197.45547485351562,145.64476013183594,136.24046325683594
2025-10-11,135.20684814453125,163.67437744140625,120.4593505859375,145.09454345703125,134.7787628173828
2025-10-12,96.5763168334961,134.79066467285156,64.24498748779297,149.71507263183594,134.54063415527344
2025-10-13,198.07106018066406,190.65237426757812,238.53436279296875,150.8661651611328,137.69754028320312
2025-10-14,202.95819091796875,144.52391052246094,241.09442138671875,156.4429168701172,141.316162109375
2025-10-15,184.0315399169922,113.87487030029297,221.6267547607422,170.76443481445312,144.0977325439453
2025-10-16,149.9516143798828,95.13003540039062,204.03732299804688,164.40386962890625,145.6789093017578
2025-10-17,133.89991760253906,162.50685119628906,145.22866821289062,157.24221801757812,145.38839721679688
2025-10-18,114.5556640625,104.68611907958984,127.00881958007812,154.2920379638672,145.99082946777344
2025-10-19,103.2244873046875,130.97222900390625,140.45628356933594,155.2417755126953,144.7373046875
2025-10-20,161.07623291015625,237.3797607421875,151.4103546142578,149.95680236816406,144.7870635986328
2025-10-21,177.1075897216797,143.8656768798828,207.26959228515625,146.2638702392578,147.0202178955078
2025-10-22,122.92731475830078,128.99888610839844,139.8771514892578,137.53468322753906,146.736083984375
2025-10-23,193.3405303955078,141.3466339111328,257.22991943359375,143.7331085205078,149.33639526367188
2025-10-24,158.6478729248047,113.87487030029297,189.9657745361328,147.26852416992188,150.7178497314453
2025-10-25,108.35501861572266,113.16537475585938,120.13411712646484,146.38272094726562,149.36703491210938
2025-10-26,124.46063232421875,57.26655197143555,159.21986389160156,149.4164581298828,148.20907592773438
2025-10-27,163.14573669433594,127.28626251220703,188.7454376220703,149.71209716796875,151.81529235839844
2025-10-28,129.3971710205078,154.7986602783203,107.59780883789062,142.89633178710938,153.50730895996094
2025-10-29,100.992919921875,134.24273681640625,111.97169494628906,139.76284790039062,152.87762451171875
2025-10-30,132.0226287841797,83.75579071044922,159.68138122558594,131.00314331054688,151.88682556152344
2025-10-31,158.78424072265625,141.9200897216797,236.750732421875,131.02261352539062,151.5377960205078
2025-11-01,64.5305404663086,32.16595458984375,89.43194580078125,124.76197814941406,147.5308380126953
2025-11-02,57.25425338745117,65.23202514648438,54.40995407104492,115.16107177734375,139.667724609375
2025-11-03,236.6119842529297,350.8013610839844,141.25660705566406,125.65625,142.9195098876953
2025-11-04,107.0601806640625,138.1219940185547,104.73397827148438,122.46524810791016,144.3470916748047
2025-11-05,140.9603271484375,93.68428802490234,195.35488891601562,128.1748809814453,142.7119903564453
2025-11-06,82.0813217163086,93.51847839355469,87.75410461425781,121.0404052734375,139.9840087890625
2025-11-07,99.21167755126953,87.91670227050781,100.8304214477539,112.53004455566406,140.4983673095703
2025-11-08,64.21778869628906,42.680084228515625,80.0986557006836,112.48535919189453,136.15643310546875
2025-11-09,24.720653533935547,16.42970848083496,27.407997131347656,107.83770751953125,130.8460693359375
2025-11-10,105.160888671875,117.94183349609375,98.37513732910156,89.05897521972656,129.84454345703125
2025-11-11,104.4241943359375,80.96882629394531,144.71998596191406,88.68240356445312,130.10614013671875
2025-11-12,77.42227935791016,99.23653411865234,101.16708374023438,79.60554504394531,126.08451080322266
2025-11-13,71.02971649169922,64.37371063232422,64.4328384399414,78.02674102783203,121.68689727783203
2025-11-14,81.85916900634766,43.52383804321289,108.90953826904297,75.54781341552734,118.2811508178711
2025-11-15,76.27622985839844,86.90451049804688,63.42607498168945,77.27044677734375,115.82530212402344
2025-11-16,79.62903594970703,95.26071166992188,92.69965362548828,85.114501953125,114.01627349853516
2025-11-17,111.8166275024414,69.67028045654297,127.84617614746094,86.06532287597656,113.92497253417969
2025-11-18,81.25166320800781,49.84711456298828,93.54918670654297,82.75495910644531,113.19255065917969
2025-11-19,59.47159194946289,59.28853225708008,59.34299087524414,80.1905746459961,109.80572509765625
2025-11-20,84.79268646240234,67.62535095214844,94.0103759765625,82.1567153930664,106.72856140136719
2025-11-21,163.00860595703125,23.21526336669922,261.41162109375,93.7494888305664,108.06460571289062
2025-11-22,38.45435333251953,43.81255340576172,45.679996490478516,88.34636688232422,102.9017333984375
2025-11-23,113.11206817626953,112.76390075683594,120.92943572998047,93.12965393066406,101.38387298583984
2025-11-24,173.25144958496094,234.89671325683594,138.30145263671875,101.90605926513672,103.54708862304688
2025-11-25,188.14927673339844,45.47154998779297,293.9401550292969,117.1771469116211,105.6700439453125
2025-11-26,118.30599212646484,47.176734924316406,167.23773193359375,125.58206176757812,104.17538452148438
2025-11-27,181.4025115966797,172.98135375976562,170.51690673828125,139.3834686279297,105.90889739990234
2025-11-28,151.36514282226562,81.25342559814453,213.00204467773438,137.72010803222656,107.58796691894531
2025-11-29,93.311767578125,116.28068542480469,67.8927001953125,145.556884765625,106.297607421875
2025-11-30,77.03646087646484,38.39966583251953,96.08734893798828,140.40322875976562,103.57267761230469
2025-12-01,149.9516143798828,135.90005493164062,147.36029052734375,137.07467651367188,106.42005157470703
2025-12-02,110.011474609375,109.6728515625,121.97064971923828,125.91213989257812,108.17862701416016
2025-12-03,106.47539520263672,117.94183349609375,127.88768005371094,124.22205352783203,103.84073638916016
2025-12-04,154.6261444091797,142.29248046875,187.91946411132812,120.39685821533203,105.42626953125
2025-12-05,150.29798889160156,131.85511779785156,189.9657745361328,120.2444076538086,105.7375259399414
2025-12-06,82.40218353271484,21.90627670288086,118.76799011230469,118.68589782714844,105.74822235107422
2025-12-07,40.895896911621094,48.92401885986328,27.20497703552246,113.52295684814453,103.80435943603516
2025-12-08,110.63585662841797,116.78327178955078,97.40878295898438,107.90641784667969,105.35163116455078
2025-12-09,104.47801208496094,61.26848220825195,122.64952087402344,107.11592864990234,108.01020812988281
2025-12-10,95.6698226928711,59.60959243774414,119.32868957519531,105.57227325439453,107.69384002685547
2025-12-11,142.22116088867188,106.33753967285156,187.2471160888672,103.80013275146484,108.95374298095703
2025-12-12,175.30010986328125,108.4720458984375,201.0586700439453,107.37186431884766,112.2163314819336
2025-12-13,75.28562927246094,32.16595458984375,98.37513732910156,106.35520935058594,112.35820007324219
2025-12-14,185.31846618652344,277.1220703125,166.93963623046875,126.98700714111328,115.80683898925781
2025-12-15,202.24098205566406,250.2849884033203,173.96865844726562,140.07345581054688,120.00566864013672
2025-12-16,145.1220245361328,150.96554565429688,136.41351318359375,145.87974548339844,122.18876647949219
2025-12-17,125.1149673461914,130.66937255859375,118.89944458007812,150.08619689941406,122.63204193115234
2025-12-18,209.34442138671875,270.0824279785156,194.55604553222656,159.67523193359375,126.90180206298828
2025-12-19,100.20222473144531,82.26547241210938,147.03756713867188,148.94696044921875,128.25949096679688
2025-12-20,134.84788513183594,163.65733337402344,107.25501251220703,157.4558563232422,129.92799377441406
2025-12-21,113.11206817626953,64.43651580810547,147.80264282226562,147.14065551757812,128.26478576660156
2025-12-22,106.6277084350586,127.55941009521484,70.93142700195312,133.4816131591797,130.53721618652344
2025-12-23,97.63357543945312,83.42832946777344,127.57701873779297,126.69754791259766,130.02127075195312
2025-12-24,134.29327392578125,89.25328063964844,186.1151123046875,128.0087432861328,128.72267150878906
2025-12-25,147.22523498535156,234.83529663085938,73.45343780517578,119.13456726074219,127.35853576660156
2025-12-26,144.02468872070312,159.5348358154297,186.29493713378906,125.3949203491211,128.2158203125
2025-12-27,223.72462463378906,187.0624237060547,240.0438995361328,138.0915985107422,129.62655639648438
2025-12-28,79.82090759277344,79.57521057128906,99.56037139892578,133.33572387695312,127.24175262451172
2025-12-29,62.946659088134766,47.064674377441406,65.42764282226562,127.09556579589844,126.22958374023438
2025-12-30,218.8921356201172,160.0268096923828,266.9563293457031,144.418212890625,130.95809936523438
2025-12-31,161.7602081298828,140.2280731201172,210.5353240966797,148.34207153320312,131.3517303466797
2026-01-01,164.65980529785156,77.24845123291016,225.5149383544922,150.8327178955078,133.17333984375
2026-01-02,175.08287048339844,111.70811462402344,232.9390106201172,155.2696075439453,135.4602508544922
2026-01-03,197.96221923828125,184.19601440429688,208.50827026367188,151.58926391601562,136.90478515625
2026-01-04,135.55264282226562,84.45962524414062,169.07440185546875,159.55093383789062,136.41326904296875
2026-01-05,263.34222412109375,165.80943298339844,299.65313720703125,188.1788787841797,142.44461059570312
2026-01-06,255.32977294921875,66.98522186279297,379.9315490722656,193.38424682617188,149.5924072265625
2026-01-07,242.22332763671875,65.26425170898438,348.395751953125,204.8789825439453,153.97865295410156
2026-01-08,267.4366760253906,169.66310119628906,333.57293701171875,219.56138610839844,159.41061401367188
2026-01-09,131.62521362304688,142.15505981445312,118.57135772705078,213.3531494140625,160.609130859375
2026-01-10,192.19676208496094,112.70892333984375,272.63006591796875,212.52951049804688,162.2749786376953
2026-01-11,118.91268920898438,33.87047576904297,197.75926208496094,210.15237426757812,160.39540100097656
2026-01-12,186.33192443847656,151.3586883544922,241.01907348632812,199.15090942382812,164.09693908691406
2026-01-13,167.4221954345703,119.21918487548828,228.7133026123047,186.59268188476562,163.50039672851562
2026-01-14,119.8833999633789,62.902313232421875,178.3869171142578,169.1155548095703,160.75514221191406
2026-01-15,152.97825622558594,46.92534637451172,225.05715942382812,152.76434326171875,161.0170135498047
2026-01-16,194.85691833496094,84.98749542236328,283.5518798828125,161.79745483398438,163.3417510986328
2026-01-17,87.89566040039062,32.85941696166992,127.90399169921875,146.8972930908203,159.29345703125
2026-01-18,89.3094253540039,97.12857055664062,81.01481628417969,142.6682586669922,158.93035888671875
2026-01-19,191.91197204589844,116.4564208984375,222.02548217773438,143.4654083251953,160.83250427246094
2026-01-20,251.4282989501953,137.85989379882812,303.1522216796875,155.46627807617188,165.4430389404297
2026-01-21,180.3575897216797,143.84193420410156,219.9603729248047,164.10543823242188,167.9007110595703
2026-01-22,133.7183380126953,84.83155059814453,151.6240692138672,161.35403442382812,169.10353088378906
2026-01-23,193.18576049804688,135.94667053222656,255.1341552734375,161.11529541015625,171.06661987304688
2026-01-24,123.72918701171875,67.2809066772461,168.3567657470703,166.234375,170.28341674804688
2026-01-25,85.1559829711914,67.91509246826172,99.1338119506836,165.64102172851562,168.3211212158203
2026-01-26,80.7943344116211,69.03912353515625,76.78059387207031,149.76707458496094,163.55677795410156
2026-01-27,206.27711486816406,96.77278900146484,282.5132141113281,143.31689453125,167.77198791503906
2026-01-28,134.1356658935547,93.02454376220703,184.28018188476562,136.71377563476562,170.14495849609375
2026-01-29,177.5683135986328,122.08396911621094,244.39219665527344,142.97805786132812,168.76748657226562
2026-01-30,161.4616241455078,72.69371032714844,233.8729705810547,138.44602966308594,168.75753784179688
2026-01-31,129.1953125,61.82286071777344,180.4822998046875,139.22691345214844,167.5753936767578
2026-02-01,106.85701751708984,65.55575561523438,136.69993591308594,142.32705688476562,165.3011932373047
2026-02-02,109.20553588867188,72.57958984375,121.07709503173828,146.38580322265625,162.34263610839844
2026-02-03,141.4619598388672,105.7698974609375,156.84007263183594,137.12649536132812,162.53961181640625
2026-02-04,239.60707092285156,226.92605590820312,338.7093200683594,152.19383239746094,161.74844360351562
2026-02-05,139.28529357910156,169.0427703857422,120.85574340820312,146.72482299804688,157.8802947998047
2026-02-06,114.82037353515625,80.12686157226562,143.21510314941406,140.06179809570312,153.63352966308594
2026-02-07,110.23519134521484,87.91670227050781,128.32962036132812,137.35321044921875,148.3934783935547
2026-02-08,64.23261260986328,54.887054443359375,76.30204010009766,131.26400756835938,146.14706420898438
2026-02-09,114.00806427001953,101.028564453125,115.86823272705078,131.9500732421875,143.540771484375
2026-02-10,59.25881576538086,23.630563735961914,78.84089660644531,120.20677185058594,141.55230712890625
2026-02-11,107.04885864257812,142.29248046875,69.23348999023438,101.26988983154297,138.90953063964844
2026-02-12,125.64912414550781,91.09989929199219,161.47091674804688,99.32186126708984,137.51710510253906
2026-02-13,116.78925323486328,74.09166717529297,158.91368103027344,99.60313415527344,137.41397094726562
2026-02-14,69.01182556152344,74.09166717529297,79.45684051513672,93.71408081054688,134.61508178710938
2026-02-15,21.51017951965332,0.0,35.77277755737305,87.61087799072266,128.83685302734375
2026-02-16,72.96404266357422,0.0,121.3437728881836,81.74744415283203,128.33914184570312
2026-02-17,76.59115600585938,63.62950897216797,84.91726684570312,84.2234878540039,127.91519927978516
2026-02-18,122.04196166992188,46.34907150268555,183.6335906982422,86.36536407470703,125.58619689941406
2026-02-19,113.25018310546875,33.87047576904297,178.925048828125,84.59408569335938,120.98025512695312
2026-02-20,153.67581176757812,56.74177551269531,236.6412353515625,89.86359405517578,120.09086608886719
2026-02-21,78.07398223876953,33.35728454589844,102.01866149902344,91.15818786621094,118.23605346679688
2026-02-22,62.062156677246094,15.467780113220215,103.2132568359375,96.95132446289062,113.86526489257812
2026-02-23,139.28529357910156,108.67034912109375,171.21229553222656,106.42578887939453,114.38380432128906
2026-02-24,197.6758270263672,83.60433959960938,298.8611755371094,123.72360229492188,118.13446807861328
2026-02-25,138.26370239257812,68.91905975341797,201.19854736328125,126.0409927368164,120.05010986328125
2026-02-26,167.3013916015625,66.71456909179688,250.40943908691406,133.76258850097656,118.75092315673828
2026-02-27,197.11146545410156,141.9200897216797,273.1739196777344,139.96768188476562,120.85011291503906
2026-02-28,89.52886199951172,94.50347137451172,105.10030364990234,141.60409545898438,117.91546630859375
2026-03-01,273.90740966796875,341.3303527832031,270.46807861328125,171.86770629882812,121.66365814208984
2026-03-02,500.8071594238281,553.40283203125,602.0773315429688,223.51368713378906,134.05072021484375
2026-03-03,391.0670166015625,447.1961364746094,478.21246337890625,251.14100646972656,143.52438354492188
2026-03-04,465.91864013671875,611.7600708007812,548.06591796875,297.9488525390625,155.41482543945312
2026-03-05,413.3631591796875,485.4768371582031,461.4382629394531,333.10052490234375,164.4781951904297
2026-03-06,314.74554443359375,390.9349060058594,240.2682342529297,349.9053955078125,166.98281860351562
2026-03-07,226.0802764892578,352.77557373046875,130.7776336669922,369.4127502441406,169.8759765625
2026-03-08,213.7140350341797,304.36602783203125,177.7099151611328,360.8136901855469,173.1724395751953
2026-03-09,372.13006591796875,608.1715087890625,365.2380676269531,342.4312438964844,181.9022674560547
2026-03-10,457.110595703125,627.3322143554688,434.40203857421875,351.8660583496094,194.99819946289062
2026-03-11,368.6567077636719,543.2933349609375,346.53436279296875,337.97149658203125,203.48648071289062
2026-03-12,313.2816162109375,460.7960205078125,230.609619140625,323.67413330078125,211.9539031982422
2026-03-13,322.27532958984375,505.626220703125,246.0162811279297,324.74981689453125,219.1281280517578
2026-03-14,270.5178527832031,386.7183532714844,246.16522216796875,331.0980224609375,223.9570770263672
2026-03-15,236.6119842529297,374.1603088378906,176.39678955078125,334.3691711425781,227.951171875
2026-03-16,259.9399108886719,318.9412841796875,277.1130676269531,318.3420104980469,234.31544494628906
2026-03-17,354.0606689453125,562.3603515625,289.4224853515625,303.6205749511719,245.4004669189453
2026-03-18,337.79473876953125,467.1117248535156,308.0694885253906,299.21173095703125,254.2281494140625
2026-03-19,375.6520080566406,476.6308898925781,359.6946716308594,308.1217956542969,264.19683837890625
2026-03-20,328.51910400390625,403.9264221191406,309.5971374511719,309.0137634277344,271.07940673828125
2026-03-21,300.23272705078125,329.23944091796875,307.9052429199219,313.25872802734375,277.3121643066406
2026-03-22,174.76376342773438,205.9032440185547,198.16575622558594,304.42327880859375,278.0151062011719
2026-03-23,300.5848388671875,452.54718017578125,285.6522216796875,310.2297058105469,285.43212890625
2026-03-24,402.06890869140625,502.53472900390625,459.083984375,317.0880126953125,296.76568603515625
2026-03-25,316.80596923828125,387.8623962402344,351.2454528808594,314.0896301269531,302.68304443359375
2026-03-26,310.55322265625,470.12921142578125,334.74871826171875,304.789794921875,306.44561767578125
2026-03-27,294.20831298828125,445.3856201171875,244.64341735839844,299.88824462890625,311.6437683105469
2026-03-28,241.18247985839844,372.9275207519531,163.71493530273438,291.4525146484375,314.1064758300781
2026-03-29,233.63198852539062,382.64251708984375,222.02548217773438,299.86224365234375,315.3238220214844
2026-03-30,266.5284423828125,379.5829162597656,253.28770446777344,294.9970397949219,321.22381591796875
2026-03-31,447.822265625,590.8815307617188,492.8535461425781,301.5332336425781,327.0209655761719
2026-04-01,282.5602111816406,419.53900146484375,319.9423522949219,296.6409912109375,319.74609375
2026-04-02,271.8004455566406,372.5752258300781,273.0960998535156,291.1048889160156,315.7705383300781
2026-04-03,217.00830078125,330.8734436035156,201.6785125732422,280.0762939453125,307.4735107421875
2026-04-04,220.83786010742188,387.8975830078125,157.4002227783203,277.169921875,301.0559997558594
2026-04-05,138.02365112304688,189.1983642578125,143.46372985839844,263.5115966796875,295.165283203125
2026-04-06,306.0108642578125,335.5758361816406,279.90338134765625,269.1519470214844,297.8296203613281
2026-04-07,265.8233337402344,298.9801025390625,272.0497741699219,243.152099609375,299.5666198730469
2026-04-08,294.4504699707031,440.3161926269531,295.8540954589844,244.8507080078125,296.977294921875
2026-04-09,446.9823303222656,524.9610595703125,488.7843933105469,269.8766784667969,296.6396789550781
2026-04-10,320.74945068359375,341.8147277832031,285.10723876953125,284.69683837890625,295.0427551269531
2026-04-11,267.4743957519531,307.6743469238281,299.402587890625,291.3592224121094,293.515869140625
2026-04-12,206.0448760986328,284.4147644042969,210.87109375,301.0765380859375,289.6415100097656
2026-04-13,374.40899658203125,506.11053466796875,474.9144592285156,310.8476867675781,293.10455322265625
2026-04-14,337.5500793457031,330.8074951171875,475.73468017578125,321.0943603515625,296.4691467285156
2026-04-15,256.4920654296875,261.1430358886719,299.501220703125,315.6717529296875,296.3542175292969
2026-04-16,348.0371398925781,359.35748291015625,403.0981140136719,301.5367126464844,296.1534423828125
2026-04-17,305.10491943359375,347.6180419921875,289.9477844238281,299.3017883300781,295.06378173828125
2026-04-18,204.59976196289062,184.54428100585938,243.04446411132812,290.3197021484375,289.3620300292969
2026-04-19,175.66647338867188,166.7864227294922,250.40943908691406,285.97991943359375,284.2669372558594
2026-04-20,218.8118133544922,290.8510437011719,262.8150329589844,263.7517395019531,281.55291748046875
2026-04-21,164.99378967285156,126.52763366699219,221.6267547607422,239.10084533691406,281.2272644042969
2026-04-22,224.47804260253906,229.8353729248047,221.97467041015625,234.5274200439453,278.69036865234375
2026-04-23,240.91400146484375,336.241455078125,280.45855712890625,219.22412109375,273.31854248046875
2026-04-24,257.89886474609375,262.8184814453125,304.9969787597656,212.4803924560547,271.3549499511719
2026-04-25,178.49017333984375,209.34207153320312,148.420166015625,208.75045776367188,266.9528503417969
2026-04-26,139.47654724121094,191.18991088867188,159.4712677001953,203.58045959472656,261.7951354980469
2026-04-27,124.87854766845703,183.46507263183594,131.16685485839844,190.1614227294922,257.9183349609375
2026-04-28,203.45904541015625,278.89508056640625,169.1825714111328,195.65646362304688,256.9125671386719
2026-04-29,248.29116821289062,326.01104736328125,241.71148681640625,199.05833435058594,256.3046569824219
2026-04-30,193.47740173339844,245.4860076904297,204.7595672607422,192.28167724609375,247.82650756835938
2026-05-01,250.2299346923828,261.3387451171875,307.1568908691406,191.1861114501953,246.7488250732422
2026-05-02,168.52490234375,273.010009765625,148.89210510253906,189.76251220703125,243.30630493164062
2026-05-03,145.13827514648438,221.29290771484375,127.7862548828125,190.57131958007812,240.91064453125
2026-05-04,207.0354766845703,279.63629150390625,211.03053283691406,202.3080291748047,240.4505615234375
2026-05-05,287.1782531738281,292.9522705078125,366.5267333984375,214.26791381835938,245.42237854003906
2026-05-06,284.81890869140625,234.5609588623047,380.9967956542969,219.4861602783203,244.7159881591797
2026-05-07,298.7285461425781,317.6629638671875,386.4033508300781,234.5220489501953,245.8128204345703
2026-05-08,250.9521026611328,289.0964660644531,278.2326965332031,234.62521362304688,244.3628692626953
2026-05-09,174.6328887939453,184.976318359375,172.4401092529297,235.49777221679688,235.28456115722656
2026-05-10,139.8445587158203,191.69436645507812,116.28512573242188,234.7415313720703,229.25439453125
2026-05-11,274.9018859863281,287.7585144042969,285.7369079589844,244.43673706054688,229.50198364257812
2026-05-12,218.41107177734375,254.028564453125,191.7053985595703,234.61285400390625,229.9141845703125
2026-05-13,238.7987823486328,244.16793823242188,264.75823974609375,228.03854370117188,225.3938446044922
2026-05-14,207.7994384765625,243.71742248535156,193.1201934814453,215.04867553710938,221.06883239746094
2026-05-15,201.25616455078125,173.52362060546875,271.3796691894531,207.94924926757812,219.22763061523438
2026-05-16,168.60374450683594,138.42276000976562,222.66946411132812,207.08795166015625,213.24652099609375
2026-05-17,130.26951599121094,111.31588745117188,154.74740600585938,205.7200927734375,207.41867065429688
2026-05-18,225.25460815429688,343.4466247558594,209.34228515625,198.62762451171875,208.10716247558594
2026-05-19,222.44102478027344,227.74974060058594,269.9513854980469,199.2033233642578,209.66632080078125
2026-05-20,256.6934509277344,207.15982055664062,304.9266052246094,201.75970458984375,210.9290313720703
2026-05-21,190.37745666503906,240.40249633789062,211.0730743408203,199.27085876464844,211.77516174316406
2026-05-22,149.3144073486328,110.2628173828125,183.94017028808594,191.85060119628906,209.2696990966797
2026-05-23,116.60237884521484,137.37864685058594,114.58735656738281,184.4218292236328,205.1259765625
2026-05-24,178.5216064453125,237.296142578125,214.42245483398438,191.3149871826172,202.48007202148438
2026-05-25,198.40899658203125,171.99850463867188,286.9274597167969,187.4799041748047,203.14404296875
2026-05-26,163.7390899658203,163.23509216308594,198.9945831298828,179.0939178466797,203.95278930664062
2026-05-27,181.51055908203125,142.17645263671875,226.39756774902344,168.35350036621094,205.84051513671875
2026-05-28,184.39739990234375,210.09120178222656,229.9983367919922,167.49920654296875,205.20513916015625
2026-05-29,192.91159057617188,175.83340454101562,219.99363708496094,173.7273712158203,203.35914611816406
2026-05-30,204.27500915527344,154.11065673828125,257.0870361328125,186.2520294189453,203.7190704345703
2026-05-31,109.50636291503906,90.97441101074219,136.5869598388672,176.39271545410156,199.0282745361328
2026-06-01,152.68348693847656,185.30340576171875,154.56134033203125,169.86050415039062,198.50022888183594
2026-06-02,198.75405883789062,252.18109130859375,220.3603057861328,174.86264038085938,200.2874298095703
2026-06-03,242.838623046875,161.3940887451172,321.01361083984375,183.62379455566406,201.48086547851562
2026-06-04,190.74285888671875,253.54098510742188,222.0521240234375,184.53028869628906,198.266357421875
2026-06-05,127.8534927368164,127.45994567871094,125.64402770996094,175.23626708984375,193.0341796875
2026-06-06,105.24043273925781,119.90455627441406,125.01529693603516,161.08847045898438,186.58456420898438
2026-06-07,111.74927520751953,159.15042114257812,106.19773864746094,161.4088897705078,181.94447326660156
2026-06-08,237.08238220214844,249.4833221435547,295.7121276855469,173.46588134765625,184.026123046875
2026-06-09,219.68162536621094,172.89901733398438,259.58673095703125,176.4555206298828,186.68736267089844
2026-06-10,168.02879333496094,119.65113067626953,249.5021514892578,165.76840209960938,183.1249237060547
2026-06-11,168.150634765625,201.15966796875,177.10853576660156,162.54095458984375,181.44956970214844
2026-06-12,168.34361267089844,184.06658935546875,180.62318420410156,168.32525634765625,179.10107421875
2026-06-13,176.0833282470703,219.42665100097656,192.17469787597656,178.44566345214844,178.0438690185547
2026-06-14,214.54454040527344,256.6609802246094,242.62469482421875,193.13070678710938,178.48681640625
2026-06-15,208.66567993164062,208.0233917236328,314.4906005859375,189.0711669921875,179.82220458984375
2026-06-16,275.53704833984375,305.2099304199219,356.4053039550781,197.05052185058594,184.66445922851562
2026-06-17,255.68704223632812,203.92001342773438,359.0776672363281,209.5731201171875,185.6788787841797
2026-06-18,250.2299346923828,249.45970153808594,317.065185546875,221.29873657226562,186.6051788330078
2026-06-19,223.39088439941406,190.8885040283203,286.59576416015625,229.1626434326172,185.49508666992188
2026-06-20,190.91122436523438,154.31642150878906,257.4302673339844,231.28091430664062,185.51287841796875
2026-06-21,78.45555114746094,104.28540802001953,86.98432922363281,211.83963012695312,183.15090942382812
2026-06-22,180.93856811523438,55.50204086303711,277.7651062011719,207.87860107421875,185.2954559326172
2026-06-23,169.54087829589844,182.0204620361328,173.51205444335938,192.73629760742188,184.99609375
2026-06-24,116.84542083740234,163.08006286621094,165.17306518554688,172.9017791748047,182.27731323242188
2026-06-25,223.3191680908203,346.3160705566406,134.11441040039062,169.05738830566406,184.26332092285156
2026-06-26,124.28883361816406,75.42120361328125,188.7261962890625,154.8999481201172,182.35592651367188
2026-06-27,128.79345703125,154.07643127441406,111.37962341308594,146.02598571777344,180.50245666503906
2026-06-28,130.75924682617188,121.66630554199219,173.96865844726562,153.49794006347656,178.4307098388672
2026-06-29,188.461181640625,202.33346557617188,180.82083129882812,154.57260131835938,177.90359497070312
2026-06-30,148.95913696289062,169.7150115966797,165.1522674560547,151.63235473632812,179.2186737060547
2026-07-01,166.86441040039062,160.1896514892578,205.5599822998047,158.77792358398438,179.69137573242188
2026-07-02,85.4432144165039,117.94183349609375,32.79171371459961,139.08135986328125,175.9143524169922
2026-07-03,61.47032928466797,68.09012603759766,68.15267181396484,130.10728454589844,169.86874389648438
2026-07-04,65.92174530029297,32.85941696166992,95.92798614501953,121.1256103515625,165.70803833007812
2026-07-05,45.007713317871094,17.947669982910156,44.9103889465332,108.8753890991211,162.94650268554688
2026-07-06,114.22647094726562,113.87487030029297,94.9828872680664,98.27043151855469,163.2460479736328
2026-07-07,153.22450256347656,189.12258911132812,145.61253356933594,98.87976837158203,164.62855529785156
2026-07-08,215.28216552734375,96.9249496459961,277.1827697753906,105.79659271240234,163.90187072753906
2026-07-09,176.1283416748047,175.58621215820312,236.58314514160156,118.7516098022461,162.45010375976562
2026-07-10,149.1587677001953,161.09127807617188,217.05282592773438,131.27853393554688,161.82110595703125
2026-07-11,199.4664306640625,184.64871215820312,225.09922790527344,150.35633850097656,162.86495971679688
2026-07-12,189.54747009277344,287.9451904296875,225.16378784179688,171.0048828125,163.57176208496094
2026-07-13,207.51583862304688,291.1603698730469,191.7288055419922,184.33192443847656,164.6195068359375
2026-07-14,356.7380676269531,406.4457092285156,423.76983642578125,213.40530395507812,169.35928344726562
2026-07-15,175.37123107910156,194.25714111328125,216.03952026367188,207.7037353515625,168.24948120117188
2026-07-16,226.1885528564453,334.60150146484375,169.8813018798828,214.85519409179688,166.60452270507812
2026-07-17,182.52923583984375,229.14413452148438,179.88595581054688,219.62240600585938,164.1659393310547
2026-07-18,147.82249450683594,133.97044372558594,178.79132080078125,212.2447052001953,160.75234985351562
2026-07-19,145.13827514648438,170.22532653808594,170.38168334960938,205.90052795410156,158.14393615722656
2026-07-20,217.21754455566406,201.08116149902344,283.8364562988281,207.28648376464844,159.02081298828125
2026-07-21,126.2637939453125,177.70606994628906,172.92848205566406,174.36158752441406,160.61441040039062
2026-07-22,206.6050567626953,205.96910095214844,274.8777160644531,178.8235626220703,161.469970703125
2026-07-23,306.2037353515625,333.0122375488281,347.2063903808594,190.25430297851562,166.025390625
2026-07-24,284.8808288574219,396.2845458984375,264.432373046875,204.87596130371094,171.62657165527344
2026-07-25,183.63914489746094,225.32171630859375,199.6868438720703,209.9926300048828,170.3039093017578
2026-07-26,193.3732452392578,134.1064453125,265.6628112792969,216.88333129882812,172.60671997070312
2026-07-27,195.904541015625,248.5655975341797,207.3282470703125,213.838623046875,174.84375
