asset,score,w_prior_risk_parity,mu_bl,w_active_bl,signal_confidence,view_confidence,optimizer_used,optimizer_status,cvar_95,weight,date
sse50,0.3611111111111111,0.1111111111111111,-0.010192677889767689,0.017734880234935413,0.14007887672275302,0.5937900347716397,cvar,optimal,0.0008910939263003449,0.017734880234935413,2017-05-31
csi300,0.6388888888888888,0.1111111111111111,-0.0023640839643285123,2.249691109674864e-08,0.14007887672275302,0.7109427338314368,cvar,optimal,0.0008910939263003449,2.249691109674864e-08,2017-05-31
csi500,0.3888888888888888,0.1111111111111111,-0.018868206250059333,2.0840291507598003e-08,0.14007887672275302,0.5094742824605036,cvar,optimal,0.0008910939263003449,2.0840291507598003e-08,2017-05-31
csi1000,0.4166666666666666,0.1111111111111111,-0.022569122406345617,1.7289983843549828e-08,0.14007887672275302,0.46634191220697396,cvar,optimal,0.0008910939263003449,1.7289983843549828e-08,2017-05-31
bond_gov,0.7361111111111112,0.1111111111111111,0.0015862675185080656,0.4499999964900687,0.14007887672275302,0.6363693026060171,cvar,optimal,0.0008910939263003449,0.4499999964900687,2017-05-31
bond_corp,0.6805555555555556,0.1111111111111111,0.00040721625071570445,0.4499999967364595,0.14007887672275302,0.40433861892117134,cvar,optimal,0.0008910939263003449,0.4499999967364595,2017-05-31
csi_cb,0.5416666666666666,0.1111111111111111,-0.0034671493548787038,0.016566239420847534,0.14007887672275302,0.4505421421593525,cvar,optimal,0.0008910939263003449,0.016566239420847534,2017-05-31
gold_au,0.4583333333333333,0.1111111111111111,-0.009053180786042673,0.025963821137480435,0.14007887672275302,0.6148899135191686,cvar,optimal,0.0008910939263003449,0.025963821137480435,2017-05-31
spx,0.7777777777777778,0.1111111111111111,0.018309911855601487,0.03973500535302188,0.14007887672275302,0.5328421302223998,cvar,optimal,0.0008910939263003449,0.03973500535302188,2017-05-31
sse50,0.2402443735571103,0.1111111111111111,-0.03491376898408229,0.00928779070101974,0.4316947154154669,0.6984314854227386,cvar,optimal,0.0008719178728623088,0.00928779070101974,2017-06-28
csi300,0.4374443262988876,0.1111111111111111,-0.021339796927425478,3.7936439243967795e-09,0.4316947154154669,0.5024181821824945,cvar,optimal,0.0008719178728623088,3.7936439243967795e-09,2017-06-28
csi500,0.5097556264428896,0.1111111111111111,-0.00437895755081423,3.6457898007053816e-09,0.4316947154154669,0.5072054069715989,cvar,optimal,0.0008719178728623088,3.6457898007053816e-09,2017-06-28
csi1000,0.597966772997668,0.1111111111111111,0.0032868053643644677,2.982667554712062e-09,0.4316947154154669,0.4753181656513804,cvar,optimal,0.0008719178728623088,2.982667554712062e-09,2017-06-28
bond_gov,0.6756777423341107,0.1111111111111111,0.0006761229238680787,0.4499999989902897,0.4316947154154669,0.36854278786316824,cvar,optimal,0.0008719178728623088,0.4499999989902897,2017-06-28
bond_corp,0.6805555555555557,0.1111111111111111,0.0004437323711628,0.44999999889761044,0.4316947154154669,0.3628159725664859,cvar,optimal,0.0008719178728623088,0.44999999889761044,2017-06-28
csi_cb,0.451016613501166,0.1111111111111111,-0.00933975509322923,0.0256214799366248,0.4316947154154669,0.4514400686718112,cvar,optimal,0.0008719178728623088,0.0256214799366248,2017-06-28
gold_au,0.5892722990168341,0.1111111111111111,0.003865123281693275,0.02420334912203507,0.4316947154154669,0.5420973609039559,cvar,optimal,0.0008719178728623088,0.02420334912203507,2017-06-28
spx,0.818066690295778,0.1111111111111111,0.016214335731471675,0.04088737193031916,0.4316947154154669,0.5198042686269314,cvar,optimal,0.0008719178728623088,0.04088737193031916,2017-06-28
sse50,0.5203216738910504,0.1111111111111111,0.00029375114317886815,0.01170763599670525,0.01920700315097438,0.45393362956097066,cvar,optimal,0.0008680650280659664,0.01170763599670525,2017-07-26
csi300,0.569754597522591,0.1111111111111111,0.015511739817259916,2.0043236655485887e-09,0.01920700315097438,0.6170801955402991,cvar,optimal,0.0008680650280659664,2.0043236655485887e-09,2017-07-26
csi500,0.813507090035402,0.1111111111111111,0.06352227490242868,2.990514177225599e-08,0.01920700315097438,0.8,cvar,optimal,0.0008680650280659664,2.990514177225599e-08,2017-07-26
csi1000,0.8072912086049642,0.1111111111111111,0.07314521187112723,1.7879328478783302e-08,0.01920700315097438,0.8,cvar,optimal,0.0008680650280659664,1.7879328478783302e-08,2017-07-26
bond_gov,0.38696714399259236,0.1111111111111111,-0.001123326356502735,0.4499999994728389,0.01920700315097438,0.7005324578933673,cvar,optimal,0.0008680650280659664,0.4499999994728389,2017-07-26
bond_corp,0.406885822465031,0.1111111111111111,-0.0007436367774715342,0.4499999995225382,0.01920700315097438,0.6730066215707833,cvar,optimal,0.0008680650280659664,0.4499999995225382,2017-07-26
csi_cb,0.5561678577335867,0.1111111111111111,0.009652573231904764,0.02620984640918839,0.01920700315097438,0.4402856176802985,cvar,optimal,0.0008680650280659664,0.02620984640918839,2017-07-26
gold_au,0.3299464584307613,0.1111111111111111,-0.021963061668349822,0.024703026660790068,0.01920700315097438,0.6077851901756741,cvar,optimal,0.0008680650280659664,0.024703026660790068,2017-07-26
spx,0.609158147324021,0.1111111111111111,0.003742374456698989,0.037379442149145264,0.01920700315097438,0.6193728916439101,cvar,optimal,0.0008680650280659664,0.037379442149145264,2017-07-26
sse50,0.6221317706030784,0.1111111111111111,0.010428734403801723,0.011492525083406646,0.23665838447296145,0.5473991110557238,cvar,optimal,0.0009166348009517382,0.011492525083406646,2017-08-23
csi300,0.6947928111315826,0.1111111111111111,0.02267072069427991,6.301861942517047e-10,0.23665838447296145,0.6362419449966032,cvar,optimal,0.0009166348009517382,6.301861942517047e-10,2017-08-23
csi500,0.8143365080229662,0.1111111111111111,0.054472591484077966,4.329754815236233e-09,0.23665838447296145,0.5348535701924659,cvar,optimal,0.0009166348009517382,4.329754815236233e-09,2017-08-23
csi1000,0.9204563420597017,0.1111111111111111,0.0692295702633697,0.017689768981232788,0.23665838447296145,0.8,cvar,optimal,0.0009166348009517382,0.017689768981232788,2017-08-23
bond_gov,0.2754066076378065,0.1111111111111111,-0.001625916535037584,0.4499999997805508,0.23665838447296145,0.7570201571391166,cvar,optimal,0.0009166348009517382,0.4499999997805508,2017-08-23
bond_corp,0.3031843854155843,0.1111111111111111,-0.000806966112295305,0.44999999974796884,0.23665838447296145,0.7320173317185894,cvar,optimal,0.0009166348009517382,0.44999999974796884,2017-08-23
csi_cb,0.49242764393212757,0.1111111111111111,0.005326385679605908,0.008733841583585701,0.23665838447296145,0.5896724100868638,cvar,optimal,0.0009166348009517382,0.008733841583585701,2017-08-23
gold_au,0.2728489384849895,0.1111111111111111,-0.016551165752968153,0.02740251664104492,0.23665838447296145,0.5269871657444061,cvar,optimal,0.0009166348009517382,0.02740251664104492,2017-08-23
spx,0.6044149927121629,0.1111111111111111,0.0031772831265552475,0.03468134322226934,0.23665838447296145,0.5728360816455464,cvar,optimal,0.0009166348009517382,0.03468134322226934,2017-08-23
sse50,0.7214006132847716,0.1111111111111111,0.04283556768713753,0.012175842628419224,0.20987516993949543,0.5357157129612262,cvar,optimal,0.0008950693592069514,0.012175842628419224,2017-09-20
csi300,0.7794672132399326,0.1111111111111111,0.03191497904194142,1.0659125968595367e-08,0.20987516993949543,0.7046947194267837,cvar,optimal,0.0008950693592069514,1.0659125968595367e-08,2017-09-20
csi500,0.4346794132711845,0.1111111111111111,-0.017698919314641334,6.196646610093175e-09,0.20987516993949543,0.741990342275598,cvar,optimal,0.0008950693592069514,6.196646610093175e-09,2017-09-20
csi1000,0.39794199306326383,0.1111111111111111,-0.028096253843115943,5.24978312893929e-09,0.20987516993949543,0.7819261932063902,cvar,optimal,0.0008950693592069514,5.24978312893929e-09,2017-09-20
bond_gov,0.5097808442016356,0.1111111111111111,-0.0004347221821380272,0.4499999954502901,0.20987516993949543,0.561306139829749,cvar,optimal,0.0008950693592069514,0.4499999954502901,2017-09-20
bond_corp,0.5558032708521151,0.1111111111111111,-4.147964101940963e-05,0.44999999645197597,0.20987516993949543,0.43938421947940987,cvar,optimal,0.0008950693592069514,0.44999999645197597,2017-09-20
csi_cb,0.7190444418412604,0.1111111111111111,0.022144344326563252,0.027706103365106316,0.20987516993949543,0.6169727610598958,cvar,optimal,0.0008950693592069514,0.027706103365106316,2017-09-20
gold_au,0.4454517380628253,0.1111111111111111,-0.003069137325560712,0.025839607894162037,0.20987516993949543,0.4175803092117323,cvar,optimal,0.0008950693592069514,0.025839607894162037,2017-09-20
spx,0.43643047218301095,0.1111111111111111,-0.008449299357150067,0.03427843210449064,0.20987516993949543,0.6629841436170834,cvar,optimal,0.0008950693592069514,0.03427843210449064,2017-09-20
sse50,0.45767513775491586,0.1111111111111111,-0.017301122238339146,1.3175523448375765e-09,0.41613852675540286,0.5861520283609369,cvar,optimal,0.0008649076019615135,1.3175523448375765e-09,2017-10-25
csi300,0.49685874213586567,0.1111111111111111,-0.004038928999552986,1.4616829295850908e-09,0.41613852675540286,0.646587072986022,cvar,optimal,0.0008649076019615135,1.4616829295850908e-09,2017-10-25
csi500,0.6518932748992251,0.1111111111111111,0.02792087658195344,0.013014739206761139,0.41613852675540286,0.6554774423258524,cvar,optimal,0.0008649076019615135,0.013014739206761139,2017-10-25
csi1000,0.6811835611005048,0.1111111111111111,0.03530210751717623,9.42010740338184e-09,0.41613852675540286,0.7849348710942612,cvar,optimal,0.0008649076019615135,9.42010740338184e-09,2017-10-25
bond_gov,0.6785893287868611,0.1111111111111111,0.0009871689021393377,0.4499999994702112,0.41613852675540286,0.6182533646556596,cvar,optimal,0.0008649076019615135,0.4499999994702112,2017-10-25
bond_corp,0.820580544576687,0.1111111111111111,0.0010644012640309251,0.44999999951029085,0.41613852675540286,0.6398896603791201,cvar,optimal,0.0008649076019615135,0.44999999951029085,2017-10-25
csi_cb,0.49800303132537616,0.1111111111111111,-0.0004881280371956936,0.013220427434663416,0.41613852675540286,0.5560228853135992,cvar,optimal,0.0008649076019615135,0.013220427434663416,2017-10-25
gold_au,0.5114403871015047,0.1111111111111111,7.736840635386415e-05,0.0325318261311728,0.41613852675540286,0.3148955043420144,cvar,optimal,0.0008649076019615135,0.0325318261311728,2017-10-25
spx,0.2037759923190594,0.1111111111111111,-0.028182614322044414,0.041232996047557854,0.41613852675540286,0.8,cvar,optimal,0.0008649076019615135,0.041232996047557854,2017-10-25
sse50,0.3497086977061706,0.1111111111111111,-0.010726983799100715,1.7372039881333767e-07,0.34004303826615523,0.6160441075422427,cvar,optimal,0.0008841519197516675,1.7372039881333767e-07,2017-11-22
csi300,0.7520442305519848,0.1111111111111111,0.018644472500832506,0.0038969945446729513,0.34004303826615523,0.7558745285682773,cvar,optimal,0.0008841519197516675,0.0038969945446729513,2017-11-22
csi500,0.7136664523160545,0.1111111111111111,0.054499681977044453,0.015640841068417188,0.34004303826615523,0.7192272905003105,cvar,optimal,0.0008841519197516675,0.015640841068417188,2017-11-22
csi1000,0.8869949408298671,0.1111111111111111,0.07068559974352903,0.0017289470254277387,0.34004303826615523,0.8,cvar,optimal,0.0008841519197516675,0.0017289470254277387,2017-11-22
bond_gov,0.3107998921766304,0.1111111111111111,-0.0014764263258113608,0.449999997040687,0.34004303826615523,0.7965461384121543,cvar,optimal,0.0008841519197516675,0.449999997040687,2017-11-22
bond_corp,0.6588328460281033,0.1111111111111111,0.00013354852019303596,0.4499999975899562,0.34004303826615523,0.4441276693382614,cvar,optimal,0.0008841519197516675,0.4499999975899562,2017-11-22
csi_cb,0.5749691414240049,0.1111111111111111,0.0066614130390326666,0.003962927789244596,0.34004303826615523,0.4832851865860484,cvar,optimal,0.0008841519197516675,0.003962927789244596,2017-11-22
gold_au,0.41813784743220506,0.1111111111111111,-0.008100002298343546,0.032163966301100286,0.34004303826615523,0.629033605278935,cvar,optimal,0.0008841519197516675,0.032163966301100286,2017-11-22
spx,0.33484595153497926,0.1111111111111111,-0.01227397639443218,0.04260615492009528,0.34004303826615523,0.7443357312707425,cvar,optimal,0.0008841519197516675,0.04260615492009528,2017-11-22
sse50,0.464564620626189,0.1111111111111111,0.008507705348950404,2.4703516511784515e-09,0.35047500093305306,0.5411239167697204,cvar,optimal,0.0008057839792429924,2.4703516511784515e-09,2017-12-20
csi300,0.7674458476818247,0.1111111111111111,0.027845036619725257,1.7273496699733396e-09,0.35047500093305306,0.7623071231576309,cvar,optimal,0.0008057839792429924,1.7273496699733396e-09,2017-12-20
csi500,0.6783312543934166,0.1111111111111111,0.04812092109041127,1.695142428701812e-08,0.35047500093305306,0.7188433209856723,cvar,optimal,0.0008057839792429924,1.695142428701812e-08,2017-12-20
csi1000,0.964727302632397,0.1111111111111111,0.06504499296541284,0.0059803793693996,0.35047500093305306,0.8,cvar,optimal,0.0008057839792429924,0.0059803793693996,2017-12-20
bond_gov,0.22478830251925908,0.1111111111111111,-0.0014032484347446124,0.4499999992465885,0.35047500093305306,0.6665888254747685,cvar,optimal,0.0008057839792429924,0.4499999992465885,2017-12-20
bond_corp,0.44365446156374516,0.1111111111111111,-0.00033418009196204914,0.44999999933356544,0.35047500093305306,0.5894570175649091,cvar,optimal,0.0008057839792429924,0.44999999933356544,2017-12-20
csi_cb,0.7921545004474814,0.1111111111111111,0.020134676825961116,0.01090455933904388,0.35047500093305306,0.6788708249044038,cvar,optimal,0.0008057839792429924,0.01090455933904388,2017-12-20
gold_au,0.45893022964894664,0.1111111111111111,-0.001084147750429433,0.037867109448229616,0.35047500093305306,0.5631032622893533,cvar,optimal,0.0008057839792429924,0.037867109448229616,2017-12-20
spx,0.20540348048674034,0.1111111111111111,-0.01578352282142846,0.045247932114047415,0.35047500093305306,0.6794162940371976,cvar,optimal,0.0008057839792429924,0.045247932114047415,2017-12-20
sse50,0.6122056024854706,0.1111111111111111,0.010112734715201922,2.8632037638151055e-08,0.34186638939266356,0.5354989220773879,cvar,optimal,0.0006282998292055256,2.8632037638151055e-08,2018-01-18
csi300,0.7418682110622039,0.1111111111111111,0.025939227733869016,0.01053678591216885,0.34186638939266356,0.6898610210868036,cvar,optimal,0.0006282998292055256,0.01053678591216885,2018-01-18
csi500,0.8152746011992051,0.1111111111111111,0.05298930263654891,6.321835748065579e-09,0.34186638939266356,0.7722404901695702,cvar,optimal,0.0006282998292055256,6.321835748065579e-09,2018-01-18
csi1000,0.9932430764926393,0.1111111111111111,0.0627346200631877,1.1129748598111621e-08,0.34186638939266356,0.8,cvar,optimal,0.0006282998292055256,1.1129748598111621e-08,2018-01-18
bond_gov,0.21445394733897621,0.1111111111111111,-0.001489426786164812,0.4499999960948671,0.34186638939266356,0.7458341169545903,cvar,optimal,0.0006282998292055256,0.4499999960948671,2018-01-18
bond_corp,0.30766534751650965,0.1111111111111111,-0.0005025982590167971,0.44999999731681656,0.34186638939266356,0.7060051615569359,cvar,optimal,0.0006282998292055256,0.44999999731681656,2018-01-18
csi_cb,0.6854372696920785,0.1111111111111111,0.016242334787818807,0.020449649915719487,0.34186638939266356,0.5639756378255909,cvar,optimal,0.0006282998292055256,0.020449649915719487,2018-01-18
gold_au,0.2807545126198567,0.1111111111111111,-0.011211780070899728,0.03064790061196094,0.34186638939266356,0.5980181153739513,cvar,optimal,0.0006282998292055256,0.03064790061196094,2018-01-18
spx,0.34909743159305984,0.1111111111111111,-0.0068671411342709435,0.03836562406484513,0.34186638939266356,0.6976472259579092,cvar,optimal,0.0006282998292055256,0.03836562406484513,2018-01-18
sse50,0.6302972202073205,0.1111111111111111,0.038404422234444784,0.0006698381151236579,0.5167699758338479,0.49187743248964355,cvar,optimal,0.0007610790536787138,0.000669838115123658,2018-02-22
csi300,0.6939526925396443,0.1111111111111111,0.03680721869470815,1.5123851327729789e-09,0.5167699758338479,0.6636187139775214,cvar,optimal,0.0007610790536787138,1.512385132772979e-09,2018-02-22
csi500,0.48432090794300336,0.1111111111111111,0.020674178046652315,0.011038469244838063,0.5167699758338479,0.3829796428996363,cvar,optimal,0.0007610790536787138,0.011038469244838065,2018-02-22
csi1000,0.5533649493610902,0.1111111111111111,0.02357401086169448,2.248832454448662e-09,0.5167699758338479,0.26841897285325794,cvar,optimal,0.0007610790536787138,2.2488324544486625e-09,2018-02-22
bond_gov,0.3514159784504024,0.1111111111111111,-0.0007886282659445595,0.449999999671394,0.5167699758338479,0.550888465526574,cvar,optimal,0.0007610790536787138,0.44999999967139404,2018-02-22
bond_corp,0.38779257773252296,0.1111111111111111,-0.00042760336389461803,0.4499999996937602,0.5167699758338479,0.5429134539598508,cvar,optimal,0.0007610790536787138,0.44999999969376026,2018-02-22
csi_cb,0.8718167210548932,0.1111111111111111,0.04325673635636099,0.021237728693858038,0.5167699758338479,0.7280716195486061,cvar,optimal,0.0007610790536787138,0.02123772869385804,2018-02-22
gold_au,0.3355457762967639,0.1111111111111111,-0.01638753039757805,0.047789273565866215,0.5167699758338479,0.692101343434186,cvar,optimal,0.0007610790536787138,0.04778927356586622,2018-02-22
spx,0.6914931764143591,0.1111111111111111,0.01667592269140121,0.01926468725394216,0.5167699758338479,0.5824313703653716,cvar,optimal,0.0007610790536787138,0.019264687253942165,2018-02-22
sse50,0.5453925485627802,0.1111111111111111,0.00509916123577258,8.818400041296087e-10,0.1307693082843431,0.645661694254715,cvar,optimal,0.0007629472960035973,8.818400041296087e-10,2018-03-22
csi300,0.5336696494089359,0.1111111111111111,-0.0100623624587831,2.917996952973299e-09,0.1307693082843431,0.6038344869359894,cvar,optimal,0.0007629472960035973,2.917996952973299e-09,2018-03-22
csi500,0.35088718904374794,0.1111111111111111,-0.05407307254498167,0.004852162824593302,0.1307693082843431,0.6293873029800504,cvar,optimal,0.0007629472960035973,0.004852162824593302,2018-03-22
csi1000,0.4222049337952762,0.1111111111111111,-0.048500989876632955,0.003241758170873044,0.1307693082843431,0.3752671216763859,cvar,optimal,0.0007629472960035973,0.003241758170873044,2018-03-22
bond_gov,0.5577966865370817,0.1111111111111111,-0.00012158880545500711,0.44999999661097284,0.1307693082843431,0.30796518753962226,cvar,optimal,0.0007629472960035973,0.44999999661097284,2018-03-22
bond_corp,0.5855744643148595,0.1111111111111111,-5.154144172710552e-06,0.44999999332959917,0.1307693082843431,0.3170182908652498,cvar,optimal,0.0007629472960035973,0.44999999332959917,2018-03-22
csi_cb,0.5374972277929002,0.1111111111111111,-0.008269741176521697,0.02192220935720738,0.1307693082843431,0.5618230711099731,cvar,optimal,0.0007629472960035973,0.02192220935720738,2018-03-22
gold_au,0.748917368626958,0.1111111111111111,0.0283980877569501,0.0516774682049371,0.1307693082843431,0.7324010779084977,cvar,optimal,0.0007629472960035973,0.0516774682049371,2018-03-22
spx,0.7180599319174605,0.1111111111111111,0.04021819726178934,0.018306407701980325,0.1307693082843431,0.6578338999688176,cvar,optimal,0.0007629472960035973,0.018306407701980325,2018-03-22
sse50,0.48496436445459196,0.1111111111111111,-0.008311838938237889,3.3670549536838507e-09,0.32875199842004377,0.47009722250211383,cvar,optimal,0.0007666818728489204,3.36705495368385e-09,2018-04-23
csi300,0.5060655096679618,0.1111111111111111,-0.01890141154570651,8.898546134678535e-09,0.32875199842004377,0.40840912336578183,cvar,optimal,0.0007666818728489204,8.898546134678533e-09,2018-04-23
csi500,0.26780057849935235,0.1111111111111111,-0.059794446164297015,1.350036445135113e-08,0.32875199842004377,0.59010315282612,cvar,optimal,0.0007666818728489204,1.3500364451351126e-08,2018-04-23
csi1000,0.38359179174023317,0.1111111111111111,-0.052442192403616916,0.006742767119428097,0.32875199842004377,0.39753628509295436,cvar,optimal,0.0007666818728489204,0.006742767119428095,2018-04-23
bond_gov,0.6809397618152088,0.1111111111111111,0.0006870790141839568,0.44999999680088837,0.32875199842004377,0.4399217264379646,cvar,optimal,0.0007666818728489204,0.44999999680088826,2018-04-23
bond_corp,0.6724410855786688,0.1111111111111111,0.0003375863361388473,0.44999999624113834,0.32875199842004377,0.34344135339597337,cvar,optimal,0.0007666818728489204,0.44999999624113823,2018-04-23
csi_cb,0.5270269816257921,0.1111111111111111,-0.008974769910631224,0.02195896740788526,0.32875199842004377,0.5933186949496952,cvar,optimal,0.0007666818728489204,0.021958967407885256,2018-04-23
gold_au,0.7810082982501881,0.1111111111111111,0.02340494474727303,0.053693500610244874,0.32875199842004377,0.5821876000329759,cvar,optimal,0.0007666818728489204,0.05369350061024486,2018-04-23
spx,0.6446108779266041,0.1111111111111111,0.019454760838812542,0.017604746054449668,0.32875199842004377,0.4759220797271386,cvar,optimal,0.0007666818728489204,0.017604746054449665,2018-04-23
sse50,0.5079865919616539,0.1111111111111111,-0.007067394237417653,4.124124273676718e-09,0.1746859783512844,0.41269149803019944,cvar,optimal,0.0006925636813318602,4.124124273676718e-09,2018-05-23
csi300,0.47968990480045437,0.1111111111111111,-0.023390926037925724,4.513491715231233e-09,0.1746859783512844,0.37353891016823704,cvar,optimal,0.0006925636813318602,4.513491715231233e-09,2018-05-23
csi500,0.17678429235495494,0.1111111111111111,-0.07359674993074215,0.00887348362717796,0.1746859783512844,0.8,cvar,optimal,0.0006925636813318602,0.00887348362717796,2018-05-23
csi1000,0.2674755388839986,0.1111111111111111,-0.0704493217513461,1.639174104167333e-08,0.1746859783512844,0.6671700582053973,cvar,optimal,0.0006925636813318602,1.639174104167333e-08,2018-05-23
bond_gov,0.7447776705991227,0.1111111111111111,0.0009543379848495316,0.4499999987689447,0.1746859783512844,0.651936533737524,cvar,optimal,0.0006925636813318602,0.4499999987689447,2018-05-23
bond_corp,0.7579738982311592,0.1111111111111111,0.0006375422965861294,0.44999999869713025,0.1746859783512844,0.6609500395263128,cvar,optimal,0.0006925636813318602,0.44999999869713025,2018-05-23
csi_cb,0.5045982007031322,0.1111111111111111,-0.012124735497635417,0.02085832308269019,0.1746859783512844,0.5027644065636296,cvar,optimal,0.0006925636813318602,0.02085832308269019,2018-05-23
gold_au,0.8320555051680514,0.1111111111111111,0.024229080107416506,0.05400504043839556,0.1746859783512844,0.7839598825956232,cvar,optimal,0.0006925636813318602,0.05400504043839556,2018-05-23
spx,0.6766128155156236,0.1111111111111111,0.019295613088059382,0.01626313035630428,0.1746859783512844,0.40597993796409926,cvar,optimal,0.0006925636813318602,0.01626313035630428,2018-05-23
sse50,0.23539223461374598,0.1111111111111111,-0.06312581873776642,5.172043147874698e-09,0.03197522897527957,0.8,cvar,optimal,0.0006988129963299341,5.172043147874698e-09,2018-06-21
csi300,0.34342255558012985,0.1111111111111111,-0.048469208869920476,6.57405857791074e-09,0.03197522897527957,0.7825168588511086,cvar,optimal,0.0006988129963299341,6.57405857791074e-09,2018-06-21
csi500,0.4063581456903239,0.1111111111111111,-0.027352805343942105,4.839731668157251e-08,0.03197522897527957,0.5559426464521136,cvar,optimal,0.0006988129963299341,4.839731668157251e-08,2018-06-21
csi1000,0.6037898633911916,0.1111111111111111,-0.011961299311033652,0.002879209467632719,0.03197522897527957,0.5567215621081193,cvar,optimal,0.0006988129963299341,0.002879209467632719,2018-06-21
bond_gov,0.8177665260972268,0.1111111111111111,0.001585722037863789,0.4499999963154371,0.03197522897527957,0.757740132664019,cvar,optimal,0.0006988129963299341,0.4499999963154371,2018-06-21
bond_corp,0.8050045291032717,0.1111111111111111,0.0007901829260875741,0.44999999627509546,0.03197522897527957,0.6683658668747533,cvar,optimal,0.0006988129963299341,0.44999999627509546,2018-06-21
csi_cb,0.555375708785566,0.1111111111111111,-0.012897485120886527,0.017134228082097483,0.03197522897527957,0.6159005414933204,cvar,optimal,0.0006988129963299341,0.017134228082097483,2018-06-21
gold_au,0.790297503757556,0.1111111111111111,0.014208245079875333,0.06900347723261399,0.03197522897527957,0.5297950847287164,cvar,optimal,0.0006988129963299341,0.06900347723261399,2018-06-21
spx,0.5241703774008579,0.1111111111111111,-0.0014003834980276,0.010983032483704894,0.03197522897527957,0.5049593883400381,cvar,optimal,0.0006988129963299341,0.010983032483704894,2018-06-21
sse50,0.37770087325536966,0.1111111111111111,-0.04834717148141092,7.061876772732319e-10,0.23534433685602063,0.5832101743046678,cvar,optimal,0.0006842578008081532,7.061876772732321e-10,2018-07-19
csi300,0.3838801260827929,0.1111111111111111,-0.0471699006737337,9.055117099898729e-10,0.23534433685602063,0.697763359379374,cvar,optimal,0.0006842578008081532,9.055117099898731e-10,2018-07-19
csi500,0.3989841988185522,0.1111111111111111,-0.04471603910603059,0.00040195831976913506,0.23534433685602063,0.7198960706818811,cvar,optimal,0.0006842578008081532,0.00040195831976913516,2018-07-19
csi1000,0.5506253814741461,0.1111111111111111,-0.03131647087923311,5.351321372554165e-08,0.23534433685602063,0.3742369847056845,cvar,optimal,0.0006842578008081532,5.3513213725541664e-08,2018-07-19
bond_gov,0.7843474872106645,0.1111111111111111,0.001368293273584307,0.4499999986225157,0.23534433685602063,0.515933601258508,cvar,optimal,0.0006842578008081532,0.44999999862251583,2018-07-19
bond_corp,0.8627556252730999,0.1111111111111111,0.0011026420834858125,0.4499999986512166,0.23534433685602063,0.7420472943932084,cvar,optimal,0.0006842578008081532,0.4499999986512167,2018-07-19
csi_cb,0.552815004183316,0.1111111111111111,-0.013929621875382707,0.018354821024390247,0.23534433685602063,0.5640924763848666,cvar,optimal,0.0006842578008081532,0.01835482102439025,2018-07-19
gold_au,0.6983463711138901,0.1111111111111111,0.009026649092198262,0.07024880410236749,0.23534433685602063,0.4407809050418993,cvar,optimal,0.0006842578008081532,0.0702488041023675,2018-07-19
spx,0.5552130873838681,0.1111111111111111,0.0001402708787000828,0.010994364154827577,0.23534433685602063,0.34597738501002867,cvar,optimal,0.0006842578008081532,0.010994364154827579,2018-07-19
sse50,0.35442209008733333,0.1111111111111111,-0.0333798969249168,2.185665336475969e-09,0.12258073872402211,0.7267047989698757,cvar,optimal,0.0006297675110437724,2.185665336475969e-09,2018-08-16
csi300,0.5391040500223581,0.1111111111111111,-0.017040843877129397,3.3716611218803924e-09,0.12258073872402211,0.685181560175274,cvar,optimal,0.0006297675110437724,3.3716611218803924e-09,2018-08-16
csi500,0.4989886177663983,0.1111111111111111,-0.010617350968753679,0.005296601120726337,0.12258073872402211,0.568851594955726,cvar,optimal,0.0006297675110437724,0.005296601120726337,2018-08-16
csi1000,0.5865167147681125,0.1111111111111111,-0.0018341411684282966,6.300731484449325e-09,0.12258073872402211,0.40777238748337197,cvar,optimal,0.0006297675110437724,6.300731484449325e-09,2018-08-16
bond_gov,0.7214915023143117,0.1111111111111111,0.0010180691819816547,0.4499999986143144,0.12258073872402211,0.47486241497966364,cvar,optimal,0.0006297675110437724,0.4499999986143144,2018-08-16
bond_corp,0.7666643876229754,0.1111111111111111,0.0006195939533377258,0.4499999984977538,0.12258073872402211,0.5234118331358921,cvar,optimal,0.0006297675110437724,0.4499999984977538,2018-08-16
csi_cb,0.6180384657333275,0.1111111111111111,-0.00039879713433371364,0.013611952313971337,0.12258073872402211,0.5864959336946783,cvar,optimal,0.0006297675110437724,0.013611952313971337,2018-08-16
gold_au,0.809570304826892,0.1111111111111111,0.016078297785592773,0.07246098261752801,0.12258073872402211,0.5408245658268278,cvar,optimal,0.0006297675110437724,0.07246098261752801,2018-08-16
spx,0.2512278553187934,0.1111111111111111,-0.049003200836801236,0.008630454977648212,0.12258073872402211,0.7748691320600969,cvar,optimal,0.0006297675110437724,0.008630454977648212,2018-08-16
sse50,0.631542819821827,0.1111111111111111,0.03559660671623687,1.403850554328745e-09,0.1834427802493521,0.42807589934382995,cvar,optimal,0.0006640568307209904,1.403850554328745e-09,2018-09-13
csi300,0.7691611366257001,0.1111111111111111,0.04027104630583465,2.3330272467522657e-09,0.1834427802493521,0.5226552202923254,cvar,optimal,0.0006640568307209904,2.3330272467522657e-09,2018-09-13
csi500,0.49051325327952666,0.1111111111111111,0.01889333852815566,0.005297031632488858,0.1834427802493521,0.4704596615610095,cvar,optimal,0.0006640568307209904,0.005297031632488858,2018-09-13
csi1000,0.5311662586689004,0.1111111111111111,0.02377265098715717,2.427721932127383e-09,0.1834427802493521,0.38839702226626144,cvar,optimal,0.0006640568307209904,2.427721932127383e-09,2018-09-13
bond_gov,0.5714218094840691,0.1111111111111111,0.00020018194850028186,0.44999999965217,0.1834427802493521,0.5255858008928089,cvar,optimal,0.0006640568307209904,0.44999999965217,2018-09-13
bond_corp,0.6551132806067704,0.1111111111111111,0.00029003792865666355,0.4499999996704104,0.1834427802493521,0.6591540890103408,cvar,optimal,0.0006640568307209904,0.4499999996704104,2018-09-13
csi_cb,0.6651993568117404,0.1111111111111111,0.012715879719862686,0.013612374634397871,0.1834427802493521,0.46137382681385253,cvar,optimal,0.0006640568307209904,0.013612374634397871,2018-09-13
gold_au,0.7059987760067012,0.1111111111111111,0.012269673821642126,0.07245996202599504,0.1834427802493521,0.5856243951129305,cvar,optimal,0.0006640568307209904,0.07245996202599504,2018-09-13
spx,0.14479686604043276,0.1111111111111111,-0.0611349488837051,0.008630626219938006,0.1834427802493521,0.7985936144817369,cvar,optimal,0.0006640568307209904,0.008630626219938006,2018-09-13
sse50,0.5602155468165014,0.1,0.01778047100206333,9.122734986522703e-05,0.2525254864231575,0.633965036172311,cvar,optimal,0.0004831592867653727,9.122734986522703e-05,2018-10-19
csi300,0.6047947808151674,0.1,0.016651581364082048,1.314207792656724e-09,0.2525254864231575,0.5639755063059515,cvar,optimal,0.0004831592867653727,1.314207792656724e-09,2018-10-19
csi500,0.339176191577579,0.1,-0.011750996155718868,4.032509961075144e-10,0.2525254864231575,0.5092737199607814,cvar,optimal,0.0004831592867653727,4.032509961075144e-10,2018-10-19
csi1000,0.43775853790972663,0.1,-0.007107339500546289,3.443334137529748e-10,0.2525254864231575,0.37298695169597873,cvar,optimal,0.0004831592867653727,3.443334137529748e-10,2018-10-19
bond_gov,0.6578829293754856,0.1,0.0006476610635852801,0.44999999940031915,0.2525254864231575,0.5460775491861637,cvar,optimal,0.0004831592867653727,0.44999999940031915,2018-10-19
bond_corp,0.7341282244368537,0.1,0.0006433025564007812,0.4499999994097074,0.2525254864231575,0.7050350101580343,cvar,optimal,0.0004831592867653727,0.4499999994097074,2018-10-19
csi_cb,0.8188897995727281,0.1,0.017278112864773865,0.02097058032065537,0.2525254864231575,0.5958509128873035,cvar,optimal,0.0004831592867653727,0.02097058032065537,2018-10-19
crude_sc,0.2841265556091121,0.1,-0.06284252636292932,0.000446750529009941,0.2525254864231575,0.8,cvar,optimal,0.0004831592867653727,0.000446750529009941,2018-10-19
gold_au,0.6585847357975019,0.1,0.009219144803875888,0.05440233985828516,0.2525254864231575,0.39580664960843737,cvar,optimal,0.0004831592867653727,0.05440233985828516,2018-10-19
spx,0.4044426980893441,0.1,-0.013522881586691831,0.0240891010703656,0.2525254864231575,0.5210319033950237,cvar,optimal,0.0004831592867653727,0.0240891010703656,2018-10-19
sse50,0.5843813415322974,0.1,0.01922627264599088,1.4139054576994312e-07,0.03451882289060531,0.6393564650779806,cvar,optimal,0.00047577516111081024,1.4139054576994312e-07,2018-11-16
csi300,0.5758060431422676,0.1,0.01079222981997785,1.7042065009357063e-08,0.03451882289060531,0.673653658027594,cvar,optimal,0.00047577516111081024,1.7042065009357063e-08,2018-11-16
csi500,0.40817040546702343,0.1,-0.03219714284645081,5.429788579989417e-09,0.03451882289060531,0.681330565804822,cvar,optimal,0.00047577516111081024,5.429788579989417e-09,2018-11-16
csi1000,0.4418364661787347,0.1,-0.028320355187442248,4.72692679570591e-09,0.03451882289060531,0.6197801890343981,cvar,optimal,0.00047577516111081024,4.72692679570591e-09,2018-11-16
bond_gov,0.5425380037078046,0.1,0.00020143140731124483,0.44999998861811225,0.03451882289060531,0.5704324011718638,cvar,optimal,0.00047577516111081024,0.44999998861811225,2018-11-16
bond_corp,0.6781803119564501,0.1,0.0006848766698423343,0.44999998766876986,0.03451882289060531,0.6528416326440714,cvar,optimal,0.00047577516111081024,0.44999998766876986,2018-11-16
csi_cb,0.6848444521211721,0.1,0.013780090139899257,0.021050787507104478,0.03451882289060531,0.7119296512585498,cvar,optimal,0.00047577516111081024,0.021050787507104478,2018-11-16
crude_sc,0.4351106725252655,0.1,-0.04897829674050021,0.0003699329342051654,0.03451882289060531,0.7559831360410818,cvar,optimal,0.00047577516111081024,0.0003699329342051654,2018-11-16
gold_au,0.646816252220671,0.1,0.014016629969838691,0.05820707665328516,0.03451882289060531,0.5753619837710182,cvar,optimal,0.00047577516111081024,0.05820707665328516,2018-11-16
spx,0.5023160511483141,0.1,-0.009740722502007713,0.020372058029196963,0.03451882289060531,0.6713145793121826,cvar,optimal,0.00047577516111081024,0.020372058029196963,2018-11-16
sse50,0.5241350315719856,0.1,-0.01524436220518896,0.0009294148468381495,0.5390422878270272,0.7325380370495091,cvar,optimal,0.0004586424963596285,0.0009294148468381495,2018-12-14
csi300,0.6000138652761761,0.1,-0.013923826628980542,2.8341681363491055e-09,0.5390422878270272,0.47522511907656345,cvar,optimal,0.0004586424963596285,2.8341681363491055e-09,2018-12-14
csi500,0.4088656154806407,0.1,-0.061246462352954154,8.01359165723492e-10,0.5390422878270272,0.7094623967128144,cvar,optimal,0.0004586424963596285,8.01359165723492e-10,2018-12-14
csi1000,0.4206542644386493,0.1,-0.061690372782836636,6.97267537104031e-10,0.5390422878270272,0.6773907133890926,cvar,optimal,0.0004586424963596285,6.97267537104031e-10,2018-12-14
bond_gov,0.49933061123589895,0.1,-0.00037089304682479314,0.4499999975746616,0.5390422878270272,0.6789597856769762,cvar,optimal,0.0004586424963596285,0.4499999975746616,2018-12-14
bond_corp,0.6043180050089985,0.1,0.000351165753323494,0.44999999690489495,0.5390422878270272,0.5821534393110419,cvar,optimal,0.0004586424963596285,0.44999999690489495,2018-12-14
csi_cb,0.5797855188628079,0.1,-0.004884861268762801,0.018793904337027736,0.5390422878270272,0.6201762049737991,cvar,optimal,0.0004586424963596285,0.018793904337027736,2018-12-14
crude_sc,0.6941750019018762,0.1,0.07278889148032854,0.003692124160450102,0.5390422878270272,0.44899404400829573,cvar,optimal,0.0004586424963596285,0.003692124160450102,2018-12-14
gold_au,0.591350491155189,0.1,0.008122578435127226,0.06085444963420985,0.5390422878270272,0.5101549360856636,cvar,optimal,0.0004586424963596285,0.06085444963420985,2018-12-14
spx,0.5773715950677778,0.1,0.012618989399148708,0.01573010820912296,0.5390422878270272,0.4461558412501658,cvar,optimal,0.0004586424963596285,0.01573010820912296,2018-12-14
sse50,0.4903342342922377,0.1,-0.01700124079930189,7.703050396062481e-10,0.8618284647612247,0.6730528039570335,cvar,optimal,0.00045100741166496244,7.703050396062481e-10,2019-01-15
csi300,0.542304004500256,0.1,-0.014372927224341525,3.1424015072190946e-10,0.8618284647612247,0.6335058626676926,cvar,optimal,0.00045100741166496244,3.1424015072190946e-10,2019-01-15
csi500,0.4071301301623543,0.1,-0.03890658861579401,1.297605703165391e-10,0.8618284647612247,0.5879335438173136,cvar,optimal,0.00045100741166496244,1.297605703165391e-10,2019-01-15
csi1000,0.48445625582445256,0.1,-0.032580750928386484,1.1296835089463948e-10,0.8618284647612247,0.6786525309145794,cvar,optimal,0.00045100741166496244,1.1296835089463948e-10,2019-01-15
bond_gov,0.4588903904870628,0.1,-0.0006682430482531133,0.4499999997189008,0.8618284647612247,0.5855571854007031,cvar,optimal,0.00045100741166496244,0.4499999997189008,2019-01-15
bond_corp,0.5614260260324709,0.1,8.721391669611655e-05,0.4499999997542582,0.8618284647612247,0.5461275913072658,cvar,optimal,0.00045100741166496244,0.4499999997542582,2019-01-15
csi_cb,0.5668849847336366,0.1,-0.0026132312909904042,0.018886803166515892,0.8618284647612247,0.5075822523879546,cvar,optimal,0.00045100741166496244,0.018886803166515892,2019-01-15
crude_sc,0.7809670673313052,0.1,0.1289804869219714,0.004426794150626948,0.8618284647612247,0.4925721860551381,cvar,optimal,0.00045100741166496244,0.004426794150626948,2019-01-15
gold_au,0.5957931929934034,0.1,0.004033066858001824,0.06166091642959019,0.8618284647612247,0.4784132484761031,cvar,optimal,0.00045100741166496244,0.06166091642959019,2019-01-15
spx,0.6118137136428206,0.1,0.028908592336041435,0.015025485452833977,0.8618284647612247,0.49376033306199113,cvar,optimal,0.00045100741166496244,0.015025485452833977,2019-01-15
sse50,0.3334264414335378,0.1,-0.06242861421433845,1.285937279076263e-08,0.00018917844043808474,0.6984718077095684,cvar,optimal,0.00043906408839147846,1.285937279076263e-08,2019-02-19
csi300,0.5383233229591066,0.1,-0.042994293455265814,3.931808615182985e-09,0.00018917844043808474,0.527704379120585,cvar,optimal,0.00043906408839147846,3.931808615182985e-09,2019-02-19
csi500,0.34712955413590907,0.1,-0.060158392086310866,1.2605204869503214e-09,0.00018917844043808474,0.5920094488408593,cvar,optimal,0.00043906408839147846,1.2605204869503214e-09,2019-02-19
csi1000,0.40693173104809227,0.1,-0.05361244461085466,1.0793407111430602e-09,0.00018917844043808474,0.469276250093705,cvar,optimal,0.00043906408839147846,1.0793407111430602e-09,2019-02-19
bond_gov,0.6130041095589208,0.1,0.000564033107218797,0.44999999679276,0.00018917844043808474,0.35611441789704157,cvar,optimal,0.00043906408839147846,0.44999999679276,2019-02-19
bond_corp,0.6942092217464512,0.1,0.0006741481105323453,0.44999999591822504,0.00018917844043808474,0.5907037188694618,cvar,optimal,0.00043906408839147846,0.44999999591822504,2019-02-19
csi_cb,0.607318449264962,0.1,-0.009631454141092004,0.019324572630014747,0.00018917844043808474,0.3422015500550676,cvar,optimal,0.00043906408839147846,0.019324572630014747,2019-02-19
crude_sc,0.6942591082718182,0.1,0.059788999939856396,0.004213633530285531,0.00018917844043808474,0.4480847058462888,cvar,optimal,0.00043906408839147846,0.004213633530285531,2019-02-19
gold_au,0.669029670496572,0.1,0.01205174686678754,0.06139108969227237,0.00018917844043808474,0.45667645099764914,cvar,optimal,0.00043906408839147846,0.06139108969227237,2019-02-19
spx,0.5963683910846306,0.1,0.010558337462308488,0.015070692305399801,0.00018917844043808474,0.4288974928293911,cvar,optimal,0.00043906408839147846,0.015070692305399801,2019-02-19
sse50,0.499614192695377,0.1,-0.028671609122517414,3.898756425259161e-10,0.32489725914516376,0.6834468495156021,cvar,optimal,0.00046073966560941887,3.898756425259161e-10,2019-03-19
csi300,0.6026545590900734,0.1,-0.002290650468798755,6.267235803430773e-10,0.32489725914516376,0.6024071762422432,cvar,optimal,0.00046073966560941887,6.267235803430773e-10,2019-03-19
csi500,0.4731304494944375,0.1,-0.051398401169976585,4.273910743666672e-10,0.32489725914516376,0.7890683859872045,cvar,optimal,0.00046073966560941887,4.273910743666672e-10,2019-03-19
csi1000,0.5781330102053783,0.1,-0.01645853925469458,6.18768035728935e-10,0.32489725914516376,0.48647258905239804,cvar,optimal,0.00046073966560941887,6.18768035728935e-10,2019-03-19
bond_gov,0.5323010555051674,0.1,-0.0001279656391641171,0.4499999991631709,0.32489725914516376,0.5281587878509811,cvar,optimal,0.00046073966560941887,0.4499999991631709,2019-03-19
bond_corp,0.5756678746360364,0.1,0.000270415965070157,0.44999999800807117,0.32489725914516376,0.5889470576533145,cvar,optimal,0.00046073966560941887,0.44999999800807117,2019-03-19
csi_cb,0.5122791260783159,0.1,-0.015416329534950438,0.021626367609134382,0.32489725914516376,0.6050634508903845,cvar,optimal,0.00046073966560941887,0.021626367609134382,2019-03-19
crude_sc,0.5188633266718621,0.1,-0.02100561298001058,1.0725315631507071e-09,0.32489725914516376,0.529950115765875,cvar,optimal,0.00046073966560941887,1.0725315631507071e-09,2019-03-19
gold_au,0.633784798706107,0.1,0.026076640291463796,0.05785713619868871,0.32489725914516376,0.6645701379156725,cvar,optimal,0.00046073966560941887,0.05785713619868871,2019-03-19
spx,0.5735716069172455,0.1,0.021350896291004857,0.020516495885645043,0.32489725914516376,0.7125488259771736,cvar,optimal,0.00046073966560941887,0.020516495885645043,2019-03-19
sse50,0.575309966863422,0.1,0.07130941061913826,5.4904185227627996e-09,0.25703088489219106,0.5560527096200159,cvar,optimal,0.00050544917987669,5.4904185227627996e-09,2019-04-17
csi300,0.6448969903322816,0.1,0.09531418790153515,7.74738225049025e-09,0.25703088489219106,0.6158245107855915,cvar,optimal,0.00050544917987669,7.74738225049025e-09,2019-04-17
csi500,0.5345273896722971,0.1,0.07082448759843071,3.1238868002070105e-09,0.25703088489219106,0.6031598575292194,cvar,optimal,0.00050544917987669,3.1238868002070105e-09,2019-04-17
csi1000,0.6193854962833275,0.1,0.09429137208363209,3.6714768848389524e-09,0.25703088489219106,0.6153338654004947,cvar,optimal,0.00050544917987669,3.6714768848389524e-09,2019-04-17
bond_gov,0.4881682546254842,0.1,-0.0011474891520161313,0.449999996988002,0.25703088489219106,0.5581534954315732,cvar,optimal,0.00050544917987669,0.449999996988002,2019-04-17
bond_corp,0.5510057923122351,0.1,1.2757870203049254e-05,0.4499999967676011,0.25703088489219106,0.6101519036345575,cvar,optimal,0.00050544917987669,0.4499999967676011,2019-04-17
csi_cb,0.5605503777702051,0.1,0.031763445543587565,0.033221742268677364,0.25703088489219106,0.6223208424598339,cvar,optimal,0.00050544917987669,0.033221742268677364,2019-04-17
crude_sc,0.49031584975117287,0.1,-0.041656623438688284,5.863178843731314e-09,0.25703088489219106,0.6306149801734404,cvar,optimal,0.00050544917987669,5.863178843731314e-09,2019-04-17
gold_au,0.5042643529696694,0.1,-0.01551734108926392,0.05114094927225155,0.25703088489219106,0.4518442690483931,cvar,optimal,0.00050544917987669,0.05114094927225155,2019-04-17
spx,0.5315755294199056,0.1,-0.002191329120963644,0.01563728880712466,0.25703088489219106,0.6563716108807186,cvar,optimal,0.00050544917987669,0.01563728880712466,2019-04-17
sse50,0.6801418517431334,0.1,0.02450299093209298,2.40276356548652e-09,0.07112289852588888,0.544692321093852,cvar,optimal,0.0004982514847495527,2.40276356548652e-09,2019-05-20
csi300,0.660468514941681,0.1,0.0063335929397339286,1.8241419520083915e-09,0.07112289852588888,0.6331907445327368,cvar,optimal,0.0004982514847495527,1.8241419520083915e-09,2019-05-20
csi500,0.27306600063569003,0.1,-0.08103755052419057,8.697153459168498e-10,0.07112289852588888,0.8,cvar,optimal,0.0004982514847495527,8.697153459168498e-10,2019-05-20
csi1000,0.29987396815123896,0.1,-0.08859953418074204,7.302946935384693e-10,0.07112289852588888,0.8,cvar,optimal,0.0004982514847495527,7.302946935384693e-10,2019-05-20
bond_gov,0.5342048218597715,0.1,5.237585337230014e-05,0.44999999764980847,0.07112289852588888,0.49780893763722334,cvar,optimal,0.0004982514847495527,0.44999999764980847,2019-05-20
bond_corp,0.5703051833424072,0.1,-1.0127272437370047e-05,0.44999999816679687,0.07112289852588888,0.5326398911755446,cvar,optimal,0.0004982514847495527,0.44999999816679687,2019-05-20
csi_cb,0.5947609089087676,0.1,-0.0066484870931341755,0.026626452085788517,0.07112289852588888,0.57340017170412,cvar,optimal,0.0004982514847495527,0.026626452085788517,2019-05-20
crude_sc,0.6576203718869927,0.1,0.055872678578620015,0.001396971416020451,0.07112289852588888,0.4917422389573303,cvar,optimal,0.0004982514847495527,0.001396971416020451,2019-05-20
gold_au,0.6259037374118644,0.1,0.006972765847327096,0.05492515360018606,0.07112289852588888,0.5069220116613606,cvar,optimal,0.0004982514847495527,0.05492515360018606,2019-05-20
spx,0.6036546411184537,0.1,0.020199223271447617,0.017051421254484157,0.07112289852588888,0.6726652717583766,cvar,optimal,0.0004982514847495527,0.017051421254484157,2019-05-20
sse50,0.5191551064276592,0.1,-0.016889394863251084,4.3090661540842385e-09,0.11529921345152622,0.3211454280292755,cvar,optimal,0.000499595228726861,4.3090661540842385e-09,2019-06-18
csi300,0.49388305897550255,0.1,-0.03222238242405883,2.9787070255690277e-09,0.11529921345152622,0.3691971544343385,cvar,optimal,0.000499595228726861,2.9787070255690277e-09,2019-06-18
csi500,0.22460255134337304,0.1,-0.0858676926056361,2.000224599231308e-09,0.11529921345152622,0.712635214394338,cvar,optimal,0.000499595228726861,2.000224599231308e-09,2019-06-18
csi1000,0.247363939279868,0.1,-0.09323109513469419,1.6418896295573467e-09,0.11529921345152622,0.7588186966762887,cvar,optimal,0.000499595228726861,1.6418896295573467e-09,2019-06-18
bond_gov,0.6558039061693048,0.1,0.0007729764149271995,0.44999999620520525,0.11529921345152622,0.4018361727087888,cvar,optimal,0.000499595228726861,0.44999999620520525,2019-06-18
bond_corp,0.7521838118018007,0.1,0.0006426968946223502,0.4499999970757163,0.11529921345152622,0.7057297065041227,cvar,optimal,0.000499595228726861,0.4499999970757163,2019-06-18
csi_cb,0.7117036000033502,0.1,-0.009097105995291212,0.026391551053512725,0.11529921345152622,0.5279584681717415,cvar,optimal,0.000499595228726861,0.026391551053512725,2019-06-18
crude_sc,0.574509954015693,0.1,0.016413950886369752,0.0007325969330699212,0.11529921345152622,0.5752995721103384,cvar,optimal,0.000499595228726861,0.0007325969330699212,2019-06-18
gold_au,0.7015577420914155,0.1,0.01390920456891402,0.055818834397676216,0.11529921345152622,0.4277871444368807,cvar,optimal,0.000499595228726861,0.055818834397676216,2019-06-18
spx,0.6192363298920331,0.1,0.014945570177138814,0.017057013404932188,0.11529921345152622,0.678323385305091,cvar,optimal,0.000499595228726861,0.017057013404932188,2019-06-18
sse50,0.5202881878879902,0.1,-0.023580053881045594,3.1479285300260655e-09,0.07440406279654861,0.41012844583429053,cvar,optimal,0.0004702762409552052,3.147928530026066e-09,2019-07-16
csi300,0.410637910622508,0.1,-0.04338861474297728,2.6083905932889006e-09,0.07440406279654861,0.6397376572698401,cvar,optimal,0.0004702762409552052,2.608390593288901e-09,2019-07-16
csi500,0.16560534800761756,0.1,-0.09087428583540252,1.8176915276122019e-09,0.07440406279654861,0.7783195582827191,cvar,optimal,0.0004702762409552052,1.817691527612202e-09,2019-07-16
csi1000,0.1718474872106646,0.1,-0.09819281397435686,1.7832006246877805e-09,0.07440406279654861,0.7930839876137742,cvar,optimal,0.0004702762409552052,1.7832006246877807e-09,2019-07-16
bond_gov,0.6905549078625101,0.1,0.0009036929204247065,0.44999999437863064,0.07440406279654861,0.44505235623585737,cvar,optimal,0.0004702762409552052,0.4499999943786307,2019-07-16
bond_corp,0.7734696729089628,0.1,0.0004865402601028711,0.4499999944749747,0.07440406279654861,0.682350852681348,cvar,optimal,0.0004702762409552052,0.44999999447497474,2019-07-16
csi_cb,0.7240818037453778,0.1,-0.013598107503406537,0.03528994924927956,0.07440406279654861,0.5451787020392038,cvar,optimal,0.0004702762409552052,0.03528994924927957,2019-07-16
crude_sc,0.7256245770669311,0.1,0.04239322770341061,0.004176678257420298,0.07440406279654861,0.6580360686410809,cvar,optimal,0.0004702762409552052,0.004176678257420299,2019-07-16
gold_au,0.8070594551674543,0.1,0.026795216067588445,0.04574193207497077,0.07440406279654861,0.5946957473529342,cvar,optimal,0.0004702762409552052,0.04574193207497078,2019-07-16
spx,0.510830649519984,0.1,-0.0011901283154040591,0.014791442207512757,0.07440406279654861,0.6726901023261275,cvar,optimal,0.0004702762409552052,0.014791442207512759,2019-07-16
sse50,0.5742185896784041,0.1,-0.015754980970281815,1.1633309606650454e-09,0.3110118999468456,0.5032045731751265,cvar,optimal,0.0005212659087273496,1.1633309606650457e-09,2019-08-13
csi300,0.5181081585635701,0.1,-0.03726397872749238,7.800785983002925e-10,0.3110118999468456,0.5728214604672824,cvar,optimal,0.0005212659087273496,7.800785983002926e-10,2019-08-13
csi500,0.3775668082823292,0.1,-0.0909349173666583,4.503602278137292e-10,0.3110118999468456,0.67332240538779,cvar,optimal,0.0005212659087273496,4.5036022781372925e-10,2019-08-13
csi1000,0.4045548140520781,0.1,-0.09554201988575294,4.320496771818506e-10,0.3110118999468456,0.7320466384821703,cvar,optimal,0.0005212659087273496,4.3204967718185065e-10,2019-08-13
bond_gov,0.5451871170342019,0.1,0.00036545208035488756,0.44999999502681565,0.3110118999468456,0.4475187094400618,cvar,optimal,0.0005212659087273496,0.4499999950268157,2019-08-13
bond_corp,0.6413227606028368,0.1,0.00039990446712932743,0.44999999838072086,0.3110118999468456,0.6954627567226056,cvar,optimal,0.0005212659087273496,0.4499999983807209,2019-08-13
csi_cb,0.5397044788549407,0.1,-0.021547750744364665,0.03663942305776638,0.3110118999468456,0.44654878493182,cvar,optimal,0.0005212659087273496,0.036639423057766386,2019-08-13
crude_sc,0.5934429484526348,0.1,0.017664715046127995,0.0033940997009860654,0.3110118999468456,0.5924632805170976,cvar,optimal,0.0005212659087273496,0.003394099700986066,2019-08-13
gold_au,0.6998186520616247,0.1,0.043216006030837854,0.04379611255619993,0.3110118999468456,0.6200654740464203,cvar,optimal,0.0005212659087273496,0.04379611255619994,2019-08-13
spx,0.6060756724173797,0.1,0.01258284029650527,0.01617036845169152,0.3110118999468456,0.580388442434741,cvar,optimal,0.0005212659087273496,0.016170368451691522,2019-08-13
sse50,0.3743653699333534,0.1,-0.0551233233163031,2.0812931457645087e-09,0.024019656625569017,0.7242076833511176,cvar,optimal,0.0006166039044226471,2.0812931457645087e-09,2019-09-10
csi300,0.4360978248879336,0.1,-0.052411568854075975,1.6831840527169238e-09,0.024019656625569017,0.4459039463467309,cvar,optimal,0.0006166039044226471,1.6831840527169238e-09,2019-09-10
csi500,0.3407293599153564,0.1,-0.06517402988355694,1.0265983308431356e-09,0.024019656625569017,0.6672672202749224,cvar,optimal,0.0006166039044226471,1.0265983308431356e-09,2019-09-10
csi1000,0.432163409176964,0.1,-0.054653588989502275,1.0208965191182251e-09,0.024019656625569017,0.3803963703261871,cvar,optimal,0.0006166039044226471,1.0208965191182251e-09,2019-09-10
bond_gov,0.6408901808818155,0.1,0.0009527476551214489,0.4499999974744791,0.024019656625569017,0.5219300370625274,cvar,optimal,0.0006166039044226471,0.4499999974744791,2019-09-10
bond_corp,0.7549526350756453,0.1,0.0006303055996841379,0.449999997595676,0.024019656625569017,0.7776590621508126,cvar,optimal,0.0006166039044226471,0.449999997595676,2019-09-10
csi_cb,0.587765272494156,0.1,-0.017723476149998002,0.03772891546990267,0.024019656625569017,0.35247723400438924,cvar,optimal,0.0006166039044226471,0.03772891546990267,2019-09-10
crude_sc,0.6987166835765023,0.1,0.0460302242953022,0.004296632186059353,0.024019656625569017,0.6624870952576027,cvar,optimal,0.0006166039044226471,0.004296632186059353,2019-09-10
gold_au,0.7478517151484878,0.1,0.04893350380545074,0.043964043024004834,0.024019656625569017,0.7835765258893884,cvar,optimal,0.0006166039044226471,0.043964043024004834,2019-09-10
spx,0.48646754890978633,0.1,-0.009932021016556752,0.014010408437906022,0.024019656625569017,0.6610397100265673,cvar,optimal,0.0006166039044226471,0.014010408437906022,2019-09-10
sse50,0.5405003004293348,0.1,-0.008558899028620087,6.977756167368404e-09,0.39280193512005357,0.49581490357512675,cvar,optimal,0.000630805855051521,6.977756167368404e-09,2019-10-16
csi300,0.600082496546815,0.1,-0.006895298924057991,6.170884234776631e-09,0.39280193512005357,0.513467246685139,cvar,optimal,0.000630805855051521,6.170884234776631e-09,2019-10-16
csi500,0.4873169382251785,0.1,-0.03571568600914045,3.0177704088617093e-09,0.39280193512005357,0.663743430535177,cvar,optimal,0.000630805855051521,3.0177704088617093e-09,2019-10-16
csi1000,0.4443206960889393,0.1,-0.04540618125027947,2.7616568272204088e-09,0.39280193512005357,0.5651606460111509,cvar,optimal,0.000630805855051521,2.7616568272204088e-09,2019-10-16
bond_gov,0.5292653329996355,0.1,0.0002845389627250302,0.4499999913249733,0.39280193512005357,0.4918072283381573,cvar,optimal,0.000630805855051521,0.4499999913249733,2019-10-16
bond_corp,0.6702249566937656,0.1,0.0008277507094166912,0.44999999289578396,0.39280193512005357,0.6720004065429993,cvar,optimal,0.000630805855051521,0.44999999289578396,2019-10-16
csi_cb,0.5297964496429087,0.1,-0.009683555130063814,0.04639355843548103,0.39280193512005357,0.5570355685202305,cvar,optimal,0.000630805855051521,0.04639355843548103,2019-10-16
crude_sc,0.6160565061657094,0.1,0.05879509610886857,0.0047704708996472445,0.39280193512005357,0.6636173402838577,cvar,optimal,0.000630805855051521,0.0047704708996472445,2019-10-16
gold_au,0.6120604142441377,0.1,0.026636248865657255,0.03419240421532879,0.39280193512005357,0.7251241337219432,cvar,optimal,0.000630805855051521,0.03419240421532879,2019-10-16
spx,0.4703759089635757,0.1,-0.029416399191724146,0.014643563300717958,0.39280193512005357,0.6731037208616363,cvar,optimal,0.000630805855051521,0.014643563300717958,2019-10-16
sse50,0.45246846695874304,0.1,-0.023209095138476903,8.10832013636194e-10,0.00457342071628226,0.40303707905907504,cvar,optimal,0.0006267269385658902,8.108320136361941e-10,2019-11-13
csi300,0.49115029419108275,0.1,-0.02725532105802462,6.475879488237413e-10,0.00457342071628226,0.3489472100303829,cvar,optimal,0.0006267269385658902,6.475879488237414e-10,2019-11-13
csi500,0.30259177393623776,0.1,-0.052735084913263175,3.7284943382809474e-10,0.00457342071628226,0.7521616592428869,cvar,optimal,0.0006267269385658902,3.728494338280948e-10,2019-11-13
csi1000,0.3534803923853928,0.1,-0.05297681160791639,3.8019253133512747e-10,0.00457342071628226,0.6878626073275392,cvar,optimal,0.0006267269385658902,3.801925313351275e-10,2019-11-13
bond_gov,0.6290723662284842,0.1,0.0009869935521975434,0.4499999989730578,0.00457342071628226,0.42368669919452867,cvar,optimal,0.0006267269385658902,0.44999999897305787,2019-11-13
bond_corp,0.743635940264221,0.1,0.0005780752894693997,0.44999999917959,0.00457342071628226,0.7151397664519172,cvar,optimal,0.0006267269385658902,0.44999999917959005,2019-11-13
csi_cb,0.6467580345548026,0.1,-0.006618252891339707,0.04501194296046961,0.00457342071628226,0.4957557684527258,cvar,optimal,0.0006267269385658902,0.04501194296046962,2019-11-13
crude_sc,0.7422191219145647,0.1,0.08204224139778145,0.005033759203999378,0.00457342071628226,0.7295996042929994,cvar,optimal,0.0006267269385658902,0.005033759203999379,2019-11-13
gold_au,0.7040723662284842,0.1,0.030087054365702498,0.03196827212082675,0.00457342071628226,0.6556860521418745,cvar,optimal,0.0006267269385658902,0.03196827212082676,2019-11-13
spx,0.4345512433379872,0.1,-0.018352947286848206,0.01798602535059437,0.00457342071628226,0.6756138559040322,cvar,optimal,0.0006267269385658902,0.017986025350594372,2019-11-13
sse50,0.4477820223182452,0.1,-0.022250610830625937,1.3994799929999677e-09,0.08396815574602051,0.3579798100734442,cvar,optimal,0.0006150202550717521,1.3994799929999677e-09,2019-12-11
csi300,0.44229938413898406,0.1,-0.02823039356698559,1.2726529012694063e-09,0.08396815574602051,0.426043093754353,cvar,optimal,0.0006150202550717521,1.2726529012694063e-09,2019-12-11
csi500,0.2595706712762539,0.1,-0.05268227808694757,8.268137429762627e-10,0.08396815574602051,0.7978061084563183,cvar,optimal,0.0006150202550717521,8.268137429762627e-10,2019-12-11
csi1000,0.2586079130162827,0.1,-0.05874922841773464,7.861813121210281e-10,0.08396815574602051,0.7653225538944863,cvar,optimal,0.0006150202550717521,7.861813121210281e-10,2019-12-11
bond_gov,0.6737372105484185,0.1,0.0010020062756642522,0.4499999984562631,0.08396815574602051,0.49208470082889255,cvar,optimal,0.0006150202550717521,0.4499999984562631,2019-12-11
bond_corp,0.6963517502044647,0.1,0.00022725272774722769,0.4499999985248944,0.08396815574602051,0.4585211870471198,cvar,optimal,0.0006150202550717521,0.4499999985248944,2019-12-11
csi_cb,0.6987372105484186,0.1,-0.005742105522486402,0.04576679714889678,0.08396815574602051,0.5565257726969219,cvar,optimal,0.0006150202550717521,0.04576679714889678,2019-12-11
crude_sc,0.7799592967713854,0.1,0.07205269705324632,0.004587001775478039,0.08396815574602051,0.726434794543381,cvar,optimal,0.0006150202550717521,0.004587001775478039,2019-12-11
gold_au,0.7487372105484187,0.1,0.03306037627797958,0.03084035006566472,0.08396815574602051,0.6920856127512418,cvar,optimal,0.0006150202550717521,0.03084035006566472,2019-12-11
spx,0.4942173306291285,0.1,-0.006083617738070549,0.01880584974367497,0.08396815574602051,0.7210808039910717,cvar,optimal,0.0006150202550717521,0.01880584974367497,2019-12-11
sse50,0.3355091654508415,0.1,-0.03667801211355635,1.2243126554311507e-10,0.04966808905538196,0.7130022733193364,cvar,optimal,0.0006019055402718594,1.2243126554311507e-10,2020-01-09
csi300,0.3815755294199055,0.1,-0.03657149995853201,1.0869303990736999e-10,0.04966808905538196,0.5676336045024186,cvar,optimal,0.0006019055402718594,1.0869303990736999e-10,2020-01-09
csi500,0.2518100574389378,0.1,-0.05161553938736339,6.71403260784218e-11,0.04966808905538196,0.7974404859549145,cvar,optimal,0.0006019055402718594,6.71403260784218e-11,2020-01-09
csi1000,0.3047894885146582,0.1,-0.05260642129544612,6.196754533008961e-11,0.04966808905538196,0.6388438943041405,cvar,optimal,0.0006019055402718594,6.196754533008961e-11,2020-01-09
bond_gov,0.7641532968624077,0.1,0.0012774492345163592,0.44999999988054445,0.04966808905538196,0.7248792241129158,cvar,optimal,0.0006019055402718594,0.44999999988054445,2020-01-09
bond_corp,0.7839039016558148,0.1,0.0005252824827369125,0.4499999999108668,0.04966808905538196,0.6821225102093498,cvar,optimal,0.0006019055402718594,0.4499999999108668,2020-01-09
csi_cb,0.6728524048743115,0.1,-0.010613321182427884,0.04324071786849884,0.04966808905538196,0.3856639496511709,cvar,optimal,0.0006019055402718594,0.04324071786849884,2020-01-09
crude_sc,0.7501567605765302,0.1,0.05448242826282261,0.005088209194671192,0.04966808905538196,0.5318764343820388,cvar,optimal,0.0006019055402718594,0.005088209194671192,2020-01-09
gold_au,0.6730091654508416,0.1,0.02303526048811127,0.027102399223732487,0.04966808905538196,0.3532128111079046,cvar,optimal,0.0006019055402718594,0.027102399223732487,2020-01-09
spx,0.5822402297557514,0.1,0.0012869084610435417,0.024568673561454053,0.04966808905538196,0.4995556100108029,cvar,optimal,0.0006019055402718594,0.024568673561454053,2020-01-09
sse50,0.24495618001039982,0.1,-0.04535901621328856,2.4147335014575013e-10,0.07428998930138318,0.7777497727274818,cvar,optimal,0.0006189263083188416,2.4147335014575013e-10,2020-02-14
csi300,0.6535719608746662,0.1,-0.013345083346500038,2.3645315426549374e-10,0.07428998930138318,0.4272942300101042,cvar,optimal,0.0006189263083188416,2.3645315426549374e-10,2020-02-14
csi500,0.6197340523701328,0.1,0.0022145934456057614,1.5563502280386128e-10,0.07428998930138318,0.3789030018987872,cvar,optimal,0.0006189263083188416,1.5563502280386128e-10,2020-02-14
csi1000,0.633316236028533,0.1,0.007849463460956864,1.5171029495023693e-10,0.07428998930138318,0.3896759141964791,cvar,optimal,0.0006189263083188416,1.5171029495023693e-10,2020-02-14
bond_gov,0.6757359295574671,0.1,0.0014353826076158903,0.4499999996907817,0.07428998930138318,0.5497093675958235,cvar,optimal,0.0006189263083188416,0.4499999996907817,2020-02-14
bond_corp,0.6969611302870672,0.1,0.0006800173463515633,0.44999999957700043,0.07428998930138318,0.4929572002777387,cvar,optimal,0.0006189263083188416,0.44999999957700043,2020-02-14
csi_cb,0.5479257633040001,0.1,-0.006400407859447987,0.044407853954385935,0.07428998930138318,0.5788241542488987,cvar,optimal,0.0006189263083188416,0.044407853954385935,2020-02-14
crude_sc,0.3894968195005338,0.1,-0.034406274484071374,0.0003851239338337981,0.07428998930138318,0.44740490859858506,cvar,optimal,0.0006189263083188416,0.0003851239338337981,2020-02-14
gold_au,0.6273463615110665,0.1,0.0259489446998377,0.029027990470389956,0.07428998930138318,0.5242733147555969,cvar,optimal,0.0006189263083188416,0.029027990470389956,2020-02-14
spx,0.4109555665561339,0.1,-0.020015343873853716,0.026179031588336434,0.07428998930138318,0.6352054428590677,cvar,optimal,0.0006189263083188416,0.026179031588336434,2020-02-14
sse50,0.3776230032230149,0.1,-0.041850440523930506,2.016285205464999e-09,0.2914210560825794,0.6682948478195219,cvar,optimal,0.0008080042842878237,2.016285205464999e-09,2020-03-13
csi300,0.5231936542687557,0.1,-0.02404404984456078,1.8563118043335998e-09,0.2914210560825794,0.5144989229638234,cvar,optimal,0.0008080042842878237,1.8563118043335998e-09,2020-03-13
csi500,0.5410852048794563,0.1,-0.007400732264721974,1.5403488443623243e-09,0.2914210560825794,0.5211622473946271,cvar,optimal,0.0008080042842878237,1.5403488443623243e-09,2020-03-13
csi1000,0.5717768359190998,0.1,0.0013112887718796096,1.9613753667454727e-09,0.2914210560825794,0.594441874033354,cvar,optimal,0.0008080042842878237,1.9613753667454727e-09,2020-03-13
bond_gov,0.6157779459238897,0.1,0.0014283704225907298,0.44999999691754206,0.2914210560825794,0.6721444087288477,cvar,optimal,0.0008080042842878237,0.44999999691754206,2020-03-13
bond_corp,0.6575818674468112,0.1,0.0005977869881628541,0.44999999794582096,0.2914210560825794,0.5904657486934357,cvar,optimal,0.0008080042842878237,0.44999999794582096,2020-03-13
csi_cb,0.5277754190334438,0.1,-0.008069742338443337,0.06038962652986961,0.2914210560825794,0.6194178826793024,cvar,optimal,0.0008080042842878237,0.06038962652986961,2020-03-13
crude_sc,0.7216450350459449,0.1,0.10464461383817253,0.0016982903309071097,0.2914210560825794,0.5815336475637496,cvar,optimal,0.0008080042842878237,0.0016982903309071097,2020-03-13
gold_au,0.6134142914592102,0.1,0.02498475150429755,0.03791207741017032,0.2914210560825794,0.5906588170111655,cvar,optimal,0.0008080042842878237,0.03791207741017032,2020-03-13
spx,0.3501267428003738,0.1,-0.06219896905100499,3.491368654263686e-09,0.2914210560825794,0.47213179724168053,cvar,optimal,0.0008080042842878237,3.491368654263686e-09,2020-03-13
sse50,0.3271281571438327,0.1,-0.05202206578301191,9.80640016401982e-11,0.15520844169178186,0.7865520938906463,cvar,optimal,0.0009635049957742673,9.80640016401982e-11,2020-04-13
csi300,0.375515935946133,0.1,-0.054059633786441685,6.954057511888134e-11,0.15520844169178186,0.7350541898028282,cvar,optimal,0.0009635049957742673,6.954057511888134e-11,2020-04-13
csi500,0.3842224891617281,0.1,-0.058194447254562506,5.1880275871051516e-11,0.15520844169178186,0.6971365626752122,cvar,optimal,0.0009635049957742673,5.1880275871051516e-11,2020-04-13
csi1000,0.39292904237732323,0.1,-0.05932337123172107,4.5648029778594536e-11,0.15520844169178186,0.6944840827004112,cvar,optimal,0.0009635049957742673,4.5648029778594536e-11,2020-04-13
bond_gov,0.6683817291256805,0.1,0.0015839555828397942,0.4499999999066877,0.15520844169178186,0.7624313331479412,cvar,optimal,0.0009635049957742673,0.4499999999066877,2020-04-13
bond_corp,0.7331784713332564,0.1,0.0005862247436248714,0.4499999999119437,0.15520844169178186,0.6479695131587409,cvar,optimal,0.0009635049957742673,0.4499999999119437,2020-04-13
csi_cb,0.3698348752216799,0.1,-0.029536791346831945,0.064281928728933,0.15520844169178186,0.7550041000890695,cvar,optimal,0.0009635049957742673,0.064281928728933,2020-04-13
crude_sc,0.8258182565350554,0.1,0.13002414579988567,0.002071437987530271,0.15520844169178186,0.7578783755454392,cvar,optimal,0.0009635049957742673,0.002071437987530271,2020-04-13
gold_au,0.654990466746474,0.1,0.03813752864503628,0.025411527674684867,0.15520844169178186,0.6782989077914168,cvar,optimal,0.0009635049957742673,0.025411527674684867,2020-04-13
spx,0.7680005764088365,0.1,0.11341027682012564,0.00823510552508754,0.15520844169178186,0.8,cvar,optimal,0.0009635049957742673,0.00823510552508754,2020-04-13
sse50,0.5691748303496895,0.1,-0.013192894755359147,6.4957960037760756e-09,0.49384236646224405,0.5325538343582482,cvar,optimal,0.000942630993208798,6.4957960037760756e-09,2020-05-14
csi300,0.5005942717761299,0.1,-0.026646966422747984,4.022999192574331e-09,0.49384236646224405,0.6540818890755508,cvar,optimal,0.000942630993208798,4.022999192574331e-09,2020-05-14
csi500,0.22927147140660217,0.1,-0.07311947032492926,2.2315493822739682e-09,0.49384236646224405,0.7952602353894251,cvar,optimal,0.000942630993208798,2.2315493822739682e-09,2020-05-14
csi1000,0.2322709053313125,0.1,-0.08021300363880013,1.8132605058238726e-09,0.49384236646224405,0.7930112957258821,cvar,optimal,0.000942630993208798,1.8132605058238726e-09,2020-05-14
bond_gov,0.5881308603655298,0.1,0.0008294536960536873,0.44999999457343054,0.49384236646224405,0.5593096193340883,cvar,optimal,0.000942630993208798,0.44999999457343054,2020-05-14
bond_corp,0.7125666566792258,0.1,0.0003949351560029838,0.4499999951875621,0.49384236646224405,0.543792701342714,cvar,optimal,0.000942630993208798,0.4499999951875621,2020-05-14
csi_cb,0.43801258105199103,0.1,-0.02061430127931349,0.06522778826527206,0.49384236646224405,0.5251605423945924,cvar,optimal,0.000942630993208798,0.06522778826527206,2020-05-14
crude_sc,0.9112899019032534,0.1,0.19872431195081272,0.002803468193705394,0.49384236646224405,0.6926351926573926,cvar,optimal,0.000942630993208798,0.002803468193705394,2020-05-14
gold_au,0.6185655245286464,0.1,0.02830240750189954,0.024187067704764295,0.49384236646224405,0.6616071717475079,cvar,optimal,0.000942630993208798,0.024187067704764295,2020-05-14
spx,0.7001229966076191,0.1,0.08570572425195565,0.007781671511660421,0.49384236646224405,0.6875773688289978,cvar,optimal,0.000942630993208798,0.007781671511660421,2020-05-14
sse50,0.5599540827243081,0.1,-0.022373922334618337,2.042351987283257e-10,0.4538999168426947,0.4039549778013251,cvar,optimal,0.0008915954914633002,2.042351987283257e-10,2020-06-11
csi300,0.3442245350854074,0.1,-0.04312340753866428,1.296075540566933e-10,0.4538999168426947,0.7371779508764267,cvar,optimal,0.0008915954914633002,1.296075540566933e-10,2020-06-11
csi500,0.24373530037560676,0.1,-0.0717280697281787,9.489423605703753e-11,0.4538999168426947,0.7743126704438204,cvar,optimal,0.0008915954914633002,9.489423605703753e-11,2020-06-11
csi1000,0.24373530037560676,0.1,-0.07643407717296083,8.330667234121959e-11,0.4538999168426947,0.7743253183807959,cvar,optimal,0.0008915954914633002,8.330667234121959e-11,2020-06-11
bond_gov,0.6788910795022117,0.1,0.0016339887974162546,0.4499999998459713,0.4538999168426947,0.6646708510826556,cvar,optimal,0.0008915954914633002,0.4499999998459713,2020-06-11
bond_corp,0.7561582684919123,0.1,0.000551561451820351,0.44999999985479927,0.4538999168426947,0.6137619410088663,cvar,optimal,0.0008915954914633002,0.44999999985479927,2020-06-11
csi_cb,0.5760076354429559,0.1,-0.016207125127516812,0.0690439174811134,0.4538999168426947,0.5956366113999987,cvar,optimal,0.0008915954914633002,0.0690439174811134,2020-06-11
crude_sc,0.9538593244122732,0.1,0.2216902165256139,0.0028091430289004463,0.4538999168426947,0.8,cvar,optimal,0.0008915954914633002,0.0028091430289004463,2020-06-11
gold_au,0.6727328110102994,0.1,0.04279838518065719,0.022540923860444657,0.4538999168426947,0.708663873734034,cvar,optimal,0.0008915954914633002,0.022540923860444657,2020-06-11
spx,0.47070166257941826,0.1,-0.003081443655324312,0.005606015416727248,0.4538999168426947,0.6020911388816543,cvar,optimal,0.0008915954914633002,0.005606015416727248,2020-06-11
sse50,0.6810248240385554,0.1,0.02999181545381209,9.479558204958752e-10,0.06168292027002712,0.6522162829004196,cvar,optimal,0.0009349932171103247,9.47955820495875e-10,2020-07-13
csi300,0.6330210187975543,0.1,0.013363774895406785,7.444378552451862e-10,0.06168292027002712,0.5404962491453418,cvar,optimal,0.0009349932171103247,7.44437855245186e-10,2020-07-13
csi500,0.2377985987468297,0.1,-0.05449507537638601,5.691856165304098e-10,0.06168292027002712,0.68695318297314,cvar,optimal,0.0009349932171103247,5.691856165304097e-10,2020-07-13
csi1000,0.315124724408928,0.1,-0.04468971135934495,5.187771003060964e-10,0.06168292027002712,0.44805682773696215,cvar,optimal,0.0009349932171103247,5.187771003060963e-10,2020-07-13
bond_gov,0.6240464470522604,0.1,0.0015223484693078963,0.4499999992192702,0.06168292027002712,0.48525094550678033,cvar,optimal,0.0009349932171103247,0.4499999992192701,2020-07-13
bond_corp,0.69982182227296,0.1,0.0005925218023490593,0.44999999924896805,0.06168292027002712,0.6728730405985905,cvar,optimal,0.0009349932171103247,0.44999999924896794,2020-07-13
csi_cb,0.6693315314155245,0.1,0.00955296507514021,0.07333516157947428,0.06168292027002712,0.6872681408222612,cvar,optimal,0.0009349932171103247,0.07333516157947427,2020-07-13
crude_sc,0.4895637666768272,0.1,0.00023718585465670738,2.1518646571285965e-09,0.06168292027002712,0.6867459994669151,cvar,optimal,0.0009349932171103247,2.151864657128596e-09,2020-07-13
gold_au,0.6398574578183679,0.1,0.030187100378195365,0.01956335054639804,0.06168292027002712,0.5192875511786762,cvar,optimal,0.0009349932171103247,0.019563350546398038,2020-07-13
spx,0.510409808772192,0.1,0.011759652690282632,0.0071014844736684785,0.06168292027002712,0.4852403782068799,cvar,optimal,0.0009349932171103247,0.007101484473668477,2020-07-13
sse50,0.6938316432586242,0.1,0.01956452094540139,1.1127742314188013e-10,0.14677778455525256,0.5258216000201532,cvar,optimal,0.0010995943108777077,1.1127742314188013e-10,2020-08-10
csi300,0.6627612584275977,0.1,0.00295092843500204,8.306991914022724e-11,0.14677778455525256,0.5211279976235418,cvar,optimal,0.0010995943108777077,8.306991914022724e-11,2020-08-10
csi500,0.18139695786552368,0.1,-0.07146629324645315,5.502672521898595e-11,0.14677778455525256,0.8,cvar,optimal,0.0010995943108777077,5.502672521898595e-11,2020-08-10
csi1000,0.20974239466380923,0.1,-0.07819561312046422,4.172897646085663e-11,0.14677778455525256,0.8,cvar,optimal,0.0010995943108777077,4.172897646085663e-11,2020-08-10
bond_gov,0.560520081460924,0.1,0.0006671334307575211,0.449999999941244,0.14677778455525256,0.5622610494956869,cvar,optimal,0.0010995943108777077,0.449999999941244,2020-08-10
bond_corp,0.6666884382022997,0.1,0.00022775363981975135,0.4499999999394359,0.14677778455525256,0.6321745656002412,cvar,optimal,0.0010995943108777077,0.4499999999394359,2020-08-10
csi_cb,0.6459748483149488,0.1,-0.0037924371511118965,0.06218261982321242,0.14677778455525256,0.6274789207084248,cvar,optimal,0.0010995943108777077,0.06218261982321242,2020-08-10
crude_sc,0.748759022468911,0.1,0.13448111046046693,9.049763250294401e-10,0.14677778455525256,0.5454084245314217,cvar,optimal,0.0010995943108777077,9.049763250294401e-10,2020-08-10
gold_au,0.5979874241574744,0.1,0.014989058159250158,0.029150334364426232,0.14677778455525256,0.5972703011957297,cvar,optimal,0.0010995943108777077,0.029150334364426232,2020-08-10
spx,0.532337931179887,0.1,0.02286803097614734,0.008667044735602144,0.14677778455525256,0.6353600256798525,cvar,optimal,0.0010995943108777077,0.008667044735602144,2020-08-10
sse50,0.7023577297916017,0.1,0.019652697796400956,6.957187735795896e-10,0.30607254909249193,0.5214652709763181,cvar,optimal,0.0012295899872582462,6.957187735795896e-10,2020-09-07
csi300,0.683252054270606,0.1,0.005972262188760721,4.982895849818177e-10,0.30607254909249193,0.5136303650279345,cvar,optimal,0.0012295899872582462,4.982895849818177e-10,2020-09-07
csi500,0.18288233024875322,0.1,-0.0547978255961247,2.648918833440081e-10,0.30607254909249193,0.7497245695466506,cvar,optimal,0.0012295899872582462,2.648918833440081e-10,2020-09-07
csi1000,0.193492114310961,0.1,-0.06276060206827473,1.9706652631583123e-10,0.30607254909249193,0.7697051496470455,cvar,optimal,0.0012295899872582462,1.9706652631583123e-10,2020-09-07
bond_gov,0.49923282140394215,0.1,-8.87346014604437e-05,0.4499999995693013,0.30607254909249193,0.5172832450399297,cvar,optimal,0.0012295899872582462,0.4499999995693013,2020-09-07
bond_corp,0.6359375458061702,0.1,0.00016184381032193108,0.44999999952474196,0.30607254909249193,0.684833814475804,cvar,optimal,0.0012295899872582462,0.44999999952474196,2020-09-07
csi_cb,0.6484933733602366,0.1,-0.0034260983336157763,0.07181434527707173,0.30607254909249193,0.593580762697937,cvar,optimal,0.0012295899872582462,0.07181434527707173,2020-09-07
crude_sc,0.8246365712245254,0.1,0.14541953961053333,0.0038157358920902587,0.30607254909249193,0.552927126973894,cvar,optimal,0.0012295899872582462,0.0038157358920902587,2020-09-07
gold_au,0.5468750916123404,0.1,0.004919957684274702,0.018367810211076127,0.30607254909249193,0.5269935331990324,cvar,optimal,0.0012295899872582462,0.018367810211076127,2020-09-07
spx,0.5828403679708629,0.1,0.03605498783320963,0.006002107869751722,0.30607254909249193,0.6935187500062959,cvar,optimal,0.0012295899872582462,0.006002107869751722,2020-09-07
sse50,0.6820916059947445,0.1,0.0065760765807737764,1.7588962369116735e-10,0.13757615675284576,0.45898005282716653,cvar,optimal,0.0012256400895005613,1.7588962369116735e-10,2020-10-13
csi300,0.46905346893956135,0.1,-0.010937201698445802,1.244774693128312e-10,0.13757615675284576,0.44712030639066286,cvar,optimal,0.0012256400895005613,1.244774693128312e-10,2020-10-13
csi500,0.30993560257010044,0.1,-0.035375242126639825,7.742783450866945e-11,0.13757615675284576,0.5662146097254136,cvar,optimal,0.0012256400895005613,7.742783450866945e-11,2020-10-13
csi1000,0.2203936325438228,0.1,-0.052582703165612685,5.331605712481868e-11,0.13757615675284576,0.8,cvar,optimal,0.0012256400895005613,5.331605712481868e-11,2020-10-13
bond_gov,0.5863479046537843,0.1,0.0004763983773552585,0.44999999990421724,0.13757615675284576,0.4026868321774745,cvar,optimal,0.0012256400895005613,0.44999999990421724,2020-10-13
bond_corp,0.7702159223531698,0.1,0.0006838610257606866,0.44999999990463774,0.13757615675284576,0.7360563574908335,cvar,optimal,0.0012256400895005613,0.44999999990463774,2020-10-13
csi_cb,0.7196848057098967,0.1,0.002257172379934471,0.08074197795917103,0.13757615675284576,0.6250569126227132,cvar,optimal,0.0012256400895005613,0.08074197795917103,2020-10-13
crude_sc,0.6978648302585702,0.1,0.08212884936166617,1.0209590034591567e-09,0.13757615675284576,0.4882449783507552,cvar,optimal,0.0012256400895005613,1.0209590034591567e-09,2020-10-13
gold_au,0.6721646926642953,0.1,0.01795301959419204,0.016026403290007967,0.13757615675284576,0.522658232298536,cvar,optimal,0.0012256400895005613,0.016026403290007967,2020-10-13
spx,0.37224753431205476,0.1,-0.029409112769524244,0.003231617489896051,0.13757615675284576,0.740237925628713,cvar,optimal,0.0012256400895005613,0.003231617489896051,2020-10-13
sse50,0.6348187791111168,0.1,-0.007613457363968415,3.6662247686038582e-09,0.10351288736713866,0.43560188120714166,cvar,optimal,0.0012389475754551343,3.6662247686038586e-09,2020-11-10
csi300,0.33291105670868804,0.1,-0.030876522604754472,2.5633026892390387e-09,0.10351288736713866,0.4616171116453752,cvar,optimal,0.0012389475754551343,2.563302689239039e-09,2020-11-10
csi500,0.3496999195710573,0.1,-0.04431177437125508,1.612601828186017e-09,0.10351288736713866,0.5573602717250563,cvar,optimal,0.0012389475754551343,1.6126018281860172e-09,2020-11-10
csi1000,0.2506467556860807,0.1,-0.06086543086669009,1.208413807044217e-09,0.10351288736713866,0.8,cvar,optimal,0.0012389475754551343,1.2084138070442173e-09,2020-11-10
bond_gov,0.5888226202050956,0.1,0.0004266939790977957,0.44999999731481655,0.10351288736713866,0.41663234902227875,cvar,optimal,0.0012389475754551343,0.4499999973148166,2020-11-10
bond_corp,0.717949768276569,0.1,0.0005175760840021278,0.44999999687291076,0.10351288736713866,0.6691353087582322,cvar,optimal,0.0012389475754551343,0.4499999968729108,2020-11-10
csi_cb,0.6838719429960934,0.1,-0.005316464628852373,0.07836830436399796,0.10351288736713866,0.5591979943179508,cvar,optimal,0.0012389475754551343,0.07836830436399797,2020-11-10
crude_sc,0.5928740646154396,0.1,0.03367718816023849,3.694669816367992e-09,0.10351288736713866,0.3978764216565429,cvar,optimal,0.0012389475754551343,3.6946698163679923e-09,2020-11-10
gold_au,0.7523811404599404,0.1,0.03594584112154795,0.018159978157507525,0.10351288736713866,0.6452823116900626,cvar,optimal,0.0012389475754551343,0.018159978157507528,2020-11-10
spx,0.5960239523699195,0.1,0.01912188588285524,0.003471710545554333,0.10351288736713866,0.6235630194285339,cvar,optimal,0.0012389475754551343,0.0034717105455543333,2020-11-10
sse50,0.3967218406756795,0.1,-0.013011897452601916,1.5898334469118553e-09,0.11621492250669212,0.518015002906479,cvar,optimal,0.0012389474187199383,1.5898334469118553e-09,2020-12-08
csi300,0.6796941997125631,0.1,0.023861301332032056,1.6136156300292984e-09,0.11621492250669212,0.5760626597010157,cvar,optimal,0.0012389474187199383,1.6136156300292984e-09,2020-12-08
csi500,0.5431220238397462,0.1,0.008108394021279622,1.0006260152118393e-09,0.11621492250669212,0.44883885707751686,cvar,optimal,0.0012389474187199383,1.0006260152118393e-09,2020-12-08
csi1000,0.4736046620190074,0.1,-0.002560487751077596,7.47601055209759e-10,0.11621492250669212,0.668646004192245,cvar,optimal,0.0012389474187199383,7.47601055209759e-10,2020-12-08
bond_gov,0.4925154907748137,0.1,-0.000485221916962429,0.449999998311734,0.11621492250669212,0.5588432287393443,cvar,optimal,0.0012389474187199383,0.449999998311734,2020-12-08
bond_corp,0.5691060419703577,0.1,2.9299102109901418e-05,0.4499999974334424,0.11621492250669212,0.6373776712395968,cvar,optimal,0.0012389474187199383,0.4499999974334424,2020-12-08
csi_cb,0.5393905823871543,0.1,0.0007927092397629135,0.07836837505588519,0.11621492250669212,0.5156783010264858,cvar,optimal,0.0012389474187199383,0.07836837505588519,2020-12-08
crude_sc,0.5652832813675209,0.1,0.029745409156784468,1.4536030679110274e-09,0.11621492250669212,0.6551889243512202,cvar,optimal,0.0012389474187199383,1.4536030679110274e-09,2020-12-08
gold_au,0.6995047555938384,0.1,0.054420534601370106,0.018159937215538782,0.11621492250669212,0.6251219259232066,cvar,optimal,0.0012389474187199383,0.018159937215538782,2020-12-08
spx,0.541057121659319,0.1,0.003680166003593284,0.003471685578120566,0.11621492250669212,0.6209433413766926,cvar,optimal,0.0012389474187199383,0.003471685578120566,2020-12-08
sse50,0.5968610319501942,0.1,-0.006404672355100921,5.296146248787915e-09,0.12661271505960367,0.6059342385599623,cvar,optimal,0.0012389482251126058,5.296146248787915e-09,2021-01-06
csi300,0.4707927871824604,0.1,-0.0203965541815257,3.918543867962736e-09,0.12661271505960367,0.4239644463918586,cvar,optimal,0.0012389482251126058,3.918543867962736e-09,2021-01-06
csi500,0.3213998573053527,0.1,-0.05111080415998076,2.396809374186319e-09,0.12661271505960367,0.8,cvar,optimal,0.0012389482251126058,2.396809374186319e-09,2021-01-06
csi1000,0.3332487984655416,0.1,-0.051892464561489104,1.857988980388328e-09,0.12661271505960367,0.7513979889172598,cvar,optimal,0.0012389482251126058,1.857988980388328e-09,2021-01-06
bond_gov,0.5510126130602524,0.1,0.0001530219956050913,0.44999999593926127,0.12661271505960367,0.41500143426423175,cvar,optimal,0.0012389482251126058,0.44999999593926127,2021-01-06
bond_corp,0.7219222164527862,0.1,0.000654071240759534,0.4499999951154832,0.12661271505960367,0.7169932749277224,cvar,optimal,0.0012389482251126058,0.4499999951154832,2021-01-06
csi_cb,0.6304645638881597,0.1,-0.006178418402802744,0.07836810028773218,0.12661271505960367,0.5864503821357757,cvar,optimal,0.0012389482251126058,0.07836810028773218,2021-01-06
crude_sc,0.5031973761548424,0.1,0.0003717263884349051,3.3896091841421445e-09,0.12661271505960367,0.5618942154303641,cvar,optimal,0.0012389482251126058,3.3896091841421445e-09,2021-01-06
gold_au,0.757093844216877,0.1,0.04401867783700059,0.01816015493468606,0.12661271505960367,0.694507900936071,cvar,optimal,0.0012389482251126058,0.01816015493468606,2021-01-06
spx,0.6140069113235332,0.1,0.017750966198355558,0.0034717368637395365,0.12661271505960367,0.519010942957958,cvar,optimal,0.0012389482251126058,0.0034717368637395365,2021-01-06
sse50,0.5736781334003448,0.1,-0.013729224756272411,4.5978482514855107e-10,0.06122656894667247,0.4787799089721539,cvar,optimal,0.0012670369351988344,4.5978482514855107e-10,2021-02-03
csi300,0.33208747380770426,0.1,-0.035955223614168016,3.1628464347709456e-10,0.06122656894667247,0.6944374447771218,cvar,optimal,0.0012670369351988344,3.1628464347709456e-10,2021-02-03
csi500,0.2894025542482583,0.1,-0.043870205154629215,2.5932445655995307e-10,0.06122656894667247,0.6729011492198862,cvar,optimal,0.0012670369351988344,2.5932445655995307e-10,2021-02-03
csi1000,0.3632097357632404,0.1,-0.03684570695365568,2.1218826806149462e-10,0.06122656894667247,0.48666092692985885,cvar,optimal,0.0012670369351988344,2.1218826806149462e-10,2021-02-03
bond_gov,0.5243721475696792,0.1,6.123993952050134e-05,0.44999999967218357,0.06122656894667247,0.4537016829306243,cvar,optimal,0.0012670369351988344,0.44999999967218357,2021-02-03
bond_corp,0.6839595384595378,0.1,0.0004401545086398516,0.44999999966023413,0.06122656894667247,0.7586637345089033,cvar,optimal,0.0012670369351988344,0.44999999966023413,2021-02-03
csi_cb,0.5680985651788203,0.1,-0.009725254884683227,0.07524831361907049,0.06122656894667247,0.4368228150087464,cvar,optimal,0.0012670369351988344,0.07524831361907049,2021-02-03
crude_sc,0.7630394183706217,0.1,0.10734051620178887,5.54751819719933e-10,0.06122656894667247,0.5979485303215952,cvar,optimal,0.0012670369351988344,5.54751819719933e-10,2021-02-03
gold_au,0.7431300083666321,0.1,0.025944474756231056,0.02031548490498317,0.06122656894667247,0.5696656966810937,cvar,optimal,0.0012670369351988344,0.02031548490498317,2021-02-03
spx,0.6590224248351614,0.1,0.02702214918933609,0.0044362003411946935,0.06122656894667247,0.6857688876649036,cvar,optimal,0.0012670369351988344,0.0044362003411946935,2021-02-03
sse50,0.6099471169113707,0.1,-0.020480261339132527,5.75709251319006e-09,0.1188295491798436,0.3866507705644664,cvar,optimal,0.0012923810781852116,5.757092513190062e-09,2021-03-10
csi300,0.29345209362313057,0.1,-0.04426459348235003,3.3941079863563897e-09,0.1188295491798436,0.8,cvar,optimal,0.0012923810781852116,3.3941079863563905e-09,2021-03-10
csi500,0.32220053563761547,0.1,-0.036070870925148865,2.5983096550431037e-09,0.1188295491798436,0.687114124350082,cvar,optimal,0.0012923810781852116,2.598309655043104e-09,2021-03-10
csi1000,0.4359365358727006,0.1,-0.024056964579187226,1.9298493746846586e-09,0.1188295491798436,0.4371602578463347,cvar,optimal,0.0012923810781852116,1.929849374684659e-09,2021-03-10
bond_gov,0.5716856055023358,0.1,0.00021076176484780584,0.44999999686479586,0.1188295491798436,0.3759626082661442,cvar,optimal,0.0012923810781852116,0.44999999686479597,2021-03-10
bond_corp,0.727678140434696,0.1,0.0006443238229626629,0.4499999969027562,0.1188295491798436,0.7750865285764484,cvar,optimal,0.0012923810781852116,0.4499999969027563,2021-03-10
csi_cb,0.6381401874813464,0.1,-0.0031256771836379385,0.06841631461270034,0.1188295491798436,0.5102033997690626,cvar,optimal,0.0012923810781852116,0.06841631461270035,2021-03-10
crude_sc,0.3873046669201784,0.1,-0.03539458869080425,4.770753357685564e-09,0.1188295491798436,0.5400190825143042,cvar,optimal,0.0012923810781852116,4.770753357685565e-09,2021-03-10
gold_au,0.7769570703348905,0.1,0.03161047200523308,0.024408883794327534,0.1188295491798436,0.6580564228370154,cvar,optimal,0.0012923810781852116,0.02440888379432754,2021-03-10
spx,0.7366980472817355,0.1,0.04159040157743132,0.007174789375307058,0.1188295491798436,0.7535530509981079,cvar,optimal,0.0012923810781852116,0.00717478937530706,2021-03-10
sse50,0.5494823671590201,0.1,-0.001471713185714485,1.620175545769899e-10,0.22825701787061223,0.4931249679766637,cvar,optimal,0.0010455591571402903,1.620175545769899e-10,2021-04-08
csi300,0.4827717001913998,0.1,0.003322135876217956,1.3550930477855784e-10,0.22825701787061223,0.633329051648736,cvar,optimal,0.0010455591571402903,1.3550930477855784e-10,2021-04-08
csi500,0.547878102104637,0.1,0.015313241005924426,1.438809197531253e-10,0.22825701787061223,0.5407663812161181,cvar,optimal,0.0010455591571402903,1.438809197531253e-10,2021-04-08
csi1000,0.6032295615929157,0.1,0.024729466588515724,1.0740288962672102e-10,0.22825701787061223,0.5489612140042006,cvar,optimal,0.0010455591571402903,1.0740288962672102e-10,2021-04-08
bond_gov,0.505686792102274,0.1,3.814378591800028e-05,0.44999999986770234,0.22825701787061223,0.4630664495502213,cvar,optimal,0.0010455591571402903,0.44999999986770234,2021-04-08
bond_corp,0.6048338266472988,0.1,5.194463882029658e-05,0.4499999998979234,0.22825701787061223,0.6355375151548627,cvar,optimal,0.0010455591571402903,0.4499999998979234,2021-04-08
csi_cb,0.6108995959287484,0.1,0.010093540990154208,0.056588467168754354,0.22825701787061223,0.6428299042416777,cvar,optimal,0.0010455591571402903,0.056588467168754354,2021-04-08
crude_sc,0.20699988349740348,0.1,-0.19620797969466938,1.569170441424269e-10,0.22825701787061223,0.8,cvar,optimal,0.0010455591571402903,1.569170441424269e-10,2021-04-08
gold_au,0.7244823671590201,0.1,0.034257679193879606,0.023145661370705447,0.22825701787061223,0.5147299504099113,cvar,optimal,0.0010455591571402903,0.023145661370705447,2021-04-08
spx,0.6637358036172822,0.1,0.02515723871679426,0.020265870989186842,0.22825701787061223,0.67309776760962,cvar,optimal,0.0010455591571402903,0.020265870989186842,2021-04-08
sse50,0.5495285319044798,0.1,0.011140888502966118,1.4946298950259539e-10,0.11892696239235141,0.5463157811599361,cvar,optimal,0.0010455591562938751,1.4946298950259539e-10,2021-05-11
csi300,0.5700719985588532,0.1,0.022427587744705865,1.290161572062449e-10,0.11892696239235141,0.63966035205557,cvar,optimal,0.0010455591562938751,1.290161572062449e-10,2021-05-11
csi500,0.6256221793001709,0.1,0.025964846907634936,1.2468249389723928e-10,0.11892696239235141,0.5667047812963445,cvar,optimal,0.0010455591562938751,1.2468249389723928e-10,2021-05-11
csi1000,0.5890747827319949,0.1,0.028432997334331835,9.091586431799539e-11,0.11892696239235141,0.6420864247791714,cvar,optimal,0.0010455591562938751,9.091586431799539e-11,2021-05-11
bond_gov,0.48414168276243585,0.1,9.549529896969419e-06,0.4499999998651945,0.11892696239235141,0.42058615838520774,cvar,optimal,0.0010455591562938751,0.4499999998651945,2021-05-11
bond_corp,0.5478178037370299,0.1,-0.00012401607161268872,0.4499999998966417,0.11892696239235141,0.53951156171305,cvar,optimal,0.0010455591562938751,0.4499999998966417,2021-05-11
csi_cb,0.6224970468461607,0.1,0.012331898232627474,0.056588466393668845,0.11892696239235141,0.5837482871350402,cvar,optimal,0.0010455591562938751,0.056588466393668845,2021-05-11
crude_sc,0.13312594023327634,0.1,-0.2032299577522348,1.2362193570409758e-10,0.11892696239235141,0.8,cvar,optimal,0.0010455591562938751,1.2362193570409758e-10,2021-05-11
gold_au,0.7071101977041168,0.1,0.03387203843368589,0.023145662399671606,0.11892696239235141,0.4802412620127201,cvar,optimal,0.0010455591562938751,0.023145662399671606,2021-05-11
spx,0.6710098362214811,0.1,0.020622487383885318,0.020265870827123868,0.11892696239235141,0.571835746511566,cvar,optimal,0.0010455591562938751,0.020265870827123868,2021-05-11
sse50,0.531316870424463,0.1,0.01316628072508411,2.1782237328738986e-10,0.06121406559136435,0.5261895951705738,cvar,optimal,0.001045559157882136,2.1782237328738986e-10,2021-06-08
csi300,0.647998154395713,0.1,0.028166882516095636,1.7248175100619436e-10,0.06121406559136435,0.5151189234939832,cvar,optimal,0.001045559157882136,1.7248175100619436e-10,2021-06-08
csi500,0.616659358014375,0.1,0.02402772972305193,1.9744398660544322e-10,0.06121406559136435,0.6572887578393732,cvar,optimal,0.001045559157882136,1.9744398660544322e-10,2021-06-08
csi1000,0.583051234330898,0.1,0.027013611592860507,1.3922450198486752e-10,0.06121406559136435,0.675049122671695,cvar,optimal,0.001045559157882136,1.3922450198486752e-10,2021-06-08
bond_gov,0.47500000000000003,0.1,1.787496219721609e-05,0.44999999984688227,0.06121406559136435,0.4477000319032445,cvar,optimal,0.001045559157882136,0.44999999984688227,2021-06-08
bond_corp,0.643705055532412,0.1,5.467505879969295e-05,0.44999999977567523,0.06121406559136435,0.4898810748097375,cvar,optimal,0.001045559157882136,0.44999999977567523,2021-06-08
csi_cb,0.572976228438838,0.1,0.01065604348020305,0.05658846402754565,0.06121406559136435,0.510852996574488,cvar,optimal,0.001045559157882136,0.05658846402754565,2021-06-08
crude_sc,0.125,0.1,-0.1969908331449592,9.044464910349233e-11,0.06121406559136435,0.7904705073731518,cvar,optimal,0.001045559157882136,9.044464910349233e-11,2021-06-08
gold_au,0.6666593580143749,0.1,0.02218846437387327,0.023145662263040517,0.06121406559136435,0.5439409499144983,cvar,optimal,0.001045559157882136,0.023145662263040517,2021-06-08
spx,0.637633740848926,0.1,0.01978751306714572,0.020265873269439034,0.06121406559136435,0.618492187897128,cvar,optimal,0.001045559157882136,0.020265873269439034,2021-06-08
sse50,0.5273043557022187,0.1,0.011627637751743709,3.394677339244742e-09,0.0119146152474654,0.5486700504928976,cvar,optimal,0.0010117048428815486,3.3946773392447426e-09,2021-07-07
csi300,0.6016292803287171,0.1,0.02597532814105561,3.383637760924417e-09,0.0119146152474654,0.5912881538772436,cvar,optimal,0.0010117048428815486,3.3836377609244174e-09,2021-07-07
csi500,0.6544519508279073,0.1,0.028583887200906984,2.7299040698984445e-09,0.0119146152474654,0.554333715711429,cvar,optimal,0.0010117048428815486,2.729904069898445e-09,2021-07-07
csi1000,0.658072065705783,0.1,0.04067327472065231,2.013837141872251e-09,0.0119146152474654,0.5751686691377049,cvar,optimal,0.0010117048428815486,2.0138371418722516e-09,2021-07-07
bond_gov,0.475,0.1,3.188423739134468e-05,0.44999999845330524,0.0119146152474654,0.44415463699003993,cvar,optimal,0.0010117048428815486,0.4499999984533053,2021-07-07
bond_corp,0.6506406838021552,0.1,0.00020562153433341987,0.44999999843640526,0.0119146152474654,0.5798822104559836,cvar,optimal,0.0010117048428815486,0.4499999984364053,2021-07-07
csi_cb,0.6067563065301261,0.1,0.013455207284040647,0.058438070882725686,0.0119146152474654,0.5457367438125915,cvar,optimal,0.0010117048428815486,0.05843807088272569,2021-07-07
crude_sc,0.125,0.1,-0.18388001795307168,3.2517526753225774e-09,0.0119146152474654,0.7950989368956841,cvar,optimal,0.0010117048428815486,3.2517526753225778e-09,2021-07-07
gold_au,0.588151058839811,0.1,0.009465695376798075,0.019447907407975536,0.0119146152474654,0.5265822542933973,cvar,optimal,0.0010117048428815486,0.01944790740797554,2021-07-07
spx,0.612994298263281,0.1,0.013148955367178677,0.022114010045779148,0.0119146152474654,0.6579297664463913,cvar,optimal,0.0010117048428815486,0.02211401004577915,2021-07-07
sse50,0.5579462082342647,0.1,0.025439706791785453,1.695271492499204e-09,0.12489845907772859,0.6224068668599544,cvar,optimal,0.0009388796529725888,1.6952714924992041e-09,2021-08-04
csi300,0.6500314431878118,0.1,0.03769159164672326,9.426107902831728e-10,0.12489845907772859,0.5205783889922918,cvar,optimal,0.0009388796529725888,9.42610790283173e-10,2021-08-04
csi500,0.6516726258434057,0.1,0.026554851381534055,5.519335535628832e-10,0.12489845907772859,0.6124627844150061,cvar,optimal,0.0009388796529725888,5.519335535628833e-10,2021-08-04
csi1000,0.5732644877809705,0.1,0.02906882383725116,4.178251044599028e-10,0.12489845907772859,0.6015060464382519,cvar,optimal,0.0009388796529725888,4.1782510445990287e-10,2021-08-04
bond_gov,0.475,0.1,-5.872509310951862e-05,0.44999999930723666,0.12489845907772859,0.42293931903762527,cvar,optimal,0.0009388796529725888,0.4499999993072367,2021-08-04
bond_corp,0.6875157215939058,0.1,0.00026099421262089297,0.449999999146653,0.12489845907772859,0.5047509430706386,cvar,optimal,0.0009388796529725888,0.44999999914665306,2021-08-04
csi_cb,0.5357802093748764,0.1,0.009198894766887233,0.06046919378444371,0.12489845907772859,0.4275251594613147,cvar,optimal,0.0009388796529725888,0.060469193784443716,2021-08-04
crude_sc,0.15794620823426464,0.1,-0.16935198587489503,1.8503440466630913e-09,0.12489845907772859,0.7058859189031759,cvar,optimal,0.0009388796529725888,1.8503440466630915e-09,2021-08-04
gold_au,0.5920852349535473,0.1,0.01100975554656286,0.018175338322979497,0.12489845907772859,0.6345048079856487,cvar,optimal,0.0009388796529725888,0.0181753383229795,2021-08-04
spx,0.618757860796953,0.1,0.015879565252438534,0.02135546398070205,0.12489845907772859,0.6486553438246404,cvar,optimal,0.0009388796529725888,0.021355463980702052,2021-08-04
sse50,0.586704724402228,0.1,0.03303771922210286,1.609568278325203e-08,0.021499660926268743,0.6598943542156663,cvar,optimal,0.0008841644239850485,1.609568278325203e-08,2021-09-01
csi300,0.6491488968481616,0.1,0.036106228789343386,4.924091293394087e-09,0.021499660926268743,0.5830041997423135,cvar,optimal,0.0008841644239850485,4.924091293394087e-09,2021-09-01
csi500,0.5538366258790128,0.1,0.012179620038101887,3.2859855699793284e-09,0.021499660926268743,0.5066356398309353,cvar,optimal,0.0008841644239850485,3.2859855699793284e-09,2021-09-01
csi1000,0.5579242925266434,0.1,0.016252868796993687,2.037294429157397e-09,0.021499660926268743,0.6539292840130254,cvar,optimal,0.0008841644239850485,2.037294429157397e-09,2021-09-01
bond_gov,0.475,0.1,-0.0004292512241678611,0.449999997787511,0.021499660926268743,0.4264004823507989,cvar,optimal,0.0008841644239850485,0.449999997787511,2021-09-01
bond_corp,0.6131836204896391,0.1,0.0002370944037481847,0.4499999973240336,0.021499660926268743,0.6232791670964967,cvar,optimal,0.0008841644239850485,0.4499999973240336,2021-09-01
csi_cb,0.52820883294344,0.1,0.004406914129306242,0.06069340971444234,0.021499660926268743,0.4601137612209074,cvar,optimal,0.0008841644239850485,0.06069340971444234,2021-09-01
crude_sc,0.2688056443293854,0.1,-0.10145968294084912,1.0736638977789152e-09,0.021499660926268743,0.4548590217017801,cvar,optimal,0.0008841644239850485,1.0736638977789152e-09,2021-09-01
gold_au,0.6445450923730909,0.1,0.019328397375814592,0.02069416698907348,0.021499660926268743,0.5314403251886756,cvar,optimal,0.0008841644239850485,0.02069416698907348,2021-09-01
spx,0.6226422702083984,0.1,0.017872694145051753,0.018612400768221706,0.021499660926268743,0.6795757870736425,cvar,optimal,0.0008841644239850485,0.018612400768221706,2021-09-01
sse50,0.5980992456445,0.1,0.03086877911644182,0.00334017224438168,0.03751942364094759,0.6620945630654876,cvar,optimal,0.0008711410327835004,0.0033401722443816804,2021-10-08
csi300,0.6519007543554999,0.1,0.032140211606349084,1.707777069779255e-08,0.03751942364094759,0.5743797668163936,cvar,optimal,0.0008711410327835004,1.7077770697792553e-08,2021-10-08
csi500,0.5656539006153904,0.1,0.007386867615104691,7.760685269800368e-09,0.03751942364094759,0.6309601152857507,cvar,optimal,0.0008711410327835004,7.76068526980037e-09,2021-10-08
csi1000,0.5300161208170363,0.1,0.009584752163176415,5.757982540038592e-09,0.03751942364094759,0.6186760619209174,cvar,optimal,0.0008711410327835004,5.757982540038593e-09,2021-10-08
bond_gov,0.475,0.1,-0.00032895975231107735,0.44999999050158157,0.03751942364094759,0.42627099303387755,cvar,optimal,0.0008711410327835004,0.4499999905015816,2021-10-08
bond_corp,0.6206700214324269,0.1,0.0002956724793763923,0.4499999884872388,0.03751942364094759,0.6167803874414092,cvar,optimal,0.0008711410327835004,0.4499999884872389,2021-10-08
csi_cb,0.5050161208170363,0.1,0.001222418621739392,0.05253354209306947,0.03751942364094759,0.4461562725406636,cvar,optimal,0.0008711410327835004,0.05253354209306948,2021-10-08
crude_sc,0.2050967249022186,0.1,-0.14412603444845398,8.038872774089916e-09,0.03751942364094759,0.7546764139308122,cvar,optimal,0.0008711410327835004,8.038872774089918e-09,2021-10-08
gold_au,0.6692977369335,0.1,0.01921233339332055,0.022539736363985787,0.03751942364094759,0.5165559165430597,cvar,optimal,0.0008711410327835004,0.02253973636398579,2021-10-08
spx,0.6792493744823908,0.1,0.021407093237917237,0.02158653167443126,0.03751942364094759,0.5544088368331809,cvar,optimal,0.0008711410327835004,0.021586531674431263,2021-10-08
sse50,0.5073475853641655,0.1,0.014151720467900461,0.003056016200077911,0.16050564193460337,0.5360699962950913,cvar,optimal,0.0008505962456252891,0.003056016200077912,2021-11-05
csi300,0.6415770532149241,0.1,0.024828748108562414,2.7457738335540936e-09,0.16050564193460337,0.623269756599157,cvar,optimal,0.0008505962456252891,2.745773833554094e-09,2021-11-05
csi500,0.5275731467565383,0.1,-0.004555806759583347,1.3721527331847295e-09,0.16050564193460337,0.6154259951699506,cvar,optimal,0.0008505962456252891,1.3721527331847298e-09,2021-11-05
csi1000,0.5015018660841332,0.1,-0.00945696408836292,1.0414008021625597e-09,0.16050564193460337,0.6653486333640054,cvar,optimal,0.0008505962456252891,1.0414008021625599e-09,2021-11-05
bond_gov,0.44973115964477245,0.1,-0.000965418509041005,0.44999999883522535,0.16050564193460337,0.5251620538217063,cvar,optimal,0.0008505962456252891,0.44999999883522546,2021-11-05
bond_corp,0.5961897467660509,0.1,0.0003102499662414666,0.44999999844351946,0.16050564193460337,0.6809512943983344,cvar,optimal,0.0008505962456252891,0.44999999844351957,2021-11-05
csi_cb,0.5438854403647401,0.1,-0.002009221198436474,0.050485905731197746,0.16050564193460337,0.561478713832943,cvar,optimal,0.0008505962456252891,0.05048590573119776,2021-11-05
crude_sc,0.4298896954033648,0.1,-0.08398323686976307,0.0008455312828650525,0.16050564193460337,0.8,cvar,optimal,0.0008505962456252891,0.0008455312828650527,2021-11-05
gold_au,0.6665770532149242,0.1,0.0328424086140546,0.024666926197009886,0.16050564193460337,0.5941967184655931,cvar,optimal,0.0008505962456252891,0.024666926197009893,2021-11-05
spx,0.6357272531863866,0.1,0.028485071983769893,0.02094561815077702,0.16050564193460337,0.733457604918219,cvar,optimal,0.0008505962456252891,0.020945618150777022,2021-11-05
sse50,0.5329381578028196,0.1,0.0191842104114678,1.0143166965564288e-08,0.16785102592765458,0.5732619705216556,cvar,optimal,0.0007922973017133027,1.0143166965564288e-08,2021-12-03
csi300,0.6468889568885166,0.1,0.026549398359197063,1.6714304491661255e-09,0.16785102592765458,0.6304047659261318,cvar,optimal,0.0007922973017133027,1.6714304491661255e-09,2021-12-03
csi500,0.5594447844425829,0.1,0.004231837740895188,8.571736794522988e-10,0.16785102592765458,0.6469594910658713,cvar,optimal,0.0007922973017133027,8.571736794522988e-10,2021-12-03
csi1000,0.5156668706655497,0.1,0.0017239008206401223,7.692970485589557e-10,0.16785102592765458,0.6175434434301269,cvar,optimal,0.0007922973017133027,7.692970485589557e-10,2021-12-03
bond_gov,0.4656668706655498,0.1,-0.0005784677074087993,0.44999999914539446,0.16785102592765458,0.4722471309679576,cvar,optimal,0.0007922973017133027,0.44999999914539446,2021-12-03
bond_corp,0.5992466866801184,0.1,0.000289303776758,0.44999999924035144,0.16785102592765458,0.7185483746675386,cvar,optimal,0.0007922973017133027,0.44999999924035144,2021-12-03
csi_cb,0.5155552155574169,0.1,0.0013622991003273098,0.05016847517632321,0.16785102592765458,0.4251836065212059,cvar,optimal,0.0007922973017133027,0.05016847517632321,2021-12-03
crude_sc,0.34732117016017605,0.1,-0.09781471732495772,0.0008290494566201604,0.16785102592765458,0.5285804354513521,cvar,optimal,0.0007922973017133027,0.0008290494566201604,2021-12-03
gold_au,0.6390485889176536,0.1,0.024116706171118298,0.021410019886490505,0.16785102592765458,0.6555361031211404,cvar,optimal,0.0007922973017133027,0.021410019886490505,2021-12-03
spx,0.6782226982196161,0.1,0.03177177392034582,0.027592443653752203,0.16785102592765458,0.6506720728076977,cvar,optimal,0.0007922973017133027,0.027592443653752203,2021-12-03
sse50,0.5335378537366783,0.1,0.014107581389639218,6.084862824662624e-09,0.22393326234180205,0.662125737347771,cvar,optimal,0.0007917188639577252,6.084862824662624e-09,2021-12-31
csi300,0.6241908591260519,0.1,0.021367524965260294,2.1418902304497475e-09,0.22393326234180205,0.6445850964362521,cvar,optimal,0.0007917188639577252,2.1418902304497475e-09,2021-12-31
csi500,0.56089558352828,0.1,-0.0014596854761244546,1.162757262463158e-09,0.22393326234180205,0.7090946782252552,cvar,optimal,0.0007917188639577252,1.162757262463158e-09,2021-12-31
csi1000,0.5132533133198817,0.1,-0.012788869654843413,1.0117823658473685e-09,0.22393326234180205,0.6730181081114873,cvar,optimal,0.0007917188639577252,1.0117823658473685e-09,2021-12-31
bond_gov,0.4468331293344502,0.1,-0.001106257213574879,0.4499999990664724,0.22393326234180205,0.5156387481956072,cvar,optimal,0.0007917188639577252,0.4499999990664724,2021-12-31
bond_corp,0.5249303071697575,0.1,-6.890510772260848e-05,0.44999999856093514,0.22393326234180205,0.5479206464809513,cvar,optimal,0.0007917188639577252,0.44999999856093514,2021-12-31
csi_cb,0.4812640485008571,0.1,-0.00996581281552486,0.0504346009535621,0.22393326234180205,0.4779958881825255,cvar,optimal,0.0007917188639577252,0.0504346009535621,2021-12-31
crude_sc,0.5112305488526783,0.1,-0.010292840635509483,0.0012413527430970162,0.22393326234180205,0.6453091967542508,cvar,optimal,0.0007917188639577252,0.0012413527430970162,2021-12-31
gold_au,0.6367466866801184,0.1,0.026860577840381195,0.020194102865200483,0.22393326234180205,0.5862431864315016,cvar,optimal,0.0007917188639577252,0.020194102865200483,2021-12-31
spx,0.6671176697512469,0.1,0.04575420182372482,0.02812993540944008,0.22393326234180205,0.6915199410071731,cvar,optimal,0.0007917188639577252,0.02812993540944008,2021-12-31
sse50,0.5658094958071944,0.1,0.012527013082417111,1.5517489506080907e-08,0.21979515478177813,0.6255610108622094,cvar,optimal,0.0007982857937791532,1.5517489506080907e-08,2022-02-07
csi300,0.6244077997903985,0.1,0.019440598975185082,1.2729893316884557e-08,0.21979515478177813,0.6512922242994028,cvar,optimal,0.0007982857937791532,1.2729893316884557e-08,2022-02-07
csi500,0.5360439800838058,0.1,0.011226301577238501,1.2128645866017814e-08,0.21979515478177813,0.5753687165555601,cvar,optimal,0.0007982857937791532,1.2128645866017814e-08,2022-02-07
csi1000,0.6320853553461754,0.1,0.030244003423632138,1.069797893656457e-08,0.21979515478177813,0.6231292143523167,cvar,optimal,0.0007982857937791532,1.069797893656457e-08,2022-02-07
bond_gov,0.4676629716981947,0.1,-0.00035794379857817125,0.44999998408518077,0.21979515478177813,0.4313616731147811,cvar,optimal,0.0007982857937791532,0.44999998408518077,2022-02-07
bond_corp,0.5414785712789918,0.1,1.319762206526409e-05,0.4499999781225174,0.21979515478177813,0.541222260462817,cvar,optimal,0.0007982857937791532,0.4499999781225174,2022-02-07
csi_cb,0.4926629716981946,0.1,0.002797594874955449,0.049719353407149273,0.21979515478177813,0.4732347925976517,cvar,optimal,0.0007982857937791532,0.049719353407149273,2022-02-07
crude_sc,0.3014850345904517,0.1,-0.12543316355167214,0.0007567354411401802,0.21979515478177813,0.6581047675091106,cvar,optimal,0.0007982857937791532,0.0007567354411401802,2022-02-07
gold_au,0.6457008480083979,0.1,0.01709102865783336,0.022543447169625946,0.21979515478177813,0.5763137004669024,cvar,optimal,0.0007982857937791532,0.022543447169625946,2022-02-07
spx,0.6926629716981948,0.1,0.03758995232964151,0.026980450700378758,0.21979515478177813,0.6250886271341163,cvar,optimal,0.0007982857937791532,0.026980450700378758,2022-02-07
sse50,0.5386549396895376,0.1,0.0068390642880204085,1.248519404686503e-07,0.0007674636190726856,0.5491772173697784,cvar,optimal,0.0008216033193829553,1.248519404686503e-07,2022-03-07
csi300,0.6241427368677369,0.1,0.017789106527301632,1.968138175743273e-08,0.0007674636190726856,0.5889043833912235,cvar,optimal,0.0008216033193829553,1.968138175743273e-08,2022-03-07
csi500,0.5613450603104624,0.1,0.01911370723942739,9.086084462832378e-09,0.0007674636190726856,0.6453510837140992,cvar,optimal,0.0008216033193829553,9.086084462832378e-09,2022-03-07
csi1000,0.6807422147374161,0.1,0.040834266393801166,9.885916591791908e-09,0.0007674636190726856,0.5480762691114003,cvar,optimal,0.0008216033193829553,9.885916591791908e-09,2022-03-07
bond_gov,0.4724282106032107,0.1,-0.00027996490823885316,0.44999999450123257,0.0007674636190726856,0.4434977261038194,cvar,optimal,0.0008216033193829553,0.44999999450123257,2022-03-07
bond_corp,0.5794869552523575,0.1,4.929624342082585e-05,0.4499999949532538,0.0007674636190726856,0.6393749194912389,cvar,optimal,0.0008216033193829553,0.4499999949532538,2022-03-07
csi_cb,0.49742821060321063,0.1,0.00693555581682463,0.04595238903722691,0.0007674636190726856,0.49568314153992016,cvar,optimal,0.0008216033193829553,0.04595238903722691,2022-03-07
crude_sc,0.2160873599219569,0.1,-0.17085200948293505,2.5417727656853496e-08,0.0007674636190726856,0.730792157063038,cvar,optimal,0.0008216033193829553,2.5417727656853496e-08,2022-03-07
gold_au,0.6491427368677368,0.1,0.012706988598276424,0.026257261292248403,0.0007674636190726856,0.5590704245582592,cvar,optimal,0.0008216033193829553,0.026257261292248403,2022-03-07
spx,0.680541575146374,0.1,0.03406623378773732,0.027790171292987532,0.0007674636190726856,0.6245655680387568,cvar,optimal,0.0008216033193829553,0.027790171292987532,2022-03-07
sse50,0.4538741966435651,0.1,0.008917076891431615,3.816748681245989e-09,0.28815657277644074,0.686777249930595,cvar,optimal,0.0007850642058746956,3.816748681245989e-09,2022-04-06
csi300,0.582983901503783,0.1,0.03157204637146956,2.2790988739314892e-09,0.28815657277644074,0.38135582157602593,cvar,optimal,0.0007850642058746956,2.2790988739314892e-09,2022-04-06
csi500,0.7301580003488687,0.1,0.056250024475755014,1.1637812150874622e-09,0.28815657277644074,0.5245511360510051,cvar,optimal,0.0007850642058746956,1.1637812150874622e-09,2022-04-06
csi1000,0.823796708520273,0.1,0.08323094760598147,1.0539212051118085e-09,0.28815657277644074,0.6609715683626649,cvar,optimal,0.0007850642058746956,1.0539212051118085e-09,2022-04-06
bond_gov,0.3993710227068094,0.1,-0.0007357009460676129,0.44999999898292914,0.28815657277644074,0.5435249788998612,cvar,optimal,0.0007850642058746956,0.44999999898292914,2022-04-06
bond_corp,0.503061409371567,0.1,-0.00023183412792198647,0.44999999913544914,0.28815657277644074,0.6467290637383211,cvar,optimal,0.0007850642058746956,0.44999999913544914,2022-04-06
csi_cb,0.6008386363909208,0.1,0.026104090160534256,0.03914838030463404,0.28815657277644074,0.3943896618481336,cvar,optimal,0.0007850642058746956,0.03914838030463404,2022-04-06
crude_sc,0.21311605273372922,0.1,-0.15709018695366336,0.001010798473527011,0.28815657277644074,0.642840542021475,cvar,optimal,0.0007850642058746956,0.001010798473527011,2022-04-06
gold_au,0.5743710227068095,0.1,-0.011559310745247894,0.030329856287324472,0.28815657277644074,0.44794548551898505,cvar,optimal,0.0007850642058746956,0.030329856287324472,2022-04-06
spx,0.618429049073674,0.1,0.022049322981276237,0.029510958502586372,0.28815657277644074,0.44708546574606145,cvar,optimal,0.0007850642058746956,0.029510958502586372,2022-04-06
sse50,0.49122152095165805,0.1,0.02081402136762456,5.649745816453934e-09,0.8153369154260496,0.6363670077669866,cvar,optimal,0.0008365295096003369,5.649745816453934e-09,2022-05-09
csi300,0.602352693447999,0.1,0.04258757942227405,1.4115694619586479e-09,0.8153369154260496,0.5084525830839904,cvar,optimal,0.0008365295096003369,1.4115694619586479e-09,2022-05-09
csi500,0.6191397284260447,0.1,0.06261189604877651,6.469358284216775e-10,0.8153369154260496,0.7003411379224277,cvar,optimal,0.0008365295096003369,6.469358284216775e-10,2022-05-09
csi1000,0.9338753973559237,0.1,0.11834922842044178,7.707255728923717e-10,0.8153369154260496,0.8,cvar,optimal,0.0008365295096003369,7.707255728923717e-10,2022-05-09
bond_gov,0.4237548390885085,0.1,-0.0004892185130556885,0.4499999989936718,0.8153369154260496,0.4539433267888502,cvar,optimal,0.0008365295096003369,0.4499999989936718,2022-05-09
bond_corp,0.4907892072508893,0.1,-0.00026637393895789606,0.44999999916894873,0.8153369154260496,0.5293858726220823,cvar,optimal,0.0008365295096003369,0.44999999916894873,2022-05-09
csi_cb,0.5071934946942985,0.1,0.020147291175949433,0.041208103783554884,0.8153369154260496,0.49882297064425346,cvar,optimal,0.0008365295096003369,0.041208103783554884,2022-05-09
crude_sc,0.20359785435949052,0.1,-0.1361847868183515,0.00038084509974596734,0.8153369154260496,0.6644383000029848,cvar,optimal,0.0008365295096003369,0.00038084509974596734,2022-05-09
gold_au,0.581288157225359,0.1,-0.00522468047105552,0.03226692983329926,0.8153369154260496,0.5506150663903882,cvar,optimal,0.0008365295096003369,0.03226692983329926,2022-05-09
spx,0.6467871071998286,0.1,0.03096328306994373,0.026144114641802677,0.8153369154260496,0.5166076954370266,cvar,optimal,0.0008365295096003369,0.026144114641802677,2022-05-09
sse50,0.5636496709131805,0.1,0.028364819028197274,8.817368029002702e-10,0.1670496592714367,0.6645560645256859,cvar,optimal,0.0008863825628814861,8.817368029002702e-10,2022-06-07
csi300,0.6507211060334276,0.1,0.04396554164230526,2.504610110236412e-10,0.1670496592714367,0.5112917474115695,cvar,optimal,0.0008863825628814861,2.504610110236412e-10,2022-06-07
csi500,0.590596493164709,0.1,0.04661553655201754,1.246656899904545e-10,0.1670496592714367,0.6369116479218284,cvar,optimal,0.0008863825628814861,1.246656899904545e-10,2022-06-07
csi1000,0.7320533064259841,0.1,0.07449294296201511,1.3555218977698776e-10,0.1670496592714367,0.6844099745860011,cvar,optimal,0.0008863825628814861,1.3555218977698776e-10,2022-06-07
bond_gov,0.45689284731962937,0.1,-0.00046219397792904163,0.4499999998422221,0.1670496592714367,0.4251043043677812,cvar,optimal,0.0008863825628814861,0.4499999998422221,2022-06-07
bond_corp,0.527687670644776,0.1,-0.00019948330712922028,0.44999999985081235,0.1670496592714367,0.5507479287480354,cvar,optimal,0.0008863825628814861,0.44999999985081235,2022-06-07
csi_cb,0.5025417757387876,0.1,0.015180196252412232,0.04144143715370993,0.1670496592714367,0.4751950021838119,cvar,optimal,0.0008863825628814861,0.04144143715370993,2022-06-07
crude_sc,0.16824317640644892,0.1,-0.2052217995697448,2.6569874043843395e-10,0.1670496592714367,0.7826102340068835,cvar,optimal,0.0008863825628814861,2.6569874043843395e-10,2022-06-07
gold_au,0.6257211060334276,0.1,-0.004315084705632197,0.032940157484759945,0.1670496592714367,0.5285518551493587,cvar,optimal,0.0008863825628814861,0.032940157484759945,2022-06-07
spx,0.6818928473196295,0.1,0.044305991006804865,0.025618404010381242,0.1670496592714367,0.530646845237307,cvar,optimal,0.0008863825628814861,0.025618404010381242,2022-06-07
sse50,0.5425840392692307,0.1,0.021637675024566094,0.002432008024734372,0.11721207422556994,0.5384859382431469,cvar,optimal,0.0008933837680801063,0.002432008024734372,2022-07-05
csi300,0.6528150041833161,0.1,0.038416217805584574,9.583575579676838e-09,0.11721207422556994,0.5526769598304048,cvar,optimal,0.0008933837680801063,9.583575579676838e-09,2022-07-05
csi500,0.5738576216600897,0.1,0.03452364289881896,3.7489756447725766e-09,0.11721207422556994,0.6321934124872769,cvar,optimal,0.0008933837680801063,3.7489756447725766e-09,2022-07-05
csi1000,0.656986593517489,0.1,0.05435236044581314,4.976839942424534e-09,0.11721207422556994,0.6407802356594533,cvar,optimal,0.0008933837680801063,4.976839942424534e-09,2022-07-05
bond_gov,0.47157286498026907,0.1,-0.00030967539051810665,0.4499999831482858,0.11721207422556994,0.4167560418706702,cvar,optimal,0.0008933837680801063,0.4499999831482858,2022-07-05
bond_corp,0.5772343165347131,0.1,-3.649782969541033e-05,0.4499999864760561,0.11721207422556994,0.60170119065329,cvar,optimal,0.0008933837680801063,0.4499999864760561,2022-07-05
csi_cb,0.5295190732145336,0.1,0.013362453889493923,0.04194281890016725,0.11721207422556994,0.5531381099667602,cvar,optimal,0.0008933837680801063,0.04194281890016725,2022-07-05
crude_sc,0.13809640924250896,0.1,-0.23137896655944173,1.782971060361886e-09,0.11721207422556994,0.8,cvar,optimal,0.0008933837680801063,1.782971060361886e-09,2022-07-05
gold_au,0.6607612124175807,0.1,-0.0005910119100452291,0.031604612394546656,0.11721207422556994,0.5084118941831269,cvar,optimal,0.0008933837680801063,0.031604612394546656,2022-07-05
spx,0.696572864980269,0.1,0.04969825176930927,0.024020570963847562,0.11721207422556994,0.5439439154133552,cvar,optimal,0.0008933837680801063,0.024020570963847562,2022-07-05
sse50,0.6552245692655412,0.1,0.05903318516545742,0.003053665941397093,0.3946610342794074,0.4915686883998949,cvar,optimal,0.0009133674100007593,0.0030536659413970936,2022-08-02
csi300,0.7426687417114748,0.1,0.06497027783435341,1.1425117244412252e-09,0.3946610342794074,0.6601938205812636,cvar,optimal,0.0009133674100007593,1.1425117244412254e-09,2022-08-02
csi500,0.6488908279344416,0.1,0.0431704573403599,2.7089204304638726e-10,0.3946610342794074,0.45281523256680406,cvar,optimal,0.0009133674100007593,2.708920430463873e-10,2022-08-02
csi1000,0.4525880681529695,0.1,0.013384150788276851,2.1430576059484022e-10,0.3946610342794074,0.7201759482777671,cvar,optimal,0.0009133674100007593,2.1430576059484025e-10,2022-08-02
bond_gov,0.35184862010926393,0.1,-0.0016654322777552592,0.44999999973043414,0.3946610342794074,0.6750680157031302,cvar,optimal,0.0009133674100007593,0.4499999997304342,2022-08-02
bond_corp,0.5049735284969235,0.1,-0.00037797019312217487,0.4499999997348803,0.3946610342794074,0.44471448286289705,cvar,optimal,0.0009133674100007593,0.44999999973488036,2022-08-02
csi_cb,0.4385533445114919,0.1,-0.001944798461346011,0.04153778520753399,0.3946610342794074,0.666912932806055,cvar,optimal,0.0009133674100007593,0.041537785207534,2022-08-02
crude_sc,0.5789127893909671,0.1,0.0876610425820273,1.511295532258811e-09,0.3946610342794074,0.6291890327486509,cvar,optimal,0.0009133674100007593,1.5112955322588111e-09,2022-08-02
gold_au,0.5494908903176622,0.1,0.0073152057475618214,0.031882257636479276,0.3946610342794074,0.38488106314457515,cvar,optimal,0.0009133674100007593,0.03188225763647928,2022-08-02
spx,0.576848620109264,0.1,0.015366516856238629,0.02352628861026998,0.3946610342794074,0.4080136513487582,cvar,optimal,0.0009133674100007593,0.023526288610269983,2022-08-02
sse50,0.47314454275966217,0.1,0.013899795498192806,1.8082006767603463e-09,0.29189121178026195,0.6360761625859358,cvar,optimal,0.0009004590157719971,1.8082006767603463e-09,2022-08-30
csi300,0.6513811062554544,0.1,0.014153617183770437,8.938917359409476e-10,0.29189121178026195,0.6834471879128217,cvar,optimal,0.0009004590157719971,8.938917359409476e-10,2022-08-30
csi500,0.5373186520616248,0.1,-1.673316819530285e-05,3.58447388881622e-10,0.29189121178026195,0.6270120750847613,cvar,optimal,0.0009004590157719971,3.58447388881622e-10,2022-08-30
csi1000,0.31336533487737644,0.1,-0.019643932513398077,2.8499321585885477e-10,0.29189121178026195,0.5042623495717429,cvar,optimal,0.0009004590157719971,2.8499321585885477e-10,2022-08-30
bond_gov,0.27234260546614997,0.1,-0.0014191066222223325,0.44999999886771164,0.29189121178026195,0.7021346498163222,cvar,optimal,0.0009004590157719971,0.44999999886771164,2022-08-30
bond_corp,0.3769464099412206,0.1,-0.00048448127591265957,0.4499999992029151,0.29189121178026195,0.5266007037778632,cvar,optimal,0.0009004590157719971,0.4499999992029151,2022-08-30
csi_cb,0.5095564395507157,0.1,-0.005476067156382398,0.043549661616712164,0.29189121178026195,0.3526434230146077,cvar,optimal,0.0009004590157719971,0.043549661616712164,2022-08-30
crude_sc,0.8708138106216886,0.1,0.23307631058757042,0.001135374824709501,0.29189121178026195,0.8,cvar,optimal,0.0009004590157719971,0.001135374824709501,2022-08-30
gold_au,0.7596958252112007,0.1,0.03756312627901558,0.031707440949588564,0.29189121178026195,0.7066388549175573,cvar,optimal,0.0009004590157719971,0.031707440949588564,2022-08-30
spx,0.7354352732549064,0.1,0.05032612329848948,0.023607521192829956,0.29189121178026195,0.7602090841227042,cvar,optimal,0.0009004590157719971,0.023607521192829956,2022-08-30
sse50,0.27319349685070055,0.1,-0.02455647602454606,2.6860328287060712e-09,0.5546036984975428,0.6218762216675587,cvar,optimal,0.0009116787784700839,2.6860328287060716e-09,2022-09-28
csi300,0.5009817757785445,0.1,-0.01915466139055185,2.8676951917024434e-10,0.5546036984975428,0.4072731949564756,cvar,optimal,0.0009116787784700839,2.867695191702444e-10,2022-09-28
csi500,0.4281293709042331,0.1,-0.022035810543533735,8.24649800607579e-11,0.5546036984975428,0.6591815648033778,cvar,optimal,0.0009116787784700839,8.246498006075791e-11,2022-09-28
csi1000,0.31021284008345434,0.1,-0.03368076053313359,6.363096404610197e-11,0.5546036984975428,0.5262340925588225,cvar,optimal,0.0009116787784700839,6.363096404610199e-11,2022-09-28
bond_gov,0.42486725595716035,0.1,-0.00024075281936375304,0.4499999998767708,0.5546036984975428,0.3846567653629233,cvar,optimal,0.0009116787784700839,0.44999999987677086,2022-09-28
bond_corp,0.5256990919071921,0.1,4.672752724440126e-05,0.449999999884682,0.5546036984975428,0.49248805246736505,cvar,optimal,0.0009116787784700839,0.44999999988468203,2022-09-28
csi_cb,0.6513225799236743,0.1,-0.0016656674597130307,0.043743120953183265,0.5546036984975428,0.3560844676172107,cvar,optimal,0.0009116787784700839,0.04374312095318327,2022-09-28
crude_sc,0.9827173322333591,0.1,0.2162336127734595,0.0010825361378137895,0.5546036984975428,0.8,cvar,optimal,0.0009116787784700839,0.0010825361378137897,2022-09-28
gold_au,0.756210420909826,0.1,0.026500735883494858,0.0319106475728427,0.5546036984975428,0.6472592320358515,cvar,optimal,0.0009116787784700839,0.031910647572842704,2022-09-28
spx,0.6466658354518557,0.1,0.01421145139403275,0.023263692455809216,0.5546036984975428,0.5542858604641371,cvar,optimal,0.0009116787784700839,0.02326369245580922,2022-09-28
sse50,0.6171838101601282,0.1,0.04394205711362002,0.0021060301379381115,0.022311217362998806,0.4434510604434324,cvar,optimal,0.000888813764797533,0.0021060301379381115,2022-11-02
csi300,0.7763520062690863,0.1,0.045724768291718475,2.553890365444459e-09,0.022311217362998806,0.5425817839491917,cvar,optimal,0.000888813764797533,2.553890365444459e-09,2022-11-02
csi500,0.5427536636485252,0.1,0.02833938863922031,6.42644030567012e-10,0.022311217362998806,0.4924252314713551,cvar,optimal,0.000888813764797533,6.42644030567012e-10,2022-11-02
csi1000,0.6392252440738021,0.1,0.03196202401480511,6.091087183552311e-10,0.022311217362998806,0.6504900657190793,cvar,optimal,0.000888813764797533,6.091087183552311e-10,2022-11-02
bond_gov,0.19785758890328775,0.1,-0.0023283905656092973,0.4499999992195474,0.022311217362998806,0.8,cvar,optimal,0.000888813764797533,0.4499999992195474,2022-11-02
bond_corp,0.4025993369278884,0.1,-0.0004842483526487841,0.4499999992690094,0.022311217362998806,0.5717282612989203,cvar,optimal,0.000888813764797533,0.4499999992690094,2022-11-02
csi_cb,0.44476564897296567,0.1,0.004115574694934159,0.042388295383586544,0.022311217362998806,0.5976561029682788,cvar,optimal,0.000888813764797533,0.042388295383586544,2022-11-02
crude_sc,0.7688676204633315,0.1,0.1223050395862452,1.141115478922799e-09,0.022311217362998806,0.580954436699993,cvar,optimal,0.000888813764797533,1.141115478922799e-09,2022-11-02
gold_au,0.4752030532241781,0.1,-0.0036800641895187117,0.03316461496545456,0.022311217362998806,0.4032962237454652,cvar,optimal,0.000888813764797533,0.03316461496545456,2022-11-02
spx,0.6351920273568071,0.1,0.013949243000555016,0.02234105607770544,0.022311217362998806,0.49190649572207923,cvar,optimal,0.000888813764797533,0.02234105607770544,2022-11-02
sse50,0.37770879223664205,0.1,-0.02819762845575126,6.633791041619565e-08,0.6097811181727246,0.673539292380227,cvar,optimal,0.0008946049167287064,6.633791041619566e-08,2022-11-30
csi300,0.5205301235509328,0.1,-0.023798985106040324,4.286515657594615e-09,0.6097811181727246,0.5804129092991951,cvar,optimal,0.0008946049167287064,4.286515657594616e-09,2022-11-30
csi500,0.4070189881737541,0.1,-0.02541249125014862,1.162050428663042e-09,0.6097811181727246,0.7166467056797438,cvar,optimal,0.0008946049167287064,1.1620504286630422e-09,2022-11-30
csi1000,0.6739696912255169,0.1,-0.015558677768769208,1.0173802617171517e-09,0.6097811181727246,0.6089001169910356,cvar,optimal,0.0008946049167287064,1.0173802617171519e-09,2022-11-30
bond_gov,0.4328476602933618,0.1,-0.0003800336912739723,0.44999999872995927,0.6097811181727246,0.44125496367660777,cvar,optimal,0.0008946049167287064,0.4499999987299594,2022-11-30
bond_corp,0.6882791652929667,0.1,0.00046258953012790675,0.44999999878090746,0.6097811181727246,0.5145737329259725,cvar,optimal,0.0008946049167287064,0.4499999987809076,2022-11-30
csi_cb,0.2274767582829259,0.1,-0.02092101174907912,0.043743197075811535,0.6097811181727246,0.7652280013649699,cvar,optimal,0.0008946049167287064,0.04374319707581154,2022-11-30
crude_sc,0.9174355240096678,0.1,0.1942518271946094,0.0010819405798396583,0.6097811181727246,0.8,cvar,optimal,0.0008946049167287064,0.0010819405798396585,2022-11-30
gold_au,0.6651428725069853,0.1,0.01767563657123364,0.03191125647115405,0.6097811181727246,0.6282598254999111,cvar,optimal,0.0008946049167287064,0.03191125647115406,2022-11-30
spx,0.5895904244272467,0.1,0.006408262259275512,0.023263535558471056,0.6097811181727246,0.5710700028612191,cvar,optimal,0.0008946049167287064,0.02326353555847106,2022-11-30
sse50,0.398033429536225,0.1,-0.031174041552518857,7.4085186204335994e-09,0.3561959647331762,0.6819234819752668,cvar,optimal,0.0009006865965371605,7.4085186204336e-09,2022-12-28
csi300,0.41120318474968803,0.1,-0.037149071618584856,5.601875300249497e-09,0.3561959647331762,0.5486194773150251,cvar,optimal,0.0009006865965371605,5.601875300249498e-09,2022-12-28
csi500,0.2637350588992292,0.1,-0.04624980625284539,3.15276724100571e-09,0.3561959647331762,0.6711151895272451,cvar,optimal,0.0009006865965371605,3.1527672410057104e-09,2022-12-28
csi1000,0.44633825137765054,0.1,-0.04698809700287271,3.352401064220866e-09,0.3561959647331762,0.3976216538627005,cvar,optimal,0.0009006865965371605,3.3524010642208664e-09,2022-12-28
bond_gov,0.5321911397293162,0.1,0.00014837972992382434,0.4499999905559614,0.3561959647331762,0.35581353118493453,cvar,optimal,0.0009006865965371605,0.44999999055596146,2022-12-28
bond_corp,0.7227324900105572,0.1,0.0005962476992878716,0.4499999895558516,0.3561959647331762,0.65083462111344,cvar,optimal,0.0009006865965371605,0.44999998955585163,2022-12-28
csi_cb,0.3432617759495931,0.1,-0.017207237231368244,0.04932227056149372,0.3561959647331762,0.5453110966744448,cvar,optimal,0.0009006865965371605,0.04932227056149373,2022-12-28
crude_sc,0.9693495127091776,0.1,0.20558670777009008,2.5203449595900524e-08,0.3561959647331762,0.8,cvar,optimal,0.0009006865965371605,2.5203449595900528e-08,2022-12-28
gold_au,0.8170195134699282,0.1,0.031786499779144335,0.03742145633682365,0.3561959647331762,0.7651529604883969,cvar,optimal,0.0009006865965371605,0.03742145633682366,2022-12-28
spx,0.5961356435686349,0.1,0.01324816206921664,0.013256248270857585,0.3561959647331762,0.7269229858539136,cvar,optimal,0.0009006865965371605,0.013256248270857586,2022-12-28
sse50,0.30771960510959695,0.1,-0.04337154429814739,1.7067286798998546e-09,0.34545117314343776,0.659999960100206,cvar,optimal,0.0009006861252744178,1.7067286798998546e-09,2023-02-02
csi300,0.32606056445880494,0.1,-0.04362029343566688,1.0967210900840269e-09,0.34545117314343776,0.5661272736707119,cvar,optimal,0.0009006861252744178,1.0967210900840269e-09,2023-02-02
csi500,0.3335055769061696,0.1,-0.04015381278656731,5.254105449424148e-10,0.34545117314343776,0.6593905437552668,cvar,optimal,0.0009006861252744178,5.254105449424148e-10,2023-02-02
csi1000,0.29598618449818115,0.1,-0.04771537806937209,4.699710075283967e-10,0.34545117314343776,0.4685060604354079,cvar,optimal,0.0009006861252744178,4.699710075283967e-10,2023-02-02
bond_gov,0.6114394355411951,0.1,0.0003619495003628847,0.44999999900007803,0.34545117314343776,0.3455293013049991,cvar,optimal,0.0009006861252744178,0.44999999900007803,2023-02-02
bond_corp,0.7532748930915673,0.1,0.0006151536737374291,0.44999999889296927,0.34545117314343776,0.5865547090210328,cvar,optimal,0.0009006861252744178,0.44999999889296927,2023-02-02
csi_cb,0.4553399382822603,0.1,-0.012970246743825641,0.04932233775627627,0.34545117314343776,0.4542045482306214,cvar,optimal,0.0009006861252744178,0.04932233775627627,2023-02-02
crude_sc,1.0,0.1,0.18336830477120558,2.392019686995491e-09,0.34545117314343776,0.8,cvar,optimal,0.0009006861252744178,2.392019686995491e-09,2023-02-02
gold_au,0.8365309664286059,0.1,0.02499033685502847,0.0374215475098909,0.34545117314343776,0.7083422380235491,cvar,optimal,0.0009006861252744178,0.0374215475098909,2023-02-02
spx,0.5801428356836189,0.1,0.013777666079063274,0.013256110649934476,0.34545117314343776,0.557450327706944,cvar,optimal,0.0009006861252744178,0.013256110649934476,2023-02-02
sse50,0.22011097627974527,0.1,-0.06632635457862397,1.1109762449187783e-09,0.004269726109857309,0.7209019680061759,cvar,optimal,0.0008872674585475002,1.110976244918778e-09,2023-03-02
csi300,0.3740565997078556,0.1,-0.05036842898206119,1.1095828882584693e-09,0.004269726109857309,0.5388266270788042,cvar,optimal,0.0008872674585475002,1.109582888258469e-09,2023-03-02
csi500,0.3864915103962292,0.1,-0.033423484648675034,7.640643664283503e-10,0.004269726109857309,0.6687560855102495,cvar,optimal,0.0008872674585475002,7.640643664283501e-10,2023-03-02
csi1000,0.46462047633256903,0.1,-0.029934851984011544,8.498761330105343e-10,0.004269726109857309,0.4999446707488029,cvar,optimal,0.0008872674585475002,8.498761330105341e-10,2023-03-02
bond_gov,0.5718453610536051,0.1,0.00035625863437757844,0.4499999987900603,0.004269726109857309,0.35112798960471403,cvar,optimal,0.0008872674585475002,0.4499999987900602,2023-03-02
bond_corp,0.681870022449104,0.1,0.0004596991034232983,0.44999999865537454,0.004269726109857309,0.5659536245498805,cvar,optimal,0.0008872674585475002,0.44999999865537443,2023-03-02
csi_cb,0.5449260158135031,0.1,-0.010830207286728444,0.04757198058209112,0.004269726109857309,0.3859962449554034,cvar,optimal,0.0008872674585475002,0.047571980582091104,2023-03-02
crude_sc,0.5967058834498855,0.1,0.040382418330536116,7.873257104568063e-10,0.004269726109857309,0.2828268048640009,cvar,optimal,0.0008872674585475002,7.873257104568061e-10,2023-03-02
gold_au,0.8304857487552613,0.1,0.026941186737649683,0.03112603388026396,0.004269726109857309,0.6712236320410394,cvar,optimal,0.0008872674585475002,0.031126033880263953,2023-03-02
spx,0.8288874057622421,0.1,0.07353483183404826,0.021301983470384814,0.004269726109857309,0.7418480032648573,cvar,optimal,0.0008872674585475002,0.02130198347038481,2023-03-02
sse50,0.4811730957999742,0.1,-0.0016599208074747872,4.748845603848742e-09,0.2380171277464171,0.5831215478086905,cvar,optimal,0.0008292548155343659,4.748845603848742e-09,2023-03-30
csi300,0.6544708894962975,0.1,0.00027796184498293797,4.358653677627518e-09,0.2380171277464171,0.6894577248063734,cvar,optimal,0.0008292548155343659,4.358653677627518e-09,2023-03-30
csi500,0.26118174944371414,0.1,-0.03772065889392248,2.0968411103047943e-09,0.2380171277464171,0.7806294283676434,cvar,optimal,0.0008292548155343659,2.0968411103047943e-09,2023-03-30
csi1000,0.3524063537652322,0.1,-0.04080456751042481,1.9088290222640894e-09,0.2380171277464171,0.5494672139548475,cvar,optimal,0.0008292548155343659,1.9088290222640894e-09,2023-03-30
bond_gov,0.38466125752777464,0.1,-0.001064695201983985,0.44999999578780103,0.2380171277464171,0.6122822154810105,cvar,optimal,0.0008292548155343659,0.44999999578780103,2023-03-30
bond_corp,0.4870189873193763,0.1,-9.40139836153494e-05,0.44999999520142175,0.2380171277464171,0.5609558781335684,cvar,optimal,0.0008292548155343659,0.44999999520142175,2023-03-30
csi_cb,0.6664479145377837,0.1,-0.0022792942095980623,0.058789983599818,0.2380171277464171,0.36759406906811554,cvar,optimal,0.0008292548155343659,0.058789983599818,2023-03-30
crude_sc,0.8342497466633653,0.1,0.13825006602341122,3.124128262908949e-09,0.2380171277464171,0.7817439804732789,cvar,optimal,0.0008292548155343659,3.124128262908949e-09,2023-03-30
gold_au,0.6279577921748224,0.1,0.011986004020964773,0.029438429508420367,0.2380171277464171,0.6351281929230279,cvar,optimal,0.0008292548155343659,0.029438429508420367,2023-03-30
spx,0.7504322132716594,0.1,0.04920172690884029,0.011771579665241106,0.2380171277464171,0.6103686153333356,cvar,optimal,0.0008292548155343659,0.011771579665241106,2023-03-30
sse50,0.5835215973600619,0.1,0.0033515928117407133,1.480422518499238e-09,0.2332649132896621,0.556999833548656,cvar,optimal,0.0008182451321364631,1.480422518499238e-09,2023-04-28
csi300,0.4972996985059937,0.1,-0.007204645647816255,4.906626028702406e-10,0.2332649132896621,0.470765280449747,cvar,optimal,0.0008182451321364631,4.906626028702406e-10,2023-04-28
csi500,0.2331608210317039,0.1,-0.030590118011594322,1.7797115287941404e-10,0.2332649132896621,0.7878592006438871,cvar,optimal,0.0008182451321364631,1.7797115287941404e-10,2023-04-28
csi1000,0.271311879871515,0.1,-0.03616637135414005,1.2351354730852804e-10,0.2332649132896621,0.5982405172436256,cvar,optimal,0.0008182451321364631,1.2351354730852804e-10,2023-04-28
bond_gov,0.3864605940085019,0.1,-0.0009393135930031649,0.44999999970567267,0.2332649132896621,0.4991442037484019,cvar,optimal,0.0008182451321364631,0.44999999970567267,2023-04-28
bond_corp,0.4864605940085019,0.1,-0.00018800964102490226,0.4499999997232223,0.2332649132896621,0.6067064881906458,cvar,optimal,0.0008182451321364631,0.4499999997232223,2023-04-28
csi_cb,0.7111738657866874,0.1,-0.001772290162415726,0.05928302978637739,0.2332649132896621,0.38171293126521316,cvar,optimal,0.0008182451321364631,0.05928302978637739,2023-04-28
crude_sc,0.9219998188489682,0.1,0.13708365499497913,9.648807524598804e-10,0.2332649132896621,0.7994604687501643,cvar,optimal,0.0008182451321364631,9.648807524598804e-10,2023-04-28
gold_au,0.5858810947089386,0.1,0.004670545914841328,0.029016264089614698,0.2332649132896621,0.5167980584586366,cvar,optimal,0.0008182451321364631,0.029016264089614698,2023-04-28
spx,0.8227300358691274,0.1,0.04965768986379549,0.011700703457662335,0.2332649132896621,0.7193148379900971,cvar,optimal,0.0008182451321364631,0.011700703457662335,2023-04-28
sse50,0.6772550026010893,0.1,-0.0033379876688283995,7.16556755073746e-09,0.29437153730087,0.5583452792064911,cvar,optimal,0.0007768801110789798,7.165567550737461e-09,2023-05-31
csi300,0.41508542673274224,0.1,-0.014503053285993092,2.5043091391239586e-09,0.29437153730087,0.5189579555995213,cvar,optimal,0.0007768801110789798,2.504309139123959e-09,2023-05-31
csi500,0.3264627776146999,0.1,-0.025058114658318063,1.2821112669257143e-09,0.29437153730087,0.6694008512906484,cvar,optimal,0.0007768801110789798,1.2821112669257145e-09,2023-05-31
csi1000,0.24749704684616078,0.1,-0.030498099853619835,9.100545373909135e-10,0.29437153730087,0.4807279236189892,cvar,optimal,0.0007768801110789798,9.100545373909136e-10,2023-05-31
bond_gov,0.4344041527384718,0.1,-0.0006807801274458294,0.44999999915925676,0.29437153730087,0.4612216745395794,cvar,optimal,0.0007768801110789798,0.4499999991592568,2023-05-31
bond_corp,0.5169858185381088,0.1,-0.00020186730237600048,0.4499999991462089,0.29437153730087,0.57122453850692,cvar,optimal,0.0007768801110789798,0.449999999146209,2023-05-31
csi_cb,0.34179664759201217,0.1,-0.010705450506252545,0.0521212430965342,0.29437153730087,0.6259859350378084,cvar,optimal,0.0007768801110789798,0.05212124309653421,2023-05-31
crude_sc,0.9924183342003631,0.1,0.1458535593237551,1.1675082682396464e-08,0.29437153730087,0.8,cvar,optimal,0.0007768801110789798,1.1675082682396465e-08,2023-05-31
gold_au,0.6928653692859033,0.1,0.010450018090745507,0.029819837223637718,0.29437153730087,0.6181166619174052,cvar,optimal,0.0007768801110789798,0.02981983722363772,2023-05-31
spx,0.8552294238504486,0.1,0.04538883658872475,0.018058897837237294,0.29437153730087,0.7655032424694912,cvar,optimal,0.0007768801110789798,0.018058897837237298,2023-05-31
sse50,0.6430850694979555,0.1,0.014498582284591414,7.55294884469432e-09,0.3576124339893823,0.5815420991394471,cvar,optimal,0.0007431532307884371,7.552948844694322e-09,2023-06-30
csi300,0.64973314910537,0.1,0.013134965098065068,6.069682711808181e-09,0.3576124339893823,0.6312418685255227,cvar,optimal,0.0007431532307884371,6.069682711808182e-09,2023-06-30
csi500,0.4146270423587243,0.1,-0.0035948170772514033,3.394762358902268e-09,0.3576124339893823,0.5707251806028824,cvar,optimal,0.0007431532307884371,3.3947623589022686e-09,2023-06-30
csi1000,0.43563756098306927,0.1,-0.004237105144470933,2.5379652709644e-09,0.3576124339893823,0.44023611566280674,cvar,optimal,0.0007431532307884371,2.5379652709644003e-09,2023-06-30
bond_gov,0.23603783732501446,0.1,-0.0018177559382549684,0.44999999837739585,0.3576124339893823,0.6718099134955515,cvar,optimal,0.0007431532307884371,0.4499999983773959,2023-06-30
bond_corp,0.330009480825696,0.1,-0.00048294757392348915,0.449999998312927,0.3576124339893823,0.4890263369369298,cvar,optimal,0.0007431532307884371,0.44999999831292703,2023-06-30
csi_cb,0.43891925365217893,0.1,0.0013818746829231312,0.053976989881121075,0.3576124339893823,0.45551096243619316,cvar,optimal,0.0007431532307884371,0.05397698988112108,2023-06-30
crude_sc,0.9980791235396312,0.1,0.16984059451563943,1.7759796784070006e-09,0.3576124339893823,0.8,cvar,optimal,0.0007431532307884371,1.7759796784070008e-09,2023-06-30
gold_au,0.5148938932533544,0.1,-0.01110996156475792,0.03286407960676055,0.3576124339893823,0.40967834698549266,cvar,optimal,0.0007431532307884371,0.032864079606760556,2023-06-30
spx,0.8389775894590061,0.1,0.03799867698998511,0.013158912490456571,0.3576124339893823,0.6645751805714384,cvar,optimal,0.0007431532307884371,0.013158912490456573,2023-06-30
sse50,0.7803623822616134,0.1,0.03473888652014167,4.909004579649343e-09,0.13665965784721193,0.5445664405209709,cvar,optimal,0.0006793776939395047,4.909004579649343e-09,2023-07-28
csi300,0.5578088478652031,0.1,0.02309001482118901,4.756796599427107e-09,0.13665965784721193,0.4495794360813801,cvar,optimal,0.0006793776939395047,4.756796599427107e-09,2023-07-28
csi500,0.5425058150061465,0.1,0.013236501318867111,3.4171711171667308e-09,0.13665965784721193,0.45630495307729185,cvar,optimal,0.0006793776939395047,3.4171711171667308e-09,2023-07-28
csi1000,0.5171725121810069,0.1,0.008961011604145242,2.8151864536418928e-09,0.13665965784721193,0.5614996982114446,cvar,optimal,0.0006793776939395047,2.8151864536418928e-09,2023-07-28
bond_gov,0.23237786284221806,0.1,-0.002117706073169252,0.4499999969464415,0.13665965784721193,0.7771375292601298,cvar,optimal,0.0006793776939395047,0.4499999969464415,2023-07-28
bond_corp,0.330164041541899,0.1,-0.0004425770879248156,0.4499999970096063,0.13665965784721193,0.5917884955858979,cvar,optimal,0.0006793776939395047,0.4499999970096063,2023-07-28
csi_cb,0.6034166949719899,0.1,0.009915012546680209,0.05207888535003384,0.13665965784721193,0.29904148299146277,cvar,optimal,0.0006793776939395047,0.05207888535003384,2023-07-28
crude_sc,0.4712145124954451,0.1,-0.0007401247445418119,1.5388778462767787e-09,0.13665965784721193,0.5426153453828352,cvar,optimal,0.0006793776939395047,1.5388778462767787e-09,2023-07-28
gold_au,0.7346969671409436,0.1,0.02051262265947359,0.045588653088246216,0.13665965784721193,0.6435423036294239,cvar,optimal,0.0006793776939395047,0.045588653088246216,2023-07-28
spx,0.7302803636935342,0.1,0.03369312187836203,0.0023324501686355016,0.13665965784721193,0.6423929021607007,cvar,optimal,0.0006793776939395047,0.0023324501686355016,2023-07-28
sse50,0.4511162002106606,0.1,-0.012255773363759614,1.6587400886089667e-09,0.18063069841287013,0.5375650537605104,cvar,optimal,0.0006804267014801058,1.6587400886089667e-09,2023-08-25
csi300,0.44383410778046156,0.1,-0.010292999458250192,1.6211028911922704e-09,0.18063069841287013,0.4976402035043048,cvar,optimal,0.0006804267014801058,1.6211028911922704e-09,2023-08-25
csi500,0.5858536212503895,0.1,-0.0031722991613087163,1.2694238507311432e-09,0.18063069841287013,0.5055573261252677,cvar,optimal,0.0006804267014801058,1.2694238507311432e-09,2023-08-25
csi1000,0.39986061433951503,0.1,-0.004804467141495863,9.713123945161587e-10,0.18063069841287013,0.24036191508519858,cvar,optimal,0.0006804267014801058,9.713123945161587e-10,2023-08-25
bond_gov,0.3758507367024763,0.1,-0.0008654112158669989,0.44999999838088917,0.18063069841287013,0.4770973079494144,cvar,optimal,0.0006804267014801058,0.44999999838088917,2023-08-25
bond_corp,0.4430103687316135,0.1,-0.00023706390913823852,0.44999999774650384,0.18063069841287013,0.5407289806849077,cvar,optimal,0.0006804267014801058,0.44999999774650384,2023-08-25
csi_cb,0.4348354018857141,0.1,-0.003976259554839028,0.05052698832780053,0.18063069841287013,0.4811677941221172,cvar,optimal,0.0006804267014801058,0.05052698832780053,2023-08-25
crude_sc,0.7516326889087679,0.1,0.0743623171061076,2.1562830781239874e-09,0.18063069841287013,0.6904799423116048,cvar,optimal,0.0006804267014801058,2.1562830781239874e-09,2023-08-25
gold_au,0.7770782255719078,0.1,0.025381243890994262,0.047460838743248725,0.18063069841287013,0.7940656128197459,cvar,optimal,0.0006804267014801058,0.047460838743248725,2023-08-25
spx,0.8369280346184936,0.1,0.0473468515210405,0.0020121691246955367,0.18063069841287013,0.8,cvar,optimal,0.0006804267014801058,0.0020121691246955367,2023-08-25
sse50,0.31280760122140816,0.1,-0.02372251549363913,5.243238349513393e-10,0.1039622323144454,0.6726569563561771,cvar,optimal,0.0006700965029579654,5.243238349513393e-10,2023-09-22
csi300,0.38678864895800863,0.1,-0.014840758334451979,6.289750661173479e-10,0.1039622323144454,0.5649030877649631,cvar,optimal,0.0006700965029579654,6.289750661173479e-10,2023-09-22
csi500,0.5999999999999999,0.1,0.0030436357640530737,7.783022793443153e-10,0.1039622323144454,0.4716187411923852,cvar,optimal,0.0006700965029579654,7.783022793443153e-10,2023-09-22
csi1000,0.5596819599350246,0.1,0.0073374517923476094,7.830501930939022e-10,0.1039622323144454,0.5350460492278993,cvar,optimal,0.0006700965029579654,7.830501930939022e-10,2023-09-22
bond_gov,0.39201987991929005,0.1,-0.0003897699854174687,0.4499999994246123,0.1039622323144454,0.5481070095273854,cvar,optimal,0.0006700965029579654,0.4499999994246123,2023-09-22
bond_corp,0.463155523487925,0.1,-0.00020976138196859257,0.449999999313832,0.1039622323144454,0.6130801460282022,cvar,optimal,0.0006700965029579654,0.449999999313832,2023-09-22
csi_cb,0.5574081546992036,0.1,-0.0019460393554131825,0.051525541896645884,0.1039622323144454,0.32675549474104215,cvar,optimal,0.0006700965029579654,0.051525541896645884,2023-09-22
crude_sc,0.41328086843690026,0.1,-0.025824345505556186,4.145520041950666e-10,0.1039622323144454,0.45494217311917334,cvar,optimal,0.0006700965029579654,4.145520041950666e-10,2023-09-22
gold_au,0.886816379510361,0.1,0.028990242281020796,0.046923624544165314,0.1039622323144454,0.7566604940347007,cvar,optimal,0.0006700965029579654,0.046923624544165314,2023-09-22
spx,0.9280409838318788,0.1,0.04287808327244336,0.0015508316915410839,0.1039622323144454,0.7823232249720191,cvar,optimal,0.0006700965029579654,0.0015508316915410839,2023-09-22
sse50,0.2609810618448984,0.1,-0.032636334143220376,2.470366948340458e-10,0.12299475521990239,0.774666292024379,cvar,optimal,0.0006613232352067124,2.470366948340458e-10,2023-10-30
csi300,0.3658724140461019,0.1,-0.022421762579115205,3.541150357372607e-10,0.12299475521990239,0.5150363024427749,cvar,optimal,0.0006613232352067124,3.541150357372607e-10,2023-10-30
csi500,0.4813413825993247,0.1,-0.010493774800310607,7.434881955471173e-10,0.12299475521990239,0.5989086001593292,cvar,optimal,0.0006613232352067124,7.434881955471173e-10,2023-10-30
csi1000,0.5437565398319131,0.1,-0.005627669535812334,5.660196111526787e-10,0.12299475521990239,0.46166934085338,cvar,optimal,0.0006613232352067124,5.660196111526787e-10,2023-10-30
bond_gov,0.47520870125808373,0.1,0.00013558609384591887,0.44999999985209016,0.12299475521990239,0.4422715071376544,cvar,optimal,0.0006613232352067124,0.44999999985209016,2023-10-30
bond_corp,0.7674172882606378,0.1,0.0004239482877222552,0.4499999998500757,0.12299475521990239,0.5052980467602094,cvar,optimal,0.0006613232352067124,0.4499999998500757,2023-10-30
csi_cb,0.5479927735846076,0.1,-0.006378750069311043,0.05036762383504814,0.12299475521990239,0.3663678642729936,cvar,optimal,0.0006613232352067124,0.05036762383504814,2023-10-30
crude_sc,0.28178867714921224,0.1,-0.06099009056355027,3.0247520904327095e-05,0.12299475521990239,0.5879580836715799,cvar,optimal,0.0006613232352067124,3.0247520904327095e-05,2023-10-30
gold_au,0.86096710482161,0.1,0.02425680734788024,0.04541979701251986,0.12299475521990239,0.7041144533150165,cvar,optimal,0.0006613232352067124,0.04541979701251986,2023-10-30
spx,0.9146740566036105,0.1,0.03798083134475795,0.004182330018702366,0.12299475521990239,0.8,cvar,optimal,0.0006613232352067124,0.004182330018702366,2023-10-30
sse50,0.4980556332634484,0.1,0.014157766028155862,1.5200689356072575e-08,0.19363964396294592,0.5340321192146482,cvar,optimal,0.0006395583514681347,1.520068935607258e-08,2023-11-27
csi300,0.6419867481700661,0.1,0.025557085955507753,3.0534745429382074e-08,0.19363964396294592,0.6337992930634679,cvar,optimal,0.0006395583514681347,3.053474542938208e-08,2023-11-27
csi500,0.6681706816582954,0.1,0.0342303433758039,9.32567055787623e-06,0.19363964396294592,0.40622934097979185,cvar,optimal,0.0006395583514681347,9.325670557876232e-06,2023-11-27
csi1000,0.8238448532281708,0.1,0.048835999330224214,4.5637084804975664e-08,0.19363964396294592,0.646070597866518,cvar,optimal,0.0006395583514681347,4.563708480497567e-08,2023-11-27
bond_gov,0.2980883240560119,0.1,-0.001208085486878056,0.4499999943679079,0.19363964396294592,0.6783305914047386,cvar,optimal,0.0006395583514681347,0.44999999436790794,2023-11-27
bond_corp,0.46676101885649546,0.1,-9.462727878582885e-05,0.4499999956064592,0.19363964396294592,0.5694416389865135,cvar,optimal,0.0006395583514681347,0.44999999560645926,2023-11-27
csi_cb,0.47071040150939597,0.1,0.006004831068787273,0.050501522885226816,0.19363964396294592,0.5453472385846991,cvar,optimal,0.0006395583514681347,0.05050152288522682,2023-11-27
crude_sc,0.22671452626452623,0.1,-0.07904086804382798,4.520732770469615e-09,0.19363964396294592,0.6833316248104214,cvar,optimal,0.0006395583514681347,4.520732770469616e-09,2023-11-27
gold_au,0.6525039533115402,0.1,0.007723213155642708,0.04523081219865466,0.19363964396294592,0.412718781927166,cvar,optimal,0.0006395583514681347,0.045230812198654664,2023-11-27
spx,0.7531638596820497,0.1,0.026663011556209107,0.004258253377941076,0.19363964396294592,0.5991249406471815,cvar,optimal,0.0006395583514681347,0.004258253377941077,2023-11-27
sse50,0.324978931143388,0.1,0.0026001975639605695,1.9322822561609083e-10,0.18280342846134381,0.7222932175786809,cvar,optimal,0.0006283677133873013,1.9322822561609083e-10,2023-12-25
csi300,0.7853580103948661,0.1,0.023589739538620723,1.7664894902953292e-10,0.18280342846134381,0.6214325521456904,cvar,optimal,0.0006283677133873013,1.7664894902953292e-10,2023-12-25
csi500,0.6415385007893044,0.1,0.023989282054219997,1.497533283312364e-10,0.18280342846134381,0.47217470597076155,cvar,optimal,0.0006283677133873013,1.497533283312364e-10,2023-12-25
csi1000,0.6976350666279625,0.1,0.030589410765626622,1.2764320478160557e-10,0.18280342846134381,0.3925863324004292,cvar,optimal,0.0006283677133873013,1.2764320478160557e-10,2023-12-25
bond_gov,0.16572306466897815,0.1,-0.0022010734599348545,0.4499999998944876,0.18280342846134381,0.7649211129676758,cvar,optimal,0.0006283677133873013,0.4499999998944876,2023-12-25
bond_corp,0.39017919628918596,0.1,-0.00045234859593978665,0.44999999989501577,0.18280342846134381,0.628053023330662,cvar,optimal,0.0006283677133873013,0.44999999989501577,2023-12-25
csi_cb,0.584570304826892,0.1,0.007199762562672898,0.039024285695938236,0.18280342846134381,0.3383070719139093,cvar,optimal,0.0006283677133873013,0.039024285695938236,2023-12-25
crude_sc,0.7176055195629442,0.1,0.07714124279181286,0.01005550778934828,0.18280342846134381,0.7212965150899568,cvar,optimal,0.0006283677133873013,0.01005550778934828,2023-12-25
gold_au,0.6111331254700836,0.1,0.007400411418649148,0.03929503378224777,0.18280342846134381,0.6324707113003664,cvar,optimal,0.0006283677133873013,0.03929503378224777,2023-12-25
spx,0.5812782802263952,0.1,0.006099604011267953,0.011625172295688754,0.18280342846134381,0.4438960345966342,cvar,optimal,0.0006283677133873013,0.011625172295688754,2023-12-25
sse50,0.5099337105017402,0.1,0.01774361176616275,1.3667156054478798e-09,0.30426258754760227,0.4934521759053362,cvar,optimal,0.0006314816470011929,1.3667156054478798e-09,2024-01-23
csi300,0.7766292803287174,0.1,0.02433780990298067,1.3208501654701908e-09,0.30426258754760227,0.6599281764712777,cvar,optimal,0.0006314816470011929,1.3208501654701908e-09,2024-01-23
csi500,0.4383009986683238,0.1,0.014604838035367813,1.3355313361791001e-09,0.30426258754760227,0.6201929875587173,cvar,optimal,0.0006314816470011929,1.3355313361791001e-09,2024-01-23
csi1000,0.571884558423061,0.1,0.021361587354386872,1.135347077321816e-09,0.30426258754760227,0.3942584815013796,cvar,optimal,0.0006314816470011929,1.135347077321816e-09,2024-01-23
bond_gov,0.15190563351287595,0.1,-0.0024043859008578386,0.449999998681214,0.30426258754760227,0.7272185047117863,cvar,optimal,0.0006314816470011929,0.449999998681214,2024-01-23
bond_corp,0.2717786073114671,0.1,-0.0006900701620523514,0.4499999984089893,0.30426258754760227,0.5750820436709255,cvar,optimal,0.0006314816470011929,0.4499999984089893,2024-01-23
csi_cb,0.6624896249623443,0.1,0.0075447152493632414,0.0345618683960999,0.30426258754760227,0.3101693157448392,cvar,optimal,0.0006314816470011929,0.0345618683960999,2024-01-23
crude_sc,0.9058693289334367,0.1,0.14468169570163703,0.010378822834568221,0.30426258754760227,0.8,cvar,optimal,0.0006314816470011929,0.010378822834568221,2024-01-23
gold_au,0.5621624623132493,0.1,0.003693544515172735,0.04027026028954299,0.30426258754760227,0.5298456694394537,cvar,optimal,0.0006314816470011929,0.04027026028954299,2024-01-23
spx,0.6490457950447843,0.1,0.009074461752220316,0.014789046231141408,0.30426258754760227,0.48196621834993003,cvar,optimal,0.0006314816470011929,0.014789046231141408,2024-01-23
sse50,0.37417220686906755,0.1,-0.0018279830634570123,4.906294399071259e-10,0.1693202320734252,0.7038865962809943,cvar,optimal,0.0005332919184492822,4.90629439907126e-10,2024-02-28
csi300,0.5420767273376002,0.1,0.011320632600562024,3.937341922614172e-10,0.1693202320734252,0.6003451059249649,cvar,optimal,0.0005332919184492822,3.9373419226141723e-10,2024-02-28
csi500,0.6529020298269322,0.1,0.06005751355071389,5.171367111333986e-10,0.1693202320734252,0.3855801804262962,cvar,optimal,0.0005332919184492822,5.171367111333987e-10,2024-02-28
csi1000,0.8685584501813325,0.1,0.09509766587451099,4.73399440828708e-10,0.1693202320734252,0.7177341853882513,cvar,optimal,0.0005332919184492822,4.733994408287081e-10,2024-02-28
bond_gov,0.15778150091200002,0.1,-0.0028270428770237775,0.44999999960270654,0.1693202320734252,0.7358059537825241,cvar,optimal,0.0005332919184492822,0.4499999996027066,2024-02-28
bond_corp,0.2459932983583998,0.1,-0.0008941253865007615,0.44999999961789044,0.1693202320734252,0.5878244433453537,cvar,optimal,0.0005332919184492822,0.4499999996178905,2024-02-28
csi_cb,0.6423569829288003,0.1,0.013654407337606606,0.02705166231596959,0.1693202320734252,0.33295510429062336,cvar,optimal,0.0005332919184492822,0.027051662315969595,2024-02-28
crude_sc,0.7954392739973335,0.1,0.10138157810064037,0.007032600649078043,0.1693202320734252,0.7443732179435493,cvar,optimal,0.0005332919184492822,0.007032600649078044,2024-02-28
gold_au,0.5896869444709332,0.1,0.006901902949133272,0.05217240205202921,0.1693202320734252,0.4517756037607248,cvar,optimal,0.0005332919184492822,0.052172402052029214,2024-02-28
spx,0.6310325851176004,0.1,0.008953410745893248,0.013743333887426296,0.1693202320734252,0.5696048065778424,cvar,optimal,0.0005332919184492822,0.013743333887426297,2024-02-28
sse50,0.42913401971723153,0.1,-0.011924220290066276,1.087670308310052e-09,0.3595064005456008,0.6053432188607119,cvar,optimal,0.0004931399568098145,1.087670308310052e-09,2024-03-27
csi300,0.3207077013147517,0.1,-0.016076032383473063,1.026082303829054e-09,0.3595064005456008,0.5575473658575257,cvar,optimal,0.0004931399568098145,1.026082303829054e-09,2024-03-27
csi500,0.634894482772246,0.1,0.01752835759432482,1.5371967349156045e-09,0.3595064005456008,0.5512407007772719,cvar,optimal,0.0004931399568098145,1.5371967349156045e-09,2024-03-27
csi1000,0.5601342250814777,0.1,0.022063631352704734,1.2426718146828818e-09,0.3595064005456008,0.2520121222661157,cvar,optimal,0.0004931399568098145,1.2426718146828818e-09,2024-03-27
bond_gov,0.26332352913752854,0.1,-0.0022032342118006756,0.449999996953621,0.3595064005456008,0.6758763772916809,cvar,optimal,0.0004931399568098145,0.449999996953621,2024-03-27
bond_corp,0.3383235291375286,0.1,-0.0007361525968476936,0.4499999954698638,0.3595064005456008,0.641906401800934,cvar,optimal,0.0004931399568098145,0.4499999954698638,2024-03-27
csi_cb,0.5296622196177325,0.1,0.00032034138271719304,0.02442050793710074,0.3595064005456008,0.4105991205080285,cvar,optimal,0.0004931399568098145,0.02442050793710074,2024-03-27
crude_sc,0.9113250444134182,0.1,0.14020476130133738,0.006935857955326993,0.3595064005456008,0.8,cvar,optimal,0.0004931399568098145,0.006935857955326993,2024-03-27
gold_au,0.7643820493923738,0.1,0.021040437922456308,0.049728533343922146,0.3595064005456008,0.6610233858374877,cvar,optimal,0.0004931399568098145,0.049728533343922146,2024-03-27
spx,0.7481131994157112,0.1,0.021813749038189684,0.018915103446544283,0.3595064005456008,0.7288278678514281,cvar,optimal,0.0004931399568098145,0.018915103446544283,2024-03-27
sse50,0.463951724255841,0.1,0.003275018334119391,1.680992263676026e-09,0.43499263002135474,0.5507805447609009,cvar,optimal,0.0005145229168651663,1.6809922636760261e-09,2024-04-26
csi300,0.5057640933919457,0.1,0.00570176913380132,1.1452495958549734e-09,0.43499263002135474,0.5461727323078983,cvar,optimal,0.0005145229168651663,1.1452495958549736e-09,2024-04-26
csi500,0.7370965712328099,0.1,0.04142168033358638,1.2565027971433649e-09,0.43499263002135474,0.5321794975303481,cvar,optimal,0.0005145229168651663,1.256502797143365e-09,2024-04-26
csi1000,0.48765096603804126,0.1,0.03883978237879282,5.586482184018195e-10,0.43499263002135474,0.3384939635369319,cvar,optimal,0.0005145229168651663,5.586482184018196e-10,2024-04-26
bond_gov,0.18134540240032543,0.1,-0.0029399855280443123,0.4499999987076664,0.43499263002135474,0.7307418180689154,cvar,optimal,0.0005145229168651663,0.44999999870766644,2024-04-26
bond_corp,0.2731518417988123,0.1,-0.0005666443342886617,0.4499999978364771,0.43499263002135474,0.5517094448202933,cvar,optimal,0.0005145229168651663,0.44999999783647715,2024-04-26
csi_cb,0.5557352794042141,0.1,0.006909850280301788,0.027040788872129132,0.43499263002135474,0.39886885661257543,cvar,optimal,0.0005145229168651663,0.027040788872129136,2024-04-26
crude_sc,0.9692905697147086,0.1,0.13077363113739354,0.006141407241541881,0.43499263002135474,0.8,cvar,optimal,0.0005145229168651663,0.006141407241541882,2024-04-26
gold_au,0.7770648121207615,0.1,0.02683437145470789,0.04061691687380807,0.43499263002135474,0.7090069460988291,cvar,optimal,0.0005145229168651663,0.04061691687380808,2024-04-26
spx,0.5489487396425402,0.1,0.0030111110553893428,0.026200885826984557,0.43499263002135474,0.5450312574944867,cvar,optimal,0.0005145229168651663,0.02620088582698456,2024-04-26
sse50,0.49328174309855477,0.1,0.014595172672709402,1.9294700586645436e-09,0.16357748177278617,0.5692068072094066,cvar,optimal,0.0005502190156742646,1.9294700586645436e-09,2024-05-29
csi300,0.5820001557254605,0.1,0.023808517402180217,1.8275271916629814e-09,0.16357748177278617,0.5467601294254174,cvar,optimal,0.0005502190156742646,1.8275271916629814e-09,2024-05-29
csi500,0.8068603133257941,0.1,0.07392505276509881,1.6917093776303547e-09,0.16357748177278617,0.475568849512829,cvar,optimal,0.0005502190156742646,1.6917093776303547e-09,2024-05-29
csi1000,0.725531446033033,0.1,0.08677541128042614,5.144419003386456e-10,0.16357748177278617,0.5772183764784501,cvar,optimal,0.0005502190156742646,5.144419003386456e-10,2024-05-29
bond_gov,0.14254078228918493,0.1,-0.0037004822817658157,0.4499999987824223,0.16357748177278617,0.7411432475485265,cvar,optimal,0.0005502190156742646,0.4499999987824223,2024-05-29
bond_corp,0.2929730959899537,0.1,-0.000575464476498433,0.44999999867389157,0.16357748177278617,0.5321964663057202,cvar,optimal,0.0005502190156742646,0.44999999867389157,2024-05-29
csi_cb,0.5496623905821305,0.1,0.012092016186274273,0.04009965647516811,0.16357748177278617,0.34290282826508534,cvar,optimal,0.0005502190156742646,0.04009965647516811,2024-05-29
crude_sc,0.8757654950692731,0.1,0.10256697904488933,0.007776031923155982,0.16357748177278617,0.8,cvar,optimal,0.0005502190156742646,0.007776031923155982,2024-05-29
gold_au,0.48396960399249733,0.1,-0.0012335183499332268,0.024244211989276364,0.16357748177278617,0.5780923292220507,cvar,optimal,0.0005502190156742646,0.024244211989276364,2024-05-29
spx,0.5474149738941178,0.1,0.0014224146174809933,0.027880096192937145,0.16357748177278617,0.35612599332976363,cvar,optimal,0.0005502190156742646,0.027880096192937145,2024-05-29
sse50,0.549601800001675,0.1,0.02151173661039441,0.0008275228103780627,0.04479185689162953,0.5140170740602499,cvar,optimal,0.0005714870410548035,0.0008275228103780625,2024-06-27
csi300,0.6125,0.1,0.03375952755701179,1.0681828028019418e-09,0.04479185689162953,0.5828917717290275,cvar,optimal,0.0005714870410548035,1.0681828028019416e-09,2024-06-27
csi500,0.832583588471629,0.1,0.09437669746762746,3.7389955320317227e-10,0.04479185689162953,0.43231199635391393,cvar,optimal,0.0005714870410548035,3.7389955320317217e-10,2024-06-27
csi1000,0.8522583544233251,0.1,0.1238127201616983,1.9986248796881926e-10,0.04479185689162953,0.6988109790145939,cvar,optimal,0.0005714870410548035,1.998624879688192e-10,2024-06-27
bond_gov,0.10912158820322446,0.1,-0.0038374489006435674,0.4499999998163407,0.04479185689162953,0.7761642653707307,cvar,optimal,0.0005714870410548035,0.4499999998163406,2024-06-27
bond_corp,0.29508358847162897,0.1,-0.0005103375633931891,0.44999999979926597,0.04479185689162953,0.5290128074128524,cvar,optimal,0.0005714870410548035,0.44999999979926586,2024-06-27
csi_cb,0.6194133410211475,0.1,0.01970582394928165,0.04171862245364535,0.04479185689162953,0.36836921441288906,cvar,optimal,0.0005714870410548035,0.04171862245364534,2024-06-27
crude_sc,0.7038723994598409,0.1,0.04450394364500611,0.007526311052132247,0.04479185689162953,0.5307566790122149,cvar,optimal,0.0005714870410548035,0.0075263110521322455,2024-06-27
gold_au,0.4171549865978223,0.1,-0.006488239168501268,0.019544525979178457,0.04479185689162953,0.5200882554479118,cvar,optimal,0.0005714870410548035,0.019544525979178454,2024-06-27
spx,0.508410353349707,0.1,0.0011186186366086356,0.030383016447114414,0.04479185689162953,0.46074106035764134,cvar,optimal,0.0005714870410548035,0.030383016447114407,2024-06-27
sse50,0.4528340011406118,0.1,-0.0072457825927755085,1.2379971592233985e-08,0.3723460585468121,0.49720183131210605,cvar,optimal,0.0006051712821356939,1.2379971592233985e-08,2024-07-25
csi300,0.5218979273557722,0.1,-0.0019188382277600426,6.840359675886727e-09,0.3723460585468121,0.5785116300915149,cvar,optimal,0.0006051712821356939,6.840359675886727e-09,2024-07-25
csi500,0.4421455011888242,0.1,-0.0059344039593323406,1.3312849161269648e-09,0.3723460585468121,0.5299397834135237,cvar,optimal,0.0006051712821356939,1.3312849161269648e-09,2024-07-25
csi1000,0.49183943577061673,0.1,0.013794924274763795,7.290497241547418e-10,0.3723460585468121,0.3678920787481428,cvar,optimal,0.0006051712821356939,7.290497241547418e-10,2024-07-25
bond_gov,0.3329082143196732,0.1,-0.0025503483508033083,0.44999999885147424,0.3723460585468121,0.6346346102400743,cvar,optimal,0.0006051712821356939,0.44999999885147424,2024-07-25
bond_corp,0.6459351864597789,0.1,0.0003271782248206281,0.4499999987713607,0.3723460585468121,0.5333665401499342,cvar,optimal,0.0006051712821356939,0.4499999987713607,2024-07-25
csi_cb,0.6902802856321144,0.1,0.009761755491167725,0.03960405441525083,0.3723460585468121,0.4395615410726471,cvar,optimal,0.0006051712821356939,0.03960405441525083,2024-07-25
crude_sc,0.6103318452043005,0.1,0.02278250592439915,0.006259396692969854,0.3723460585468121,0.6206938583522902,cvar,optimal,0.0006051712821356939,0.006259396692969854,2024-07-25
gold_au,0.5272153195774173,0.1,-0.004014192396008474,0.021814189983849333,0.3723460585468121,0.4585155046238223,cvar,optimal,0.0006051712821356939,0.021814189983849333,2024-07-25
spx,0.7846122833508908,0.1,0.047367222743220874,0.03232234000442915,0.3723460585468121,0.7730344767142461,cvar,optimal,0.0006051712821356939,0.03232234000442915,2024-07-25
sse50,0.34261328060677043,0.1,-0.0039108987369702985,3.56495852377636e-09,0.39836571097026396,0.6054515645532326,cvar,optimal,0.0006444201853837711,3.5649585237763604e-09,2024-08-22
csi300,0.7342702736352816,0.1,0.01959992292955272,8.405309883507494e-10,0.39836571097026396,0.6366488834538278,cvar,optimal,0.0006444201853837711,8.405309883507495e-10,2024-08-22
csi500,0.523968090794482,0.1,0.028411256680249963,2.331440455256923e-10,0.39836571097026396,0.5298158593233497,cvar,optimal,0.0006444201853837711,2.3314404552569237e-10,2024-08-22
csi1000,0.6079873236611457,0.1,0.046451844740169376,1.1359246301760398e-10,0.39836571097026396,0.5791510571941285,cvar,optimal,0.0006444201853837711,1.1359246301760399e-10,2024-08-22
bond_gov,0.3431009549831342,0.1,-0.0021928547136467872,0.44999999966191573,0.39836571097026396,0.6516344325081566,cvar,optimal,0.0006444201853837711,0.4499999996619158,2024-08-22
bond_corp,0.488134454631313,0.1,-0.00010455394842827343,0.4499999996273641,0.39836571097026396,0.494574857490436,cvar,optimal,0.0006444201853837711,0.44999999962736414,2024-08-22
csi_cb,0.7179268106251949,0.1,0.015945479944703436,0.05232217581449686,0.39836571097026396,0.4156291621724874,cvar,optimal,0.0006444201853837711,0.052322175814496864,2024-08-22
crude_sc,0.41551361972888873,0.1,0.002768724743844854,0.002159298860741244,0.39836571097026396,0.33204944796729585,cvar,optimal,0.0006444201853837711,0.0021592988607412444,2024-08-22
gold_au,0.45798678177645014,0.1,-0.012445343312562664,0.02187700387587096,0.39836571097026396,0.5412503274258125,cvar,optimal,0.0006444201853837711,0.021877003875870965,2024-08-22
spx,0.8684984095573393,0.1,0.05946954841251971,0.023641517407384995,0.39836571097026396,0.8,cvar,optimal,0.0006444201853837711,0.023641517407384998,2024-08-22
sse50,0.5721031013952229,0.1,0.01680219983293215,0.00525351594289575,0.3288390463651761,0.3827920793675768,cvar,optimal,0.0006445979121713022,0.00525351594289575,2024-09-23
csi300,0.77482182227296,0.1,0.030673990657577546,1.2342806428153166e-09,0.3288390463651761,0.6502789196132301,cvar,optimal,0.0006445979121713022,1.2342806428153166e-09,2024-09-23
csi500,0.4886943949873188,0.1,0.03159113846954624,3.383514741609188e-10,0.3288390463651761,0.5390152404648443,cvar,optimal,0.0006445979121713022,3.383514741609188e-10,2024-09-23
csi1000,0.6015820825976687,0.1,0.04479687511516339,1.5393347029269166e-10,0.3288390463651761,0.5175900375771026,cvar,optimal,0.0006445979121713022,1.5393347029269166e-10,2024-09-23
bond_gov,0.33857397396752903,0.1,-0.002214191752192986,0.4499999997674825,0.3288390463651761,0.6557087347531365,cvar,optimal,0.0006445979121713022,0.4499999997674825,2024-09-23
bond_corp,0.3993137136428205,0.1,-0.00023358607072473427,0.44999999976338584,0.3288390463651761,0.5320545062984096,cvar,optimal,0.0006445979121713022,0.44999999976338584,2024-09-23
csi_cb,0.6820410412988342,0.1,0.013689018224386139,0.047692621358046874,0.3288390463651761,0.3851175423886862,cvar,optimal,0.0006445979121713022,0.047692621358046874,2024-09-23
crude_sc,0.3292958958701166,0.1,-0.014867241830443877,0.0029205653509817853,0.3288390463651761,0.43842940432416816,cvar,optimal,0.0006445979121713022,0.0029205653509817853,2024-09-23
gold_au,0.4200178177727039,0.1,-0.013298069113383711,0.019862743938025923,0.3288390463651761,0.4828292257752536,cvar,optimal,0.0006445979121713022,0.019862743938025923,2024-09-23
spx,0.8935561561948251,0.1,0.060834124778537196,0.024270552152615765,0.3288390463651761,0.7586849685436345,cvar,optimal,0.0006445979121713022,0.024270552152615765,2024-09-23
sse50,0.4264739249646307,0.1,0.017232592955014135,1.04954177477053e-09,0.08444327939832488,0.5147813985347006,cvar,optimal,0.0007460789161490295,1.04954177477053e-09,2024-10-28
csi300,0.5589804375178257,0.1,0.038555721018380576,0.0024391143679132884,0.08444327939832488,0.6519866043133882,cvar,optimal,0.0007460789161490295,0.0024391143679132884,2024-10-28
csi500,0.7095244361763188,0.1,0.07768347946081497,8.669083627826061e-10,0.08444327939832488,0.44319767491009987,cvar,optimal,0.0007460789161490295,8.669083627826061e-10,2024-10-28
csi1000,0.8148509939705195,0.1,0.10404079740787056,2.1339261800547707e-10,0.08444327939832488,0.6577725235606395,cvar,optimal,0.0007460789161490295,2.1339261800547707e-10,2024-10-28
bond_gov,0.4065020547794604,0.1,-0.0021999489265838775,0.4499999998368428,0.08444327939832488,0.610860466840937,cvar,optimal,0.0007460789161490295,0.4499999998368428,2024-10-28
bond_corp,0.45117549698525977,0.1,-0.00014239222491295754,0.44999999986091077,0.08444327939832488,0.48193374215426205,cvar,optimal,0.0007460789161490295,0.44999999986091077,2024-10-28
csi_cb,0.46981310435610607,0.1,0.014750231491115255,0.043207564652348214,0.08444327939832488,0.5369957366922776,cvar,optimal,0.0007460789161490295,0.043207564652348214,2024-10-28
crude_sc,0.31967344220579935,0.1,-0.01212340057235891,7.236626898086625e-10,0.08444327939832488,0.37136671555353473,cvar,optimal,0.0007460789161490295,7.236626898086625e-10,2024-10-28
gold_au,0.4994183881986007,0.1,-0.0026260237585445517,0.022429441228574147,0.08444327939832488,0.45154940718707925,cvar,optimal,0.0007460789161490295,0.022429441228574147,2024-10-28
spx,0.8435877208454792,0.1,0.054480787149230714,0.031923877199905304,0.08444327939832488,0.7960982754945983,cvar,optimal,0.0007460789161490295,0.031923877199905304,2024-10-28
sse50,0.4289482883497214,0.1,-0.01155347726614133,0.004708561130484916,0.9934253470422785,0.5402005165305875,cvar,optimal,0.000772132695826204,0.004708561130484916,2024-11-25
csi300,0.5121875992392503,0.1,0.0011239301258062773,1.067595187605086e-09,0.9934253470422785,0.6335070877311303,cvar,optimal,0.000772132695826204,1.067595187605086e-09,2024-11-25
csi500,0.5385723287869078,0.1,0.01899523448993022,3.668612158955324e-10,0.9934253470422785,0.5349815124243394,cvar,optimal,0.000772132695826204,3.668612158955324e-10,2024-11-25
csi1000,0.6404605261387188,0.1,0.037239842889809485,1.623310875020342e-10,0.9934253470422785,0.5558937012633675,cvar,optimal,0.000772132695826204,1.623310875020342e-10,2024-11-25
bond_gov,0.4541441455825569,0.1,-0.0012199380036540775,0.4499999997410215,0.9934253470422785,0.618732291621241,cvar,optimal,0.000772132695826204,0.4499999997410215,2024-11-25
bond_corp,0.5022559482307459,0.1,-0.00017120108997374731,0.4499999997593971,0.9934253470422785,0.4891445195084697,cvar,optimal,0.000772132695826204,0.4499999997593971,2024-11-25
csi_cb,0.41665051542515713,0.1,-0.0035158513035334696,0.041938100249944016,0.9934253470422785,0.4923252174640475,cvar,optimal,0.000772132695826204,0.041938100249944016,2024-11-25
crude_sc,0.5074793828633709,0.1,0.010007743025308637,0.0016253965510462302,0.9934253470422785,0.47714326471332613,cvar,optimal,0.000772132695826204,0.0016253965510462302,2024-11-25
gold_au,0.5857773264516881,0.1,0.01161874242011015,0.018299337182237068,0.9934253470422785,0.4281157683996101,cvar,optimal,0.000772132695826204,0.018299337182237068,2024-11-25
spx,0.9135239389318831,0.1,0.07516559604441987,0.03342860378908166,0.9934253470422785,0.7345937791060897,cvar,optimal,0.000772132695826204,0.03342860378908166,2024-11-25
sse50,0.46836622747729,0.1,-0.01395353592076199,0.002889022087195386,0.3667357663891794,0.556692716748691,cvar,optimal,0.0007860800776813405,0.002889022087195386,2024-12-23
csi300,0.5293037732834603,0.1,0.007143520290340016,8.578483198708314e-10,0.3667357663891794,0.5402187134528925,cvar,optimal,0.0007860800776813405,8.578483198708314e-10,2024-12-23
csi500,0.5310899041429176,0.1,0.01996921770192564,2.661143395204844e-10,0.3667357663891794,0.4829494713410644,cvar,optimal,0.0007860800776813405,2.661143395204844e-10,2024-12-23
csi1000,0.5982495361720547,0.1,0.046505966094742106,1.3918502109255657e-10,0.3667357663891794,0.6459467364604033,cvar,optimal,0.0007860800776813405,1.3918502109255657e-10,2024-12-23
bond_gov,0.4714634053125974,0.1,-0.0022009156893013867,0.4499999997273499,0.3667357663891794,0.5190893103115902,cvar,optimal,0.0007860800776813405,0.4499999997273499,2024-12-23
bond_corp,0.6199845092251862,0.1,0.00033003511750041126,0.4499999996946022,0.3667357663891794,0.5348801605015288,cvar,optimal,0.0007860800776813405,0.4499999996946022,2024-12-23
csi_cb,0.530182606987651,0.1,0.004640404527958733,0.05337054719207553,0.3667357663891794,0.6155845959092496,cvar,optimal,0.0007860800776813405,0.05337054719207553,2024-12-23
crude_sc,0.5904851562778125,0.1,0.05103533958270127,9.708080007576702e-10,0.3667357663891794,0.6862969651099236,cvar,optimal,0.0007860800776813405,9.708080007576702e-10,2024-12-23
gold_au,0.6660084976856884,0.1,0.05010997199123182,0.02399621907650058,0.3667357663891794,0.6382366924817822,cvar,optimal,0.0007860800776813405,0.02399621907650058,2024-12-23
spx,0.4948663834353417,0.1,-0.009631571761061105,0.01974420998832082,0.3667357663891794,0.3636596107586593,cvar,optimal,0.0007860800776813405,0.01974420998832082,2024-12-23
sse50,0.5180085526050786,0.1,0.037916648031012176,0.004392478972001757,0.13555337722480917,0.4855938467727151,cvar,optimal,0.0007990715617980384,0.004392478972001757,2025-01-21
csi300,0.5869273214484539,0.1,0.05658799731318852,1.3988694347588862e-09,0.13555337722480917,0.5740299390519675,cvar,optimal,0.0007990715617980384,1.3988694347588862e-09,2025-01-21
csi500,0.5430085526050785,0.1,0.06497287191284969,5.295180056379834e-10,0.13555337722480917,0.4780289303751828,cvar,optimal,0.0007990715617980384,5.295180056379834e-10,2025-01-21
csi1000,0.6142316771506728,0.1,0.07900892313815645,3.156758017818308e-10,0.13555337722480917,0.601513457579246,cvar,optimal,0.0007990715617980384,3.156758017818308e-10,2025-01-21
bond_gov,0.2507054225943856,0.1,-0.005672100797824571,0.4499999991644487,0.13555337722480917,0.8,cvar,optimal,0.0007990715617980384,0.4499999991644487,2025-01-21
bond_corp,0.6528666592161091,0.1,0.00023916314874157955,0.44999999874543894,0.13555337722480917,0.5623110021944734,cvar,optimal,0.0007990715617980384,0.44999999874543894,2025-01-21
csi_cb,0.5732579478116715,0.1,0.021333720649341064,0.052926005779334484,0.13555337722480917,0.5068255037523419,cvar,optimal,0.0007990715617980384,0.052926005779334484,2025-01-21
crude_sc,0.6808460902918294,0.1,0.07226991624667924,0.005509948869373726,0.13555337722480917,0.5819034245538469,cvar,optimal,0.0007990715617980384,0.005509948869373726,2025-01-21
gold_au,0.7180085526050787,0.1,0.03023130407078598,0.020148198525192167,0.13555337722480917,0.5694675444525552,cvar,optimal,0.0007990715617980384,0.020148198525192167,2025-01-21
spx,0.3621392236716419,0.1,-0.024112965067171387,0.017023367700147177,0.13555337722480917,0.467931440090783,cvar,optimal,0.0007990715617980384,0.017023367700147177,2025-01-21
sse50,0.46284461014613354,0.1,-0.041014165140551895,0.005728944258941484,0.8713581236685305,0.7143550435840142,cvar,optimal,0.0007981790950843138,0.005728944258941484,2025-02-26
csi300,0.5000450653104003,0.1,-0.037118782547581414,5.728586108336186e-09,0.8713581236685305,0.6521338910231668,cvar,optimal,0.0007981790950843138,5.728586108336186e-09,2025-02-26
csi500,0.5776249731474667,0.1,-0.02678740427426496,2.48841815691711e-09,0.8713581236685305,0.3966855901870051,cvar,optimal,0.0007981790950843138,2.48841815691711e-09,2025-02-26
csi1000,0.45322077490933377,0.1,-0.05272302304875995,1.1992324141289022e-09,0.8713581236685305,0.5956490344218659,cvar,optimal,0.0007981790950843138,1.1992324141289022e-09,2025-02-26
bond_gov,0.5939256374815987,0.1,0.001921053736278171,0.4499999972196424,0.8713581236685305,0.3283865482692594,cvar,optimal,0.0007981790950843138,0.4499999972196424,2025-02-26
bond_corp,0.4838829738149336,0.1,-0.000271504141342558,0.4499999974014077,0.8713581236685305,0.5510946799098757,cvar,optimal,0.0007981790950843138,0.4499999974014077,2025-02-26
csi_cb,0.5166194094165334,0.1,-0.014044561251861008,0.049429479265510036,0.8713581236685305,0.571055066085032,cvar,optimal,0.0007981790950843138,0.049429479265510036,2025-02-26
crude_sc,0.5981576656752002,0.1,0.030192112752695375,5.3984191831404166e-09,0.8713581236685305,0.4671919337986338,cvar,optimal,0.0007981790950843138,5.3984191831404166e-09,2025-02-26
gold_au,0.5730642471448003,0.1,0.013003822005063354,0.02334880990909846,0.8713581236685305,0.5602957535625669,cvar,optimal,0.0007981790950843138,0.02334880990909846,2025-02-26
spx,0.7406146429535994,0.1,0.06203496694983809,0.021492757130743893,0.8713581236685305,0.7437052488467253,cvar,optimal,0.0007981790950843138,0.021492757130743893,2025-02-26
sse50,0.5120300177653674,0.1,0.03469851062798046,0.01694646535651713,0.35785931590725534,0.49343685853995306,cvar,optimal,0.0008838802017409835,0.01694646535651713,2025-03-26
csi300,0.5406871836022081,0.1,0.05329756657475302,3.5063380366313184e-10,0.35785931590725534,0.48224757955020137,cvar,optimal,0.0008838802017409835,3.5063380366313184e-10,2025-03-26
csi500,0.6360831816503439,0.1,0.08529387878515345,1.491924755856512e-10,0.35785931590725534,0.6878839121112341,cvar,optimal,0.0008838802017409835,1.491924755856512e-10,2025-03-26
csi1000,0.5738250444134184,0.1,0.07887413074116045,8.911571708282353e-11,0.35785931590725534,0.6111224104028474,cvar,optimal,0.0008838802017409835,8.911571708282353e-11,2025-03-26
bond_gov,0.5423787162516177,0.1,-0.0006250052468906654,0.4499999998487162,0.35785931590725534,0.4198801133608537,cvar,optimal,0.0008838802017409835,0.4499999998487162,2025-03-26
bond_corp,0.548413279844654,0.1,6.0207724274444714e-05,0.4499999998630652,0.35785931590725534,0.46462478216308845,cvar,optimal,0.0008838802017409835,0.4499999998630652,2025-03-26
csi_cb,0.5788339392882889,0.1,0.020439943442095734,0.0454300433613803,0.35785931590725534,0.5809114902038273,cvar,optimal,0.0008838802017409835,0.0454300433613803,2025-03-26
crude_sc,0.6910989481709725,0.1,0.1057570143852265,0.0020404708437817233,0.35785931590725534,0.642223137803542,cvar,optimal,0.0008838802017409835,0.0020404708437817233,2025-03-26
gold_au,0.394525874082412,0.1,-0.037609908612974946,0.01709332626541003,0.35785931590725534,0.5408440147736226,cvar,optimal,0.0008838802017409835,0.01709332626541003,2025-03-26
spx,0.4821238149307175,0.1,-0.01706798946590464,0.018489693872187487,0.35785931590725534,0.3870364935903612,cvar,optimal,0.0008838802017409835,0.018489693872187487,2025-03-26
sse50,0.3289096194972455,0.1,-0.03666927833164457,1.4292280071303222e-08,0.02870972824302305,0.8,cvar,optimal,0.0010565704658324559,1.4292280071303223e-08,2025-04-24
csi300,0.43698168520302855,0.1,-0.016562457664030708,3.1419252737257943e-09,0.02870972824302305,0.4912953919705369,cvar,optimal,0.0010565704658324559,3.1419252737257947e-09,2025-04-24
csi500,0.7552734117402833,0.1,0.024152853023000756,1.3961044301813571e-09,0.02870972824302305,0.4970825223737889,cvar,optimal,0.0010565704658324559,1.3961044301813573e-09,2025-04-24
csi1000,0.7639861612482218,0.1,0.0417450834126814,8.603084045782924e-10,0.02870972824302305,0.6134200181316297,cvar,optimal,0.0010565704658324559,8.603084045782925e-10,2025-04-24
bond_gov,0.5664680276022822,0.1,0.0005562680070812097,0.44999999855907485,0.02870972824302305,0.4849620931710884,cvar,optimal,0.0010565704658324559,0.4499999985590749,2025-04-24
bond_corp,0.5879839232256252,0.1,9.210734979626489e-05,0.44999999860913814,0.02870972824302305,0.5244947093527796,cvar,optimal,0.0010565704658324559,0.4499999986091382,2025-04-24
csi_cb,0.33514761123040027,0.1,-0.009385911313562395,0.06116401163321382,0.02870972824302305,0.7248017014626803,cvar,optimal,0.0010565704658324559,0.061164011633213826,2025-04-24
crude_sc,0.7047550969433121,0.1,0.06747249656520315,1.6511099640740495e-08,0.02870972824302305,0.5966240008523924,cvar,optimal,0.0010565704658324559,1.6511099640740498e-08,2025-04-24
gold_au,0.5635366295939429,0.1,0.011015546734505022,0.020185644865207988,0.02870972824302305,0.5908234348528875,cvar,optimal,0.0010565704658324559,0.02018564486520799,2025-04-24
spx,0.45695783371565835,0.1,-0.0097146950903345,0.018650310131647314,0.02870972824302305,0.40779078113894107,cvar,optimal,0.0010565704658324559,0.018650310131647318,2025-04-24
sse50,0.2444594864994659,0.1,-0.03523850163056018,2.9677423925714237e-09,0.19036801013241111,0.7653762350308233,cvar,optimal,0.0010660484109010246,2.9677423925714246e-09,2025-05-27
csi300,0.3668837270075074,0.1,-0.021341375396606882,6.000624632762769e-10,0.19036801013241111,0.5970480196784523,cvar,optimal,0.0010660484109010246,6.00062463276277e-10,2025-05-27
csi500,0.7828927554497223,0.1,0.011748789684837294,2.6334482729227834e-10,0.19036801013241111,0.3979574878875162,cvar,optimal,0.0010660484109010246,2.633448272922784e-10,2025-05-27
csi1000,0.8616349686754913,0.1,0.03282522267546378,1.8289379970676077e-10,0.19036801013241111,0.6600613062188192,cvar,optimal,0.0010660484109010246,1.8289379970676083e-10,2025-05-27
bond_gov,0.575855364083725,0.1,0.0007317923589814908,0.44999999973500804,0.19036801013241111,0.5102840522063,cvar,optimal,0.0010660484109010246,0.44999999973500815,2025-05-27
bond_corp,0.6104685149416809,0.1,0.00016054305791664492,0.4499999997549904,0.19036801013241111,0.5425877650329461,cvar,optimal,0.0010660484109010246,0.4499999997549905,2025-05-27
csi_cb,0.26242209513346837,0.1,-0.011365430354483497,0.06117008437191159,0.19036801013241111,0.7598439388679304,cvar,optimal,0.0010660484109010246,0.061170084371911605,2025-05-27
crude_sc,0.7319498192586821,0.1,0.06538796490399981,2.391635527470073e-10,0.19036801013241111,0.5416026213596332,cvar,optimal,0.0010660484109010246,2.3916355274700733e-10,2025-05-27
gold_au,0.651477543383896,0.1,0.021353154960281118,0.020187640820743626,0.19036801013241111,0.5824147404488562,cvar,optimal,0.0010660484109010246,0.02018764082074363,2025-05-27
spx,0.41195572556636056,0.1,-0.015807569817111546,0.01864227106413919,0.19036801013241111,0.46209420868656936,cvar,optimal,0.0010660484109010246,0.018642271064139192,2025-05-27
sse50,0.2144665646113484,0.1,-0.03679989391930051,1.7342020180608034e-09,0.2547385229360353,0.7616211919134757,cvar,optimal,0.001056012411577432,1.7342020180608037e-09,2025-06-25
csi300,0.32457143512024705,0.1,-0.02609483065987596,3.3548042214373407e-10,0.2547385229360353,0.6517450834153069,cvar,optimal,0.001056012411577432,3.354804221437341e-10,2025-06-25
csi500,0.7726048705088986,0.1,0.004061795016573444,1.5317992107682102e-10,0.2547385229360353,0.34743956746042787,cvar,optimal,0.001056012411577432,1.5317992107682105e-10,2025-06-25
csi1000,0.8855334353886516,0.1,0.025571497410178255,1.0013882948138544e-10,0.2547385229360353,0.6620664261898231,cvar,optimal,0.001056012411577432,1.0013882948138545e-10,2025-06-25
bond_gov,0.5855334353886517,0.1,0.0008311866332742323,0.44999999984172023,0.2547385229360353,0.5137702006587123,cvar,optimal,0.001056012411577432,0.4499999998417203,2025-06-25
bond_corp,0.6630850823073492,0.1,0.00024837565862217514,0.44999999984465044,0.2547385229360353,0.5940210333659269,cvar,optimal,0.001056012411577432,0.4499999998446505,2025-06-25
csi_cb,0.2523951294911013,0.1,-0.012687209319527236,0.06017768715667005,0.2547385229360353,0.7428088771204431,cvar,optimal,0.001056012411577432,0.06017768715667006,2025-06-25
crude_sc,0.7355334353886516,0.1,0.08470279857250343,5.658866324699414e-10,0.2547385229360353,0.5265160126716761,cvar,optimal,0.001056012411577432,5.658866324699415e-10,2025-06-25
gold_au,0.6518100471837521,0.1,0.021852780356235807,0.019865044122989468,0.2547385229360353,0.6080278995589599,cvar,optimal,0.001056012411577432,0.01986504412298947,2025-06-25
spx,0.4144665646113484,0.1,-0.015930010573140262,0.01995726614508176,0.2547385229360353,0.45480601269690685,cvar,optimal,0.001056012411577432,0.019957266145081764,2025-06-25
sse50,0.2866289685270955,0.1,-0.03703116867776497,1.7032413591794163e-08,0.2723599345461268,0.6914637283303314,cvar,optimal,0.001033056652457102,1.7032413591794163e-08,2025-07-23
csi300,0.4053868293240485,0.1,-0.026274295405517633,5.979661696810215e-09,0.2723599345461268,0.639405771445214,cvar,optimal,0.001033056652457102,5.979661696810215e-09,2025-07-23
csi500,0.7153654443284236,0.1,0.002286293848702381,3.3306151464902118e-09,0.2723599345461268,0.4539780261590719,cvar,optimal,0.001033056652457102,3.3306151464902118e-09,2025-07-23
csi1000,0.43448963677886104,0.1,-0.010872518321257303,2.0787382309415288e-09,0.2723599345461268,0.5574690618894489,cvar,optimal,0.001033056652457102,2.0787382309415288e-09,2025-07-23
bond_gov,0.46395171912150757,0.1,-0.00028622940657290776,0.4499999960297157,0.2723599345461268,0.6808300532729439,cvar,optimal,0.001033056652457102,0.4499999960297157,2025-07-23
bond_corp,0.7959574587804643,0.1,0.0006750368863114545,0.4499999962540918,0.2723599345461268,0.8,cvar,optimal,0.001033056652457102,0.4499999962540918,2025-07-23
csi_cb,0.5567311174285612,0.1,-0.00409126959503775,0.05935966492353398,0.2723599345461268,0.35464934629509237,cvar,optimal,0.001033056652457102,0.05935966492353398,2025-07-23
crude_sc,0.6139517191215076,0.1,0.0502862264125178,7.628685701707755e-09,0.2723599345461268,0.41039511635485953,cvar,optimal,0.001033056652457102,7.628685701707755e-09,2025-07-23
gold_au,0.5514674407154135,0.1,0.0071362822040821755,0.019813588883113697,0.2723599345461268,0.44218436092255625,cvar,optimal,0.001033056652457102,0.019813588883113697,2025-07-23
spx,0.6760696658741172,0.1,0.04523834245833268,0.02082671785943052,0.2723599345461268,0.6705067621393703,cvar,optimal,0.001033056652457102,0.02082671785943052,2025-07-23
sse50,0.5771131597046959,0.1,-0.0028318880276682022,1.0047886639665329e-08,0.06265511713452475,0.339403049937965,cvar,optimal,0.001007668773030581,1.004788663966533e-08,2025-08-20
csi300,0.4452425781389063,0.1,-0.01098151537625839,3.267811869682103e-09,0.06265511713452475,0.6539154372021876,cvar,optimal,0.001007668773030581,3.2678118696821033e-09,2025-08-20
csi500,0.5303713495204905,0.1,-0.010189430688588186,1.8234568702550617e-09,0.06265511713452475,0.5849220074497986,cvar,optimal,0.001007668773030581,1.823456870255062e-09,2025-08-20
csi1000,0.2812577532544789,0.1,-0.02674178049960492,1.2236107536281444e-09,0.06265511713452475,0.5434063982884179,cvar,optimal,0.001007668773030581,1.2236107536281446e-09,2025-08-20
bond_gov,0.3930526974588658,0.1,-0.00100427013879576,0.4499999971314442,0.06265511713452475,0.5613817313904966,cvar,optimal,0.001007668773030581,0.44999999713144423,2025-08-20
bond_corp,0.8706261674369351,0.1,0.0005489103501880044,0.44999999737097446,0.06265511713452475,0.8,cvar,optimal,0.001007668773030581,0.4499999973709745,2025-08-20
csi_cb,0.4730186559259913,0.1,-0.008292702752530304,0.059403781522139466,0.06265511713452475,0.5916312882810624,cvar,optimal,0.001007668773030581,0.05940378152213947,2025-08-20
crude_sc,0.5430526974588656,0.1,0.011816185724746398,8.933750876158538e-09,0.06265511713452475,0.525790117766168,cvar,optimal,0.001007668773030581,8.93375087615854e-09,2025-08-20
gold_au,0.5375977898319568,0.1,-0.0009460975570479979,0.019613517893444087,0.06265511713452475,0.4587096003687199,cvar,optimal,0.001007668773030581,0.01961351789344409,2025-08-20
spx,0.848667151268814,0.1,0.08744160556427133,0.020982680785480594,0.06265511713452475,0.7914575807768975,cvar,optimal,0.001007668773030581,0.020982680785480597,2025-08-20
sse50,0.49023411550919477,0.1,-0.006283890187868693,4.929111641886537e-09,0.9248248113270693,0.47671433255158024,cvar,optimal,0.001127702362878215,4.929111641886537e-09,2025-09-17
csi300,0.48595141108234635,0.1,-0.009068011863895008,1.2979977186177173e-09,0.9248248113270693,0.6349011611048367,cvar,optimal,0.001127702362878215,1.2979977186177173e-09,2025-09-17
csi500,0.469287389908733,0.1,-0.009236036654124494,7.767945877349715e-10,0.9248248113270693,0.5207314185220876,cvar,optimal,0.001127702362878215,7.767945877349715e-10,2025-09-17
csi1000,0.41968447803357595,0.1,-0.011633579269698005,5.409554257629506e-10,0.9248248113270693,0.6008020760976878,cvar,optimal,0.001127702362878215,5.409554257629506e-10,2025-09-17
bond_gov,0.43992742262184414,0.1,-0.0012058717673176119,0.4499999989572024,0.9248248113270693,0.6364251560187698,cvar,optimal,0.001127702362878215,0.4499999989572024,2025-09-17
bond_corp,0.6665808295165568,0.1,0.0001655941561040795,0.4499999991861648,0.9248248113270693,0.6241965993586964,cvar,optimal,0.001127702362878215,0.4499999991861648,2025-09-17
csi_cb,0.4325826655065049,0.1,-0.00901057844965034,0.03910352281294522,0.9248248113270693,0.47777122948046785,cvar,optimal,0.001127702362878215,0.03910352281294522,2025-09-17
crude_sc,0.5570870546509812,0.1,0.013610023938425902,1.2328130607237131e-09,0.9248248113270693,0.5330834516005251,cvar,optimal,0.001127702362878215,1.2328130607237131e-09,2025-09-17
gold_au,0.5914340492616076,0.1,0.00630120853033359,0.02565870222870619,0.9248248113270693,0.4273630905706477,cvar,optimal,0.001127702362878215,0.02565870222870619,2025-09-17
spx,0.9472305839086552,0.1,0.12213781881399496,0.03523776803730901,0.9248248113270693,0.8,cvar,optimal,0.001127702362878215,0.03523776803730901,2025-09-17
sse50,0.47524783474138954,0.1,-0.006960797171615317,0.02012317924798786,0.2882026500306188,0.4416911486088067,cvar,optimal,0.0010672588413464244,0.02012317924798786,2025-10-23
csi300,0.5418478295464505,0.1,-0.00973367452362136,2.6542772355530686e-10,0.2882026500306188,0.5943230215374983,cvar,optimal,0.0010672588413464244,2.6542772355530686e-10,2025-10-23
csi500,0.25203328078662635,0.1,-0.030667920938596105,9.483814173028093e-11,0.2882026500306188,0.6912626964407433,cvar,optimal,0.0010672588413464244,9.483814173028093e-11,2025-10-23
csi1000,0.5105689532691217,0.1,-0.014624669137018972,7.31289700413889e-11,0.2882026500306188,0.5950543240172464,cvar,optimal,0.0010672588413464244,7.31289700413889e-11,2025-10-23
bond_gov,0.4930931246078185,0.1,0.00013313630802929153,0.4499999999108551,0.2882026500306188,0.5942660592209601,cvar,optimal,0.0010672588413464244,0.4499999999108551,2025-10-23
bond_corp,0.8190461034267069,0.1,0.0004539079228947811,0.44999999991619893,0.2882026500306188,0.674474351337008,cvar,optimal,0.0010672588413464244,0.44999999991619893,2025-10-23
csi_cb,0.4636537641739571,0.1,-0.010822916582612009,0.044442342981041716,0.2882026500306188,0.5116575851995218,cvar,optimal,0.0010672588413464244,0.044442342981041716,2025-10-23
crude_sc,0.6148990592353251,0.1,0.02642353458824772,0.0002803404450672605,0.2882026500306188,0.5486058001713077,cvar,optimal,0.0010672588413464244,0.0002803404450672605,2025-10-23
gold_au,0.40327857584799426,0.1,-0.005767046264131969,0.01598446355494192,0.2882026500306188,0.26935339132646796,cvar,optimal,0.0010672588413464244,0.01598446355494192,2025-10-23
spx,0.9263314743646102,0.1,0.050437072105032746,0.01916967351051251,0.2882026500306188,0.7813829766148321,cvar,optimal,0.0010672588413464244,0.01916967351051251,2025-10-23
sse50,0.4597571256223695,0.1,-0.009694735614605193,0.02212709833465155,0.06177870190068273,0.4332636091572957,cvar,optimal,0.0010719274105057451,0.02212709833465155,2025-11-20
csi300,0.5411246211810277,0.1,-0.013571106596493458,7.90448031270766e-10,0.06177870190068273,0.5901896568619167,cvar,optimal,0.0010719274105057451,7.90448031270766e-10,2025-11-20
csi500,0.22032029438700645,0.1,-0.03786577104531673,2.7863085369026614e-10,0.06177870190068273,0.731402067244398,cvar,optimal,0.0010719274105057451,2.7863085369026614e-10,2025-11-20
csi1000,0.4021543363574183,0.1,-0.024953812152271958,2.140623305545865e-10,0.06177870190068273,0.5295297887176628,cvar,optimal,0.0010719274105057451,2.140623305545865e-10,2025-11-20
bond_gov,0.5097571256223695,0.1,0.0003571956665784807,0.44999999975319277,0.06177870190068273,0.5838032476582732,cvar,optimal,0.0010719274105057451,0.44999999975319277,2025-11-20
bond_corp,0.8292062875554818,0.1,0.00038765262024574457,0.44999999976773286,0.06177870190068273,0.7643217105835247,cvar,optimal,0.0010719274105057451,0.44999999976773286,2025-11-20
csi_cb,0.48109995978552866,0.1,-0.011318064327525747,0.04365915221147345,0.06177870190068273,0.484663876269164,cvar,optimal,0.0010719274105057451,0.04365915221147345,2025-11-20
crude_sc,0.87658540478631,0.1,0.11087770017275064,0.0019857536886499503,0.06177870190068273,0.8,cvar,optimal,0.0010719274105057451,0.0019857536886499503,2025-11-20
gold_au,0.33013907349812327,0.1,-0.013071216005371868,0.013105852782737265,0.06177870190068273,0.3532783565847876,cvar,optimal,0.0010719274105057451,0.013105852782737265,2025-11-20
spx,0.8498557712043653,0.1,0.03235478958688854,0.019122142178420978,0.06177870190068273,0.7619461585143149,cvar,optimal,0.0010719274105057451,0.019122142178420978,2025-11-20
sse50,0.40502935605098983,0.1,-0.012827466213487591,0.011912288287241864,0.22108082269698462,0.5432423148030224,cvar,optimal,0.0010776762835362616,0.011912288287241864,2025-12-18
csi300,0.46596690185716005,0.1,-0.017868528815437754,3.9797014407322555e-10,0.22108082269698462,0.5489230361998221,cvar,optimal,0.0010776762835362616,3.9797014407322555e-10,2025-12-18
csi500,0.2992744172324705,0.1,-0.035561624023058694,1.4438457785519962e-10,0.22108082269698462,0.6015953173256712,cvar,optimal,0.0010776762835362616,1.4438457785519962e-10,2025-12-18
csi1000,0.4466728502526869,0.1,-0.02675831576388269,1.1681567194501456e-10,0.22108082269698462,0.492331940417453,cvar,optimal,0.0010776762835362616,1.1681567194501456e-10,2025-12-18
bond_gov,0.4386091720655584,0.1,-0.0007405380191026869,0.44999999987810757,0.22108082269698462,0.654729459534556,cvar,optimal,0.0010776762835362616,0.44999999987810757,2025-12-18
bond_corp,0.6205429757798785,0.1,6.698385748323579e-05,0.44999999988646733,0.22108082269698462,0.5110795261674025,cvar,optimal,0.0010776762835362616,0.44999999988646733,2025-12-18
csi_cb,0.3807688040946955,0.1,-0.015214379588534322,0.04423942922873087,0.22108082269698462,0.4791066581317529,cvar,optimal,0.0010776762835362616,0.04423942922873087,2025-12-18
crude_sc,0.9165523660654805,0.1,0.08129103651905639,1.28433781737571e-09,0.22108082269698462,0.8,cvar,optimal,0.0010776762835362616,1.28433781737571e-09,2025-12-18
gold_au,0.696442145441957,0.1,0.019414544438984414,0.020580472510771122,0.22108082269698462,0.5554975239501465,cvar,optimal,0.0010776762835362616,0.020580472510771122,2025-12-18
spx,0.8301410111591226,0.1,0.0359536977025048,0.02326780826517306,0.22108082269698462,0.7620712913785135,cvar,optimal,0.0010776762835362616,0.02326780826517306,2025-12-18
sse50,0.40829319299340344,0.1,-0.009606999461074218,0.010297780367610886,0.27441786279598757,0.5381843317202548,cvar,optimal,0.0010953423256592873,0.010297780367610884,2026-01-19
csi300,0.477624724408928,0.1,-0.011807901700693763,2.3184333409799412e-10,0.27441786279598757,0.5398821326864198,cvar,optimal,0.0010953423256592873,2.3184333409799407e-10,2026-01-19
csi500,0.3983288285388114,0.1,-0.022203524818491104,9.201662915074081e-11,0.27441786279598757,0.6105579046210025,cvar,optimal,0.0010953423256592873,9.201662915074079e-11,2026-01-19
csi1000,0.4545944946169463,0.1,-0.01896183251301414,6.983557496061321e-11,0.27441786279598757,0.6015836297052664,cvar,optimal,0.0010953423256592873,6.98355749606132e-11,2026-01-19
bond_gov,0.38389039048706286,0.1,-0.00097690221668234,0.44999999993139,0.27441786279598757,0.5208734130429197,cvar,optimal,0.0010953423256592873,0.4499999999313899,2026-01-19
bond_corp,0.589139839304919,0.1,1.0326461381802591e-06,0.4499999999386332,0.27441786279598757,0.42322023802124215,cvar,optimal,0.0010953423256592873,0.4499999999386331,2026-01-19
csi_cb,0.38192062027904455,0.1,-0.013390414103364078,0.05026879220922134,0.27441786279598757,0.5050559808926389,cvar,optimal,0.0010953423256592873,0.05026879220922133,2026-01-19
crude_sc,0.9658110107661073,0.1,0.10237377462056343,0.0023192157489894502,0.27441786279598757,0.8,cvar,optimal,0.0010953423256592873,0.00231921574898945,2026-01-19
gold_au,0.5821037056113736,0.1,0.0046322881211925335,0.01414160853990567,0.27441786279598757,0.54488978694611,cvar,optimal,0.0010953423256592873,0.014141608539905667,2026-01-19
spx,0.8582931929934033,0.1,0.03792529564071557,0.022972602870554065,0.27441786279598757,0.7425466512404713,cvar,optimal,0.0010953423256592873,0.02297260287055406,2026-01-19
sse50,0.4551566655102839,0.1,-0.007917198080872715,0.030463540064314874,0.6680011325838832,0.5490465116730222,cvar,optimal,0.001234468347523403,0.030463540064314874,2026-02-24
csi300,0.4922609808483558,0.1,-0.008893927102319475,1.0399233322090495e-09,0.6680011325838832,0.585196618557931,cvar,optimal,0.001234468347523403,1.0399233322090495e-09,2026-02-24
csi500,0.42245624027791434,0.1,-0.01630655027299157,2.22415820702073e-10,0.6680011325838832,0.5189604917673643,cvar,optimal,0.001234468347523403,2.22415820702073e-10,2026-02-24
csi1000,0.5266752025596805,0.1,-0.009331887909234303,2.110467304820811e-10,0.6680011325838832,0.532634401444433,cvar,optimal,0.001234468347523403,2.110467304820811e-10,2026-02-24
bond_gov,0.39220711085566223,0.1,-0.0009151038226470677,0.4499999998667003,0.6680011325838832,0.5295466577202022,cvar,optimal,0.001234468347523403,0.4499999998667003,2026-02-24
bond_corp,0.5362743520949412,0.1,-1.1600550548955313e-05,0.4499999998735282,0.6680011325838832,0.5766568067848793,cvar,optimal,0.001234468347523403,0.4499999998735282,2026-02-24
csi_cb,0.42844286903132894,0.1,-0.009582146349598253,0.03685471551641931,0.6680011325838832,0.5128292063619734,cvar,optimal,0.001234468347523403,0.03685471551641931,2026-02-24
crude_sc,0.7182991897612784,0.1,0.05582030247749485,3.9012862297591034e-10,0.6680011325838832,0.5676479511922361,cvar,optimal,0.001234468347523403,3.9012862297591034e-10,2026-02-24
gold_au,0.602382149744005,0.1,0.025276226007712878,2.849912258429869e-10,0.6680011325838832,0.4666402492556262,cvar,optimal,0.001234468347523403,2.849912258429869e-10,2026-02-24
spx,0.9258452393165496,0.1,0.057534900984089116,0.032681742530531535,0.6680011325838832,0.7336259942547914,cvar,optimal,0.001234468347523403,0.032681742530531535,2026-02-24
sse50,0.4200167781351848,0.1,-0.01864424432080393,0.015059417865299744,0.0879470506294093,0.588104928954969,cvar,optimal,0.001309763676010148,0.015059417865299745,2026-03-24
csi300,0.44867394397202554,0.1,-0.020758238507128875,3.869771195340315e-08,0.0879470506294093,0.5386132539142657,cvar,optimal,0.001309763676010148,3.869771195340316e-08,2026-03-24
csi500,0.3755025268904459,0.1,-0.0360804234645468,3.03009861174188e-09,0.0879470506294093,0.5726517486257688,cvar,optimal,0.001309763676010148,3.0300986117418806e-09,2026-03-24
csi1000,0.4763842736938429,0.1,-0.029827132454397297,2.8859341290685547e-09,0.0879470506294093,0.53530304573369,cvar,optimal,0.001309763676010148,2.885934129068555e-09,2026-03-24
bond_gov,0.3468453610536051,0.1,-0.00108358848285964,0.44999999854879913,0.0879470506294093,0.5565093415381454,cvar,optimal,0.001309763676010148,0.4499999985487992,2026-03-24
bond_corp,0.739620476332569,0.1,0.0004557841941866418,0.44999999862220824,0.0879470506294093,0.7062471210236702,cvar,optimal,0.001309763676010148,0.4499999986222083,2026-03-24
csi_cb,0.3950167781351847,0.1,-0.018303523669932667,0.04836167661341388,0.0879470506294093,0.5664693639899272,cvar,optimal,0.001309763676010148,0.04836167661341389,2026-03-24
crude_sc,0.8858550621787857,0.1,0.2598325515937936,0.0070724486135549346,0.0879470506294093,0.8,cvar,optimal,0.001309763676010148,0.007072448613554935,2026-03-24
gold_au,0.5599921167396857,0.1,-0.004179120837667222,2.26820707427017e-09,0.0879470506294093,0.3786010815112671,cvar,optimal,0.001309763676010148,2.2682070742701705e-09,2026-03-24
spx,0.8520926828686709,0.1,0.045011338281774414,0.029506412854772283,0.0879470506294093,0.7314366389769367,cvar,optimal,0.001309763676010148,0.029506412854772287,2026-03-24
sse50,0.4318346868183912,0.1,-0.017246634563951098,0.012048368143399374,0.2282757823958344,0.5922364394552332,cvar,optimal,0.0010065279381723943,0.012048368143399374,2026-04-22
csi300,0.49006351310070445,0.1,-0.016425252954153806,0.025367825546434845,0.2282757823958344,0.48938164155245995,cvar,optimal,0.0010065279381723943,0.025367825546434845,2026-04-22
csi500,0.3818346868183912,0.1,-0.0319641935973394,6.557196301681623e-09,0.2282757823958344,0.5636481242916519,cvar,optimal,0.0010065279381723943,6.557196301681623e-09,2026-04-22
csi1000,0.5173678688029234,0.1,-0.02299152259471511,9.880445766552885e-09,0.2282757823958344,0.48466695875458954,cvar,optimal,0.0010065279381723943,9.880445766552885e-09,2026-04-22
bond_gov,0.35683468681839126,0.1,-0.0009568603592671954,0.4499999948010369,0.2282757823958344,0.5281689123480935,cvar,optimal,0.0010065279381723943,0.4499999948010369,2026-04-22
bond_corp,0.8253099668634218,0.1,0.0005534663191162871,0.44999999367633203,0.2282757823958344,0.6195426671358163,cvar,optimal,0.0010065279381723943,0.44999999367633203,2026-04-22
csi_cb,0.40683468681839124,0.1,-0.016658592084167954,0.014996295369339933,0.2282757823958344,0.57077008638091,cvar,optimal,0.0010065279381723943,0.014996295369339933,2026-04-22
crude_sc,0.6852156164810096,0.1,0.17655442509416358,0.003971951602472344,0.2282757823958344,0.5136816129740114,cvar,optimal,0.0010065279381723943,0.003971951602472344,2026-04-22
gold_au,0.4964582654103894,0.1,-0.025574978752018265,2.957457970078155e-09,0.2282757823958344,0.5967267776063653,cvar,optimal,0.0010065279381723943,2.957457970078155e-09,2026-04-22
spx,0.9082460220679864,0.1,0.05969234497004822,0.04361555146588453,0.2282757823958344,0.7719448732178682,cvar,optimal,0.0010065279381723943,0.04361555146588453,2026-04-22
sse50,0.4344527724125214,0.1,-0.02168513036620016,0.003513434145729519,0.16276423557146263,0.5998979458878997,cvar,optimal,0.0010429722809665199,0.003513434145729519,2026-05-25
csi300,0.4879714680955201,0.1,-0.025736512438824948,0.022423767256472067,0.16276423557146263,0.5410245200779035,cvar,optimal,0.0010429722809665199,0.022423767256472067,2026-05-25
csi500,0.22768776460925358,0.1,-0.060397565296977665,7.412277914523887e-09,0.16276423557146263,0.7605207496436828,cvar,optimal,0.0010429722809665199,7.412277914523887e-09,2026-05-25
csi1000,0.3213697918915262,0.1,-0.05295243218602197,1.0048503340782299e-08,0.16276423557146263,0.57190293139684,cvar,optimal,0.0010429722809665199,1.0048503340782299e-08,2026-05-25
bond_gov,0.3594527724125214,0.1,-0.0008001523723576299,0.4499999933356168,0.16276423557146263,0.5240375257433304,cvar,optimal,0.0010429722809665199,0.4499999933356168,2026-05-25
bond_corp,0.8343410136411362,0.1,0.0005305903090940598,0.44999999153746134,0.16276423557146263,0.7533039381849984,cvar,optimal,0.0010429722809665199,0.44999999153746134,2026-05-25
csi_cb,0.5923452815163337,0.1,-0.018227295764337636,0.016333284118392008,0.16276423557146263,0.40505524522446,cvar,optimal,0.0010429722809665199,0.016333284118392008,2026-05-25
crude_sc,0.9063905327099366,0.1,0.29801499299649603,0.007726631342810918,0.16276423557146263,0.8,cvar,optimal,0.0010429722809665199,0.007726631342810918,2026-05-25
gold_au,0.5218652003052061,0.1,-0.01964370289831799,4.887320952567643e-09,0.16276423557146263,0.4845191187787032,cvar,optimal,0.0010429722809665199,4.887320952567643e-09,2026-05-25
spx,0.8141234024060446,0.1,0.03479280523095883,0.050002875915415176,0.16276423557146263,0.7052154124136312,cvar,optimal,0.0010429722809665199,0.050002875915415176,2026-05-25
