date,asset,score,decayed_score,weight,signal_confidence,view_confidence,optimizer_used,optimizer_status,cvar_95,turnover,cost
2017-03-01,sse50,0.5694444444444444,0.5694444444444444,0.02207521192154241,0.15753150647520983,0.626306411995994,cvar,optimal,0.0008976701446853624,0.5,0.0005
2017-03-01,csi300,0.6805555555555556,0.6805555555555556,9.327397061443591e-10,0.15753150647520983,0.5629729239846564,cvar,optimal,0.0008976701446853624,0.5,0.0005
2017-03-01,csi500,0.8749999999999999,0.8749999999999999,7.534355523985751e-10,0.15753150647520983,0.6556755842898725,cvar,optimal,0.0008976701446853624,0.5,0.0005
2017-03-01,csi1000,0.9583333333333331,0.9583333333333331,5.734107932593269e-10,0.15753150647520983,0.8,cvar,optimal,0.0008976701446853624,0.5,0.0005
2017-03-01,bond_gov,0.2361111111111111,0.2361111111111111,0.4499999997284173,0.15753150647520983,0.7314016774578181,cvar,optimal,0.0008976701446853624,0.5,0.0005
2017-03-01,bond_corp,0.2638888888888889,0.2638888888888889,0.44999999973209953,0.15753150647520983,0.7885673095719608,cvar,optimal,0.0008976701446853624,0.5,0.0005
2017-03-01,csi_cb,0.6527777777777778,0.6527777777777778,0.008680818315184106,0.15753150647520983,0.5070612825073241,cvar,optimal,0.0008976701446853624,0.5,0.0005
2017-03-01,crude_sc,,0.0,0.0,0.15753150647520983,,cvar,optimal,0.0008976701446853624,0.5,0.0005
2017-03-01,gold_au,0.5972222222222223,0.5972222222222223,0.02737168134370972,0.15753150647520983,0.5598429064413022,cvar,optimal,0.0008976701446853624,0.5,0.0005
2017-03-01,spx,0.1666666666666666,0.1666666666666666,0.04187228669946101,0.15753150647520983,0.7991277629264071,cvar,optimal,0.0008976701446853624,0.5,0.0005
2017-03-29,sse50,0.2777777777777778,0.35792765372494306,8.248374693229861e-10,0.046390282215610014,0.5665255556313934,cvar,optimal,0.0008760804637016199,0.032043969655893775,3.204396965589378e-05
2017-03-29,csi300,0.2361111111111111,0.35824425541155347,3.785433751633369e-10,0.046390282215610014,0.5848568464236071,cvar,optimal,0.0008760804637016199,0.032043969655893775,3.204396965589378e-05
2017-03-29,csi500,0.5694444444444444,0.6534109811509985,1.7761765227215857e-09,0.046390282215610014,0.7284757486882318,cvar,optimal,0.0008760804637016199,0.032043969655893775,3.204396965589378e-05
2017-03-29,csi1000,0.75,0.8072499113908324,0.004647753007026786,0.046390282215610014,0.7916641736233972,cvar,optimal,0.0008760804637016199,0.032043969655893775,3.204396965589378e-05
2017-03-29,bond_gov,0.6111111111111112,0.508061270607613,0.44999999990951894,0.046390282215610014,0.3223690207495877,cvar,optimal,0.0008760804637016199,0.032043969655893775,3.204396965589378e-05
2017-03-29,bond_corp,0.8055555555555556,0.6567057859393916,0.4499999999193749,0.046390282215610014,0.3924562673801437,cvar,optimal,0.0008760804637016199,0.032043969655893775,3.204396965589378e-05
2017-03-29,csi_cb,0.8888888888888888,0.8240056559792789,0.03607703414634392,0.046390282215610014,0.7571400636408407,cvar,optimal,0.0008760804637016199,0.032043969655893775,3.204396965589378e-05
2017-03-29,crude_sc,,0.0,0.0,0.046390282215610014,,cvar,optimal,0.0008760804637016199,0.032043969655893775,3.204396965589378e-05
2017-03-29,gold_au,0.4861111111111111,0.5166443971862218,0.022847131823919974,0.046390282215610014,0.44743021457934623,cvar,optimal,0.0008760804637016199,0.032043969655893775,3.204396965589378e-05
2017-03-29,spx,0.375,0.31775008860916765,0.03642807821425823,0.046390282215610014,0.8,cvar,optimal,0.0008760804637016199,0.032043969655893775,3.204396965589378e-05
2017-04-28,sse50,0.7083333333333333,0.5934905264939027,0.0010121575084893963,0.03942503961666062,0.6922883831127121,cvar,optimal,0.0008549604811821833,0.004656675430499925,4.656675430499925e-06
2017-04-28,csi300,0.3888888888888889,0.37884534242858053,3.828085580267224e-09,0.03942503961666062,0.6887153185197341,cvar,optimal,0.0008549604811821833,0.004656675430499925,4.656675430499925e-06
2017-04-28,csi500,0.3055555555555555,0.4195625359628127,4.6233413662604146e-08,0.03942503961666062,0.43621179119480297,cvar,optimal,0.0008549604811821833,0.004656675430499925,4.656675430499925e-06
2017-04-28,csi1000,0.4166666666666666,0.5446773660899912,0.005161531350625651,0.03942503961666062,0.40071258194709175,cvar,optimal,0.0008549604811821833,0.004656675430499925,4.656675430499925e-06
2017-04-28,bond_gov,0.4444444444444445,0.4652943772621985,0.4499999990336936,0.03942503961666062,0.5345761853818545,cvar,optimal,0.0008549604811821833,0.004656675430499925,4.656675430499925e-06
2017-04-28,bond_corp,0.8333333333333334,0.775444992794577,0.44999999912857025,0.03942503961666062,0.5642744612827602,cvar,optimal,0.0008549604811821833,0.004656675430499925,4.656675430499925e-06
2017-04-28,csi_cb,0.736111111111111,0.7649178823079011,0.03202680031266723,0.03942503961666062,0.6962679129198363,cvar,optimal,0.0008549604811821833,0.004656675430499925,4.656675430499925e-06
2017-04-28,crude_sc,,0.0,0.0,0.03942503961666062,,cvar,optimal,0.0008549604811821833,0.004656675430499925,4.656675430499925e-06
2017-04-28,gold_au,0.4444444444444444,0.46810743197309,0.022240691893726683,0.03942503961666062,0.6856102830417491,cvar,optimal,0.0008549604811821833,0.004656675430499925,4.656675430499925e-06
2017-04-28,spx,0.7222222222222222,0.5896595446869458,0.03955877071072796,0.03942503961666062,0.4946445425342145,cvar,optimal,0.0008549604811821833,0.004656675430499925,4.656675430499925e-06
2017-05-31,sse50,0.3611111111111111,0.43185181381787885,0.017732512124687436,0.03708497459824993,0.5721253130492747,cvar,optimal,0.0008910936601807846,0.020618706429922036,2.0618706429922038e-05
2017-05-31,csi300,0.6388888888888888,0.5515306793117846,1.778978127886492e-08,0.03708497459824993,0.6394709663226785,cvar,optimal,0.0008910936601807846,0.020618706429922036,2.0618706429922038e-05
2017-05-31,csi500,0.3888888888888888,0.38454833170212027,1.4864062634299142e-08,0.03708497459824993,0.5904129447835536,cvar,optimal,0.0008910936601807846,0.020618706429922036,2.0618706429922038e-05
2017-05-31,csi1000,0.4166666666666666,0.4429030918490661,1.4674761183503384e-08,0.03708497459824993,0.5213051346539294,cvar,optimal,0.0008910936601807846,0.020618706429922036,2.0618706429922038e-05
2017-05-31,bond_gov,0.7361111111111112,0.6613406121057225,0.44999999583071815,0.03708497459824993,0.5845984678217206,cvar,optimal,0.0008910936601807846,0.020618706429922036,2.0618706429922038e-05
2017-05-31,bond_corp,0.6805555555555556,0.7244061309599971,0.44999999554220477,0.03708497459824993,0.49830951418490077,cvar,optimal,0.0008910936601807846,0.020618706429922036,2.0618706429922038e-05
2017-05-31,csi_cb,0.5416666666666666,0.612284169272992,0.016569648717301596,0.03708497459824993,0.511677115148647,cvar,optimal,0.0008910936601807846,0.020618706429922036,2.0618706429922038e-05
2017-05-31,crude_sc,,0.0,0.0,0.03708497459824993,,cvar,optimal,0.0008910936601807846,0.020618706429922036,2.0618706429922038e-05
2017-05-31,gold_au,0.4583333333333333,0.4574277097384385,0.025963442654571407,0.03708497459824993,0.6329130949360222,cvar,optimal,0.0008910936601807846,0.020618706429922036,2.0618706429922038e-05
2017-05-31,spx,0.7777777777777778,0.7337074612419994,0.03973435780191152,0.03708497459824993,0.5472251032396491,cvar,optimal,0.0008910936601807846,0.020618706429922036,2.0618706429922038e-05
2017-06-28,sse50,0.1944444444444444,0.27793131258575715,0.009287659686907129,0.39624291177045284,0.7391633077257662,cvar,optimal,0.0008719180800168655,0.010204981073657426,1.0204981073657425e-05
2017-06-28,csi300,0.3611111111111111,0.4335350142526161,2.788735046089046e-09,0.39624291177045284,0.5244335056478675,cvar,optimal,0.0008719180800168655,0.010204981073657426,1.0204981073657425e-05
2017-06-28,csi500,0.5555555555555556,0.4933150002318905,2.8060661803167775e-09,0.39624291177045284,0.5346836031954114,cvar,optimal,0.0008719180800168655,0.010204981073657426,1.0204981073657425e-05
2017-06-28,csi1000,0.6666666666666667,0.5833698765947917,2.30103093030008e-09,0.39624291177045284,0.5109409663259084,cvar,optimal,0.0008719180800168655,0.010204981073657426,1.0204981073657425e-05
2017-06-28,bond_gov,0.6527777777777778,0.6570606076699502,0.44999999952329,0.39624291177045284,0.3758704578155774,cvar,optimal,0.0008719180800168655,0.010204981073657426,1.0204981073657425e-05
2017-06-28,bond_corp,0.6805555555555556,0.692856052449983,0.44999999957248493,0.39624291177045284,0.36467787261700235,cvar,optimal,0.0008719180800168655,0.010204981073657426,1.0204981073657425e-05
2017-06-28,csi_cb,0.4166666666666666,0.47397023956823925,0.02562151489195976,0.39624291177045284,0.44426888349103305,cvar,optimal,0.0008719180800168655,0.010204981073657426,1.0204981073657425e-05
2017-06-28,crude_sc,,0.0,0.0,0.39624291177045284,,cvar,optimal,0.0008719180800168655,0.010204981073657426,1.0204981073657425e-05
2017-06-28,gold_au,0.6388888888888888,0.5776118690687988,0.024203353451467305,0.39624291177045284,0.5699084631554064,cvar,optimal,0.0008719180800168655,0.010204981073657426,1.0204981073657425e-05
2017-06-28,spx,0.8333333333333334,0.8103500275779735,0.040887464978058834,0.39624291177045284,0.5862778554859712,cvar,optimal,0.0008719180800168655,0.010204981073657426,1.0204981073657425e-05
2017-07-26,sse50,0.6666666666666667,0.5203216738910504,0.011707370662355837,0.01920700315097438,0.47368448725080753,cvar,optimal,0.0008680661098399717,0.003507646977313722,3.507646977313722e-06
2017-07-26,csi300,0.6388888888888888,0.569754597522591,1.6597202180024595e-08,0.01920700315097438,0.6261504721533504,cvar,optimal,0.0008680661098399717,0.003507646977313722,3.507646977313722e-06
2017-07-26,csi500,0.9722222222222222,0.813507090035402,4.6017673229648666e-07,0.01920700315097438,0.8,cvar,optimal,0.0008680661098399717,0.003507646977313722,3.507646977313722e-06
2017-07-26,csi1000,0.9166666666666666,0.8072912086049642,1.399888025261219e-07,0.01920700315097438,0.8,cvar,optimal,0.0008680661098399717,0.003507646977313722,3.507646977313722e-06
2017-07-26,bond_gov,0.2361111111111111,0.38696714399259236,0.44999999622053866,0.01920700315097438,0.6998289807948679,cvar,optimal,0.0008680661098399717,0.003507646977313722,3.507646977313722e-06
2017-07-26,bond_corp,0.2638888888888889,0.406885822465031,0.44999999665272666,0.01920700315097438,0.6773460842275251,cvar,optimal,0.0008680661098399717,0.003507646977313722,3.507646977313722e-06
2017-07-26,csi_cb,0.6111111111111112,0.5561678577335867,0.026209140590896095,0.01920700315097438,0.4220083772883941,cvar,optimal,0.0008680661098399717,0.003507646977313722,3.507646977313722e-06
2017-07-26,crude_sc,,0.0,0.0,0.01920700315097438,,cvar,optimal,0.0008680661098399717,0.003507646977313722,3.507646977313722e-06
2017-07-26,gold_au,0.1944444444444444,0.3299464584307613,0.024703054887491093,0.01920700315097438,0.6171541935506228,cvar,optimal,0.0008680661098399717,0.003507646977313722,3.507646977313722e-06
2017-07-26,spx,0.5,0.609158147324021,0.037379824223254685,0.01920700315097438,0.6296399801430259,cvar,optimal,0.0008680661098399717,0.003507646977313722,3.507646977313722e-06
2017-08-23,sse50,0.6666666666666666,0.6221317706030784,0.011492524366625324,0.23665838447296145,0.5365264098144086,cvar,optimal,0.0009166347992909643,0.02038909661488965,2.038909661488965e-05
2017-08-23,csi300,0.7638888888888888,0.6947928111315826,6.257440690538862e-10,0.23665838447296145,0.6355175436090359,cvar,optimal,0.0009166347992909643,0.02038909661488965,2.038909661488965e-05
2017-08-23,csi500,0.7916666666666666,0.8143365080229662,4.237669855683082e-09,0.23665838447296145,0.5304830602553063,cvar,optimal,0.0009166347992909643,0.02038909661488965,2.038909661488965e-05
2017-08-23,csi1000,0.9583333333333331,0.9204563420597017,0.017689768212323934,0.23665838447296145,0.8,cvar,optimal,0.0009166347992909643,0.02038909661488965,2.038909661488965e-05
2017-08-23,bond_gov,0.2361111111111111,0.2754066076378065,0.4499999997845298,0.23665838447296145,0.7671502712382381,cvar,optimal,0.0009166347992909643,0.02038909661488965,2.038909661488965e-05
2017-08-23,bond_corp,0.2638888888888889,0.3031843854155843,0.449999999755552,0.23665838447296145,0.7381647712425792,cvar,optimal,0.0009166347992909643,0.02038909661488965,2.038909661488965e-05
2017-08-23,csi_cb,0.4583333333333333,0.49242764393212757,0.008733842725582279,0.23665838447296145,0.5828947032847396,cvar,optimal,0.0009166347992909643,0.02038909661488965,2.038909661488965e-05
2017-08-23,crude_sc,,0.0,0.0,0.23665838447296145,,cvar,optimal,0.0009166347992909643,0.02038909661488965,2.038909661488965e-05
2017-08-23,gold_au,0.25,0.2728489384849895,0.02740251661204281,0.23665838447296145,0.5312476099659633,cvar,optimal,0.0009166347992909643,0.02038909661488965,2.038909661488965e-05
2017-08-23,spx,0.6111111111111112,0.6044149927121629,0.03468134367992989,0.23665838447296145,0.5777860235065108,cvar,optimal,0.0009166347992909643,0.02038909661488965,2.038909661488965e-05
2017-09-20,sse50,0.75,0.7214006132847716,0.012175943914365774,0.20987516993949543,0.5432991192453027,cvar,optimal,0.0008950695146018988,0.019655698360729293,1.9655698360729293e-05
2017-09-20,csi300,0.8055555555555556,0.7794672132399326,1.0612630457272214e-08,0.20987516993949543,0.7069697334252941,cvar,optimal,0.0008950695146018988,0.019655698360729293,1.9655698360729293e-05
2017-09-20,csi500,0.2222222222222222,0.4346794132711845,6.172390930577665e-09,0.20987516993949543,0.7393898570371308,cvar,optimal,0.0008950695146018988,0.019655698360729293,1.9655698360729293e-05
2017-09-20,csi1000,0.1111111111111111,0.39794199306326383,5.232557708613256e-09,0.20987516993949543,0.7793404143497658,cvar,optimal,0.0008950695146018988,0.019655698360729293,1.9655698360729293e-05
2017-09-20,bond_gov,0.6527777777777778,0.5097808442016356,0.4499999954875009,0.20987516993949543,0.5587056401062748,cvar,optimal,0.0008950695146018988,0.019655698360729293,1.9655698360729293e-05
2017-09-20,bond_corp,0.7083333333333334,0.5558032708521151,0.44999999647772637,0.20987516993949543,0.43419670010214606,cvar,optimal,0.0008950695146018988,0.019655698360729293,1.9655698360729293e-05
2017-09-20,csi_cb,0.8333333333333333,0.7190444418412604,0.027706109616963664,0.20987516993949543,0.6027606494090314,cvar,optimal,0.0008950695146018988,0.019655698360729293,1.9655698360729293e-05
2017-09-20,crude_sc,,0.0,0.0,0.20987516993949543,,cvar,optimal,0.0008950695146018988,0.019655698360729293,1.9655698360729293e-05
2017-09-20,gold_au,0.5555555555555556,0.4454517380628253,0.025839562810237752,0.20987516993949543,0.4253832670846074,cvar,optimal,0.0008950695146018988,0.019655698360729293,1.9655698360729293e-05
2017-09-20,spx,0.3611111111111111,0.43643047218301095,0.034278369675626405,0.20987516993949543,0.677723451754789,cvar,optimal,0.0008950695146018988,0.019655698360729293,1.9655698360729293e-05
2017-10-25,sse50,0.3472222222222222,0.45767513775491586,2.4547395178506676e-09,0.41613852675540286,0.5895414778457426,cvar,optimal,0.0008649075774071641,0.026661589233394224,2.6661589233394225e-05
2017-10-25,csi300,0.375,0.49685874213586567,2.189459204794158e-09,0.41613852675540286,0.6402857236085865,cvar,optimal,0.0008649075774071641,0.026661589233394224,2.6661589233394225e-05
2017-10-25,csi500,0.7638888888888888,0.6518932748992251,0.013014703211311702,0.41613852675540286,0.6527153846942385,cvar,optimal,0.0008649075774071641,0.026661589233394224,2.6661589233394225e-05
2017-10-25,csi1000,0.8194444444444444,0.6811835611005048,2.0118920177985998e-08,0.41613852675540286,0.7839609454573742,cvar,optimal,0.0008649075774071641,0.026661589233394224,2.6661589233394225e-05
2017-10-25,bond_gov,0.7361111111111112,0.6785893287868611,0.44999999930037765,0.41613852675540286,0.6209417288850964,cvar,optimal,0.0008649075774071641,0.026661589233394224,2.6661589233394225e-05
2017-10-25,bond_corp,0.9166666666666666,0.820580544576687,0.44999999934900053,0.41613852675540286,0.631342276298512,cvar,optimal,0.0008649075774071641,0.026661589233394224,2.6661589233394225e-05
2017-10-25,csi_cb,0.4027777777777778,0.49800303132537616,0.013220470266366956,0.41613852675540286,0.5446034856509886,cvar,optimal,0.0008649075774071641,0.026661589233394224,2.6661589233394225e-05
2017-10-25,crude_sc,,0.0,0.0,0.41613852675540286,,cvar,optimal,0.0008649075774071641,0.026661589233394224,2.6661589233394225e-05
2017-10-25,gold_au,0.5277777777777778,0.5114403871015047,0.03253180247771556,0.41613852675540286,0.3196489630092171,cvar,optimal,0.0008649075774071641,0.026661589233394224,2.6661589233394225e-05
2017-10-25,spx,0.1111111111111111,0.2037759923190594,0.041233000632108684,0.41613852675540286,0.8,cvar,optimal,0.0008649075774071641,0.026661589233394224,2.6661589233394225e-05
2017-11-22,sse50,0.3055555555555556,0.3497086977061706,1.339926982112653e-07,0.34004303826615523,0.6192644296408798,cvar,optimal,0.000884151950467539,0.00962536522320312,9.62536522320312e-06
2017-11-22,csi300,0.8888888888888888,0.7520442305519848,0.003897027979859724,0.34004303826615523,0.7739326828844357,cvar,optimal,0.000884151950467539,0.00962536522320312,9.62536522320312e-06
2017-11-22,csi500,0.75,0.7136664523160545,0.015640949970762628,0.34004303826615523,0.7278576624821752,cvar,optimal,0.000884151950467539,0.00962536522320312,9.62536522320312e-06
2017-11-22,csi1000,1.0,0.8869949408298671,0.0017288575201085841,0.34004303826615523,0.8,cvar,optimal,0.000884151950467539,0.00962536522320312,9.62536522320312e-06
2017-11-22,bond_gov,0.1111111111111111,0.3107998921766304,0.4499999978590804,0.34004303826615523,0.8,cvar,optimal,0.000884151950467539,0.00962536522320312,9.62536522320312e-06
2017-11-22,bond_corp,0.5555555555555556,0.6588328460281033,0.44999999826933,0.34004303826615523,0.4438164722122483,cvar,optimal,0.000884151950467539,0.00962536522320312,9.62536522320312e-06
2017-11-22,csi_cb,0.6111111111111112,0.5749691414240049,0.003962969872637852,0.34004303826615523,0.4741922002237646,cvar,optimal,0.000884151950467539,0.00962536522320312,9.62536522320312e-06
2017-11-22,crude_sc,,0.0,0.0,0.34004303826615523,,cvar,optimal,0.000884151950467539,0.00962536522320312,9.62536522320312e-06
2017-11-22,gold_au,0.3611111111111111,0.41813784743220506,0.03216394016920928,0.34004303826615523,0.6155851876163521,cvar,optimal,0.000884151950467539,0.00962536522320312,9.62536522320312e-06
2017-11-22,spx,0.4166666666666666,0.33484595153497926,0.042606124366313225,0.34004303826615523,0.7583972451114147,cvar,optimal,0.000884151950467539,0.00962536522320312,9.62536522320312e-06
2017-12-20,sse50,0.5416666666666666,0.464564620626189,3.344551398166783e-08,0.35047500093305306,0.5482494412585267,cvar,optimal,0.0008057802636668692,0.01953747016620274,1.953747016620274e-05
2017-12-20,csi300,0.7777777777777778,0.7674458476818247,3.1587601734532625e-08,0.35047500093305306,0.7613562952864448,cvar,optimal,0.0008057802636668692,0.01953747016620274,1.953747016620274e-05
2017-12-20,csi500,0.6388888888888888,0.6783312543934166,5.880003558116316e-07,0.35047500093305306,0.715338893109966,cvar,optimal,0.0008057802636668692,0.01953747016620274,1.953747016620274e-05
2017-12-20,csi1000,0.9722222222222222,0.964727302632397,0.005978485879177237,0.35047500093305306,0.8,cvar,optimal,0.0008057802636668692,0.01953747016620274,1.953747016620274e-05
2017-12-20,bond_gov,0.1944444444444444,0.22478830251925908,0.4499999919784819,0.35047500093305306,0.671871542832786,cvar,optimal,0.0008057802636668692,0.01953747016620274,1.953747016620274e-05
2017-12-20,bond_corp,0.3333333333333333,0.44365446156374516,0.44999999289357484,0.35047500093305306,0.5988287422041562,cvar,optimal,0.0008057802636668692,0.01953747016620274,1.953747016620274e-05
2017-12-20,csi_cb,0.9166666666666666,0.7921545004474814,0.010904103938500978,0.35047500093305306,0.6646244566666581,cvar,optimal,0.0008057802636668692,0.01953747016620274,1.953747016620274e-05
2017-12-20,crude_sc,,0.0,0.0,0.35047500093305306,,cvar,optimal,0.0008057802636668692,0.01953747016620274,1.953747016620274e-05
2017-12-20,gold_au,0.4861111111111111,0.45893022964894664,0.037867616127890726,0.35047500093305306,0.5567036731666095,cvar,optimal,0.0008057802636668692,0.01953747016620274,1.953747016620274e-05
2017-12-20,spx,0.1388888888888889,0.20540348048674034,0.045249156148902764,0.35047500093305306,0.6938792210105847,cvar,optimal,0.0008057802636668692,0.01953747016620274,1.953747016620274e-05
2018-01-18,sse50,0.6805555555555556,0.6122056024854706,2.8955067069983217e-08,0.34186638939266356,0.5401270469847009,cvar,optimal,0.0006282998294698476,0.020082307487808284,2.0082307487808285e-05
2018-01-18,csi300,0.7083333333333333,0.7418682110622039,0.010536785223922663,0.34186638939266356,0.6813020135727463,cvar,optimal,0.0006282998294698476,0.020082307487808284,2.0082307487808285e-05
2018-01-18,csi500,0.8888888888888888,0.8152746011992051,6.454249058566482e-09,0.34186638939266356,0.7853602931288409,cvar,optimal,0.0006282998294698476,0.020082307487808284,2.0082307487808285e-05
2018-01-18,csi1000,1.0,0.9932430764926393,1.1390638660772311e-08,0.34186638939266356,0.8,cvar,optimal,0.0006282998294698476,0.020082307487808284,2.0082307487808285e-05
2018-01-18,bond_gov,0.2361111111111111,0.21445394733897621,0.4499999960069678,0.34186638939266356,0.7438790839040076,cvar,optimal,0.0006282998294698476,0.020082307487808284,2.0082307487808285e-05
2018-01-18,bond_corp,0.2638888888888889,0.30766534751650965,0.4499999972613108,0.34186638939266356,0.7074597058301922,cvar,optimal,0.0006282998294698476,0.020082307487808284,2.0082307487808285e-05
2018-01-18,csi_cb,0.6111111111111112,0.6854372696920785,0.02044964939376659,0.34186638939266356,0.5376097869023925,cvar,optimal,0.0006282998294698476,0.020082307487808284,2.0082307487808285e-05
2018-01-18,crude_sc,,0.0,0.0,0.34186638939266356,,cvar,optimal,0.0006282998294698476,0.020082307487808284,2.0082307487808285e-05
2018-01-18,gold_au,0.1944444444444444,0.2807545126198567,0.030647901011442585,0.34186638939266356,0.6025135480591034,cvar,optimal,0.0006282998294698476,0.020082307487808284,2.0082307487808285e-05
2018-01-18,spx,0.4166666666666666,0.34909743159305984,0.03836562430263495,0.34186638939266356,0.706907923802305,cvar,optimal,0.0006282998294698476,0.020082307487808284,2.0082307487808285e-05
2018-02-22,sse50,0.625,0.6302972202073205,0.0006698388837890239,0.5167699758338479,0.4827812359304715,cvar,optimal,0.0007610790571429874,0.029637728553578192,2.9637728553578192e-05
2018-02-22,csi300,0.6805555555555556,0.6939526925396443,1.4988716366581594e-09,0.5167699758338479,0.6623615447187661,cvar,optimal,0.0007610790571429874,0.029637728553578192,2.9637728553578192e-05
2018-02-22,csi500,0.3472222222222222,0.48432090794300336,0.011038469847700136,0.5167699758338479,0.38665650631324733,cvar,optimal,0.0007610790571429874,0.029637728553578192,2.9637728553578192e-05
2018-02-22,csi1000,0.375,0.5533649493610902,2.2406682429089943e-09,0.5167699758338479,0.29405795576848726,cvar,optimal,0.0007610790571429874,0.029637728553578192,2.9637728553578192e-05
2018-02-22,bond_gov,0.4027777777777778,0.3514159784504024,0.44999999973414057,0.5167699758338479,0.5709351013211583,cvar,optimal,0.0007610790571429874,0.029637728553578192,2.9637728553578192e-05
2018-02-22,bond_corp,0.4305555555555556,0.38779257773252296,0.4499999997159729,0.5167699758338479,0.555723114126442,cvar,optimal,0.0007610790571429874,0.029637728553578192,2.9637728553578192e-05
2018-02-22,csi_cb,0.9444444444444444,0.8718167210548932,0.021237729014198226,0.5167699758338479,0.7273844073042985,cvar,optimal,0.0007610790571429874,0.029637728553578192,2.9637728553578192e-05
2018-02-22,crude_sc,,0.0,0.0,0.5167699758338479,,cvar,optimal,0.0007610790571429874,0.029637728553578192,2.9637728553578192e-05
2018-02-22,gold_au,0.3611111111111111,0.3355457762967639,0.04778927044058123,0.5167699758338479,0.6705398016990374,cvar,optimal,0.0007610790571429874,0.029637728553578192,2.9637728553578192e-05
2018-02-22,spx,0.8333333333333333,0.6914931764143591,0.019264688624078204,0.5167699758338479,0.6016556889278952,cvar,optimal,0.0007610790571429874,0.029637728553578192,2.9637728553578192e-05
2018-03-22,sse50,0.5,0.5453925485627802,3.549881401648852e-09,0.1307693082843431,0.6187134162894701,cvar,optimal,0.000762947139178952,0.007814409358365311,7.81440935836531e-06
2018-03-22,csi300,0.4583333333333333,0.5336696494089359,9.810327813170254e-10,0.1307693082843431,0.586888469582092,cvar,optimal,0.000762947139178952,0.007814409358365311,7.81440935836531e-06
2018-03-22,csi500,0.2916666666666666,0.35088718904374794,0.004852196424055179,0.1307693082843431,0.6296986700474324,cvar,optimal,0.000762947139178952,0.007814409358365311,7.81440935836531e-06
2018-03-22,csi1000,0.375,0.4222049337952762,0.00324178894255396,0.1307693082843431,0.38676249694194964,cvar,optimal,0.000762947139178952,0.007814409358365311,7.81440935836531e-06
2018-03-22,bond_gov,0.6527777777777778,0.5577966865370817,0.4499999994348557,0.1307693082843431,0.2867002246239685,cvar,optimal,0.000762947139178952,0.007814409358365311,7.81440935836531e-06
2018-03-22,bond_corp,0.6805555555555556,0.5855744643148595,0.4499999989490034,0.1307693082843431,0.3283155973451624,cvar,optimal,0.000762947139178952,0.007814409358365311,7.81440935836531e-06
2018-03-22,csi_cb,0.375,0.5374972277929002,0.02192214974379008,0.1307693082843431,0.5606005091224552,cvar,optimal,0.000762947139178952,0.007814409358365311,7.81440935836531e-06
2018-03-22,crude_sc,,0.0,0.0,0.1307693082843431,,cvar,optimal,0.000762947139178952,0.007814409358365311,7.81440935836531e-06
2018-03-22,gold_au,0.9583333333333334,0.748917368626958,0.05167747236746887,0.1307693082843431,0.7300570355705913,cvar,optimal,0.000762947139178952,0.007814409358365311,7.81440935836531e-06
2018-03-22,spx,0.7083333333333334,0.7180599319174605,0.018306389607358586,0.1307693082843431,0.6889820378831142,cvar,optimal,0.000762947139178952,0.007814409358365311,7.81440935836531e-06
2018-04-23,sse50,0.4624999999999999,0.48496436445459196,2.5083815423358135e-09,0.32875199842004377,0.47591283741004664,cvar,optimal,0.0007666818909054991,0.005553829627771718,5.553829627771718e-06
2018-04-23,csi300,0.4999999999999999,0.5060655096679618,7.4200991842900185e-09,0.32875199842004377,0.4142766619575989,cvar,optimal,0.0007666818909054991,0.005553829627771718,5.553829627771718e-06
2018-04-23,csi500,0.25,0.26780057849935235,1.0932627747527505e-08,0.32875199842004377,0.5937709161888752,cvar,optimal,0.0007666818909054991,0.005553829627771718,5.553829627771718e-06
2018-04-23,csi1000,0.3875,0.38359179174023317,0.0067427466764262475,0.32875199842004377,0.40277610083374665,cvar,optimal,0.0007666818909054991,0.005553829627771718,5.553829627771718e-06
2018-04-23,bond_gov,0.7250000000000001,0.6809397618152088,0.4499999973059184,0.32875199842004377,0.42625647007307826,cvar,optimal,0.0007666818909054991,0.005553829627771718,5.553829627771718e-06
2018-04-23,bond_corp,0.7000000000000001,0.6724410855786688,0.4499999968635763,0.32875199842004377,0.30491865188921863,cvar,optimal,0.0007666818909054991,0.005553829627771718,5.553829627771718e-06
2018-04-23,csi_cb,0.525,0.5270269816257921,0.02195898950800457,0.32875199842004377,0.5847632950857273,cvar,optimal,0.0007666818909054991,0.005553829627771718,5.553829627771718e-06
2018-04-23,crude_sc,0.575,0.39522242005072467,0.0,0.32875199842004377,,cvar,optimal,0.0007666818909054991,0.005553829627771718,5.553829627771718e-06
2018-04-23,gold_au,0.775,0.7810082982501881,0.05369349805808747,0.32875199842004377,0.5789183821149326,cvar,optimal,0.0007666818909054991,0.005553829627771718,5.553829627771718e-06
2018-04-23,spx,0.5999999999999999,0.6446108779266041,0.017604750726878636,0.32875199842004377,0.4725211354283445,cvar,optimal,0.0007666818909054991,0.005553829627771718,5.553829627771718e-06
2018-05-23,sse50,0.525,0.5079865919616539,4.240517610557016e-09,0.1746859783512844,0.4161032400639165,cvar,optimal,0.0006925636865756852,0.009185024525908797,9.185024525908798e-06
2018-05-23,csi300,0.475,0.47968990480045437,4.6440707332760825e-09,0.1746859783512844,0.3630422918696842,cvar,optimal,0.0006925636865756852,0.009185024525908797,9.185024525908798e-06
2018-05-23,csi500,0.1374999999999999,0.17678429235495494,0.008873483013993322,0.1746859783512844,0.8,cvar,optimal,0.0006925636865756852,0.009185024525908797,9.185024525908798e-06
2018-05-23,csi1000,0.2125,0.2674755388839986,1.7047937799196746e-08,0.1746859783512844,0.6557145690681946,cvar,optimal,0.0006925636865756852,0.009185024525908797,9.185024525908798e-06
2018-05-23,bond_gov,0.7625,0.7447776705991227,0.4499999987315265,0.1746859783512844,0.6228774351660515,cvar,optimal,0.0006925636865756852,0.009185024525908797,9.185024525908798e-06
2018-05-23,bond_corp,0.7875,0.7579738982311592,0.44999999865248075,0.1746859783512844,0.6315809912419764,cvar,optimal,0.0006925636865756852,0.009185024525908797,9.185024525908798e-06
2018-05-23,csi_cb,0.5125,0.5045982007031322,0.02085832012981219,0.1746859783512844,0.4839602818473565,cvar,optimal,0.0006925636865756852,0.009185024525908797,9.185024525908798e-06
2018-05-23,crude_sc,0.55,0.5123807365027719,0.0,0.1746859783512844,,cvar,optimal,0.0006925636865756852,0.009185024525908797,9.185024525908798e-06
2018-05-23,gold_au,0.8374999999999999,0.8320555051680514,0.054005045555982005,0.1746859783512844,0.7840299152999998,cvar,optimal,0.0006925636865756852,0.009185024525908797,9.185024525908798e-06
2018-05-23,spx,0.7,0.6766128155156236,0.0162631279836791,0.1746859783512844,0.39753314969780923,cvar,optimal,0.0006925636865756852,0.009185024525908797,9.185024525908798e-06
2018-06-21,sse50,0.1,0.23539223461374598,4.7103688484399926e-09,0.03197522897527957,0.8,cvar,optimal,0.0006988130129856923,0.017877684985066325,1.7877684985066327e-05
2018-06-21,csi300,0.2749999999999999,0.34342255558012985,6.0028240339491246e-09,0.03197522897527957,0.7592861575864459,cvar,optimal,0.0006988130129856923,0.017877684985066325,1.7877684985066327e-05
2018-06-21,csi500,0.525,0.4063581456903239,4.563717351848479e-08,0.03197522897527957,0.5324805276106699,cvar,optimal,0.0006988130129856923,0.017877684985066325,1.7877684985066327e-05
2018-06-21,csi1000,0.7749999999999999,0.6037898633911916,0.0028792264779435575,0.03197522897527957,0.5314748753852963,cvar,optimal,0.0006988130129856923,0.017877684985066325,1.7877684985066327e-05
2018-06-21,bond_gov,0.8500000000000001,0.8177665260972268,0.44999999662647416,0.03197522897527957,0.741119185254552,cvar,optimal,0.0006988130129856923,0.017877684985066325,1.7877684985066327e-05
2018-06-21,bond_corp,0.8250000000000001,0.8050045291032717,0.44999999658822093,0.03197522897527957,0.6458923662697904,cvar,optimal,0.0006988130129856923,0.017877684985066325,1.7877684985066327e-05
2018-06-21,csi_cb,0.575,0.555375708785566,0.01713419121060206,0.03197522897527957,0.612857817471705,cvar,optimal,0.0006988130129856923,0.017877684985066325,1.7877684985066327e-05
2018-06-21,crude_sc,0.35,0.41842255558012986,0.0,0.03197522897527957,,cvar,optimal,0.0006988130129856923,0.017877684985066325,1.7877684985066327e-05
2018-06-21,gold_au,0.775,0.790297503757556,0.06900351928243793,0.03197522897527957,0.5330349012905872,cvar,optimal,0.0006988130129856923,0.017877684985066325,1.7877684985066327e-05
2018-06-21,spx,0.45,0.5241703774008579,0.010983013463954777,0.03197522897527957,0.5030860307272375,cvar,optimal,0.0006988130129856923,0.017877684985066325,1.7877684985066327e-05
2018-07-19,sse50,0.4624999999999999,0.37770087325536966,7.194617039865927e-10,0.23534433685602063,0.5636473848941541,cvar,optimal,0.0006842578017792461,0.002879181109340956,2.879181109340956e-06
2018-07-19,csi300,0.4125,0.3838801260827929,9.185216149071472e-10,0.23534433685602063,0.6923042495616696,cvar,optimal,0.0006842578017792461,0.002879181109340956,2.879181109340956e-06
2018-07-19,csi500,0.3874999999999999,0.3989841988185522,0.00040195683987040486,0.23534433685602063,0.7204410442087597,cvar,optimal,0.0006842578017792461,0.002879181109340956,2.879181109340956e-06
2018-07-19,csi1000,0.5125,0.5506253814741461,5.444381225159252e-08,0.23534433685602063,0.3716821472501766,cvar,optimal,0.0006842578017792461,0.002879181109340956,2.879181109340956e-06
2018-07-19,bond_gov,0.7625,0.7843474872106645,0.44999999861452317,0.23534433685602063,0.49702219653773994,cvar,optimal,0.0006842578017792461,0.002879181109340956,2.879181109340956e-06
2018-07-19,bond_corp,0.8875,0.8627556252730999,0.44999999864124135,0.23534433685602063,0.735415394469741,cvar,optimal,0.0006842578017792461,0.002879181109340956,2.879181109340956e-06
2018-07-19,csi_cb,0.5499999999999999,0.552815004183316,0.018354822271274218,0.23534433685602063,0.5711166418441249,cvar,optimal,0.0006842578017792461,0.002879181109340956,2.879181109340956e-06
2018-07-19,crude_sc,0.3,0.3353318452043005,0.0,0.23534433685602063,,cvar,optimal,0.0006842578017792461,0.002879181109340956,2.879181109340956e-06
2018-07-19,gold_au,0.6500000000000001,0.6983463711138901,0.07024880273383705,0.23534433685602063,0.4331360102769896,cvar,optimal,0.0006842578017792461,0.002879181109340956,2.879181109340956e-06
2018-07-19,spx,0.575,0.5552130873838681,0.01099436481745824,0.23534433685602063,0.3524633646703766,cvar,optimal,0.0006842578017792461,0.002879181109340956,2.879181109340956e-06
2018-08-16,sse50,0.35,0.35442209008733333,6.403749321953971e-09,0.12258073872402211,0.7227428494320822,cvar,optimal,0.0006297679834578422,0.007107012498621288,7.107012498621288e-06
2018-08-16,csi300,0.625,0.5391040500223581,9.237397795183787e-09,0.12258073872402211,0.6849914359743936,cvar,optimal,0.0006297679834578422,0.007107012498621288,7.107012498621288e-06
2018-08-16,csi500,0.5375000000000001,0.4989886177663983,0.005296420438063999,0.12258073872402211,0.5824623046864005,cvar,optimal,0.0006297679834578422,0.007107012498621288,7.107012498621288e-06
2018-08-16,csi1000,0.5875,0.5865167147681125,1.297899047195927e-08,0.12258073872402211,0.41826033822553893,cvar,optimal,0.0006297679834578422,0.007107012498621288,7.107012498621288e-06
2018-08-16,bond_gov,0.6875,0.7214915023143117,0.4499999955704226,0.12258073872402211,0.49198664550697263,cvar,optimal,0.0006297679834578422,0.007107012498621288,7.107012498621288e-06
2018-08-16,bond_corp,0.7124999999999999,0.7666643876229754,0.44999999509433875,0.12258073872402211,0.5155177222010145,cvar,optimal,0.0006297679834578422,0.007107012498621288,7.107012498621288e-06
2018-08-16,csi_cb,0.6499999999999999,0.6180384657333275,0.013611814114188938,0.12258073872402211,0.581867049164724,cvar,optimal,0.0006297679834578422,0.007107012498621288,7.107012498621288e-06
2018-08-16,crude_sc,0.375,0.3539760115394978,0.0,0.12258073872402211,,cvar,optimal,0.0006297679834578422,0.007107012498621288,7.107012498621288e-06
2018-08-16,gold_au,0.875,0.809570304826892,0.07246133763110096,0.12258073872402211,0.5255081685004727,cvar,optimal,0.0006297679834578422,0.007107012498621288,7.107012498621288e-06
2018-08-16,spx,0.1,0.2512278553187934,0.008630408531747222,0.12258073872402211,0.7689119791127464,cvar,optimal,0.0006297679834578422,0.007107012498621288,7.107012498621288e-06
2018-09-13,sse50,0.7625000000000001,0.631542819821827,1.426217044255379e-09,0.1834427802493521,0.43012590432700937,cvar,optimal,0.0006640568303428144,1.3964323651217683e-06,1.3964323651217682e-09
2018-09-13,csi300,0.875,0.7691611366257001,2.3950173484006453e-09,0.1834427802493521,0.533529860302086,cvar,optimal,0.0006640568303428144,1.3964323651217683e-06,1.3964323651217682e-09
2018-09-13,csi500,0.4874999999999999,0.49051325327952666,0.005297028659592933,0.1834427802493521,0.48373473873680295,cvar,optimal,0.0006640568303428144,1.3964323651217683e-06,1.3964323651217682e-09
2018-09-13,csi1000,0.5125,0.5311662586689004,2.4848059469959114e-09,0.1834427802493521,0.40319588567197256,cvar,optimal,0.0006640568303428144,1.3964323651217683e-06,1.3964323651217682e-09
2018-09-13,bond_gov,0.4999999999999999,0.5714218094840691,0.4499999996501237,0.1834427802493521,0.5311102054628976,cvar,optimal,0.0006640568303428144,1.3964323651217683e-06,1.3964323651217682e-09
2018-09-13,bond_corp,0.6,0.6551132806067704,0.4499999996670918,0.1834427802493521,0.6725475366321497,cvar,optimal,0.0006640568303428144,1.3964323651217683e-06,1.3964323651217682e-09
2018-09-13,csi_cb,0.6875000000000001,0.6651993568117404,0.013612375186350665,0.1834427802493521,0.46854532597659027,cvar,optimal,0.0006640568303428144,1.3964323651217683e-06,1.3964323651217682e-09
2018-09-13,crude_sc,0.325,0.33508644265433185,0.0,0.1834427802493521,,cvar,optimal,0.0006640568303428144,1.3964323651217683e-06,1.3964323651217682e-09
2018-09-13,gold_au,0.6499999999999999,0.7059987760067012,0.0724599635128331,0.1834427802493521,0.5762317548446557,cvar,optimal,0.0006640568303428144,1.3964323651217683e-06,1.3964323651217682e-09
2018-09-13,spx,0.1,0.14479686604043276,0.00863062701796749,0.1834427802493521,0.7750747295956546,cvar,optimal,0.0006640568303428144,1.3964323651217683e-06,1.3964323651217682e-09
2018-10-19,sse50,0.525,0.5602155468165014,9.12189523411978e-05,0.2525254864231575,0.6457805994231264,cvar,optimal,0.000483159310158786,0.02335465692971278,2.335465692971278e-05
2018-10-19,csi300,0.5249999999999999,0.6047947808151674,2.481175611785348e-09,0.2525254864231575,0.5702794459697768,cvar,optimal,0.000483159310158786,0.02335465692971278,2.335465692971278e-05
2018-10-19,csi500,0.275,0.339176191577579,7.28783102642633e-10,0.2525254864231575,0.5079511393111324,cvar,optimal,0.000483159310158786,0.02335465692971278,2.335465692971278e-05
2018-10-19,csi1000,0.4,0.43775853790972663,6.200842851537823e-10,0.2525254864231575,0.3759128940093748,cvar,optimal,0.000483159310158786,0.02335465692971278,2.335465692971278e-05
2018-10-19,bond_gov,0.7000000000000001,0.6578829293754856,0.4499999989349959,0.2525254864231575,0.5506622849349558,cvar,optimal,0.000483159310158786,0.02335465692971278,2.335465692971278e-05
2018-10-19,bond_corp,0.7750000000000001,0.7341282244368537,0.44999999894550885,0.2525254864231575,0.7062676869402782,cvar,optimal,0.000483159310158786,0.02335465692971278,2.335465692971278e-05
2018-10-19,csi_cb,0.875,0.8188897995727281,0.02097059582405323,0.2525254864231575,0.5834149100140775,cvar,optimal,0.000483159310158786,0.02335465692971278,2.335465692971278e-05
2018-10-19,crude_sc,0.2624999999999999,0.2841265556091121,0.00044675813123323707,0.2525254864231575,0.7933829393179569,cvar,optimal,0.000483159310158786,0.02335465692971278,2.335465692971278e-05
2018-10-19,gold_au,0.6375000000000001,0.6585847357975019,0.05440233781536259,0.2525254864231575,0.4027872270645466,cvar,optimal,0.000483159310158786,0.02335465692971278,2.335465692971278e-05
2018-10-19,spx,0.525,0.4044426980893441,0.024089087566462077,0.2525254864231575,0.4951618695602391,cvar,optimal,0.000483159310158786,0.02335465692971278,2.335465692971278e-05
2018-11-16,sse50,0.5875,0.5843813415322974,7.770828030741731e-09,0.03451882289060531,0.6294621312462672,cvar,optimal,0.00047577450819615485,0.0038852021382826145,3.885202138282615e-06
2018-11-16,csi300,0.5625,0.5758060431422676,1.0797830623274153e-09,0.03451882289060531,0.6823133596507953,cvar,optimal,0.00047577450819615485,0.0038852021382826145,3.885202138282615e-06
2018-11-16,csi500,0.45,0.40817040546702343,3.4428043567442925e-10,0.03451882289060531,0.6799516536088652,cvar,optimal,0.00047577450819615485,0.0038852021382826145,3.885202138282615e-06
2018-11-16,csi1000,0.45,0.4418364661787347,2.9989121892227847e-10,0.03451882289060531,0.6098601266894159,cvar,optimal,0.00047577450819615485,0.0038852021382826145,3.885202138282615e-06
2018-11-16,bond_gov,0.4875,0.5425380037078046,0.44999999927462003,0.03451882289060531,0.5848559639355182,cvar,optimal,0.00047577450819615485,0.0038852021382826145,3.885202138282615e-06
2018-11-16,bond_corp,0.65,0.6781803119564501,0.4499999992148448,0.03451882289060531,0.6283933526322334,cvar,optimal,0.00047577450819615485,0.0038852021382826145,3.885202138282615e-06
2018-11-16,csi_cb,0.6125,0.6848444521211721,0.02104967070141763,0.03451882289060531,0.7181531421020336,cvar,optimal,0.00047577450819615485,0.0038852021382826145,3.885202138282615e-06
2018-11-16,crude_sc,0.5125000000000001,0.4351106725252655,0.00037021750302574323,0.03451882289060531,0.7769539203378306,cvar,optimal,0.00047577450819615485,0.0038852021382826145,3.885202138282615e-06
2018-11-16,gold_au,0.65,0.646816252220671,0.058208464467320656,0.03451882289060531,0.5732507106554345,cvar,optimal,0.00047577450819615485,0.0038852021382826145,3.885202138282615e-06
2018-11-16,spx,0.5375000000000001,0.5023160511483141,0.020371639343988304,0.03451882289060531,0.679129882755112,cvar,optimal,0.00047577450819615485,0.0038852021382826145,3.885202138282615e-06
2018-12-14,sse50,0.5,0.5241350315719856,0.0009292642562638973,0.5390422878270272,0.7381623277846482,cvar,optimal,0.0004586432849453175,0.006897351532810958,6.897351532810958e-06
2018-12-14,csi300,0.625,0.6000138652761761,2.795766472334984e-08,0.5390422878270272,0.47397529334063576,cvar,optimal,0.0004586432849453175,0.006897351532810958,6.897351532810958e-06
2018-12-14,csi500,0.4125,0.4088656154806407,7.106129941918971e-09,0.5390422878270272,0.7042687648104917,cvar,optimal,0.0004586432849453175,0.006897351532810958,6.897351532810958e-06
2018-12-14,csi1000,0.4125,0.4206542644386493,5.989789376856475e-09,0.5390422878270272,0.6733317816205382,cvar,optimal,0.0004586432849453175,0.006897351532810958,6.897351532810958e-06
2018-12-14,bond_gov,0.475,0.49933061123589895,0.44999998579621037,0.5390422878270272,0.7075043663034652,cvar,optimal,0.0004586432849453175,0.006897351532810958,6.897351532810958e-06
2018-12-14,bond_corp,0.5625,0.6043180050089985,0.44999998637498495,0.5390422878270272,0.5940765111252901,cvar,optimal,0.0004586432849453175,0.006897351532810958,6.897351532810958e-06
2018-12-14,csi_cb,0.525,0.5797855188628079,0.018793953945823328,0.5390422878270272,0.6143414443758042,cvar,optimal,0.0004586432849453175,0.006897351532810958,6.897351532810958e-06
2018-12-14,crude_sc,0.825,0.6941750019018762,0.003692240226340295,0.5390422878270272,0.4798034016224056,cvar,optimal,0.0004586432849453175,0.006897351532810958,6.897351532810958e-06
2018-12-14,gold_au,0.5625,0.591350491155189,0.06085449746175196,0.5390422878270272,0.5419960672109533,cvar,optimal,0.0004586432849453175,0.006897351532810958,6.897351532810958e-06
2018-12-14,spx,0.6,0.5773715950677778,0.01573003088504124,0.5390422878270272,0.43972166356204584,cvar,optimal,0.0004586432849453175,0.006897351532810958,6.897351532810958e-06
2019-01-15,sse50,0.475,0.4903342342922377,1.4282797166944173e-09,0.8618284647612247,0.6771082770328083,cvar,optimal,0.0004510074306027276,0.0016338477817650406,1.6338477817650407e-06
2019-01-15,csi300,0.5125,0.542304004500256,5.790821753115173e-10,0.8618284647612247,0.6602967991516082,cvar,optimal,0.0004510074306027276,0.0016338477817650406,1.6338477817650407e-06
2019-01-15,csi500,0.4,0.4071301301623543,2.3878985157852703e-10,0.8618284647612247,0.6123259943477587,cvar,optimal,0.0004510074306027276,0.0016338477817650406,1.6338477817650407e-06
2019-01-15,csi1000,0.5125,0.48445625582445256,2.083874997345231e-10,0.8618284647612247,0.6840932739473983,cvar,optimal,0.0004510074306027276,0.0016338477817650406,1.6338477817650407e-06
2019-01-15,bond_gov,0.45,0.4588903904870628,0.44999999945505825,0.8618284647612247,0.6198761585233801,cvar,optimal,0.0004510074306027276,0.0016338477817650406,1.6338477817650407e-06
2019-01-15,bond_corp,0.55,0.5614260260324709,0.4499999994251098,0.8618284647612247,0.5807653426151402,cvar,optimal,0.0004510074306027276,0.0016338477817650406,1.6338477817650407e-06
2019-01-15,csi_cb,0.575,0.5668849847336366,0.018886805867573363,0.8618284647612247,0.5413156368156606,cvar,optimal,0.0004510074306027276,0.0016338477817650406,1.6338477817650407e-06
2019-01-15,crude_sc,0.8,0.7809670673313052,0.004426796109486187,0.8618284647612247,0.4665322236412396,cvar,optimal,0.0004510074306027276,0.0016338477817650406,1.6338477817650407e-06
2019-01-15,gold_au,0.6,0.5957931929934034,0.061660910729648265,0.8618284647612247,0.4655349617796227,cvar,optimal,0.0004510074306027276,0.0016338477817650406,1.6338477817650407e-06
2019-01-15,spx,0.625,0.6118137136428206,0.015025485958584847,0.8618284647612247,0.45254044124043696,cvar,optimal,0.0004510074306027276,0.0016338477817650406,1.6338477817650407e-06
2019-02-19,sse50,0.275,0.3334264414335378,1.5693567782958338e-08,0.00018917844043808474,0.7300595521230282,cvar,optimal,0.0004390642157528102,0.0004828969195176149,4.82896919517615e-07
2019-02-19,csi300,0.5375000000000001,0.5383233229591066,3.6938488386020824e-09,0.00018917844043808474,0.5363917505788175,cvar,optimal,0.0004390642157528102,0.0004828969195176149,4.82896919517615e-07
2019-02-19,csi500,0.325,0.34712955413590907,1.1205840350549833e-09,0.00018917844043808474,0.6050750252731695,cvar,optimal,0.0004390642157528102,0.0004828969195176149,4.82896919517615e-07
2019-02-19,csi1000,0.375,0.40693173104809227,9.493031058835074e-10,0.00018917844043808474,0.47299562620565233,cvar,optimal,0.0004390642157528102,0.0004828969195176149,4.82896919517615e-07
2019-02-19,bond_gov,0.675,0.6130041095589208,0.4499999974451368,0.00018917844043808474,0.3761031499541174,cvar,optimal,0.0004390642157528102,0.0004828969195176149,4.82896919517615e-07
2019-02-19,bond_corp,0.7500000000000001,0.6942092217464512,0.4499999970180461,0.00018917844043808474,0.6050249146772609,cvar,optimal,0.0004390642157528102,0.0004828969195176149,4.82896919517615e-07
2019-02-19,csi_cb,0.6250000000000001,0.607318449264962,0.019324479681464553,0.00018917844043808474,0.31714817212209345,cvar,optimal,0.0004390642157528102,0.0004828969195176149,4.82896919517615e-07
2019-02-19,crude_sc,0.6500000000000001,0.6942591082718182,0.004213669884420826,0.00018917844043808474,0.4528828707806348,cvar,optimal,0.0004390642157528102,0.0004828969195176149,4.82896919517615e-07
2019-02-19,gold_au,0.7000000000000001,0.669029670496572,0.06139114445218124,0.00018917844043808474,0.48940045939329735,cvar,optimal,0.0004390642157528102,0.0004828969195176149,4.82896919517615e-07
2019-02-19,spx,0.5875,0.5963683910846306,0.015070690061446814,0.00018917844043808474,0.4251216552040066,cvar,optimal,0.0004390642157528102,0.0004828969195176149,4.82896919517615e-07
2019-03-19,sse50,0.5875,0.499614192695377,3.741003132767069e-10,0.32489725914516376,0.695717815669849,cvar,optimal,0.000460739663311978,0.007747697136525412,7.747697136525413e-06
2019-03-19,csi300,0.6375000000000001,0.6026545590900734,6.027473998579185e-10,0.32489725914516376,0.603648620128215,cvar,optimal,0.000460739663311978,0.007747697136525412,7.747697136525413e-06
2019-03-19,csi500,0.5375000000000001,0.4731304494944375,4.1273184880020347e-10,0.32489725914516376,0.8,cvar,optimal,0.000460739663311978,0.007747697136525412,7.747697136525413e-06
2019-03-19,csi1000,0.6625000000000001,0.5781330102053783,6.019225592878134e-10,0.32489725914516376,0.49805890086575694,cvar,optimal,0.000460739663311978,0.007747697136525412,7.747697136525413e-06
2019-03-19,bond_gov,0.4875,0.5323010555051674,0.4499999992145768,0.32489725914516376,0.5118844894419221,cvar,optimal,0.000460739663311978,0.007747697136525412,7.747697136525413e-06
2019-03-19,bond_corp,0.5125000000000001,0.5756678746360364,0.44999999814892855,0.32489725914516376,0.5991933952824526,cvar,optimal,0.000460739663311978,0.007747697136525412,7.747697136525413e-06
2019-03-19,csi_cb,0.4625,0.5122791260783159,0.02162636810451068,0.32489725914516376,0.5980802315117435,cvar,optimal,0.000460739663311978,0.007747697136525412,7.747697136525413e-06
2019-03-19,crude_sc,0.4375,0.5188633266718621,1.0450850772366216e-09,0.32489725914516376,0.5302789823085431,cvar,optimal,0.000460739663311978,0.007747697136525412,7.747697136525413e-06
2019-03-19,gold_au,0.6125,0.633784798706107,0.05785713562079319,0.32489725914516376,0.6726315721335419,cvar,optimal,0.000460739663311978,0.007747697136525412,7.747697136525413e-06
2019-03-19,spx,0.5625,0.5735716069172455,0.020516495874603646,0.32489725914516376,0.7020681311168525,cvar,optimal,0.000460739663311978,0.007747697136525412,7.747697136525413e-06
2019-04-17,sse50,0.6125,0.575309966863422,6.973722552984328e-10,0.25703088489219106,0.5692996778443709,cvar,optimal,0.0005054488065986552,0.011595207903804382,1.1595207903804381e-05
2019-04-17,csi300,0.6625000000000001,0.6448969903322816,8.804479098847027e-10,0.25703088489219106,0.6340104040479658,cvar,optimal,0.0005054488065986552,0.011595207903804382,1.1595207903804381e-05
2019-04-17,csi500,0.5625,0.5345273896722971,3.7559920608293416e-10,0.25703088489219106,0.6082895894223821,cvar,optimal,0.0005054488065986552,0.011595207903804382,1.1595207903804381e-05
2019-04-17,csi1000,0.6375000000000001,0.6193854962833275,4.3855368471234854e-10,0.25703088489219106,0.6193846365530273,cvar,optimal,0.0005054488065986552,0.011595207903804382,1.1595207903804381e-05
2019-04-17,bond_gov,0.4625,0.4881682546254842,0.4499999997428208,0.25703088489219106,0.5402445653076902,cvar,optimal,0.0005054488065986552,0.011595207903804382,1.1595207903804381e-05
2019-04-17,bond_corp,0.5375000000000001,0.5510057923122351,0.44999999973821225,0.25703088489219106,0.5936304379385722,cvar,optimal,0.0005054488065986552,0.011595207903804382,1.1595207903804381e-05
2019-04-17,csi_cb,0.5875,0.5605503777702051,0.0332215732898149,0.25703088489219106,0.6286900724666813,cvar,optimal,0.0005054488065986552,0.011595207903804382,1.1595207903804381e-05
2019-04-17,crude_sc,0.4875,0.49031584975117287,7.182074424310744e-10,0.25703088489219106,0.6381169875709098,cvar,optimal,0.0005054488065986552,0.011595207903804382,1.1595207903804381e-05
2019-04-17,gold_au,0.4375,0.5042643529696694,0.05114115045949911,0.25703088489219106,0.45129556771396845,cvar,optimal,0.0005054488065986552,0.011595207903804382,1.1595207903804381e-05
2019-04-17,spx,0.5125000000000001,0.5315755294199056,0.015637273659472494,0.25703088489219106,0.6403762618296337,cvar,optimal,0.0005054488065986552,0.011595207903804382,1.1595207903804381e-05
2019-05-20,sse50,0.7125,0.6801418517431334,1.4622073903638042e-08,0.07112289852588888,0.5409874761621069,cvar,optimal,0.0004982518076464705,0.006595178660129551,6.595178660129551e-06
2019-05-20,csi300,0.6625000000000001,0.660468514941681,1.2232885603103028e-08,0.07112289852588888,0.632108280826563,cvar,optimal,0.0004982518076464705,0.006595178660129551,6.595178660129551e-06
2019-05-20,csi500,0.15,0.27306600063569003,6.097506033916951e-09,0.07112289852588888,0.8,cvar,optimal,0.0004982518076464705,0.006595178660129551,6.595178660129551e-06
2019-05-20,csi1000,0.15,0.29987396815123896,5.083979443240875e-09,0.07112289852588888,0.8,cvar,optimal,0.0004982518076464705,0.006595178660129551,6.595178660129551e-06
2019-05-20,bond_gov,0.5625,0.5342048218597715,0.4499999796783408,0.07112289852588888,0.4920025332051169,cvar,optimal,0.0004982518076464705,0.006595178660129551,6.595178660129551e-06
2019-05-20,bond_corp,0.5875,0.5703051833424072,0.4499999852980302,0.07112289852588888,0.5220753898599823,cvar,optimal,0.0004982518076464705,0.006595178660129551,6.595178660129551e-06
2019-05-20,csi_cb,0.6125,0.5947609089087676,0.02662642913434734,0.07112289852588888,0.5900163279467695,cvar,optimal,0.0004982518076464705,0.006595178660129551,6.595178660129551e-06
2019-05-20,crude_sc,0.7375,0.6576203718869927,0.0013968145072942452,0.07112289852588888,0.5176604983429115,cvar,optimal,0.0004982518076464705,0.006595178660129551,6.595178660129551e-06
2019-05-20,gold_au,0.6875,0.6259037374118644,0.054925203010609644,0.07112289852588888,0.5260127896850045,cvar,optimal,0.0004982518076464705,0.006595178660129551,6.595178660129551e-06
2019-05-20,spx,0.6375000000000001,0.6036546411184537,0.017051550334932754,0.07112289852588888,0.6820866098124211,cvar,optimal,0.0004982518076464705,0.006595178660129551,6.595178660129551e-06
2019-06-18,sse50,0.4375,0.5191551064276592,4.039537547839864e-09,0.11529921345152622,0.31259671160032176,cvar,optimal,0.0004995952374593427,0.0008991591542638381,8.991591542638381e-07
2019-06-18,csi300,0.4125,0.49388305897550255,2.788324112946464e-09,0.11529921345152622,0.3812874288199703,cvar,optimal,0.0004995952374593427,0.0008991591542638381,8.991591542638381e-07
2019-06-18,csi500,0.2125,0.22460255134337304,1.859060512979721e-09,0.11529921345152622,0.7389174436351928,cvar,optimal,0.0004995952374593427,0.0008991591542638381,8.991591542638381e-07
2019-06-18,csi1000,0.2375,0.247363939279868,1.527513259340312e-09,0.11529921345152622,0.7852920649925363,cvar,optimal,0.0004995952374593427,0.0008991591542638381,8.991591542638381e-07
2019-06-18,bond_gov,0.7124999999999999,0.6558039061693048,0.4499999964487852,0.11529921345152622,0.40008250016911584,cvar,optimal,0.0004995952374593427,0.0008991591542638381,8.991591542638381e-07
2019-06-18,bond_corp,0.8374999999999999,0.7521838118018007,0.4499999972764209,0.11529921345152622,0.6891359548286484,cvar,optimal,0.0004995952374593427,0.0008991591542638381,8.991591542638381e-07
2019-06-18,csi_cb,0.7625,0.7117036000033502,0.02639152243296974,0.11529921345152622,0.5419613372630829,cvar,optimal,0.0004995952374593427,0.0008991591542638381,8.991591542638381e-07
2019-06-18,crude_sc,0.525,0.574509954015693,0.0007325898764175317,0.11529921345152622,0.5791134434534949,cvar,optimal,0.0004995952374593427,0.0008991591542638381,8.991591542638381e-07
2019-06-18,gold_au,0.7374999999999999,0.7015577420914155,0.05581886303617509,0.11529921345152622,0.412876982869516,cvar,optimal,0.0004995952374593427,0.0008991591542638381,8.991591542638381e-07
2019-06-18,spx,0.625,0.6192363298920331,0.017057020714796034,0.11529921345152622,0.6594136484754753,cvar,optimal,0.0004995952374593427,0.0008991591542638381,8.991591542638381e-07
2019-07-16,sse50,0.525,0.5202881878879902,6.24679005209594e-09,0.07440406279654861,0.4287074817704022,cvar,optimal,0.0004702762935021685,0.01234250546438816,1.234250546438816e-05
2019-07-16,csi300,0.375,0.410637910622508,5.277212282677298e-09,0.07440406279654861,0.6473919463536306,cvar,optimal,0.0004702762935021685,0.01234250546438816,1.234250546438816e-05
2019-07-16,csi500,0.15,0.16560534800761756,3.732695720736773e-09,0.07440406279654861,0.7795965558200434,cvar,optimal,0.0004702762935021685,0.01234250546438816,1.234250546438816e-05
2019-07-16,csi1000,0.15,0.1718474872106646,3.655404824119599e-09,0.07440406279654861,0.7902966163932458,cvar,optimal,0.0004702762935021685,0.01234250546438816,1.234250546438816e-05
2019-07-16,bond_gov,0.7000000000000001,0.6905549078625101,0.4499999891259516,0.07440406279654861,0.47603680824592076,cvar,optimal,0.0004702762935021685,0.01234250546438816,1.234250546438816e-05
2019-07-16,bond_corp,0.7750000000000001,0.7734696729089628,0.4499999894890522,0.07440406279654861,0.676506474485296,cvar,optimal,0.0004702762935021685,0.01234250546438816,1.234250546438816e-05
2019-07-16,csi_cb,0.7250000000000001,0.7240818037453778,0.03528995049243252,0.07440406279654861,0.5424767661777297,cvar,optimal,0.0004702762935021685,0.01234250546438816,1.234250546438816e-05
2019-07-16,crude_sc,0.8,0.7256245770669311,0.004176658583675487,0.07440406279654861,0.6627174481466522,cvar,optimal,0.0004702762935021685,0.01234250546438816,1.234250546438816e-05
2019-07-16,gold_au,0.8500000000000001,0.8070594551674543,0.04574200138204188,0.07440406279654861,0.5769198472560642,cvar,optimal,0.0004702762935021685,0.01234250546438816,1.234250546438816e-05
2019-07-16,spx,0.45,0.510830649519984,0.014791392014743412,0.07440406279654861,0.6651619768749594,cvar,optimal,0.0004702762935021685,0.01234250546438816,1.234250546438816e-05
2019-08-13,sse50,0.6125,0.5742185896784041,3.542868660178846e-10,0.3110118999468456,0.5010732772382243,cvar,optimal,0.0005212658242825489,0.0027285127181017783,2.728512718101778e-06
2019-08-13,csi300,0.5875,0.5181081585635701,2.615567824482459e-10,0.3110118999468456,0.5756381972845306,cvar,optimal,0.0005212658242825489,0.0027285127181017783,2.728512718101778e-06
2019-08-13,csi500,0.4875,0.3775668082823292,1.533279538462121e-10,0.3110118999468456,0.6665841449300836,cvar,optimal,0.0005212658242825489,0.0027285127181017783,2.728512718101778e-06
2019-08-13,csi1000,0.525,0.4045548140520781,1.4748241941255741e-10,0.3110118999468456,0.7221835758503498,cvar,optimal,0.0005212658242825489,0.0027285127181017783,2.728512718101778e-06
2019-08-13,bond_gov,0.4625,0.5451871170342019,0.44999999935125357,0.3110118999468456,0.44412384694545537,cvar,optimal,0.0005212658242825489,0.0027285127181017783,2.728512718101778e-06
2019-08-13,bond_corp,0.5625,0.6413227606028368,0.44999999956884185,0.3110118999468456,0.7176942299201541,cvar,optimal,0.0005212658242825489,0.0027285127181017783,2.728512718101778e-06
2019-08-13,csi_cb,0.4375,0.5397044788549407,0.03663945149784553,0.3110118999468456,0.44697480192448025,cvar,optimal,0.0005212658242825489,0.0027285127181017783,2.728512718101778e-06
2019-08-13,crude_sc,0.525,0.5934429484526348,0.003394097279715373,0.3110118999468456,0.5946415583828497,cvar,optimal,0.0005212658242825489,0.0027285127181017783,2.728512718101778e-06
2019-08-13,gold_au,0.6375000000000001,0.6998186520616247,0.04379606796334908,0.3110118999468456,0.5918766576369368,cvar,optimal,0.0005212658242825489,0.0027285127181017783,2.728512718101778e-06
2019-08-13,spx,0.6625000000000001,0.6060756724173797,0.016170383422340576,0.3110118999468456,0.5692802699173041,cvar,optimal,0.0005212658242825489,0.0027285127181017783,2.728512718101778e-06
2019-09-10,sse50,0.2625,0.3743653699333534,3.551370472135867e-09,0.024019656625569017,0.7262816684309562,cvar,optimal,0.0006166036763269563,0.002159954778157755,2.1599547781577554e-06
2019-09-10,csi300,0.3875,0.4360978248879336,2.908405249580915e-09,0.024019656625569017,0.4400906421625443,cvar,optimal,0.0006166036763269563,0.002159954778157755,2.1599547781577554e-06
2019-09-10,csi500,0.3125,0.3407293599153564,1.8026285054673513e-09,0.024019656625569017,0.6546191924495878,cvar,optimal,0.0006166036763269563,0.002159954778157755,2.1599547781577554e-06
2019-09-10,csi1000,0.4375,0.432163409176964,1.8276843872717885e-09,0.024019656625569017,0.3666774077719304,cvar,optimal,0.0006166036763269563,0.002159954778157755,2.1599547781577554e-06
2019-09-10,bond_gov,0.7000000000000001,0.6408901808818155,0.4499999954651069,0.024019656625569017,0.5052887089472914,cvar,optimal,0.0006166036763269563,0.002159954778157755,2.1599547781577554e-06
2019-09-10,bond_corp,0.8250000000000001,0.7549526350756453,0.44999999573858496,0.024019656625569017,0.7814774848231307,cvar,optimal,0.0006166036763269563,0.002159954778157755,2.1599547781577554e-06
2019-09-10,csi_cb,0.6250000000000001,0.587765272494156,0.037729061368305464,0.024019656625569017,0.3574241111822207,cvar,optimal,0.0006166036763269563,0.002159954778157755,2.1599547781577554e-06
2019-09-10,crude_sc,0.7500000000000001,0.6987166835765023,0.0042966369119300275,0.024019656625569017,0.6586674136727793,cvar,optimal,0.0006166036763269563,0.002159954778157755,2.1599547781577554e-06
2019-09-10,gold_au,0.7750000000000001,0.7478517151484878,0.04396386406539768,0.024019656625569017,0.7736195918629869,cvar,optimal,0.0006166036763269563,0.002159954778157755,2.1599547781577554e-06
2019-09-10,spx,0.425,0.48646754890978633,0.014010436360586413,0.024019656625569017,0.6445037782397655,cvar,optimal,0.0006166036763269563,0.002159954778157755,2.1599547781577554e-06
2019-10-16,sse50,0.6125,0.5405003004293348,7.114857495618494e-09,0.39280193512005357,0.49304739201689113,cvar,optimal,0.0006308058544468164,0.009771461785227913,9.771461785227912e-06
2019-10-16,csi300,0.6625000000000001,0.600082496546815,6.291654518117716e-09,0.39280193512005357,0.49478345823845044,cvar,optimal,0.0006308058544468164,0.009771461785227913,9.771461785227912e-06
2019-10-16,csi500,0.5375000000000001,0.4873169382251785,3.119246597606462e-09,0.39280193512005357,0.6486542582656923,cvar,optimal,0.0006308058544468164,0.009771461785227913,9.771461785227912e-06
2019-10-16,csi1000,0.4375,0.4443206960889393,2.864171350596821e-09,0.39280193512005357,0.5539776840535712,cvar,optimal,0.0006308058544468164,0.009771461785227913,9.771461785227912e-06
2019-10-16,bond_gov,0.4875,0.5292653329996355,0.44999999118292766,0.39280193512005357,0.5020173362608832,cvar,optimal,0.0006308058544468164,0.009771461785227913,9.771461785227912e-06
2019-10-16,bond_corp,0.6375000000000001,0.6702249566937656,0.44999999264301077,0.39280193512005357,0.6655080843781322,cvar,optimal,0.0006308058544468164,0.009771461785227913,9.771461785227912e-06
2019-10-16,csi_cb,0.5125000000000001,0.5297964496429087,0.046393562740945984,0.39280193512005357,0.5605687693910676,cvar,optimal,0.0006308058544468164,0.009771461785227913,9.771461785227912e-06
2019-10-16,crude_sc,0.5875,0.6160565061657094,0.004770459974844672,0.39280193512005357,0.6571730155064412,cvar,optimal,0.0006308058544468164,0.009771461785227913,9.771461785227912e-06
2019-10-16,gold_au,0.5625,0.6120604142441377,0.034192409657923105,0.39280193512005357,0.7257736687844047,cvar,optimal,0.0006308058544468164,0.009771461785227913,9.771461785227912e-06
2019-10-16,spx,0.4625,0.4703759089635757,0.014643564410417744,0.39280193512005357,0.6880920525878684,cvar,optimal,0.0006308058544468164,0.009771461785227913,9.771461785227912e-06
2019-11-13,sse50,0.4125,0.45246846695874304,1.8119819596969018e-09,0.00457342071628226,0.39272644214386243,cvar,optimal,0.0006267279514323183,0.0036062215560488933,3.6062215560488934e-06
2019-11-13,csi300,0.4375,0.49115029419108275,1.4569815535815965e-09,0.00457342071628226,0.3374606244950619,cvar,optimal,0.0006267279514323183,0.0036062215560488933,3.6062215560488934e-06
2019-11-13,csi500,0.2125,0.30259177393623776,8.408455532534458e-10,0.00457342071628226,0.7484145511584701,cvar,optimal,0.0006267279514323183,0.0036062215560488933,3.6062215560488934e-06
2019-11-13,csi1000,0.3125,0.3534803923853928,8.553342288545789e-10,0.00457342071628226,0.6814560271763842,cvar,optimal,0.0006267279514323183,0.0036062215560488933,3.6062215560488934e-06
2019-11-13,bond_gov,0.675,0.6290723662284842,0.4499999980908769,0.00457342071628226,0.42452802004100787,cvar,optimal,0.0006267279514323183,0.0036062215560488933,3.6062215560488934e-06
2019-11-13,bond_corp,0.7750000000000001,0.743635940264221,0.44999999829772264,0.00457342071628226,0.7271633300445592,cvar,optimal,0.0006267279514323183,0.0036062215560488933,3.6062215560488934e-06
2019-11-13,csi_cb,0.7000000000000001,0.6467580345548026,0.04501106595344231,0.00457342071628226,0.5048150941802496,cvar,optimal,0.0006267279514323183,0.0036062215560488933,3.6062215560488934e-06
2019-11-13,crude_sc,0.8,0.7422191219145647,0.005033929897300853,0.00457342071628226,0.7519567973066625,cvar,optimal,0.0006267279514323183,0.0036062215560488933,3.6062215560488934e-06
2019-11-13,gold_au,0.7500000000000001,0.7040723662284842,0.031968699314164586,0.00457342071628226,0.6567127852508747,cvar,optimal,0.0006267279514323183,0.0036062215560488933,3.6062215560488934e-06
2019-11-13,spx,0.425,0.4345512433379872,0.01798630348134941,0.00457342071628226,0.6950627145380148,cvar,optimal,0.0006267279514323183,0.0036062215560488933,3.6062215560488934e-06
2019-12-11,sse50,0.4375,0.4477820223182452,7.869606648969404e-10,0.08396815574602051,0.3584072888046461,cvar,optimal,0.0006150199565563935,0.0015754503147622169,1.575450314762217e-06
2019-12-11,csi300,0.4125,0.44229938413898406,7.101617257792917e-10,0.08396815574602051,0.42758039951961124,cvar,optimal,0.0006150199565563935,0.0015754503147622169,1.575450314762217e-06
2019-12-11,csi500,0.2375,0.2595706712762539,4.5946437256043663e-10,0.08396815574602051,0.7952092299703276,cvar,optimal,0.0006150199565563935,0.0015754503147622169,1.575450314762217e-06
2019-12-11,csi1000,0.2125,0.2586079130162827,4.369014370749568e-10,0.08396815574602051,0.7713012143459633,cvar,optimal,0.0006150199565563935,0.0015754503147622169,1.575450314762217e-06
2019-12-11,bond_gov,0.7000000000000001,0.6737372105484185,0.4499999991724515,0.08396815574602051,0.4717623251666476,cvar,optimal,0.0006150199565563935,0.0015754503147622169,1.575450314762217e-06
2019-12-11,bond_corp,0.675,0.6963517502044647,0.4499999991849966,0.08396815574602051,0.4624828384175915,cvar,optimal,0.0006150199565563935,0.0015754503147622169,1.575450314762217e-06
2019-12-11,csi_cb,0.7250000000000001,0.6987372105484186,0.045767845480607756,0.08396815574602051,0.5447999389183743,cvar,optimal,0.0006150199565563935,0.0015754503147622169,1.575450314762217e-06
2019-12-11,crude_sc,0.8,0.7799592967713854,0.004586728922027675,0.08396815574602051,0.7091373739847789,cvar,optimal,0.0006150199565563935,0.0015754503147622169,1.575450314762217e-06
2019-12-11,gold_au,0.7750000000000001,0.7487372105484187,0.030840452546330662,0.08396815574602051,0.6903179963041537,cvar,optimal,0.0006150199565563935,0.0015754503147622169,1.575450314762217e-06
2019-12-11,spx,0.525,0.4942173306291285,0.018804972300097613,0.08396815574602051,0.722977080423604,cvar,optimal,0.0006150199565563935,0.0015754503147622169,1.575450314762217e-06
2020-01-09,sse50,0.2875,0.3355091654508415,2.674451427949356e-10,0.04966808905538196,0.6998577967873607,cvar,optimal,0.0006019055464879785,0.006265164150908246,6.265164150908246e-06
2020-01-09,csi300,0.3625,0.3815755294199055,2.3897067229728884e-10,0.04966808905538196,0.5581792557740809,cvar,optimal,0.0006019055464879785,0.006265164150908246,6.265164150908246e-06
2020-01-09,csi500,0.2625,0.2518100574389378,1.457023088119642e-10,0.04966808905538196,0.7970544605074099,cvar,optimal,0.0006019055464879785,0.006265164150908246,6.265164150908246e-06
2020-01-09,csi1000,0.3375,0.3047894885146582,1.34870002019148e-10,0.04966808905538196,0.6451942610978993,cvar,optimal,0.0006019055464879785,0.006265164150908246,6.265164150908246e-06
2020-01-09,bond_gov,0.8,0.7641532968624077,0.4499999997816091,0.04966808905538196,0.6896645024525632,cvar,optimal,0.0006019055464879785,0.006265164150908246,6.265164150908246e-06
2020-01-09,bond_corp,0.8250000000000001,0.7839039016558148,0.4499999998208012,0.04966808905538196,0.6524205386989996,cvar,optimal,0.0006019055464879785,0.006265164150908246,6.265164150908246e-06
2020-01-09,csi_cb,0.6500000000000001,0.6728524048743115,0.04324070233051286,0.04966808905538196,0.37701062913709305,cvar,optimal,0.0006019055464879785,0.006265164150908246,6.265164150908246e-06
2020-01-09,crude_sc,0.7250000000000001,0.7501567605765302,0.0050881894732137285,0.04966808905538196,0.537862755299137,cvar,optimal,0.0006019055464879785,0.006265164150908246,6.265164150908246e-06
2020-01-09,gold_au,0.6250000000000001,0.6730091654508416,0.027102433152017432,0.04966808905538196,0.345106165011358,cvar,optimal,0.0006019055464879785,0.006265164150908246,6.265164150908246e-06
2020-01-09,spx,0.625,0.5822402297557514,0.02456867465485766,0.04966808905538196,0.5089663564728647,cvar,optimal,0.0006019055464879785,0.006265164150908246,6.265164150908246e-06
2020-02-14,sse50,0.2125,0.24495618001039982,4.425306119517364e-10,0.07428998930138318,0.7583604844177266,cvar,optimal,0.0006189263061253644,0.004703065117756861,4.703065117756861e-06
2020-02-14,csi300,0.7625000000000001,0.6535719608746662,4.193251314901219e-10,0.07428998930138318,0.40836365921849327,cvar,optimal,0.0006189263061253644,0.004703065117756861,4.703065117756861e-06
2020-02-14,csi500,0.7625000000000001,0.6197340523701328,2.651928309646747e-10,0.07428998930138318,0.3744143805366065,cvar,optimal,0.0006189263061253644,0.004703065117756861,4.703065117756861e-06
2020-02-14,csi1000,0.7625000000000001,0.633316236028533,2.524171801098631e-10,0.07428998930138318,0.38212542910838354,cvar,optimal,0.0006189263061253644,0.004703065117756861,4.703065117756861e-06
2020-02-14,bond_gov,0.6375000000000001,0.6757359295574671,0.44999999953097697,0.07428998930138318,0.5249886908209753,cvar,optimal,0.0006189263061253644,0.004703065117756861,4.703065117756861e-06
2020-02-14,bond_corp,0.6625000000000001,0.6969611302870672,0.44999999938312885,0.07428998930138318,0.4828028796826199,cvar,optimal,0.0006189263061253644,0.004703065117756861,4.703065117756861e-06
2020-02-14,csi_cb,0.5,0.5479257633040001,0.044407861620946655,0.07428998930138318,0.5828998402730092,cvar,optimal,0.0006189263061253644,0.004703065117756861,4.703065117756861e-06
2020-02-14,crude_sc,0.25,0.3894968195005338,0.00038512504376126723,0.07428998930138318,0.4524366194416196,cvar,optimal,0.0006189263061253644,0.004703065117756861,4.703065117756861e-06
2020-02-14,gold_au,0.6125,0.6273463615110665,0.029027982294581634,0.07428998930138318,0.5327197058546612,cvar,optimal,0.0006189263061253644,0.004703065117756861,4.703065117756861e-06
2020-02-14,spx,0.3375,0.4109555665561339,0.026179030747138825,0.07428998930138318,0.6545880671064407,cvar,optimal,0.0006189263061253644,0.004703065117756861,4.703065117756861e-06
2020-03-13,sse50,0.45,0.3776230032230149,1.492689739755873e-10,0.2914210560825794,0.6419889967219139,cvar,optimal,0.0008080039351902557,0.026179031336673694,2.6179031336673695e-05
2020-03-13,csi300,0.45,0.5231936542687557,1.336182190526433e-10,0.2914210560825794,0.5118621377038362,cvar,optimal,0.0008080039351902557,0.026179031336673694,2.6179031336673695e-05
2020-03-13,csi500,0.4875,0.5410852048794563,1.0454730272488245e-10,0.2914210560825794,0.527383648058239,cvar,optimal,0.0008080039351902557,0.026179031336673694,2.6179031336673695e-05
2020-03-13,csi1000,0.525,0.5717768359190998,1.230366105671432e-10,0.2914210560825794,0.6029105258799343,cvar,optimal,0.0008080039351902557,0.026179031336673694,2.6179031336673695e-05
2020-03-13,bond_gov,0.5875,0.6157779459238897,0.44999999983102656,0.2914210560825794,0.6690989178344497,cvar,optimal,0.0008080039351902557,0.026179031336673694,2.6179031336673695e-05
2020-03-13,bond_corp,0.6375000000000001,0.6575818674468112,0.44999999987471845,0.2914210560825794,0.5960545981424449,cvar,optimal,0.0008080039351902557,0.026179031336673694,2.6179031336673695e-05
2020-03-13,csi_cb,0.525,0.5277754190334438,0.06038959945017477,0.2914210560825794,0.6105838920450744,cvar,optimal,0.0008080039351902557,0.026179031336673694,2.6179031336673695e-05
2020-03-13,crude_sc,0.9,0.7216450350459449,0.0016980888321316884,0.2914210560825794,0.5760772138159354,cvar,optimal,0.0008080039351902557,0.026179031336673694,2.6179031336673695e-05
2020-03-13,gold_au,0.6125,0.6134142914592102,0.037912311222017624,0.2914210560825794,0.5780153426570271,cvar,optimal,0.0008080039351902557,0.026179031336673694,2.6179031336673695e-05
2020-03-13,spx,0.325,0.3501267428003738,2.794598031788056e-10,0.2914210560825794,0.475847347380665,cvar,optimal,0.0008080039351902557,0.026179031336673694,2.6179031336673695e-05
2020-04-13,sse50,0.3,0.3271281571438327,1.0252290032170832e-10,0.15520844169178186,0.8,cvar,optimal,0.0009635049960254368,0.012500783698698077,1.2500783698698077e-05
2020-04-13,csi300,0.3,0.375515935946133,7.270807880776413e-11,0.15520844169178186,0.7600178892727467,cvar,optimal,0.0009635049960254368,0.012500783698698077,1.2500783698698077e-05
2020-04-13,csi500,0.3,0.3842224891617281,5.426980817106702e-11,0.15520844169178186,0.7090646837838931,cvar,optimal,0.0009635049960254368,0.012500783698698077,1.2500783698698077e-05
2020-04-13,csi1000,0.3,0.39292904237732323,4.774249606286706e-11,0.15520844169178186,0.7091315034288294,cvar,optimal,0.0009635049960254368,0.012500783698698077,1.2500783698698077e-05
2020-04-13,bond_gov,0.7,0.6683817291256805,0.4499999999023674,0.15520844169178186,0.777275071208093,cvar,optimal,0.0009635049960254368,0.012500783698698077,1.2500783698698077e-05
2020-04-13,bond_corp,0.7749999999999999,0.7331784713332564,0.44999999990782025,0.15520844169178186,0.6535313977276471,cvar,optimal,0.0009635049960254368,0.012500783698698077,1.2500783698698077e-05
2020-04-13,csi_cb,0.3,0.3698348752216799,0.06428192874295283,0.15520844169178186,0.740834627955381,cvar,optimal,0.0009635049960254368,0.012500783698698077,1.2500783698698077e-05
2020-04-13,crude_sc,0.875,0.8258182565350554,0.002071437854942906,0.15520844169178186,0.7578968567606613,cvar,optimal,0.0009635049960254368,0.012500783698698077,1.2500783698698077e-05
2020-04-13,gold_au,0.6749999999999999,0.654990466746474,0.025411527756547415,0.15520844169178186,0.6889623336342271,cvar,optimal,0.0009635049960254368,0.012500783698698077,1.2500783698698077e-05
2020-04-13,spx,0.975,0.7680005764088365,0.008235105558126026,0.15520844169178186,0.7937828047825071,cvar,optimal,0.0009635049960254368,0.012500783698698077,1.2500783698698077e-05
2020-05-14,sse50,0.6749999999999999,0.5691748303496895,7.070562517817907e-10,0.49384236646224405,0.5249923278929614,cvar,optimal,0.0009426307983284104,0.0016758804396220716,1.6758804396220716e-06
2020-05-14,csi300,0.575,0.5005942717761299,4.662161635949796e-10,0.49384236646224405,0.6352156184437624,cvar,optimal,0.0009426307983284104,0.0016758804396220716,1.6758804396220716e-06
2020-05-14,csi500,0.175,0.22927147140660217,2.9696347381704213e-10,0.49384236646224405,0.7612687059571086,cvar,optimal,0.0009426307983284104,0.0016758804396220716,1.6758804396220716e-06
2020-05-14,csi1000,0.175,0.2322709053313125,2.578221887861271e-10,0.49384236646224405,0.7621130936121061,cvar,optimal,0.0009426307983284104,0.0016758804396220716,1.6758804396220716e-06
2020-05-14,bond_gov,0.5499999999999999,0.5881308603655298,0.4499999994071569,0.49384236646224405,0.5813430555590151,cvar,optimal,0.0009426307983284104,0.0016758804396220716,1.6758804396220716e-06
2020-05-14,bond_corp,0.7,0.7125666566792258,0.4499999994445168,0.49384236646224405,0.540871649253682,cvar,optimal,0.0009426307983284104,0.0016758804396220716,1.6758804396220716e-06
2020-05-14,csi_cb,0.475,0.43801258105199103,0.06522635194702919,0.49384236646224405,0.5076132184534878,cvar,optimal,0.0009426307983284104,0.0016758804396220716,1.6758804396220716e-06
2020-05-14,crude_sc,0.925,0.9112899019032534,0.002802893639673831,0.49384236646224405,0.6579657394544076,cvar,optimal,0.0009426307983284104,0.0016758804396220716,1.6758804396220716e-06
2020-05-14,gold_au,0.6,0.6185655245286464,0.024188688114004857,0.49384236646224405,0.6585253461086256,cvar,optimal,0.0009426307983284104,0.0016758804396220716,1.6758804396220716e-06
2020-05-14,spx,0.6499999999999999,0.7001229966076191,0.007782065719560461,0.49384236646224405,0.6705246845772449,cvar,optimal,0.0009426307983284104,0.0016758804396220716,1.6758804396220716e-06
2020-06-11,sse50,0.5499999999999999,0.5599540827243081,1.898907569388238e-10,0.4538999168426947,0.39678109907140385,cvar,optimal,0.0008915954908954838,0.003823815428666295,3.823815428666295e-06
2020-06-11,csi300,0.2625,0.3442245350854074,1.2040613099114296e-10,0.4538999168426947,0.7481163427175599,cvar,optimal,0.0008915954908954838,0.003823815428666295,3.823815428666295e-06
2020-06-11,csi500,0.2625,0.24373530037560676,8.791719604130507e-11,0.4538999168426947,0.7876068759163412,cvar,optimal,0.0008915954908954838,0.003823815428666295,3.823815428666295e-06
2020-06-11,csi1000,0.2625,0.24373530037560676,7.72220743916899e-11,0.4538999168426947,0.7865952283735687,cvar,optimal,0.0008915954908954838,0.003823815428666295,3.823815428666295e-06
2020-06-11,bond_gov,0.7249999999999999,0.6788910795022117,0.44999999985684586,0.4538999168426947,0.6567854314178402,cvar,optimal,0.0008915954908954838,0.003823815428666295,3.823815428666295e-06
2020-06-11,bond_corp,0.7749999999999999,0.7561582684919123,0.44999999986498657,0.4538999168426947,0.609843044375269,cvar,optimal,0.0008915954908954838,0.003823815428666295,3.823815428666295e-06
2020-06-11,csi_cb,0.6499999999999999,0.5760076354429559,0.06904391706443792,0.4538999168426947,0.5860705194070357,cvar,optimal,0.0008915954908954838,0.003823815428666295,3.823815428666295e-06
2020-06-11,crude_sc,0.975,0.9538593244122732,0.0028091430807726148,0.4538999168426947,0.7941853010146601,cvar,optimal,0.0008915954908954838,0.003823815428666295,3.823815428666295e-06
2020-06-11,gold_au,0.7,0.6727328110102994,0.02254092395640225,0.4538999168426947,0.6934498071931062,cvar,optimal,0.0008915954908954838,0.003823815428666295,3.823815428666295e-06
2020-06-11,spx,0.3375,0.47070166257941826,0.005606015701118635,0.4538999168426947,0.6015073346571125,cvar,optimal,0.0008915954908954838,0.003823815428666295,3.823815428666295e-06
2020-07-13,sse50,0.7249999999999999,0.6810248240385554,1.0091279146940674e-09,0.06168292027002712,0.6505885657846633,cvar,optimal,0.0009349932633114561,0.005786738013242233,5.786738013242233e-06
2020-07-13,csi300,0.7625,0.6330210187975543,7.916992236978976e-10,0.06168292027002712,0.5309952754684326,cvar,optimal,0.0009349932633114561,0.005786738013242233,5.786738013242233e-06
2020-07-13,csi500,0.2375,0.2377985987468297,6.053885024253806e-10,0.06168292027002712,0.6710284490395608,cvar,optimal,0.0009349932633114561,0.005786738013242233,5.786738013242233e-06
2020-07-13,csi1000,0.35,0.315124724408928,5.497907309711896e-10,0.06168292027002712,0.4282797211780847,cvar,optimal,0.0009349932633114561,0.005786738013242233,5.786738013242233e-06
2020-07-13,bond_gov,0.5999999999999999,0.6240464470522604,0.4499999991770421,0.06168292027002712,0.47340838513240807,cvar,optimal,0.0009349932633114561,0.005786738013242233,5.786738013242233e-06
2020-07-13,bond_corp,0.6749999999999999,0.69982182227296,0.4499999992066444,0.06168292027002712,0.641742708709333,cvar,optimal,0.0009349932633114561,0.005786738013242233,5.786738013242233e-06
2020-07-13,csi_cb,0.7,0.6693315314155245,0.07333520638923055,0.06168292027002712,0.702179980414788,cvar,optimal,0.0009349932633114561,0.005786738013242233,5.786738013242233e-06
2020-07-13,crude_sc,0.2749999999999999,0.4895637666768272,2.3614085359998056e-09,0.06168292027002712,0.6765155132358306,cvar,optimal,0.0009349932633114561,0.005786738013242233,5.786738013242233e-06
2020-07-13,gold_au,0.6249999999999999,0.6398574578183679,0.01956332800067003,0.06168292027002712,0.525509096448015,cvar,optimal,0.0009349932633114561,0.005786738013242233,5.786738013242233e-06
2020-07-13,spx,0.5499999999999999,0.510409808772192,0.007101461908998038,0.06168292027002712,0.4972268326944113,cvar,optimal,0.0009349932633114561,0.005786738013242233,5.786738013242233e-06
2020-08-10,sse50,0.7,0.6938316432586242,4.614461285489197e-09,0.14677778455525256,0.52163907472766,cvar,optimal,0.0010995922479068014,0.011147533958822613,1.1147533958822612e-05
2020-08-10,csi300,0.6749999999999999,0.6627612584275977,3.4474466834900535e-09,0.14677778455525256,0.5325551017331677,cvar,optimal,0.0010995922479068014,0.011147533958822613,1.1147533958822612e-05
2020-08-10,csi500,0.15,0.18139695786552368,2.282931124465834e-09,0.14677778455525256,0.8,cvar,optimal,0.0010995922479068014,0.011147533958822613,1.1147533958822612e-05
2020-08-10,csi1000,0.15,0.20974239466380923,1.7303024867936e-09,0.14677778455525256,0.8,cvar,optimal,0.0010995922479068014,0.011147533958822613,1.1147533958822612e-05
2020-08-10,bond_gov,0.5249999999999999,0.560520081460924,0.44999999756826914,0.14677778455525256,0.5563443123393175,cvar,optimal,0.0010995922479068014,0.011147533958822613,1.1147533958822612e-05
2020-08-10,bond_corp,0.6499999999999999,0.6666884382022997,0.4499999974953812,0.14677778455525256,0.6127637385483699,cvar,optimal,0.0010995922479068014,0.011147533958822613,1.1147533958822612e-05
2020-08-10,csi_cb,0.625,0.6459748483149488,0.062187675750444066,0.14677778455525256,0.6310207205276329,cvar,optimal,0.0010995922479068014,0.011147533958822613,1.1147533958822612e-05
2020-08-10,crude_sc,0.9,0.748759022468911,4.000488185173174e-08,0.14677778455525256,0.5387040643483548,cvar,optimal,0.0010995922479068014,0.011147533958822613,1.1147533958822612e-05
2020-08-10,gold_au,0.575,0.5979874241574744,0.029146404214030683,0.14677778455525256,0.6139840167378032,cvar,optimal,0.0010995922479068014,0.011147533958822613,1.1147533958822612e-05
2020-08-10,spx,0.5499999999999999,0.532337931179887,0.00866587289185147,0.14677778455525256,0.6453063816991074,cvar,optimal,0.0010995922479068014,0.011147533958822613,1.1147533958822612e-05
2020-09-07,sse50,0.7,0.7023577297916017,6.714852947026892e-10,0.30607254909249193,0.535883194342084,cvar,optimal,0.0012295890077562955,0.01344269513223034,1.3442695132230341e-05
2020-09-07,csi300,0.6749999999999999,0.683252054270606,4.849638430955534e-10,0.30607254909249193,0.5362545796734804,cvar,optimal,0.0012295890077562955,0.01344269513223034,1.3442695132230341e-05
2020-09-07,csi500,0.1875,0.18288233024875322,2.587414787513892e-10,0.30607254909249193,0.76187575959193,cvar,optimal,0.0012295890077562955,0.01344269513223034,1.3442695132230341e-05
2020-09-07,csi1000,0.1875,0.193492114310961,1.9167533807939103e-10,0.30607254909249193,0.7617527384880889,cvar,optimal,0.0012295890077562955,0.01344269513223034,1.3442695132230341e-05
2020-09-07,bond_gov,0.475,0.49923282140394215,0.4499999995972286,0.30607254909249193,0.49636123280194744,cvar,optimal,0.0012295890077562955,0.01344269513223034,1.3442695132230341e-05
2020-09-07,bond_corp,0.625,0.6359375458061702,0.44999999956379866,0.30607254909249193,0.6694476833724977,cvar,optimal,0.0012295890077562955,0.01344269513223034,1.3442695132230341e-05
2020-09-07,csi_cb,0.6499999999999999,0.6484933733602366,0.07181487130710801,0.30607254909249193,0.5894476565322476,cvar,optimal,0.0012295890077562955,0.01344269513223034,1.3442695132230341e-05
2020-09-07,crude_sc,0.875,0.8246365712245254,0.0038155354830713296,0.30607254909249193,0.5431238996524068,cvar,optimal,0.0012295890077562955,0.01344269513223034,1.3442695132230341e-05
2020-09-07,gold_au,0.5249999999999999,0.5468750916123404,0.018367660489276134,0.30607254909249193,0.5253780520417021,cvar,optimal,0.0012295890077562955,0.01344269513223034,1.3442695132230341e-05
2020-09-07,spx,0.6,0.5828403679708629,0.006001931952651266,0.30607254909249193,0.6964401794753216,cvar,optimal,0.0012295890077562955,0.01344269513223034,1.3442695132230341e-05
2020-10-13,sse50,0.675,0.6820916059947445,3.051575168756742e-10,0.13757615675284576,0.4596530453253482,cvar,optimal,0.0012256400972307632,0.00892711216838608,8.92711216838608e-06
2020-10-13,csi300,0.3875,0.46905346893956135,2.1650834645216414e-10,0.13757615675284576,0.4452414971559721,cvar,optimal,0.0012256400972307632,0.00892711216838608,8.92711216838608e-06
2020-10-13,csi500,0.3625,0.30993560257010044,1.338811123813776e-10,0.13757615675284576,0.5703476963887143,cvar,optimal,0.0012256400972307632,0.00892711216838608,8.92711216838608e-06
2020-10-13,csi1000,0.2375,0.2203936325438228,9.179799340156413e-11,0.13757615675284576,0.8,cvar,optimal,0.0012256400972307632,0.00892711216838608,8.92711216838608e-06
2020-10-13,bond_gov,0.6250000000000001,0.5863479046537843,0.4499999998353361,0.13757615675284576,0.39694614170055215,cvar,optimal,0.0012256400972307632,0.00892711216838608,8.92711216838608e-06
2020-10-13,bond_corp,0.8250000000000001,0.7702159223531698,0.4499999998365402,0.13757615675284576,0.7420469864606367,cvar,optimal,0.0012256400972307632,0.00892711216838608,8.92711216838608e-06
2020-10-13,csi_cb,0.7500000000000001,0.7196848057098967,0.08074198296464505,0.13757615675284576,0.6197773896875746,cvar,optimal,0.0012256400972307632,0.00892711216838608,8.92711216838608e-06
2020-10-13,crude_sc,0.625,0.6978648302585702,2.0247882770320844e-09,0.13757615675284576,0.48621318398962204,cvar,optimal,0.0012256400972307632,0.00892711216838608,8.92711216838608e-06
2020-10-13,gold_au,0.7250000000000001,0.6721646926642953,0.01602639842510344,0.13757615675284576,0.5195982546362016,cvar,optimal,0.0012256400972307632,0.00892711216838608,8.92711216838608e-06
2020-10-13,spx,0.2875,0.37224753431205476,0.0032316161662419647,0.13757615675284576,0.7387631276174355,cvar,optimal,0.0012256400972307632,0.00892711216838608,8.92711216838608e-06
2020-11-10,sse50,0.6125,0.6348187791111168,3.4570447558894087e-09,0.10351288736713866,0.4343150262046667,cvar,optimal,0.0012389475875424136,0.002373693111951521,2.373693111951521e-06
2020-11-10,csi300,0.275,0.33291105670868804,2.4101681259797024e-09,0.10351288736713866,0.4532052290597808,cvar,optimal,0.0012389475875424136,0.002373693111951521,2.373693111951521e-06
2020-11-10,csi500,0.3625,0.3496999195710573,1.5047682552632702e-09,0.10351288736713866,0.5523417372329552,cvar,optimal,0.0012389475875424136,0.002373693111951521,2.373693111951521e-06
2020-11-10,csi1000,0.2625,0.2506467556860807,1.1206711447100813e-09,0.10351288736713866,0.8,cvar,optimal,0.0012389475875424136,0.002373693111951521,2.373693111951521e-06
2020-11-10,bond_gov,0.5875,0.5888226202050956,0.44999999752376935,0.10351288736713866,0.4075549770719823,cvar,optimal,0.0012389475875424136,0.002373693111951521,2.373693111951521e-06
2020-11-10,bond_corp,0.6875,0.717949768276569,0.449999997133993,0.10351288736713866,0.669224755444909,cvar,optimal,0.0012389475875424136,0.002373693111951521,2.373693111951521e-06
2020-11-10,csi_cb,0.6625,0.6838719429960934,0.07836829486680753,0.10351288736713866,0.5647777575582702,cvar,optimal,0.0012389475875424136,0.002373693111951521,2.373693111951521e-06
2020-11-10,crude_sc,0.55,0.5928740646154396,3.4853671524145554e-09,0.10351288736713866,0.41044418804426464,cvar,optimal,0.0012389475875424136,0.002373693111951521,2.373693111951521e-06
2020-11-10,gold_au,0.7875,0.7523811404599404,0.018159986334804007,0.10351288736713866,0.6605246723943623,cvar,optimal,0.0012389475875424136,0.002373693111951521,2.373693111951521e-06
2020-11-10,spx,0.7125,0.5960239523699195,0.0034717121626067792,0.10351288736713866,0.61555383175584,cvar,optimal,0.0012389475875424136,0.002373693111951521,2.373693111951521e-06
2020-12-08,sse50,0.275,0.3967218406756795,1.5611338944715098e-09,0.11621492250669212,0.5288421125534002,cvar,optimal,0.0012389474160374185,8.076587365617762e-08,8.076587365617761e-11
2020-12-08,csi300,0.875,0.6796941997125631,1.5815646277059047e-09,0.11621492250669212,0.5741612905216225,cvar,optimal,0.0012389474160374185,8.076587365617762e-08,8.076587365617761e-11
2020-12-08,csi500,0.6375000000000001,0.5431220238397462,9.746178873812e-10,0.11621492250669212,0.46138872810530857,cvar,optimal,0.0012389474160374185,8.076587365617762e-08,8.076587365617761e-11
2020-12-08,csi1000,0.5875,0.4736046620190074,7.286397370834249e-10,0.11621492250669212,0.6746154004934382,cvar,optimal,0.0012389474160374185,8.076587365617762e-08,8.076587365617761e-11
2020-12-08,bond_gov,0.4375,0.4925154907748137,0.44999999835969107,0.11621492250669212,0.5664754152439838,cvar,optimal,0.0012389474160374185,8.076587365617762e-08,8.076587365617761e-11
2020-12-08,bond_corp,0.4875,0.5691060419703577,0.44999999753157216,0.11621492250669212,0.6316952950220854,cvar,optimal,0.0012389474160374185,8.076587365617762e-08,8.076587365617761e-11
2020-12-08,csi_cb,0.4625,0.5393905823871543,0.07836837439918028,0.11621492250669212,0.5105644691889206,cvar,optimal,0.0012389474160374185,8.076587365617762e-08,8.076587365617761e-11
2020-12-08,crude_sc,0.5625,0.5652832813675209,1.4454435702827714e-09,0.11621492250669212,0.6726600978909585,cvar,optimal,0.0012389474160374185,8.076587365617762e-08,8.076587365617761e-11
2020-12-08,gold_au,0.6625000000000001,0.6995047555938384,0.01815993756676119,0.11621492250669212,0.6179437716960334,cvar,optimal,0.0012389474160374185,8.076587365617762e-08,8.076587365617761e-11
2020-12-08,spx,0.5125000000000001,0.541057121659319,0.0034716858513956003,0.11621492250669212,0.6245394986864854,cvar,optimal,0.0012389474160374185,8.076587365617762e-08,8.076587365617761e-11
2021-01-06,sse50,0.7125,0.5968610319501942,2.889940459738912e-09,0.12661271505960367,0.5975210793511131,cvar,optimal,0.0012389478623246362,1.8541488427142512e-07,1.854148842714251e-10
2021-01-06,csi300,0.35,0.4707927871824604,2.0709496486663488e-09,0.12661271505960367,0.43946509360251174,cvar,optimal,0.0012389478623246362,1.8541488427142512e-07,1.854148842714251e-10
2021-01-06,csi500,0.2,0.3213998573053527,1.2123111866074575e-09,0.12661271505960367,0.8,cvar,optimal,0.0012389478623246362,1.8541488427142512e-07,1.854148842714251e-10
2021-01-06,csi1000,0.25,0.3332487984655416,9.242286423219798e-10,0.12661271505960367,0.7497519276058073,cvar,optimal,0.0012389478623246362,1.8541488427142512e-07,1.854148842714251e-10
2021-01-06,bond_gov,0.5875,0.5510126130602524,0.44999999816823605,0.12661271505960367,0.4231474300284883,cvar,optimal,0.0012389478623246362,1.8541488427142512e-07,1.854148842714251e-10
2021-01-06,bond_corp,0.8125,0.7219222164527862,0.44999999791862305,0.12661271505960367,0.7202048784680393,cvar,optimal,0.0012389478623246362,1.8541488427142512e-07,1.854148842714251e-10
2021-01-06,csi_cb,0.6875,0.6304645638881597,0.0783681891757509,0.12661271505960367,0.6008118203231507,cvar,optimal,0.0012389478623246362,1.8541488427142512e-07,1.854148842714251e-10
2021-01-06,crude_sc,0.475,0.5031973761548424,2.1104200383423962e-09,0.12661271505960367,0.5681932757432576,cvar,optimal,0.0012389478623246362,1.8541488427142512e-07,1.854148842714251e-10
2021-01-06,gold_au,0.7875,0.757093844216877,0.018160085101415153,0.12661271505960367,0.7052310385126664,cvar,optimal,0.0012389478623246362,1.8541488427142512e-07,1.854148842714251e-10
2021-01-06,spx,0.6375,0.6140069113235332,0.00347172042812464,0.12661271505960367,0.5166154803723128,cvar,optimal,0.0012389478623246362,1.8541488427142512e-07,1.854148842714251e-10
2021-02-03,sse50,0.5625,0.5736781334003448,4.995957846503666e-10,0.06122656894667247,0.49928856245927056,cvar,optimal,0.0012670369479591882,0.0031198882005586386,3.1198882005586385e-06
2021-02-03,csi300,0.25,0.33208747380770426,3.43354214362254e-10,0.06122656894667247,0.6920299612988268,cvar,optimal,0.0012670369479591882,0.0031198882005586386,3.1198882005586385e-06
2021-02-03,csi500,0.275,0.2894025542482583,2.833242407137939e-10,0.06122656894667247,0.6759063253104654,cvar,optimal,0.0012670369479591882,0.0031198882005586386,3.1198882005586385e-06
2021-02-03,csi1000,0.375,0.3632097357632404,2.3131336569037205e-10,0.06122656894667247,0.4846088283202108,cvar,optimal,0.0012670369479591882,0.0031198882005586386,3.1198882005586385e-06
2021-02-03,bond_gov,0.5125000000000001,0.5243721475696792,0.4499999996467794,0.06122656894667247,0.47427041958902577,cvar,optimal,0.0012670369479591882,0.0031198882005586386,3.1198882005586385e-06
2021-02-03,bond_corp,0.6625000000000001,0.6839595384595378,0.449999999633921,0.06122656894667247,0.7702469476925246,cvar,optimal,0.0012670369479591882,0.0031198882005586386,3.1198882005586385e-06
2021-02-03,csi_cb,0.5375000000000001,0.5680985651788203,0.07524830822978151,0.06122656894667247,0.4513579553216388,cvar,optimal,0.0012670369479591882,0.0031198882005586386,3.1198882005586385e-06
2021-02-03,crude_sc,0.9,0.7630394183706217,5.956732443452953e-10,0.06122656894667247,0.5969509161048756,cvar,optimal,0.0012670369479591882,0.0031198882005586386,3.1198882005586385e-06
2021-02-03,gold_au,0.7375,0.7431300083666321,0.020315488308368813,0.06122656894667247,0.580063994815795,cvar,optimal,0.0012670369479591882,0.0031198882005586386,3.1198882005586385e-06
2021-02-03,spx,0.6875,0.6590224248351614,0.004436202227888438,0.06122656894667247,0.6850417719858081,cvar,optimal,0.0012670369479591882,0.0031198882005586386,3.1198882005586385e-06
2021-03-10,sse50,0.6125,0.6099471169113707,7.49484072037638e-11,0.1188295491798436,0.39875569041600567,cvar,optimal,0.0012923808435080025,0.006832057377096721,6.832057377096721e-06
2021-03-10,csi300,0.3,0.29345209362313057,4.400820724085451e-11,0.1188295491798436,0.8,cvar,optimal,0.0012923808435080025,0.006832057377096721,6.832057377096721e-06
2021-03-10,csi500,0.35,0.32220053563761547,3.373293473205896e-11,0.1188295491798436,0.6990254725474068,cvar,optimal,0.0012923808435080025,0.006832057377096721,6.832057377096721e-06
2021-03-10,csi1000,0.475,0.4359365358727006,2.5420502739188677e-11,0.1188295491798436,0.44243421401977423,cvar,optimal,0.0012923808435080025,0.006832057377096721,6.832057377096721e-06
2021-03-10,bond_gov,0.5875,0.5716856055023358,0.44999999995916834,0.1188295491798436,0.3869950786383161,cvar,optimal,0.0012923808435080025,0.006832057377096721,6.832057377096721e-06
2021-03-10,bond_corp,0.7375,0.727678140434696,0.4499999999595797,0.1188295491798436,0.7699968759828666,cvar,optimal,0.0012923808435080025,0.006832057377096721,6.832057377096721e-06
2021-03-10,csi_cb,0.6625,0.6381401874813464,0.06841625256603842,0.1188295491798436,0.5113465258361961,cvar,optimal,0.0012923808435080025,0.006832057377096721,6.832057377096721e-06
2021-03-10,crude_sc,0.225,0.3873046669201784,6.179710548708254e-11,0.1188295491798436,0.554578242072215,cvar,optimal,0.0012923808435080025,0.006832057377096721,6.832057377096721e-06
2021-03-10,gold_au,0.7875,0.7769570703348905,0.02440894240745434,0.1188295491798436,0.6619130082988904,cvar,optimal,0.0012923808435080025,0.006832057377096721,6.832057377096721e-06
2021-03-10,spx,0.7625,0.7366980472817355,0.007174804867851954,0.1188295491798436,0.7660315059216578,cvar,optimal,0.0012923808435080025,0.006832057377096721,6.832057377096721e-06
2021-04-08,sse50,0.5249999999999999,0.5494823671590201,3.735789008044776e-09,0.22825701787061223,0.5001010838287885,cvar,optimal,0.0010455593857174722,0.013091106127942502,1.3091106127942503e-05
2021-04-08,csi300,0.575,0.4827717001913998,3.3175025684899225e-09,0.22825701787061223,0.6351429611775941,cvar,optimal,0.0010455593857174722,0.013091106127942502,1.3091106127942503e-05
2021-04-08,csi500,0.6499999999999999,0.547878102104637,3.6582143978431775e-09,0.22825701787061223,0.5212577099240248,cvar,optimal,0.0010455593857174722,0.013091106127942502,1.3091106127942503e-05
2021-04-08,csi1000,0.6749999999999999,0.6032295615929157,2.759174406046714e-09,0.22825701787061223,0.5282022434590306,cvar,optimal,0.0010455593857174722,0.013091106127942502,1.3091106127942503e-05
2021-04-08,bond_gov,0.475,0.505686792102274,0.44999999143613206,0.22825701787061223,0.4675777832614243,cvar,optimal,0.0010455593857174722,0.013091106127942502,1.3091106127942503e-05
2021-04-08,bond_corp,0.5499999999999999,0.6048338266472988,0.4499999969203834,0.22825701787061223,0.6307023518671641,cvar,optimal,0.0010455593857174722,0.013091106127942502,1.3091106127942503e-05
2021-04-08,csi_cb,0.6,0.6108995959287484,0.05658846432693044,0.22825701787061223,0.654666318552621,cvar,optimal,0.0010455593857174722,0.013091106127942502,1.3091106127942503e-05
2021-04-08,crude_sc,0.125,0.20699988349740348,2.151287504138346e-09,0.22825701787061223,0.785980120720225,cvar,optimal,0.0010455593857174722,0.013091106127942502,1.3091106127942503e-05
2021-04-08,gold_au,0.7,0.7244823671590201,0.02314563608085242,0.22825701787061223,0.5006987054231258,cvar,optimal,0.0010455593857174722,0.013091106127942502,1.3091106127942503e-05
2021-04-08,spx,0.625,0.6637358036172822,0.020265895613733768,0.22825701787061223,0.6812302026218782,cvar,optimal,0.0010455593857174722,0.013091106127942502,1.3091106127942503e-05
2021-05-11,sse50,0.5499999999999999,0.5495285319044798,1.6562607065598286e-10,0.11892696239235141,0.5383633651111605,cvar,optimal,0.0010455591569951761,3.9737974068997074e-08,3.973797406899708e-11
2021-05-11,csi300,0.6,0.5700719985588532,1.430354957917534e-10,0.11892696239235141,0.6313696915086432,cvar,optimal,0.0010455591569951761,3.9737974068997074e-08,3.973797406899708e-11
2021-05-11,csi500,0.6499999999999999,0.6256221793001709,1.3873057353972763e-10,0.11892696239235141,0.5465867775986263,cvar,optimal,0.0010455591569951761,3.9737974068997074e-08,3.973797406899708e-11
2021-05-11,csi1000,0.575,0.5890747827319949,1.0213321362698101e-10,0.11892696239235141,0.6287145907969739,cvar,optimal,0.0010455591569951761,3.9737974068997074e-08,3.973797406899708e-11
2021-05-11,bond_gov,0.475,0.48414168276243585,0.44999999984780475,0.11892696239235141,0.46464164558613447,cvar,optimal,0.0010455591569951761,3.9737974068997074e-08,3.973797406899708e-11
2021-05-11,bond_corp,0.5249999999999999,0.5478178037370299,0.44999999988338085,0.11892696239235141,0.5864976442740852,cvar,optimal,0.0010455591569951761,3.9737974068997074e-08,3.973797406899708e-11
2021-05-11,csi_cb,0.625,0.6224970468461607,0.05658846637378762,0.11892696239235141,0.5975385944709536,cvar,optimal,0.0010455591569951761,3.9737974068997074e-08,3.973797406899708e-11
2021-05-11,crude_sc,0.125,0.13312594023327634,1.3346876518006242e-10,0.11892696239235141,0.8,cvar,optimal,0.0010455591569951761,3.9737974068997074e-08,3.973797406899708e-11
2021-05-11,gold_au,0.7,0.7071101977041168,0.023145662397299243,0.11892696239235141,0.49139187837795917,cvar,optimal,0.0010455591569951761,3.9737974068997074e-08,3.973797406899708e-11
2021-05-11,spx,0.6749999999999999,0.6710098362214811,0.020265870814733553,0.11892696239235141,0.5754775568172875,cvar,optimal,0.0010455591569951761,3.9737974068997074e-08,3.973797406899708e-11
2021-06-08,sse50,0.5249999999999999,0.531316870424463,2.1061755091686934e-10,0.06121406559136435,0.5152189787715008,cvar,optimal,0.0010455591574591741,2.794926048171124e-09,2.794926048171124e-12
2021-06-08,csi300,0.6749999999999999,0.647998154395713,1.6628753384875614e-10,0.06121406559136435,0.5208948115116182,cvar,optimal,0.0010455591574591741,2.794926048171124e-09,2.794926048171124e-12
2021-06-08,csi500,0.6,0.616659358014375,1.8509622650612402e-10,0.06121406559136435,0.6439465505671907,cvar,optimal,0.0010455591574591741,2.794926048171124e-09,2.794926048171124e-12
2021-06-08,csi1000,0.575,0.583051234330898,1.315237332948536e-10,0.06121406559136435,0.645733375010252,cvar,optimal,0.0010455591574591741,2.794926048171124e-09,2.794926048171124e-12
2021-06-08,bond_gov,0.475,0.47500000000000003,0.44999999985594835,0.06121406559136435,0.4304894768309049,cvar,optimal,0.0010455591574591741,2.794926048171124e-09,2.794926048171124e-12
2021-06-08,bond_corp,0.7,0.643705055532412,0.4499999997969425,0.06121406559136435,0.49655385709385025,cvar,optimal,0.0010455591574591741,2.794926048171124e-09,2.794926048171124e-12
2021-06-08,csi_cb,0.5499999999999999,0.572976228438838,0.05658846416068979,0.06121406559136435,0.5285733116433444,cvar,optimal,0.0010455591574591741,2.794926048171124e-09,2.794926048171124e-12
2021-06-08,crude_sc,0.125,0.125,9.034576600752714e-11,0.06121406559136435,0.8,cvar,optimal,0.0010455591574591741,2.794926048171124e-09,2.794926048171124e-12
2021-06-08,gold_au,0.6499999999999999,0.6666593580143749,0.023145661945032266,0.06121406559136435,0.5410811092184047,cvar,optimal,0.0010455591574591741,2.794926048171124e-09,2.794926048171124e-12
2021-06-08,spx,0.625,0.637633740848926,0.0202658734575162,0.06121406559136435,0.6354287873711559,cvar,optimal,0.0010455591574591741,2.794926048171124e-09,2.794926048171124e-12
2021-07-07,sse50,0.5249999999999999,0.5273043557022187,3.3172302984538946e-09,0.0119146152474654,0.5295083733624963,cvar,optimal,0.0010117048397981156,0.003697756746022995,3.6977567460229952e-06
2021-07-07,csi300,0.575,0.6016292803287171,3.299688969273442e-09,0.0119146152474654,0.5854140048309191,cvar,optimal,0.0010117048397981156,0.003697756746022995,3.6977567460229952e-06
2021-07-07,csi500,0.6749999999999999,0.6544519508279073,2.6530834882552128e-09,0.0119146152474654,0.5380727233696831,cvar,optimal,0.0010117048397981156,0.003697756746022995,3.6977567460229952e-06
2021-07-07,csi1000,0.7,0.658072065705783,1.957408394037861e-09,0.0119146152474654,0.5577302461531439,cvar,optimal,0.0010117048397981156,0.003697756746022995,3.6977567460229952e-06
2021-07-07,bond_gov,0.475,0.475,0.44999999849985717,0.0119146152474654,0.4491136015830299,cvar,optimal,0.0010117048397981156,0.003697756746022995,3.6977567460229952e-06
2021-07-07,bond_corp,0.6499999999999999,0.6506406838021552,0.44999999849436595,0.0119146152474654,0.5807726328674617,cvar,optimal,0.0010117048397981156,0.003697756746022995,3.6977567460229952e-06
2021-07-07,csi_cb,0.625,0.6067563065301261,0.05843807055767918,0.0119146152474654,0.5458365595885691,cvar,optimal,0.0010117048397981156,0.003697756746022995,3.6977567460229952e-06
2021-07-07,crude_sc,0.125,0.125,3.1494389027428423e-09,0.0119146152474654,0.7898494009644125,cvar,optimal,0.0010117048397981156,0.003697756746022995,3.6977567460229952e-06
2021-07-07,gold_au,0.5499999999999999,0.588151058839811,0.01944790785767704,0.0119146152474654,0.523150451980917,cvar,optimal,0.0010117048397981156,0.003697756746022995,3.6977567460229952e-06
2021-07-07,spx,0.6,0.612994298263281,0.022114010213570602,0.0119146152474654,0.6504986258742629,cvar,optimal,0.0010117048397981156,0.003697756746022995,3.6977567460229952e-06
2021-08-04,sse50,0.575,0.5579462082342647,1.6417625507373497e-09,0.12489845907772859,0.6207394691343923,cvar,optimal,0.0009388796517264254,0.0020311246830920578,2.031124683092058e-06
2021-08-04,csi300,0.6749999999999999,0.6500314431878118,9.164585663719189e-10,0.12489845907772859,0.5316595681967794,cvar,optimal,0.0009388796517264254,0.0020311246830920578,2.031124683092058e-06
2021-08-04,csi500,0.6499999999999999,0.6516726258434057,5.356111166463636e-10,0.12489845907772859,0.610843248064615,cvar,optimal,0.0009388796517264254,0.0020311246830920578,2.031124683092058e-06
2021-08-04,csi1000,0.5249999999999999,0.5732644877809705,4.0495575164355655e-10,0.12489845907772859,0.6023194051369148,cvar,optimal,0.0009388796517264254,0.0020311246830920578,2.031124683092058e-06
2021-08-04,bond_gov,0.475,0.475,0.44999999933315316,0.12489845907772859,0.43903448494825903,cvar,optimal,0.0009388796517264254,0.0020311246830920578,2.031124683092058e-06
2021-08-04,bond_corp,0.7,0.6875157215939058,0.44999999916635847,0.12489845907772859,0.5186373132138701,cvar,optimal,0.0009388796517264254,0.0020311246830920578,2.031124683092058e-06
2021-08-04,csi_cb,0.4999999999999999,0.5357802093748764,0.06046919373548267,0.12489845907772859,0.43343975041877714,cvar,optimal,0.0009388796517264254,0.0020311246830920578,2.031124683092058e-06
2021-08-04,crude_sc,0.175,0.15794620823426464,1.7589644854485924e-09,0.12489845907772859,0.7059553240578087,cvar,optimal,0.0009388796517264254,0.0020311246830920578,2.031124683092058e-06
2021-08-04,gold_au,0.6,0.5920852349535473,0.018175338269567257,0.12489845907772859,0.6154361364073974,cvar,optimal,0.0009388796517264254,0.0020311246830920578,2.031124683092058e-06
2021-08-04,spx,0.625,0.618757860796953,0.021355464237685848,0.12489845907772859,0.6269535258932756,cvar,optimal,0.0009388796517264254,0.0020311246830920578,2.031124683092058e-06
2021-09-01,sse50,0.6,0.586704724402228,1.0135906423067596e-08,0.021499660926268743,0.6656742533624989,cvar,optimal,0.0008841643726482304,0.0027430723619127476,2.7430723619127475e-06
2021-09-01,csi300,0.6499999999999999,0.6491488968481616,3.0901716670576173e-09,0.021499660926268743,0.5841607988747862,cvar,optimal,0.0008841643726482304,0.0027430723619127476,2.7430723619127475e-06
2021-09-01,csi500,0.4999999999999999,0.5538366258790128,2.0910073476448648e-09,0.021499660926268743,0.5027524967989443,cvar,optimal,0.0008841643726482304,0.0027430723619127476,2.7430723619127475e-06
2021-09-01,csi1000,0.5499999999999999,0.5579242925266434,1.2953678405201516e-09,0.021499660926268743,0.651739226236903,cvar,optimal,0.0008841643726482304,0.0027430723619127476,2.7430723619127475e-06
2021-09-01,bond_gov,0.475,0.475,0.4499999986437526,0.021499660926268743,0.4351753019998458,cvar,optimal,0.0008841643726482304,0.0027430723619127476,2.7430723619127475e-06
2021-09-01,bond_corp,0.575,0.6131836204896391,0.4499999983579887,0.021499660926268743,0.6169555865117852,cvar,optimal,0.0008841643726482304,0.0027430723619127476,2.7430723619127475e-06
2021-09-01,csi_cb,0.5249999999999999,0.52820883294344,0.06069341931907963,0.021499660926268743,0.47886158365267756,cvar,optimal,0.0008841643726482304,0.0027430723619127476,2.7430723619127475e-06
2021-09-01,crude_sc,0.325,0.2688056443293854,9.018684865800578e-10,0.021499660926268743,0.4355406767861291,cvar,optimal,0.0008841643726482304,0.0027430723619127476,2.7430723619127475e-06
2021-09-01,gold_au,0.6749999999999999,0.6445450923730909,0.02069417193421778,0.021499660926268743,0.5428935533107891,cvar,optimal,0.0008841643726482304,0.0027430723619127476,2.7430723619127475e-06
2021-09-01,spx,0.625,0.6226422702083984,0.01861239423063942,0.021499660926268743,0.6662141700902171,cvar,optimal,0.0008841643726482304,0.0027430723619127476,2.7430723619127475e-06
2021-10-08,sse50,0.6,0.5980992456445,0.00334018522983736,0.03751942364094759,0.6590466169458213,cvar,optimal,0.0008711409268107001,0.00815989038591046,8.15989038591046e-06
2021-10-08,csi300,0.6499999999999999,0.6519007543554999,1.1112591023999393e-08,0.03751942364094759,0.5699836760705563,cvar,optimal,0.0008711409268107001,0.00815989038591046,8.15989038591046e-06
2021-10-08,csi500,0.575,0.5656539006153904,5.1190570927339704e-09,0.03751942364094759,0.6369420673408622,cvar,optimal,0.0008711409268107001,0.00815989038591046,8.15989038591046e-06
2021-10-08,csi1000,0.5249999999999999,0.5300161208170363,3.771187601605714e-09,0.03751942364094759,0.6256206734445313,cvar,optimal,0.0008711409268107001,0.00815989038591046,8.15989038591046e-06
2021-10-08,bond_gov,0.475,0.475,0.44999999397932056,0.03751942364094759,0.4181543609822911,cvar,optimal,0.0008711409268107001,0.00815989038591046,8.15989038591046e-06
2021-10-08,bond_corp,0.625,0.6206700214324269,0.449999992863191,0.03751942364094759,0.6171839734934268,cvar,optimal,0.0008711409268107001,0.00815989038591046,8.15989038591046e-06
2021-10-08,csi_cb,0.4999999999999999,0.5050161208170363,0.05253353909239897,0.03751942364094759,0.428097360042513,cvar,optimal,0.0008711409268107001,0.00815989038591046,8.15989038591046e-06
2021-10-08,crude_sc,0.175,0.2050967249022186,6.179434332654004e-09,0.03751942364094759,0.7263387413345699,cvar,optimal,0.0008711409268107001,0.00815989038591046,8.15989038591046e-06
2021-10-08,gold_au,0.6749999999999999,0.6692977369335,0.022539727717859604,0.03751942364094759,0.5302047178689755,cvar,optimal,0.0008711409268107001,0.00815989038591046,8.15989038591046e-06
2021-10-08,spx,0.7,0.6792493744823908,0.021586534935122418,0.03751942364094759,0.56235870378461,cvar,optimal,0.0008711409268107001,0.00815989038591046,8.15989038591046e-06
2021-11-05,sse50,0.4625,0.5073475853641655,0.0030560134998821927,0.16050564193460337,0.5391687847864111,cvar,optimal,0.0008505962394435772,0.0029727352396095056,2.972735239609506e-06
2021-11-05,csi300,0.6375000000000001,0.6415770532149241,2.8837416550006603e-09,0.16050564193460337,0.6305604641406688,cvar,optimal,0.0008505962394435772,0.0029727352396095056,2.972735239609506e-06
2021-11-05,csi500,0.5125000000000001,0.5275731467565383,1.431161813446266e-09,0.16050564193460337,0.6126492055036966,cvar,optimal,0.0008505962394435772,0.0029727352396095056,2.972735239609506e-06
2021-11-05,csi1000,0.4875,0.5015018660841332,1.087833984504929e-09,0.16050564193460337,0.6654597774848248,cvar,optimal,0.0008505962394435772,0.0029727352396095056,2.972735239609506e-06
2021-11-05,bond_gov,0.4375,0.44973115964477245,0.449999998651243,0.16050564193460337,0.5242165931746393,cvar,optimal,0.0008505962394435772,0.0029727352396095056,2.972735239609506e-06
2021-11-05,bond_corp,0.5875,0.5961897467660509,0.4499999984517731,0.16050564193460337,0.6665101512120224,cvar,optimal,0.0008505962394435772,0.0029727352396095056,2.972735239609506e-06
2021-11-05,csi_cb,0.5625,0.5438854403647401,0.05048591085466982,0.16050564193460337,0.5754927180970071,cvar,optimal,0.0008505962394435772,0.0029727352396095056,2.972735239609506e-06
2021-11-05,crude_sc,0.5375000000000001,0.4298896954033648,0.0008455336072581144,0.16050564193460337,0.8,cvar,optimal,0.0008505962394435772,0.0029727352396095056,2.972735239609506e-06
2021-11-05,gold_au,0.6625000000000001,0.6665770532149242,0.024666925269140817,0.16050564193460337,0.6023822900227089,cvar,optimal,0.0008505962394435772,0.0029727352396095056,2.972735239609506e-06
2021-11-05,spx,0.6125,0.6357272531863866,0.020945614263295536,0.16050564193460337,0.7249126509896748,cvar,optimal,0.0008505962394435772,0.0029727352396095056,2.972735239609506e-06
2021-12-03,sse50,0.5499999999999999,0.5329381578028196,4.350031642624649e-08,0.16785102592765458,0.5730554560273502,cvar,optimal,0.0007922974682117097,0.006646817682296948,6.646817682296949e-06
2021-12-03,csi300,0.6499999999999999,0.6468889568885166,9.272589155644396e-09,0.16785102592765458,0.6297478522564103,cvar,optimal,0.0007922974682117097,0.006646817682296948,6.646817682296949e-06
2021-12-03,csi500,0.575,0.5594447844425829,4.7962566196778e-09,0.16785102592765458,0.639920341235614,cvar,optimal,0.0007922974682117097,0.006646817682296948,6.646817682296949e-06
2021-12-03,csi1000,0.5249999999999999,0.5156668706655497,4.371811483192119e-09,0.16785102592765458,0.6211579197124424,cvar,optimal,0.0007922974682117097,0.006646817682296948,6.646817682296949e-06
2021-12-03,bond_gov,0.475,0.4656668706655498,0.4499999964500854,0.16785102592765458,0.4517261814185539,cvar,optimal,0.0007922974682117097,0.006646817682296948,6.646817682296949e-06
2021-12-03,bond_corp,0.6,0.5992466866801184,0.44999999690469594,0.16785102592765458,0.7105161024819873,cvar,optimal,0.0007922974682117097,0.006646817682296948,6.646817682296949e-06
2021-12-03,csi_cb,0.4999999999999999,0.5155552155574169,0.050168528770102104,0.16785102592765458,0.42298240775139406,cvar,optimal,0.0007922974682117097,0.006646817682296948,6.646817682296949e-06
2021-12-03,crude_sc,0.3,0.34732117016017605,0.0008290404363636133,0.16785102592765458,0.5477647774339165,cvar,optimal,0.0007922974682117097,0.006646817682296948,6.646817682296949e-06
2021-12-03,gold_au,0.625,0.6390485889176536,0.021409956590106593,0.16785102592765458,0.6445212095270321,cvar,optimal,0.0007922974682117097,0.006646817682296948,6.646817682296949e-06
2021-12-03,spx,0.7,0.6782226982196161,0.027592418907672694,0.16785102592765458,0.646449166155521,cvar,optimal,0.0007922974682117097,0.006646817682296948,6.646817682296949e-06
2021-12-31,sse50,0.5375000000000001,0.5335378537366783,2.3208326372657734e-09,0.22393326234180205,0.6328243777458716,cvar,optimal,0.0007917188252501411,0.0012159254559532678,1.2159254559532678e-06
2021-12-31,csi300,0.6125,0.6241908591260519,8.438904934267526e-10,0.22393326234180205,0.6452330404097675,cvar,optimal,0.0007917188252501411,0.0012159254559532678,1.2159254559532678e-06
2021-12-31,csi500,0.5625,0.56089558352828,4.662410320814221e-10,0.22393326234180205,0.7016173094745503,cvar,optimal,0.0007917188252501411,0.0012159254559532678,1.2159254559532678e-06
2021-12-31,csi1000,0.5125000000000001,0.5132533133198817,4.172798576578159e-10,0.22393326234180205,0.6770629384673698,cvar,optimal,0.0007917188252501411,0.0012159254559532678,1.2159254559532678e-06
2021-12-31,bond_gov,0.4375,0.4468331293344502,0.4499999995881175,0.22393326234180205,0.5338898726299782,cvar,optimal,0.0007917188252501411,0.0012159254559532678,1.2159254559532678e-06
2021-12-31,bond_corp,0.4875,0.5249303071697575,0.4499999992217643,0.22393326234180205,0.559145506046102,cvar,optimal,0.0007917188252501411,0.0012159254559532678,1.2159254559532678e-06
2021-12-31,csi_cb,0.4625,0.4812640485008571,0.050434612977331095,0.22393326234180205,0.4871015162284563,cvar,optimal,0.0007917188252501411,0.0012159254559532678,1.2159254559532678e-06
2021-12-31,crude_sc,0.5875,0.5112305488526783,0.0012413548629145418,0.22393326234180205,0.6472877964022052,cvar,optimal,0.0007917188252501411,0.0012159254559532678,1.2159254559532678e-06
2021-12-31,gold_au,0.6375000000000001,0.6367466866801184,0.02019408902688295,0.22393326234180205,0.6045995809597923,cvar,optimal,0.0007917188252501411,0.0012159254559532678,1.2159254559532678e-06
2021-12-31,spx,0.6625000000000001,0.6671176697512469,0.028129940274745576,0.22393326234180205,0.6955961039328263,cvar,optimal,0.0007917188252501411,0.0012159254559532678,1.2159254559532678e-06
2022-02-07,sse50,0.575,0.5658094958071944,1.518000904704406e-08,0.21979515478177813,0.6417777184291108,cvar,optimal,0.0007982861064773311,0.002349426426187683,2.3494264261876833e-06
2022-02-07,csi300,0.625,0.6244077997903985,1.2622158618647491e-08,0.21979515478177813,0.63258163362664,cvar,optimal,0.0007982861064773311,0.002349426426187683,2.3494264261876833e-06
2022-02-07,csi500,0.5249999999999999,0.5360439800838058,1.2043105663642573e-08,0.21979515478177813,0.5657938761645611,cvar,optimal,0.0007982861064773311,0.002349426426187683,2.3494264261876833e-06
2022-02-07,csi1000,0.6749999999999999,0.6320853553461754,1.051451562381389e-08,0.21979515478177813,0.6442517878733326,cvar,optimal,0.0007982861064773311,0.002349426426187683,2.3494264261876833e-06
2022-02-07,bond_gov,0.475,0.4676629716981947,0.4499999845129632,0.21979515478177813,0.4396737776056107,cvar,optimal,0.0007982861064773311,0.002349426426187683,2.3494264261876833e-06
2022-02-07,bond_corp,0.5499999999999999,0.5414785712789918,0.4499999788555908,0.21979515478177813,0.5721945334589835,cvar,optimal,0.0007982861064773311,0.002349426426187683,2.3494264261876833e-06
2022-02-07,csi_cb,0.4999999999999999,0.4926629716981946,0.049719364040992566,0.21979515478177813,0.4354226780864468,cvar,optimal,0.0007982861064773311,0.002349426426187683,2.3494264261876833e-06
2022-02-07,crude_sc,0.225,0.3014850345904517,0.0007566670644995589,0.21979515478177813,0.6628592178443249,cvar,optimal,0.0007982861064773311,0.002349426426187683,2.3494264261876833e-06
2022-02-07,gold_au,0.6499999999999999,0.6457008480083979,0.02254346914152567,0.21979515478177813,0.5708517213668084,cvar,optimal,0.0007982861064773311,0.002349426426187683,2.3494264261876833e-06
2022-02-07,spx,0.7,0.6926629716981948,0.02698048602463919,0.21979515478177813,0.6241484966787005,cvar,optimal,0.0007982861064773311,0.002349426426187683,2.3494264261876833e-06
2022-03-07,sse50,0.5249999999999999,0.5386549396895376,1.643478284443704e-09,0.0007674636190726856,0.5424836551671925,cvar,optimal,0.0008216018153546886,0.004523518254166408,4.5235182541664084e-06
2022-03-07,csi300,0.625,0.6241427368677369,4.2966250073147707e-10,0.0007674636190726856,0.626577668993306,cvar,optimal,0.0008216018153546886,0.004523518254166408,4.5235182541664084e-06
2022-03-07,csi500,0.575,0.5613450603104624,2.166528298317712e-10,0.0007674636190726856,0.6575477405789957,cvar,optimal,0.0008216018153546886,0.004523518254166408,4.5235182541664084e-06
2022-03-07,csi1000,0.7,0.6807422147374161,2.1672514817295132e-10,0.0007674636190726856,0.5771604061383329,cvar,optimal,0.0008216018153546886,0.004523518254166408,4.5235182541664084e-06
2022-03-07,bond_gov,0.475,0.4724282106032107,0.4499999998874031,0.0007674636190726856,0.4198617124198521,cvar,optimal,0.0008216018153546886,0.004523518254166408,4.5235182541664084e-06
2022-03-07,bond_corp,0.6,0.5794869552523575,0.44999999989203404,0.0007674636190726856,0.6271592703368846,cvar,optimal,0.0008216018153546886,0.004523518254166408,4.5235182541664084e-06
2022-03-07,csi_cb,0.4999999999999999,0.49742821060321063,0.045952559666839345,0.0007674636190726856,0.4679962459680149,cvar,optimal,0.0008216018153546886,0.004523518254166408,4.5235182541664084e-06
2022-03-07,crude_sc,0.175,0.2160873599219569,1.0377565921709285e-09,0.0007674636190726856,0.7474091840284676,cvar,optimal,0.0008216018153546886,0.004523518254166408,4.5235182541664084e-06
2022-03-07,gold_au,0.6499999999999999,0.6491427368677368,0.026258411013960176,0.0007674636190726856,0.5481246526865581,cvar,optimal,0.0008216018153546886,0.004523518254166408,4.5235182541664084e-06
2022-03-07,spx,0.6749999999999999,0.680541575146374,0.027789025995487982,0.0007674636190726856,0.6210875651906945,cvar,optimal,0.0008216018153546886,0.004523518254166408,4.5235182541664084e-06
2022-04-06,sse50,0.4125,0.4538741966435651,4.9270345717197416e-09,0.28815657277644074,0.6691315895375168,cvar,optimal,0.0007850642252319263,0.00680418595081346,6.80418595081346e-06
2022-04-06,csi300,0.5625,0.582983901503783,2.897679558074456e-09,0.28815657277644074,0.4013556144000001,cvar,optimal,0.0007850642252319263,0.00680418595081346,6.80418595081346e-06
2022-04-06,csi500,0.8124999999999999,0.7301580003488687,1.4681336242181207e-09,0.28815657277644074,0.5198708905768575,cvar,optimal,0.0007850642252319263,0.00680418595081346,6.80418595081346e-06
2022-04-06,csi1000,0.8875,0.823796708520273,1.3289771161508952e-09,0.28815657277644074,0.6851211998740647,cvar,optimal,0.0007850642252319263,0.00680418595081346,6.80418595081346e-06
2022-04-06,bond_gov,0.3625,0.3993710227068094,0.4499999987170395,0.28815657277644074,0.5547949654650212,cvar,optimal,0.0007850642252319263,0.00680418595081346,6.80418595081346e-06
2022-04-06,bond_corp,0.4625,0.503061409371567,0.4499999989111067,0.28815657277644074,0.6537510387406146,cvar,optimal,0.0007850642252319263,0.00680418595081346,6.80418595081346e-06
2022-04-06,csi_cb,0.6500000000000001,0.6008386363909208,0.03914837586731685,0.28815657277644074,0.37799090626443954,cvar,optimal,0.0007850642252319263,0.00680418595081346,6.80418595081346e-06
2022-04-06,crude_sc,0.225,0.21311605273372922,0.0010107974077570644,0.28815657277644074,0.6410421057312231,cvar,optimal,0.0007850642252319263,0.00680418595081346,6.80418595081346e-06
2022-04-06,gold_au,0.5375000000000001,0.5743710227068095,0.030329854670751038,0.28815657277644074,0.45125691749901675,cvar,optimal,0.0007850642252319263,0.00680418595081346,6.80418595081346e-06
2022-04-06,spx,0.5875,0.618429049073674,0.02951096380420404,0.28815657277644074,0.4716365322606453,cvar,optimal,0.0007850642252319263,0.00680418595081346,6.80418595081346e-06
2022-05-09,sse50,0.5125000000000001,0.49122152095165805,5.870301475756297e-09,0.8153369154260496,0.6467224452758552,cvar,optimal,0.0008365295212254002,0.0039967967030483465,3.996796703048347e-06
2022-05-09,csi300,0.6125,0.602352693447999,1.4692962643149971e-09,0.8153369154260496,0.5013519040025933,cvar,optimal,0.0008365295212254002,0.0039967967030483465,3.996796703048347e-06
2022-05-09,csi500,0.5625,0.6191397284260447,6.687928304252783e-10,0.8153369154260496,0.7032901297304922,cvar,optimal,0.0008365295212254002,0.0039967967030483465,3.996796703048347e-06
2022-05-09,csi1000,0.975,0.9338753973559237,7.935204248892802e-10,0.8153369154260496,0.7922493503721799,cvar,optimal,0.0008365295212254002,0.0039967967030483465,3.996796703048347e-06
2022-05-09,bond_gov,0.4375,0.4237548390885085,0.44999999898147786,0.8153369154260496,0.46163952560021737,cvar,optimal,0.0008365295212254002,0.0039967967030483465,3.996796703048347e-06
2022-05-09,bond_corp,0.4875,0.4907892072508893,0.44999999915128697,0.8153369154260496,0.5417765864734548,cvar,optimal,0.0008365295212254002,0.0039967967030483465,3.996796703048347e-06
2022-05-09,csi_cb,0.4625,0.5071934946942985,0.041208102027486725,0.8153369154260496,0.5124347227347305,cvar,optimal,0.0008365295212254002,0.0039967967030483465,3.996796703048347e-06
2022-05-09,crude_sc,0.2,0.20359785435949052,0.00038084528129250463,0.8153369154260496,0.6626784895543034,cvar,optimal,0.0008365295212254002,0.0039967967030483465,3.996796703048347e-06
2022-05-09,gold_au,0.5875,0.581288157225359,0.03226692376574397,0.8153369154260496,0.5529629119431602,cvar,optimal,0.0008365295212254002,0.0039967967030483465,3.996796703048347e-06
2022-05-09,spx,0.6625000000000001,0.6467871071998286,0.026144121990801024,0.8153369154260496,0.5229333741074489,cvar,optimal,0.0008365295212254002,0.0039967967030483465,3.996796703048347e-06
2022-06-07,sse50,0.6,0.5636496709131805,6.032420151000177e-10,0.1670496592714367,0.681378895142781,cvar,optimal,0.0008863825639605088,0.0009065689893933544,9.065689893933545e-07
2022-06-07,csi300,0.6749999999999999,0.6507211060334276,2.0557517541572003e-10,0.1670496592714367,0.4923005416554155,cvar,optimal,0.0008863825639605088,0.0009065689893933544,9.065689893933545e-07
2022-06-07,csi500,0.575,0.590596493164709,1.1748232694374215e-10,0.1670496592714367,0.6451057347371323,cvar,optimal,0.0008863825639605088,0.0009065689893933544,9.065689893933545e-07
2022-06-07,csi1000,0.625,0.7320533064259841,1.2678231184451258e-10,0.1670496592714367,0.6786164744873389,cvar,optimal,0.0008863825639605088,0.0009065689893933544,9.065689893933545e-07
2022-06-07,bond_gov,0.475,0.45689284731962937,0.44999999984756617,0.1670496592714367,0.4271638035469811,cvar,optimal,0.0008863825639605088,0.0009065689893933544,9.065689893933545e-07
2022-06-07,bond_corp,0.5499999999999999,0.527687670644776,0.4499999998560682,0.1670496592714367,0.5471967709619613,cvar,optimal,0.0008863825639605088,0.0009065689893933544,9.065689893933545e-07
2022-06-07,csi_cb,0.4999999999999999,0.5025417757387876,0.041441435575545645,0.1670496592714367,0.4922661510280779,cvar,optimal,0.0008863825639605088,0.0009065689893933544,9.065689893933545e-07
2022-06-07,crude_sc,0.15,0.16824317640644892,2.7288738600375416e-10,0.1670496592714367,0.7791847114513774,cvar,optimal,0.0008863825639605088,0.0009065689893933544,9.065689893933545e-07
2022-06-07,gold_au,0.6499999999999999,0.6257211060334276,0.03294015763620883,0.1670496592714367,0.5328991901625281,cvar,optimal,0.0008863825639605088,0.0009065689893933544,9.065689893933545e-07
2022-06-07,spx,0.7,0.6818928473196295,0.025618405758641927,0.1670496592714367,0.5377080964786405,cvar,optimal,0.0008863825639605088,0.0009065689893933544,9.065689893933545e-07
2022-07-05,sse50,0.5249999999999999,0.5425840392692307,0.0024320313892747356,0.11721207422556994,0.5396810032683793,cvar,optimal,0.0008933838124468639,0.0029334251342607977,2.9334251342607977e-06
2022-07-05,csi300,0.6499999999999999,0.6528150041833161,1.2232619157705855e-08,0.11721207422556994,0.5573703717467616,cvar,optimal,0.0008933838124468639,0.0029334251342607977,2.9334251342607977e-06
2022-07-05,csi500,0.575,0.5738576216600897,4.620363946445771e-09,0.11721207422556994,0.6323824790393183,cvar,optimal,0.0008933838124468639,0.0029334251342607977,2.9334251342607977e-06
2022-07-05,csi1000,0.625,0.656986593517489,5.97523590920302e-09,0.11721207422556994,0.6451334332910971,cvar,optimal,0.0008933838124468639,0.0029334251342607977,2.9334251342607977e-06
2022-07-05,bond_gov,0.475,0.47157286498026907,0.44999998035467764,0.11721207422556994,0.41540123666180795,cvar,optimal,0.0008933838124468639,0.0029334251342607977,2.9334251342607977e-06
2022-07-05,bond_corp,0.6,0.5772343165347131,0.44999998429615484,0.11721207422556994,0.6174670244364495,cvar,optimal,0.0008933838124468639,0.0029334251342607977,2.9334251342607977e-06
2022-07-05,csi_cb,0.5499999999999999,0.5295190732145336,0.041942805700127,0.11721207422556994,0.5498138461966132,cvar,optimal,0.0008933838124468639,0.0029334251342607977,2.9334251342607977e-06
2022-07-05,crude_sc,0.125,0.13809640924250896,2.1181548107460333e-09,0.11721207422556994,0.8,cvar,optimal,0.0008933838124468639,0.0029334251342607977,2.9334251342607977e-06
2022-07-05,gold_au,0.6749999999999999,0.6607612124175807,0.0316046235346527,0.11721207422556994,0.500614251759061,cvar,optimal,0.0008933838124468639,0.0029334251342607977,2.9334251342607977e-06
2022-07-05,spx,0.7,0.696572864980269,0.024020549778739044,0.11721207422556994,0.5329443182246232,cvar,optimal,0.0008933838124468639,0.0029334251342607977,2.9334251342607977e-06
2022-08-02,sse50,0.7124999999999999,0.6552245692655412,0.003053666105776135,0.3946610342794074,0.49844735469595775,cvar,optimal,0.0009133674104760329,0.00089930357805328,8.9930357805328e-07
2022-08-02,csi300,0.7875,0.7426687417114748,1.1494049936349969e-09,0.3946610342794074,0.6645825737351009,cvar,optimal,0.0009133674104760329,0.00089930357805328,8.9930357805328e-07
2022-08-02,csi500,0.6875,0.6488908279344416,2.7197550466306825e-10,0.3946610342794074,0.464459530500231,cvar,optimal,0.0009133674104760329,0.00089930357805328,8.9930357805328e-07
2022-08-02,csi1000,0.3624999999999999,0.4525880681529695,2.145791269670103e-10,0.3946610342794074,0.7301407373903264,cvar,optimal,0.0009133674104760329,0.00089930357805328,8.9930357805328e-07
2022-08-02,bond_gov,0.2875,0.35184862010926393,0.4499999997292561,0.3946610342794074,0.6815216186068924,cvar,optimal,0.0009133674104760329,0.00089930357805328,8.9930357805328e-07
2022-08-02,bond_corp,0.4624999999999999,0.5049735284969235,0.4499999997334092,0.3946610342794074,0.45283072037561656,cvar,optimal,0.0009133674104760329,0.00089930357805328,8.9930357805328e-07
2022-08-02,csi_cb,0.3874999999999999,0.4385533445114919,0.04153778522015351,0.3946610342794074,0.6715480912701928,cvar,optimal,0.0009133674104760329,0.00089930357805328,8.9930357805328e-07
2022-08-02,crude_sc,0.8125,0.5789127893909671,1.4989468190729543e-09,0.3946610342794074,0.63945396181806,cvar,optimal,0.0009133674104760329,0.00089930357805328,8.9930357805328e-07
2022-08-02,gold_au,0.4874999999999999,0.5494908903176622,0.0318822575843719,0.3946610342794074,0.37052453152467235,cvar,optimal,0.0009133674104760329,0.00089930357805328,8.9930357805328e-07
2022-08-02,spx,0.5125,0.576848620109264,0.02352628849212676,0.3946610342794074,0.39026902430035243,cvar,optimal,0.0009133674104760329,0.00089930357805328,8.9930357805328e-07
2022-08-30,sse50,0.375,0.47314454275966217,1.8207206405453096e-09,0.29189121178026195,0.6355241778312336,cvar,optimal,0.0009004590155895039,0.00322848262515593,3.22848262515593e-06
2022-08-30,csi300,0.6,0.6513811062554544,8.990389165367092e-10,0.29189121178026195,0.6763120670947839,cvar,optimal,0.0009004590155895039,0.00322848262515593,3.22848262515593e-06
2022-08-30,csi500,0.475,0.5373186520616248,3.600118477749619e-10,0.29189121178026195,0.6269430934664162,cvar,optimal,0.0009004590155895039,0.00322848262515593,3.22848262515593e-06
2022-08-30,csi1000,0.25,0.31336533487737644,2.866160880061632e-10,0.29189121178026195,0.48822515248075704,cvar,optimal,0.0009004590155895039,0.00322848262515593,3.22848262515593e-06
2022-08-30,bond_gov,0.2375,0.27234260546614997,0.4499999988776126,0.29189121178026195,0.7077358196923897,cvar,optimal,0.0009004590155895039,0.00322848262515593,3.22848262515593e-06
2022-08-30,bond_corp,0.3125,0.3769464099412206,0.4499999992060363,0.29189121178026195,0.5617345276593295,cvar,optimal,0.0009004590155895039,0.00322848262515593,3.22848262515593e-06
2022-08-30,csi_cb,0.5499999999999999,0.5095564395507157,0.04354966152855349,0.29189121178026195,0.3548218230175776,cvar,optimal,0.0009004590155895039,0.00322848262515593,3.22848262515593e-06
2022-08-30,crude_sc,1.0,0.8708138106216886,0.0011353748057098241,0.29189121178026195,0.8,cvar,optimal,0.0009004590155895039,0.00322848262515593,3.22848262515593e-06
2022-08-30,gold_au,0.875,0.7596958252112007,0.03170744087365399,0.29189121178026195,0.711597042110719,cvar,optimal,0.0009004590155895039,0.00322848262515593,3.22848262515593e-06
2022-08-30,spx,0.8250000000000001,0.7354352732549064,0.023607521342046446,0.29189121178026195,0.7660686866132669,cvar,optimal,0.0009004590155895039,0.00322848262515593,3.22848262515593e-06
2022-09-28,sse50,0.175,0.27319349685070055,2.4403801251975066e-09,0.5546036984975428,0.6202293576709109,cvar,optimal,0.0009116787846372127,0.000396667078287147,3.9666707828714703e-07
2022-09-28,csi300,0.425,0.5009817757785445,2.4516664614064405e-10,0.5546036984975428,0.3910894317154722,cvar,optimal,0.0009116787846372127,0.000396667078287147,3.9666707828714703e-07
2022-09-28,csi500,0.375,0.4281293709042331,7.041585048437917e-11,0.5546036984975428,0.6553137383201159,cvar,optimal,0.0009116787846372127,0.000396667078287147,3.9666707828714703e-07
2022-09-28,csi1000,0.325,0.31021284008345434,5.44231459637401e-11,0.5546036984975428,0.5168550278940713,cvar,optimal,0.0009116787846372127,0.000396667078287147,3.9666707828714703e-07
2022-09-28,bond_gov,0.5125000000000001,0.42486725595716035,0.449999999894937,0.5546036984975428,0.3720343042678166,cvar,optimal,0.0009116787846372127,0.000396667078287147,3.9666707828714703e-07
2022-09-28,bond_corp,0.6125,0.5256990919071921,0.4499999999017483,0.5546036984975428,0.49295439715435946,cvar,optimal,0.0009116787846372127,0.000396667078287147,3.9666707828714703e-07
2022-09-28,csi_cb,0.7250000000000001,0.6513225799236743,0.04374312104367592,0.5546036984975428,0.3580190828446214,cvar,optimal,0.0009116787846372127,0.000396667078287147,3.9666707828714703e-07
2022-09-28,crude_sc,1.0,0.9827173322333591,0.0010825378494581219,0.5546036984975428,0.8,cvar,optimal,0.0009116787846372127,0.000396667078287147,3.9666707828714703e-07
2022-09-28,gold_au,0.7500000000000001,0.756210420909826,0.03191064610412274,0.5546036984975428,0.6283863905944672,cvar,optimal,0.0009116787846372127,0.000396667078287147,3.9666707828714703e-07
2022-09-28,spx,0.6,0.6466658354518557,0.02326369239567216,0.5546036984975428,0.55789619145397,cvar,optimal,0.0009116787846372127,0.000396667078287147,3.9666707828714703e-07
2022-11-02,sse50,0.775,0.6171838101601282,0.0021060843235977426,0.022311217362998806,0.4502807698541909,cvar,optimal,0.0008888143227910292,0.0033599351132422815,3.3599351132422815e-06
2022-11-02,csi300,0.9,0.7763520062690863,9.149954737297026e-09,0.022311217362998806,0.5503354307754856,cvar,optimal,0.0008888143227910292,0.0033599351132422815,3.3599351132422815e-06
2022-11-02,csi500,0.5999999999999999,0.5427536636485252,2.644784346597331e-09,0.022311217362998806,0.505200887863473,cvar,optimal,0.0008888143227910292,0.0033599351132422815,3.3599351132422815e-06
2022-11-02,csi1000,0.7750000000000001,0.6392252440738021,2.3601182330049566e-09,0.022311217362998806,0.6492812119972415,cvar,optimal,0.0008888143227910292,0.0033599351132422815,3.3599351132422815e-06
2022-11-02,bond_gov,0.1,0.19785758890328775,0.4499999966830877,0.022311217362998806,0.7937578958118032,cvar,optimal,0.0008888143227910292,0.0033599351132422815,3.3599351132422815e-06
2022-11-02,bond_corp,0.35,0.4025993369278884,0.44999999691532394,0.022311217362998806,0.5571042582184893,cvar,optimal,0.0008888143227910292,0.0033599351132422815,3.3599351132422815e-06
2022-11-02,csi_cb,0.35,0.44476564897296567,0.04238830185124219,0.022311217362998806,0.591785597802015,cvar,optimal,0.0008888143227910292,0.0033599351132422815,3.3599351132422815e-06
2022-11-02,crude_sc,0.6749999999999999,0.7688676204633315,1.0716932096597756e-08,0.022311217362998806,0.600453395175488,cvar,optimal,0.0008888143227910292,0.0033599351132422815,3.3599351132422815e-06
2022-11-02,gold_au,0.35,0.4752030532241781,0.033164485549295686,0.022311217362998806,0.4189749419997214,cvar,optimal,0.0008888143227910292,0.0033599351132422815,3.3599351132422815e-06
2022-11-02,spx,0.625,0.6351920273568071,0.022341109805663263,0.022311217362998806,0.4812075006220306,cvar,optimal,0.0008888143227910292,0.0033599351132422815,3.3599351132422815e-06
2022-11-30,sse50,0.25,0.37770879223664205,9.041389556306358e-08,0.6097811181727246,0.6582710297079338,cvar,optimal,0.0008946033450023987,0.003358849380411893,3.358849380411893e-06
2022-11-30,csi300,0.3874999999999999,0.5205301235509328,6.4070849166875356e-09,0.6097811181727246,0.5732076113673219,cvar,optimal,0.0008946033450023987,0.003358849380411893,3.358849380411893e-06
2022-11-30,csi500,0.3374999999999999,0.4070189881737541,1.7417050576759075e-09,0.6097811181727246,0.7127755007924254,cvar,optimal,0.0008946033450023987,0.003358849380411893,3.358849380411893e-06
2022-11-30,csi1000,0.6749999999999999,0.6739696912255169,1.5219239778400784e-09,0.6097811181727246,0.5958007613479194,cvar,optimal,0.0008946033450023987,0.003358849380411893,3.358849380411893e-06
2022-11-30,bond_gov,0.5499999999999999,0.4328476602933618,0.44999999809084074,0.6097811181727246,0.416586182657874,cvar,optimal,0.0008946033450023987,0.003358849380411893,3.358849380411893e-06
2022-11-30,bond_corp,0.8250000000000001,0.6882791652929667,0.4499999981676675,0.6097811181727246,0.5073074040178819,cvar,optimal,0.0008946033450023987,0.003358849380411893,3.358849380411893e-06
2022-11-30,csi_cb,0.125,0.2274767582829259,0.04374324337480797,0.6097811181727246,0.7531057729777703,cvar,optimal,0.0008946033450023987,0.003358849380411893,3.358849380411893e-06
2022-11-30,crude_sc,1.0,0.9174355240096678,0.0010815465729318231,0.6097811181727246,0.8,cvar,optimal,0.0008946033450023987,0.003358849380411893,3.358849380411893e-06
2022-11-30,gold_au,0.7750000000000001,0.6651428725069853,0.031911634562729434,0.6097811181727246,0.6320864212587213,cvar,optimal,0.0008946033450023987,0.003358849380411893,3.358849380411893e-06
2022-11-30,spx,0.575,0.5895904244272467,0.02326347914641316,0.6097811181727246,0.5700863149059809,cvar,optimal,0.0008946033450023987,0.003358849380411893,3.358849380411893e-06
2022-12-28,sse50,0.4,0.398033429536225,5.248864940225042e-09,0.3561959647331762,0.7019959877083024,cvar,optimal,0.0009006864451902968,0.011088867834317718,1.1088867834317718e-05
2022-12-28,csi300,0.35,0.41120318474968803,3.948028143435036e-09,0.3561959647331762,0.5698141106951692,cvar,optimal,0.0009006864451902968,0.011088867834317718,1.1088867834317718e-05
2022-12-28,csi500,0.1875,0.2637350588992292,2.2209530015468373e-09,0.3561959647331762,0.6847019263709977,cvar,optimal,0.0009006864451902968,0.011088867834317718,1.1088867834317718e-05
2022-12-28,csi1000,0.3125,0.44633825137765054,2.3597603046161606e-09,0.3561959647331762,0.4039795015272033,cvar,optimal,0.0009006864451902968,0.011088867834317718,1.1088867834317718e-05
2022-12-28,bond_gov,0.5875,0.5321911397293162,0.44999999342779295,0.3561959647331762,0.3679767862670297,cvar,optimal,0.0009006864451902968,0.011088867834317718,1.1088867834317718e-05
2022-12-28,bond_corp,0.7375,0.7227324900105572,0.4499999927761751,0.3561959647331762,0.6502169089873866,cvar,optimal,0.0009006864451902968,0.011088867834317718,1.1088867834317718e-05
2022-12-28,csi_cb,0.425,0.3432617759495931,0.049322274003911155,0.3561959647331762,0.5562581193229096,cvar,optimal,0.0009006864451902968,0.011088867834317718,1.1088867834317718e-05
2022-12-28,crude_sc,1.0,0.9693495127091776,1.748799884600196e-08,0.3561959647331762,0.8,cvar,optimal,0.0009006864451902968,0.011088867834317718,1.1088867834317718e-05
2022-12-28,gold_au,0.9,0.8170195134699282,0.037421470450859605,0.3561959647331762,0.748276693037912,cvar,optimal,0.0009006864451902968,0.011088867834317718,1.1088867834317718e-05
2022-12-28,spx,0.6,0.5961356435686349,0.013256238075655924,0.3561959647331762,0.7323490939696112,cvar,optimal,0.0009006864451902968,0.011088867834317718,1.1088867834317718e-05
2023-02-02,sse50,0.2875,0.30771960510959695,1.7772585101533211e-09,0.34545117314343776,0.6627840956408648,cvar,optimal,0.0009006861296249486,1.4747924359848757e-07,1.4747924359848756e-10
2023-02-02,csi300,0.3125,0.32606056445880494,1.1455441083365932e-09,0.34545117314343776,0.5717038414158196,cvar,optimal,0.0009006861296249486,1.4747924359848757e-07,1.4747924359848756e-10
2023-02-02,csi500,0.375,0.3335055769061696,5.532924215981121e-10,0.34545117314343776,0.6742339465169928,cvar,optimal,0.0009006861296249486,1.4747924359848757e-07,1.4747924359848756e-10
2023-02-02,csi1000,0.25,0.29598618449818115,4.949732628649079e-10,0.34545117314343776,0.4926938955962412,cvar,optimal,0.0009006861296249486,1.4747924359848757e-07,1.4747924359848756e-10
2023-02-02,bond_gov,0.6250000000000001,0.6114394355411951,0.44999999893883197,0.34545117314343776,0.3542309272161312,cvar,optimal,0.0009006861296249486,1.4747924359848757e-07,1.4747924359848756e-10
2023-02-02,bond_corp,0.7500000000000001,0.7532748930915673,0.44999999882173525,0.34545117314343776,0.5854255443512397,cvar,optimal,0.0009006861296249486,1.4747924359848757e-07,1.4747924359848756e-10
2023-02-02,csi_cb,0.4999999999999999,0.4553399382822603,0.04932233504956709,0.34545117314343776,0.4636142605887635,cvar,optimal,0.0009006861296249486,1.4747924359848757e-07,1.4747924359848756e-10
2023-02-02,crude_sc,1.0,1.0,2.5158176605329004e-09,0.34545117314343776,0.8,cvar,optimal,0.0009006861296249486,1.4747924359848757e-07,1.4747924359848756e-10
2023-02-02,gold_au,0.8250000000000001,0.8365309664286059,0.03742154532784816,0.34545117314343776,0.7172256737844258,cvar,optimal,0.0009006861296249486,1.4747924359848757e-07,1.4747924359848756e-10
2023-02-02,spx,0.575,0.5801428356836189,0.013256115375131664,0.34545117314343776,0.5713669726539069,cvar,optimal,0.0009006861296249486,1.4747924359848757e-07,1.4747924359848756e-10
2023-03-02,sse50,0.175,0.22011097627974527,4.416976406149531e-10,0.004269726109857309,0.7052432319674149,cvar,optimal,0.0008872673367169362,0.00804584448803482,8.045844488034821e-06
2023-03-02,csi300,0.3999999999999999,0.3740565997078556,4.846487186103302e-10,0.004269726109857309,0.5283366320653422,cvar,optimal,0.0008872673367169362,0.00804584448803482,8.045844488034821e-06
2023-03-02,csi500,0.4125,0.3864915103962292,3.3099734875594427e-10,0.004269726109857309,0.6626907958516882,cvar,optimal,0.0008872673367169362,0.00804584448803482,8.045844488034821e-06
2023-03-02,csi1000,0.5625,0.46462047633256903,3.8345090806397145e-10,0.004269726109857309,0.49920706830513106,cvar,optimal,0.0008872673367169362,0.00804584448803482,8.045844488034821e-06
2023-03-02,bond_gov,0.5499999999999999,0.5718453610536051,0.4499999994424396,0.004269726109857309,0.3583754654618424,cvar,optimal,0.0008872673367169362,0.00804584448803482,8.045844488034821e-06
2023-03-02,bond_corp,0.6499999999999999,0.681870022449104,0.44999999940984353,0.004269726109857309,0.5619311844525464,cvar,optimal,0.0008872673367169362,0.00804584448803482,8.045844488034821e-06
2023-03-02,csi_cb,0.575,0.5449260158135031,0.04757202161308726,0.004269726109857309,0.3910984690990538,cvar,optimal,0.0008872673367169362,0.00804584448803482,8.045844488034821e-06
2023-03-02,crude_sc,0.4,0.5967058834498855,2.2617914536618896e-10,0.004269726109857309,0.27060701374595514,cvar,optimal,0.0008872673367169362,0.00804584448803482,8.045844488034821e-06
2023-03-02,gold_au,0.8250000000000001,0.8304857487552613,0.031126018896205313,0.004269726109857309,0.6458373658478368,cvar,optimal,0.0008872673367169362,0.00804584448803482,8.045844488034821e-06
2023-03-02,spx,0.95,0.8288874057622421,0.02130195877145049,0.004269726109857309,0.736864840400248,cvar,optimal,0.0008872673367169362,0.00804584448803482,8.045844488034821e-06
2023-03-30,sse50,0.6249999999999999,0.4811730957999742,4.035412993817054e-09,0.2380171277464171,0.5737468590927398,cvar,optimal,0.0008292547841582492,0.011217998290016743,1.1217998290016744e-05
2023-03-30,csi300,0.8,0.6544708894962975,3.84875637356426e-09,0.2380171277464171,0.6759726440205557,cvar,optimal,0.0008292547841582492,0.011217998290016743,1.1217998290016744e-05
2023-03-30,csi500,0.1875,0.26118174944371414,1.876721959832565e-09,0.2380171277464171,0.7682568578781833,cvar,optimal,0.0008292547841582492,0.011217998290016743,1.1217998290016744e-05
2023-03-30,csi1000,0.2875,0.3524063537652322,1.7157380725712322e-09,0.2380171277464171,0.538581128242233,cvar,optimal,0.0008292547841582492,0.011217998290016743,1.1217998290016744e-05
2023-03-30,bond_gov,0.2875,0.38466125752777464,0.44999999620895803,0.2380171277464171,0.6169502256991801,cvar,optimal,0.0008292547841582492,0.011217998290016743,1.1217998290016744e-05
2023-03-30,bond_corp,0.3874999999999999,0.4870189873193763,0.44999999566425514,0.2380171277464171,0.5626710113301315,cvar,optimal,0.0008292547841582492,0.011217998290016743,1.1217998290016744e-05
2023-03-30,csi_cb,0.7250000000000001,0.6664479145377837,0.058790007584085945,0.2380171277464171,0.361367536456004,cvar,optimal,0.0008292547841582492,0.011217998290016743,1.1217998290016744e-05
2023-03-30,crude_sc,0.975,0.8342497466633653,2.709362411440632e-09,0.2380171277464171,0.7629935608527991,cvar,optimal,0.0008292547841582492,0.011217998290016743,1.1217998290016744e-05
2023-03-30,gold_au,0.525,0.6279577921748224,0.029438404242460123,0.2380171277464171,0.6499814205246396,cvar,optimal,0.0008292547841582492,0.011217998290016743,1.1217998290016744e-05
2023-03-30,spx,0.7,0.7504322132716594,0.011771582114248917,0.2380171277464171,0.6222069193152339,cvar,optimal,0.0008292547841582492,0.011217998290016743,1.1217998290016744e-05
2023-04-28,sse50,0.6249999999999999,0.5835215973600619,1.015375653194759e-09,0.2332649132896621,0.5543725305764059,cvar,optimal,0.0008182451170484331,0.0004930379629411807,4.930379629411807e-07
2023-04-28,csi300,0.3999999999999999,0.4972996985059937,3.330439033082905e-10,0.2332649132896621,0.4669161656558014,cvar,optimal,0.0008182451170484331,0.0004930379629411807,4.930379629411807e-07
2023-04-28,csi500,0.225,0.2331608210317039,1.205979911491876e-10,0.2332649132896621,0.764532850032412,cvar,optimal,0.0008182451170484331,0.0004930379629411807,4.930379629411807e-07
2023-04-28,csi1000,0.225,0.271311879871515,8.372220320690201e-11,0.2332649132896621,0.5751503752648556,cvar,optimal,0.0008182451170484331,0.0004930379629411807,4.930379629411807e-07
2023-04-28,bond_gov,0.4,0.3864605940085019,0.44999999979898053,0.2332649132896621,0.5081994026882495,cvar,optimal,0.0008182451170484331,0.0004930379629411807,4.930379629411807e-07
2023-04-28,bond_corp,0.5,0.4864605940085019,0.44999999981069383,0.2332649132896621,0.6088142922146755,cvar,optimal,0.0008182451170484331,0.0004930379629411807,4.930379629411807e-07
2023-04-28,csi_cb,0.7250000000000001,0.7111738657866874,0.059283037810566,0.2332649132896621,0.3841256455481437,cvar,optimal,0.0008182451170484331,0.0004930379629411807,4.930379629411807e-07
2023-04-28,crude_sc,0.975,0.9219998188489682,6.689692009862914e-10,0.2332649132896621,0.7960920281797846,cvar,optimal,0.0008182451170484331,0.0004930379629411807,4.930379629411807e-07
2023-04-28,gold_au,0.575,0.5858810947089386,0.029016256243146864,0.2332649132896621,0.5209695874225856,cvar,optimal,0.0008182451170484331,0.0004930379629411807,4.930379629411807e-07
2023-04-28,spx,0.8500000000000001,0.8227300358691274,0.011700704114903922,0.2332649132896621,0.7182752326864998,cvar,optimal,0.0008182451170484331,0.0004930379629411807,4.930379629411807e-07
2023-05-31,sse50,0.7000000000000001,0.6772550026010893,2.689518010775763e-08,0.29437153730087,0.5663938121724957,cvar,optimal,0.000776472462051044,0.007062038519769737,7.062038519769738e-06
2023-05-31,csi300,0.375,0.41508542673274224,9.57179926346613e-09,0.29437153730087,0.5175059070020089,cvar,optimal,0.000776472462051044,0.007062038519769737,7.062038519769738e-06
2023-05-31,csi500,0.375,0.3264627776146999,4.915806461939092e-09,0.29437153730087,0.6855318834991425,cvar,optimal,0.000776472462051044,0.007062038519769737,7.062038519769738e-06
2023-05-31,csi1000,0.25,0.24749704684616078,3.5018139827931406e-09,0.29437153730087,0.5017527552290177,cvar,optimal,0.000776472462051044,0.007062038519769737,7.062038519769738e-06
2023-05-31,bond_gov,0.4625,0.4344041527384718,0.449999996754383,0.29437153730087,0.45683033488994107,cvar,optimal,0.000776472462051044,0.007062038519769737,7.062038519769738e-06
2023-05-31,bond_corp,0.5375000000000001,0.5169858185381088,0.44999999666393503,0.29437153730087,0.5715899666900015,cvar,optimal,0.000776472462051044,0.007062038519769737,7.062038519769738e-06
2023-05-31,csi_cb,0.175,0.34179664759201217,0.05222100548215246,0.29437153730087,0.6131290559473306,cvar,optimal,0.000776472462051044,0.007062038519769737,7.062038519769738e-06
2023-05-31,crude_sc,1.0,0.9924183342003631,3.7053442132162e-08,0.29437153730087,0.8,cvar,optimal,0.000776472462051044,0.007062038519769737,7.062038519769738e-06
2023-05-31,gold_au,0.7499999999999999,0.6928653692859033,0.029982989548831544,0.29437153730087,0.6213360749641266,cvar,optimal,0.000776472462051044,0.007062038519769737,7.062038519769738e-06
2023-05-31,spx,0.875,0.8552294238504486,0.017795929612655862,0.29437153730087,0.7633833062148218,cvar,optimal,0.000776472462051044,0.007062038519769737,7.062038519769738e-06
2023-06-30,sse50,0.6249999999999999,0.6430850694979555,7.570363887584052e-09,0.3576124339893823,0.5890872029666749,cvar,optimal,0.0007431532219874733,0.004637081387200656,4.637081387200656e-06
2023-06-30,csi300,0.7750000000000001,0.64973314910537,6.090314897239179e-09,0.3576124339893823,0.6510507194813465,cvar,optimal,0.0007431532219874733,0.004637081387200656,4.637081387200656e-06
2023-06-30,csi500,0.45,0.4146270423587243,3.3486784049427106e-09,0.3576124339893823,0.5896915471296955,cvar,optimal,0.0007431532219874733,0.004637081387200656,4.637081387200656e-06
2023-06-30,csi1000,0.525,0.43563756098306927,2.4955523413109566e-09,0.3576124339893823,0.45161813365452275,cvar,optimal,0.0007431532219874733,0.004637081387200656,4.637081387200656e-06
2023-06-30,bond_gov,0.1374999999999999,0.23603783732501446,0.4499999983721961,0.3576124339893823,0.6726545588570114,cvar,optimal,0.0007431532219874733,0.004637081387200656,4.637081387200656e-06
2023-06-30,bond_corp,0.2375,0.330009480825696,0.4499999983139581,0.3576124339893823,0.47617886809187804,cvar,optimal,0.0007431532219874733,0.004637081387200656,4.637081387200656e-06
2023-06-30,csi_cb,0.4999999999999999,0.43891925365217893,0.05397699039666222,0.3576124339893823,0.4539003884062178,cvar,optimal,0.0007431532219874733,0.004637081387200656,4.637081387200656e-06
2023-06-30,crude_sc,1.0,0.9980791235396312,1.7336395219783666e-09,0.3576124339893823,0.8,cvar,optimal,0.0007431532219874733,0.004637081387200656,4.637081387200656e-06
2023-06-30,gold_au,0.425,0.5148938932533544,0.03286408275368631,0.3576124339893823,0.41358932470854015,cvar,optimal,0.0007431532219874733,0.004637081387200656,4.637081387200656e-06
2023-06-30,spx,0.8250000000000001,0.8389775894590061,0.013158908924948143,0.3576124339893823,0.6675149138885742,cvar,optimal,0.0007431532219874733,0.004637081387200656,4.637081387200656e-06
2023-07-28,sse50,0.85,0.7803623822616134,9.278549709757577e-10,0.13665965784721193,0.528757469957871,cvar,optimal,0.000679377602197214,0.012724367337422136,1.2724367337422137e-05
2023-07-28,csi300,0.5,0.5578088478652031,4.747767632584946e-10,0.13665965784721193,0.4360472549958852,cvar,optimal,0.000679377602197214,0.012724367337422136,1.2724367337422137e-05
2023-07-28,csi500,0.5999999999999999,0.5425058150061465,3.273777430357057e-10,0.13665965784721193,0.4622448754899717,cvar,optimal,0.000679377602197214,0.012724367337422136,1.2724367337422137e-05
2023-07-28,csi1000,0.55,0.5171725121810069,2.834276947878316e-10,0.13665965784721193,0.5795388980853713,cvar,optimal,0.000679377602197214,0.012724367337422136,1.2724367337422137e-05
2023-07-28,bond_gov,0.2375,0.23237786284221806,0.449999999687718,0.13665965784721193,0.7798128494925273,cvar,optimal,0.000679377602197214,0.012724367337422136,1.2724367337422137e-05
2023-07-28,bond_corp,0.3375,0.330164041541899,0.4499999996930907,0.13665965784721193,0.5728974130840443,cvar,optimal,0.000679377602197214,0.012724367337422136,1.2724367337422137e-05
2023-07-28,csi_cb,0.7000000000000001,0.6034166949719899,0.052078983479218015,0.13665965784721193,0.2941634490695398,cvar,optimal,0.000679377602197214,0.012724367337422136,1.2724367337422137e-05
2023-07-28,crude_sc,0.2,0.4712145124954451,1.306472266288511e-10,0.13665965784721193,0.5466053605621918,cvar,optimal,0.000679377602197214,0.012724367337422136,1.2724367337422137e-05
2023-07-28,gold_au,0.8500000000000001,0.7346969671409436,0.045588447396454054,0.13665965784721193,0.6454188195527792,cvar,optimal,0.000679377602197214,0.012724367337422136,1.2724367337422137e-05
2023-07-28,spx,0.6749999999999999,0.7302803636935342,0.00233256759943492,0.13665965784721193,0.6389579450071571,cvar,optimal,0.000679377602197214,0.012724367337422136,1.2724367337422137e-05
2023-08-25,sse50,0.275,0.4511162002106606,3.0633138233840843e-10,0.18063069841287013,0.5346079426175513,cvar,optimal,0.0006804266594328492,0.0018724174162263229,1.8724174162263229e-06
2023-08-25,csi300,0.375,0.44383410778046156,2.8135296556760476e-10,0.18063069841287013,0.4915030513115583,cvar,optimal,0.0006804266594328492,0.0018724174162263229,1.8724174162263229e-06
2023-08-25,csi500,0.5999999999999999,0.5858536212503895,2.2300308971075763e-10,0.18063069841287013,0.5200868440129923,cvar,optimal,0.0006804266594328492,0.0018724174162263229,1.8724174162263229e-06
2023-08-25,csi1000,0.325,0.39986061433951503,1.9309357290934012e-10,0.18063069841287013,0.2483146120782815,cvar,optimal,0.0006804266594328492,0.0018724174162263229,1.8724174162263229e-06
2023-08-25,bond_gov,0.4625,0.3758507367024763,0.44999999985531924,0.18063069841287013,0.4784617733217469,cvar,optimal,0.0006804266594328492,0.0018724174162263229,1.8724174162263229e-06
2023-08-25,bond_corp,0.5125000000000001,0.4430103687316135,0.4499999998387066,0.18063069841287013,0.5459601508246028,cvar,optimal,0.0006804266594328492,0.0018724174162263229,1.8724174162263229e-06
2023-08-25,csi_cb,0.325,0.4348354018857141,0.050526968389459304,0.18063069841287013,0.4957700340176924,cvar,optimal,0.0006804266594328492,0.0018724174162263229,1.8724174162263229e-06
2023-08-25,crude_sc,0.925,0.7516326889087679,3.467342023203851e-10,0.18063069841287013,0.6950179333972581,cvar,optimal,0.0006804266594328492,0.0018724174162263229,1.8724174162263229e-06
2023-08-25,gold_au,0.8,0.7770782255719078,0.04746086428337621,0.18063069841287013,0.7865767563422643,cvar,optimal,0.0006804266594328492,0.0018724174162263229,1.8724174162263229e-06
2023-08-25,spx,0.9,0.8369280346184936,0.0020121662826234525,0.18063069841287013,0.8,cvar,optimal,0.0006804266594328492,0.0018724174162263229,1.8724174162263229e-06
2023-09-22,sse50,0.25,0.31280760122140816,3.5305002012370256e-10,0.1039622323144454,0.6744474745218729,cvar,optimal,0.0006700964523336989,0.0009985984472364378,9.985984472364379e-07
2023-09-22,csi300,0.375,0.38678864895800863,4.2654908622102255e-10,0.1039622323144454,0.5545802438606974,cvar,optimal,0.0006700964523336989,0.0009985984472364378,9.985984472364379e-07
2023-09-22,csi500,0.5999999999999999,0.5999999999999999,5.450562468359072e-10,0.1039622323144454,0.4784522578769703,cvar,optimal,0.0006700964523336989,0.0009985984472364378,9.985984472364379e-07
2023-09-22,csi1000,0.6499999999999999,0.5596819599350246,5.503352722775798e-10,0.1039622323144454,0.5549242818342235,cvar,optimal,0.0006700964523336989,0.0009985984472364378,9.985984472364379e-07
2023-09-22,bond_gov,0.3875,0.39201987991929005,0.4499999996080361,0.1039622323144454,0.5415242930993233,cvar,optimal,0.0006700964523336989,0.0009985984472364378,9.985984472364379e-07
2023-09-22,bond_corp,0.4625,0.463155523487925,0.44999999954257136,0.1039622323144454,0.6053757207396661,cvar,optimal,0.0006700964523336989,0.0009985984472364378,9.985984472364379e-07
2023-09-22,csi_cb,0.6250000000000001,0.5574081546992036,0.051525565965486124,0.1039622323144454,0.3173316687418775,cvar,optimal,0.0006700964523336989,0.0009985984472364378,9.985984472364379e-07
2023-09-22,crude_sc,0.25,0.41328086843690026,2.8959029490848043e-10,0.1039622323144454,0.44391923959336815,cvar,optimal,0.0006700964523336989,0.0009985984472364378,9.985984472364379e-07
2023-09-22,gold_au,0.925,0.886816379510361,0.04692361231749471,0.1039622323144454,0.7600762423927232,cvar,optimal,0.0006700964523336989,0.0009985984472364378,9.985984472364379e-07
2023-09-22,spx,0.975,0.9280409838318788,0.0015508204018307879,0.1039622323144454,0.8,cvar,optimal,0.0006700964523336989,0.0009985984472364378,9.985984472364379e-07
2023-10-30,sse50,0.2625,0.2609810618448984,3.008608329691612e-10,0.12299475521990239,0.7734994949792507,cvar,optimal,0.0006613232347048206,0.0026617567019066816,2.6617567019066815e-06
2023-10-30,csi300,0.3625,0.3658724140461019,4.3359952998243054e-10,0.12299475521990239,0.5124197597387106,cvar,optimal,0.0006613232347048206,0.0026617567019066816,2.6617567019066815e-06
2023-10-30,csi500,0.4375,0.4813413825993247,9.306228322014562e-10,0.12299475521990239,0.5999587295675928,cvar,optimal,0.0006613232347048206,0.0026617567019066816,2.6617567019066815e-06
2023-10-30,csi1000,0.5375000000000001,0.5437565398319131,7.302647039876147e-10,0.12299475521990239,0.45775487786714025,cvar,optimal,0.0006613232347048206,0.0026617567019066816,2.6617567019066815e-06
2023-10-30,bond_gov,0.4999999999999999,0.47520870125808373,0.44999999981916294,0.12299475521990239,0.442719740267736,cvar,optimal,0.0006613232347048206,0.0026617567019066816,2.6617567019066815e-06
2023-10-30,bond_corp,0.875,0.7674172882606378,0.4499999998177051,0.12299475521990239,0.5147030558862917,cvar,optimal,0.0006613232347048206,0.0026617567019066816,2.6617567019066815e-06
2023-10-30,csi_cb,0.5499999999999999,0.5479927735846076,0.0503676248529647,0.12299475521990239,0.3666921499949742,cvar,optimal,0.0006613232347048206,0.0026617567019066816,2.6617567019066815e-06
2023-10-30,crude_sc,0.225,0.28178867714921224,3.024742203527163e-05,0.12299475521990239,0.569152540478183,cvar,optimal,0.0006613232347048206,0.0026617567019066816,2.6617567019066815e-06
2023-10-30,gold_au,0.8500000000000001,0.86096710482161,0.04541979678029864,0.12299475521990239,0.7052789209296682,cvar,optimal,0.0006613232347048206,0.0026617567019066816,2.6617567019066815e-06
2023-10-30,spx,0.9,0.9146740566036105,0.004182328912485442,0.12299475521990239,0.8,cvar,optimal,0.0006613232347048206,0.0026617567019066816,2.6617567019066815e-06
2023-11-27,sse50,0.6124999999999999,0.4980556332634484,9.68833984585459e-09,0.19363964396294592,0.556376182811411,cvar,optimal,0.0006395583109453024,0.00021919851383733676,2.1919851383733676e-07
2023-11-27,csi300,0.7750000000000001,0.6419867481700661,1.9953875984974957e-08,0.19363964396294592,0.6413697920203607,cvar,optimal,0.0006395583109453024,0.00021919851383733676,2.1919851383733676e-07
2023-11-27,csi500,0.7625000000000001,0.6681706816582954,9.431794803930882e-06,0.19363964396294592,0.4143867372246907,cvar,optimal,0.0006395583109453024,0.00021919851383733676,2.1919851383733676e-07
2023-11-27,csi1000,0.95,0.8238448532281708,4.041421323554112e-08,0.19363964396294592,0.6606714034155957,cvar,optimal,0.0006395583109453024,0.00021919851383733676,2.1919851383733676e-07
2023-11-27,bond_gov,0.2125,0.2980883240560119,0.44999999655139156,0.19363964396294592,0.6941736017575294,cvar,optimal,0.0006395583109453024,0.00021919851383733676,2.1919851383733676e-07
2023-11-27,bond_corp,0.3125,0.46676101885649546,0.44999999720604206,0.19363964396294592,0.5530454440237497,cvar,optimal,0.0006395583109453024,0.00021919851383733676,2.1919851383733676e-07
2023-11-27,csi_cb,0.425,0.47071040150939597,0.05050148232593244,0.19363964396294592,0.541656785696185,cvar,optimal,0.0006395583109453024,0.00021919851383733676,2.1919851383733676e-07
2023-11-27,crude_sc,0.225,0.22671452626452623,4.072735769510486e-09,0.19363964396294592,0.6741234143439764,cvar,optimal,0.0006395583109453024,0.00021919851383733676,2.1919851383733676e-07
2023-11-27,gold_au,0.55,0.6525039533115402,0.04523084749519512,0.19363964396294592,0.399003273725038,cvar,optimal,0.0006395583109453024,0.00021919851383733676,2.1919851383733676e-07
2023-11-27,spx,0.6749999999999999,0.7531638596820497,0.004258170497469816,0.19363964396294592,0.5975164790933036,cvar,optimal,0.0006395583109453024,0.00021919851383733676,2.1919851383733676e-07
2023-12-25,sse50,0.225,0.324978931143388,9.145148566724431e-09,0.18280342846134381,0.7284986256842123,cvar,optimal,0.0006283686822296423,0.01742302316571924,1.742302316571924e-05
2023-12-25,csi300,0.8500000000000001,0.7853580103948661,7.830626180715444e-09,0.18280342846134381,0.6311668315879347,cvar,optimal,0.0006283686822296423,0.01742302316571924,1.742302316571924e-05
2023-12-25,csi500,0.6249999999999999,0.6415385007893044,6.458824358708823e-09,0.18280342846134381,0.47955325857838643,cvar,optimal,0.0006283686822296423,0.01742302316571924,1.742302316571924e-05
2023-12-25,csi1000,0.625,0.6976350666279625,5.237302495300571e-09,0.18280342846134381,0.40687711437246393,cvar,optimal,0.0006283686822296423,0.01742302316571924,1.742302316571924e-05
2023-12-25,bond_gov,0.1,0.16572306466897815,0.44999999502224414,0.18280342846134381,0.7851583660369941,cvar,optimal,0.0006283686822296423,0.01742302316571924,1.742302316571924e-05
2023-12-25,bond_corp,0.35,0.39017919628918596,0.4499999949928443,0.18280342846134381,0.6284989292281942,cvar,optimal,0.0006283686822296423,0.01742302316571924,1.742302316571924e-05
2023-12-25,csi_cb,0.6500000000000001,0.584570304826892,0.039024724511067706,0.18280342846134381,0.35897987114960717,cvar,optimal,0.0006283686822296423,0.01742302316571924,1.742302316571924e-05
2023-12-25,crude_sc,0.975,0.7176055195629442,0.010055738612735145,0.18280342846134381,0.718427913997544,cvar,optimal,0.0006283686822296423,0.01742302316571924,1.742302316571924e-05
2023-12-25,gold_au,0.6,0.6111331254700836,0.039294059066017184,0.18280342846134381,0.6398240082706481,cvar,optimal,0.0006283686822296423,0.01742302316571924,1.742302316571924e-05
2023-12-25,spx,0.5,0.5812782802263952,0.011625459123189697,0.18280342846134381,0.454629524982348,cvar,optimal,0.0006283686822296423,0.01742302316571924,1.742302316571924e-05
2024-01-23,sse50,0.5999999999999999,0.5099337105017402,1.2816767782038817e-09,0.30426258754760227,0.4888614984008581,cvar,optimal,0.0006314816139187217,0.004462856282562778,4.4628562825627785e-06
2024-01-23,csi300,0.7500000000000001,0.7766292803287174,1.220827590721852e-09,0.30426258754760227,0.6355086273902641,cvar,optimal,0.0006314816139187217,0.004462856282562778,4.4628562825627785e-06
2024-01-23,csi500,0.3249999999999999,0.4383009986683238,1.2262881612441127e-09,0.30426258754760227,0.6023206953379062,cvar,optimal,0.0006314816139187217,0.004462856282562778,4.4628562825627785e-06
2024-01-23,csi1000,0.5,0.571884558423061,1.0326198884823823e-09,0.30426258754760227,0.3929595148884815,cvar,optimal,0.0006314816139187217,0.004462856282562778,4.4628562825627785e-06
2024-01-23,bond_gov,0.1624999999999999,0.15190563351287595,0.4499999988704271,0.30426258754760227,0.7415211556454908,cvar,optimal,0.0006314816139187217,0.004462856282562778,4.4628562825627785e-06
2024-01-23,bond_corp,0.2375,0.2717786073114671,0.4499999987398106,0.30426258754760227,0.6077970755501193,cvar,optimal,0.0006314816139187217,0.004462856282562778,4.4628562825627785e-06
2024-01-23,csi_cb,0.7000000000000001,0.6624896249623443,0.034561892138994244,0.30426258754760227,0.287686525320336,cvar,optimal,0.0006314816139187217,0.004462856282562778,4.4628562825627785e-06
2024-01-23,crude_sc,0.975,0.9058693289334367,0.010378820417014491,0.30426258754760227,0.8,cvar,optimal,0.0006314816139187217,0.004462856282562778,4.4628562825627785e-06
2024-01-23,gold_au,0.55,0.5621624623132493,0.0402702286438703,0.30426258754760227,0.5380252462481924,cvar,optimal,0.0006314816139187217,0.004462856282562778,4.4628562825627785e-06
2024-01-23,spx,0.7,0.6490457950447843,0.014789056428470912,0.30426258754760227,0.47487271626015803,cvar,optimal,0.0006314816139187217,0.004462856282562778,4.4628562825627785e-06
2024-02-28,sse50,0.3249999999999999,0.37417220686906755,3.487463678848279e-09,0.1693202320734252,0.7071702992486462,cvar,optimal,0.0005332918858629883,0.011901788025316525,1.1901788025316525e-05
2024-02-28,csi300,0.45,0.5420767273376002,2.8887992093244343e-09,0.1693202320734252,0.592381945219965,cvar,optimal,0.0005332918858629883,0.011901788025316525,1.1901788025316525e-05
2024-02-28,csi500,0.75,0.6529020298269322,4.0149464363662935e-09,0.1693202320734252,0.35126345468826126,cvar,optimal,0.0005332918858629883,0.011901788025316525,1.1901788025316525e-05
2024-02-28,csi1000,1.0,0.8685584501813325,3.878173980917607e-09,0.1693202320734252,0.6867796782985736,cvar,optimal,0.0005332918858629883,0.011901788025316525,1.1901788025316525e-05
2024-02-28,bond_gov,0.1624999999999999,0.15778150091200002,0.4499999962606097,0.1693202320734252,0.7271898235600587,cvar,optimal,0.0005332918858629883,0.011901788025316525,1.1901788025316525e-05
2024-02-28,bond_corp,0.2375,0.2459932983583998,0.4499999953883265,0.1693202320734252,0.5923100637204408,cvar,optimal,0.0005332918858629883,0.011901788025316525,1.1901788025316525e-05
2024-02-28,csi_cb,0.6250000000000001,0.6423569829288003,0.02705172479532522,0.1693202320734252,0.32572365271487785,cvar,optimal,0.0005332918858629883,0.011901788025316525,1.1901788025316525e-05
2024-02-28,crude_sc,0.7249999999999999,0.7954392739973335,0.007032558470594722,0.1693202320734252,0.7526642276175772,cvar,optimal,0.0005332918858629883,0.011901788025316525,1.1901788025316525e-05
2024-02-28,gold_au,0.6,0.5896869444709332,0.05217200716121579,0.1693202320734252,0.4476354628741037,cvar,optimal,0.0005332918858629883,0.011901788025316525,1.1901788025316525e-05
2024-02-28,spx,0.625,0.6310325851176004,0.013743703654544479,0.1693202320734252,0.5871496479694003,cvar,optimal,0.0005332918858629883,0.011901788025316525,1.1901788025316525e-05
2024-03-27,sse50,0.45,0.42913401971723153,2.841227226348386e-09,0.3595064005456008,0.6165828943406683,cvar,optimal,0.0004931400986321944,0.005171408452276386,5.171408452276386e-06
2024-03-27,csi300,0.225,0.3207077013147517,2.6776860661041246e-09,0.3595064005456008,0.5573445583487915,cvar,optimal,0.0004931400986321944,0.005171408452276386,5.171408452276386e-06
2024-03-27,csi500,0.6249999999999999,0.634894482772246,4.2379076937945465e-09,0.3595064005456008,0.5509820932561181,cvar,optimal,0.0004931400986321944,0.005171408452276386,5.171408452276386e-06
2024-03-27,csi1000,0.4,0.5601342250814777,3.378327415150153e-09,0.3595064005456008,0.25328469982855273,cvar,optimal,0.0004931400986321944,0.005171408452276386,5.171408452276386e-06
2024-03-27,bond_gov,0.3124999999999999,0.26332352913752854,0.4499999954068406,0.3595064005456008,0.6453370651167393,cvar,optimal,0.0004931400986321944,0.005171408452276386,5.171408452276386e-06
2024-03-27,bond_corp,0.3874999999999999,0.3383235291375286,0.4499999943868735,0.3595064005456008,0.6290936163770969,cvar,optimal,0.0004931400986321944,0.005171408452276386,5.171408452276386e-06
2024-03-27,csi_cb,0.475,0.5296622196177325,0.02442047406711817,0.3595064005456008,0.416827403619268,cvar,optimal,0.0004931400986321944,0.005171408452276386,5.171408452276386e-06
2024-03-27,crude_sc,0.975,0.9113250444134182,0.006935869572967711,0.3595064005456008,0.8,cvar,optimal,0.0004931400986321944,0.005171408452276386,5.171408452276386e-06
2024-03-27,gold_au,0.8500000000000001,0.7643820493923738,0.04972854154719187,0.3595064005456008,0.6518418549340432,cvar,optimal,0.0004931400986321944,0.005171408452276386,5.171408452276386e-06
2024-03-27,spx,0.8,0.7481131994157112,0.018915111883859706,0.3595064005456008,0.7147639612775105,cvar,optimal,0.0004931400986321944,0.005171408452276386,5.171408452276386e-06
2024-04-26,sse50,0.4875,0.463951724255841,1.823260565926668e-09,0.43499263002135474,0.5490683757715226,cvar,optimal,0.0005145228983532363,0.009906103761619012,9.906103761619012e-06
2024-04-26,csi300,0.6125,0.5057640933919457,1.2326255469688133e-09,0.43499263002135474,0.5550667071529952,cvar,optimal,0.0005145228983532363,0.009906103761619012,9.906103761619012e-06
2024-04-26,csi500,0.775,0.7370965712328099,1.3334545139687193e-09,0.43499263002135474,0.5072864135907431,cvar,optimal,0.0005145228983532363,0.009906103761619012,9.906103761619012e-06
2024-04-26,csi1000,0.4499999999999999,0.48765096603804126,5.983700737182958e-10,0.43499263002135474,0.3503270586678429,cvar,optimal,0.0005145228983532363,0.009906103761619012,9.906103761619012e-06
2024-04-26,bond_gov,0.1374999999999999,0.18134540240032543,0.4499999985414016,0.43499263002135474,0.7247890471908974,cvar,optimal,0.0005145228983532363,0.009906103761619012,9.906103761619012e-06
2024-04-26,bond_corp,0.2375,0.2731518417988123,0.4499999975045392,0.43499263002135474,0.5546324718033,cvar,optimal,0.0005145228983532363,0.009906103761619012,9.906103761619012e-06
2024-04-26,csi_cb,0.575,0.5557352794042141,0.027040799669457563,0.43499263002135474,0.41316719547746733,cvar,optimal,0.0005145228983532363,0.009906103761619012,9.906103761619012e-06
2024-04-26,crude_sc,1.0,0.9692905697147086,0.006141401132803966,0.43499263002135474,0.8,cvar,optimal,0.0005145228983532363,0.009906103761619012,9.906103761619012e-06
2024-04-26,gold_au,0.7750000000000001,0.7770648121207615,0.04061691437317427,0.43499263002135474,0.7018646088495275,cvar,optimal,0.0005145228983532363,0.009906103761619012,9.906103761619012e-06
2024-04-26,spx,0.45,0.5489487396425402,0.026200883790912614,0.43499263002135474,0.5390202164605348,cvar,optimal,0.0005145228983532363,0.009906103761619012,9.906103761619012e-06
2024-05-29,sse50,0.5,0.49328174309855477,1.8370651131228065e-09,0.16357748177278617,0.5717193971590169,cvar,optimal,0.000550219014204208,0.016372701676926116,1.6372701676926115e-05
2024-05-29,csi300,0.6125,0.5820001557254605,1.7408020850992754e-09,0.16357748177278617,0.5537274564679875,cvar,optimal,0.000550219014204208,0.016372701676926116,1.6372701676926115e-05
2024-05-29,csi500,0.8375,0.8068603133257941,1.6439074743249948e-09,0.16357748177278617,0.4966301676608938,cvar,optimal,0.000550219014204208,0.016372701676926116,1.6372701676926115e-05
2024-05-29,csi1000,0.8500000000000001,0.725531446033033,4.937876459251783e-10,0.16357748177278617,0.5863737360087411,cvar,optimal,0.000550219014204208,0.016372701676926116,1.6372701676926115e-05
2024-05-29,bond_gov,0.125,0.14254078228918493,0.44999999883437664,0.16357748177278617,0.7513666117670066,cvar,optimal,0.000550219014204208,0.016372701676926116,1.6372701676926115e-05
2024-05-29,bond_corp,0.3,0.2929730959899537,0.44999999874087426,0.16357748177278617,0.5390511430518812,cvar,optimal,0.000550219014204208,0.016372701676926116,1.6372701676926115e-05
2024-05-29,csi_cb,0.5499999999999999,0.5496623905821305,0.04009965628309619,0.16357748177278617,0.3420381531100761,cvar,optimal,0.000550219014204208,0.016372701676926116,1.6372701676926115e-05
2024-05-29,crude_sc,0.8250000000000001,0.8757654950692731,0.007776031999506907,0.16357748177278617,0.8,cvar,optimal,0.000550219014204208,0.016372701676926116,1.6372701676926115e-05
2024-05-29,gold_au,0.35,0.48396960399249733,0.02424421280083068,0.16357748177278617,0.5829514607577483,cvar,optimal,0.000550219014204208,0.016372701676926116,1.6372701676926115e-05
2024-05-29,spx,0.55,0.5474149738941178,0.027880095625753085,0.16357748177278617,0.35556547250324794,cvar,optimal,0.000550219014204208,0.016372701676926116,1.6372701676926115e-05
2024-06-27,sse50,0.5750000000000001,0.549601800001675,0.0008275229739359174,0.04479185689162953,0.5111702543938867,cvar,optimal,0.0005714870445656839,0.004949409434425544,4.949409434425544e-06
2024-06-27,csi300,0.6125,0.6125,1.476628466646826e-09,0.04479185689162953,0.5869402188180423,cvar,optimal,0.0005714870445656839,0.004949409434425544,4.949409434425544e-06
2024-06-27,csi500,0.8375,0.832583588471629,4.939677642765943e-10,0.04479185689162953,0.4530500140014617,cvar,optimal,0.0005714870445656839,0.004949409434425544,4.949409434425544e-06
2024-06-27,csi1000,0.9,0.8522583544233251,2.4360354507082764e-10,0.04479185689162953,0.694596625277261,cvar,optimal,0.0005714870445656839,0.004949409434425544,4.949409434425544e-06
2024-06-27,bond_gov,0.1,0.10912158820322446,0.4499999997659132,0.04479185689162953,0.7852179100414213,cvar,optimal,0.0005714870445656839,0.004949409434425544,4.949409434425544e-06
2024-06-27,bond_corp,0.3,0.29508358847162897,0.4499999997500409,0.04479185689162953,0.5275095226388559,cvar,optimal,0.0005714870445656839,0.004949409434425544,4.949409434425544e-06
2024-06-27,csi_cb,0.6500000000000001,0.6194133410211475,0.04171862187835349,0.04479185689162953,0.35956838038225625,cvar,optimal,0.0005714870445656839,0.004949409434425544,4.949409434425544e-06
2024-06-27,crude_sc,0.625,0.7038723994598409,0.007526311589580893,0.04479185689162953,0.5322318089272797,cvar,optimal,0.0005714870445656839,0.004949409434425544,4.949409434425544e-06
2024-06-27,gold_au,0.3999999999999999,0.4171549865978223,0.019544525440628614,0.04479185689162953,0.5271214648904183,cvar,optimal,0.0005714870445656839,0.004949409434425544,4.949409434425544e-06
2024-06-27,spx,0.5,0.508410353349707,0.030383016387347347,0.04479185689162953,0.4750980230589418,cvar,optimal,0.0005714870445656839,0.004949409434425544,4.949409434425544e-06
2024-07-25,sse50,0.4,0.4528340011406118,2.2098527478414687e-08,0.3723460585468121,0.5110869847683338,cvar,optimal,0.0006051711261050245,0.004210775347508384,4.210775347508384e-06
2024-07-25,csi300,0.475,0.5218979273557722,1.8325257670260357e-08,0.3723460585468121,0.5943633012294768,cvar,optimal,0.0006051711261050245,0.004210775347508384,4.210775347508384e-06
2024-07-25,csi500,0.2375,0.4421455011888242,3.4990400626440057e-09,0.3723460585468121,0.523231625280878,cvar,optimal,0.0006051711261050245,0.004210775347508384,4.210775347508384e-06
2024-07-25,csi1000,0.2875,0.49183943577061673,1.909019492590386e-09,0.3723460585468121,0.36176819501974483,cvar,optimal,0.0006051711261050245,0.004210775347508384,4.210775347508384e-06
2024-07-25,bond_gov,0.45,0.3329082143196732,0.449999996916794,0.3723460585468121,0.6330093623440158,cvar,optimal,0.0006051711261050245,0.004210775347508384,4.210775347508384e-06
2024-07-25,bond_corp,0.8250000000000001,0.6459351864597789,0.4499999966414364,0.3723460585468121,0.5469243309444162,cvar,optimal,0.0006051711261050245,0.004210775347508384,4.210775347508384e-06
2024-07-25,csi_cb,0.7250000000000001,0.6902802856321144,0.03960297532928326,0.3723460585468121,0.43421755771025466,cvar,optimal,0.0006051711261050245,0.004210775347508384,4.210775347508384e-06
2024-07-25,crude_sc,0.575,0.6103318452043005,0.006258689624274865,0.3723460585468121,0.6343419336500417,cvar,optimal,0.0006051711261050245,0.004210775347508384,4.210775347508384e-06
2024-07-25,gold_au,0.6,0.5272153195774173,0.021815478516295016,0.3723460585468121,0.452240667685281,cvar,optimal,0.0006051711261050245,0.004210775347508384,4.210775347508384e-06
2024-07-25,spx,0.925,0.7846122833508908,0.03232281714007186,0.3723460585468121,0.7662625816060735,cvar,optimal,0.0006051711261050245,0.004210775347508384,4.210775347508384e-06
2024-08-22,sse50,0.2875,0.34261328060677043,3.5173385493791696e-09,0.39836571097026396,0.5982679209778741,cvar,optimal,0.0006444201721542823,0.012780738904874784,1.2780738904874784e-05
2024-08-22,csi300,0.8500000000000001,0.7342702736352816,6.82451063903316e-10,0.39836571097026396,0.65653817691151,cvar,optimal,0.0006444201721542823,0.012780738904874784,1.2780738904874784e-05
2024-08-22,csi500,0.5875,0.523968090794482,1.8301012859671803e-10,0.39836571097026396,0.5222403607937866,cvar,optimal,0.0006444201721542823,0.012780738904874784,1.2780738904874784e-05
2024-08-22,csi1000,0.6875,0.6079873236611457,8.838291339448089e-11,0.39836571097026396,0.5795849553488126,cvar,optimal,0.0006444201721542823,0.012780738904874784,1.2780738904874784e-05
2024-08-22,bond_gov,0.3374999999999999,0.3431009549831342,0.44999999974725136,0.39836571097026396,0.6452690046245231,cvar,optimal,0.0006444201721542823,0.012780738904874784,1.2780738904874784e-05
2024-08-22,bond_corp,0.3874999999999999,0.488134454631313,0.4499999997229142,0.39836571097026396,0.5162105491406894,cvar,optimal,0.0006444201721542823,0.012780738904874784,1.2780738904874784e-05
2024-08-22,csi_cb,0.7250000000000001,0.7179268106251949,0.052322183123632474,0.39836571097026396,0.42726075429259597,cvar,optimal,0.0006444201721542823,0.012780738904874784,1.2780738904874784e-05
2024-08-22,crude_sc,0.325,0.41551361972888873,0.0021592986266192075,0.39836571097026396,0.3340860540344202,cvar,optimal,0.0006444201721542823,0.012780738904874784,1.2780738904874784e-05
2024-08-22,gold_au,0.4125,0.45798678177645014,0.02187700371488539,0.39836571097026396,0.5497524811745851,cvar,optimal,0.0006444201721542823,0.012780738904874784,1.2780738904874784e-05
2024-08-22,spx,0.9,0.8684984095573393,0.02364151059351475,0.39836571097026396,0.8,cvar,optimal,0.0006444201721542823,0.012780738904874784,1.2780738904874784e-05
2024-09-23,sse50,0.6875,0.5721031013952229,0.005253516319979851,0.3288390463651761,0.3590818475074581,cvar,optimal,0.0006445979150322991,0.006643823636077375,6.643823636077375e-06
2024-09-23,csi300,0.7875,0.77482182227296,1.0640910550004798e-09,0.3288390463651761,0.621026664027847,cvar,optimal,0.0006445979150322991,0.006643823636077375,6.643823636077375e-06
2024-09-23,csi500,0.4875,0.4886943949873188,2.8451254752551584e-10,0.3288390463651761,0.543296533687959,cvar,optimal,0.0006445979150322991,0.006643823636077375,6.643823636077375e-06
2024-09-23,csi1000,0.6125,0.6015820825976687,1.2742776897083004e-10,0.3288390463651761,0.5171699153824226,cvar,optimal,0.0006445979150322991,0.006643823636077375,6.643823636077375e-06
2024-09-23,bond_gov,0.3249999999999999,0.33857397396752903,0.4499999998060857,0.3288390463651761,0.6464375149741373,cvar,optimal,0.0006445979150322991,0.006643823636077375,6.643823636077375e-06
2024-09-23,bond_corp,0.35,0.3993137136428205,0.44999999980576616,0.3288390463651761,0.5341136946408628,cvar,optimal,0.0006445979150322991,0.006643823636077375,6.643823636077375e-06
2024-09-23,csi_cb,0.6625,0.6820410412988342,0.04769261990621365,0.3288390463651761,0.3601071735662561,cvar,optimal,0.0006445979150322991,0.006643823636077375,6.643823636077375e-06
2024-09-23,crude_sc,0.3,0.3292958958701166,0.002920564951466926,0.3288390463651761,0.43791602912777455,cvar,optimal,0.0006445979150322991,0.006643823636077375,6.643823636077375e-06
2024-09-23,gold_au,0.3999999999999999,0.4200178177727039,0.019862743296226865,0.3288390463651761,0.5070138211430605,cvar,optimal,0.0006445979150322991,0.006643823636077375,6.643823636077375e-06
2024-09-23,spx,0.8875,0.8935561561948251,0.02427055443822959,0.3288390463651761,0.7479049628003407,cvar,optimal,0.0006445979150322991,0.006643823636077375,6.643823636077375e-06
2024-10-28,sse50,0.3625,0.4264739249646307,7.819642211761137e-09,0.08444327939832488,0.5284354111166097,cvar,optimal,0.0007460789140638845,0.012659123381460968,1.265912338146097e-05
2024-10-28,csi300,0.4625,0.5589804375178257,0.002439094891569821,0.08444327939832488,0.6483820409666304,cvar,optimal,0.0007460789140638845,0.012659123381460968,1.265912338146097e-05
2024-10-28,csi500,0.7874999999999999,0.7095244361763188,2.59452611858785e-09,0.08444327939832488,0.46107077487564274,cvar,optimal,0.0007460789140638845,0.012659123381460968,1.265912338146097e-05
2024-10-28,csi1000,0.8875,0.8148509939705195,4.516788205559416e-10,0.08444327939832488,0.6621896850359564,cvar,optimal,0.0007460789140638845,0.012659123381460968,1.265912338146097e-05
2024-10-28,bond_gov,0.4375,0.4065020547794604,0.44999999963485154,0.08444327939832488,0.6170957081523232,cvar,optimal,0.0007460789140638845,0.012659123381460968,1.265912338146097e-05
2024-10-28,bond_corp,0.4875,0.45117549698525977,0.4499999996688626,0.08444327939832488,0.501416993504702,cvar,optimal,0.0007460789140638845,0.012659123381460968,1.265912338146097e-05
2024-10-28,csi_cb,0.3875,0.46981310435610607,0.04320756849065854,0.08444327939832488,0.535482898329697,cvar,optimal,0.0007460789140638845,0.012659123381460968,1.265912338146097e-05
2024-10-28,crude_sc,0.325,0.31967344220579935,1.7940363389474116e-09,0.08444327939832488,0.3747107904537701,cvar,optimal,0.0007460789140638845,0.012659123381460968,1.265912338146097e-05
2024-10-28,gold_au,0.5375000000000001,0.4994183881986007,0.02242944739106178,0.08444327939832488,0.4534965468146947,cvar,optimal,0.0007460789140638845,0.012659123381460968,1.265912338146097e-05
2024-10-28,spx,0.8250000000000001,0.8435877208454792,0.03192387726311221,0.08444327939832488,0.7802873999750773,cvar,optimal,0.0007460789140638845,0.012659123381460968,1.265912338146097e-05
2024-11-25,sse50,0.425,0.4289482883497214,0.0047085670512885015,0.9934253470422785,0.5453421369141854,cvar,optimal,0.0007721326805141716,0.007838689207476348,7.838689207476348e-06
2024-11-25,csi300,0.5,0.5121875992392503,5.405550017916672e-10,0.9934253470422785,0.6343926303870873,cvar,optimal,0.0007721326805141716,0.007838689207476348,7.838689207476348e-06
2024-11-25,csi500,0.45,0.5385723287869078,1.7021211604663133e-10,0.9934253470422785,0.5344496053692206,cvar,optimal,0.0007721326805141716,0.007838689207476348,7.838689207476348e-06
2024-11-25,csi1000,0.55,0.6404605261387188,7.322011066481358e-11,0.9934253470422785,0.561332056836195,cvar,optimal,0.0007721326805141716,0.007838689207476348,7.838689207476348e-06
2024-11-25,bond_gov,0.475,0.4541441455825569,0.4499999998814302,0.9934253470422785,0.5734509629237907,cvar,optimal,0.0007721326805141716,0.007838689207476348,7.838689207476348e-06
2024-11-25,bond_corp,0.525,0.5022559482307459,0.449999999889211,0.9934253470422785,0.48836044499978243,cvar,optimal,0.0007721326805141716,0.007838689207476348,7.838689207476348e-06
2024-11-25,csi_cb,0.4,0.41665051542515713,0.041938094865475006,0.9934253470422785,0.5069311303008461,cvar,optimal,0.0007721326805141716,0.007838689207476348,7.838689207476348e-06
2024-11-25,crude_sc,0.6,0.5074793828633709,0.001625404903886746,0.9934253470422785,0.5042630885730071,cvar,optimal,0.0007721326805141716,0.007838689207476348,7.838689207476348e-06
2024-11-25,gold_au,0.625,0.5857773264516881,0.018299328962556514,0.9934253470422785,0.4130791242346936,cvar,optimal,0.0007721326805141716,0.007838689207476348,7.838689207476348e-06
2024-11-25,spx,0.95,0.9135239389318831,0.033428603662164824,0.9934253470422785,0.7525194483628759,cvar,optimal,0.0007721326805141716,0.007838689207476348,7.838689207476348e-06
2024-12-23,sse50,0.4999999999999999,0.46836622747729,0.004298703764325213,0.3667357663891794,0.5459952193132507,cvar,optimal,0.0007861684417828232,0.01607349395340985,1.607349395340985e-05
2024-12-23,csi300,0.5499999999999999,0.5293037732834603,5.936837373644554e-10,0.3667357663891794,0.5425992745541516,cvar,optimal,0.0007861684417828232,0.01607349395340985,1.607349395340985e-05
2024-12-23,csi500,0.5249999999999999,0.5310899041429176,1.8945338942906837e-10,0.3667357663891794,0.4762079113213484,cvar,optimal,0.0007861684417828232,0.01607349395340985,1.607349395340985e-05
2024-12-23,csi1000,0.575,0.5982495361720547,8.782160801275749e-11,0.3667357663891794,0.635795813272917,cvar,optimal,0.0007861684417828232,0.01607349395340985,1.607349395340985e-05
2024-12-23,bond_gov,0.475,0.4714634053125974,0.4499999998596612,0.3667357663891794,0.5021874937482921,cvar,optimal,0.0007861684417828232,0.01607349395340985,1.607349395340985e-05
2024-12-23,bond_corp,0.6749999999999999,0.6199845092251862,0.44999999986161204,0.3667357663891794,0.5278447358048135,cvar,optimal,0.0007861684417828232,0.01607349395340985,1.607349395340985e-05
2024-12-23,csi_cb,0.6,0.530182606987651,0.05153610393551396,0.3667357663891794,0.6261580724815505,cvar,optimal,0.0007861684417828232,0.01607349395340985,1.607349395340985e-05
2024-12-23,crude_sc,0.625,0.5904851562778125,1.1818699111114795e-09,0.3667357663891794,0.6980824068126841,cvar,optimal,0.0007861684417828232,0.01607349395340985,1.607349395340985e-05
2024-12-23,gold_au,0.7,0.6660084976856884,0.024774813758955894,0.3667357663891794,0.6355405295227716,cvar,optimal,0.0007861684417828232,0.01607349395340985,1.607349395340985e-05
2024-12-23,spx,0.275,0.4948663834353417,0.01939037676710304,0.3667357663891794,0.36166454732671466,cvar,optimal,0.0007861684417828232,0.01607349395340985,1.607349395340985e-05
2025-01-21,sse50,0.5375000000000001,0.5180085526050786,0.004392479924276867,0.13555337722480917,0.4798374167856531,cvar,optimal,0.0007990715165815065,0.006993631537074347,6.993631537074347e-06
2025-01-21,csi300,0.6125,0.5869273214484539,5.40201780505389e-10,0.13555337722480917,0.5650786102447921,cvar,optimal,0.0007990715165815065,0.006993631537074347,6.993631537074347e-06
2025-01-21,csi500,0.5625,0.5430085526050785,2.0803302465826753e-10,0.13555337722480917,0.48210917163205097,cvar,optimal,0.0007990715165815065,0.006993631537074347,6.993631537074347e-06
2025-01-21,csi1000,0.6375000000000001,0.6142316771506728,1.2212948760159372e-10,0.13555337722480917,0.5898110900718767,cvar,optimal,0.0007990715165815065,0.006993631537074347,6.993631537074347e-06
2025-01-21,bond_gov,0.1374999999999999,0.2507054225943856,0.4499999996866518,0.13555337722480917,0.8,cvar,optimal,0.0007990715165815065,0.006993631537074347,6.993631537074347e-06
2025-01-21,bond_corp,0.6625000000000001,0.6528666592161091,0.44999999956484604,0.13555337722480917,0.5585398972522582,cvar,optimal,0.0007990715165815065,0.006993631537074347,6.993631537074347e-06
2025-01-21,csi_cb,0.5875,0.5732579478116715,0.05292601807729665,0.13555337722480917,0.5061016027369305,cvar,optimal,0.0007990715165815065,0.006993631537074347,6.993631537074347e-06
2025-01-21,crude_sc,0.7125,0.6808460902918294,0.005509942364322446,0.13555337722480917,0.5912761927331733,cvar,optimal,0.0007990715165815065,0.006993631537074347,6.993631537074347e-06
2025-01-21,gold_au,0.7375,0.7180085526050787,0.020148192879297602,0.13555337722480917,0.5451740597098084,cvar,optimal,0.0007990715165815065,0.006993631537074347,6.993631537074347e-06
2025-01-21,spx,0.3125,0.3621392236716419,0.01702336663294443,0.13555337722480917,0.4664199768923527,cvar,optimal,0.0007990715165815065,0.006993631537074347,6.993631537074347e-06
2025-02-26,sse50,0.4375,0.46284461014613354,0.005728990820935367,0.8713581236685305,0.712174460360963,cvar,optimal,0.0007981789662481331,0.009006501178613947,9.006501178613946e-06
2025-02-26,csi300,0.4625,0.5000450653104003,2.05980163115589e-10,0.8713581236685305,0.6603977938540551,cvar,optimal,0.0007981789662481331,0.009006501178613947,9.006501178613946e-06
2025-02-26,csi500,0.5875,0.5776249731474667,9.164846081096975e-11,0.8713581236685305,0.3980589914766969,cvar,optimal,0.0007981789662481331,0.009006501178613947,9.006501178613946e-06
2025-02-26,csi1000,0.3875,0.45322077490933377,4.3162825283715245e-11,0.8713581236685305,0.5838816112171981,cvar,optimal,0.0007981789662481331,0.009006501178613947,9.006501178613946e-06
2025-02-26,bond_gov,0.7374999999999999,0.5939256374815987,0.4499999999063182,0.8713581236685305,0.3406349132053075,cvar,optimal,0.0007981789662481331,0.009006501178613947,9.006501178613946e-06
2025-02-26,bond_corp,0.4125,0.4838829738149336,0.44999999991162004,0.8713581236685305,0.5354343955777539,cvar,optimal,0.0007981789662481331,0.009006501178613947,9.006501178613946e-06
2025-02-26,csi_cb,0.4875,0.5166194094165334,0.04942945958594313,0.8713581236685305,0.5771280210078221,cvar,optimal,0.0007981789662481331,0.009006501178613947,9.006501178613946e-06
2025-02-26,crude_sc,0.5625,0.5981576656752002,2.0663482070725328e-10,0.8713581236685305,0.4844029978646581,cvar,optimal,0.0007981789662481331,0.009006501178613947,9.006501178613946e-06
2025-02-26,gold_au,0.5125,0.5730642471448003,0.02334873420797661,0.8713581236685305,0.5608253361368746,cvar,optimal,0.0007981789662481331,0.009006501178613947,9.006501178613946e-06
2025-02-26,spx,0.9125,0.7406146429535994,0.02149281501978038,0.8713581236685305,0.7612368681298939,cvar,optimal,0.0007981789662481331,0.009006501178613947,9.006501178613946e-06
2025-03-26,sse50,0.5375000000000001,0.5120300177653674,0.0169462870340879,0.35785931590725534,0.49396222534837025,cvar,optimal,0.0008838802118777358,0.013257840315419732,1.3257840315419733e-05
2025-03-26,csi300,0.5625,0.5406871836022081,3.9461881578075704e-10,0.35785931590725534,0.47581044243195647,cvar,optimal,0.0008838802118777358,0.013257840315419732,1.3257840315419733e-05
2025-03-26,csi500,0.6625000000000001,0.6360831816503439,1.752088526673324e-10,0.35785931590725534,0.7075023594900302,cvar,optimal,0.0008838802118777358,0.013257840315419732,1.3257840315419733e-05
2025-03-26,csi1000,0.6375000000000001,0.5738250444134184,1.1616737113271803e-10,0.35785931590725534,0.6279487595399947,cvar,optimal,0.0008838802118777358,0.013257840315419732,1.3257840315419733e-05
2025-03-26,bond_gov,0.5125000000000001,0.5423787162516177,0.4499999997953502,0.35785931590725534,0.4154771197811212,cvar,optimal,0.0008838802118777358,0.013257840315419732,1.3257840315419733e-05
2025-03-26,bond_corp,0.5875,0.548413279844654,0.44999999982456623,0.35785931590725534,0.44955988984530965,cvar,optimal,0.0008838802118777358,0.013257840315419732,1.3257840315419733e-05
2025-03-26,csi_cb,0.6125,0.5788339392882889,0.04543009796448481,0.35785931590725534,0.5879247682661848,cvar,optimal,0.0008838802118777358,0.013257840315419732,1.3257840315419733e-05
2025-03-26,crude_sc,0.7375,0.6910989481709725,0.002040543963698463,0.35785931590725534,0.650594141360851,cvar,optimal,0.0008838802118777358,0.013257840315419732,1.3257840315419733e-05
2025-03-26,gold_au,0.3125,0.394525874082412,0.017093346040816047,0.35785931590725534,0.5518153501977677,cvar,optimal,0.0008838802118777358,0.013257840315419732,1.3257840315419733e-05
2025-03-26,spx,0.3375,0.4821238149307175,0.01848972469100139,0.35785931590725534,0.3567561536356597,cvar,optimal,0.0008838802118777358,0.013257840315419732,1.3257840315419733e-05
2025-04-24,sse50,0.2375,0.3289096194972455,1.3830456349731902e-08,0.02870972824302305,0.8,cvar,optimal,0.0010565704543972578,0.018986804226536112,1.8986804226536112e-05
2025-04-24,csi300,0.3875,0.43698168520302855,2.885016495841886e-09,0.02870972824302305,0.4943292108915145,cvar,optimal,0.0010565704543972578,0.018986804226536112,1.8986804226536112e-05
2025-04-24,csi500,0.8124999999999999,0.7552734117402833,1.2942878354795251e-09,0.02870972824302305,0.5032008539137088,cvar,optimal,0.0010565704543972578,0.018986804226536112,1.8986804226536112e-05
2025-04-24,csi1000,0.8624999999999999,0.7639861612482218,7.999474457379046e-10,0.02870972824302305,0.6064868328932185,cvar,optimal,0.0010565704543972578,0.018986804226536112,1.8986804226536112e-05
2025-04-24,bond_gov,0.5625,0.5664680276022822,0.44999999864654283,0.02870972824302305,0.5076296846788191,cvar,optimal,0.0010565704543972578,0.018986804226536112,1.8986804226536112e-05
2025-04-24,bond_corp,0.6125,0.5879839232256252,0.4499999986998187,0.02870972824302305,0.5253485361118495,cvar,optimal,0.0010565704543972578,0.018986804226536112,1.8986804226536112e-05
2025-04-24,csi_cb,0.2125,0.33514761123040027,0.06116400470340733,0.02870972824302305,0.731305075522489,cvar,optimal,0.0010565704543972578,0.018986804226536112,1.8986804226536112e-05
2025-04-24,crude_sc,0.7125,0.7047550969433121,1.521434882595742e-08,0.02870972824302305,0.6107197248686753,cvar,optimal,0.0010565704543972578,0.018986804226536112,1.8986804226536112e-05
2025-04-24,gold_au,0.6625000000000001,0.5635366295939429,0.02018564672726467,0.02870972824302305,0.6100058907481191,cvar,optimal,0.0010565704543972578,0.018986804226536112,1.8986804226536112e-05
2025-04-24,spx,0.4375,0.45695783371565835,0.018650317198909635,0.02870972824302305,0.39565098409447247,cvar,optimal,0.0010565704543972578,0.018986804226536112,1.8986804226536112e-05
2025-05-27,sse50,0.2125,0.2444594864994659,3.245286541580165e-09,0.19036801013241111,0.7659570032233785,cvar,optimal,0.0010660484126120977,8.074664002238353e-06,8.074664002238352e-09
2025-05-27,csi300,0.3375,0.3668837270075074,6.539818907565896e-10,0.19036801013241111,0.6031759020448338,cvar,optimal,0.0010660484126120977,8.074664002238353e-06,8.074664002238352e-09
2025-05-27,csi500,0.7874999999999999,0.7828927554497223,2.86897363496751e-10,0.19036801013241111,0.39982488269088795,cvar,optimal,0.0010660484126120977,8.074664002238353e-06,8.074664002238352e-09
2025-05-27,csi1000,0.8875,0.8616349686754913,1.988072960706135e-10,0.19036801013241111,0.6446993717606089,cvar,optimal,0.0010660484126120977,8.074664002238353e-06,8.074664002238352e-09
2025-05-27,bond_gov,0.5875,0.575855364083725,0.4499999997116241,0.19036801013241111,0.5367634731391497,cvar,optimal,0.0010660484126120977,8.074664002238353e-06,8.074664002238352e-09
2025-05-27,bond_corp,0.6125,0.6104685149416809,0.4499999997332943,0.19036801013241111,0.515223436380287,cvar,optimal,0.0010660484126120977,8.074664002238353e-06,8.074664002238352e-09
2025-05-27,csi_cb,0.2375,0.26242209513346837,0.06117008337016013,0.19036801013241111,0.76485322046457,cvar,optimal,0.0010660484126120977,8.074664002238353e-06,8.074664002238352e-09
2025-05-27,crude_sc,0.7375,0.7319498192586821,2.757462775826118e-10,0.19036801013241111,0.5131596573658309,cvar,optimal,0.0010660484126120977,8.074664002238353e-06,8.074664002238352e-09
2025-05-27,gold_au,0.6875,0.651477543383896,0.02018764062595722,0.19036801013241111,0.5770624787137013,cvar,optimal,0.0010660484126120977,8.074664002238353e-06,8.074664002238352e-09
2025-05-27,spx,0.4125,0.41195572556636056,0.018642271898244918,0.19036801013241111,0.4646940713442145,cvar,optimal,0.0010660484126120977,8.074664002238353e-06,8.074664002238352e-09
2025-06-25,sse50,0.2125,0.2144665646113484,3.5572446723210176e-08,0.2547385229360353,0.7658377676386177,cvar,optimal,0.0010560129426922444,0.0013149297301157487,1.3149297301157487e-06
2025-06-25,csi300,0.3125,0.32457143512024705,6.6188095280917146e-09,0.2547385229360353,0.6568833134206578,cvar,optimal,0.0010560129426922444,0.0013149297301157487,1.3149297301157487e-06
2025-06-25,csi500,0.7625,0.7726048705088986,2.957402348171964e-09,0.2547385229360353,0.31999622982504167,cvar,optimal,0.0010560129426922444,0.0013149297301157487,1.3149297301157487e-06
2025-06-25,csi1000,0.8875,0.8855334353886516,1.9282485583241226e-09,0.2547385229360353,0.6397553043357173,cvar,optimal,0.0010560129426922444,0.0013149297301157487,1.3149297301157487e-06
2025-06-25,bond_gov,0.5875,0.5855334353886517,0.4499999969714554,0.2547385229360353,0.5162071023161859,cvar,optimal,0.0010560129426922444,0.0013149297301157487,1.3149297301157487e-06
2025-06-25,bond_corp,0.6875,0.6630850823073492,0.44999999699954424,0.2547385229360353,0.556630191346311,cvar,optimal,0.0010560129426922444,0.0013149297301157487,1.3149297301157487e-06
2025-06-25,csi_cb,0.2625,0.2523951294911013,0.06017771829296487,0.2547385229360353,0.7512870904936989,cvar,optimal,0.0010560129426922444,0.0013149297301157487,1.3149297301157487e-06
2025-06-25,crude_sc,0.7375,0.7355334353886516,1.1163664180648777e-08,0.2547385229360353,0.5211340027829391,cvar,optimal,0.0010560129426922444,0.0013149297301157487,1.3149297301157487e-06
2025-06-25,gold_au,0.6375000000000001,0.6518100471837521,0.01986508144695556,0.2547385229360353,0.6106272347321712,cvar,optimal,0.0010560129426922444,0.0013149297301157487,1.3149297301157487e-06
2025-06-25,spx,0.4125,0.4144665646113484,0.019957148048508764,0.2547385229360353,0.45908193816688975,cvar,optimal,0.0010560129426922444,0.0013149297301157487,1.3149297301157487e-06
2025-07-23,sse50,0.325,0.2866289685270955,2.7169752466288574e-10,0.2723599345461268,0.6939676184435108,cvar,optimal,0.001033056563531479,0.0008697836518910657,8.697836518910657e-07
2025-07-23,csi300,0.45,0.4053868293240485,9.58401982390036e-11,0.2723599345461268,0.6396661188649835,cvar,optimal,0.001033056563531479,0.0008697836518910657,8.697836518910657e-07
2025-07-23,csi500,0.6875,0.7153654443284236,5.432106950494481e-11,0.2723599345461268,0.43888193185040447,cvar,optimal,0.001033056563531479,0.0008697836518910657,8.697836518910657e-07
2025-07-23,csi1000,0.2,0.43448963677886104,3.395047993303367e-11,0.2723599345461268,0.5538357842765063,cvar,optimal,0.001033056563531479,0.0008697836518910657,8.697836518910657e-07
2025-07-23,bond_gov,0.4,0.46395171912150757,0.44999999993340456,0.2723599345461268,0.6764627248982953,cvar,optimal,0.001033056563531479,0.0008697836518910657,8.697836518910657e-07
2025-07-23,bond_corp,0.8624999999999999,0.7959574587804643,0.4499999999381203,0.2723599345461268,0.7993434226331719,cvar,optimal,0.001033056563531479,0.0008697836518910657,8.697836518910657e-07
2025-07-23,csi_cb,0.7124999999999999,0.5567311174285612,0.05935947515884138,0.2723599345461268,0.3384804463545293,cvar,optimal,0.001033056563531479,0.0008697836518910657,8.697836518910657e-07
2025-07-23,crude_sc,0.55,0.6139517191215076,1.2134448431247249e-10,0.2723599345461268,0.4009581712257911,cvar,optimal,0.001033056563531479,0.0008697836518910657,8.697836518910657e-07
2025-07-23,gold_au,0.5,0.5514674407154135,0.019813598592605414,0.2723599345461268,0.4363989695439657,cvar,optimal,0.001033056563531479,0.0008697836518910657,8.697836518910657e-07
2025-07-23,spx,0.8125,0.6760696658741172,0.02082692579987444,0.2723599345461268,0.6699389987510779,cvar,optimal,0.001033056563531479,0.0008697836518910657,8.697836518910657e-07
2025-08-20,sse50,0.7250000000000001,0.5771131597046959,1.2226828101391174e-09,0.06265511713452475,0.3378293676115923,cvar,optimal,0.0010076687206291794,0.00020003333649217398,2.0003333649217398e-07
2025-08-20,csi300,0.4625,0.4452425781389063,3.964917179956774e-10,0.06265511713452475,0.6487891181854587,cvar,optimal,0.0010076687206291794,0.00020003333649217398,2.0003333649217398e-07
2025-08-20,csi500,0.4375,0.5303713495204905,2.2084549525896418e-10,0.06265511713452475,0.6065138148248037,cvar,optimal,0.0010076687206291794,0.00020003333649217398,2.0003333649217398e-07
2025-08-20,csi1000,0.225,0.2812577532544789,1.47049384387768e-10,0.06265511713452475,0.5716551984668166,cvar,optimal,0.0010076687206291794,0.00020003333649217398,2.0003333649217398e-07
2025-08-20,bond_gov,0.3625,0.3930526974588658,0.44999999965793036,0.06265511713452475,0.5418052540518267,cvar,optimal,0.0010076687206291794,0.00020003333649217398,2.0003333649217398e-07
2025-08-20,bond_corp,0.9,0.8706261674369351,0.44999999968686444,0.06265511713452475,0.8,cvar,optimal,0.0010076687206291794,0.00020003333649217398,2.0003333649217398e-07
2025-08-20,csi_cb,0.4125,0.4730186559259913,0.05940375542022728,0.06265511713452475,0.570789146195949,cvar,optimal,0.0010076687206291794,0.00020003333649217398,2.0003333649217398e-07
2025-08-20,crude_sc,0.5125,0.5430526974588656,1.1045876123350967e-09,0.06265511713452475,0.5278370651456918,cvar,optimal,0.0010076687206291794,0.00020003333649217398,2.0003333649217398e-07
2025-08-20,gold_au,0.5375000000000001,0.5375977898319568,0.019613565782843366,0.06265511713452475,0.46512453129937337,cvar,optimal,0.0010076687206291794,0.00020003333649217398,2.0003333649217398e-07
2025-08-20,spx,0.925,0.848667151268814,0.02098267636047753,0.06265511713452475,0.7887345916395316,cvar,optimal,0.0010076687206291794,0.00020003333649217398,2.0003333649217398e-07
2025-09-17,sse50,0.425,0.49023411550919477,5.557345326008833e-09,0.9248248113270693,0.4955365442941615,cvar,optimal,0.001127702266538058,0.02030020245055277,2.030020245055277e-05
2025-09-17,csi300,0.5,0.48595141108234635,1.4086049342196474e-09,0.9248248113270693,0.6253203746632429,cvar,optimal,0.001127702266538058,0.02030020245055277,2.030020245055277e-05
2025-09-17,csi500,0.45,0.469287389908733,8.367153483560754e-10,0.9248248113270693,0.5220359027035394,cvar,optimal,0.001127702266538058,0.02030020245055277,2.030020245055277e-05
2025-09-17,csi1000,0.525,0.41968447803357595,5.802906536769609e-10,0.9248248113270693,0.602871756722879,cvar,optimal,0.001127702266538058,0.02030020245055277,2.030020245055277e-05
2025-09-17,bond_gov,0.475,0.43992742262184414,0.44999999892473613,0.9248248113270693,0.611697524794184,cvar,optimal,0.001127702266538058,0.02030020245055277,2.030020245055277e-05
2025-09-17,bond_corp,0.55,0.6665808295165568,0.4499999991576002,0.9248248113270693,0.6216516568177042,cvar,optimal,0.001127702266538058,0.02030020245055277,2.030020245055277e-05
2025-09-17,csi_cb,0.4,0.4325826655065049,0.03910355423213304,0.9248248113270693,0.4685568276373466,cvar,optimal,0.001127702266538058,0.02030020245055277,2.030020245055277e-05
2025-09-17,crude_sc,0.575,0.5570870546509812,1.3185771536085294e-09,0.9248248113270693,0.5272510339179488,cvar,optimal,0.001127702266538058,0.02030020245055277,2.030020245055277e-05
2025-09-17,gold_au,0.625,0.5914340492616076,0.025658691928942018,0.9248248113270693,0.43378554255403035,cvar,optimal,0.001127702266538058,0.02030020245055277,2.030020245055277e-05
2025-09-17,spx,0.975,0.9472305839086552,0.03523774605505531,0.9248248113270693,0.8,cvar,optimal,0.001127702266538058,0.02030020245055277,2.030020245055277e-05
2025-10-23,sse50,0.4625,0.47524783474138954,0.02012307551077267,0.2882026500306188,0.4636547137290464,cvar,optimal,0.001067259095393324,0.02574227885097854,2.574227885097854e-05
2025-10-23,csi300,0.5625,0.5418478295464505,6.974402832856001e-09,0.2882026500306188,0.6281132038121698,cvar,optimal,0.001067259095393324,0.02574227885097854,2.574227885097854e-05
2025-10-23,csi500,0.175,0.25203328078662635,2.5327719291177245e-09,0.2882026500306188,0.6764298609667363,cvar,optimal,0.001067259095393324,0.02574227885097854,2.574227885097854e-05
2025-10-23,csi1000,0.5375000000000001,0.5105689532691217,2.0205831649580144e-09,0.2882026500306188,0.5979238458969681,cvar,optimal,0.001067259095393324,0.02574227885097854,2.574227885097854e-05
2025-10-23,bond_gov,0.5125000000000001,0.4930931246078185,0.44999999784392397,0.2882026500306188,0.5981646770869105,cvar,optimal,0.001067259095393324,0.02574227885097854,2.574227885097854e-05
2025-10-23,bond_corp,0.8875,0.8190461034267069,0.4499999979716983,0.2882026500306188,0.6744107281221988,cvar,optimal,0.001067259095393324,0.02574227885097854,2.574227885097854e-05
2025-10-23,csi_cb,0.4875,0.4636537641739571,0.04444242123550626,0.2882026500306188,0.5376227117473955,cvar,optimal,0.001067259095393324,0.02574227885097854,2.574227885097854e-05
2025-10-23,crude_sc,0.6375000000000001,0.6148990592353251,0.0002803345106080608,0.2882026500306188,0.5343405247218078,cvar,optimal,0.001067259095393324,0.02574227885097854,2.574227885097854e-05
2025-10-23,gold_au,0.325,0.40327857584799426,0.01598444589596113,0.2882026500306188,0.2490194497605051,cvar,optimal,0.001067259095393324,0.02574227885097854,2.574227885097854e-05
2025-10-23,spx,0.9125,0.9263314743646102,0.01916971550377162,0.2882026500306188,0.7837637991988784,cvar,optimal,0.001067259095393324,0.02574227885097854,2.574227885097854e-05
2025-11-20,sse50,0.4625,0.4597571256223695,0.022127098862573743,0.06177870190068273,0.4471208072366253,cvar,optimal,0.0010719274087076782,0.0037094461207904375,3.7094461207904376e-06
2025-11-20,csi300,0.5375000000000001,0.5411246211810277,7.775823530872199e-10,0.06177870190068273,0.5976367744668529,cvar,optimal,0.0010719274087076782,0.0037094461207904375,3.7094461207904376e-06
2025-11-20,csi500,0.2125,0.22032029438700645,2.7503412749026425e-10,0.06177870190068273,0.6980639467721884,cvar,optimal,0.0010719274087076782,0.0037094461207904375,3.7094461207904376e-06
2025-11-20,csi1000,0.3375,0.4021543363574183,2.1076683928802843e-10,0.06177870190068273,0.5066359679061514,cvar,optimal,0.0010719274087076782,0.0037094461207904375,3.7094461207904376e-06
2025-11-20,bond_gov,0.5125000000000001,0.5097571256223695,0.44999999975719557,0.06177870190068273,0.5977919742346256,cvar,optimal,0.0010719274087076782,0.0037094461207904375,3.7094461207904376e-06
2025-11-20,bond_corp,0.8374999999999999,0.8292062875554818,0.44999999977154287,0.06177870190068273,0.789871253012195,cvar,optimal,0.0010719274087076782,0.0037094461207904375,3.7094461207904376e-06
2025-11-20,csi_cb,0.4875,0.48109995978552866,0.043659152331585106,0.06177870190068273,0.5006418847049126,cvar,optimal,0.0010719274087076782,0.0037094461207904375,3.7094461207904376e-06
2025-11-20,crude_sc,1.0,0.87658540478631,0.0019857535664813235,0.06177870190068273,0.8,cvar,optimal,0.0010719274087076782,0.0037094461207904375,3.7094461207904376e-06
2025-11-20,gold_au,0.3,0.33013907349812327,0.013105852632703734,0.06177870190068273,0.35525350489151764,cvar,optimal,0.0010719274087076782,0.0037094461207904375,3.7094461207904376e-06
2025-11-20,spx,0.8125,0.8498557712043653,0.019122141814534387,0.06177870190068273,0.7662178610346553,cvar,optimal,0.0010719274087076782,0.0037094461207904375,3.7094461207904376e-06
2025-12-18,sse50,0.375,0.40502935605098983,0.01191228889737507,0.22108082269698462,0.5481926467957656,cvar,optimal,0.0010776762860361154,0.01220056249887826,1.220056249887826e-05
2025-12-18,csi300,0.425,0.46596690185716005,4.4614998374672867e-10,0.22108082269698462,0.5471919547391058,cvar,optimal,0.0010776762860361154,0.01220056249887826,1.220056249887826e-05
2025-12-18,csi500,0.35,0.2992744172324705,1.6130221151450799e-10,0.22108082269698462,0.6325269359843463,cvar,optimal,0.0010776762860361154,0.01220056249887826,1.220056249887826e-05
2025-12-18,csi1000,0.475,0.4466728502526869,1.307346977134337e-10,0.22108082269698462,0.5074700548167573,cvar,optimal,0.0010776762860361154,0.01220056249887826,1.220056249887826e-05
2025-12-18,bond_gov,0.4,0.4386091720655584,0.4499999998638649,0.22108082269698462,0.6516672502630032,cvar,optimal,0.0010776762860361154,0.01220056249887826,1.220056249887826e-05
2025-12-18,bond_corp,0.5,0.6205429757798785,0.44999999987309836,0.22108082269698462,0.5015490605820363,cvar,optimal,0.0010776762860361154,0.01220056249887826,1.220056249887826e-05
2025-12-18,csi_cb,0.325,0.3807688040946955,0.04423942793642479,0.22108082269698462,0.48765217238165576,cvar,optimal,0.0010776762860361154,0.01220056249887826,1.220056249887826e-05
2025-12-18,crude_sc,0.925,0.9165523660654805,1.5579981296614552e-09,0.22108082269698462,0.8,cvar,optimal,0.0010776762860361154,0.01220056249887826,1.220056249887826e-05
2025-12-18,gold_au,0.9,0.696442145441957,0.020580472081954314,0.22108082269698462,0.5504676686516178,cvar,optimal,0.0010776762860361154,0.01220056249887826,1.220056249887826e-05
2025-12-18,spx,0.8250000000000001,0.8301410111591226,0.023267809051097522,0.22108082269698462,0.7605603781153052,cvar,optimal,0.0010776762860361154,0.01220056249887826,1.220056249887826e-05
2026-01-19,sse50,0.4125,0.40829319299340344,0.01029778895133413,0.27441786279598757,0.520908348317175,cvar,optimal,0.0010953423130353962,0.008348569241086796,8.348569241086797e-06
2026-01-19,csi300,0.4875,0.477624724408928,2.6089716113545487e-10,0.27441786279598757,0.5261180180514066,cvar,optimal,0.0010953423130353962,0.008348569241086796,8.348569241086797e-06
2026-01-19,csi500,0.4375,0.3983288285388114,1.0332378486663281e-10,0.27441786279598757,0.6255118864141042,cvar,optimal,0.0010953423130353962,0.008348569241086796,8.348569241086797e-06
2026-01-19,csi1000,0.4625,0.4545944946169463,7.851631148850747e-11,0.27441786279598757,0.6033970150710801,cvar,optimal,0.0010953423130353962,0.008348569241086796,8.348569241086797e-06
2026-01-19,bond_gov,0.3625,0.38389039048706286,0.4499999999232964,0.27441786279598757,0.5205730552327327,cvar,optimal,0.0010953423130353962,0.008348569241086796,8.348569241086797e-06
2026-01-19,bond_corp,0.5875,0.589139839304919,0.4499999999312749,0.27441786279598757,0.4236337467549472,cvar,optimal,0.0010953423130353962,0.008348569241086796,8.348569241086797e-06
2026-01-19,csi_cb,0.3875,0.38192062027904455,0.050268787783917315,0.27441786279598757,0.501816305995188,cvar,optimal,0.0010953423130353962,0.008348569241086796,8.348569241086797e-06
2026-01-19,crude_sc,0.975,0.9658110107661073,0.002319210833984411,0.27441786279598757,0.8,cvar,optimal,0.0010953423130353962,0.008348569241086796,8.348569241086797e-06
2026-01-19,gold_au,0.5125,0.5821037056113736,0.014141605960797037,0.27441786279598757,0.5659709849616006,cvar,optimal,0.0010953423130353962,0.008348569241086796,8.348569241086797e-06
2026-01-19,spx,0.875,0.8582931929934033,0.022972606172658623,0.27441786279598757,0.7570177513790409,cvar,optimal,0.0010953423130353962,0.008348569241086796,8.348569241086797e-06
2026-02-24,sse50,0.475,0.4551566655102839,0.03046354252586199,0.6680011325838832,0.5639974655640272,cvar,optimal,0.0012344683403472982,0.029874889165996153,2.9874889165996154e-05
2026-02-24,csi300,0.5,0.4922609808483558,9.37391702788612e-10,0.6680011325838832,0.610018293760244,cvar,optimal,0.0012344683403472982,0.029874889165996153,2.9874889165996154e-05
2026-02-24,csi500,0.425,0.42245624027791434,1.979720299049742e-10,0.6680011325838832,0.5129389995116511,cvar,optimal,0.0012344683403472982,0.029874889165996153,2.9874889165996154e-05
2026-02-24,csi1000,0.55,0.5266752025596805,1.8849230981026086e-10,0.6680011325838832,0.5375778570149373,cvar,optimal,0.0012344683403472982,0.029874889165996153,2.9874889165996154e-05
2026-02-24,bond_gov,0.4,0.39220711085566223,0.4499999998841918,0.6680011325838832,0.5217496472934995,cvar,optimal,0.0012344683403472982,0.029874889165996153,2.9874889165996154e-05
2026-02-24,bond_corp,0.525,0.5362743520949412,0.44999999989041917,0.6680011325838832,0.5889899980456527,cvar,optimal,0.0012344683403472982,0.029874889165996153,2.9874889165996154e-05
2026-02-24,csi_cb,0.45,0.42844286903132894,0.03685471489721977,0.6680011325838832,0.5312954695855063,cvar,optimal,0.0012344683403472982,0.029874889165996153,2.9874889165996154e-05
2026-02-24,crude_sc,0.625,0.7182991897612784,3.4802549329005857e-10,0.6680011325838832,0.5520479139453005,cvar,optimal,0.0012344683403472982,0.029874889165996153,2.9874889165996154e-05
2026-02-24,gold_au,0.6,0.602382149744005,2.4741762836223057e-10,0.6680011325838832,0.47413447643576234,cvar,optimal,0.0012344683403472982,0.029874889165996153,2.9874889165996154e-05
2026-02-24,spx,0.95,0.9258452393165496,0.0326817408830081,0.6680011325838832,0.7406765373472769,cvar,optimal,0.0012344683403472982,0.029874889165996153,2.9874889165996154e-05
2026-03-24,sse50,0.4,0.4200167781351848,0.015059395378351683,0.0879470506294093,0.5872281561387998,cvar,optimal,0.0013097633908369004,0.018579525909760836,1.8579525909760835e-05
2026-03-24,csi300,0.425,0.44867394397202554,2.7551689927797503e-08,0.0879470506294093,0.5381729135349014,cvar,optimal,0.0013097633908369004,0.018579525909760836,1.8579525909760835e-05
2026-03-24,csi500,0.35,0.3755025268904459,2.1673270601082874e-09,0.0879470506294093,0.5637367182796367,cvar,optimal,0.0013097633908369004,0.018579525909760836,1.8579525909760835e-05
2026-03-24,csi1000,0.45,0.4763842736938429,2.059511522839455e-09,0.0879470506294093,0.5312183966398738,cvar,optimal,0.0013097633908369004,0.018579525909760836,1.8579525909760835e-05
2026-03-24,bond_gov,0.325,0.3468453610536051,0.4499999989609991,0.0879470506294093,0.5719582759358114,cvar,optimal,0.0013097633908369004,0.018579525909760836,1.8579525909760835e-05
2026-03-24,bond_corp,0.8374999999999999,0.739620476332569,0.449999999014158,0.0879470506294093,0.7167264900068379,cvar,optimal,0.0013097633908369004,0.018579525909760836,1.8579525909760835e-05
2026-03-24,csi_cb,0.375,0.3950167781351847,0.04836177253859852,0.0879470506294093,0.5507632529156802,cvar,optimal,0.0013097633908369004,0.018579525909760836,1.8579525909760835e-05
2026-03-24,crude_sc,0.975,0.8858550621787857,0.00707243679154703,0.0879470506294093,0.8,cvar,optimal,0.0013097633908369004,0.018579525909760836,1.8579525909760835e-05
2026-03-24,gold_au,0.55,0.5599921167396857,1.6176057626183165e-09,0.0879470506294093,0.37761645372668334,cvar,optimal,0.0013097633908369004,0.018579525909760836,1.8579525909760835e-05
2026-03-24,spx,0.8125,0.8520926828686709,0.029506363920211488,0.0879470506294093,0.739387903539328,cvar,optimal,0.0013097633908369004,0.018579525909760836,1.8579525909760835e-05
2026-04-22,sse50,0.4375,0.4318346868183912,0.012048327634125165,0.2282757823958344,0.5763444193270407,cvar,optimal,0.00100652801866326,0.039477020502478935,3.9477020502478934e-05
2026-04-22,csi300,0.5125,0.49006351310070445,0.0253678482614806,0.2282757823958344,0.4669869169540257,cvar,optimal,0.00100652801866326,0.039477020502478935,3.9477020502478934e-05
2026-04-22,csi500,0.3875,0.3818346868183912,7.702166014948765e-09,0.2282757823958344,0.5626046487668076,cvar,optimal,0.00100652801866326,0.039477020502478935,3.9477020502478934e-05
2026-04-22,csi1000,0.5375000000000001,0.5173678688029234,1.1541112461198005e-08,0.2282757823958344,0.4720504292477151,cvar,optimal,0.00100652801866326,0.039477020502478935,3.9477020502478934e-05
2026-04-22,bond_gov,0.3625,0.35683468681839126,0.44999999348474035,0.2282757823958344,0.5452094495117827,cvar,optimal,0.00100652801866326,0.039477020502478935,3.9477020502478934e-05
2026-04-22,bond_corp,0.8624999999999999,0.8253099668634218,0.44999999201019847,0.2282757823958344,0.6013823092993403,cvar,optimal,0.00100652801866326,0.039477020502478935,3.9477020502478934e-05
2026-04-22,csi_cb,0.4125,0.40683468681839124,0.01499631548451676,0.2282757823958344,0.5547624513718171,cvar,optimal,0.00100652801866326,0.039477020502478935,3.9477020502478934e-05
2026-04-22,crude_sc,0.5875,0.6852156164810096,0.003971953567594612,0.2282757823958344,0.523180886709164,cvar,optimal,0.00100652801866326,0.039477020502478935,3.9477020502478934e-05
2026-04-22,gold_au,0.4625,0.4964582654103894,3.6033694160842734e-09,0.2282757823958344,0.5812155946293727,cvar,optimal,0.00100652801866326,0.039477020502478935,3.9477020502478934e-05
2026-04-22,spx,0.9375,0.9082460220679864,0.04361554671069615,0.2282757823958344,0.7897800613164294,cvar,optimal,0.00100652801866326,0.039477020502478935,3.9477020502478934e-05
2026-05-25,sse50,0.4375,0.4344527724125214,0.003513198638837754,0.16276423557146263,0.5986247657219091,cvar,optimal,0.0010429717837259734,0.011479276075038465,1.1479276075038466e-05
2026-05-25,csi300,0.4875,0.4879714680955201,0.02242372366816214,0.16276423557146263,0.5395853286862469,cvar,optimal,0.0010429717837259734,0.011479276075038465,1.1479276075038466e-05
2026-05-25,csi500,0.1624999999999999,0.22768776460925358,1.2216017558589172e-10,0.16276423557146263,0.7375899459618933,cvar,optimal,0.0010429717837259734,0.011479276075038465,1.1479276075038466e-05
2026-05-25,csi1000,0.2375,0.3213697918915262,1.7149400750212457e-10,0.16276423557146263,0.5639584381296855,cvar,optimal,0.0010429717837259734,0.011479276075038465,1.1479276075038466e-05
2026-05-25,bond_gov,0.3625,0.3594527724125214,0.4499999999100945,0.16276423557146263,0.5342570699966108,cvar,optimal,0.0010429717837259734,0.011479276075038465,1.1479276075038466e-05
2026-05-25,bond_corp,0.8250000000000001,0.8343410136411362,0.44999999989452066,0.16276423557146263,0.7370600283300222,cvar,optimal,0.0010429717837259734,0.011479276075038465,1.1479276075038466e-05
2026-05-25,csi_cb,0.675,0.5923452815163337,0.016333265932149225,0.16276423557146263,0.4154012914973603,cvar,optimal,0.0010429717837259734,0.011479276075038465,1.1479276075038466e-05
2026-05-25,crude_sc,1.0,0.9063905327099366,0.007726574322955505,0.16276423557146263,0.8,cvar,optimal,0.0010429717837259734,0.011479276075038465,1.1479276075038466e-05
2026-05-25,gold_au,0.5375000000000001,0.5218652003052061,6.656115425968461e-11,0.16276423557146263,0.47060968572037265,cvar,optimal,0.0010429717837259734,0.011479276075038465,1.1479276075038466e-05
2026-05-25,spx,0.7750000000000001,0.8141234024060446,0.050003237273064965,0.16276423557146263,0.7021459001999111,cvar,optimal,0.0010429717837259734,0.011479276075038465,1.1479276075038466e-05
