date,strategy,equal_weight,cash,port_ret,ew_ret,cash_ret
2017-03-01,0.9995,1.0011997112381945,0.9999375078115235,-0.0005,0.001199711238194423,-6.249218847653726e-05
2017-03-02,0.9990514019587231,0.9979466659857029,0.9998125234345707,-0.00044882245250317147,-0.003249147214064374,-0.0001249921879881155
2017-03-03,0.9988409497542207,0.9974969366779942,0.9999375078115235,-0.00021065202860414876,-0.0004506546522348498,0.00012500781298818708
2017-03-06,0.9988690330827187,1.000234961925085,1.0000624921884764,2.8115916257670455e-05,0.0027448958953292133,0.00012499218798822653
2017-03-07,0.9987054162889305,1.0006879709126841,1.0001874765654295,-0.00016380204848599,0.00045290257273900014,0.00012497656689380854
2017-03-08,0.9984360148479188,0.9986741755604193,1.0003124609423824,-0.0002697506558167756,-0.002012410872120396,0.00012496094970315674
2017-03-09,0.9981632182485751,0.9953889609554469,1.0000624921884766,-0.00027322391749388887,-0.0032895760052359833,-0.0002498906728305439
2017-03-10,0.9980143488482494,0.994583505414324,1.0000624921884766,-0.0001491433440984972,-0.0008091867327418845,0.0
2017-03-13,0.998600845580859,0.9990998131217991,1.0003124609423824,0.0005876636275685399,0.004540903486624348,0.00024995313378739503
2017-03-14,0.998373211713681,0.9976962765155115,1.0004374453193352,-0.00022795280835720825,-0.0014048011898851632,0.00012494533641538297
2017-03-15,0.9987044394151967,0.9985948033750092,1.0003749531308588,0.00033176741686318135,0.0009006015965458691,-6.24648635142444e-05
2017-03-16,0.9991919459290647,1.0030842377371885,1.0003749531308588,0.0004881389274222845,0.0044957517774039,0.0
2017-03-17,0.9986335750584848,0.998871070902669,0.9998125234345708,-0.000558822429318765,-0.004200212380989799,-0.0005622188905547443
2017-03-20,0.998859895095177,0.9999034906215197,1.0000624921884766,0.00022662970917933917,0.00103358656479835,0.0002500156259765962
2017-03-21,0.9982771660912843,0.9996097015687957,1.0000624921884766,-0.0005833941344069058,-0.00029381740885962013,0.0
2017-03-22,0.9983680011090417,0.9983805690031763,0.9999375078115237,9.099178148392951e-05,-0.0012296124814419884,-0.00012497656689380854
2017-03-23,0.9985112001684713,0.9992123411688932,1.000124984376953,0.00014343314215851296,0.0008331213482524524,0.0001874882819823398
2017-03-24,0.9988136185491835,1.0018284146957277,1.0004374453193354,0.00030286929246389364,0.0026181357245589456,0.0003124218945265156
2017-03-27,0.999416107757598,1.001748847163787,1.0008748906386704,0.0006032048394471546,-7.942231501265607e-05,0.00043725404459982187
2017-03-28,0.9994719335018688,1.0008552185968946,1.0004999375078116,5.585835953358508e-05,-0.0008920684754691211,-0.0003746253746254036
2017-03-29,0.9995362180030044,0.9993539521261177,1.0008748906386702,6.431846556241955e-05,-0.0014999836568584946,0.0003747657713928376
2017-03-30,0.9994283393982213,0.9945126600651985,1.0009373828271464,-0.0001079286601526354,-0.004844421789316466,6.243756243740073e-05
2017-03-31,0.9992172472130666,0.9953148251801767,1.000999875015623,-0.0002112129272637454,0.0008065911548331362,6.243366423186458e-05
2017-04-05,0.9999983673530974,1.0029368737054494,1.001562304711911,0.0007817320429662573,0.007657927253211683,0.0005618678986141212
2017-04-06,1.000144534720728,1.004126589154369,1.0018122734658168,0.0001461676062706179,0.001186231636417867,0.0002495788357146367
2017-04-07,1.000463529408413,1.0051352446056265,1.0021872265966754,0.0003189485885396843,0.0010045102501538671,0.000374274842492639
2017-04-10,1.0005989402506859,1.0025744189639474,1.0027496562929634,0.00013534810444608883,-0.0025477423614608365,0.0005612022198666633
2017-04-11,1.0006539306157518,1.0050476034696532,1.0026246719160103,5.495744883779409e-05,0.00246683384188221,-0.00012464165524128656
2017-04-12,1.000771069347113,1.0038448068396373,1.0026246719160103,0.00011706218081721081,-0.0011967558808791523,0.0
2017-04-13,1.0008596666948628,1.0042301338464985,1.0029996250468691,8.852908568568327e-05,0.00038385117324496454,0.00037397157816010385
2017-04-14,1.0006420297959817,0.9997810119765541,1.0030621172353456,-0.0002174499643888912,-0.004430380766311959,6.23052959500825e-05
2017-04-17,1.0005036935340794,0.9967675726515532,1.0030621172353456,-0.00013824750288612606,-0.0030140993766658354,0.0
2017-04-18,1.000372450949046,0.9933419480152643,1.0031871016122984,-0.00013117651227248105,-0.0034367336280576644,0.00012460282848425486
2017-04-19,1.0001084093465482,0.9897556404763836,1.0030621172353453,-0.0002639432965664634,-0.0036103454062786145,-0.00012458730455378042
2017-04-20,1.0003212121526934,0.9910834303740818,1.0029371328583925,0.00021277973883261612,0.001341533044518972,-0.00012460282848414383
2017-04-21,1.0002207628216118,0.9900410565850076,1.0031246094238218,-0.00010041707589649662,-0.001051751807293011,0.0001869275344257293
2017-04-24,1.000131252782072,0.9826142977993582,1.003312085989251,-8.949028341222599e-05,-0.0075014654556517565,0.0001868925990531345
2017-04-25,1.000551705443287,0.9845432755045265,1.0036245469316332,0.0004203974828758055,0.0019631077112234885,0.00031142946122697523
2017-04-26,1.0005704655546521,0.9852803741878104,1.0034995625546803,1.874976701654295e-05,0.0007486706797182663,-0.0001245330012452639
2017-04-27,1.0006569841600084,0.9867992321873207,1.0036870391201096,8.646927761184417e-05,0.0015415490243194108,0.00018682276746795345
2017-04-28,1.0009115476121178,0.9875694392449114,1.0036870391201096,0.0002543963177582728,0.0007805103940783043,0.0
2017-05-02,1.0013361802036882,0.9872996912739977,1.0039995000624917,0.0004242458712595419,-0.00027314329523999705,0.0003113131187346685
2017-05-03,1.0012083706234471,0.9859286759926149,1.0039995000624917,-0.0001276390314939516,-0.0013886515852280733,0.0
2017-05-04,1.0007552395473627,0.9835580068136685,1.0038745156855389,-0.000452584186648749,-0.002404503730008356,-0.0001244864932155032
2017-05-05,1.000612740094203,0.9798682107209873,1.0038745156855389,-0.00014239191315546505,-0.0037514778661957514,0.0
2017-05-08,0.9998970817666846,0.9741045755682604,1.0038745156855389,-0.0007152200834972774,-0.005882051371465591,0.0
2017-05-09,0.9996820599753882,0.9744227977262612,1.0038745156855389,-0.00021504392323697607,0.00032668171978882387,0.0
2017-05-10,0.9987916740243992,0.9695208086706856,1.0029371328583925,-0.0008906691303541406,-0.005030659244646208,-0.0009337649402388903
2017-05-11,0.998319193671743,0.9692502357299898,1.0024371953505808,-0.00047305195361948735,-0.0002790790442824931,-0.0004984734251356482
2017-05-12,0.9982621729383822,0.9717818243005564,1.0019372578427694,-5.711673553146283e-05,0.0026119040029532136,-0.0004987220248112711
2017-05-15,0.9980322669193952,0.9741324304182883,1.0004374453193348,-0.0002303062514231293,0.0024188619903687814,-0.0014969126177259984
2017-05-16,0.9987137444732762,0.9795642900341438,1.00174978127734,0.0006828211636728691,0.005576099764508435,0.0013117621337996876
2017-05-17,0.9977521236933752,0.9772956697932973,1.0011873515810519,-0.0009628592629494937,-0.002315948288363512,-0.0005614472863381126
2017-05-18,0.9979924100403407,0.9761521700108585,1.0012498437695283,0.0002408276978415026,-0.0011700653321023214,6.241807627493934e-05
2017-05-19,0.9979396074222746,0.9768985953830319,1.0009998750156226,-5.290883731667775e-05,0.0007646608747128969,-0.00024965672200716327
2017-05-22,0.9978509266495035,0.9750538222860057,1.0005624296962876,-8.886386722363213e-05,-0.0018883977372317728,-0.00043700836558868694
2017-05-23,0.9976335141874636,0.9718326016595114,1.0007499062617167,-0.00021788070365373068,-0.003303633658849858,0.00018737118231193506
2017-05-24,0.9971991043120061,0.9716239784944054,1.0003749531308583,-0.00043544033884155886,-0.00021466985646467762,-0.0003746721618581583
2017-05-25,0.9976950700915426,0.9793781085941673,1.0003124609423817,0.000497358829738204,0.007980587420019591,-6.24687656173295e-05
2017-05-26,0.9972951575447456,0.9787860402611126,0.9993125859267586,-0.00040083644671137385,-0.0006045349879267526,-0.0009995626913225086
2017-05-31,0.9980653444364772,0.9786822636748337,1.0008123984501933,0.0007722757760377895,-0.00010602581362030294,0.0015008442248765075
2017-06-01,0.9984816843720676,0.9758216314429616,1.0008123984501933,0.000417146971299271,-0.002922942754812774,0.0
2017-06-02,0.9985234073493516,0.9768981255653779,1.001062367204099,4.178642226194238e-05,0.001103166898262331,0.000249765844520633
2017-06-05,0.9988779480734896,0.978272625298479,1.0013123359580047,0.0003550650105230241,0.0014070041666888965,0.0002497034771209439
2017-06-06,0.9987463934198587,0.981242639547007,1.0008123984501933,-0.0001317024305969345,0.0030359780818989155,-0.000499282281719915
2017-06-07,0.9993174543955514,0.9881631900419839,1.0012498437695285,0.0005717777600551432,0.007052843217424565,0.0004370902279113853
2017-06-08,0.9993542270287539,0.9895631750566884,1.0010623672040992,3.679774934451118e-05,0.0014167548728919455,-0.00018724254150548347
2017-06-09,0.9991048005418097,0.990254971432913,1.0011873515810523,-0.0002495876639114218,0.0006990926841885181,0.00012485173856058296
2017-06-12,0.999323343142709,0.9874599337371279,1.0016247969003873,0.00021873841541013102,-0.0028225434624586042,0.0004369265339241313
2017-06-13,0.9996090078087545,0.9910110702618414,1.0018122734658166,0.00028585809388500995,0.0035962335314952743,0.0001871724482156445
2017-06-14,0.9994199099678897,0.9879733692038485,1.0020622422197223,-0.00018917180556370084,-0.0030652544145549853,0.00024951656166183334
2017-06-15,0.9990424101754302,0.9886063871059756,1.0019372578427694,-0.0003777189034303109,0.0006407236488948697,-0.00012472715933886658
2017-06-16,0.9992485294933635,0.9875598799341212,1.0024371953505808,0.00020631688488296078,-0.0010585680868579694,0.0004989708725751107
2017-06-19,1.0003667711002295,0.9930210583003609,1.0029371328583925,0.0011190825644076916,0.005529971880392792,0.0004987220248116042
2017-06-20,1.0001330825692838,0.9926302000264811,1.0028746406699158,-0.0002336028521705593,-0.0003936052217753394,-6.23091781420948e-05
2017-06-21,1.0003780758424126,0.99491375970054,1.002999625046869,0.00024496067313287926,0.0023005140020907256,0.00012462612163521847
2017-06-22,1.0006327005915108,0.9931660686154692,1.0029371328583925,0.00025452851801436053,-0.001756625705525272,-6.23052959500825e-05
2017-06-23,1.0009362763878413,0.995340426013478,1.0028121484814394,0.00030338384519222264,0.002189319054204231,-0.00012461835628396756
2017-06-26,1.0012788662796654,1.0015746285871976,1.0022497187851513,0.00034226943303575084,0.006263387290204458,-0.000560852495793629
2017-06-27,1.001105048622717,1.001359193774868,1.0022497187851513,-0.0001735956513234193,-0.00021509611583649945,0.0
2017-06-28,1.0014723137519785,0.9989581193684731,1.0026246719160101,0.0003668597314206921,-0.0023978153107512058,0.00037411148522270565
2017-06-29,1.0011404034687796,0.9996206137651616,1.0024996875390573,-0.00033142232555125837,0.0006631853566667178,-0.00012465719272003462
2017-06-30,1.0011018393287614,0.9988208910001226,1.0024371953505808,-3.852021143546792e-05,-0.0008000262839986449,-6.233636703645296e-05
2017-07-03,1.0014104647088893,0.9995450426390241,1.0028121484814396,0.0003082856988203603,0.0007250065005912854,0.00037404151860864765
2017-07-04,1.0009298641336084,0.9962479973587721,1.0021872265966754,-0.0004799236598956824,-0.003298545978025302,-0.0006231694397705878
2017-07-05,1.001266653156394,1.00095230546622,1.0021872265966754,0.00033647614568597267,0.004722025158313747,0.0
2017-07-06,1.0009670352597126,1.0006897297313884,1.0024996875390575,-0.00029923886482875013,-0.0002623259204236561,0.00031177901103696115
2017-07-07,1.0013063935818158,1.0013803753420865,1.0026871641044868,0.0003390304676868319,0.0006901695802188024,0.0001870091011095809
2017-07-10,1.0010958007068445,0.9992231469936672,1.0024996875390575,-0.0002103181167336038,-0.0021542546683944396,-0.00018697413524459972
2017-07-11,1.0012457298300232,0.9986284384273957,1.0022497187851518,0.00014976501057441924,-0.0005951709265951455,-0.00024934546814603387
2017-07-12,1.00164329966515,0.9990542881234683,1.0023122109736282,0.0003970751867220381,0.0004264345773522304,6.235191420378428e-05
2017-07-13,1.0020336081237107,1.0028813507413534,1.0023122109736282,0.00038966811707421916,0.003830685342508677,0.0
2017-07-14,1.0026392813187468,1.0042696007322254,1.0024371953505813,0.0006044439928218571,0.001384261448122015,0.00012469605337006584
2017-07-17,1.0032680687662978,0.995346967288979,1.0025621797275344,0.0006271322690690657,-0.008884699324504808,0.00012468050620295656
2017-07-18,1.003248871552085,0.9971147793722624,1.0024996875390577,-1.913468076018466e-05,0.0017760762240512373,-6.233248145626202e-05
2017-07-19,1.0040167220770222,1.0054522720632755,1.0025621797275344,0.0007653639557542739,0.008361617803180055,6.2336367036675e-05
2017-07-20,1.0042888042945615,1.0083154744430425,1.0024996875390577,0.0002709937111172285,0.002847676075057781,-6.233248145626202e-05
2017-07-21,1.0044071689354988,1.0082049644423023,1.002374703162105,0.00011785916603984009,-0.0001095986360828971,-0.0001246727340729059
2017-07-24,1.004961012057449,1.011273896326528,1.0027496562929636,0.0005514129519180506,0.0030439563307677166,0.00037406483790514145
2017-07-25,1.004619702816663,1.0087447651344539,1.0025621797275344,-0.0003396243602399494,-0.0025009359000180086,-0.0001869624828617633
2017-07-26,1.0044288494661007,1.0077993781617063,1.0024371953505815,-0.00018997571919716235,-0.0009371914535999726,-0.00012466496291219098
2017-07-27,1.0045427073759354,1.0110973377445907,1.00193725784277,0.00011335587373394965,0.0032724366122353745,-0.0004987220248112711
2017-07-28,1.0047197459791666,1.011998068908913,1.0019997500312465,0.0001762380055433636,0.0008908451547617657,6.237135907194435e-05
2017-07-31,1.0051689046800358,1.0155671687536567,1.0021247344081994,0.0004470487443555295,0.0035267852324974537,0.0001247349382562657
2017-08-01,1.005339241864242,1.0188251993985211,1.0014373203349585,0.00016946125513136879,0.0032080897700372036,-0.0006859565976553572
2017-08-02,1.0063251154047634,1.0184855537149524,1.00281214848144,0.00098063767877336,-0.0003333699281969693,0.0013728549141964752
2017-08-03,1.005511227920401,1.0158806391714021,1.0021247344081994,-0.000808771908703677,-0.0025576352399391267,-0.0006854863837476577
2017-08-04,1.005489387934556,1.013977563525889,1.0016872890888642,-2.1720280429180286e-05,-0.0018733260307680743,-0.0004365178348716414
2017-08-07,1.0055370638720076,1.0156876230349603,1.0019997500312465,4.741565452981608e-05,0.0016864865363736103,0.000311934618504095
2017-08-08,1.0052847659044224,1.0157706803132813,1.0016872890888644,-0.00025090867025190263,8.177443186011547e-05,-0.0003118373456405532
2017-08-09,1.0050834725245572,1.015419193887997,1.0017497812773408,-0.0002002351837930679,-0.0003460293076936294,6.23869237008634e-05
2017-08-10,1.0045054758974807,1.011961376366836,1.001499812523435,-0.0005750732579699437,-0.0034053103801604313,-0.0002495321272615314
2017-08-11,1.0044599260191445,1.004625454527815,1.00193725784277,-4.534557494141439e-05,-0.00724921129436642,0.00043679021589926315
2017-08-14,1.0052976332060544,1.0126598663396613,1.0019997500312465,0.0008339876636291128,0.00799742010879303,6.237135907194435e-05
2017-08-15,1.0058150613972232,1.013996489618083,1.0032495938007753,0.0005147014914566857,0.0013199133518079665,0.0012473493825619908
2017-08-16,1.0058869864643836,1.0138475101953415,1.003499562554681,7.150923655924232e-05,-0.00014692301626988423,0.0002491590880777661
2017-08-17,1.005766602011688,1.016575461823258,1.0034370703662046,-0.00011967989875166221,0.0026906922396949472,-6.227425582272517e-05
2017-08-18,1.0059113511904696,1.0163783804826316,1.0034995625546812,0.00014391925372359032,-0.0001938678908036451,6.227813414727557e-05
2017-08-21,1.0059433386499976,1.018338448857955,1.0033745781777283,3.179948162463898e-05,0.0019284829478492082,-0.0001245485116453393
2017-08-22,1.0064772539879983,1.0194381422288965,1.0034370703662048,0.0005307608465473903,0.0010798898658642142,6.228201295455094e-05
2017-08-23,1.0063154480424483,1.018064930219935,1.0033745781777283,-0.00016076463219494283,-0.0013470282816367084,-6.227813414705352e-05
2017-08-24,1.0060418129255837,1.01489463222192,1.0032495938007753,-0.00027191783391274945,-0.0031140430280121034,-0.00012456402590943494
2017-08-25,1.006616128527268,1.0223479813854222,1.0031246094238224,0.0005708665328869382,0.007343963527705899,-0.00012457954403877203
2017-08-28,1.007503613043668,1.0291092469537468,1.0034370703662043,0.0008816513974385376,0.0066134679105661846,0.0003114876650882614
2017-08-29,1.007911240624825,1.03025340619875,1.0034370703662043,0.0004045916817362919,0.0011117957091436258,0.0
2017-08-30,1.008089700846047,1.0298903441356624,1.0041869766279217,0.000177059461219477,-0.00035240074034531554,0.0007473376097653084
2017-08-31,1.0084193193887818,1.0299823019955858,1.0043119610048745,0.0003269734255376128,8.928898153792719e-05,0.0001244632522248157
2017-09-01,1.0088969500833107,1.032683770586107,1.0046244219472567,0.0004736429433129569,0.0026228301061941408,0.0003111194076286239
2017-09-04,1.009362685647106,1.0356425553600948,1.004686914135733,0.0004616284782671718,0.0028651411576929853,6.220452848970659e-05
2017-09-05,1.009021070988395,1.0361740228767822,1.0043744531933507,-0.0003384458961766478,0.0005131765916114084,-0.00031100329663502624
2017-09-06,1.0086722645641533,1.036946153615647,1.0031871016122984,-0.00034568794871671176,0.0007451747696984312,-0.0011821801891488404
2017-09-07,1.0085653855700663,1.0338108418387861,1.003562054743157,-0.00010596008023784672,-0.003023601337377557,0.0003737619136610082
2017-09-08,1.0086102873582345,1.0341915170963847,1.003437070366204,4.452045332000304e-05,0.00036822525184725395,-0.0001245407559624656
2017-09-11,1.0091773004586295,1.0362870451119146,1.0036245469316336,0.0005621726324843304,0.002026247538186465,0.0001868344024413826
2017-09-12,1.0091219032247998,1.0358418503924698,1.0034995625546808,-5.4893460053691205e-05,-0.0004296056015992922,-0.0001245330012452639
2017-09-13,1.00924411101502,1.0366557923647606,1.0034995625546808,0.00012110309946674694,0.0007857782266496027,0.0
2017-09-14,1.0091166488879015,1.0347621091811547,1.003562054743157,-0.00012629464539594838,-0.0018267231973748688,6.227425582250312e-05
2017-09-15,1.0093394231837332,1.034030434066522,1.0036245469316334,0.00022076168902478318,-0.0007070950010062526,6.227037798112178e-05
2017-09-18,1.0095292710965933,1.0353771821897924,1.0037495313085862,0.0001880912490876465,0.0013024260011130107,0.00012453300124537492
2017-09-19,1.0094924452757559,1.0338575042927012,1.0037495313085862,-3.6478210084402815e-05,-0.001467752934130917,0.0
2017-09-20,1.0097571644595007,1.0358120164646318,1.0038120234970627,0.0002622299800099882,0.0018905044107290659,6.225874735399373e-05
2017-09-21,1.0094692844678055,1.0324649390747986,1.0037495313085862,-0.0002850982412680378,-0.0032313560150202592,-6.22548714436233e-05
2017-09-22,1.0093336890023021,1.0311696162484512,1.0034995625546805,-0.00013432351790166697,-0.0012545925554703573,-0.0002490349894159749
2017-09-25,1.0093605407022075,1.0269151041278803,1.0037495313085862,2.660339211695943e-05,-0.004125909116726445,0.0002490970232904566
2017-09-26,1.0095964698604123,1.0283879671931426,1.0037495313085862,0.0002337412140570585,0.001434259813047567,0.0
2017-09-27,1.0095489480652553,1.0292001098984107,1.0038120234970627,-4.7070088471613575e-05,0.0007897240449873611,6.225874735399373e-05
2017-09-28,1.0095574379040504,1.0279624693974447,1.003999500062492,8.409536567008896e-06,-0.0012025265923146678,0.0001867646143309809
2017-09-29,1.0102307991979491,1.0319405171608664,1.0041869766279212,0.000666986610783383,0.003869837549374089,0.0001867297398232548
2017-10-09,1.0115277056616327,1.0376017469485654,1.0048118985126855,0.0012837724455770215,0.005486003983325072,0.0006223162611238564
2017-10-10,1.0116160050564253,1.039231629036086,1.0048118985126855,8.729310556540774e-05,0.001570816637803263,0.0
2017-10-11,1.0118821242091731,1.0395265026278782,1.0049368828896386,0.0002630634068832595,0.0002837419335146585,0.00012438584489093962
2017-10-12,1.012162144513052,1.040205989265315,1.0051868516435443,0.0002767321382396019,0.000653650133709116,0.00024874074995340223
2017-10-13,1.0123304512083875,1.0416376845027324,1.0053118360204971,0.00016628432138854387,0.001376357425540675,0.00012433944668943653
2017-10-16,1.0128484782811893,1.0391491675167246,1.0058117735283085,0.0005117173667784322,-0.002389042776611694,0.0004972959532540955
2017-10-17,1.012858171347592,1.0383436088067979,1.0059367579052616,9.570105114916996e-06,-0.0007752098881547598,0.00012426219322780874
2017-10-18,1.0126467971261903,1.037886332592595,1.0054993125859266,-0.0002086908388371925,-0.0004403900696496765,-0.00043486363918743276
2017-10-19,1.0125218703060719,1.034731572445125,1.0056242969628795,-0.00012336662740941118,-0.0030396008198602664,0.00012430080795522436
2017-10-20,1.01271093785093,1.0370881046377798,1.005561804774403,0.00018672934422748195,0.0022774333512277424,-6.214267959225861e-05
2017-10-23,1.0125670278341201,1.0370588043533848,1.0057492813398323,-0.00014210374493965676,-2.825245440966073e-05,0.00018643962463493757
2017-10-24,1.0131439137870888,1.0386879075738022,1.0063117110361204,0.000569726188104997,0.0015708879897444073,0.0005592146141419896
2017-10-25,1.0128761561121191,1.0393711559377117,1.0064366954130735,-0.00026428394952197204,0.0006577994784837448,0.00012420045954186776
2017-10-26,1.012746654096134,1.0414024189150768,1.0056242969628797,-0.00012785572570111052,0.001954319172473573,-0.0008072027320709108
2017-10-27,1.0127208291372272,1.0429127009144734,1.0053118360204976,-2.5499920244171942e-05,0.0014502386128216304,-0.0003107133979616261
2017-10-30,1.0120588829579589,1.0361110376793956,1.0048743907011626,-0.0006536314453335758,-0.006521795380489448,-0.00043513395909733354
2017-10-31,1.012248177499751,1.037190828004717,1.004936882889639,0.00018703905966307717,0.001042156956208018,6.218905472632485e-05
2017-11-01,1.0123425398291135,1.0367329017991556,1.0051243594550683,9.322054754944442e-05,-0.0004415062235387457,0.00018655556246494065
2017-11-02,1.012175377810726,1.0343000760754026,1.0050618672665919,-0.00016512396922058152,-0.0023466272938101663,-6.217358865945322e-05
2017-11-03,1.0122218379915273,1.0326051632876125,1.0051868516435445,4.5901314949573196e-05,-0.0016387050789180902,0.00012435490890982948
2017-11-06,1.0126685508797242,1.0350730126193655,1.0054993125859268,0.00044131915695792986,0.0023899254230880128,0.00031084861672381336
2017-11-07,1.0129263674679212,1.0395273365782154,1.0051868516435445,0.00025459128554256645,0.004303391069561124,-0.0003107520198881719
2017-11-08,1.0129982823334636,1.040227911126373,1.0050618672665916,7.099713054372427e-05,0.0006739356662460172,-0.0001243394466893255
2017-11-09,1.0131029058017187,1.0428738607963357,1.005124359455068,0.00010328099275169124,0.002543624951475765,6.217745445491474e-05
2017-11-10,1.0139383884798687,1.0477184998133935,1.00543682039745,0.0008246770129328577,0.004645469791867696,0.0003108679432974881
2017-11-13,1.0139126721080198,1.0493076171786817,1.004999375078115,-2.5362854529537936e-05,0.0015167407710860558,-0.00043507986823287936
2017-11-14,1.0133321038415668,1.04543066227262,1.0044994375703036,-0.0005726018447388856,-0.0036947743851187043,-0.0004974505658499329
2017-11-15,1.0126132304604947,1.040642055591478,1.0039370078740157,-0.0007094153815385622,-0.004580511031436751,-0.0005599104143336753
2017-11-16,1.0129028830644338,1.0429250846610543,1.0040619922509686,0.0002860446567614162,0.002193865851672394,0.0001244942421412265
2017-11-17,1.0125879959739121,1.0389151996132517,1.0040619922509686,-0.00031087589519833035,-0.003844844760930932,0.0
2017-11-20,1.0130735207072423,1.0409175987641166,1.0042494688163979,0.00047948892862696756,0.001927394220057921,0.00018671811788140147
2017-11-21,1.0132557569223941,1.0450630879621425,1.004124484439445,0.00017988449152682906,0.0039825334905931094,-0.0001244555071561182
2017-11-22,1.0131207698926825,1.0458393621669502,1.0040619922509684,-0.0001332210834128869,0.0007428012851562582,-6.223549912887094e-05
2017-11-23,1.012524190223817,1.03407542579042,1.003999500062492,-0.0005888534581407818,-0.011248320537635314,-6.223937262705981e-05
2017-11-24,1.0128780754963007,1.0345415207561262,1.0043744531933507,0.00034950796820510185,0.00045073594641305005,0.0003734594796465096
2017-11-27,1.0127829583220735,1.0295874200785091,1.0046244219472564,-9.390782220307286e-05,-0.004788691974389037,0.0002488800398208202
2017-11-28,1.0136987272185718,1.0334033057009535,1.0047494063242093,0.0009042104124809987,0.003706227900641401,0.00012440905697941318
2017-11-29,1.0137803068514226,1.0333322204902495,1.0047494063242093,8.04771976725821e-05,-6.878748143336333e-05,0.0
2017-11-30,1.013777924472788,1.0292857766047299,1.0049368828896388,-2.3499949826237586e-06,-0.003915917654827206,0.0001865903719369122
2017-12-01,1.013612239753677,1.0285927511161335,1.0048743907011624,-0.0001634329522385588,-0.0006733071653650558,-6.218518748823954e-05
2017-12-04,1.0135771780525278,1.0273450101394095,1.0050618672665919,-3.4590842310361684e-05,-0.0012130563581845167,0.0001865671641791966
2017-12-05,1.013149479897287,1.0241593798147457,1.0053118360204976,-0.00042196900690125844,-0.003100837881357443,0.00024870981782010304
2017-12-06,1.013039244957536,1.0231792815735643,1.0053118360204976,-0.00010880422083637601,-0.0009569782403971549,0.0
2017-12-07,1.0129734639817303,1.0202850712549438,1.0056242969628797,-6.493428179935785e-05,-0.0028286443741993962,0.0003108099707838097
2017-12-08,1.0133386141101774,1.0250605550032708,1.0056242969628797,0.00036047353798591416,0.004680538687538582,0.0
2017-12-11,1.0139763354681735,1.0316795433587573,1.0056242969628797,0.0006293270078887676,0.006457168138194058,0.0
2017-12-12,1.0135459213560711,1.0256136311142892,1.005374328208974,-0.00042448141741261927,-0.0058796476905220605,-0.0002485707183693675
2017-12-13,1.013650693064518,1.0288506399842152,1.0054368203974504,0.00010337144695586953,0.0031561679483619876,6.215813028331851e-05
2017-12-14,1.0138156321155871,1.0274404090459146,1.00562429696288,0.00016271783978219907,-0.0013706857764332115,0.0001864628006713609
2017-12-15,1.014032391347331,1.02485588566279,1.0056867891513563,0.00021380537533398822,-0.0025154971133795724,6.214267959236963e-05
2017-12-18,1.0145127423498341,1.0243954681670242,1.006061742282215,0.0004737038053239391,-0.0004492509651424337,0.00037283290871803487
2017-12-19,1.014661194582809,1.029226399728805,1.005936757905262,0.00014632860365163179,0.0047158853313016055,-0.00012423131871552862
2017-12-20,1.014363787591591,1.0265162511109331,1.0059992500937385,-0.0002931096535532461,-0.0026331899556655603,6.212337702682369e-05
2017-12-21,1.0145326043223593,1.0294462398019544,1.0060617422822151,0.0001664262198959547,0.0028543032687990523,6.211951795265236e-05
2017-12-22,1.0147574305276144,1.0288830366832387,1.0062492188476444,0.0002216056973400294,-0.0005470932788330885,0.0001863469780731819
2017-12-25,1.0148672533027023,1.026701717948603,1.0057492813398328,0.0001082256426848279,-0.002120084263093125,-0.0004968326915911758
2017-12-26,1.0150136441667947,1.0284078151945002,1.0058742657167858,0.00014424631755133056,0.0016617262989545578,0.00012426991425384948
2017-12-27,1.0148479758059874,1.0230658337710883,1.0054993125859273,-0.00016321786584789437,-0.005194419319345311,-0.0003727634194831131
2017-12-28,1.0150994699906104,1.0256064076479794,1.005311836020498,0.0002478146388608914,0.0024832946160721625,-0.00018645121193283654
2017-12-29,1.0148362946962637,1.0273068294448173,1.005186851643545,-0.00025926059674634833,0.001657967212526934,-0.0001243239883136349
2018-01-02,1.0162222072777525,1.0356193153847926,1.0059367579052623,0.001365651375233314,0.008091531859539546,0.0007460366801368412
2018-01-03,1.0168055424378122,1.0406323115855336,1.005749281339833,0.0005740232361407594,0.0048405781219698855,-0.00018637013108036005
2018-01-04,1.0167528267376453,1.042075941473536,1.0055618047744037,-5.184442645773379e-05,0.0013872622173367155,-0.0001864048713806632
2018-01-05,1.0175669793650401,1.0448745279157643,1.0060617422822151,0.0008007380023787,0.002685587806845302,0.0004971723323596855
2018-01-08,1.0180979151426952,1.0470412140396566,1.0066866641669794,0.0005217698573377728,0.002073632829593608,0.000621156593577199
2018-01-09,1.0181628087644299,1.048119098340182,1.0066866641669794,6.37400595458323e-05,0.00102945737576714,0.0
2018-01-10,1.018110151372367,1.0480515239505948,1.0068741407324087,-5.17180470643701e-05,-6.447205255042388e-05,0.0001862312992737536
2018-01-11,1.018540953197272,1.0497234405861833,1.0066866641669794,0.00042313871865868203,0.0015952618715598498,-0.00018619662363461575
2018-01-12,1.0187481432070973,1.050868781239253,1.0063117110361208,0.00020341843808526711,0.0010910880035507997,-0.00037246259854739616
2018-01-15,1.0187791674327003,1.046192525828888,1.006374203224597,3.0453283090336872e-05,-0.004449894690800782,6.210022977071183e-05
2018-01-16,1.018778131294898,1.048962351409559,1.0064991876015499,-1.0170386628934644e-06,0.0026475295056006655,0.00012419274714359219
2018-01-17,1.0190038818766136,1.049160047724887,1.0065616797900263,0.0002215895441616519,0.00018846845652978895,6.208866261014911e-05
2018-01-18,1.0188537814563576,1.0515946213354097,1.0066866641669792,-0.00014730112703755392,0.0023204978266204044,0.0001241696156950578
2018-01-19,1.019217962979453,1.0531795181965158,1.0066241719785027,0.00035744238253182964,0.001507136713093471,-6.207709975780684e-05
2018-01-22,1.0200969444006442,1.0593725094089648,1.006811648543932,0.0008624077019027706,0.0058802807170557966,0.00018624286069024443
2018-01-23,1.0209130471896952,1.0646260215111998,1.0069991251093613,0.0008000247364043052,0.004959079129933164,0.00018620818074599477
2018-01-24,1.0214581770172853,1.0681144696888654,1.0072490938632672,0.0005339630334735253,0.0032766888157719776,0.0002482313516198875
2018-01-25,1.0215886776736265,1.0667754741146473,1.0073115860517434,0.00012775917729925844,-0.0012536068110827303,6.204243702678802e-05
2018-01-26,1.022103863984844,1.068254915769968,1.0076240469941256,0.0005042991592181141,0.0013868350850009038,0.0003101929400086689
2018-01-29,1.0212361598246467,1.0589744856312489,1.0076240469941256,-0.0008489393209165574,-0.008687467758601408,0.0
2018-01-30,1.0203329840707356,1.0530684240944022,1.0078115235595548,-0.0008843946086537352,-0.005577151873801889,0.00018605805011162602
2018-01-31,1.0205842244430012,1.0509044219997612,1.0078115235595548,0.00024623370623908154,-0.002054949180061072,0.0
2018-02-01,1.0202693815359045,1.041864507914904,1.0078115235595548,-0.00030849282161742855,-0.008602032587944652,0.0
2018-02-02,1.019903115987288,1.041858045388428,1.0079365079365077,-0.00035898906234458196,-6.202847324987548e-06,0.00012401562596875415
2018-02-05,1.0186227378232007,1.038774296228413,1.008123984501937,-0.0012553919524483132,-0.0029598553984054197,0.000186000372000672
2018-02-06,1.0190123370038333,1.0244958476539665,1.0082489688788898,0.0003824764224929777,-0.013745477363358705,0.00012397718819734393
2018-02-07,1.0180436997144433,1.0169546507733322,1.0083114610673662,-0.0009505648304887618,-0.007360885744830692,6.198090987963312e-05
2018-02-08,1.016150566082655,1.0097544914484615,1.008373953255843,-0.0018595799299374151,-0.007080118390132129,6.197706848487528e-05
2018-02-09,1.0160003499442032,0.9936421882674832,1.0084989376327957,-0.00014782862251512552,-0.01595665413467562,0.0001239464551312519
2018-02-12,1.0173209379557977,1.0026565852771536,1.0088113985751779,0.0012997909023033083,0.009072075558091874,0.00030982773577892253
2018-02-13,1.018026163744325,1.007901148252645,1.0090613673290838,0.000693218592300327,0.005230667261853816,0.00024778541782821684
2018-02-14,1.0191372259042375,1.012313472181403,1.009373828271466,0.0010913886101177406,0.004377734797115429,0.00030965504428071
2018-02-22,1.0202566843214238,1.021376139316492,1.0101862267216597,0.0010984373730368669,0.008952431617411882,0.0008048538880633949
2018-02-23,1.0211106502354301,1.0255395533677543,1.0106236720409947,0.000837010849455396,0.004076278944648704,0.00043303433343644393
2018-02-26,1.022474452101153,1.0344654738457935,1.0113110861142358,0.0013356063472732618,0.008703633564134594,0.0006801879792235344
2018-02-27,1.0221081505047855,1.0287625701124812,1.012060992375953,-0.00035825012117892394,-0.005512899055113696,0.0007415188778345794
2018-02-28,1.0217413210725426,1.0245532084561153,1.0126859142607174,-0.0003588949291343108,-0.004091674579398486,0.000617474529175821
2018-03-01,1.0214765649720081,1.0268679914778436,1.0129983752030995,-0.0002591224364465212,0.0022593097192250998,0.000308546744831828
2018-03-02,1.0215974757394957,1.0242250183334056,1.0131233595800526,0.0001183686162110428,-0.0025738197766142614,0.00012338062924133197
2018-03-05,1.0220766899856448,1.0260901177151742,1.013185851768529,0.00046908323241731935,0.0018209859634198745,6.168270416972987e-05
2018-03-06,1.0227526307880155,1.031901589714296,1.0136857892763407,0.0006613405911646952,0.00566370526212896,0.0004934311971875882
2018-03-07,1.0227792244253362,1.0290015092931875,1.0136857892763407,2.6002022894081826e-05,-0.0028104234454291,0.0
2018-03-08,1.0231711031044655,1.0326172942514102,1.0141232345956757,0.00038315080104344535,0.0035138772155022813,0.0004315393625546893
2018-03-09,1.0236005777718256,1.0385216944864963,1.0142482189726285,0.0004197486286086343,0.005717897877515632,0.00012324377618933013
2018-03-12,1.0241122414661157,1.0425610692532878,1.0145606799150106,0.0004998665547883783,0.003889542980408256,0.00030807147258160583
2018-03-13,1.0238561021682013,1.0385404405596534,1.0146231721034873,-0.0002501086185120701,-0.003856492259502964,6.159531875593593e-05
2018-03-14,1.0235821214484608,1.034447281489465,1.0145606799150106,-0.00026759690073659874,-0.003941261129882201,-6.159152500628817e-05
2018-03-15,1.0235497417696395,1.0352487834741215,1.0146231721034873,-3.1633689318047236e-05,0.0007748118236655221,6.159531875593593e-05
2018-03-16,1.0234587328975122,1.0323091666648678,1.0148106486689163,-8.891494806093748e-05,-0.002839526939011616,0.0001847745750183094
2018-03-19,1.02328495985643,1.0322083156870527,1.0151231096112985,-0.0001697899832172699,-9.769454836964231e-05,0.0003079007328037342
2018-03-20,1.0238473587899772,1.0334507432202011,1.0156230471191101,0.0005496014850311672,0.001203659682126712,0.0004924895345974623
2018-03-21,1.023840924505436,1.0307800928505564,1.0159355080614922,-6.2844177757149485e-06,-0.0025842067337656593,0.0003076544425300032
2018-03-22,1.0239214287629972,1.0262200251911502,1.0162479690038746,7.862965391813052e-05,-0.004423899618390547,0.000307559820385217
2018-03-23,1.0238795851422609,1.0074338167140484,1.0171228596425448,-4.086604651590151e-05,-0.018306218954948383,0.0008609027179928841
2018-03-26,1.024924100791024,1.0116391249550791,1.0174978127734036,0.0010201547759330857,0.004174277427719464,0.0003686409437209104
2018-03-27,1.0248856381854339,1.0147686022280027,1.0174353205849271,-3.7527272078439566e-05,0.003093471966164385,-6.14175162756414e-05
2018-03-28,1.0246592243954835,1.004794693391906,1.0178102737157857,-0.00022091615055815043,-0.00982875190875857,0.00036852773171180964
2018-03-29,1.0245875118848644,1.010177202894985,1.0179352580927385,-6.998669305044192e-05,0.005356825168840396,0.0001227973230182311
2018-03-30,1.0251513099090332,1.0158756918119003,1.0183727034120738,0.0005502682959036201,0.005641078516308429,0.0004297378599056323
2018-04-02,1.0254215178221455,1.0133307821806323,1.0190601174853147,0.00026357856689101367,-0.0025051388194246792,0.0006750122729504149
2018-04-03,1.0262752948913096,1.0086230979851527,1.0195600549931263,0.0008326108379093503,-0.004645752678458026,0.0004905868645368461
2018-04-04,1.0266762260917848,1.008092684971221,1.019810023747032,0.000390666327515583,-0.0005258783137042866,0.0002451731535395574
2018-04-09,1.0271941460721206,1.007915499695597,1.0208723909511317,0.0005044628161961774,-0.00017576288199036005,0.0010417304981924502
2018-04-10,1.0277639692976592,1.0181111144788666,1.020809898762655,0.0005547376099422872,0.010115545188409758,-6.121449559270964e-05
2018-04-11,1.0281527641329402,1.0209731083018576,1.0206849143857024,0.00037829194921743507,0.002811081995167053,-0.00012243648607268565
2018-04-12,1.0285494669247135,1.020895483246104,1.0208723909511317,0.0003858403202443713,-7.603046066786411e-05,0.00018367721790246705
2018-04-13,1.0281803804729588,1.0169338691015302,1.0209973753280843,-0.0003588417121620296,-0.00388052862373055,0.0001224289911849752
2018-04-16,1.0289403021130046,1.0127963985625021,1.0216847894013252,0.0007390936984191096,-0.004068573842155099,0.0006732770228914386
2018-04-17,1.029317576748041,1.0074307166275265,1.0221222347206602,0.00036666328868812444,-0.005297888047974264,0.0004281607437763846
2018-04-18,1.0307652575841009,1.0132252216045157,1.0239970003749534,0.0014064472119806103,0.005751765239387152,0.0018341892883346755
2018-04-19,1.0312204482002376,1.0187313659073773,1.0243719535058118,0.00044160453875170694,0.005434274814184325,0.0003661662394724985
2018-04-20,1.0307573012482067,1.0088650582561962,1.0246219222597177,-0.0004491250661672549,-0.00968489631453836,0.00024402147388991047
2018-04-23,1.0303156394393531,1.0068554627670885,1.0244344456942884,-0.0004284828332710428,-0.0019919368528645066,-0.00018297145645285173
2018-04-24,1.030443428045249,1.0171159323351295,1.0243719535058118,0.00012402859959046385,0.010190608232727582,-6.1001647044589546e-05
2018-04-25,1.0304554768918934,1.0142205718182085,1.0243719535058118,1.1692875432483957e-05,-0.00284663765936084,0.0
2018-04-26,1.0305576725320342,1.0083978634874355,1.0244969378827646,9.917521177056326e-05,-0.005741067074132,0.00012201073694484421
2018-04-27,1.0306303297662185,1.0091598049237807,1.0243719535058116,7.05028317394692e-05,0.0007555960439167176,-0.0001219958521411213
2018-05-02,1.0305781317155793,1.0067453542777514,1.0247469066366701,-5.0646724758350044e-05,-0.0023925354876888406,0.00036603221083453263
2018-05-03,1.0318988922889902,1.0122878735408578,1.0256217972753403,0.0012815724812754125,0.005505383500957595,0.0008537626539821819
2018-05-04,1.0323663623885466,1.0125346229414276,1.025871766029246,0.0004530192861430162,0.00024375418003037553,0.00024372410431383607
2018-05-07,1.0332612767631952,1.0234068121495852,1.0263092113485812,0.0008668573553462941,0.010737597472542326,0.0004264132553606359
2018-05-08,1.033366971355776,1.027591923287766,1.0262467191601048,0.00010229222265244404,0.004089391519087338,-6.089021494237734e-05
2018-05-09,1.0333361673605306,1.0289515001574812,1.025996750406199,-2.9809347598142597e-05,0.0013230708016518378,-0.00024357569114596966
2018-05-10,1.0336264355003288,1.0340173571443512,1.026121734783152,0.00028090388100881315,0.00492331950154572,0.00012181751735895752
2018-05-11,1.0338193536544484,1.0304257484720365,1.026434195725534,0.0001866420473525723,-0.003473451047508125,0.0003045066991473888
2018-05-14,1.0338445086010906,1.0299717818027594,1.026434195725534,2.4332052358238188e-05,-0.0004405622335722836,0.0
2018-05-15,1.0336489631569004,1.0328565695925094,1.0266216722909636,-0.00018914395981527805,0.0028008415771358154,0.0001826484018265795
2018-05-16,1.0332329038834465,1.0290288075773382,1.0268716410448693,-0.00040251505906147044,-0.0037059957092408723,0.00024348672997320797
2018-05-17,1.0328472733330867,1.0277534826160126,1.0268091488563929,-0.0003732271290533331,-0.0012393481620093017,-6.085686465429063e-05
2018-05-18,1.0331521091121127,1.0323754070041258,1.0270591176102986,0.0002951411955054458,0.004497113817944565,0.0002434422737507269
2018-05-21,1.0337655826625007,1.0357263038493374,1.0277465316835395,0.0005937882185762249,0.003245812349342669,0.0006693033160938278
2018-05-22,1.0339655407468238,1.0358862117667604,1.0280589926259216,0.00019342691193888602,0.00015439205978332594,0.0003040252949044753
2018-05-23,1.0339273108693992,1.0299797702811135,1.0281839770028744,-3.69740343540501e-05,-0.005701824600573802,0.00012157315664707014
2018-05-24,1.034212957482743,1.0278060720697395,1.0282464691913509,0.0002762733998232036,-0.0021104280628547523,6.077918920555092e-05
2018-05-25,1.0342680518078438,1.0227920946113316,1.0284339457567802,5.327174128128422e-05,-0.0048783302557368294,0.00018232648596083756
2018-05-28,1.0343103920401622,1.0186260968165566,1.0289338832645918,4.093738779281517e-05,-0.004073161903307698,0.0004861153308624022
2018-05-29,1.0339925362370659,1.0140351065672304,1.0288713910761151,-0.0003073118142700889,-0.004507041655102106,-6.073489219571293e-05
2018-05-30,1.0341237558237162,1.0044520424354022,1.029121359830021,0.000126905738727835,-0.009450426390334077,0.0002429543245872079
2018-05-31,1.0344116757578,1.0129775410237596,1.0292463442069737,0.00027841922445181723,0.008487710939077098,0.00012144765606003638
2018-06-01,1.034457928943125,1.0105055167675514,1.029433820772403,4.471448496659182e-05,-0.002440354456141014,0.00018214936247717972
2018-06-04,1.0341621430478403,1.0113272605258126,1.0291838520184973,-0.00028593322841752013,0.0008132006650393043,-0.00024282158683897048
2018-06-05,1.0343969054817075,1.0157548472997384,1.0291213598300208,0.00022700737543470033,0.004377996071839063,-6.0720140870662576e-05
2018-06-06,1.0347422717660641,1.0157866260193504,1.0293088363954501,0.00033388178418405494,3.128581635258865e-05,0.00018217148409038764
2018-06-07,1.0347068047104016,1.0147752561915777,1.0293088363954501,-3.4276221848079067e-05,-0.0009956518444588446,0.0
2018-06-08,1.0346126010260432,1.009509502683344,1.0294963129608794,-9.104384346313979e-05,-0.0051890834705567105,0.0001821383036852975
2018-06-11,1.0349522358142675,1.0083680514907576,1.0298087739032615,0.00032827242572476366,-0.001130698809226116,0.00030350855894134554
2018-06-12,1.035132167028865,1.0140131099707985,1.029746281714785,0.00017385460736323054,0.0055982123508327986,-6.0683293889085554e-05
2018-06-13,1.0349197433818778,1.0067273965684467,1.0298087739032613,-0.00020521403329285218,-0.007185028803583848,6.068697657468647e-05
2018-06-14,1.03532073887729,1.0066343062775571,1.0301212348456434,0.0003874653063452988,-9.24682205002858e-05,0.0003034164694459829
2018-06-15,1.0350660621941046,1.0010742276638582,1.030058742657167,-0.0002459881982675584,-0.005523434457801846,-6.066488716327534e-05
2018-06-19,1.0338729800806086,0.9764522230543856,1.0306211723534549,-0.0011526627691443088,-0.02459558335342561,0.0005460171085358567
2018-06-20,1.0340237296717905,0.9799746052419863,1.0309961254843136,0.00014581055321728168,0.0036073267123941767,0.0003638127577008099
2018-06-21,1.033812103995124,0.971820966537429,1.0315585551806017,-0.000204662301834844,-0.0083202550973695,0.0005455206691720171
2018-06-22,1.0343394991078652,0.9760215558928388,1.0316210473690783,0.0005101460030338412,0.00432239013156539,6.0580359847461906e-05
2018-06-25,1.0347635955120174,0.9723852479976643,1.0321834770653662,0.000410016638171636,-0.0037256430180458654,0.0005451902108066786
2018-06-26,1.0348321691460416,0.9730289831059565,1.0322459692538428,6.626985557054899e-05,0.0006620165306063352,6.054368226693363e-05
2018-06-27,1.0347898423673352,0.9683560241204492,1.032433445819272,-4.090207085580628e-05,-0.0048024869419522,0.00018162005085353705
2018-06-28,1.0348153237473778,0.9656322058975931,1.0327459067616542,2.4624690926954525e-05,-0.0028128272608517802,0.00030264511833411056
2018-06-29,1.0358949074969044,0.9789366231909479,1.0338707661542301,0.0010432622369922944,0.013777934509742051,0.001089192787123272
2018-07-02,1.0363725453480181,0.9707125238022002,1.034433195850518,0.00046108716980569294,-0.008401053953769066,0.0005440038684718651
2018-07-03,1.0367279231970252,0.9735320407909763,1.0350581177352822,0.00034290550304755257,0.002904584951404954,0.0006041200990756224
2018-07-04,1.0368369552289887,0.9670213176541643,1.0349956255468058,0.00010516937908570786,-0.0066877338022919616,-6.037553583282396e-05
2018-07-05,1.0373397844334107,0.9626086759573996,1.0358080239969996,0.0004849645856912267,-0.0045631276334932025,0.0007849293563579884
2018-07-06,1.037691123150499,0.9658524744188828,1.0358080239969996,0.0003386920297097218,0.0033697997353462237,0.0
2018-07-09,1.0383036931979024,0.9779592375630912,1.0360579927509053,0.0005903202154640819,0.01253479539045831,0.00024132730015069548
2018-07-10,1.0383546246460449,0.9809988462468087,1.0363704536932876,4.905255415738274e-05,0.003108113883449426,0.00030158634417043473
2018-07-11,1.0384776637642714,0.9733900009642222,1.0366829146356697,0.00011849431331653798,-0.007756222458055961,0.0003014954172695372
2018-07-12,1.0386619030149202,0.9808827694854024,1.0368078990126226,0.00017741281982027688,0.007697601694858158,0.00012056181807218458
2018-07-13,1.0387894910085667,0.9821086090976351,1.0369328833895755,0.0001228388114321583,0.0012497310079937485,0.00012054728467236764
2018-07-16,1.0392816660616127,0.9803719668607291,1.0373703287089107,0.0004737967194568751,-0.0017682792115034207,0.00042186464171645177
2018-07-17,1.0394978849175196,0.9770239504982392,1.0377452818397692,0.00020804644493182086,-0.0034150470185419944,0.00036144578313246356
2018-07-18,1.0390409031303942,0.9747922032306314,1.0379327584051987,-0.0004396178133269018,-0.002284229845614061,0.0001806575936409427
2018-07-19,1.0398088880999585,0.9744275420352729,1.0383077115360575,0.0007391287169258839,-0.0003740912105675842,0.00036124992473962614
2018-07-20,1.0404557291543126,0.9841610786430182,1.038682664666916,0.0006220768660057115,0.009988979362605899,0.00036111947035810665
2018-07-23,1.041385031686803,0.988683206807519,1.039120109986251,0.0008931687398614971,0.004594906527634735,0.0004211539618554916
2018-07-24,1.0413151191425276,0.9962460823868392,1.0388076490438687,-6.713419354811404e-05,0.00764944274085626,-0.00030069761847495435
2018-07-25,1.04152700190821,0.9988265316079595,1.0388701412323451,0.00020347612532209397,0.002590172515346789,6.015761294597688e-05
2018-07-26,1.041637885093559,0.9944675144278072,1.0390576177977746,0.00010646213218287983,-0.004364138358574576,0.0001804619826757392
2018-07-27,1.041572294259019,0.9925351531334186,1.0393075865516803,-6.296894100979656e-05,-0.0019431115308985337,0.00024057256269927052
2018-07-30,1.0418100173306086,0.9902252761032045,1.0394950631171096,0.00022823482623318214,-0.0023272495920388494,0.00018038602609582455
2018-07-31,1.0423700434390901,0.9919543117220966,1.039995000624921,0.0005375510881691853,0.001746103296510626,0.0004809426475891332
2018-08-01,1.0424717260969691,0.9820989835922354,1.040244969378827,9.754948208553627e-05,-0.009935264168318126,0.00024035572647540526
2018-08-02,1.0424671163468269,0.9733931694784878,1.0403699537557796,-4.421942606936201e-06,-0.008864497631291957,0.00012014898474088653
2018-08-03,1.0428363047185616,0.9702625344197986,1.0408073990751148,0.0003541486977818098,-0.0032162081642369113,0.00042047092743890957
2018-08-06,1.0433245173481023,0.9658064165725999,1.0412448443944498,0.00046815845145753004,-0.004592692894056038,0.00042029420594413835
2018-08-07,1.043866035744194,0.9816926121251559,1.0414323209598793,0.0005190316024282076,0.016448633266418045,0.00018005041411606193
2018-08-08,1.0437736850016235,0.9723977360519324,1.0413073365829264,-8.8469917985834e-05,-0.009468214345733117,-0.00012001200120015376
2018-08-09,1.0438941162673854,0.9804651766908149,1.0411198600174971,0.00011538063039177662,0.008296441198678017,-0.00018003960871393332
2018-08-10,1.0437772007818447,0.9795616695749201,1.040807399075115,-0.00011199937208071698,-0.0009215086240433546,-0.00030012004801915904
2018-08-13,1.0440188444841887,0.9794169526695127,1.0406824146981621,0.0002315088911339845,-0.00014773639057373832,-0.00012008405884122997
2018-08-14,1.0435159575806834,0.9786738599031856,1.0409948756405443,-0.00048168374178499096,-0.0007587093160901892,0.0003002462018855123
2018-08-15,1.043371489735569,0.9675207725414623,1.0409948756405443,-0.00013844335016133507,-0.011396122670351639,0.0
2018-08-16,1.0424602346280996,0.9620070763424254,1.040807399075115,-0.0008733755104813795,-0.005698788445186165,-0.00018009364869731037
2018-08-17,1.0419478973807754,0.9553970787903364,1.0399950006249212,-0.0004914693436790696,-0.006871048783986522,-0.0007805463824678283
2018-08-20,1.0427859018881054,0.958712942732955,1.040119985001874,0.0008042671897862116,0.0034706657747131664,0.00012017786323759161
2018-08-21,1.0434304462365298,0.9666862433949114,1.0403074615673034,0.0006180984488352736,0.00831667155679281,0.00018024513338144033
2018-08-22,1.043371270078712,0.9652844208059769,1.0403699537557798,-5.671308330234804e-05,-0.0014501319311335358,6.0070883642682205e-05
2018-08-23,1.043507836022804,0.9678742960483383,1.0403699537557798,0.00013088911685450293,0.0026830177578115568,0.0
2018-08-24,1.0438343815711477,0.9695136635898809,1.040682414698162,0.00031293061448212317,0.0016937814633942727,0.0003003363767419831
2018-08-27,1.04469787040807,0.9797475654569971,1.0407449068866383,0.0008272278171396016,0.010555706692386957,6.0049240377058055e-05
2018-08-28,1.0450602332961285,0.980198659944788,1.0407449068866383,0.00034685902816762105,0.000460419095382536,0.0
2018-08-29,1.0448053647916125,0.9775097377937578,1.0408698912635914,-0.0002438792486746897,-0.0027432420191042194,0.00012009126936485259
2018-08-30,1.0448607345759016,0.9744435597302734,1.0410573678290207,5.2995310088243294e-05,-0.003136723804311925,0.00018011527377526093
2018-08-31,1.0450766646500451,0.9720428584747773,1.0411198600174971,0.00020665919102715193,-0.002463663730468446,6.002761270185175e-05
2018-09-03,1.0450413106553469,0.9707554723461703,1.0412448443944502,-3.382909205990368e-05,-0.0013244129282807826,0.00012004801920784125
2018-09-04,1.0447056472688145,0.975769079395849,1.0407449068866386,-0.000321196284883548,0.005164644642755978,-0.00048013443764260977
2018-09-05,1.0447439829003924,0.9674100302779356,1.041057367829021,3.6695151096313657e-05,-0.008566626361114993,0.00030022817341190944
2018-09-06,1.0449618552013904,0.9642041839521184,1.0409948756405445,0.0002085413312390019,-0.003313844414964506,-6.002761270174073e-05
2018-09-07,1.045281174702683,0.9651701371174998,1.041057367829021,0.0003055800551027056,0.001001813911885574,6.003121623243679e-05
2018-09-10,1.0451234941623335,0.959994170385368,1.0411823522059738,-0.0001508498805540066,-0.005362750600210087,0.0001200552254037035
2018-09-11,1.045373671078892,0.9596737092282395,1.0412448443944502,0.00023937545941300425,-0.000333815732443421,6.0020406938310344e-05
2018-09-12,1.0451826077943596,0.9600419582318676,1.0409323834520678,-0.0001827703239695778,0.00038372313431854764,-0.00030008402352665886
2018-09-13,1.0457587821635352,0.9643788843716161,1.0409948756405443,0.0005512667019896456,0.004517433954382599,6.0034820195786764e-05
2018-09-14,1.046246396729013,0.9617403833531633,1.0416197975253085,0.00046627824101943866,-0.002735958927773541,0.0006003121623243679
2018-09-17,1.0460143964443531,0.9558540726539269,1.0419322584676907,-0.00022174536073458866,-0.006120477834894944,0.00029997600191977725
2018-09-18,1.0464131356778936,0.9636536515596237,1.0420572428446435,0.00038119860959440633,0.008159800882619417,0.00011995441732137735
2018-09-19,1.0466172770139996,0.9698714062713181,1.0418072740907378,0.00019508674838430832,0.006452271209299398,-0.00023988005996999906
2018-09-20,1.0468806491915523,0.9716207340373814,1.0419322584676904,0.0002516413433420038,0.0018036698007096509,0.00011996880810971611
2018-09-21,1.0474969611511673,0.9809644404012833,1.0420572428446433,0.0005887127248852268,0.009616618950766986,0.00011995441732137735
2018-09-25,1.0475532259526004,0.9807345857921865,1.042432195975502,5.3713570081490294e-05,-0.00023431492481289505,0.0003598200899550541
2018-09-26,1.047997186462305,0.9850610956115934,1.042869641294837,0.00042380711424091247,0.004411499178355327,0.0004196391103650221
2018-09-27,1.047704617620125,0.9818744266086479,1.042869641294837,-0.00027916949201716454,-0.0032349963034191687,0.0
2018-09-28,1.047371336812824,0.9864453925280718,1.0431196100487428,-0.0003181056966783049,0.004655346748577482,0.00023969319271333056
2018-10-08,1.049005153605963,0.9721906595412132,1.043994500687413,0.001559921238737401,-0.014450605269011896,0.0008387251377905969
2018-10-09,1.0488754737881976,0.9748702643993196,1.0442444694413187,-0.00012362171655652977,0.0027562544772554596,0.00023943493355682577
2018-10-10,1.0485945482819512,0.9721941768429081,1.0440569928758894,-0.0002678349463466,-0.0027450704510516566,-0.00017953321364450048
2018-10-11,1.0485857382531851,0.9432244320370564,1.0446194225721772,-8.401749542347327e-06,-0.029798311382534394,0.0005386963548212886
2018-10-12,1.0498356796949746,0.9482943513900133,1.04474440694913,0.0011920259795556748,0.005375093329598579,0.00011964584828905167
2018-10-15,1.050426952083084,0.9424453527506627,1.0445569303837008,0.0005632046991213955,-0.006167914667821395,-0.00017944730230889938
2018-10-16,1.0505021821213525,0.9369161362325801,1.0444944381952244,7.161853389165161e-05,-0.005866882893469394,-5.982650314095839e-05
2018-10-17,1.0504960927132618,0.9403731712089989,1.0446819147606536,-5.796663913941832e-06,0.003689801939285453,0.00017949024769658983
2018-10-18,1.0504369272990133,0.9261362716044577,1.0451818522684653,-5.63214034386828e-05,-0.015139627586607363,0.0004785547646108945
2018-10-19,1.0512153387307221,0.9375347451380657,1.0453068366454181,0.0007410358599162342,0.01230755546790222,0.00011958146487289767
2018-10-22,1.0515524212057257,0.9563413810336467,1.045431821022371,0.0003206597759603963,0.020059668180949942,0.00011956716685590507
2018-10-23,1.0517531432614469,0.9462319759796691,1.0456192975878005,0.0001908816447694612,-0.010570916677317688,0.0001793293083867109
2018-10-24,1.0512503874999855,0.9410420532316944,1.0459942507186593,-0.000478016885124211,-0.005484831288438896,0.000358594310303717
2018-10-25,1.052124335943659,0.9428971257459489,1.0461817272840888,0.0008313418516322641,0.0019712960838293657,0.00017923288325971676
2018-10-26,1.0519227116696646,0.9408543959153923,1.0465566804149473,-0.00019163540572754938,-0.0021664397682201854,0.00035840152917976376
2018-10-29,1.0520886913483138,0.9306874096065524,1.0471816022997118,0.00015778695222376407,-0.010806120854596313,0.0005971218725742133
2018-10-30,1.052573773368698,0.9368232352411359,1.0473065866766649,0.0004610657108787511,0.006592788911990721,0.00011935310616473238
2018-10-31,1.0525960082253636,0.9417145908136119,1.047619047619047,2.1124273878169543e-05,0.005221215047272965,0.00029834715675147727
2018-11-01,1.053214622490752,0.9431950210185271,1.0478065241844763,0.0005877034119019403,0.0015720582641033487,0.00017895490336439224
2018-11-02,1.053367714515091,0.9540268637688244,1.0476815398075234,0.00014535691118409968,0.01148420263987423,-0.00011928192282451011
2018-11-05,1.053899769812904,0.9533198699776358,1.0479315085614291,0.0005050993024387592,-0.0007410627709115269,0.00023859230539802212
2018-11-06,1.0542584158073878,0.9524194366521518,1.048306461692288,0.0003403037032141659,-0.0009445238202212102,0.00035780308903343716
2018-11-07,1.0551474137066272,0.9508288130708302,1.0488063992000995,0.0008432447736816887,-0.0016700872746914675,0.00047690014903145617
2018-11-08,1.0560322508252924,0.9513647207555811,1.0491188601424817,0.0008385909941786808,0.0005636216292394969,0.0002979205148065933
2018-11-09,1.0558179347582348,0.9444392831169286,1.0494313210848638,-0.00020294462303591514,-0.0072794770371053755,0.00029783178460807136
2018-11-12,1.0553939036001567,0.9497416893998629,1.0498062742157224,-0.0004016138996305193,0.005614343216892426,0.00035729172869647385
2018-11-13,1.0553857477126278,0.9522853896423892,1.0499312585926752,-7.727813758488575e-06,0.002678307450243211,0.00011905470563711162
2018-11-14,1.0557164901877594,0.9460177708733638,1.05055618047744,0.0003133853909325474,-0.0065816601170149425,0.0005952026665081434
2018-11-15,1.0568596962022918,0.9528392763580152,1.0510561179852513,0.0010828721774810788,0.0072107582908868765,0.00047587888882261176
2018-11-16,1.0575561397940911,0.9566925881926969,1.0516185476815394,0.0006589745018208673,0.004044031276092897,0.0005351091028005239
2018-11-19,1.0578940245540946,0.9596587348709332,1.0521809773778272,0.0003194958142548068,0.003100417746352213,0.0005348229141906025
2018-11-20,1.0577199633936505,0.9466264979916558,1.0523684539432567,-0.0001645355360783106,-0.013580074255282204,0.00017817901051264684
2018-11-21,1.0578012603790081,0.9448072380729553,1.05230596175478,7.686059464826824e-05,-0.001921834981970383,-5.9382422803011536e-05
2018-11-22,1.0580583237996786,0.9431082070563024,1.05230596175478,0.0002430167464332925,-0.0017982832351266075,0.0
2018-11-23,1.0581187855815182,0.928646946014105,1.0527434070741153,5.714409166261838e-05,-0.015333618066303224,0.00041570164499082907
2018-11-26,1.058839830810851,0.9269025542488136,1.0531808523934503,0.0006814407221176268,-0.001878422981713901,0.00041552890893981065
2018-11-27,1.0591109364268936,0.9277310579696142,1.053743282089738,0.00025604025099321246,0.00089384123174856,0.0005340295496349956
2018-11-28,1.0595784335291192,0.9363449762977099,1.0538057742782145,0.0004414052259744679,0.009284930426871474,5.930494603245684e-05
2018-11-29,1.060073617559676,0.9264495477210468,1.0540557430321202,0.00046734060913970526,-0.010568144035747806,0.00023720571665775125
2018-11-30,1.0604362325760741,0.9325444680659477,1.054180727409073,0.00034206588145515476,0.006578793588807541,0.00011857473172471877
2018-12-03,1.061283731875974,0.9480965477425461,1.0550556180477433,0.0007991987390331605,0.016677038156531775,0.0008299247139724741
2018-12-04,1.060931847137946,0.9470225052493988,1.0556805399325078,-0.000331565186065639,-0.001132840843798677,0.0005923117929278465
2018-12-05,1.0614981789948734,0.9434957701554225,1.056430446194225,0.0005338060672370836,-0.0037240245869844314,0.0007103534008170431
2018-12-06,1.0618812829128492,0.9354542142551671,1.0568053993250837,0.0003609086907134545,-0.008523149922474738,0.0003549245785270383
2018-12-07,1.0619844359299218,0.9309731235555154,1.0579302587176593,9.714176031938755e-05,-0.0047902832991346235,0.001064395955295172
2018-12-10,1.0630482748880596,0.9316097580342507,1.058430196225471,0.0010017462800256268,0.0006838376561332571,0.00047256187607080946
2018-12-11,1.0632954506480434,0.9316196362667145,1.058742657167853,0.00023251602568084706,1.0603401669573297e-05,0.0002952116667649385
2018-12-12,1.0632831103214726,0.9337612076464786,1.058867641544806,-1.16057362639313e-05,0.0022987615292718424,0.00011804981702279171
2018-12-13,1.0632372334699856,0.938119502678154,1.0586176727909002,-4.3146412316394274e-05,0.004667462083438145,-0.00023607176581674771
2018-12-14,1.0627504095419515,0.9282835654426329,1.0588051493563295,-0.0004578695259243124,-0.010484738039707531,0.00017709563164114428
2018-12-17,1.0626777720818337,0.9248593683621679,1.0591801024871883,-6.834855998719342e-05,-0.0036887403891850525,0.00035412854866323507
2018-12-18,1.0630314118354693,0.9212975962421227,1.0592425946756647,0.00033278173584340773,-0.0038511499606179943,5.900053100482694e-05
2018-12-19,1.062837601249851,0.9113893458569549,1.0593675790526178,-0.00018231877577688682,-0.010754668660357503,0.0001179941002951157
2018-12-20,1.062520801529354,0.9076538829041972,1.0595550556180473,-0.0002980697334424188,-0.004098646719690613,0.00017697026899488044
2018-12-21,1.0627024212892673,0.9007029058018919,1.0595550556180473,0.00017093289811538344,-0.007658180318762531,0.0
2018-12-24,1.062723285940286,0.8997239962014087,1.059680039995,1.963357813137103e-05,-0.0010868285137946355,0.00011795930403990518
2018-12-25,1.0629419129613937,0.8902783662430833,1.0600549931258587,0.00020572337503099698,-0.010498363940724476,0.00035383617385154054
2018-12-26,1.0640708120716507,0.8934618715572915,1.0603049618797644,0.00106205155379736,0.00357585383956075,0.00023580734539874193
2018-12-27,1.0643132786113878,0.8972069183229857,1.0604299462567175,0.00022786692106052602,0.0041916134139742935,0.0001178758767019783
2018-12-28,1.0652382526306121,0.8984522995115638,1.0616172978377698,0.0008690805966746689,0.0013880646294010756,0.001119688844363198
2019-01-02,1.0660544363175686,0.8935006860808631,1.0624296962879634,0.0007661982518379753,-0.00551127025151209,0.0007652460560394481
2019-01-03,1.066838221218629,0.894981367250303,1.0630546181727278,0.0007352203361845871,0.0016571684750847694,0.0005882006940769458
2019-01-04,1.068014904785684,0.9105557110190903,1.063242094738157,0.0011029634518633549,0.01740186370207585,0.00017635647522173947
2019-01-07,1.06844172239947,0.9179007047838216,1.0636170478690157,0.00039963638323178434,0.008066495740838165,0.0003526507581992355
2019-01-08,1.0686265383252436,0.9171388105042599,1.064054493188351,0.00017297707670808844,-0.0008300399766454691,0.00041128084606367743
2019-01-09,1.0688012869702563,0.9226545281837202,1.064054493188351,0.00016352639462496876,0.006014048927258509,0.0
2019-01-10,1.069239793780859,0.9241505535994619,1.0639295088113983,0.0004102790817606618,0.0016214361606036066,-0.00011746050390559759
2019-01-11,1.0689986263844606,0.9281348495798263,1.0639295088113983,-0.0002255503375398498,0.004311306166344853,0.0
2019-01-14,1.0691341415116498,0.9218635383138605,1.0641169853768275,0.00012676828935455012,-0.006756896660872957,0.00017621145374446812
2019-01-15,1.069411498777201,0.9294511425040193,1.0641169853768275,0.0002594223257700788,0.008230723827126108,0.0
2019-01-16,1.0702242056901223,0.9311650041213301,1.0653043369578798,0.0007599571482545294,0.0018439501969878757,0.0011158092553440468
2019-01-17,1.0706266490589564,0.9298588246984147,1.0655543057117856,0.0003760365040281024,-0.0014027368051142796,0.00023464539215112268
2019-01-18,1.0711483217336804,0.9381066831878105,1.0655543057117856,0.00048725919085098506,0.008870011522524179,0.0
2019-01-21,1.0711773863042249,0.9414845987947216,1.0657417822772148,2.7134029858223697e-05,0.003600779812624755,0.00017594275995547193
2019-01-22,1.0711984130871521,0.9341350846468145,1.0663042119735027,1.9629599351319888e-05,-0.00780630310608994,0.0005277354286383762
2019-01-23,1.071288072912232,0.9341403399700989,1.0663042119735027,8.370048348145043e-05,5.625870787739906e-06,0.0
2019-01-24,1.0715404507077497,0.9355228723078659,1.066491688538932,0.00023558350167345607,0.0014800049613650779,0.0001758190236182955
2019-01-25,1.0719844498231383,0.9391783656271807,1.0666791651043612,0.0004143559070450154,0.003907433401705118,0.00017578811672325223
2019-01-28,1.0727429335609082,0.9359849881296434,1.0669916260467434,0.0007075510637258719,-0.0034001821319689096,0.00029292870115416036
2019-01-29,1.0730307562974613,0.9334901930561775,1.067241594800649,0.0002683054136723644,-0.0026654221008939995,0.00023427433524658703
2019-01-30,1.0739718591897442,0.9332180144684187,1.0679290088738898,0.0008770511812077719,-0.00029157091288533054,0.0006441035250028815
2019-01-31,1.0745623431025806,0.9361608178428819,1.068366454193225,0.0005498132076587609,0.0031533932359197768,0.0004096202235357449
2019-02-01,1.0752294224221615,0.943186862278674,1.0684914385701776,0.0006207916403016646,0.007505168238061566,0.0001169864295740286
2019-02-11,1.0764536903595177,0.9533579252666663,1.0694288213973242,0.001138610897196451,0.010783719954940563,0.0008772955901275026
2019-02-12,1.0769661607554608,0.9575642605853586,1.0697412823397066,0.000476072868282932,0.004412126030751517,0.00029217553906391025
2019-02-13,1.077300689469041,0.9666005644526758,1.0698662667166594,0.00031062137861919076,0.009436759744764623,0.000116836078981164
2019-02-14,1.0773887958601567,0.969385341878348,1.0698662667166594,8.178440056431509e-05,0.002881001240930292,0.0
2019-02-15,1.0780857618479298,0.9662862589078197,1.0699912510936125,0.000646902947618707,-0.003196956707147347,0.00011682242990662672
2019-02-18,1.0791307104315668,0.984487242376134,1.0699912510936125,0.0009692629479178603,0.018836016036165783,0.0
2019-02-19,1.079313374141947,0.984585015626628,1.0701162354705656,0.00016926930965308157,9.931388268490382e-05,0.00011680878402064998
2019-02-20,1.0800317019973777,0.9852970305436327,1.0704286964129477,0.0006655415124469661,0.0007231624549470239,0.00029198785330519783
2019-02-21,1.079802794136211,0.983663584602785,1.0705536807899005,-0.000211945501917612,-0.0016578208298734022,0.00011676104851421343
2019-02-22,1.0799763641872226,0.993747584550517,1.0707411573553298,0.00016074236143342053,0.010251472256954674,0.00017512112544504355
2019-02-25,1.0810900355754554,1.018613563933191,1.0713660792400943,0.0010311997791458357,0.02502243001065626,0.0005836348780203782
2019-02-26,1.080441836441864,1.0102898704121246,1.070866141732283,-0.000599579232312898,-0.008171591087915608,-0.00046663555762938014
2019-02-27,1.0804765123485685,1.0105376409471734,1.071053618297712,3.2094191038365867e-05,0.0002452469754522624,0.00017507002801098182
2019-02-28,1.080207608239302,1.0100581091847782,1.0712410948631412,-0.00024887547872926767,-0.0004745313217087155,0.00017503938386131956
2019-03-01,1.0804642324556117,1.0202254310154166,1.0712410948631412,0.0002375693471813566,0.010066076137782199,0.0
2019-03-04,1.0798309695376087,1.022443591601704,1.071366079240094,-0.0005861026205039821,0.0021741867227124565,0.0001166725002916813
2019-03-05,1.0797965924053667,1.0289603927237307,1.0713035870516177,-3.18356605910868e-05,0.00637375125195686,-5.8329444703630884e-05
2019-03-06,1.0802970754182586,1.0357213609779703,1.0713660792400939,0.00046349749240914313,0.006570678815287357,5.833284722611687e-05
2019-03-07,1.0799526328588298,1.0342483333964985,1.0717410323709526,-0.00031884059233937306,-0.0014222238113163477,0.0003499766682222294
2019-03-08,1.0801766161300501,1.0155665621449244,1.0718660167479057,0.00020740101408642302,-0.018063138850050377,0.00011661807580187755
2019-03-11,1.0814496071879827,1.031332687670285,1.0721784776902878,0.0011785026993949973,0.01552446300719259,0.0002915111940298143
2019-03-12,1.081672176891807,1.038650494211891,1.0721784776902878,0.00020580681924046187,0.007095485898092013,0.0
2019-03-13,1.0821195701524917,1.0336969341623723,1.0724284464441938,0.0004136126177991646,-0.004769227066393799,0.00023314099201510174
2019-03-14,1.0820276105766373,1.0280004653658987,1.0726159230096228,-8.49809747378659e-05,-0.005510772653195028,0.00017481498747140556
2019-03-15,1.0823176852649858,1.0348028090019215,1.0725534308211464,0.000268084368192854,0.0066170627983147216,-5.82614775109791e-05
2019-03-18,1.0831374474701276,1.0472429767722735,1.072803399575052,0.0007574136654166357,0.012021776189756018,0.00023305948843432844
2019-03-19,1.083651155523132,1.049115796614223,1.0729908761404814,0.00047427780675877036,0.001788333637454298,0.00017475388827392635
2019-03-20,1.083564175112105,1.0483387192115452,1.0730533683289578,-8.026606217673515e-05,-0.0007406974570259517,5.824111822949618e-05
2019-03-21,1.0845043433861137,1.0548573599170816,1.0731783527059107,0.0008676627518727954,0.0062180672964547105,0.00011647545279824811
2019-03-22,1.084012936361037,1.052385175843729,1.0733033370828637,-0.00045311669618822723,-0.0023436193055968333,0.00011646188784730782
2019-03-25,1.0845581162468148,1.0414572385169811,1.0739282589676282,0.0005029274720725647,-0.010383971170998896,0.0005822416302765365
2019-03-26,1.0846361113650071,1.0339122571903074,1.0744281964754399,7.191418977378256e-05,-0.007244638615616772,0.00046552225778295764
2019-03-27,1.0847298243563352,1.0387472520538366,1.0746781652293456,8.64003976505713e-05,0.004676407335249466,0.0002326528238236758
2019-03-28,1.0847979937140753,1.0336168042759624,1.0750531183602041,6.284455005224318e-05,-0.0049390722986080715,0.0003488980636157102
2019-03-29,1.0843083438380698,1.0499096704017308,1.0749906261717277,-0.0004513742455670703,0.015762965596502053,-5.812939603555556e-05
2019-04-01,1.0854315840178987,1.0674321061039143,1.075178102737157,0.0010359047647396451,0.016689469766936037,0.0001743983257760373
2019-04-02,1.0856359254123047,1.070729139297842,1.0753655793025862,0.0001882581983191465,0.0030887521324066136,0.0001743679163033196
2019-04-03,1.0859633868550107,1.0768097761541646,1.075178102737157,0.00030163099344893715,0.005678968315282818,-0.0001743375174337869
2019-04-04,1.086135266904798,1.080201084307117,1.0749906261717277,0.00015827425847652433,0.003149403198273648,-0.00017436791630343063
2019-04-08,1.0867078127121284,1.0818720391130479,1.0750531183602041,0.0005271404260375108,0.0015468923612519947,5.8132775258679104e-05
2019-04-09,1.0864426112429053,1.0820690101198174,1.0750531183602041,-0.00024404119131265904,0.00018206497593827863,0.0
2019-04-10,1.08719488548196,1.082217585989827,1.0760529933758272,0.0006924196743296447,0.0001373072037182399,0.000930070336569111
2019-04-11,1.087208957486369,1.0735842603169359,1.0763029621297329,1.2943405636918621e-05,-0.007977439827865074,0.00023230152738240584
2019-04-12,1.0861745136323673,1.0710675389323057,1.0749281339832513,-0.0009514673760538277,-0.002344223437000825,-0.0012773616675375576
2019-04-15,1.0858634110060894,1.0672831098848399,1.0748656417947748,-0.00028642048066237417,-0.003533324379560909,-5.813615487471058e-05
2019-04-16,1.0860362492573423,1.0776893250171709,1.0749281339832513,0.0001591712636239871,0.009750191899367645,5.8139534883761e-05
2019-04-17,1.0857089820840988,1.0810933935834433,1.0746156730408691,-0.00030134092988806703,0.0031586733646248753,-0.00029068077437344186
2019-04-18,1.0853087169875968,1.0775218857839912,1.0746156730408691,-0.00036866702137232794,-0.0033036070894982505,0.0
2019-04-19,1.0858606862499347,1.0832565588950016,1.0748031496062984,0.0005085827227757258,0.005322094322787541,0.00017445917655267706
2019-04-22,1.0857853278208762,1.0744441326837433,1.0751156105486805,-6.93997213571338e-05,-0.008135123797678667,0.0002907145764288188
2019-04-23,1.0854732098120212,1.0754480266044522,1.0750531183602041,-0.0002874583040107237,0.0009343379429149312,-5.812601720522892e-05
2019-04-24,1.0852746564067077,1.0770881049528165,1.0748031496062984,-0.00018291875241015478,0.0015250186971309753,-0.00023251758414222223
2019-04-25,1.0851432613655063,1.0654150969309188,1.0748031496062984,-0.00012107077266178421,-0.01083756098337848,0.0
2019-04-26,1.0850717168112756,1.0587239311194945,1.0746156730408691,-6.5930975916263e-05,-0.0062803369604009784,-0.00017442874585726909
2019-04-29,1.0853642049964003,1.0508695841561497,1.0748656417947748,0.00026955654690196496,-0.007418692193950571,0.0002326122354034954
2019-04-30,1.0858497486443717,1.0554712341098906,1.074990626171728,0.0004473555012558752,0.004378897270526827,0.000116279069767522
2019-05-06,1.0857030080252406,1.022060197088481,1.075740532433445,-0.0001351389723248719,-0.031655090107298035,0.0006975933031041492
2019-05-07,1.085534987320068,1.0272763305244006,1.075740532433445,-0.00015475752017865042,0.005103548157710058,0.0
2019-05-08,1.0860697047514623,1.0231131389422459,1.0760529933758274,0.0004925842443038024,-0.004052650156973414,0.0002904612524690098
2019-05-09,1.0862893884899623,1.016436117334569,1.0763654543182095,0.0002022740690941258,-0.006526181077666293,0.00029037690922817383
2019-05-10,1.0871818391206223,1.0349742071095804,1.0763654543182095,0.0008215588222770424,0.018238322565341726,0.0
2019-05-13,1.0875518051050022,1.0299280598496474,1.0761779777527802,0.0003402981645454848,-0.004875626102823838,-0.00017417556897347808
2019-05-14,1.0885050154351206,1.0292921956497405,1.0760529933758274,0.0008764734936248973,-0.0006173870046804475,-0.00011613727425818787
2019-05-15,1.0891100526160338,1.0404920464377212,1.0768028996375447,0.0005558423455415808,0.0108811189235829,0.0006969045821476616
2019-05-16,1.089637833174427,1.0452464710514857,1.0769903762029742,0.00048459800469708987,0.004569400246779298,0.000174104811096365
2019-05-17,1.089218038585034,1.0326692780302593,1.077115360579927,-0.0003852606587363726,-0.012032753393153428,0.00011604966925848892
2019-05-20,1.0887843282403944,1.0300458298886388,1.077427821522309,-0.0003981850550356422,-0.002540453364338069,0.0002900905082383609
2019-05-21,1.0889560564281926,1.03515685694452,1.077302837145356,0.0001577247057512189,0.004961941408406789,-0.000116002552056238
2019-05-22,1.0889140754945688,1.0316709686960068,1.0771778527684033,-3.855154060248239e-05,-0.0033674976165471993,-0.00011601601020927443
2019-05-23,1.0887951192331327,1.0196924106146679,1.077427821522309,-0.00010924301936499757,-0.011610831791147002,0.00023205894297140262
2019-05-24,1.0893428798566618,1.0151188427570839,1.0777402824646913,0.0005030887940744897,-0.0044852426182392605,0.0002900063801405395
2019-05-27,1.0895696836078652,1.0220929656245799,1.077990251218597,0.00020820235336113408,0.0068702525987540345,0.00023193784065855816
2019-05-28,1.0896273761051596,1.024662962825214,1.0780527434070735,5.294980042339881e-05,0.0025144456395545965,5.7971014492785855e-05
2019-05-29,1.0896956352381715,1.0238564955227867,1.0781777277840265,6.264447324727384e-05,-0.0007870561654768404,0.00011593530809816954
2019-05-30,1.0894542958205933,1.0211636478797668,1.0783652043494558,-0.0002214741527577434,-0.002630102611836327,0.00017388280299068803
2019-05-31,1.0898303580861208,1.013480077132101,1.0783652043494558,0.0003451840678127173,-0.007524328508578581,0.0
2019-06-03,1.09048819837341,1.0072719393747431,1.078802649668791,0.0006036171431710372,-0.006125564673087114,0.00040565600370889854
2019-06-04,1.0914400845265229,1.0033494350361074,1.079052618422697,0.0008728990873378614,-0.0038941860537390683,0.00023170943636685593
2019-06-05,1.0921821709860602,1.0049446371089406,1.0793650793650793,0.000679914976605725,0.0015898768834965327,0.0002895696994267283
2019-06-06,1.092340561938842,0.9970221015821463,1.079615048118985,0.0001450224669377221,-0.007883554212086707,0.00023158869847139663
2019-06-10,1.093194659525706,1.0083694136370223,1.0801149856267964,0.0007818967972298156,0.011381204124631849,0.0004630701551284755
2019-06-11,1.093428577888876,1.021636484553709,1.0801149856267964,0.00021397686233786187,0.013156954918767772,0.0
2019-06-12,1.0939110817886908,1.0176055049408443,1.08005249343832,0.00044127610122131453,-0.003945610472814521,-5.785697755145147e-05
2019-06-13,1.0941758015165979,1.0197866593500833,1.0803024621922257,0.00024199382592784226,0.0021434184452114756,0.00023144130070007485
2019-06-14,1.0953413873809896,1.0150130489565208,1.08092738407699,0.001065263792871492,-0.004680989253776668,0.0005784693700467969
2019-06-17,1.0949361959031567,1.0141649539657442,1.081239845019372,-0.0003699225488061939,-0.0008355508253302558,0.00028906746834711505
2019-06-18,1.0947828099186392,1.012096060886659,1.0795525559305081,-0.00014008668732611216,-0.0020399966208606178,-0.0015605132354641338
2019-06-19,1.0955651659768881,1.0221457022884501,1.0814273215848014,0.0007146221617300624,0.009929533164062542,0.0017366136034733248
2019-06-20,1.0980922088719636,1.0394280364788353,1.0823647044119478,0.0023066112117777083,0.016907896938462084,0.0008668015024557718
2019-06-21,1.0988840946206238,1.0454050163017825,1.0826146731658537,0.0007211468602201278,0.005750258424041399,0.00023094688221725335
2019-06-24,1.0995642204644667,1.0483845814901909,1.0829271341082358,0.0006189240950636412,0.002850153903937469,0.00028861694758708367
2019-06-25,1.100260496059953,1.0425050349438234,1.0825521809773773,0.0006332286759860539,-0.005608196314762837,-0.00034624040625541586
2019-06-26,1.0995235030863175,1.0425283686631104,1.082927134108236,-0.0006698349856915941,2.2382356444150542e-05,0.0003463603301969709
2019-06-27,1.099779154986856,1.047020524881246,1.0829896262967127,0.00023251153778958286,0.004308905496640125,5.7706734376106184e-05
2019-06-28,1.1002296897437038,1.0436396287212935,1.0830521184851891,0.0004096592982372955,-0.003229063881375249,5.770340450084177e-05
2019-07-01,1.0994381927448187,1.056615441856769,1.0833645794275715,-0.0007193925107306838,0.012433231527796717,0.000288500375050571
2019-07-02,1.1003645470038819,1.0561721294745428,1.0836770403699534,0.0008425705648358059,-0.00041955887134050853,0.00028841716658956074
2019-07-03,1.1023614407372626,1.0514862280318562,1.0838645169353827,0.0018147565175722913,-0.004436683483607784,0.00017300040366752256
2019-07-04,1.1017588254758373,1.0491204629061217,1.0839895013123357,-0.0005466585088664782,-0.002249924975396567,0.00011531365313666164
2019-07-05,1.1020313201438383,1.05114133607846,1.0843019622547179,0.000247326966392578,0.0019262546521497282,0.00028825089357775724
2019-07-08,1.1015711259506482,1.0396773666997217,1.0844269466316707,-0.00041758721805666476,-0.010906211168050472,0.0001152671315773901
2019-07-09,1.1011309656949684,1.038474489184026,1.0844269466316707,-0.0003995749755150676,-0.0011569719166956039,0.0
2019-07-10,1.1012342256208325,1.0373823281191774,1.0844894388201471,9.377624377229576e-05,-0.0010516975392498517,5.7626923298581545e-05
2019-07-11,1.1026415933493954,1.0438337913235327,1.0848018997625293,0.0012779912718108538,0.006218983136190492,0.0002881180131382166
2019-07-12,1.1027281288675541,1.045202082252434,1.085176852893388,7.848018674475317e-05,0.0013108321844670034,0.0003456420300709251
2019-07-15,1.1035629617984504,1.0479600055913867,1.085864266966629,0.0007570614270569527,0.0026386508272250976,0.0006334581053843991
2019-07-16,1.1035856405374713,1.0461471217557805,1.0859892513435818,2.0550471342358503e-05,-0.001729917006310855,0.00011510128913450046
2019-07-17,1.1029830197987534,1.0410566263540784,1.085614298212723,-0.0005460570676005499,-0.00486594599921919,-0.0003452641270572654
2019-07-18,1.1035717481670535,1.035677613018277,1.0858017747781523,0.0005337601374928002,-0.005166878726510271,0.00017269168777334087
2019-07-19,1.1042981681723858,1.0392515763187942,1.0858017747781523,0.0006582444743975837,0.003450845374654532,0.0
2019-07-22,1.104378076649294,1.0343532597807783,1.0864266966629168,7.236132342804252e-05,-0.004713311626975259,0.000575539568345329
2019-07-23,1.1043233166160094,1.0374194531874366,1.0864891888513935,-4.958449868073786e-05,0.002964358044666582,5.752085130872331e-05
2019-07-24,1.1048252071809481,1.0434518851789087,1.0866141732283463,0.00045447792090151407,0.005814843719131835,0.00011503508570109844
2019-07-25,1.1052328825651796,1.0462933861366328,1.0867391576052992,0.00036899536830060383,0.002723173917345534,0.00011502185415235289
2019-07-26,1.1056147647712506,1.0490468068146925,1.0868016497937756,0.0003455219366844346,0.002631595224190797,5.7504312823475345e-05
2019-07-29,1.106046802992956,1.0477469100497379,1.0870516185476813,0.000390767413272301,-0.0012391217975313395,0.0002300040250704516
2019-07-30,1.1065526888492665,1.051448279048646,1.0871766029246341,0.0004573819615423054,0.003532693786453045,0.00011497556769191064
2019-07-31,1.1067930565623403,1.0480273526443111,1.0874890638670163,0.00021722211286989888,-0.0032535374991815246,0.00028740587457609656
2019-08-01,1.105827815590695,1.0412109907835987,1.087739032620922,-0.0008721060960061037,-0.006503992327599006,0.0002298586369382516
2019-08-02,1.1068669174719736,1.0331592873861977,1.0880514935633043,0.0009396597432515001,-0.007733018061345387,0.00028725726760892023
2019-08-05,1.1081806930783429,1.0270334526953466,1.088738907636545,0.0011869318575082374,-0.0059292257889379755,0.0006317845040491044
2019-08-06,1.108637596092806,1.0210388878423984,1.0888638920134979,0.0004123001035093018,-0.005836776628079643,0.000114797382619658
2019-08-07,1.109882708797721,1.019057264432008,1.0891138607674034,0.0011231016423247193,-0.0019407913194940507,0.00022956841138643824
2019-08-08,1.1110013880826517,1.0251437809327135,1.089488813898262,0.001007925680851957,0.005972693305020549,0.000344273582740362
2019-08-09,1.1114895208340143,1.0208090801708418,1.0899887514060733,0.00043936286362786074,-0.004228383220476595,0.00045887346564166265
2019-08-12,1.1116459369781144,1.0285516683493319,1.0901762279715026,0.00014072660260683139,0.00758475637500633,0.00017199862401096055
2019-08-13,1.1132450785079269,1.0291679684981307,1.0905511811023614,0.001438534947700637,0.0005991922114987891,0.00034393809114363627
2019-08-14,1.1119096965096147,1.0290853733519112,1.0911136107986494,-0.0011995399971603646,-8.025429157109132e-05,0.000515729757607053
2019-08-15,1.112788669384684,1.0303643049536693,1.0913635795525551,0.000790507428641362,0.001242784743497538,0.00022909507445589838
2019-08-16,1.1133511005649002,1.034541141859052,1.0913635795525551,0.0005054249703379296,0.004053747674780306,0.0
2019-08-19,1.114213431774514,1.0489448605048783,1.0918010248718903,0.0007745366301575893,0.013922808927582308,0.0004008245533670962
2019-08-20,1.1141037712772568,1.0474975725201592,1.0921759780027491,-9.841965114575958e-05,-0.0013797560188458457,0.0003434262492130191
2019-08-21,1.1143109353702667,1.0471374180028488,1.0919260092488432,0.00018594685553618463,-0.00034382372499814907,-0.00022887223207657126
2019-08-22,1.1147839215844657,1.0483212050711426,1.0925509311336077,0.0004244652001390865,0.0011304982974933097,0.0005723115664169054
2019-08-23,1.1145013999196833,1.0483033773909647,1.0924259467566546,-0.0002534317721238491,-1.7005933001879027e-05,-0.00011439684264724637
2019-08-26,1.11655073309138,1.0465489006282622,1.0929883764529427,0.0018387892306319564,-0.0016736345608930447,0.0005148446885190339
2019-08-27,1.116902343058547,1.0528580912410939,1.093050868641419,0.0003149072914883175,0.006028567426752807,5.7175528873631976e-05
2019-08-28,1.1174072606008794,1.0535894265662191,1.093488313960754,0.0004520695524282509,0.0006946190860945944,0.0004002058201360015
2019-08-29,1.1182997489086548,1.0561657953358017,1.093613298337707,0.00079871353914007,0.0024453251946341846,0.00011429877700308566
2019-08-30,1.1175484753837244,1.054977325814877,1.093488313960754,-0.0006717997796776025,-0.0011252679514648588,-0.00011428571428573342
2019-09-02,1.1179607790520776,1.061070153116582,1.09373828271466,0.00036893582465113105,0.005775315878944554,0.00022859755400639337
2019-09-03,1.1181619538142162,1.0620513696641882,1.09373828271466,0.000179947960526177,0.0009247423883558814,0.0
2019-09-04,1.118855801050768,1.0676754002394622,1.0939882514685657,0.0006205248123360586,0.005295441196080964,0.00022854530910754178
2019-09-05,1.120009413275801,1.0772538718990434,1.094300712410948,0.0010310642568500902,0.00897133310127136,0.0002856163601052675
2019-09-06,1.1190688544706664,1.077840199623211,1.0950506186726652,-0.0008397775893539622,0.0005442799877190096,0.0006852835360628973
2019-09-09,1.1199782005834353,1.086411247886541,1.0953630796150473,0.0008125917445883708,0.007952058446443389,0.000285339268390139
2019-09-10,1.1192542688286717,1.0848506699965874,1.0953630796150473,-0.0006463802191742762,-0.0014364522578256267,0.0
2019-09-11,1.1195578513408637,1.0834004376335655,1.0954880639920002,0.00027123641217805954,-0.001336803675501741,0.00011410314924686915
2019-09-12,1.1195495463687632,1.0825852724593925,1.0954255718035237,-7.418082138894132e-06,-0.0007524135544504596,-5.70450656018906e-05
2019-09-16,1.1201666569695354,1.0900931700349727,1.095738032745906,0.0005512133007187966,0.0069351558409104005,0.00028524159963505547
2019-09-17,1.1198899144832466,1.0849043961259313,1.0959255093113354,-0.0002470547436552851,-0.0047599361702953865,0.0001710961560397184
2019-09-18,1.119979395821795,1.0822774282259633,1.0958005249343825,7.990190588486648e-05,-0.002421381929457178,-0.00011404459143526946
2019-09-19,1.1199335475168672,1.0824932008387005,1.095738032745906,-4.0936739638916285e-05,0.00019936904079297378,-5.702879954372353e-05
2019-09-20,1.1202463898327135,1.0846784166203765,1.095863017122859,0.00027934007025679424,0.0020186877663368684,0.00011406410402647893
2019-09-23,1.120831646077986,1.0817069152837415,1.0961129858767646,0.0005224352879725518,-0.0027395228771063262,0.00022810218978097652
2019-09-24,1.121042634957297,1.0817083169324653,1.0961754780652408,0.00018824314967309184,1.2957749496944616e-06,5.7012542759249385e-05
2019-09-25,1.1213669599031635,1.0751236885040718,1.096487939007623,0.0002893065221188642,-0.0060872495157164195,0.000285046462573435
2019-09-26,1.1206362760706323,1.065824688279009,1.096487939007623,-0.0006516010000813686,-0.008649237594235592,0.0
2019-09-27,1.12025523977659,1.0660846753799675,1.0965504311960992,-0.0003400178114691296,0.00024393045480889386,5.699304684814166e-05
2019-09-30,1.1204694809042608,1.0610419462284175,1.0969253843269577,0.00019124313822757951,-0.0047301394232618366,0.00034193879295596474
2019-10-08,1.1211026899082097,1.0582261437793654,1.0983627046619158,0.0005651282919709182,-0.002653808795270829,0.0013103173246737931
2019-10-09,1.1224522311827831,1.0653900322645973,1.098675165604298,0.0012037624088511278,0.006769714136570837,0.00028447883477467073
2019-10-10,1.1227536988385753,1.0709452730125053,1.0989876265466803,0.0002685794971198993,0.005214278883480572,0.0002843979295832355
2019-10-11,1.1231532323433682,1.0789455428220582,1.0990501187351567,0.0003558514260127981,0.007470288175462714,5.686341407939999e-05
2019-10-14,1.1225540687514088,1.0852846178515045,1.0978627671541044,-0.0005334655812806221,0.005875250212226524,-0.001080343435492126
2019-10-15,1.122098020233681,1.0802360193167575,1.0967379077615285,-0.0004062597343172967,-0.00465186592687683,-0.0010245901639344135
2019-10-16,1.1219701449687907,1.0773410230520957,1.0970503687039108,-0.0001139608684663657,-0.0026799664266822345,0.0002849002849003579
2019-10-17,1.1223506696989576,1.074146829401297,1.0974878140232458,0.0003391576254264602,-0.00296488631032501,0.00039874679578466576
2019-10-18,1.1220514582562182,1.0681612911345102,1.09723784526934,-0.0002665935440834158,-0.0055723650649539104,-0.0002277644915157362
2019-10-21,1.1222318681267582,1.0665498484175433,1.0974878140232458,0.0001607857368862241,-0.0015086136619455349,0.00022781637999758075
2019-10-22,1.1220939158318197,1.0692557361719905,1.09723784526934,-0.00012292673096942538,0.002537047619913857,-0.0002277644915157362
2019-10-23,1.1224754266387835,1.0670714347915518,1.0977377827771515,0.00033999899792773567,-0.002042824093942808,0.00045563275999538355
2019-10-24,1.1225449687130502,1.068047523973391,1.097675290588675,6.195420640515238e-05,0.0009147364928104417,-5.6928156666247176e-05
2019-10-25,1.124018029199897,1.0734296786612054,1.0992375953005862,0.0013122507586804512,0.005039246444569767,0.001423284941645342
2019-10-28,1.1245005384972064,1.0814433082512969,1.0989876265466805,0.00042927184864910374,0.007465444406275656,-0.00022740193291637123
2019-10-29,1.123939771046595,1.0759911922444838,1.0986751656042981,-0.0004986813535552167,-0.005041518094581587,-0.00028431707039699994
2019-10-30,1.1234541381697158,1.0714494855563528,1.0983002124734393,-0.0004320808724713416,-0.004220951547621155,-0.0003412775154997272
2019-10-31,1.1232541456242273,1.0681796774616257,1.0983627046619155,-0.00017801576289912743,-0.003051761318480883,5.689900426730787e-05
2019-11-01,1.1241350143694115,1.0748815565499668,1.0986126734158213,0.000784211434799406,0.006274112145877098,0.000227583067819781
2019-11-04,1.124581972541441,1.0797904726802072,1.0986126734158213,0.0003976018594883392,0.004566936794409615,0.0
2019-11-05,1.1249750759017627,1.084279418198041,1.098862642169727,0.00034955509684493077,0.004157237567295346,0.00022753128555175195
2019-11-06,1.1245104961031025,1.0798360939291312,1.09898762654668,-0.0004129689702572456,-0.004097951316178494,0.00011373976342143877
2019-11-07,1.125017078420338,1.0816460754658528,1.0992375953005857,0.0004504914084758697,0.00167616321300742,0.0002274536563173779
2019-11-08,1.1243230323520361,1.0772500118536987,1.0992375953005857,-0.0006169204731329663,-0.004064234791644461,0.0
2019-11-11,1.1242230911077529,1.0675720448397004,1.0996125484314445,-8.889015114643879e-05,-0.008983956284525718,0.0003411028993747234
2019-11-12,1.1238234366241853,1.0682360310893428,1.0994875640544917,-0.00035549392885518815,0.000621959195027566,-0.00011366219595365656
2019-11-13,1.1242745555520095,1.067105574950443,1.0997375328083974,0.0004014144153989154,-0.0010582456554542486,0.00022735023303388502
2019-11-14,1.124611041616334,1.0706213487829612,1.0997375328083974,0.0002992917189691458,0.0032946822835983715,0.0
2019-11-15,1.1245583493949363,1.0658501481677871,1.0998625171853502,-4.685372937654486e-05,-0.004456478119549734,0.00011364927832713256
2019-11-18,1.1253777475887605,1.0709334520748481,1.100674915635544,0.0007286399983293839,0.004769248206044008,0.000738636363636358
2019-11-19,1.1260510889715054,1.0772139467744708,1.1011123609548792,0.0005983247706715834,0.00586450510762807,0.00039743371373424097
2019-11-20,1.1261356279559098,1.0715931632954911,1.1012998375203085,7.507562066434843e-05,-0.005217889627042183,0.00017026106696937937
2019-11-21,1.126246310656961,1.071839185073845,1.1017372828396437,9.828540923803158e-05,0.00022958505781909278,0.0003972081938377059
2019-11-22,1.1264484140439668,1.0686936113249093,1.1021747281589787,0.0001794486562073476,-0.0029347441227565384,0.000397050482132677
2019-11-25,1.1266688420429365,1.0712151912821621,1.1020497437820258,0.00019568405993714214,0.002359497549654743,-0.00011339797017639874
2019-11-26,1.1267550615156678,1.0704129618327043,1.102237220347455,7.652601147214777e-05,-0.0007488966325222446,0.00017011624610141496
2019-11-27,1.1271058868277604,1.0716286928425984,1.102362204724408,0.00031135898481845977,0.0011357588643289395,0.00011339154099099247
2019-11-28,1.1269969251994025,1.0692480425004618,1.1024871891013606,-9.667381710215516e-05,-0.0022215253828466452,0.00011337868480709723
2019-11-29,1.127202013490486,1.0672987369288405,1.1026746656667898,0.00018197768467502175,-0.0018230620904975293,0.0001700487473075274
2019-12-02,1.1270927031860547,1.0646307870273015,1.1026121734783134,-9.697490167970053e-05,-0.0024997217828778505,-5.6673278549079775e-05
2019-12-03,1.127155099514538,1.0659870755569782,1.1027371578552663,5.536042271136026e-05,0.0012739520087180934,0.0001133529811834233
2019-12-04,1.1279457588180732,1.0678654254113535,1.1027371578552663,0.0007014645135135308,0.0017620756362301871,0.0
2019-12-05,1.1282804889168803,1.0734816917710182,1.1029246344206958,0.0002967608115817089,0.005259339075896352,0.00017001020061213623
2019-12-06,1.1285002092091336,1.0775704403584745,1.1029871266091722,0.00019473906924000778,0.0038088666241814393,5.666043401886256e-05
2019-12-09,1.128534986716988,1.0789349579846177,1.1032995875515546,3.0817458047816093e-05,0.0012662908846025832,0.0002832861189803193
2019-12-10,1.1288448909271924,1.0811804565285805,1.1035495563054603,0.00027460753441572143,0.0020812177113597287,0.00022656471254589583
2019-12-11,1.1290029658840084,1.0803242156540098,1.1036120484939367,0.0001400324863818614,-0.0007919500111201794,5.6628348151122054e-05
2019-12-12,1.1294868905270274,1.0810551988039192,1.1037370328708898,0.0004286300901257245,0.0006766331248688085,0.00011325028312580976
2019-12-13,1.1294730534323059,1.087935812310809,1.1036120484939367,-1.2250779391759918e-05,0.006364719872308555,-0.0001132374589515317
2019-12-16,1.1308547319114914,1.096331345676564,1.103924509436319,0.0012232947700583153,0.007716938141711427,0.0002831257078144134
2019-12-17,1.1313341087568571,1.1027489903348826,1.1040494938132719,0.0004239066538240398,0.005853745479071371,0.00011321822813470384
2019-12-18,1.1314936147584918,1.103151427399909,1.1040494938132719,0.00014098929785636013,0.00036493986261016965,0.0
2019-12-19,1.1317373145207903,1.104774253004358,1.1042994625671778,0.0002153788223988776,0.0014710814527737703,0.0002264108224374617
2019-12-20,1.1321447895594299,1.1030133516586524,1.1046744156980364,0.00036004383120665987,-0.0015939015060469908,0.0003395393582705797
2019-12-23,1.1324074276077372,1.0952515554956879,1.1051118610173716,0.0002319827381880106,-0.007036901367778348,0.0003959947954970122
2019-12-24,1.13321392326291,1.1018864600280667,1.1056742907136594,0.0007121956598930775,0.006057881862013048,0.000508934630174096
2019-12-25,1.1336143371917156,1.1041747686596062,1.105861767279089,0.000353343636700681,0.0020767190763747666,0.00016955858249034783
2019-12-26,1.1344953157811377,1.1092021435970643,1.1065491813523298,0.0007771413615008873,0.004553060874195691,0.0006216094032549524
2019-12-27,1.1353032598083836,1.110108327870336,1.1070491188601415,0.0007121616246513281,0.0008169694572833675,0.0004517987236687393
2019-12-30,1.1358520880997913,1.1153457486049487,1.107424071991,0.00048341999079633377,0.004717936622149377,0.0003386960203217715
2019-12-31,1.136557418690576,1.117420666152023,1.1077990251218586,0.0006209704574868186,0.0018603357296781199,0.00033858134416786534
2020-01-02,1.1375293743726422,1.1258703065291835,1.1081739782527174,0.0008551751685242366,0.007561736267378938,0.0003384667456423074
2020-01-03,1.1382501218746472,1.131161545549437,1.1081739782527174,0.0006336078155366148,0.004699687867748636,0.0
2020-01-06,1.1395334715000403,1.1372044748038102,1.108548931383576,0.0011274759393650967,0.005342233634222449,0.0003383522246658277
2020-01-07,1.1393323789029899,1.139117716805293,1.1086739157605288,-0.0001764692324356306,0.0016824080839226373,0.00011274592705334818
2020-01-08,1.1399636964542783,1.1365102098435749,1.108861392325958,0.0005541118316117074,-0.002289058385494325,0.00016909982526347456
2020-01-09,1.1389378160796275,1.1337033418433258,1.108986376702911,-0.000899923723748161,-0.002469725283537394,0.00011271415689817488
2020-01-10,1.1390272048341061,1.1321499547132594,1.1094863142107223,7.848431513690442e-05,-0.0013701883665091618,0.0004508058153949168
2020-01-13,1.139909074255812,1.1379139689765738,1.1101112360954866,0.0007742303414378866,0.005091210964871184,0.0005632533513573179
2020-01-14,1.1394618182336402,1.132168467435134,1.1102987126609158,-0.0003923611385089542,-0.00504915283411742,0.00016888088268407486
2020-01-15,1.139653008053819,1.1306245965491857,1.1104236970378687,0.0001677895802381595,-0.0013636405979808753,0.00011256824449823455
2020-01-16,1.140080162006984,1.1303249276773724,1.1106736657917744,0.00037481053456322056,-0.00026504718960462803,0.00022511114862955317
2020-01-17,1.1405204491485585,1.130892052460477,1.1109861267341568,0.0003861896349460329,0.0005017360665221182,0.00028132560625682146
2020-01-20,1.1414084083612948,1.1368299977570282,1.111423572053492,0.000778556152499617,0.005250673823051377,0.00039374507818656923
2020-01-21,1.141839089353979,1.1298932410748048,1.1120484939382564,0.0003773241808359389,-0.0061018416965681775,0.0005622715771718134
2020-01-22,1.1419916224160207,1.1309161079721781,1.1127359080114974,0.00013358542675924955,0.0009052774724099821,0.0006181511660579009
2020-01-23,1.1418787884774046,1.112447210313128,1.1132983377077854,-9.880452395738815e-05,-0.016330917500296617,0.0005054476019319409
2020-02-03,1.1417395814974574,1.0652518291327377,1.1159855018122724,-0.00012191047014101393,-0.04242482766180513,0.002413696323323
2020-02-04,1.1433183101915576,1.0718324812036717,1.117110361204848,0.0013827397417804702,0.006177555288772773,0.0010079516183221227
2020-02-05,1.1439184675287388,1.0795618946940804,1.117235345581801,0.0005249258512098928,0.007211400686167535,0.0001118818527634513
2020-02-06,1.1448274727512573,1.0942756324201388,1.1177977752780888,0.0007946416185430987,0.01362936001944367,0.0005034120147666687
2020-02-07,1.1454767041015625,1.0952753343843482,1.1192975878015232,0.0005670997296605849,0.0009135741805732844,0.001341756582993181
2020-02-10,1.1464562483715863,1.0988459071927177,1.119860017497811,0.0008551411534747758,0.0032599773739783065,0.0005024845067276296
2020-02-11,1.1465244240921288,1.099463023644777,1.1194850643669525,5.946648259737057e-05,0.0005616041776374981,-0.00033482142857144126
2020-02-12,1.1474548526566741,1.1088354926112762,1.1194850643669525,0.0008115209279401294,0.008524587698664743,0.0
2020-02-13,1.1477457030095541,1.106608355977173,1.1196100487439054,0.0002534743325252967,-0.002008536567366137,0.00011164452383605195
2020-02-14,1.1479562243428587,1.1095254201557474,1.1196725409323818,0.00018342158263141083,0.0026360402601499854,5.58160303638644e-05
2020-02-17,1.1489741551776989,1.1240075448153402,1.1197350331208584,0.0008867331464862795,0.0130525397584492,5.581291510869946e-05
2020-02-18,1.1480705581752022,1.1255637439771742,1.1171728533933243,-0.0007864380573093257,0.001384509533776912,-0.002288201808237522
2020-02-19,1.1486331843269852,1.1271441066258292,1.1171103612048479,0.0004900623465837689,0.0014040632146436916,-5.5937797169614e-05
2020-02-20,1.1488357383780707,1.1384451439514,1.1164854393200836,0.00017634354800936887,0.010026257742145394,-0.0005594092638173676
2020-02-21,1.1500155260893967,1.14229287677432,1.1174228221472304,0.0010269420352396006,0.0033798139887222024,0.0008395835665511164
2020-02-24,1.150131654259228,1.13936451663368,1.1174853143357069,0.00010097965392346915,-0.002563580847067137,5.592528382081241e-05
2020-02-25,1.1486719746561502,1.1332278320848999,1.1176727909011364,-0.0012691413175805306,-0.005386059034830681,0.0001677664690751257
2020-02-26,1.1497002974633432,1.1203659112434248,1.1202349706286705,0.000895227558329653,-0.011349810229962287,0.0022924238188426482
2020-02-27,1.148727339849172,1.1124976777773012,1.1209223847019114,-0.0008462706466354304,-0.007022914020465831,0.0006136338279594256
2020-02-28,1.1476552869120025,1.0843856884771035,1.1213598300212464,-0.0009332527397756302,-0.02526925661217,0.00039025478062093555
2020-03-02,1.149022277006786,1.10566187810706,1.1217347831521052,0.0011911155818064242,0.01962050021135602,0.0003343736067766834
2020-03-03,1.148505088886768,1.109109375819823,1.1219847519060109,-0.000450111482055196,0.0031180397742076927,0.00022284122562665765
2020-03-04,1.150996126289388,1.117835163176108,1.1226721659792518,0.002168938933509108,0.00786738219558849,0.0006126768408154515
2020-03-05,1.1510617137186205,1.1257829477390433,1.1231721034870632,5.698318850456052e-05,0.00710997902441457,0.0004453103256329971
2020-03-06,1.1517665028149722,1.1163647855543002,1.1241094863142098,0.0006122947952762662,-0.008365877457691073,0.0008345852111499852
2020-03-09,1.1506603661734023,1.0832133054285713,1.128546431696037,-0.0009603827154777793,-0.02969592068354999,0.003947075828329982
2020-03-10,1.1520097461394276,1.0883728302852873,1.127984001999749,0.001172700481996044,0.004763166064207913,-0.0004983664654742981
2020-03-11,1.1517159219357591,1.066468942994008,1.1301087364079478,-0.00025505357454930905,-0.020125352895420834,0.0018836565096953528
2020-03-12,1.148258522854529,1.041285593756949,1.1301712285964243,-0.003001954748892475,-0.023613767097951453,5.529750055299765e-05
2020-03-13,1.1494573522546994,1.0448994058879155,1.129421322334707,0.0010440413690028926,0.0034705292694274135,-0.0006635333149018763
2020-03-16,1.14737801082854,1.0023204597957867,1.12954630671166,-0.001808976576713033,-0.04074932558311387,0.00011066231394907255
2020-03-17,1.1450271862999744,1.0017387795458483,1.1292963379577543,-0.0020488666388753336,-0.0005803336091301902,-0.00022130013831256345
2020-03-18,1.1460353030709698,0.9874222729168246,1.1293588301462307,0.000880430423886262,-0.014291656588870705,5.533728072593114e-05
2020-03-19,1.1457190037241662,0.9824234518488628,1.1298587676540424,-0.0002759944182836765,-0.005062495757965302,0.00044267374944673143
2020-03-20,1.1475855364075764,0.9931639345218897,1.1301712285964245,0.001629136531159155,0.010932640759759905,0.0002765486725662125
2020-03-23,1.1470984572368865,0.973116509978473,1.1316085489313827,-0.00042443822724935845,-0.020185413350785376,0.0012717721868953369
2020-03-24,1.150339219451372,1.0021682363618618,1.132233470816147,0.0028251822622896256,0.029854314550712458,0.0005522421029378055
2020-03-25,1.152425306825597,1.018365169381928,1.1324209473815763,0.0018134541002782683,0.016161890222010356,0.00016558118997678228
2020-03-26,1.1521515150882715,1.018622779319723,1.132670916135482,-0.00023757872697148015,0.00025296420728069256,0.000220738369847151
2020-03-27,1.1526400916236723,1.014045528271266,1.1329208848893877,0.00042405580255944555,-0.004493568317325225,0.00022068965517241246
2020-03-30,1.1521783689757454,1.0086956863732062,1.1329208848893877,-0.0004005783342799281,-0.005275741324139627,0.0
2020-03-31,1.1525898912365995,1.0159820021314308,1.1332333458317698,0.0003571688828179743,0.007223502446434116,0.00027580120249326434
2020-04-01,1.1524525717411696,1.0072765024227721,1.1342332208473929,-0.00011913994428893814,-0.008568557012225886,0.0008823205029226955
2020-04-02,1.153264756772007,1.0288199189856253,1.1346081739782516,0.0007047448639125254,0.021387788269691187,0.00033057851239681746
2020-04-03,1.1533174132944222,1.0232846381703538,1.1346081739782516,4.565865912937073e-05,-0.0053802232180041095,0.0
2020-04-07,1.1562639615986674,1.0504804667851422,1.1357955255593042,0.0025548459342414156,0.02657699295028515,0.001046486010134462
2020-04-08,1.1560793147511217,1.0507724174346988,1.1362329708786392,-0.00015969264257824917,0.00027792106449169295,0.00038514442916093294
2020-04-09,1.1569755912858362,1.0591162574945991,1.1369828771403565,0.0007752725295559166,0.007940672900674683,0.0006599934000659502
2020-04-10,1.156833238090329,1.0490840817688842,1.1372328458942622,-0.00012303906545589466,-0.009472213890330105,0.00021985269869184698
2020-04-13,1.1564610743894583,1.0424964008157274,1.1376702912135976,-0.0003217090317053489,-0.00627945945195284,0.0003846576546875369
2020-04-14,1.1574115267647385,1.0540399492965373,1.1375453068366446,0.0008218628333701611,0.01107298641201776,-0.00010985992859113836
2020-04-15,1.1573712719451799,1.0464096157242724,1.1380452443444562,-3.478004031204354e-05,-0.007239131284689349,0.0004394879964841891
2020-04-16,1.1580986271062934,1.044327609614576,1.138295213098362,0.0006284544802043083,-0.001989666454140304,0.00021964746581737415
2020-04-17,1.1583465224531413,1.0462668839975278,1.1384826896637912,0.00021405374382263645,0.0018569597941279104,0.00016469942355201717
2020-04-20,1.1585252538460464,1.0436684838480152,1.1385451818522676,0.00015429872619357026,-0.0024834965048159295,5.4890767372972604e-05
2020-04-21,1.1586067199713856,1.0316440433425071,1.1391076115485557,7.031881702074678e-05,-0.011521321848460764,0.0004939897908777802
2020-04-22,1.15923429089726,1.0291046598711324,1.13973253343332,0.0005416600085745198,-0.0024614919145437343,0.0005486065393898176
2020-04-23,1.1603470623562508,1.0373979567514457,1.1405449318835137,0.0009599193775829451,0.008058749710988411,0.0007127974558613914
2020-04-24,1.1605748645868166,1.035444254577331,1.1404824396950373,0.00019632249518805486,-0.001883271661949948,-5.4791518272923057e-05
2020-04-27,1.161110816692822,1.0306214476862632,1.1412323459567546,0.00046179882259980834,-0.004657717563980768,0.0006575342465753309
2020-04-28,1.160974388023902,1.0243166214237147,1.1413573303337075,-0.00011749840493982824,-0.0061174995695100435,0.00010951702989814294
2020-04-29,1.1621050145150704,1.0374394330492591,1.1421072365954248,0.0009738599773011794,0.012811284471109097,0.0006570302233903647
2020-04-30,1.1626535341261999,1.0464358993037242,1.1417947756530427,0.0004720052011464537,0.008671799015796577,-0.000273582840884079
2020-05-06,1.1633756020260815,1.0572817812035047,1.1421697287839014,0.0006210516535558892,0.010364592716092113,0.0003283892507253139
2020-05-07,1.1631349575969496,1.0569955781148082,1.1422322209723779,-0.0002068501597529457,-0.0002706970779074891,5.471357443775915e-05
2020-05-08,1.1644970537422819,1.065299116203788,1.1434195725534302,0.0011710559780151193,0.00785579264559404,0.0010395010395010118
2020-05-11,1.1642084239218038,1.0618221974865005,1.1430446194225714,-0.0002478579224829462,-0.0032637957399959784,-0.000327922610264042
2020-05-12,1.1638382184512082,1.05752659490717,1.1430446194225714,-0.00031798899835176254,-0.004045500828198023,0.0
2020-05-13,1.1638501417585232,1.0629895036607542,1.1430446194225714,1.0244815066365982e-05,0.00516574124933814,0.0
2020-05-14,1.1635908864161029,1.057328426444748,1.1430446194225714,-0.0002227566360292085,-0.005325619111487346,0.0
2020-05-15,1.1640873572180759,1.0652685818317729,1.1427321584801893,0.00042667127060630114,0.007509639567455484,-0.0002733584823135793
2020-05-18,1.1650499684408455,1.0740658651895887,1.1429196350456183,0.0008269235266586046,0.00825827730945412,0.00016405993656332107
2020-05-19,1.1641954882037384,1.0754702594785865,1.1422947131608538,-0.0007334279732659084,0.0013075495037263574,-0.0005467767510525245
2020-05-20,1.164115699428089,1.0748648275326709,1.1422947131608538,-6.853554790228322e-05,-0.0005629462466114843,0.0
2020-05-21,1.163738403536175,1.0730769536175628,1.142169728783901,-0.00032410514874018585,-0.0016633476780629763,-0.00010941517588480831
2020-05-22,1.1632862307698941,1.0586978247971288,1.1422322209723774,-0.0003885518986974038,-0.013399904612580804,5.471357443775915e-05
2020-05-25,1.1627861160493764,1.060205876709685,1.1421072365954243,-0.0004299154475391829,0.0014244403617670542,-0.00010942116205281405
2020-05-26,1.1633744660844745,1.07037617928395,1.1416697912760894,0.0005059830238572928,0.009592761932076931,-0.00038301597723788827
2020-05-27,1.1631559522264834,1.0671257781922585,1.141357330333707,-0.00018782762073731957,-0.003036690422114885,-0.00027368766763380403
2020-05-28,1.1635703690279338,1.0683835692448658,1.1416072990876127,0.00035628653290824833,0.00117867179137785,0.00021901007446345488
2020-05-29,1.1644940146049432,1.0729665880378454,1.1416697912760891,0.0007938029375748833,0.004289675473218746,5.474052988829747e-05
2020-06-01,1.1661498876630545,1.0886944123412445,1.1421072365954241,0.0014219678567202972,0.014658261010867757,0.0003831627346870814
2020-06-02,1.1660804007922934,1.0906056417353218,1.1417322834645653,-5.958656901333098e-05,0.0017555242062528786,-0.00032829940906109467
2020-06-03,1.165742244813247,1.0954884268924585,1.1414198225221832,-0.00028999370782368747,0.0044771317608145456,-0.00027367268746569806
2020-06-04,1.1651669172072205,1.090012191229102,1.1414823147106594,-0.0004935290014462854,-0.0049988986911442155,5.474952094153274e-05
2020-06-05,1.165233410610946,1.0958015385708777,1.1412323459567537,5.706770656070822e-05,0.005311268432004834,-0.000218986094382978
2020-06-08,1.1652737970152875,1.1008280617249109,1.1411698537682773,3.465949737944653e-05,0.004587074371686562,-5.475851494907147e-05
2020-06-09,1.1651260955236638,1.1003831590554691,1.1411698537682773,-0.00012675260698573497,-0.0004041527327569128,0.0
2020-06-10,1.1653542872041152,1.0989792750910528,1.14129483814523,0.00019585148880303153,-0.0012758137498409372,0.00010952302721634055
2020-06-11,1.1648056062994818,1.0879275945630509,1.141419822522183,-0.000470827550606842,-0.010056313870965571,0.00010951103323675326
2020-06-12,1.1649639337729358,1.0841281437081742,1.1416697912760887,0.00013592609152791602,-0.003492374744297888,0.00021899808376679708
2020-06-15,1.1651444708378609,1.0796237263623816,1.1416697912760887,0.00015497223535535992,-0.004154875391746238,0.0
2020-06-16,1.165643823380987,1.0956966867212248,1.1411073615798006,0.00042857564501601374,0.01488755755025748,-0.0004926378017406918
2020-06-17,1.1659137107954065,1.1044169694217862,1.1410448693913242,0.00023153506157380186,0.007958664844242746,-5.4764512595784076e-05
2020-06-18,1.1658454304899004,1.1050831337028881,1.140857392825895,-5.85637726650235e-05,0.0006031818593395744,-0.00016430253573584963
2020-06-19,1.1661886299595716,1.111039779102919,1.1409823772028478,0.00029437819173603534,0.00539022379254982,0.00010955302366344455
2020-06-22,1.1666436215938016,1.1127482500520298,1.141169853768277,0.00039015269274733286,0.0015377225741551536,0.00016431153466966997
2020-06-23,1.1658258360504337,1.1141918946585443,1.1401699787526538,-0.0007009728834335392,0.0012973685705162442,-0.0008761842177319457
2020-06-24,1.1658371978386424,1.1131494963200004,1.1397950256217952,9.745699449609745e-06,-0.0009355644602524693,-0.00032885722115649774
2020-06-29,1.1656933161341032,1.1055582910105783,1.1402324709411304,-0.00012341492002995467,-0.006819573951673219,0.0003837929711059118
2020-06-30,1.166296415795741,1.1165907642159996,1.1400449943757012,0.0005173742126597965,0.00997909680125184,-0.00016441959881619006
2020-07-01,1.167436013200194,1.1248469189522612,1.1403574553180833,0.0009771078681361147,0.007394073998147876,0.00027407772844378897
2020-07-02,1.1686582447024887,1.136252301135914,1.14041994750656,0.0010469366102082301,0.010139497198673453,5.480052608519692e-05
2020-07-03,1.1698270226638425,1.145675530209183,1.140294963129607,0.0010001024394018442,0.008293254116052095,-0.00010959504630392303
2020-07-06,1.1723436453419815,1.1747904987480038,1.1393575803024605,0.002151277607186946,0.02541292693360111,-0.0008220529402094279
2020-07-07,1.1719831411977535,1.1766180201268757,1.1386076740407431,-0.000307507227646361,0.0015556147081709493,-0.0006581834137779907
2020-07-08,1.1731405040441063,1.1896317038062802,1.138732658417696,0.0009875251662495345,0.011060245089567221,0.00010976948408347731
2020-07-09,1.1738775651220084,1.1994024060807762,1.138295213098361,0.0006282803085915938,0.008213216109854893,-0.0003841510262320158
2020-07-10,1.172416615074949,1.1891719883959766,1.1381077365329317,-0.0012445506162368678,-0.00852959576613561,-0.00016469942355201717
2020-07-13,1.1740191224463439,1.2038596076929442,1.1385451818522667,0.0013668412327066152,0.0123511312411414,0.00038436195914770543
2020-07-14,1.173323785705546,1.197687595056385,1.1384201974753139,-0.0005922703706467453,-0.005126854159005445,-0.00010977550908397582
2020-07-15,1.1722112822163693,1.189007780261212,1.138295213098361,-0.0009481640982056227,-0.007247144272847073,-0.00010978756106927445
2020-07-16,1.1697647484149805,1.159387553586554,1.1384201974753139,-0.002087109925066663,-0.024911718128665928,0.00010979961570134478
2020-07-17,1.1698548835741929,1.1662930490051477,1.1385451818522667,7.70540908627039e-05,0.005956157970845666,0.00010978756106938548
2020-07-20,1.1719168399207478,1.1818774394689806,1.1386701662292196,0.001762574465864604,0.013362328170545546,0.00010977550908397582
2020-07-21,1.1724290373493658,1.1873280944532423,1.1392950881139838,0.0004370595345763481,0.004611861435235398,0.0005488172987211382
2020-07-22,1.1735834986499178,1.1952176898698077,1.1394825646794131,0.00098467477670312,0.006644831747368352,0.00016455487905209232
2020-07-23,1.1735322580525374,1.193766210885702,1.1395450568678895,-4.3661654615424964e-05,-0.001214405540018304,5.4842601733051666e-05
2020-07-24,1.1721879790017897,1.1681871512683315,1.1400449943757012,-0.0011454981671985762,-0.021427193519233678,0.000438716753496049
2020-07-27,1.1728885261266966,1.172117207054706,1.1405449318835128,0.000597640598143046,0.0033642347308027844,0.00043852436551006235
2020-07-28,1.1736113920646047,1.1752546714622074,1.1409198850143714,0.0006163125666299993,0.002676749721459515,0.0003287491096377604
2020-07-29,1.1748629860946798,1.189836743939721,1.1407949006374185,0.0010664467289067797,0.012407585208209471,-0.00010954702305954189
2020-07-30,1.1749591414724523,1.1872536784250167,1.1410448693913244,8.184390768180198e-05,-0.0021709411210073084,0.00021911804984942052
2020-07-31,1.1756676632183056,1.192398804595366,1.1407949006374187,0.0006030181993950932,0.004333636748276748,-0.00021907004764765148
2020-08-03,1.1771929090341442,1.201734659445259,1.1412323459567537,0.001297344363170871,0.007829473506609952,0.00038345658723626386
2020-08-04,1.1774162155102024,1.2027419975398979,1.1416072990876123,0.00018969403769297135,0.0008382366995255963,0.0003285510896944288
2020-08-05,1.1785975844380303,1.209388677832038,1.1414823147106594,0.0010033571070837727,0.005526272721610626,-0.00010948105977670597
2020-08-06,1.1786904230720638,1.212122404852311,1.140982377202848,7.87704261905779e-05,0.002260420549970321,-0.000437972188765956
2020-08-07,1.1781616431874533,1.2058220728032658,1.1411073615798009,-0.0004486164257043477,-0.005197768825841209,0.00010954102311311331
2020-08-10,1.1784536137178045,1.2087466910501892,1.1414823147106596,0.0002478187369613832,0.002425414422979022,0.00032858707557514855
2020-08-11,1.1771347656416942,1.1981751981168418,1.141669791276089,-0.0011191344833248735,-0.008745829884475309,0.00016423957078726126
2020-08-12,1.175387686521247,1.1885800770988795,1.1420447444069475,-0.0014841793577431406,-0.008008111862975353,0.0003284252011603872
2020-08-13,1.175766380027649,1.1883634538617014,1.1421697287839006,0.00032218604188629507,-0.00018225380128087388,0.00010943912448713178
2020-08-14,1.1766147376539944,1.1956551455250966,1.1426071741032358,0.0007215358771571955,0.0061359103897887565,0.00038299502106475813
2020-08-17,1.1777741861249187,1.207540320913788,1.14235720534933,0.000985410460892456,0.009940303801788886,-0.00021877050973528878
2020-08-18,1.1788708097287426,1.2149703952169213,1.1422947131608534,0.0009310983520806007,0.006153065180888384,-5.4704595186083615e-05
2020-08-19,1.1777368865418394,1.20561054447459,1.141669791276089,-0.0009618723082676424,-0.0077037685685010905,-0.0005470758794244857
2020-08-20,1.1762849531028543,1.1956840434562024,1.1416072990876125,-0.0012328164767331103,-0.00823358842030818,-5.473753352669419e-05
2020-08-21,1.1768280320552935,1.1991201347262164,1.1419822522184713,0.00046168995956853535,0.002873745191147359,0.0003284431793300069
2020-08-24,1.1770595617466801,1.2037811042371611,1.142107236595424,0.0001967404625655527,0.0038869912829950226,0.0001094451132754859
2020-08-25,1.177120224860332,1.2055367586169636,1.142107236595424,5.1537845342392235e-05,0.001458449857389288,0.0
2020-08-26,1.1762079821742137,1.1978906562877507,1.1414823147106596,-0.0007749783470303029,-0.006342487920471862,-0.0005471656817683801
2020-08-27,1.176783078877935,1.203259571413877,1.1415448068991358,0.0004889413372779884,0.004481974292014623,5.474652359560572e-05
2020-08-28,1.1770189708008314,1.2135311315630846,1.1407949006374187,0.00020045489022602582,0.008536445828673533,-0.0006569223189356599
2020-08-31,1.177694797639727,1.2143689398920134,1.1412948381452301,0.0005741851708946955,0.0006903888224520149,0.000438236099698619
2020-09-01,1.1784076166263664,1.2180396406683156,1.1412948381452301,0.0006052663118390932,0.003022722877471373,0.0
2020-09-02,1.178411012077998,1.2182976378539927,1.1411698537682773,2.8813897531930054e-06,0.00021181345587042432,-0.00010951103323653122
2020-09-03,1.1772475643219298,1.2051469864204862,1.1412323459567537,-0.000987302175678636,-0.010794284602464666,5.4761513608170276e-05
2020-09-04,1.1772065966599923,1.2006382985769464,1.1414823147106594,-3.4799530004596434e-05,-0.003741193310312674,0.00021903405979628587
2020-09-07,1.1763875496969678,1.1849233945550965,1.1413573303337066,-0.0006957546494797764,-0.013088791220866425,-0.00010949304719154451
2020-09-08,1.1760677856967194,1.183624763296794,1.141419822522183,-0.00027181858591655465,-0.0010959622067300279,5.475251861586372e-05
2020-09-09,1.1749429112315468,1.1650337700513396,1.1412948381452301,-0.0009564707739241865,-0.01570683025731249,-0.00010949904188339854
2020-09-10,1.1747914250417593,1.156069621818361,1.1419197600299944,-0.00012893068109058622,-0.007694324802776808,0.0005475551661828781
2020-09-11,1.1750469234753174,1.1591684168135696,1.1419197600299944,0.00021748408109898082,0.0026804570734541566,0.0
2020-09-14,1.1760651894343657,1.1740826186262683,1.1423572053493296,0.0008665747202983887,0.01286629414360354,0.0003830788595196033
2020-09-15,1.17624833514353,1.1775426575803372,1.1424821897262825,0.00015572751477521357,0.0029470148856452936,0.00010940919037194519
2020-09-16,1.1760674350642564,1.1773827635005445,1.1425446819147589,-0.00015379412141876183,-0.00013578623140598768,5.4698610655323776e-05
2020-09-17,1.1758195181840223,1.1737683777120307,1.1427946506686648,-0.00021080158572752024,-0.003069847716954499,0.00021878247552375996
2020-09-18,1.1762682073014012,1.1860871362581025,1.1424821897262825,0.00038159692915457907,0.01049505062496583,-0.00027341827527760376
2020-09-21,1.176556129328188,1.1812335674328542,1.1433570803649526,0.0002447758300356718,-0.004092084533148466,0.0007657805491740888
2020-09-22,1.1758298598449082,1.1678638143426427,1.143857017872764,-0.0006172841780991774,-0.011318466947453486,0.00043725404459982187
2020-09-23,1.175318893777556,1.165302826173668,1.143857017872764,-0.0004345578257551287,-0.0021928825412029563,0.0
2020-09-24,1.1741119187793387,1.1514570899214198,1.143857017872764,-0.0010269340556059551,-0.011881663668242604,0.0
2020-09-25,1.1735221183905222,1.15603992315967,1.1433570803649526,-0.0005023374512964134,0.003980029545489217,-0.0004370629370628043
2020-09-28,1.1736731652976544,1.1539438888325468,1.1436070491188584,0.00012871245012343555,-0.001813115866616677,0.00021862702229991093
2020-09-29,1.1750899552628107,1.1597564316743774,1.1437320334958112,0.0012071418236753314,0.005037110467919892,0.00010928961748635224
2020-09-30,1.1755099475636406,1.155309965396625,1.143857017872764,0.0003574128933270035,-0.003833965612359558,0.00010927767457102888
2020-10-09,1.177691082939125,1.1757881803108332,1.1447319085114342,0.001855480151405779,0.017725299294183604,0.0007648601398602128
2020-10-12,1.17930392962236,1.1941886432430404,1.1446069241344814,0.0013694989344828403,0.01564947091689837,-0.00010918222513378595
2020-10-13,1.179576637135179,1.1929368175553718,1.1447944006999107,0.00023124447054647873,-0.0010482646060583467,0.00016379122079057673
2020-10-14,1.179194723621316,1.1862132325272925,1.1447319085114342,-0.0003237716837039136,-0.005636161889829005,-5.458813253989003e-05
2020-10-15,1.1789788347116064,1.1851671441576663,1.1443569553805757,-0.0001830816449438483,-0.000881872112822013,-0.0003275466754012468
2020-10-16,1.1790937019389067,1.189919581623574,1.1442944631920993,9.742942274997216e-05,0.004009930151485352,-5.4608999563110494e-05
2020-10-19,1.17899364117346,1.1836833886722267,1.1446694163229578,-8.486243738061183e-05,-0.005240852447220279,0.0003276718912128551
2020-10-20,1.1795980357831188,1.1876335320334022,1.1449818772653402,0.0005126360215625689,0.0033371621152903487,0.0002729704645958453
2020-10-21,1.1792933058927897,1.184463379258588,1.1442319710036228,-0.0002583336705259666,-0.0026693021789193083,-0.0006549503329330575
2020-10-22,1.180022052535468,1.182300783642633,1.1448568928883873,0.000617951987887059,-0.0018258020077485226,0.0005461496450027692
2020-10-23,1.17913546542025,1.1742256428016395,1.1446069241344816,-0.0007513309715806827,-0.006830022404378455,-0.00021834061135361793
2020-10-26,1.179297561036617,1.165422308741081,1.1447319085114347,0.00013746988460681869,-0.007497140021192283,0.00010919414719379184
2020-10-27,1.1800350859715094,1.1675520672887514,1.144919385076864,0.0006253934199984551,0.0018274564779619084,0.00016377333770067892
2020-10-28,1.1798308545201603,1.1635445557512247,1.144669416322958,-0.00017307235503160473,-0.0034324049862998196,-0.0002183286938487461
2020-10-29,1.179412347191208,1.1581135517799652,1.1438570178727645,-0.0003547180745011491,-0.004667637302254423,-0.0007097232079488203
2020-10-30,1.1781297804324213,1.1390038457893337,1.1436070491188588,-0.0010874625501768652,-0.016500718743218856,-0.00021853146853145766
2020-11-02,1.1782572993287759,1.1404770117893914,1.1439195100612412,0.00010823841182237145,0.0012933810588118156,0.0002732240437159916
2020-11-03,1.17872150804808,1.1546864399801877,1.1438570178727645,0.00039397907364429794,0.012459197374352925,-5.4629882545897956e-05
2020-11-04,1.1792079308740984,1.1636795278885679,1.1442944631920997,0.0004126698483884382,0.0077883376793915216,0.00038243006993021744
2020-11-05,1.180060188107409,1.1722803439550749,1.1442944631920997,0.0007227370262671508,0.007391052141402376,0.0
2020-11-06,1.1798574443160874,1.1687618317759714,1.1442944631920997,-0.00017180800891757904,-0.0030014255525538714,0.0
2020-11-09,1.1807800924848557,1.1836461660224897,1.1441069866266704,0.0007819997010766604,0.012735130324970423,-0.00016383594560642756
2020-11-10,1.1800534494447825,1.1825017557299096,1.1443569553805761,-0.0006153923534940713,-0.0009668516871269905,0.00021848372296262575
2020-11-11,1.1799050479105897,1.1818351146089492,1.144481939757529,-0.00012575831566167612,-0.0005637548677877912,0.00010921799912622099
2020-11-12,1.179538160064859,1.178681349731044,1.1443569553805761,-0.00031094692439914646,-0.0026685320472549013,-0.00010920607185749276
2020-11-13,1.1790631254591042,1.1752583240984116,1.1442944631920997,-0.0004027293239318204,-0.002904114528844892,-5.4608999563110494e-05
2020-11-16,1.1794419560806213,1.187771652320579,1.1444194475690523,0.0003212979978229893,0.010647300228030366,0.00010922396373747034
2020-11-17,1.178561162797018,1.1835898232437454,1.1437945256842879,-0.0007467881560955099,-0.0035207348724508036,-0.0005460601758313643
2020-11-18,1.1784895028667177,1.1818557079473784,1.1438570178727643,-6.080289471799823e-05,-0.0014651319758855253,5.463585204612542e-05
2020-11-19,1.1782631639877676,1.185098124197528,1.1434820647419057,-0.0001920584599179062,0.002743495867004808,-0.0003277972027971865
2020-11-20,1.1781875868346714,1.1867474843759351,1.1431696037995236,-6.41428463575208e-05,0.001391749885288196,-0.0002732539075307461
2020-11-23,1.1793368469718397,1.1971004859662076,1.1434820647419057,0.000975447500899223,0.008723845406520159,0.0002733285956375564
2020-11-24,1.1791934417341439,1.200831350679565,1.1435445569303822,-0.00012159819992412649,0.003116584411329626,5.465078150623803e-05
2020-11-25,1.1786105803739986,1.1957829690422763,1.1436070491188586,-0.0004942881630074867,-0.0042040721492086815,5.464779496144878e-05
2020-11-26,1.1786034832672563,1.195255151717252,1.1437320334958114,-6.021587503566719e-06,-0.00044139893165306976,0.00010928961748635224
2020-11-27,1.179109087461113,1.2000769379563376,1.1440444944381936,0.0004289858302940125,0.00403410621753697,0.0002731941864275722
2020-11-30,1.178847685830787,1.1909685379583785,1.1442944631920995,-0.00022169418682786986,-0.007589846708887016,0.00021849565739895382
2020-12-01,1.179900610072681,1.205373632767791,1.1445444319460052,0.0008931809041573419,0.012095277373243252,0.00021844792747516273
2020-12-02,1.1803277585723937,1.2065406708884685,1.1447319085114347,0.00036202074654949806,0.0009681961583959175,0.00016380016380024287
2020-12-03,1.1802844735128566,1.2075237896422426,1.1450443694538168,-3.667206775639438e-05,0.000814824379728607,0.0002729555628342428
2020-12-04,1.1802700835116786,1.2140100066691824,1.1448568928883875,-1.2191977019957877e-05,0.005371502476867562,-0.00016372864705560541
2020-12-07,1.1802956525807777,1.2092989808834895,1.1451068616422935,2.166374413474246e-05,-0.0038805493857650974,0.00021834061135383998
2020-12-08,1.180368659155521,1.2063023807065962,1.1449818772653404,6.185448076794437e-05,-0.0024779646921591625,-0.00010914647456894411
2020-12-09,1.1801421539898707,1.1975825251889503,1.1455443069616285,-0.00019189357824213335,-0.0072285818689491795,0.0004912127496998764
2020-12-10,1.17985488759695,1.195006456533176,1.1458567679040108,-0.00024341677140302052,-0.002151057318883243,0.0002727619878895027
2020-12-11,1.179196225781193,1.1899480354369698,1.1458567679040108,-0.0005582566319647348,-0.004232965494497043,0.0
2020-12-14,1.1795477969272417,1.2012993759172212,1.14604424446944,0.00029814473483038,0.009539358141873022,0.0001636125654449483
2020-12-15,1.1795030783834841,1.2021844829814918,1.1464816897887753,-3.7911599575648784e-05,0.0007367914127108688,0.0003817002017558746
2020-12-16,1.17938545578356,1.2027764745792326,1.1462317210348694,-9.972216442664208e-05,0.0004924299108175157,-0.00021803117845864417
2020-12-17,1.1799900505027352,1.2156908256715375,1.1461067366579165,0.0005126353866842979,0.010737116467814622,-0.00010903936321005059
2020-12-18,1.1804963230435739,1.2146227958195015,1.1461067366579165,0.00042904814377292484,-0.0008785373957609033,0.0
2020-12-21,1.1818123748979912,1.2200152120520569,1.146481689788775,0.0011148292703057098,0.0044395809555979,0.00032715376226821746
2020-12-22,1.1810062991638481,1.2027890213632244,1.1465441819772515,-0.000682067434107462,-0.014119652377004433,5.4507794614577776e-05
2020-12-23,1.1812173800208388,1.205084475869039,1.1467941507311572,0.00017872966227190025,0.0019084431808439883,0.00021801929470743886
2020-12-24,1.1806314735275425,1.2073701888951711,1.1467941507311572,-0.000496019194439832,0.001896724314271603,0.0
2020-12-25,1.1814822424317355,1.2140884787503359,1.1471066116735396,0.000720604967146128,0.005564399317588231,0.00027246471581943155
2020-12-28,1.1817668827572545,1.213562708329521,1.1474815648043983,0.00024091798868962987,-0.00043305774662819594,0.00032686859882335995
2020-12-29,1.181444268965438,1.209162520473934,1.1479190101237335,-0.000272992750536198,-0.003625843003732243,0.00038122208909707744
2020-12-30,1.1824265786610406,1.216291083360618,1.1481689788776392,0.0008314481871096303,0.005895454718435967,0.00021775817954150511
2020-12-31,1.183753992783449,1.2261459574111129,1.1484814398200214,0.001122618644035925,0.00810239767874138,0.0002721384640504976
2021-01-04,1.1853925153545257,1.2411760779315997,1.1489188851393566,0.001384174905483388,0.012258019063424974,0.0003808901947981447
2021-01-05,1.1861959802012294,1.2450250273553447,1.149168853893262,0.0006778048927222757,0.00310105027979517,0.0002175686701113566
2021-01-06,1.186622504027851,1.2523525077119546,1.1495438070241208,0.0003595728140551719,0.005885408080650889,0.00032628201642292964
2021-01-07,1.186581141083305,1.2602580883126018,1.1497937757780268,-3.485771119773734e-05,0.006312584158186085,0.00021745039412901512
2021-01-08,1.1865713716825792,1.2591148860045795,1.1500437445319323,-8.233234447702287e-06,-0.0009071176123558678,0.000217403119734616
2021-01-11,1.1858383028505668,1.2445650620528776,1.1502312210973618,-0.0006178042463412486,-0.01155559680329995,0.00016301689941866648
2021-01-12,1.1870137240995897,1.2618338218947378,1.150981127359079,0.0009912154517167037,0.013875337150615286,0.0006519613169619909
2021-01-13,1.1868625583534371,1.2603500914243715,1.1513560804899376,-0.00012734961953982877,-0.0011758525129230812,0.00032576827017050114
2021-01-14,1.186683131740666,1.2533316020041418,1.1512310961129846,-0.00015117724584722987,-0.005568682438303918,-0.00010855405992193923
2021-01-15,1.1872004336766724,1.252501203522381,1.1513560804899374,0.0004359225493056212,-0.0006625528953652759,0.000108565845185149
2021-01-18,1.187823007171964,1.257179497046493,1.1513560804899374,0.0005244047067634056,0.0037351609012073574,0.0
2021-01-19,1.187654718724702,1.2538889496008805,1.1514185726784139,-0.000141678049882802,-0.0026174046373990565,5.4277029960969614e-05
2021-01-20,1.188076335404705,1.2626987844002637,1.1516685414323196,0.00035499937259207096,0.007026008804198747,0.0002170963364993561
2021-01-21,1.1890211348374047,1.2701259700799294,1.1517935258092724,0.0007952346196492255,0.005881993212809944,0.00010852460795485186
2021-01-22,1.189192247428702,1.266194269160967,1.152168478940131,0.00014391047079287967,-0.0030955204535460857,0.0003255384949270024
2021-01-25,1.1893994956089793,1.26773665467396,1.152730908636419,0.00017427643068264673,0.001218127068301289,0.0004881488311547777
2021-01-26,1.1888075458235288,1.255703408340094,1.1525434320709897,-0.0004976879405412976,-0.009491913237265082,-0.00016263688604578608
2021-01-27,1.1884549719096125,1.2553411269458137,1.152418447694037,-0.0002965777893611824,-0.00028850872895155313,-0.00010844222740336029
2021-01-28,1.1868754259532406,1.2418061973013617,1.1522309711286076,-0.0013290751384832324,-0.010781873830089439,-0.0001626809825930886
2021-01-29,1.185836116828502,1.2346909565110562,1.152293463317084,-0.0008756682479156437,-0.0057297513941933385,5.423581733365879e-05
2021-02-01,1.1866903880479511,1.243190561364434,1.1527309086364192,0.0007203956831182437,0.0068839937707131146,0.0003796301317859907
2021-02-02,1.186508843975151,1.2529935991713697,1.1527309086364192,-0.00015298352007273226,0.007885386288789643,0.0
2021-02-03,1.1858075604218599,1.2477489221058917,1.1527309086364192,-0.0005910478938712823,-0.004185717364355623,0.0
2021-02-04,1.1843032106777511,1.246599395440482,1.15254343207099,-0.0012686289026302337,-0.00092128043153884,-0.00016263688604578608
2021-02-05,1.1837167217613798,1.2426123025091387,1.1526059242594664,-0.0004952185479896753,-0.0031983754732484273,5.4221113701569124e-05
2021-02-08,1.1847997008354532,1.2528320080249546,1.1527934008248957,0.0009148971659891918,0.008224371749080372,0.00016265452179564655
2021-02-09,1.1864513874294986,1.2716856095001745,1.1527309086364192,0.0013940639864111148,0.01504878655274935,-5.4209356534884456e-05
2021-02-10,1.1873140099184012,1.278470788206669,1.1530433695788014,0.0007270609635102724,0.005335578743524116,0.0002710614767429398
2021-02-18,1.188041236963387,1.2880963007874353,1.1534808148981366,0.0006124976534521278,0.007528926487454813,0.0003793832312612988
2021-02-19,1.1888175781712764,1.2893906902250505,1.1537307836520423,0.0006534631827036685,0.0010048856105120518,0.00021670820240538013
2021-02-22,1.1895237381870056,1.2826884412216233,1.1534808148981366,0.0005940019971907471,-0.005197997049488046,-0.00021666125013541926
2021-02-23,1.189469344224954,1.289255858316562,1.15341832270966,-4.5727512873809155e-05,0.005120040754935007,-5.417705060151157e-05
2021-02-24,1.18838434134093,1.2775819929758487,1.1530433695788012,-0.0009121738944276322,-0.009054731274175786,-0.00032507991547925386
2021-02-25,1.187958340890587,1.27776433047476,1.1527934008248955,-0.000358470265488755,0.00014272078028143564,-0.0002167904178634883
2021-02-26,1.1871043826314658,1.2602364161881303,1.1529183852018485,-0.0007188452908886125,-0.0137176425015065,0.00010841871306999096
2021-03-01,1.1881241527994744,1.2735350059600659,1.1531058617672778,0.000859040016134058,0.010552456349547656,0.00016261043959020505
2021-03-02,1.1875391729177625,1.2575790993575164,1.1532933383327073,-0.000492355853833593,-0.01252883236650495,0.00016258400173430054
2021-03-03,1.18871324266166,1.268862754321505,1.1537932758405187,0.0009886576970869626,0.008972521068259942,0.0004334868599293884
2021-03-04,1.1876591554864322,1.2548186546469047,1.1536682914635659,-0.0008867463887822376,-0.011068257482354881,-0.0001083247576232349
2021-03-05,1.1875897600863548,1.2628694704190084,1.153855768028995,-5.843040047051907e-05,0.006415919736521014,0.0001625047397213475
2021-03-08,1.1874219076349408,1.2541298702155095,1.154168228971377,-0.00014133874933514704,-0.0069204303439209134,0.000270797227036379
2021-03-09,1.1871249103540626,1.2376955009609507,1.15429321334833,-0.00025011942172233965,-0.013104200485819483,0.00010828956630026809
2021-03-10,1.1878748032597082,1.2366184617857356,1.1548556430446177,0.0006316882908487541,-0.0008701972127869273,0.0004872502842292459
2021-03-11,1.1889954602376258,1.253786572003873,1.1546681664791885,0.0009434133755867702,0.013883110068845284,-0.00016233766233764158
2021-03-12,1.188935574059738,1.2543118173145924,1.1545431821022356,-5.036703662076405e-05,0.0004189272101391639,-0.00010824268008879923
2021-03-15,1.1896033154764736,1.2521202693969913,1.1551056117985234,0.0005616296049208358,-0.0017472114089565837,0.0004871447902570214
2021-03-16,1.18982552282489,1.252632094165506,1.1551056117985234,0.00018679113072881797,0.0004087664588012907,0.0
2021-03-17,1.1901119365284896,1.2568761726524844,1.1551681039869999,0.0002407190786425079,0.003388128490996123,5.41008439731705e-05
2021-03-18,1.1906050072261987,1.2566122324402866,1.1552930883639527,0.00041430615270305986,-0.00020999698931410958,0.0001081958344604228
2021-03-19,1.1905454233707717,1.2369547349903367,1.1561054868141465,-5.0045023383393406e-05,-0.01564324852367218,0.0007031968410233791
2021-03-22,1.1913132822547903,1.247810547618419,1.1562929633795758,0.0006449639542896967,0.008776240812213065,0.0001621621621621383
2021-03-23,1.191074070137932,1.2416259225012907,1.1567304086989108,-0.00020079698633550952,-0.004956381502730844,0.0003783170296707272
2021-03-24,1.1902860024929451,1.228406448838661,1.1567929008873874,-0.0006616445313898083,-0.010646905338444191,5.40248514317998e-05
2021-03-25,1.1903693607623382,1.2308360266574399,1.1569803774528165,7.00321344773938e-05,0.0019778289352647025,0.00016206579871402838
2021-03-26,1.1910683350790634,1.2429461959934562,1.1569803774528165,0.0005871911187948501,0.009838978607819581,0.0
2021-03-29,1.1916467002854891,1.2455237730401092,1.1574178227721517,0.0004855852425857627,0.0020737639770422645,0.00037809225451024275
2021-03-30,1.1914573895610525,1.2495308996685084,1.1576677915260574,-0.00015886480816104697,0.00321722211581591,0.00021597105987791743
2021-03-31,1.191186593160774,1.2456560303714022,1.1577302837145338,-0.0002272816490554314,-0.003101059204005341,5.398110661269939e-05
2021-04-01,1.192519210582766,1.2532143283456423,1.1581677290338692,0.0011187310448617816,0.006067724789151119,0.0003778473496709456
2021-04-02,1.1927820812464756,1.2633122137997939,1.1576677915260576,0.0002204330642028166,0.008057588575037711,-0.0004316624399720581
2021-04-06,1.1934959821031514,1.2582830692567597,1.1586051743532042,0.0005985174223356775,-0.003980919750555967,0.0008097165991902688
2021-04-07,1.193739836119165,1.2565579290906002,1.158417697787775,0.00020431909254003578,-0.0013710270831018944,-0.00016181229773459815
2021-04-08,1.194001949933882,1.2573553979484766,1.158292713410822,0.0002195736514659881,0.0006346455180571198,-0.00010789232346120059
2021-04-09,1.1944532295333354,1.255417028092645,1.1584801899762516,0.0003779554962020454,-0.0015416244754618892,0.00016185594820616878
2021-04-12,1.1948964835412397,1.24428611094188,1.1601674790651155,0.0003710936493322564,-0.008866310478261063,0.0014564677958788241
2021-04-13,1.194935140977688,1.2448989945516058,1.1609173853268326,3.2352121695018095e-05,0.0004925584271466499,0.0006463775922433967
2021-04-14,1.195404625376465,1.252028693009382,1.160979877515309,0.00039289529839482804,0.005727130063547225,5.3830004844712676e-05
2021-04-15,1.1953816696544668,1.2548212454257484,1.1602299712535917,-1.920330698974924e-05,0.002230422059780712,-0.0006459252879750244
2021-04-16,1.1961989965958757,1.2612508397398876,1.1605424321959739,0.0006837372214727113,0.005123912539397346,0.0002693094904664406
2021-04-19,1.1972425401213729,1.2718784974401145,1.1609798775153088,0.0008723828798276926,0.008426283943976287,0.0003769317753485879
2021-04-20,1.1966642585181533,1.2700118344905096,1.1603549556305444,-0.00048301123944440754,-0.0014676425093764877,-0.0005382710733125018
2021-04-21,1.1974353338062975,1.269170146604181,1.1609798775153086,0.0006443539051622266,-0.0006627401914458986,0.0005385609651011869
2021-04-22,1.1973622769142866,1.265585428655261,1.161042369703785,-6.101113767750292e-05,-0.002824458137871644,5.382710733115026e-05
2021-04-23,1.1976477721749412,1.2699568851914143,1.1612298462692143,0.00023843682581211841,0.0034540983462475914,0.00016147263038912563
2021-04-26,1.1975284956572245,1.2642565000841368,1.1609173853268322,-9.959231794838416e-05,-0.004488644593960445,-0.0002690776019803609
2021-04-27,1.1974222642629597,1.2659620648868464,1.1609798775153086,-8.870886550925521e-05,0.0013490654804592106,5.3830004844712676e-05
2021-04-28,1.1976554886194324,1.269380621127606,1.1613548306461674,0.0001947720227302584,0.0027003623059315028,0.0003229626439875677
2021-04-29,1.1982905181093462,1.2755148107055039,1.1614173228346438,0.000530227177972439,0.004832427308090481,5.380972879898138e-05
2021-04-30,1.1981482372815382,1.2728664284916353,1.1618547681539788,-0.00011873650476050996,-0.002076324156834841,0.0003766478342748236
2021-05-06,1.1996184312395048,1.2758586952919286,1.1623547056617904,0.0012270551441133043,0.002350809741945381,0.00043029259896743
2021-05-07,1.2001486003954382,1.2716263199853122,1.1624171978502669,0.0004419481579535816,-0.00331727590385541,5.3763440860166156e-05
2021-05-10,1.2006761439025435,1.2727535716884972,1.162854643169602,0.00043956515629103843,0.0008864645890611644,0.00037632385355634845
2021-05-11,1.2005583661541168,1.270606321241958,1.1629796275465547,-9.809285295188319e-05,-0.0016870904897092309,0.00010748065348220592
2021-05-12,1.2006640897794076,1.2745237859621497,1.163292088488937,8.80620453542352e-05,0.0030831459396192694,0.0002686727565825997
2021-05-13,1.200938634789989,1.2695730369748013,1.1639795025621777,0.0002286609659757821,-0.003884391207035087,0.0005909213000268032
2021-05-14,1.2018825781701805,1.2798226393025423,1.1639170103737013,0.0007860046740493917,0.008073267176628273,-5.368839256947311e-05
2021-05-17,1.202548788438681,1.2893192397533455,1.1641044869391306,0.0005543056206994329,0.007420247274246061,0.00016107382550334393
2021-05-18,1.2029043323357,1.2933274330195412,1.1644169478815127,0.0002956586048210054,0.0031087671250157765,0.00026841314150738427
2021-05-19,1.203002771721383,1.2868788175427865,1.1646669166354184,8.183475862269478e-05,-0.0049860656413194815,0.0002146728921805785
2021-05-20,1.2033755256557959,1.2849003041628546,1.1650418697662772,0.00030985293066242077,-0.0015374511981710026,0.0003219402264313942
2021-05-21,1.2036848794415187,1.2783334281098568,1.1654793150856122,0.0002570716946849587,-0.005110805898109094,0.0003754760499918852
2021-05-24,1.2044206348570932,1.2872433754018122,1.165729283839518,0.0006112525197755996,0.006969971289203958,0.0002144772117962379
2021-05-25,1.2047201996233576,1.303115778803709,1.1654793150856122,0.00024872105109674937,0.012330538035934646,-0.00021443122118580682
2021-05-26,1.205466522189613,1.3069360605294742,1.165729283839518,0.0006194986740395206,0.002931651805545843,0.0002144772117962379
2021-05-27,1.2056545782438919,1.3084342379626293,1.1657917760279946,0.00015600271829798465,0.0011463280250666008,5.360780529661824e-05
2021-05-28,1.205877205863374,1.3099709532820172,1.1661042369703767,0.0001846529043221311,0.0011744688993929552,0.0002680246582684731
2021-05-31,1.2063736874162583,1.314309898233916,1.1662292213473298,0.0004117181670490423,0.0033122451616412808,0.00010718113612018243
2021-06-01,1.206774004098953,1.319960166552745,1.1666666666666647,0.00033183472656144565,0.004299038093239083,0.0003750937734432469
2021-06-02,1.2063118080281057,1.3119223183650133,1.166854143232094,-0.00038300134845246746,-0.0060894626909261725,0.00016069419893938175
2021-06-03,1.2059923241484387,1.3111158848043056,1.1664791901012352,-0.00026484353178071957,-0.0006146961214232749,-0.0003213367609254947
2021-06-04,1.2057647261822186,1.312343989229021,1.166166729158853,-0.00018872256619110458,0.0009366864050302848,-0.00026786670952527736
2021-06-07,1.2059521075435307,1.3138415017357628,1.1659167604049472,0.00015540458038221884,0.0011410975468571839,-0.00021435078505982474
2021-06-08,1.2060757608984718,1.3108736746354592,1.1657917760279943,0.0001025358753202612,-0.002258892793676215,-0.0001071983705847046
2021-06-09,1.205651813093513,1.3143404612254233,1.165041869766277,-0.0003515100947249335,0.002644638195917759,-0.0006432591798445353
2021-06-10,1.206203913532481,1.317477681753241,1.1656042994625648,0.0004579269346025668,0.002386916191329047,0.00048275492141813814
2021-06-11,1.2063779702283801,1.3169212297686375,1.1655418072740882,0.00014430121967476964,-0.0004223616022572596,-5.361355350641528e-05
2021-06-15,1.2056391789548278,1.3086533863559344,1.1654793150856118,-0.0006124044800093096,-0.006278160930062315,-5.3616428073555156e-05
2021-06-16,1.2050906386928446,1.2993226612650517,1.1659792525934232,-0.0004549787959434518,-0.007130020208685706,0.0004289544235924758
2021-06-17,1.2049130139173903,1.3004433250839995,1.1664791901012346,-0.00014739536575190447,0.0008624984789050494,0.000428770500589426
2021-06-18,1.2044944637269728,1.2944464329893612,1.1665416822897108,-0.0003473696321501682,-0.004611421335298049,5.3573341904922245e-05
2021-06-21,1.2054493676884281,1.3014197538268581,1.1669166354205696,0.0007927840187001453,0.0053871065343298885,0.00032142283173519637
2021-06-22,1.2063850804816612,1.309714619576755,1.167229096362952,0.0007762356663949537,0.006373705121276707,0.00026776629357905257
2021-06-23,1.2068777372372819,1.3142847763132732,1.1674165729283812,0.00040837437696421416,0.003489429428523161,0.0001606167683905202
2021-06-24,1.2070738698245205,1.3131047616030822,1.1674790651168574,0.00016251239142701726,-0.0008978379202572717,5.353032492894094e-05
2021-06-25,1.2077261910073989,1.3198585939574603,1.1680414948131455,0.000540415296185026,0.0051434071003846225,0.00048174713628101884
2021-06-28,1.2082805274566009,1.3213204379728147,1.1681664791900985,0.0004589918255724154,0.0011075762373690013,0.00010700337060631782
2021-06-29,1.2073645241922775,1.3127136861467514,1.1670416197975226,-0.0007581047972787903,-0.006513750623026737,-0.000962927298988947
2021-06-30,1.2075628335287443,1.316484652335919,1.1677290338707635,0.00016424976259721082,0.0028726494047888853,0.0005890227576974549
2021-07-01,1.207707975341511,1.3159479715861182,1.1674165729283812,0.00012019400459888599,-0.0004076619874365028,-0.00026758000642201907
2021-07-02,1.207689577167344,1.308385135634651,1.1672915885514283,-1.5233959320172448e-05,-0.005747063041065159,-0.00010706064985821495
2021-07-05,1.2081115935790792,1.3129747903107798,1.1673540807399048,0.0003494411309940643,0.003507877421660299,5.3536056534131404e-05
2021-07-06,1.2086409994708358,1.3143235732624152,1.1676040494938105,0.0004382094291374948,0.0010272725429224417,0.00021413276231263545
2021-07-07,1.2093865355450248,1.3146420429214674,1.1679165104361924,0.0006168383122162051,0.0002423068911878268,0.0002676086491113505
2021-07-08,1.2098326363517693,1.3068988619449597,1.1687914010748626,0.0003688653657315317,-0.005889953860976705,0.0007491037508695619
2021-07-09,1.2106989892944986,1.312098875614253,1.1689163854518156,0.0007160932154565023,0.003978895246380931,0.00010693471635581098
2021-07-12,1.2118031496844528,1.3215603734527375,1.1697287839020094,0.0009120024049889167,0.0072109640624872465,0.0006950013365409902
2021-07-13,1.2128215069671313,1.3270275810783128,1.170666166729156,0.0008403652713263384,0.004136933684907274,0.0008013676674858417
2021-07-14,1.2132032244210345,1.3225692583610602,1.1717285339332555,0.0003147350634121924,-0.0033596307875001343,0.0009074894571077241
2021-07-15,1.2137281826321338,1.3226228209356214,1.1719160104986848,0.0004327042663027225,4.049888066181007e-05,0.00015999999999993797
2021-07-16,1.213856169575492,1.3163845558318756,1.1726034245719257,0.00010544942861963352,-0.004716586622430153,0.0005865728150162841
2021-07-19,1.2131711281663666,1.3107598255958497,1.1731658542682137,-0.0005643513838751244,-0.004272862524182008,0.00047964186740578896
2021-07-20,1.2138361728016855,1.3103335786626287,1.173478315210596,0.0005481869951224485,-0.0003251907213643546,0.00026633995632030505
2021-07-21,1.2150506623139896,1.317342997745153,1.173915760529931,0.0010005382435595948,0.005349339432847577,0.0003727766535306376
2021-07-22,1.2156272935083614,1.3237075542218935,1.1744781902262191,0.00047457378713201896,0.004831358642080663,0.0004791056694171125
2021-07-23,1.216277717900739,1.3241768408552996,1.1746656667916484,0.0005350524752537513,0.00035452440526551054,0.00015962541236569372
2021-07-26,1.2160899012538495,1.311428708899883,1.1745406824146953,-0.00015441921209697712,-0.00962721259132009,-0.00010639995744010644
2021-07-27,1.2152482456644071,1.2952817017197364,1.1751031121109832,-0.0006920998098698348,-0.012312531417503946,0.00047885075818032696
2021-07-28,1.215283221742622,1.294065512733053,1.1752905886764125,2.8781015187347613e-05,-0.0009389378272454008,0.00015954052329281154
2021-07-29,1.2165362275403218,1.3086429527399919,1.1754780652418417,0.0010310401520257258,0.011264839270889438,0.00015951507417444333
2021-07-30,1.2169693629425444,1.3066425216760087,1.1761654793150826,0.0003560398715772979,-0.001528630143000198,0.0005847953216375767
2021-08-02,1.2182974452121784,1.3167091436941616,1.177665291838517,0.0010913029613356753,0.007704189823273744,0.001275171351150295
2021-08-03,1.218123961284055,1.3107778829186683,1.1774153230846114,-0.00014239866364755576,-0.004504609695997586,-0.00021225789334033962
2021-08-04,1.2189309933642944,1.3187926501313096,1.1778527684039464,0.0006625204871502634,0.006114512090176038,0.0003715301735576215
2021-08-05,1.2193643919981871,1.3126727716479165,1.1786651668541404,0.0003555563327637218,-0.0046405160680747515,0.0006897283531410725
2021-08-06,1.2195138175083544,1.3151558931173053,1.1789776277965225,0.00012254377046584452,0.001891653063140397,0.00026509729070567367
2021-08-09,1.2188816094007455,1.31152373079455,1.1785401824771875,-0.0005184099585690548,-0.0027617732177331877,-0.0003710378458602337
2021-08-10,1.219270225230348,1.3185440532507586,1.1786651668541404,0.0003188298409012417,0.005352798650433655,0.00010605016172648973
2021-08-11,1.2198098824140458,1.3223403919130408,1.1787276590426168,0.0004426067105801851,0.0028791898556006835,5.301945814117914e-05
2021-08-12,1.2203406037043654,1.3224576616010428,1.1789776277965225,0.00043508525219451894,8.868343485479713e-05,0.00021206658890893237
2021-08-13,1.220765201390571,1.3210863299519793,1.1789776277965225,0.00034793375301671623,-0.0010369569392515432,0.0
2021-08-16,1.2211588304123149,1.3189846497651119,1.179040119984999,0.0003224444973492476,-0.0015908727077236118,5.300540655150954e-05
2021-08-17,1.2206767606177946,1.3051596193517974,1.179477565304334,-0.0003947642047165445,-0.01048157036230606,0.0003710181798908252
2021-08-18,1.2210196717304158,1.3095464628209372,1.180039995000622,0.00028091885066093667,0.003361154761529117,0.00047684645544143756
2021-08-19,1.2211764013055446,1.3026059381776254,1.1801649793775748,0.0001283595823700469,-0.005299945317221522,0.00010591537361648307
2021-08-20,1.2215773897223265,1.2976634985457594,1.1806649168853864,0.0003283624023140365,-0.0037942707667835474,0.000423616626952672
2021-08-23,1.2225926525686424,1.3077229526727243,1.1808523934508157,0.0008311080860351038,0.007751974327888577,0.0001587889694596445
2021-08-24,1.22344118478541,1.3209820740072784,1.1809148856392921,0.0006940432816973534,0.010139090475895562,5.29212531752421e-05
2021-08-25,1.2238465079550012,1.3260239876562514,1.1811023622047214,0.00033129763378207623,0.003816791876424286,0.0001587553579933676
2021-08-26,1.2235770707205278,1.3176178257857971,1.181039870016245,-0.00022015606754774374,-0.006339373909300316,-5.2910052909971306e-05
2021-08-27,1.224600467329174,1.3257674659703376,1.1814773153355802,0.0008363973411527472,0.006185132004934801,0.00037038996772320587
2021-08-30,1.2254523232083758,1.328378643295694,1.1817897762779626,0.0006956194301148591,0.0019695590609815627,0.00026446630699261675
2021-08-31,1.2256633270686024,1.3288722859468212,1.1817897762779626,0.0001721844711788883,0.0003716129084268327,0.0
2021-09-01,1.2261064180944703,1.3325343488442272,1.182164729408821,0.00036151120465343435,0.002755767379704721,0.0003172756596687698
2021-09-02,1.2271614270868958,1.3379016201646838,1.1819772528433916,0.0008604546692324605,0.004027867142871055,-0.00015858751387642922
2021-09-03,1.2269994344790078,1.3389413955774123,1.182164729408821,-0.00013200594829044618,0.0007771688120090991,0.00015861266786498796
2021-09-06,1.2277132033767744,1.3453572825355173,1.1825396825396797,0.0005817190111988158,0.0047917608487547895,0.00031717502775285844
2021-09-07,1.2285103167617057,1.3571765106167482,1.1824146981627268,0.0006492667690946316,0.008785196493645054,-0.00010569148655070748
2021-09-08,1.2283563588802315,1.353919965543172,1.1823522059742502,-0.000125320788416316,-0.0023995000267845066,-5.285132921106772e-05
2021-09-09,1.2280982307469919,1.3546241159469203,1.1824146981627268,-0.000210141081106976,0.0005200827387651152,5.2854122621681654e-05
2021-09-10,1.2282150727946153,1.3550827745133485,1.182602174728156,9.514063671621801e-05,0.0003385873328465072,0.00015855398763275907
2021-09-13,1.2286014701408376,1.3587501116920366,1.1832895888013968,0.00031460072000526337,0.002706356576634339,0.0005812724582539008
2021-09-14,1.2277301465462755,1.3515711803262747,1.1833520809898732,-0.0007091995376354236,-0.005283481711602011,5.281225244258003e-05
2021-09-15,1.227997004714532,1.3523761525561486,1.1834770653668258,0.00021735897665082327,0.0005955825646412283,0.00010561892691152153
2021-09-16,1.2264714465180298,1.3418800169972878,1.1834770653668258,-0.0012423142651370011,-0.0077612545437316435,0.0
2021-09-17,1.2261215424098098,1.340926261177716,1.183602049743779,-0.0002852933178456896,-0.0007107608783876729,0.0001056077727321636
2021-09-22,1.2271653266179787,1.3411179310682668,1.1841019872515903,0.0008512893478061686,0.00014293842704109493,0.0004223864836323532
2021-09-23,1.227826801807429,1.3465062942206565,1.1844144481939725,0.0005390269551318407,0.004017814561689992,0.0002638800928858043
2021-09-24,1.2272633342218053,1.3439571892542512,1.1844769403824489,-0.0004589145511355832,-0.001893125176871535,5.276209571047907e-05
2021-09-27,1.2264088230038024,1.3388676139585038,1.184601924759402,-0.0006962737288528013,-0.003787007009182675,0.00010551862403729295
2021-09-28,1.2259896513523438,1.34006564143203,1.1845394325709255,-0.00034178786355436487,0.0008948065223445378,-5.275374551583223e-05
2021-09-29,1.225031215973484,1.3232393881707059,1.1847269091363548,-0.0007817646566613442,-0.01255629033466088,0.00015826958586129258
2021-09-30,1.2257188428048016,1.330508264614347,1.1849143857017843,0.0005613137219293574,0.005493243708298112,0.00015824454056345694
2021-10-08,1.2273872597566515,1.3484432955512324,1.1859767529058838,0.001361174270628175,0.013479834296319715,0.0008965771847475601
2021-10-11,1.226971882589563,1.3475189592076355,1.1855393075865488,-0.00033842388682668665,-0.0006854840293592512,-0.00036884813995152754
2021-10-12,1.2261405577486906,1.3379241878698074,1.1855393075865488,-0.000677541883941117,-0.007120323816052288,0.0
2021-10-13,1.2262763512673462,1.341814865723447,1.1856642919635016,0.00011074873740821083,0.0029079957511151224,0.00010542406831470785
2021-10-14,1.227409830929798,1.3470025706533033,1.1856642919635016,0.0009243264467103192,0.003866185315408077,0.0
2021-10-15,1.2279728009381714,1.3510705122724698,1.1857892763404545,0.00045866506376834437,0.0030199954386080363,0.0001054129552522376
2021-10-18,1.2277440438519474,1.3519728163341054,1.1849143857017843,-0.00018628839828473267,0.0006678437975216833,-0.0007378129117259213
2021-10-19,1.2284565018825466,1.3558301685275214,1.1849143857017843,0.0005802985029061364,0.002853128514725156,0.0
2021-10-20,1.2287616661295393,1.3544530063090992,1.1853518310211195,0.00024841274113077756,-0.0010157335707598135,0.0003691788407784724
2021-10-21,1.2290620237278211,1.3576081448835575,1.1855393075865488,0.00024443926479891234,0.002329455920405932,0.000158161113454236
2021-10-22,1.229074015232358,1.3549800358147133,1.1857267841519783,9.756630914698536e-06,-0.0019358377295751517,0.00015813610247228382
2021-10-25,1.2296318053219566,1.3629327115017313,1.1857267841519783,0.0004538295356386391,0.0058692198237713985,0.0
2021-10-26,1.2298787090857537,1.36166071475933,1.1857267841519783,0.00020079487430986083,-0.0009332791939521412,0.0
2021-10-27,1.2294055966670787,1.3528695627998208,1.1857892763404547,-0.0003846821765267871,-0.00645619857004015,5.270369979970546e-05
2021-10-28,1.2293847331511631,1.3455393070705812,1.1856642919635019,-1.6970409092062846e-05,-0.005418301904929601,-0.00010540184453233792
2021-10-29,1.2299026222840703,1.35398415090065,1.1860392450943607,0.0004212587963246044,0.006276177727170396,0.0003162388657567128
2021-11-01,1.2306584984337539,1.3542416698335116,1.1865391826021723,0.0006145821108013695,0.00019019346178477113,0.00042151852047012106
2021-11-02,1.230713613066744,1.3527978705818036,1.1868516435445542,4.4784668581941095e-05,-0.0010661311668879847,0.00026333807341849536
2021-11-03,1.230725165629244,1.349302647034393,1.186664166979125,9.38688121861214e-06,-0.0025836997702453623,-0.0001579612468407543
2021-11-04,1.23156486685296,1.352146600358359,1.187476565429319,0.000682281671949574,0.002107720851372252,0.0006846068776662495
2021-11-05,1.231604097072755,1.3489022550356478,1.1876640419947482,3.18539614525435e-05,-0.0023994035275844428,0.000157878118092869
2021-11-08,1.2327969333259081,1.3587065108777194,1.1885389326334181,0.0009685224789265738,0.0072683219302741246,0.00073664825046027
2021-11-09,1.233214572845802,1.3603904686492283,1.1886014248218946,0.00033877397696561453,0.0012393830146739005,5.2578999947483496e-05
2021-11-10,1.232853081561088,1.3609166531544816,1.1881014873140832,-0.00029312926774758245,0.00038678932069831086,-0.0004206098843322348
2021-11-11,1.2344706681851483,1.3668953714774783,1.1888513935758003,0.0013120676325942783,0.004393155384746517,0.0006311803071743505
2021-11-12,1.2350725933631992,1.3693725842969293,1.1889138857642765,0.0004875977968239902,0.0018122914680537394,5.256518082408235e-05
2021-11-15,1.235185732876767,1.3653297488693954,1.1891638545181822,9.160555758076939e-05,-0.0029523268348545352,0.0002102496714848634
2021-11-16,1.235070993989113,1.3658228037598394,1.1891638545181822,-9.289201178429617e-05,0.0003611251354131761,0.0
2021-11-17,1.2353728498228023,1.3688054922065487,1.1897887764029467,0.000244403629555307,0.00218380337368691,0.000525513689631607
2021-11-18,1.2354323352929524,1.358662186001831,1.1897262842144702,4.81518354224881e-05,-0.007410334238479898,-5.2523767004486466e-05
2021-11-19,1.2361686663281637,1.3703235089016477,1.1901012373453288,0.000596010816761397,0.008582945061665815,0.0003151591553733901
2021-11-22,1.2368688130845662,1.3695699451401246,1.1909136357955226,0.0005663844873873774,-0.0005499166850950865,0.0006826296996429448
2021-11-23,1.2363571958385313,1.3686135264848251,1.1910386201724754,-0.00041363905421710367,-0.0006983350201961392,0.00010494831295582152
2021-11-24,1.2365431995598748,1.3746616587017828,1.1915385576802868,0.00015044497008596394,0.004419167354345621,0.0004197491998529923
2021-11-25,1.2366077235876178,1.3716088653274756,1.191726034245716,5.218097335035929e-05,-0.002220759817503093,0.0001573399066450154
2021-11-26,1.2364491035492702,1.363943887237778,1.1920384951880982,-0.00012827029568231386,-0.0055883118602236825,0.0002621919244887305
2021-11-29,1.2370384215345622,1.360427116874552,1.1921634795650513,0.00047662130499391683,-0.0025783834629356404,0.00010484927916132314
2021-11-30,1.2365012433937128,1.3502350624611819,1.1922259717535277,-0.00043424531647378385,-0.007491804806703317,5.241914347120513e-05
2021-12-01,1.2365687385295285,1.351276916571348,1.192413448318957,5.4585578604540426e-05,0.0007716094324104362,0.00015724918754589368
2021-12-02,1.2369441985843364,1.3481665957218052,1.1926634170728627,0.00030363055696691887,-0.002301764213833335,0.00020963261883544249
2021-12-03,1.2370266593834562,1.3538767272118601,1.1926634170728627,6.66649305717432e-05,0.0042354791375004645,0.0
2021-12-06,1.2374863754659722,1.3536267557932502,1.1931633545806744,0.0003716298909395727,-0.00018463381014363067,0.0004191773644224295
2021-12-07,1.2371738438251205,1.357149078559933,1.1924759405074334,-0.0002525536014358618,0.0026021373702964424,-0.0005761273765254593
2021-12-08,1.2378541736395783,1.3699782492792547,1.1923509561304806,0.0005499063998589725,0.009453029827006743,-0.00010481081647617518
2021-12-09,1.2381040693972156,1.3756909781569704,1.19253843269591,0.0002018781880442087,0.004169941297039825,0.00015723270440259896
2021-12-10,1.2386951261630235,1.3724538293549684,1.1927884014498156,0.00047738859795165046,-0.0023531075317066,0.00020961064822078157
2021-12-13,1.2389470857920222,1.381703899010898,1.1929133858267682,0.00020340729827470708,0.006739803888541207,0.00010478336040220526
2021-12-14,1.238440986573987,1.3732230845902347,1.1929758780152449,-0.00040849139066480614,-0.0061379391248258305,5.238619100023101e-05
2021-12-15,1.2388234566115588,1.3682917356569715,1.1932258467691506,0.0003088318633818034,-0.003591076343385691,0.0002095337873231351
2021-12-16,1.2392014129472635,1.3755113796173786,1.19341332333458,0.0003050929764749036,0.005276392287015208,0.00015711741908464028
2021-12-17,1.2391314231097474,1.367719823732859,1.1934758155230565,-5.647979156962643e-05,-0.00566447940742375,5.236424569310394e-05
2021-12-20,1.2384296244947215,1.351813824840589,1.1936007999000093,-0.0005663633428524864,-0.011629573993347752,0.00010472300764474696
2021-12-21,1.239865098319982,1.3603771817048835,1.1946631671041088,0.0011591081131040978,0.006334716147250586,0.0008900523560209095
2021-12-22,1.240455655001855,1.3668771694109136,1.194538182727156,0.0004763072068675249,0.004778077575429663,-0.000104618925563571
2021-12-23,1.2416080306757116,1.3748778854716235,1.1949131358580147,0.0009289938493243229,0.005853280923667681,0.0003138896154852855
2021-12-24,1.2416357748808309,1.3721009682123015,1.1952255968003966,2.2345381500349148e-05,-0.002019755564232839,0.0002614925997592721
2021-12-27,1.242238890140998,1.371149730140793,1.1957255343082083,0.0004857424958015891,-0.0006932711903466782,0.00041827878280886743
2021-12-28,1.2425284871147966,1.3813552961036801,1.1959130108736375,0.00023312502619015843,0.00744307185316595,0.00015678896205706394
2021-12-29,1.2424787895398846,1.3749419885803655,1.1962879640044963,-3.999713119453094e-05,-0.004642764639484287,0.0003135287662643371
2021-12-30,1.2429910286706771,1.3798856140243527,1.1971628546431665,0.0004122719318066034,0.003595515654512371,0.0007313378258371195
2021-12-31,1.2437085826148608,1.3859126144360305,1.1971628546431665,0.0005772800668973875,0.004367753638724126,0.0
2022-01-04,1.2443857190130385,1.3831631843182604,1.1977252843394546,0.0005444494053051906,-0.0019838408923705253,0.00046980216109004935
2022-01-05,1.24356116149887,1.3747190539778797,1.1979127609048839,-0.0006626221287901905,-0.00610494151096318,0.00015652718355418926
2022-01-06,1.2434604926388644,1.3714888412824362,1.1977252843394546,-8.09520778891424e-05,-0.002349725702932992,-0.0001565026866294783
2022-01-07,1.2430157678184228,1.3715367346987704,1.1976627921509782,-0.0003576509451439398,3.492074808971735e-05,-5.2175727851322407e-05
2022-01-10,1.2437142591413848,1.3725221563770764,1.1982877140357426,0.0005619327936505673,0.0007184799745975412,0.0005217845030003332
2022-01-11,1.2439990224101765,1.3674291582930302,1.1984126984126955,0.00022896197152892382,-0.003710685514534595,0.00010430247718384855
2022-01-12,1.2448184787825483,1.3790491723541785,1.1986626671666012,0.0006587275050941304,0.008497708265672487,0.00020858319862337993
2022-01-13,1.2439699086927594,1.3691376371083746,1.1987251593550776,-0.0006816817907609821,-0.007187223954374222,5.213492518629792e-05
2022-01-14,1.2438807424549017,1.3659605572640634,1.1995375578052712,-7.167877392740936e-05,-0.0023204970473392427,0.0006777186946094194
2022-01-17,1.244682392306323,1.3737208535327292,1.2001624796900356,0.000644474847194196,0.005681200842438161,0.0005209690023444402
2022-01-18,1.2443981469202727,1.3759124628870434,1.2004124484439413,-0.00022836780515845585,0.001595381877386537,0.00020827909398590805
2022-01-19,1.2447239350336678,1.3721516048556128,1.2012873390826113,0.00026180375967395933,-0.0027333555970117662,0.0007288250299337662
2022-01-20,1.2451379497781985,1.3720464383600994,1.2014748156480406,0.0003326157173313828,-7.664349561755656e-05,0.00015606304947191063
2022-01-21,1.2445111129484385,1.3612406173660003,1.2019122609673758,-0.0005034276160900434,-0.007875696253411456,0.0003640902943931046
2022-01-24,1.2455741878073165,1.364178264030586,1.203349581302334,0.0008542108204717924,0.002158065684426824,0.0011958612800915258
2022-01-25,1.2445081705432404,1.3427358886034757,1.2035370578677633,-0.0008558440553049185,-0.015718162349073583,0.00015579559617773242
2022-01-26,1.2448979045312627,1.3479863738151086,1.203474565679287,0.00031316306091603186,0.003910288878249513,-5.192377589691155e-05
2022-01-27,1.2441200556393615,1.3325266283155919,1.2041619797525276,-0.0006248294651873687,-0.011468769862830453,0.0005711911932702041
2022-01-28,1.2448228071290912,1.3285278723655758,1.2039745031870983,0.0005648582598955282,-0.0030008825827899433,-0.00015569048731123303
2022-02-07,1.2472286983081844,1.348763650909848,1.2050368703911978,0.0019327177854668097,0.015231730523079157,0.0008823834734765779
2022-02-08,1.2479651021476221,1.3502292415571753,1.2051618547681506,0.000590432083896519,0.0010866178417090811,0.0001037183010941245
2022-02-09,1.2492077699789859,1.3575176211555995,1.2050993625796742,0.0009957552733047335,0.005397883095776168,-5.1853772361942774e-05
2022-02-10,1.2490703641642997,1.3562789690032473,1.20534933133358,-0.00010999436441894525,-0.0009124390969584173,0.000207425845260234
2022-02-11,1.2478141999741943,1.3453569362898028,1.2049743782027214,-0.0010056792844860048,-0.00805293967027404,-0.00031107424305265585
2022-02-14,1.2464668178908251,1.3460567824331096,1.205036870391198,-0.0010797938374133916,0.0005201936559948717,5.186184005823158e-05
2022-02-15,1.2464992976791471,1.3534474206724536,1.2052868391451037,2.605748332460588e-05,0.00549058430208631,0.00020743660218847104
2022-02-16,1.246556412690865,1.351242197275445,1.2054743157105332,4.582033204867851e-05,-0.0016293380616981157,0.00015554518587657107
2022-02-17,1.2463673794218513,1.352018753580106,1.2055368078990096,-0.00015164437572928128,0.0005746980861215834,5.18403317781857e-05
2022-02-18,1.247029740128159,1.3571542682692301,1.2056617922759625,0.0005314329604926255,0.0037984049226575944,0.00010367528899490885
2022-02-21,1.2476636707205657,1.3590151463286049,1.2062242219722503,0.0005083524249722248,0.0013711617779074814,0.000466490436946021
2022-02-22,1.2473011050196388,1.358795876869296,1.205911761029868,-0.00029059570254023214,-0.00016134438229133962,-0.0002590405139364371
2022-02-23,1.247069466494986,1.3621387852737707,1.2060992375952975,-0.0001857117930230851,0.002460199108181671,0.00015546457998660834
2022-02-24,1.248008028880875,1.36275986895829,1.2064116985376796,0.00075261435798523,0.00045596211724808767,0.0002590673575129099
2022-02-25,1.248748625352077,1.3674354002964098,1.2065991751031089,0.0005934228418915754,0.003430928254215304,0.00015540015540005392
2022-02-28,1.2484960641005325,1.3706573934129735,1.2062867141607265,-0.00020225147513042358,0.002356230587467245,-0.0002589600165735506
2022-03-01,1.24824439789396,1.3730890858597302,1.206349206349203,-0.0002015754905514014,0.0017741066866475363,5.180541884675094e-05
2022-03-02,1.2490669786280078,1.383906270932463,1.2062242219722503,0.0006589901268019007,0.00787799217409112,-0.00010360547036869505
2022-03-03,1.248807889778897,1.3907742675010355,1.2067241594800617,-0.0002074259055309809,0.004962761360959101,0.00041446482229812176
2022-03-04,1.2479121403569917,1.3771728478252956,1.2067241594800617,-0.0007172836024153613,-0.009779746428713442,0.0
2022-03-07,1.2465932632573835,1.3726812245444875,1.2067866516685384,-0.001056866951571533,-0.0032614811480642493,5.1786639047257665e-05
2022-03-08,1.2460461151561153,1.3628148126831812,1.207036620422444,-0.0004389146944678076,-0.007187693460716205,0.000207135829320082
2022-03-09,1.2467129582717458,1.3641232272586654,1.2066616672915853,0.0005351672843561263,0.0009600824435627708,-0.00031063939943054564
2022-03-10,1.2463886137101352,1.35202916439679,1.2067241594800615,-0.00026015977411534717,-0.00886581404099368,5.178932104188405e-05
2022-03-11,1.2460259144931487,1.3498516974905463,1.2067866516685382,-0.0002910001046198134,-0.0016105177044869468,5.1786639047257665e-05
2022-03-14,1.2456488218489101,1.3326421661206294,1.2074740657417788,-0.00030263627734576447,-0.01274920156185344,0.000569623530630059
2022-03-15,1.2446457598409097,1.2927846838900972,1.2070991126109203,-0.0008052526445708689,-0.029908615563740526,-0.0003105268605734235
2022-03-16,1.2461321030928052,1.3179326365134916,1.2070991126109203,0.001194189784638447,0.019452545297583647,0.0
2022-03-17,1.2475844838644143,1.3289906619385494,1.2069741282339672,0.0011655110786443256,0.008390432954381633,-0.00010354110581911602
2022-03-18,1.2487013701086966,1.3489775208383965,1.2074740657417788,0.0008952389667613078,0.015039126663759329,0.0004142073107591404
2022-03-21,1.2489805226456445,1.3495715419966932,1.2078490188726374,0.0002235542809757285,0.0004403491897533751,0.0003105268605734235
2022-03-22,1.2493297584207224,1.3587254729355536,1.2075990501187317,0.00027961667035294774,0.006782842297724601,-0.00020695364238410008
2022-03-23,1.2481804466686446,1.3561460271914239,1.20709911261092,-0.0009199426687240224,-0.0018984304007761076,-0.0004139929621197469
2022-03-24,1.2485188166247077,1.3590245072134537,1.207224096987873,0.0002710905758586423,0.002122544301509355,0.000103541105819005
2022-03-25,1.2486421925323477,1.3515760726701573,1.207536557930255,9.881781996165469e-05,-0.0054807212848344555,0.00025882596542081693
2022-03-28,1.248667516425746,1.3456625013445112,1.2079740032495903,2.028114503065882e-05,-0.004375315193293849,0.0003622625886250397
2022-03-29,1.248979805767448,1.338830342363196,1.2081614798150195,0.00025009807462277663,-0.005077171262845593,0.00015519917227102553
2022-03-30,1.249609873831152,1.3547716258595974,1.2083489563804488,0.0005044661737480262,0.011906873479027302,0.0001551750892256898
2022-03-31,1.2491923728408947,1.3446738787689585,1.2084114485689252,-0.0003341050667096702,-0.007453468095947191,5.171700455108841e-05
2022-04-01,1.250343022488745,1.3466076320809675,1.209098862642166,0.0009211148521772372,0.00143808349559027,0.0005688576304492265
2022-04-06,1.2507290456991695,1.3492524147228395,1.2099737532808361,0.00030873384621773434,0.001964033604788784,0.0007235890014472002
2022-04-07,1.2505886054255766,1.3305809520871452,1.2103487064116947,-0.00011228672914885947,-0.013838376297832865,0.00030988534242326615
2022-04-08,1.2510466740438717,1.3309285826135462,1.211098612673412,0.0003662824179813148,0.0002612622147156851,0.0006195786864933162
2022-04-11,1.2503406889716133,1.3115135327105365,1.210848643919506,-0.000564315534268806,-0.014587597078187598,-0.0002063983488133081
2022-04-12,1.2508285093012212,1.3231370178011503,1.2114735658042708,0.00039014992786433214,0.008862649755959018,0.0005161023947153343
2022-04-13,1.25117612984487,1.3216311489232186,1.2112235970503649,0.00027791223262320147,-0.001138105016844193,-0.00020633446817297507
2022-04-14,1.2512531271264196,1.3310888445906093,1.2115985501812234,6.1539922088565e-05,0.00715607805937094,0.00030956557630790194
2022-04-15,1.2514942941002838,1.3333344556978677,1.2117235345581763,0.000192740356556056,0.0016870482510499274,0.0001031565917062327
2022-04-18,1.2520793696823813,1.3338598930725107,1.2119110111236056,0.00046750159777452535,0.0003940776992581108,0.0001547189272821381
2022-04-19,1.2525992626009654,1.333978148523393,1.2120359955005584,0.00041522361215492505,8.865657592405096e-05,0.00010312999535910805
2022-04-20,1.2515809014126504,1.3190252153967177,1.211536057992747,-0.000812998393596729,-0.011209278910023268,-0.00041247744263972486
2022-04-21,1.2513866141953602,1.3047732521195707,1.2121609798775113,-0.000155233446811886,-0.010804921021059132,0.0005158095631092596
2022-04-22,1.2506859945637576,1.2991723594752291,1.2123484564429405,-0.0005598746411820106,-0.004292617614013017,0.00015466309223066688
2022-04-25,1.2499797583600363,1.258148048038164,1.2126609173853227,-0.0005646790695594427,-0.03157726620171937,0.0002577319587628857
2022-04-26,1.2485493454958094,1.2462942442317306,1.2127859017622755,-0.0011443488221789342,-0.009421628738300668,0.0001030662200462995
2022-04-27,1.249593632509795,1.269940377432519,1.2133483314585634,0.0008364002734476396,0.01897315446190221,0.0004637501932291954
2022-04-28,1.2505275902746213,1.2718879843215602,1.213160854893134,0.0007474091900986278,0.0015336207302730665,-0.0001545117428924936
2022-04-29,1.25058196654788,1.2896584723143414,1.2136607924009457,4.348266578154455e-05,0.01397173981658455,0.00041209498789473997
2022-05-05,1.2513877825262214,1.2973876355812681,1.2140357455318043,0.0006443527892586229,0.0059931861286163235,0.0003089439266772409
2022-05-06,1.2511531680960994,1.2849625725382088,1.2147856517935214,-0.00018748339515368853,-0.009576985861663879,0.0006176970196116738
2022-05-09,1.2502507980987123,1.282865383145883,1.214723159605045,-0.0007212306377805065,-0.001632101539100328,-5.144297546166854e-05
2022-05-10,1.2505442940846747,1.2814086312931032,1.2152855893013328,0.00023474968894944342,-0.001135545375156466,0.00046301059779807474
2022-05-11,1.2502714682978915,1.285317285609024,1.215473065866762,-0.0002181656324160925,0.0030502793726124187,0.000154265439399337
2022-05-12,1.2507404474016401,1.2892266944090975,1.2155980502437151,0.000375101820396729,0.0030415904647395743,0.00010282776349623823
2022-05-13,1.2512617035384475,1.29791959116099,1.2153480814898092,0.00041675803951978955,0.006742721656005391,-0.0002056343820687756
2022-05-16,1.2510742972754196,1.2963076573416017,1.2154105736782859,-0.0001497738342809147,-0.0012419365809451799,5.141916906636901e-05
2022-05-17,1.2523487151528292,1.3099388150961462,1.2156605424321913,0.00101865882800469,0.010515372394311351,0.00020566610108474492
2022-05-18,1.2507535574544997,1.2986406253180434,1.2159730033745737,-0.001273732850147021,-0.008624975188076544,0.0002570297640467345
2022-05-19,1.2509226664594588,1.297618875301383,1.2159730033745737,0.00013520569575931895,-0.000786784270213281,0.0
2022-05-20,1.2515842520923595,1.308968845917078,1.2162854643169558,0.0005288781238357585,0.008746767507569465,0.00025696371672312424
2022-05-23,1.2528698467791184,1.3138602384239486,1.217035370578673,0.0010271739074773623,0.0037368288192097697,0.0006165544880027962
2022-05-24,1.2519358176636122,1.292079290353001,1.216597925259338,-0.0007455116889493861,-0.01657782725586947,-0.00035943517329906083
2022-05-25,1.253405708968729,1.304496227455661,1.2180977377827724,0.0011740947773663127,0.009610042661753138,0.0012327922745016817
2022-05-26,1.2546913773005364,1.3117390233197466,1.2185976752905838,0.0010257399679991285,0.005552178466788038,0.0004104247896572488
2022-05-27,1.2560322747329828,1.319027842707608,1.2191601049868719,0.0010687069798243835,0.005556607875715225,0.0004615384615385132
2022-05-30,1.2560595895807756,1.3232739678010697,1.2192225971753483,2.174693146196995e-05,0.0032191322699795743,5.125839356190376e-05
2022-05-31,1.2559354301732946,1.3335832111676391,1.2190976127983955,-9.884834167971885e-05,0.007790709722568545,-0.00010251153254736689
2022-06-01,1.2554818972300246,1.327032141456077,1.2192850893638247,-0.0003611116721243051,-0.004912381662203169,0.0001537830633586701
2022-06-02,1.2565698993321228,1.3294372129781005,1.2193475815523012,0.0008666011867624038,0.001812368703733469,5.1253139254692215e-05
2022-06-06,1.2567330196924789,1.344885537334871,1.219472565929254,0.0001298139963744408,0.011620198536615578,0.0001025010250101932
2022-06-07,1.257072244450925,1.3476371870242412,1.21972253468316,0.0002699258737779617,0.00204601032056847,0.0002049810392539264
2022-06-08,1.2570392315266063,1.3515771212914474,1.21972253468316,-2.6261755809515097e-05,0.0029235867822155924,0.0
2022-06-09,1.2564079544953395,1.3443907365099657,1.2200349956255419,-0.0005021935795115845,-0.005317036422320509,0.0002561737882977866
2022-06-10,1.2555924764536952,1.3492126750851443,1.2200349956255419,-0.0006490551406702494,0.003586709164402935,0.0
2022-06-13,1.2552250754386725,1.3403434053386307,1.220159980002495,-0.0002926116729054714,-0.006573663226187698,0.00010244327203823289
2022-06-14,1.2542678641320095,1.3446644443821287,1.2200349956255419,-0.0007625814090181367,0.0032238298232283857,-0.00010243277848920318
2022-06-15,1.254886099252899,1.3468907846468987,1.2200349956255419,0.0004929051748585164,0.0016556846387004054,0.0
2022-06-16,1.2540051381746222,1.3394358565220852,1.219910011248589,-0.0007020247326042081,-0.005534916572146509,-0.00010244327203801085
2022-06-17,1.254908853491741,1.346529529396381,1.2206599175103063,0.0007206631692388371,0.0052960153632999885,0.0006147226064239231
2022-06-20,1.2548555456982866,1.3393163710654998,1.2210348706411647,-4.2479414585494906e-05,-0.005356851204083535,0.0003071724773457962
2022-06-21,1.2556489445059094,1.342392430078061,1.2214098237720235,0.0006322630603519224,0.002296738156134148,0.00030707815138963923
2022-06-22,1.2555235487787209,1.3303054522937068,1.2214098237720235,-9.986527503342879e-05,-0.009004056871544874,0.0
2022-06-23,1.2559149211400846,1.3443331701601815,1.220784901887259,0.0003117204466171523,0.010544734551217716,-0.0005116398055768911
2022-06-24,1.2572644863320332,1.350968477287798,1.2215348081489763,0.0010745673685629879,0.004935760922142407,0.0006142820578449726
2022-06-27,1.2580494699445905,1.3631431285760605,1.2217222847144058,0.0006243583757364189,0.009011795236484366,0.00015347623676276179
2022-06-28,1.2570248414516252,1.3715524862001938,1.2207849018872592,-0.0008144580300252172,0.006169093654103519,-0.0007672634271099765
2022-06-29,1.256765704852925,1.3606442479634595,1.2212848393950708,-0.00020615073796064674,-0.007953205106247797,0.0004095213718966484
2022-06-30,1.25699857471743,1.366423900997546,1.221597300337453,0.00018529298150449908,0.0042477326771764076,0.00025584608299644707
2022-07-01,1.2571885988233904,1.3605792580505984,1.2218472690913587,0.00015117288896139786,-0.004277327806313014,0.0002046245140168157
2022-07-04,1.2578543981486399,1.370491247611303,1.221909761279835,0.0005295938301321483,0.0072851247011555655,5.114566284780686e-05
2022-07-05,1.2578285069849227,1.3705037190868103,1.221784776902882,-2.0583593582291896e-05,9.100003760675879e-06,-0.00010228609420559476
2022-07-06,1.2565587382864802,1.3503203592845068,1.221347331583547,-0.0010094927022174975,-0.014726964634398976,-0.0003580379520228272
2022-07-07,1.2567018491439987,1.3470548482362434,1.221347331583547,0.0001138911004778323,-0.0024183231970180017,0.0
2022-07-08,1.2567659566622822,1.352223434955348,1.2215348081489763,5.101251209820326e-05,0.0038369534290840558,0.00015349979533363367
2022-07-11,1.2565631968579307,1.341841050176043,1.2225346831645993,-0.0001613345772748148,-0.007678009795509666,0.0008185399294009521
2022-07-12,1.2562684164172329,1.3338045429830399,1.2228471441069817,-0.00023459261057063197,-0.005989164806031766,0.0002555845218015218
2022-07-13,1.2560499235209939,1.3303788746883374,1.2230346206724112,-0.0001739221438536539,-0.0025683435498285666,0.00015331152902708922
2022-07-14,1.2563575313745354,1.3306228918134695,1.2232220972378405,0.0002449009770879921,0.00018341927234014622,0.00015328802820491205
2022-07-15,1.2566931599243434,1.3231683005721815,1.2236595425571755,0.0002671441380549865,-0.005602332025964507,0.0003576172473689354
2022-07-18,1.2571648144375651,1.3382917769032099,1.2236595425571755,0.0003753139813780467,0.011429745047919094,0.0
2022-07-19,1.2580555889135956,1.338068368756161,1.2237845269341283,0.0007085582302341028,-0.00016693530581638472,0.00010213982942652855
2022-07-20,1.2584126498259893,1.3433686344139373,1.2238470191226047,0.00028381966229505066,0.003961132167486625,5.106469897353527e-05
2022-07-21,1.2583392060358898,1.3374983807854637,1.2241594800649869,-5.836224716091669e-05,-0.004369801019684072,0.0002553104575162557
2022-07-22,1.258608470907247,1.3366433206909565,1.2241594800649869,0.00021398432955576995,-0.0006392980408732818,0.0
2022-07-25,1.2592064737803426,1.328605400777547,1.2249718785151806,0.0004751301829905582,-0.006013511449901554,0.0006636377558835171
2022-07-26,1.2593833074739542,1.3411250378947042,1.2252843394575628,0.00014043264333036008,0.009423141822116843,0.0002550760126516227
2022-07-27,1.2604667972964914,1.3413820756405619,1.2254093238345156,0.0008603336379852532,0.00019165830075115186,0.00010200438618857
2022-07-28,1.2614019740746938,1.3522459987658426,1.2252843394575628,0.0007419289268135038,0.008099051957357406,-0.00010199398235510859
2022-07-29,1.2627077960713466,1.3502529473472635,1.2258467691538506,0.0010352148034418686,-0.0014738822820685616,0.000459019737848676
2022-08-01,1.2635270501754854,1.3539352266887201,1.2269716285464265,0.0006488073540748833,0.002727103353998217,0.0009176182707992808
2022-08-02,1.2634256065354363,1.3380955259644922,1.2272215973003322,-8.02860849199112e-05,-0.011699009237662473,0.00020372822654568523
2022-08-03,1.2635580845982683,1.3342484870156683,1.2272840894888084,0.00010485624333304015,-0.002875010695556235,5.0921682452242933e-05
2022-08-04,1.2639472513643752,1.3349121999020666,1.2275965504311908,0.0003079927791611234,0.000497443237041062,0.0002545954478334611
2022-08-05,1.2645402801623167,1.3435410236964667,1.22778402699662,0.0004691879327253032,0.006463963543844297,0.00015271838729380427
2022-08-08,1.2647450975326835,1.3476940932223405,1.22778402699662,0.0001619698269640293,0.0030911371164889625,0.0
2022-08-09,1.2649480538447777,1.3505405812883529,1.2277215348081436,0.00016047210816656635,0.0021121173420049154,-5.0898355983042265e-05
2022-08-10,1.2657482919996035,1.3509392633755757,1.2279715035620493,0.0006326253101015266,0.0002952018567576653,0.00020360378703032644
2022-08-11,1.2659965610916093,1.3637488764940524,1.2281589801274786,0.00019614412563298853,0.009482005198715782,0.00015267175572519776
2022-08-12,1.2668109979736006,1.3680306835040097,1.2283464566929079,0.000643316820141479,0.0031397327497456606,0.0001526484506182424
2022-08-15,1.2680215246516755,1.3690691678322242,1.229658792650913,0.0009555700732084731,0.000759108944511866,0.0010683760683760646
2022-08-16,1.2687645163967778,1.3681695433277434,1.230658667666536,0.0005859456883481199,-0.0006571066865125541,0.0008131320831428202
2022-08-17,1.2691882511194892,1.3650242372371604,1.231783527059112,0.0003339742854053896,-0.0022989154421117044,0.0009140303661199223
2022-08-18,1.2687118148028653,1.3643205002038363,1.2316585426821591,-0.00037538664276444466,-0.0005155491119693157,-0.00010146618639339522
2022-08-19,1.268311388467988,1.3592975632515012,1.2321584801899705,-0.00031561646246631026,-0.003681640019031296,0.00040590593130040986
2022-08-22,1.268274514997372,1.3618967373230906,1.2325959255093057,-2.907288458599478e-05,0.001912145023913614,0.000355023583709535
2022-08-23,1.2685258468884788,1.3632240784705132,1.2329083864516879,0.00019816836823172393,0.0009746268649058254,0.0002534982762116833
2022-08-24,1.2683549837273196,1.3538567978281775,1.2334083239594995,-0.00013469426860962633,-0.006871416658694551,0.00040549444979487426
2022-08-25,1.268792025164974,1.3615006434475085,1.2332833395825467,0.0003445734382422089,0.005645977943600333,-0.00010133252267319204
2022-08-26,1.2679162480671011,1.3544776596826267,1.2332833395825467,-0.0006902448001743813,-0.005158266945139767,0.0
2022-08-29,1.2673431475666774,1.349582062565887,1.2333458317710233,-0.00045200185840148027,-0.003614380113059068,5.067139599712611e-05
2022-08-30,1.2673700909870993,1.3475660771370084,1.233908261467311,2.1259767312231725e-05,-0.0014937849907739054,0.00045601945682993694
2022-08-31,1.266287846375899,1.335221572743239,1.2338457692788345,-0.0008539294235335659,-0.009160593015220575,-5.064573309698783e-05
2022-09-01,1.2661929818790134,1.3272818707602407,1.2340957380327402,-7.491542871329702e-05,-0.005946355380317803,0.00020259319286863864
2022-09-02,1.2663269130835746,1.3256149056804587,1.234470691163599,0.00010577471718606308,-0.0012559239423855506,0.00030382823577079776
2022-09-05,1.2674095827146037,1.3293198156799608,1.2349081364829342,0.0008549685076130052,0.00279486145156177,0.0003543586109142627
2022-09-06,1.2681184135196384,1.3380789013919698,1.235033120859887,0.0005592752451157347,0.006589148531972011,0.00010120945296288042
2022-09-07,1.2687306258152142,1.3368297212544569,1.2354705661792222,0.0004827721836137453,-0.0009335623902397283,0.0003541972372615998
2022-09-08,1.268907439976223,1.3317694832346936,1.235283089613793,0.00013936304319539896,-0.0037852524815313537,-0.00015174506828530276
2022-09-09,1.2696566542518304,1.3408987257642229,1.2357205349331282,0.0005904404466424129,0.0068549720086360285,0.0003541255628067841
2022-09-13,1.2691069527200185,1.3435903827339755,1.2359080114985574,-0.0004329529010626595,0.002007352917886096,0.00015171437240812935
2022-09-14,1.2684566715024268,1.3264736870966025,1.2355330583676987,-0.0005123927626414596,-0.012739519318784854,-0.00030338271729790645
2022-09-15,1.2677877193272407,1.3209131601535273,1.2357830271216044,-0.0005273748723271448,-0.004191961738227968,0.0002023165242019953
2022-09-16,1.2669722594273012,1.3035442742980026,1.2357830271216044,-0.0006432148596392247,-0.013149150435828793,0.0
2022-09-19,1.2674839537333007,1.2963195604156093,1.2362829646294158,0.0004038717518810546,-0.00554236171708401,0.00040455120101134945
2022-09-20,1.2676348622979383,1.2997866830527316,1.2365329333833215,0.00011906151884071703,0.0026745894631188816,0.00020219380275987575
2022-09-21,1.2673840868325057,1.3002865562682724,1.2362204724409391,-0.0001978294167280311,0.00038458096398311656,-0.00025269116086323873
2022-09-22,1.2669823454191669,1.294629274587088,1.236470441194845,-0.0003169847384962243,-0.004350796102530174,0.00020220402386028624
2022-09-23,1.2664132072571672,1.2875430267730925,1.236470441194845,-0.0004492076500176265,-0.00547357297806782,0.0
2022-09-26,1.265551070901753,1.271652106271574,1.2364079490063684,-0.0006807701865976751,-0.01234205006829574,-5.054078641475446e-05
2022-09-27,1.265710897492032,1.2799487257809528,1.236345456817892,0.00012629011499723828,0.006524284014834947,-5.0543340914810386e-05
2022-09-28,1.2659984888621056,1.2709142722016054,1.236470441194845,0.00022721726631529592,-0.007058449606123873,0.00010109179134665247
2022-09-29,1.2652136700159085,1.2737756118639123,1.2355330583676984,-0.0006199208396390674,0.0022514025728503475,-0.0007581117962195405
2022-09-30,1.2652244386396125,1.2687410977921454,1.236345456817892,8.511308373598846e-06,-0.003952434027528507,0.0006575287036567623
2022-10-10,1.2666513808433348,1.2729757457849344,1.2374078240219915,0.0011278174528913214,0.0033376770092480856,0.0008592802264455468
2022-10-11,1.2666257797061709,1.2731135471777388,1.2375328083989445,-2.0211667986330786e-05,0.00010825138912553544,0.00010100499974763366
2022-10-12,1.2671760391125162,1.2828431358204477,1.2375953005874207,0.0004344293438215869,0.0076423573249045475,5.04973993837865e-05
2022-10-13,1.2680847406514646,1.2842022852874682,1.2375953005874207,0.0007171075769273716,0.0010594821993970883,0.0
2022-10-14,1.2679781666960714,1.2954816355895822,1.238032745906756,-8.404324409603847e-05,0.00878315700831268,0.000353463946677568
2022-10-17,1.26889447094522,1.2971008989799286,1.2385951756030436,0.0007226498635509581,0.0012499315666558374,0.0004542930695066172
2022-10-18,1.2694346820160323,1.2997545657371883,1.2390326209223788,0.00042573364703059097,0.00204584451321137,0.0003531786074673082
2022-10-19,1.2691658936404107,1.2887849521574943,1.239220097487808,-0.00021173864195578974,-0.008439757681075988,0.000151308821304319
2022-10-20,1.2681345194853404,1.2853381584994574,1.2385326834145671,-0.0008126393564768144,-0.0026744521281589217,-0.0005547150781645138
2022-10-21,1.268917748971546,1.2856333634449655,1.2387201599799964,0.0006176233468696814,0.00022967103524944575,0.0001513698975730282
2022-10-24,1.269515462143116,1.2771338475891518,1.2387826521684728,0.0004710416983719924,-0.006611150657321508,5.044899606487796e-05
2022-10-25,1.2703986485152967,1.2794130653506042,1.2397200349956194,0.0006956877631801187,0.0017846349979328767,0.0007566967663825697
2022-10-26,1.270481835460669,1.284086953769867,1.2398450193725725,6.548097754166134e-05,0.003653150453002507,0.0001008166145781697
2022-10-27,1.270482568104716,1.2827688680089078,1.240219972503431,5.766662902753291e-07,-0.0010264770287474966,0.0003024193548386567
2022-10-28,1.2706905896762108,1.2714012122186282,1.240344956880384,0.00016373429806698696,-0.00886181140950527,0.00010077597500757207
2022-10-31,1.2702717158477324,1.2672890851235181,1.2409698787651484,-0.00032964266193644554,-0.0032343268636139343,0.0005038291011689733
2022-11-01,1.2706356477967424,1.2861599707038385,1.2408448943881953,0.0002864992933951455,0.014890750501872219,-0.0001007150770471199
2022-11-02,1.2702088636430022,1.2908221823780008,1.2408448943881953,-0.00033588240222933547,0.0036249080832541193,0.0
2022-11-03,1.269812969960222,1.2877905920486117,1.241094863142101,-0.0003116760511691329,-0.0023485731580814573,0.0002014504431908648
2022-11-04,1.270917627658612,1.3070388262775128,1.2409073865766718,0.0008699373250414533,0.014946711326940998,-0.0001510574018126487
2022-11-07,1.2717425139705885,1.3109912834773627,1.2412198475190541,0.0006490478171240516,0.003023978416239337,0.0002518003726645901
2022-11-08,1.2719484723170416,1.309188029262637,1.241344831896007,0.00016194972188998048,-0.0013754890955053113,0.00010069479407914805
2022-11-09,1.2724773434367411,1.3017472690332512,1.2414073240844834,0.0004157960257117827,-0.005683492411381585,5.034232782930026e-05
2022-11-10,1.2740516578330439,1.3019463167071923,1.2414073240844834,0.0012372042649112158,0.000152908078761671,0.0
2022-11-11,1.2751728035543273,1.3161828129992985,1.2405949256342896,0.0008799845079989344,0.010934779805754502,-0.0006544173168889778
2022-11-14,1.2746740391235651,1.3112334400321888,1.2399700037495252,-0.0003911347774764758,-0.0037603993292020465,-0.0005037275841226485
2022-11-15,1.2750819125413682,1.3202885560844992,1.2394700662417137,0.0003199825251664642,0.006905800123651673,-0.000403185162785924
2022-11-16,1.2744019719751123,1.313329312937867,1.2391576052993316,-0.000533252459758211,-0.00527100164169485,-0.00025209236664314183
2022-11-17,1.2737255993762242,1.3088798894286289,1.238907636545426,-0.0005307372506963098,-0.0033878962918179934,-0.0002017247465831984
2022-11-18,1.2735443521657488,1.3037780211681742,1.238782652168473,-0.00014229690489385788,-0.003897888799163862,-0.000100882723833573
2022-11-21,1.2732884960967032,1.2966390735548032,1.239032620922379,-0.00020090079203795912,-0.005475585182034648,0.00020178580436880367
2022-11-22,1.2735902750137267,1.294175133378539,1.2390951131108554,0.00023700749511883684,-0.0019002513702669921,5.043627376810633e-05
2022-11-23,1.2739064491892256,1.2956584588046582,1.2392200974878085,0.0002482542319157617,0.0011461550974533941,0.00010086746015747217
2022-11-24,1.2747028297092597,1.2900844686141484,1.239595050618667,0.0006251483541361864,-0.004302052097627784,0.000302571860816947
2022-11-25,1.2750893301002484,1.291029510370765,1.2392825896762847,0.00030320823173897443,0.0007325425424520304,-0.00025206694898172177
2022-11-28,1.2747543567543942,1.2786072222611145,1.2396575428071435,-0.00026270578691758016,-0.00962200167375179,0.000302556603297921
2022-11-29,1.2754214602725735,1.2989259243290627,1.2389701287339026,0.0005233192690377828,0.015891277410443792,-0.0005545193325604547
2022-11-30,1.2763602440962631,1.3022007440649979,1.2385951756030438,0.0007360577290968131,0.002521175129849407,-0.0003026329062847388
2022-12-01,1.276733643769932,1.3080568442880496,1.238345206849138,0.0002925503794057277,0.004497079463163955,-0.00020181634712412855
2022-12-02,1.2772721193314003,1.3073685863049451,1.2389076365454261,0.0004217602975342977,-0.0005261682518690302,0.0004541784416633998
2022-12-05,1.276997500837715,1.3086755602995228,1.2390951131108554,-0.00021500390522032184,0.0009996981786686288,0.00015132408575024847
2022-12-06,1.2760853828371346,1.302801674028656,1.2391576052993318,-0.0007142676473384727,-0.0044884205444491124,5.043373007862506e-05
2022-12-07,1.2753973962254992,1.2934726794599463,1.2388451443569497,-0.0005391383843812606,-0.007160717363727154,-0.00025215593322902574
2022-12-08,1.2755877722000708,1.2925652566018535,1.2390326209223792,0.00014926796552587683,-0.0007015400267067817,0.00015133171912840027
2022-12-09,1.275543872014453,1.2927249329307116,1.2390326209223792,-3.441565259131767e-05,0.0001235344428782592,0.0
2022-12-12,1.2759598433839958,1.2893382199826235,1.239407574053238,0.00032611294575542594,-0.002619824884486377,0.000302617642608638
2022-12-13,1.2756225017862355,1.2946151161121984,1.2390951131108556,-0.000264382613222147,0.004092716750183678,-0.00025210507739636956
2022-12-14,1.275495518167554,1.2949661882179044,1.23884514435695,-9.954639284253975e-05,0.00027117874751880766,-0.00020173492031461127
2022-12-15,1.2742274909971965,1.2925405175967664,1.23884514435695,-0.0009941447479009777,-0.0018731536338228438,0.0
2022-12-16,1.2734431499906282,1.288125455102624,1.2389076365454261,-0.0006155423675206154,-0.0034158020070049642,5.044390637598539e-05
2022-12-19,1.2732037914031507,1.2765788947570813,1.239282589676285,-0.00018796173781240546,-0.008963847659250502,0.000302648171500719
2022-12-20,1.272801390041725,1.2700823560255832,1.238595175603044,-0.000316054165203455,-0.005089022510225883,-0.0005546871060461145
2022-12-21,1.2734052955659105,1.2734153836512347,1.2379702537182797,0.00047446956682348196,0.002624261025152408,-0.0005045408678102659
2022-12-22,1.2731998529022899,1.2694502797220328,1.2387826521684735,-0.0001613332882593648,-0.0031137553229746984,0.0006562342251388298
2022-12-23,1.2729416723081548,1.2671441412421331,1.238720159979997,-0.0002027808859281258,-0.0018166434059983306,-5.0446451092089895e-05
2022-12-26,1.2741785849238823,1.276094214600168,1.2400949881264787,0.0009716962235078703,0.007063184894862374,0.0011098779134295356
2022-12-27,1.2747887514169896,1.2832224734771407,1.2403449568803846,0.00047887046629628945,0.005585997331087489,0.00020157226365657976
2022-12-28,1.274142672121538,1.2780009660560008,1.239970003749526,-0.0005068128305441184,-0.004069058584199448,-0.00030229746070131736
2022-12-29,1.2742982688701474,1.2764380062347103,1.2403449568803846,0.00012211877995595014,-0.0012229723316359077,0.000302388872089443
2022-12-30,1.2748054556742512,1.2812414933948544,1.2405324334458139,0.000398012628984902,0.003763196596059959,0.0001511487303507142
2023-01-03,1.2756414185978453,1.288344453682335,1.241094863142102,0.0006557572528994046,0.005543810689942708,0.0004533776635937681
2023-01-04,1.2765457463776646,1.2844275771789542,1.241407324084484,0.0007089200512266113,-0.003040240125368454,0.0002517623363544885
2023-01-05,1.277042919824811,1.287935866789175,1.2417197850268662,0.000389467787235285,0.0027314032122591645,0.00025169896803411973
2023-01-06,1.2775287654969143,1.2930155155578031,1.2418447694038193,0.00038044584450609253,0.003944023067927971,0.00010065425264227379
2023-01-09,1.2783943141992875,1.297755609563482,1.2418447694038193,0.0006775179751326715,0.0036659219851927884,0.0
2023-01-10,1.2784060521472758,1.2972114267417836,1.242094738157725,9.18178988898299e-06,-0.0004193261178669361,0.0002012882447663955
2023-01-11,1.2780223383148626,1.2966456546001668,1.2403449568803846,-0.0003001502001408492,-0.000436144895083046,-0.0014087341517408092
2023-01-12,1.2789837547076115,1.3005780302748127,1.2420322459692485,0.0007522688484589424,0.003032729613286955,0.0013603385731559836
2023-01-13,1.2793846683705354,1.3087688816581315,1.242094738157725,0.0003134626702242145,0.006297854640515621,5.031446540870732e-05
2023-01-16,1.280215940492122,1.3186232633060797,1.2421572303462014,0.0006497436948696159,0.0075295048545646285,5.0311933990743185e-05
2023-01-17,1.280605344362348,1.320482394570422,1.2419697537807721,0.00030417045899012784,0.0014099032802448064,-0.0001509282084821706
2023-01-18,1.2805670262304716,1.3222132347536009,1.2420322459692485,-2.9921889710187523e-05,0.0013107635439106868,5.031699708157866e-05
2023-01-19,1.281035976419103,1.322396294204615,1.2423447069116307,0.000366205109943957,0.00013844926536987767,0.0002515723270439807
2023-01-20,1.2824294246175685,1.3341555732763188,1.2427196600424892,0.0010877510266031833,0.008892401712889565,0.0003018108651910989
2023-01-30,1.283533702584294,1.3354624739898477,1.243532058492683,0.0008610828366284947,0.0009795714530649424,0.0006537262395656107
2023-01-31,1.2833256740028873,1.330742857343196,1.2437195350581125,-0.0001620748882462045,-0.003534069087356262,0.00015076134479130587
2023-02-01,1.284162367702531,1.3419354921350768,1.243782027246589,0.0006519730077820484,0.00841081710874383,5.0246206411364014e-05
2023-02-02,1.284935443869686,1.3405058304291282,1.2439695038120182,0.00060200811563907,-0.001065372899314232,0.00015073104557106198
2023-02-03,1.2839955414432926,1.3325937694839496,1.2441569803774475,-0.0007314783251388864,-0.0059022950632342756,0.00015070832914698684
2023-02-06,1.2828389437780172,1.3203890108067575,1.244094488188971,-0.0009007801257434233,-0.009158649062210755,-5.0228539856256305e-05
2023-02-07,1.2832499869572351,1.3264719539786276,1.2444069491313532,0.00032041682333662806,0.00460693259492786,0.00025115531444641626
2023-02-08,1.2830033495590965,1.3254177815829824,1.2444694413198296,-0.00019219746787107992,-0.0007947189478702433,5.021845025865446e-05
2023-02-09,1.2833595479399347,1.3352331356583338,1.2443444569428768,0.0002776285665667548,0.007405479398072323,-0.0001004318569849394
2023-02-10,1.2830817630864586,1.3319270237589727,1.2443444569428768,-0.0002164513085378412,-0.0024760559119371027,0.0
2023-02-13,1.283904479191273,1.3413862391258677,1.244656917885259,0.0006412031785374968,0.007101902129892412,0.00025110486139001686
2023-02-14,1.2838356433032343,1.3430998859550123,1.2447194100737353,-5.361449325432759e-05,0.0012775193148405251,5.0208364713588693e-05
2023-02-15,1.2834339449873124,1.3393892382812167,1.244531933508306,-0.0003128892066653088,-0.0027627488562827042,-0.00015061753188072569
2023-02-16,1.2829369969910596,1.3333972633606743,1.244656917885259,-0.00038720184875423345,-0.004473662135908707,0.00010042681395927566
2023-02-17,1.2825041663879158,1.3239014025977556,1.2449068866391648,-0.00033737479249482707,-0.007121554111327233,0.00020083345885435477
2023-02-20,1.283591109725191,1.334902785638551,1.2450318710161175,0.0008475164180842788,0.008309820519268596,0.00010039656643723305
2023-02-21,1.283222761292655,1.332643522861275,1.2447194100737353,-0.0002869671110569471,-0.001692454912509056,-0.0002509662199466911
2023-02-22,1.2834049108613106,1.3294414965316557,1.244969378827641,0.00014194695897704594,-0.0024027628354386767,0.00020082337584081955
2023-02-23,1.2833877243346667,1.3259614429356044,1.244969378827641,-1.3391351784932464e-05,-0.0026176808871472335,0.0
2023-02-24,1.2832440216920231,1.324683320087049,1.2450943632045939,-0.00011197133954049532,-0.0009639215795941736,0.00010039152695506814
2023-02-27,1.283260465399205,1.3210802247839053,1.2452818397700234,1.281417010629809e-05,-0.0027199672921879637,0.00015057217426228675
2023-02-28,1.283464718843764,1.3248052859981654,1.2452818397700234,0.0001591675657953482,0.002819708556964873,0.0
2023-03-01,1.2841605651056562,1.3332211907744327,1.2455943007124055,0.000542162360738019,0.006352559780078371,0.00025091584282632695
2023-03-02,1.284165701249282,1.332842516706222,1.2453443319584998,3.999611703890273e-06,-0.000284029439999256,-0.00020068231988756846
2023-03-03,1.2848955285887589,1.3388373137656215,1.245094363204594,0.0005683280115384396,0.004497753473691834,-0.00020072260136483333
2023-03-06,1.2857676913590754,1.3390685621624483,1.2459692538432643,0.0006787810766796784,0.00017272329837919598,0.0007026701465568941
2023-03-07,1.2845647628503944,1.3305947426805893,1.2450318710161177,-0.000935572200767749,-0.006328144593414053,-0.0007523322299127777
2023-03-08,1.2847462713632103,1.3246129902239647,1.2464066991625995,0.00014129961996845359,-0.004495547941647415,0.0011042513677659294
2023-03-09,1.2844196313363352,1.3195188385970098,1.246594175728029,-0.0002542447751403233,-0.00384576601962332,0.00015041363750323278
2023-03-10,1.2840870032880172,1.3073980906476352,1.2469066366704111,-0.00025897147645731624,-0.009185733158809672,0.0002506516944054127
2023-03-13,1.2846914167902035,1.3145083180632533,1.2467816522934583,0.00047069513252516167,0.0054384563251854475,-0.00010023555355087588
2023-03-14,1.2859456721060112,1.308840627708326,1.24728158980127,0.0009763086289945719,-0.004311642822677431,0.00040098240689689923
2023-03-15,1.2860663492042617,1.3082633278885059,1.247406574178223,9.384307663078101e-05,-0.00044107724622736153,0.00010020542111344177
2023-03-16,1.2865811584677016,1.2970664905065847,1.2472190976127937,0.00040029759254513934,-0.00855855021174714,-0.00015029307148939353
2023-03-17,1.2869005944448395,1.3005771472737457,1.2476565429321287,0.00024828280364253485,0.002706612801160235,0.0003507365467481094
2023-03-20,1.2887541221761012,1.2992342690658472,1.248093988251464,0.0014403037338415394,-0.0010325248376948592,0.0003506135737540994
2023-03-21,1.289162457311075,1.3095567248536184,1.2482189726284167,0.0003168448720724639,0.007945030417950017,0.00010014019627480053
2023-03-22,1.2883903590912742,1.3111616008112776,1.24815648043994,-0.0005989146018192246,0.0012255108367594358,-5.0065084610140254e-05
2023-03-23,1.289319821734383,1.3170194354483795,1.2491563554555631,0.0007214138452295461,0.004467667931609176,0.0008010814599710425
2023-03-24,1.2896756184369764,1.3175775356831891,1.2491563554555631,0.00027595690114699464,0.0004237600598655855,0.0
2023-03-27,1.2894116344374487,1.316085314581298,1.248718910136228,-0.00020469023043763517,-0.0011325489859063675,-0.00035019260593327495
2023-03-28,1.2892072767119973,1.3158332582214678,1.2489688788901339,-0.0001584891279040773,-0.0001915197723413642,0.0002001801621460686
2023-03-29,1.289669731855759,1.3189331768690107,1.2490313710786103,0.0003587127936022126,0.002355859777957614,5.00350245171699e-05
2023-03-30,1.2901360829706865,1.322546817723911,1.2490938632670867,0.00036160507097911953,0.0027398210298104518,5.003252113877643e-05
2023-03-31,1.2911146477426376,1.3294698880355706,1.2495313085864217,0.000758497328202644,0.005234650462941049,0.00035021012607550084
2023-04-03,1.2908132971254929,1.3442981871201054,1.2484689413823222,-0.00023340345311050693,0.011153542639799919,-0.0008502125531382188
2023-04-04,1.2918284530731574,1.3490906308767268,1.249843769528804,0.0007864467695873487,0.003565015412903494,0.001101211332465768
2023-04-06,1.2926885429801436,1.351618325785622,1.2500937382827098,0.0006657926638324095,0.0018736286881280261,0.00019999999999997797
2023-04-07,1.2931492535257267,1.3580031669664392,1.250281214848139,0.00035639717554929835,0.004723849225043675,0.00014997000599881183
2023-04-10,1.2933947621200483,1.3526188054531783,1.2513435820522385,0.00018985325448893343,-0.003964910866363236,0.0008497026040885647
2023-04-11,1.2934080110907011,1.3531776823703752,1.2512810898637619,1.0243562940459957e-05,0.00041318138927514124,-4.9940071913834316e-05
2023-04-12,1.2940092421870701,1.3556990217643068,1.2515310586176678,0.00046484256415108276,0.0018632729661302472,0.00019977026419626398
2023-04-13,1.2943471060610228,1.3563269575510977,1.2519060117485266,0.0002610985014153602,0.0004631822968889643,0.0002995955460129984
2023-04-14,1.2949328026379376,1.3590686635438718,1.251968503937003,0.00045250348548101795,0.002021419671348701,4.9917635900786905e-05
2023-04-17,1.295215142016551,1.3649264513512984,1.2522809648793851,0.00021803399994037477,0.004310148533740632,0.0002495757212737093
2023-04-18,1.2953609053060031,1.3619598752733668,1.252655918010244,0.0001125398281131755,-0.0021734329164729616,0.00029941613852990656
2023-04-19,1.2952931999398012,1.3562669990576686,1.2529058867641498,-5.2267569543447776e-05,-0.0041799147824055916,0.00019955101022706145
2023-04-20,1.294884094508895,1.3503763837602691,1.2529058867641498,-0.00031584002056463773,-0.004343256380559457,0.0
2023-04-21,1.2941166150984207,1.3334077462440495,1.2530308711411027,-0.0005927012415466062,-0.012565857726990726,9.975559878294682e-05
2023-04-24,1.2939029046730772,1.3268956794820057,1.2534683164604377,-0.0001651400058155833,-0.004883777509458021,0.00034910977008628663
2023-04-25,1.2942376967727958,1.324287183583825,1.2539057617797726,0.00025874592174541405,-0.001965863585597816,0.00034898793498849834
2023-04-26,1.29493104509121,1.3232725984649083,1.2540307461567255,0.0005357194587541909,-0.0007661367802194619,9.967605282823477e-05
2023-04-27,1.2960519513299678,1.3227120595763584,1.2545306836645371,0.0008656107543386538,-0.0004236004653917269,0.0003986644740121559
2023-04-28,1.2964135003701245,1.3312123364116981,1.25465566804149,0.00027896184237502524,0.006426400042093916,9.962640099625553e-05
2023-05-04,1.2977781192488718,1.3241018850482025,1.2554680664916837,0.0010526108208204286,-0.005341335239321732,0.0006475070976739161
2023-05-05,1.2983273445589194,1.3224945436355828,1.2563429571303537,0.00042320432275844567,-0.0012139106746766547,0.0006968641114981633
2023-05-08,1.2987425041170746,1.3321844728430996,1.2568428946381653,0.0003197649343942256,0.007327008836557292,0.0003979307600479043
2023-05-09,1.2985333455122248,1.3265124715974537,1.2569678790151182,-0.0001610470160073197,-0.004257669535466857,9.944311853615773e-05
2023-05-10,1.2988719264598216,1.3259538883050264,1.257592800899883,0.0002607410497135411,-0.00042109162513540575,0.0004971661529284965
2023-05-11,1.2991672223929294,1.323269048022301,1.2579677540307415,0.00022734799874574938,-0.0020248368411645234,0.00029815146094214207
2023-05-12,1.2981475356607968,1.3093692849550802,1.2580927384076943,-0.0007848772002224788,-0.010504109567132092,9.935419771478493e-05
2023-05-15,1.2991614535404312,1.3177511562419097,1.2585301837270293,0.0007810498050348153,0.006401457085589879,0.0003477051460361036
2023-05-16,1.2990022837570716,1.315669186271477,1.2584051993500764,-0.00012251732294381133,-0.0015799416760674868,-9.930979691141761e-05
2023-05-17,1.299296604003544,1.314881687524382,1.2584676915385529,0.00022657407931667142,-0.0005985537666401309,4.965983016336217e-05
2023-05-18,1.2995240480117494,1.3217190770292224,1.2584051993500764,0.00017505164525522703,0.00520000359706414,-4.9657364187050135e-05
2023-05-19,1.2995305369949677,1.3216668251474113,1.2587801524809352,4.9933537038434e-06,-3.9533273536862536e-05,0.0002979589809803951
2023-05-22,1.300105348359261,1.3201737623171648,1.2592175978002704,0.0004423223217381965,-0.0011296817033142447,0.00034751526584919645
2023-05-23,1.3003753638095128,1.3133570360568336,1.2610923634545637,0.00020768736209906267,-0.005163506846527899,0.0014888337468983437
2023-05-24,1.3002668046573893,1.3103075520022127,1.2612173478315165,-8.348293511606657e-05,-0.002321900268472754,9.910802775014993e-05
2023-05-25,1.3000968352774662,1.3103105162885298,1.2609673790776108,-0.00013071884886574342,2.2622828606211343e-06,-0.00019819641264484655
2023-05-26,1.300208448599155,1.311010430979693,1.2605299337582756,8.5850006445803e-05,0.000534159409134305,-0.0003469124789374778
2023-05-29,1.3007066304293127,1.3118762866847455,1.261592300962375,0.0003831553553543756,0.0006604491349510688,0.0008427941103563708
2023-05-30,1.300680683418542,1.311714443751746,1.261592300962375,-1.9948395867002244e-05,-0.00012336752683328456,0.0
2023-05-31,1.3011251252825267,1.302362329278474,1.2617172853393281,0.0003416994421847054,-0.007129687805009821,9.906875371523682e-05
2023-06-01,1.3017986359458356,1.3054697551706804,1.2622797150356162,0.0005176371205363593,0.0023859918414008254,0.0004457652303120341
2023-06-02,1.3028572500811382,1.318308594304181,1.2622172228471398,0.0008131934587051978,0.009834650770459207,-4.9507401356563285e-05
2023-06-05,1.3027007885378086,1.3174780523231127,1.262654668166475,-0.00012009108697041642,-0.0006300057396703251,0.00034656896722462527
2023-06-06,1.3028944334659758,1.3104747298668264,1.2627796525434276,0.00014864881473253,-0.005315703319639475,9.898539965336184e-05
2023-06-07,1.302898893417966,1.3087594200575041,1.2629046369203805,3.4231107874523026e-06,-0.0013089224616309569,9.89756025140398e-05
2023-06-08,1.3028224126416024,1.313217105629656,1.2624046994125688,-5.8700469199748326e-05,0.00340603895860101,-0.00039586322925433404
2023-06-09,1.3037057377090244,1.315305255216789,1.262842144731904,0.0006780088052299584,0.001590102335844734,0.000346517499133725
2023-06-12,1.3045669166602811,1.3154682681890684,1.2634045744281919,0.0006605623695189837,0.0001239354679325011,0.00044536817102125426
2023-06-13,1.305255585971611,1.316875973442294,1.2642169728783856,0.0005278911357747358,0.001070117225376721,0.0006430231982985646
2023-06-14,1.3054335697906119,1.320843548070942,1.2649043869516265,0.00013635936203886727,0.003012868871984098,0.0005437469105289416
2023-06-15,1.3055678964421322,1.3254565746409148,1.2646544181977208,0.00010289811341520412,0.0034924852203049085,-0.00019761869472845195
2023-06-16,1.3057887937862795,1.3347952884773164,1.264279465066862,0.00016919636638525263,0.007045658088747087,-0.0002964866333943217
2023-06-19,1.3059372789121975,1.331241666361139,1.2644669416322913,0.00011371297305080199,-0.0026622974675249433,0.00014828728189408835
2023-06-20,1.3057662951094111,1.3308201889390174,1.264404449443815,-0.00013092803578501567,-0.00031660474035021257,-4.942176534539211e-05
2023-06-21,1.3054843135673135,1.3237565202192925,1.264904386951626,-0.00021595100375436718,-0.005307755907547884,0.0003953936638163569
2023-06-26,1.3054195925355692,1.3116200827875724,1.2654668166479142,-4.957626152359373e-05,-0.009168179530258003,0.0004446420631392112
2023-06-27,1.3060409365107648,1.3189928458928903,1.265341832270961,0.00047597261351717084,0.0056211117853950275,-9.876543209885735e-05
2023-06-28,1.3061095192841439,1.3154714212285301,1.2657792775902963,5.2511963034060076e-05,-0.00266978299035161,0.00034571315685516524
2023-06-29,1.3064301568397374,1.3175669901791118,1.2659667541557256,0.000245490558685532,0.0015930174664111618,0.00014811157738825464
2023-06-30,1.3076074865854244,1.3245626868587002,1.2672165979252543,0.000901180778416101,0.005309556729739562,0.0009872642906505469
2023-07-03,1.308237387806482,1.3317676221883978,1.2674040744906836,0.000481720414971505,0.005439482329662226,0.00014794358417979936
2023-07-04,1.3084257468478326,1.332692992584222,1.2678415198100186,0.0001439792526236551,0.0006948437403090701,0.00034515063359785714
2023-07-05,1.308434712261443,1.3296488357706866,1.2679665041869717,6.852061442522268e-06,-0.0022842146169257727,9.85804416404612e-05
2023-07-06,1.3084224365787585,1.3270099141559155,1.268028996375448,-9.381960421531106e-06,-0.001984675610415221,4.928536224735325e-05
2023-07-07,1.308511220449336,1.3244030714093473,1.2683414573178304,6.78556619754571e-05,-0.001964448583812217,0.00024641466660102473
2023-07-10,1.3090119916624496,1.3286231768942096,1.2687164104486892,0.00038270303325459317,0.0031864207928569257,0.0002956247536460843
2023-07-11,1.3095124599343488,1.3337486883662628,1.2690288713910713,0.00038232520029377254,0.003857761599518739,0.0002462811545660415
2023-07-12,1.30961240368214,1.3315154455192677,1.2690288713910713,7.632134160537176e-05,-0.001674410529115955,0.0
2023-07-13,1.3106196182805037,1.3426522656513749,1.2690913635795478,0.0007690936612480697,0.00836401873488144,4.924410301865301e-05
2023-07-14,1.3103663076621495,1.3429721459636292,1.2690288713910713,-0.0001932754666731729,0.00023824509177676755,-4.9241678156453084e-05
2023-07-17,1.3108298590003757,1.3379311093259507,1.2695913010873594,0.00035375706435340694,-0.0037536419893962614,0.0004431969271680991
2023-07-18,1.3113152191475472,1.337506946573349,1.2699037620297418,0.0003702693708408625,-0.0003170288437463253,0.0002461114392597885
2023-07-19,1.3119398285711463,1.3415723132737718,1.2699662542182182,0.0004763228661413412,0.003039510718683247,4.9210176664482574e-05
2023-07-20,1.3118376796687956,1.3355485040031645,1.2700912385951713,-7.786096597288666e-05,-0.004490111499027361,9.84155102845552e-05
2023-07-21,1.3117838807916742,1.3359847560285425,1.2705911761029827,-4.1010315494924126e-05,0.00032664633599631675,0.0003936233024994795
2023-07-24,1.3120196934934023,1.3349099303211596,1.2711536057992705,0.00017976490272589461,-0.0008045194397114152,0.00044265197717874294
2023-07-25,1.312296368389497,1.350892931889836,1.2703412073490767,0.00021087709084467878,0.011973093619006425,-0.0006391032889238035
2023-07-26,1.3125898484930405,1.3500953333985857,1.270528683914506,0.00022363858546951674,-0.0005904231730152754,0.00014757969303413887
2023-07-27,1.3129063299596853,1.3475470364371533,1.2710286214223174,0.00024111223091352772,-0.0018874940890414415,0.00039348777728576145
2023-07-28,1.3134110916972588,1.359898464604675,1.270966129233841,0.00038446134812150347,0.009165860510649205,-4.916662569443009e-05
2023-07-31,1.3136166575829746,1.3641285647522525,1.270966129233841,0.0001565129813622207,0.0031105999879242783,0.0
2023-08-01,1.313930076644048,1.3649217760032981,1.2714660667416526,0.000238592483784344,0.0005814783676123314,0.000393352345363418
2023-08-02,1.3141549383098359,1.3612121488657611,1.2718410198725114,0.0001711367064236893,-0.0027178313092779518,0.00029489826010031805
2023-08-03,1.3144201070242818,1.3595962330308962,1.2722784651918466,0.00020177888216656745,-0.0011871153487804209,0.00034394654088054644
2023-08-04,1.31448436649888,1.364821672446429,1.272340957380323,4.888807943105005e-05,0.003843375914541958,4.911832604737043e-05
2023-08-07,1.3147582271583367,1.3640746982920948,1.272778402699658,0.00020834075051503787,-0.0005473053142505124,0.00034381139489192414
2023-08-08,1.3146979764803766,1.3600119309211358,1.2728408948881345,-4.582643159450216e-05,-0.0029784053439638526,4.909903274907812e-05
2023-08-09,1.3147125549690077,1.3582968214685498,1.2730283714535637,1.1088849980669476e-05,-0.0012610988283200176,0.00014728986645717868
2023-08-10,1.3145651596428054,1.36053911044612,1.2730908636420402,-0.0001121122070716249,0.0016508092650513117,4.908939178238647e-05
2023-08-11,1.3147127649154187,1.3493926631031279,1.273340832395946,0.00011228448550506829,-0.00819266955092326,0.00019634792852940564
2023-08-14,1.3151359427436686,1.351406630162352,1.2741532308461399,0.00032187854225118086,0.0014924988954605478,0.000638005496662819
2023-08-15,1.3154465757365004,1.348493328956073,1.2749031371078572,0.0002361983903990092,-0.002155754708654212,0.0005885526509392669
2023-08-16,1.3156808964865547,1.341460651606506,1.2752155980502393,0.00017813019120391168,-0.005215211079324655,0.00024508602519479616
2023-08-17,1.3158748509715914,1.3438569234920625,1.2752780902387157,0.00014741757333004894,0.0017863154485275312,4.9005194550533204e-05
2023-08-18,1.3158354582527565,1.3317822510223278,1.2758405199350036,-2.9936523831054474e-05,-0.008985087816014014,0.00044102513843280455
2023-08-21,1.316592962911502,1.3294680649967876,1.2768403949506266,0.0005756834215057346,-0.001737660960538967,0.0007836990595611049
2023-08-22,1.3164597739461827,1.3295982406846933,1.2769653793275795,-0.00010116183898236647,9.791561853437215e-05,9.788566953794486e-05
2023-08-23,1.3164184200266675,1.3200841411312,1.277027871516056,-3.141297617569085e-05,-0.007155619842422345,4.893804443573124e-05
2023-08-24,1.3170082322069157,1.320062892742561,1.2771528558930088,0.00044804309273968574,-1.6096238093521454e-05,9.787129924143656e-05
2023-08-25,1.316743869264741,1.3176797730806136,1.2772778402699616,-0.00020072990867458766,-0.0018053076675735747,9.786172138759319e-05
2023-08-28,1.3170172559856932,1.325623752793187,1.277027871516056,0.0002076233102984994,0.006028763493880751,-0.00019570429081650076
2023-08-29,1.3178040806626163,1.3371823064753672,1.2770903637045325,0.0005974292845041619,0.008719332056192875,4.8935649620940325e-05
2023-08-30,1.3181764588255909,1.3407866669126316,1.2772153480814854,0.0002825747532874993,0.0026954891788577907,9.78665100801468e-05
2023-08-31,1.3185270568571252,1.3377125264084484,1.277402824646915,0.0002659720018415468,-0.002292788688943226,0.00014678539974566363
2023-09-01,1.3186073160771348,1.3427660080641113,1.2772778402699618,6.0870362570177594e-05,0.003777703771101537,-9.784257130285301e-05
2023-09-04,1.3192242529239129,1.3544844660338322,1.2767779027621504,0.00046787003170410045,0.008727103530581337,-0.00039140858163311254
2023-09-05,1.319255681853689,1.3514793788192434,1.2768403949506266,2.382379622448592e-05,-0.002218620656011061,4.894523028720066e-05
2023-09-06,1.3190767297924197,1.3537087036929907,1.276590426196721,-0.00013564623122764018,0.0016495441282240563,-0.00019577133907588973
2023-09-07,1.3181319585081024,1.345001686953648,1.2760279965004329,-0.0007162367912183672,-0.0064319721928279725,-0.00044057176424516786
2023-09-08,1.3184329168295166,1.3445782203576901,1.2762154730658624,0.0002283218455264778,-0.0003148446578658648,0.0001469219844263403
2023-09-11,1.3189087318487736,1.3501059412316014,1.2764029496312916,0.0003608943717828795,0.00411111885513118,0.00014690040152776085
2023-09-12,1.3189641239866925,1.3508453692910798,1.276590426196721,4.1998461744389794e-05,0.000547681509203668,0.00014687882496944304
2023-09-13,1.3188523801831873,1.3485933069009093,1.276715410573674,-8.472088169276295e-05,-0.0016671503943876953,9.790483649907422e-05
2023-09-14,1.319573630979553,1.3538453784102331,1.2772153480814854,0.0005468775787214854,0.0038944813699194557,0.00039158100832104026
2023-09-15,1.3193827950759018,1.3516160894104567,1.2772153480814854,-0.00014461936732513135,-0.001646634863424401,0.0
2023-09-18,1.3191576282112052,1.354718142103118,1.2769028871391033,-0.00017066075557209818,0.0022950693743326034,-0.00024464233290921733
2023-09-19,1.319445912142976,1.3446792515418724,1.2770278715160561,0.00021853637928159587,-0.00741031676571543,9.788087897022457e-05
2023-09-20,1.3195854325088745,1.3389437816701313,1.2769653793275797,0.00010574163337378567,-0.004265307035238741,-4.893564962071828e-05
2023-09-21,1.3194539358435582,1.330767517994809,1.277152855893009,-9.964998254507123e-05,-0.006106502593502183,0.00014681413330719373
2023-09-22,1.3197648088013023,1.3431818845683396,1.2769028871391033,0.00023560728366427543,0.009328726772829943,-0.0001957234427752974
2023-09-25,1.3199461643598505,1.3398366112301334,1.276715410573674,0.00013741505860635357,-0.0024905587073795867,-0.00014682131845544788
2023-09-26,1.320022790346638,1.3329697554260267,1.2770903637045325,5.805235763130397e-05,-0.005125144175454399,0.0002936857562407802
2023-09-27,1.3197097702957061,1.3380085734418057,1.277152855893009,-0.00023713230803353057,0.003780144294548304,4.893325504018442e-05
2023-09-28,1.3192463249341295,1.3404934988222792,1.2775903012123442,-0.0003511721834663106,0.0018571819566757686,0.00034251602485690924
2023-10-09,1.3195337587901634,1.3271606185315938,1.2785276840394908,0.00021787732177182167,-0.009946247633725303,0.0007337116024261903
2023-10-10,1.3187175061224836,1.323422711893704,1.2784651918510144,-0.0006185917277540784,-0.00281646892297438,-4.887824429344878e-05
2023-10-11,1.3183423515296286,1.3257549219012557,1.2780277465316792,-0.0002844844260528067,0.0017622562969426658,-0.0003421644344512309
2023-10-12,1.3190024986667506,1.3278957864495637,1.2780277465316792,0.0005007402943217145,0.0016148267775145774,0.0
2023-10-13,1.319233866175464,1.3249399972932132,1.278402699662538,0.0001754109707504525,-0.002225919523589648,0.00029338418659241583
2023-10-16,1.3201094138335818,1.3270082630493334,1.2787776527933965,0.0006636788825442767,0.0015610259787956049,0.00029329813755674117
2023-10-17,1.320113675077842,1.3275893099024685,1.2785276840394908,3.2279477864268626e-06,0.00043786227208558737,-0.0001954747593216899
2023-10-18,1.3201119663869376,1.3231746660105306,1.2784026996625377,-1.2943513401106995e-06,-0.003325308406002603,-9.775648858700858e-05
2023-10-19,1.3197311017083881,1.3116166493441805,1.2780902387201556,-0.00028850937514935597,-0.008735064964022021,-0.00024441511463058063
2023-10-20,1.3203242707961635,1.3094323980818172,1.2784651918510144,0.000449462081334305,-0.0016653122415421716,0.00029336984158034873
2023-10-23,1.3197135925763817,1.297016316935957,1.278840144981873,-0.0004625213921225128,-0.009482032951108022,0.00029328380095794415
2023-10-24,1.3202943959033882,1.3018567411541333,1.2785276840394908,0.0004400980108665474,0.00373196863830616,-0.0002443315089912801
2023-10-25,1.3206592852871877,1.300288537782239,1.2789026371703494,0.0002763697134000955,-0.0012045898156996747,0.0002932694657606927
2023-10-26,1.3213319379924102,1.3032140955212788,1.279277590301208,0.000509330993024633,0.0022499296533286086,0.0002931834839969838
2023-10-27,1.321975990679652,1.311595068519759,1.279277590301208,0.00048742686733225263,0.006431002417241383,0.0
2023-10-30,1.3225446663852682,1.3172016364329686,1.2795900512435898,0.00043017097861506155,0.004274618018758669,0.0002442479605293535
2023-10-31,1.3223689417747346,1.313129345208904,1.279777527809019,-0.00013286856391310975,-0.0030916232651310716,0.00014651299081847036
2023-11-01,1.3222247970895171,1.3119547960701012,1.2801524809398779,-0.00010900489316085105,-0.0008944656846548438,0.00029298305581337836
2023-11-02,1.3226700256878474,1.3115953138127785,1.2806524184476893,0.0003367268556076525,-0.00027400506358861155,0.0003905296558457394
2023-11-03,1.3229440404448407,1.3200581633998052,1.2806524184476893,0.00020716788894555057,0.0064523328940733204,0.0
2023-11-06,1.3235070240369518,1.3263379477554795,1.2809648793900712,0.00042555359478530804,0.004757202773172342,0.00024398575123196764
2023-11-07,1.3234410427268068,1.3211025540004868,1.2809023872015948,-4.9853388721415644e-05,-0.003947254742920137,-4.878524734119871e-05
2023-11-08,1.3232751606914155,1.31701754520384,1.280964879390071,-0.00012534146217015423,-0.0030921208836337975,4.878762745752496e-05
2023-11-09,1.3236017125376052,1.3112091684811067,1.2824021997250292,0.0002467754673330279,-0.004410250071371813,0.0011220606888477924
2023-11-10,1.3240814073658118,1.3113669664097158,1.282652168478935,0.0003624162946168923,0.00012034535175799998,0.00019492227474282586
2023-11-13,1.324325646638541,1.3119128546752254,1.2831521059867466,0.00018445940813794541,0.00041627422338097464,0.0003897685749087998
2023-11-14,1.3243121910581384,1.3186932800907356,1.281964754405694,-1.016032607742847e-05,0.005168350467294258,-0.0009253396970730909
2023-11-15,1.3248380927561776,1.322802842778447,1.2820897387826469,0.0003971130837503403,0.003116390103564237,9.74943940723616e-05
2023-11-16,1.3245593247221117,1.3136936029079547,1.2823397075365526,-0.00021041668079299376,-0.006886317125958863,0.00019496977968413987
2023-11-17,1.3248958477127177,1.309442038629204,1.2826521684789347,0.000254064113494247,-0.0032363439003886274,0.0002436647173489348
2023-11-20,1.324681166446479,1.3175017835886265,1.2827146606674111,-0.0001620363341084275,0.006155098676883719,4.8721071863599974e-05
2023-11-21,1.3247314667460475,1.3164947824753208,1.2828396450443642,3.797162731866531e-05,-0.0007643261860054262,9.743739647283256e-05
2023-11-22,1.3241721088410685,1.3109300562268296,1.2827146606674114,-0.00042224248386957513,-0.004226926169831291,-9.74279033515435e-05
2023-11-23,1.3240095667720475,1.3116229936798958,1.2824646919135056,-0.0001227499566980426,0.0005285846104259084,-0.00019487479294544308
2023-11-24,1.3240962791328583,1.3078529537442611,1.2827146606674114,6.549224642085168e-05,-0.0028743319946363034,0.00019491277653238548
2023-11-27,1.3248035266114038,1.3038876618711774,1.2825896762904585,0.0005341359912352387,-0.0030319095596577418,-9.743739647272154e-05
2023-11-28,1.3250747892317087,1.3061236212584855,1.2824021997250292,0.0002047568676080273,0.0017148405132534129,-0.0001461703371662404
2023-11-29,1.3254456252371254,1.3050432125153528,1.2824646919135054,0.0002798604338640051,-0.0008271872015389481,4.8730568685595443e-05
2023-11-30,1.325488432965321,1.3076704509808066,1.2826521684789347,3.229685728369449e-05,0.00201314289079374,0.00014618458239934462
2023-12-01,1.325804210129646,1.3047165920392187,1.2827771528558876,0.00023823456808195418,-0.0022588710629442565,9.744214372719995e-05
2023-12-04,1.3266312213366789,1.2994011359845858,1.2827771528558876,0.0006237807971299284,-0.004074031162832892,0.0
2023-12-05,1.3255448261808889,1.2873743413642746,1.2827771528558876,-0.0008189127003172908,-0.009255644225059246,0.0
2023-12-06,1.325557721346532,1.2877936996525157,1.282839645044364,9.728200350798308e-06,0.00032574696789177126,4.871632484038102e-05
2023-12-07,1.3258425782930388,1.2838705673057895,1.282964629421317,0.00021489592035080034,-0.0030463981519593063,9.742790335165452e-05
2023-12-08,1.32637436874541,1.2886301678241883,1.2835895513060815,0.000401096224452024,0.003707227690706083,0.00048709206039943
2023-12-11,1.3264941018034728,1.294746972355018,1.2842144731908458,9.02709377414632e-05,0.0047467494425944,0.0004868549172345471
2023-12-12,1.3265056417837229,1.2956929929992138,1.2843394575677989,8.699609168509719e-06,0.0007306606343901901,9.732360097336468e-05
2023-12-13,1.3265652506047927,1.281729191380765,1.2849643794525631,4.493672638266943e-05,-0.010777091250702874,0.00048657065005830447
2023-12-14,1.3276303957734652,1.2836563154037572,1.285339332583422,0.0008029346224672216,0.001503534471986434,0.00029180040852061495
2023-12-15,1.3275642454646368,1.2841954557246151,1.285651793525804,-4.982584689151319e-05,0.0004200036367897786,0.00024309607156736135
2023-12-18,1.327626915135439,1.2823928119942745,1.2861517310336157,4.720650696659913e-05,-0.001403714459745975,0.000388859184367929
2023-12-19,1.3278234897869063,1.284475500314847,1.2865266841644745,0.00014806467782949945,0.001624064250121271,0.0002915310237598945
2023-12-20,1.3278489404682425,1.2777965231890738,1.2866516685414273,1.9167217278414636e-05,-0.005199769963799228,9.714868606391924e-05
2023-12-21,1.3273385377288374,1.2839835882283954,1.2849018872640872,-0.0003843831356488361,0.004841979866935564,-0.0013599494875903284
2023-12-22,1.328011976274627,1.2839859599157655,1.285464316960375,0.0005073600491866706,1.8471321531987606e-06,0.0004377219006856947
2023-12-25,1.3287475039452203,1.282022494932035,1.2864641919759983,0.000553856202906194,-0.001529195057443955,0.0007778317938746948
2023-12-26,1.3290042049147865,1.2786951050691195,1.286714160729904,0.0001931901800787939,-0.002595422370565881,0.0001943068104537371
2023-12-27,1.3298820806596077,1.2857234411883791,1.2868391451068568,0.0006605515178767459,0.0054964909863166826,9.713453132587091e-05
2023-12-28,1.3308041734276632,1.2959075381561123,1.287276590426192,0.0006933643076070129,0.007920907904051522,0.0003399378399380204
2023-12-29,1.3304985653819448,1.294890699921116,1.2875265591800975,-0.00022964163459998006,-0.0007846533838695935,0.00019418418369809842
2024-01-02,1.3313266876806475,1.2931753781750903,1.2877765279340032,0.0006224150256524209,-0.0013246845823591702,0.00019414648352178432
2024-01-03,1.3305562140027,1.286582724995716,1.287464066991621,-0.0005787262323192975,-0.005098034876505031,-0.00024263599747653686
2024-01-04,1.3312620794615868,1.286512499926916,1.2884639420072441,0.000530504048952088,-5.458262996682617e-05,0.0007766236287738426
2024-01-05,1.3315859179487346,1.2796225356655642,1.2893388326459143,0.00024325675022513567,-0.005355536197077948,0.0006790183334950406
2024-01-08,1.3326913111430239,1.2712469767024845,1.291838520184972,0.0008301328358834373,-0.006545335620182236,0.0019387359441644936
2024-01-09,1.3329218489830357,1.2697550804333433,1.2927759030121186,0.00017298667597239378,-0.0011735691777306045,0.0007256191950464341
2024-01-10,1.333447712216865,1.2716601715505587,1.2929008873890715,0.00039451917922307764,0.0015003610905538589,9.667907381438745e-05
2024-01-11,1.3336892639945817,1.2767623049409562,1.2929008873890715,0.0001811482936326679,0.004012183053729112,0.0
2024-01-12,1.3342495506300995,1.2784983293320573,1.2927134108236422,0.0004201028310295768,0.001359708368881829,-0.00014500459181199243
2024-01-15,1.3345147155612649,1.2751772673820794,1.2930258717660243,0.0001987371335744739,-0.0025976271331641263,0.0002417093686550853
2024-01-16,1.3343810991816452,1.275319908465623,1.292963379577548,-0.00010012357155879316,0.00011185980741065248,-4.833019187078236e-05
2024-01-17,1.3335351166814258,1.2595145440947368,1.2932133483314536,-0.0006339886714059667,-0.012393254638282914,0.00019333011116473564
2024-01-18,1.3335541598396405,1.2647433838404576,1.2930258717660243,1.4280207529971796e-05,0.0041514723035444125,-0.00014496955639320408
2024-01-19,1.334853885576336,1.2664809762744542,1.2944006999125062,0.0009746328839406019,0.0013738695582027228,0.0010632642211589882
2024-01-22,1.3345298384233377,1.2473232226061248,1.2954005749281294,-0.00024275851949025478,-0.015126759917614297,0.0007724617390045818
2024-01-23,1.335037009747438,1.2548540135002495,1.295338082739653,0.000380037455512738,0.00603756168219981,-4.824159390226512e-05
2024-01-24,1.3350045883246624,1.2615521469324076,1.2951506061742237,-2.428503669859819e-05,0.005337779024569322,-0.00014473176379781183
2024-01-25,1.3358860907995644,1.2772403051484253,1.2955255593050825,0.000660299209913831,0.012435600267626579,0.0002895054282268106
2024-01-26,1.3371152142260159,1.279083773019464,1.2964629421322293,0.0009200810120836878,0.0014433210912683126,0.000723554097728174
2024-01-29,1.3378353116156592,1.273790576841067,1.2970253718285172,0.0005385455060131048,-0.004138271698890872,0.00043381856743462954
2024-01-30,1.338418878025253,1.2604465262243272,1.2990251218597633,0.00043620197832057797,-0.010475859108513985,0.0015417971573115086
2024-01-31,1.3385728601884452,1.2476158920790423,1.300274965629292,0.0001150478118026672,-0.010179435524106661,0.0009621397989127978
2024-02-01,1.3392000630315655,1.2459717162468555,1.300962379702533,0.0004685608544550701,-0.0013178541910419672,0.0005286682366512085
2024-02-02,1.3391675447356768,1.234348665727452,1.3008373953255798,-2.4281880494442e-05,-0.009328502700217556,-9.60707080411849e-05
2024-02-05,1.3389077088194694,1.2225936575562184,1.3018997625296795,-0.00019402793715305415,-0.00952324776428216,0.0008166794773252217
2024-02-06,1.33956731229558,1.250877939769117,1.3014623172103443,0.0004926429743930947,0.0231346547874579,-0.0003360053760861348
2024-02-07,1.3401502485109948,1.2691065143270226,1.3015873015872974,0.00043516754258201044,0.014572624537027212,9.603380389910932e-05
2024-02-08,1.3411118656592336,1.28025205992293,1.3018997625296798,0.0007175442822975312,0.008782198712310164,0.00024006145573274296
2024-02-19,1.342676251900177,1.2885002361731632,1.3028371453568262,0.001166484527503786,0.006442619003268746,0.0007200115201841939
2024-02-20,1.3433170724951773,1.2913149343664159,1.3030871141107319,0.0004772711173624463,0.0021844762726720645,0.00019186492709133418
2024-02-21,1.3438573661178252,1.2952329659574175,1.3035870516185435,0.0004022085579872785,0.0030341410036616055,0.00038365624400538145
2024-02-22,1.3449835587596337,1.3047315601573792,1.3043369578802608,0.0008380298908224398,0.007333502504655964,0.0005752636625120378
2024-02-23,1.3453886005859992,1.307877778118774,1.3048993875765487,0.0003011500205540762,0.002411391015187214,0.0004311996933690221
2024-02-26,1.3458972107017597,1.3028650175555125,1.3055868016497894,0.00037803956086658613,-0.0038327438902370447,0.0005267946937406176
2024-02-27,1.3469577223720348,1.3138963977235036,1.3068991376077947,0.0007879588885709581,0.008467016935252914,0.0010051694428490077
2024-02-28,1.346537301935077,1.3015118966661345,1.3068366454193183,-0.00031212593385448285,-0.009425782031845686,-4.781714722890129e-05
2024-02-29,1.3475446213458815,1.3160785408697695,1.3079615048118942,0.0007480813263450604,0.011192094548615195,0.0008607498087223053
2024-03-01,1.348071257106602,1.321127148897105,1.307774028246465,0.0003908113708284764,0.0038360993440398118,-0.00014333492594365005
2024-03-04,1.3498026593804915,1.3266265485735864,1.3087739032620878,0.0012843551590927247,0.004162657380156354,0.0007645625268790646
2024-03-05,1.3505312422443911,1.325084058992815,1.3090238720159935,0.000539769912910267,-0.0011627157487764772,0.00019099460440230587
2024-03-06,1.351641467178906,1.3255695848349733,1.309836270466187,0.0008220653471666583,0.00036641135244463996,0.000620613930395697
2024-03-07,1.3533107776261306,1.3242775051485258,1.3108986376702867,0.001235024588812523,-0.0009747354655911588,0.0008110687022901963
2024-03-08,1.3536513582357101,1.3287922177232263,1.3110236220472395,0.00025166474339095195,0.003409189204791274,9.53425179959222e-05
2024-03-11,1.3540665254016777,1.3349445039253958,1.310898637670287,0.00030670169496882255,0.004629983619794919,-9.533342866663297e-05
2024-03-12,1.3537199883944961,1.3397475022805367,1.3093988251468522,-0.0002559231770970639,0.0035979011419708606,-0.0011441102159508443
2024-03-13,1.35334211503653,1.337533270089973,1.308773903262088,-0.0002791370159307384,-0.0016527235070747715,-0.00047725862644965034
2024-03-14,1.3537188371263376,1.337333657236388,1.3090238720159937,0.0002783642699227597,-0.00014923954270787965,0.00019099460440230587
2024-03-15,1.3544021152831123,1.3438003187299885,1.3093988251468522,0.0005047415593515041,0.004835488480087846,0.00028643719864418493
2024-03-18,1.3545801270339557,1.347582227609259,1.3103362079739989,0.00013143197934701965,0.0028143384300168494,0.0007158879396744755
2024-03-19,1.3555717469302064,1.3451831420148397,1.3113985751780983,0.0007320496414059114,-0.0017802888352686618,0.0008107592521937601
2024-03-20,1.3562060829385052,1.3500584716143627,1.3118360204974333,0.00046794720363213353,0.0036242868701287234,0.0003335715987609067
2024-03-21,1.3575929403679405,1.3516282817928353,1.311461067366575,0.0010226008029919046,0.0011627719920867864,-0.0002858231707315584
2024-03-22,1.3574317371779419,1.3428139917846422,1.3125234345706744,-0.00011874191829178279,-0.0065212382183225,0.0008100638520918135
2024-03-25,1.357577013947965,1.3364839087585796,1.3122734658167687,0.0001070232602084292,-0.004714043095164422,-0.00019044898347853056
2024-03-26,1.35742946640509,1.337756830945954,1.3115235595550514,-0.00010868447341035164,0.0009524410874176992,-0.000571455783608732
2024-03-27,1.3577128538949943,1.327139530638721,1.3116485439320043,0.00020876774588867792,-0.00793664443464318,9.529708867384024e-05
2024-03-28,1.3588025331267752,1.335830240743394,1.3123359580052452,0.0008025844556561935,0.00654845244530573,0.0005240840440230432
2024-03-29,1.3608776393502928,1.3458668700229675,1.3128983877015332,0.0015271580475659744,0.007513401758286386,0.0004285714285714448
2024-04-01,1.3614745352948932,1.3567248805662582,1.3126484189476275,0.0004386110311030109,0.008067670573617325,-0.00019039459279357462
2024-04-02,1.3616455435623167,1.3548758643226697,1.3129608798900094,0.0001256051898074077,-0.0013628527567185022,0.00023803856224691167
2024-04-03,1.363225097803576,1.3575369718274906,1.3138357705286796,0.0011600333498884485,0.0019640969146285992,0.0006663493574488033
2024-04-08,1.3649091070272588,1.3537228886642272,1.3134608173978208,0.0012353126614204027,-0.0028095611702780078,-0.0002853881278539472
2024-04-09,1.3665395079201623,1.358792427337779,1.3155855518060198,0.001194512429076398,0.003744886576124995,0.0016176610524312185
2024-04-10,1.36710508603741,1.3511137225326622,1.3169603799525014,0.0004138761550397338,-0.005651124226649684,0.001045031350940473
2024-04-11,1.3682925830336292,1.353959999990457,1.3195225596800355,0.0008686215919663796,0.0021066157573024547,0.0019455252918287869
2024-04-12,1.3713158001430952,1.3525561161987067,1.3224596925384282,0.002209481471253178,-0.001036872427368707,0.002225905754203117
2024-04-15,1.370161845147329,1.3535978296988485,1.322272215972999,-0.0008414947130673334,0.0007701813534135904,-0.0001417635384178828
2024-04-16,1.3704146181824302,1.3423705367331107,1.3222097237845225,0.00018448407098498748,-0.00829440822037637,-4.726121272269346e-05
2024-04-17,1.370995290985828,1.3552455185284096,1.322709661292334,0.00042372052639666767,0.009591227938175951,0.0003781075716040583
2024-04-18,1.3711376338601169,1.3516371550160706,1.3237720284964336,0.00010382448081674777,-0.002662516468792431,0.0008031749031467417
2024-04-19,1.371629020031414,1.3495459067420335,1.3242094738157686,0.0003583784436825358,-0.0015471964989097198,0.00033045366567518997
2024-04-22,1.3710634509756867,1.3418021096187918,1.3252093488313914,-0.00041233383623988644,-0.005738076107344958,0.0007550731477110606
2024-04-23,1.370058397938029,1.337296339761817,1.32558430196225,-0.0007330463349034249,-0.003357998787358374,0.00028293879090823815
2024-04-24,1.3710721746900363,1.346798684466828,1.3251468566429148,0.0007399514893181839,0.007105638759696009,-0.00033000188572507305
2024-04-25,1.370998424410695,1.346894446085953,1.3250843644544381,-5.379022395954447e-05,7.110314275579065e-05,-4.715868898852449e-05
2024-04-26,1.3718665103014158,1.3598403824438423,1.3246469191351031,0.0006331778908455803,0.009611693325716575,-0.0003301263912468544
2024-04-29,1.3713328468500854,1.3667564676258752,1.3233345831770977,-0.0003890053786742909,0.00508595366877086,-0.000990706232014027
2024-04-30,1.3709364393769619,1.36066751290976,1.3238970128733856,-0.0002890672924767602,-0.004455039987256837,0.0004250094446542896
2024-05-06,1.3726321820251646,1.368765604954051,1.324771903512056,0.0012369228794979303,0.005951558310504179,0.0006608449374558845
2024-05-07,1.3733656129246634,1.370253867528243,1.3255218097737733,0.0005343244236170152,0.0010873027264896584,0.0005660644370018009
2024-05-08,1.3732029795563745,1.3626818196877373,1.3254593175852967,-0.00011841957215059794,-0.0055260182218384805,-4.7145349111432644e-05
2024-05-09,1.373601762686359,1.3723065563036658,1.325084364454438,0.00029040362999593493,0.0070630843362495584,-0.00028288543140031486
2024-05-10,1.3750142409776842,1.3762301394165368,1.3245844269466265,0.0010283026199405078,0.0028591156216868805,-0.00037728730428210344
2024-05-13,1.3753596836531279,1.3709282869470594,1.3260217472815847,0.0002512284346946406,-0.003852446126289044,0.0010851103981883714
2024-05-14,1.375786722575793,1.3716588688035936,1.326771653543302,0.00031049254078093473,0.0005329103378275746,0.0005655308921250768
2024-05-15,1.3768599217208435,1.3684012469407207,1.3270841144856842,0.0007800621473080824,-0.002374950461053138,0.00023550468654320866
2024-05-16,1.3773862947596787,1.3700619519178105,1.3269591301087313,0.00038229963014479724,0.001213609663687798,-9.417969485780997e-05
2024-05-17,1.377702962420351,1.3786853432645396,1.326771653543302,0.00022990475647766123,0.006294161614121318,-0.00014128284826220305
2024-05-20,1.3800273631231792,1.3860703462365158,1.3277090363704487,0.0016871566413306656,0.0053565543494424,0.000706514059629848
2024-05-21,1.379137360892132,1.3786863427008347,1.3271466066741606,-0.000644916365305204,-0.00532729349252028,-0.00042360914995764887
2024-05-22,1.379583201168097,1.3776046892875582,1.3281464816897837,0.000323274743044222,-0.0007845536579099699,0.000753402081273169
2024-05-23,1.3781358801277477,1.36294601664875,1.3286464191975953,-0.0010491002203592869,-0.010640695950584445,0.00037641744694871804
2024-05-24,1.377391845031233,1.3558216488748782,1.327646544181972,-0.0005398851501099191,-0.0052271826520241425,-0.0007525516203378269
2024-05-27,1.3780937984641302,1.3638332629200012,1.3279590051243542,0.0005096250826729594,0.005909047146261104,0.0002353494939986156
2024-05-28,1.3787107160493803,1.3605014231095356,1.3289588801399772,0.00044766008376046515,-0.0024429964432249873,0.0007529411764706229
2024-05-29,1.379287378376525,1.3631576266437544,1.329521309836265,0.00041826201858854534,0.0019523710075567747,0.0004232107589579037
2024-05-30,1.3788807606752065,1.356550106246356,1.3299587551556002,-0.00029480274212109476,-0.0048472166888482325,0.0003290246768508087
2024-05-31,1.3788839000640931,1.3555468931197203,1.3291463567054065,2.27676603809353e-06,-0.0007395326733722785,-0.0006108448454092974
2024-06-03,1.3782383571915264,1.3497747873800419,1.329208848893883,-0.00046816332581493727,-0.004258138002436895,4.7016784992193195e-05
2024-06-04,1.3786453870135544,1.3503689094714995,1.3297712785901707,0.00029532614580356583,0.0004401638680855746,0.00042313117066283823
2024-06-05,1.3791911287396048,1.3457540644242179,1.3303962004749352,0.0003958535901916345,-0.003417469859468092,0.00046994689600077244
2024-06-06,1.379898991834918,1.3446973662163697,1.3306461692288412,0.0005132451047304886,-0.0007852090034743964,0.0001878904598620057
2024-06-07,1.380190664238634,1.3452429934010204,1.3307086614173174,0.00021137228553812267,0.0004057620683721619,4.696379091706504e-05
2024-06-11,1.3805378360924099,1.3436780580256527,1.3318960129983697,0.0002515390538216324,-0.0011633105565644452,0.0008922701230393848
2024-06-12,1.38143794710462,1.348631470702743,1.3318960129983697,0.000652000248510481,0.003686457963277723,0.0
2024-06-13,1.3815586840075358,1.345182953057657,1.332083489563799,8.73994399594977e-05,-0.002557049661082811,0.00014075916107536557
2024-06-14,1.3819247362120044,1.3468003543541436,1.3327084114485632,0.0002649559578656343,0.0012023652937397044,0.0004691311690747657
2024-06-17,1.3824546857511901,1.34673331538932,1.3329583802024692,0.0003834865425726716,-4.977646806141323e-05,0.00018756447528844866
2024-06-18,1.3834560364241548,1.352128752625481,1.333958255218092,0.0007243280255659599,0.004006314520110865,0.0007501172058133054
2024-06-19,1.3836760902771719,1.3483583348285753,1.3343332083489508,0.00015906096559882468,-0.002788505007074715,0.0002810831069053332
2024-06-20,1.3837692864849807,1.342665939006084,1.3350206224221914,6.735406390544157e-05,-0.0042217233175000255,0.0005151742225550926
2024-06-21,1.383604835461295,1.3416205598350488,1.3350206224221914,-0.00011884280514952599,-0.0007785847102139809,0.0
2024-06-24,1.3827045878787256,1.3295622823394448,1.3355830521184793,-0.0006506536834046687,-0.008987844891916874,0.00042128914478301027
2024-06-25,1.3836913561334052,1.3284411262554923,1.336395450568673,0.0007136508140133998,-0.000843252022748342,0.0006082725060827521
2024-06-26,1.3844910147738672,1.3361508919978302,1.3366454193225787,0.0005779169154432078,0.005803618685059642,0.00018704699555760484
2024-06-27,1.3844596397365432,1.3274686557974393,1.3370203724534373,-2.266178472034915e-05,-0.006497945892480128,0.000280518023282994
2024-06-28,1.385675750572682,1.3330987299839765,1.3382077240344896,0.0008784010752167822,0.0042412106394747575,0.0008880579574666037
2024-07-01,1.3860175906563672,1.337855022776383,1.3377077865266782,0.00024669558050933213,0.003567847366011445,-0.00037358737274673093
2024-07-02,1.3865821892664891,1.3385446735633824,1.337832770903631,0.00040735313456918506,0.0005154899262314938,9.343174810805266e-05
2024-07-03,1.3869493642946622,1.3373430940520301,1.3381452318460132,0.0002648058160672856,-0.0008976760619826662,0.00023355754857989908
2024-07-04,1.3867340644092472,1.3304234494811396,1.3380827396575368,-0.00015523269339001998,-0.005174173031338325,-4.670060243772145e-05
2024-07-05,1.387139963195869,1.33264742787981,1.337832770903631,0.00029270124462867,0.0016716319902042032,-0.0001868111339435874
2024-07-08,1.3866438067202576,1.32286538438606,1.3375203099612487,-0.00035768306643570516,-0.007340308688632458,-0.0002335575485800101
2024-07-09,1.3870545132529348,1.3308148021905628,1.3377702787151544,0.00029618747849075846,0.006009241679713295,0.00018688968836144682
2024-07-10,1.3875563065511318,1.3277552466302567,1.3381452318460132,0.00036176898124938567,-0.002299009265053331,0.0002802821506984188
2024-07-11,1.3879437491154885,1.3389612319841437,1.3378952630921075,0.0002792265528451058,0.008439797456893383,-0.00018680240975099682
2024-07-12,1.3887031529943779,1.339866324317878,1.3388951381077303,0.0005471431240446694,0.0006759660489895402,0.0007473492456442354
2024-07-15,1.3889991908927142,1.337047774394435,1.3394575678040181,0.00021317579476791317,-0.002103605316655821,0.0004200700116685496
2024-07-16,1.3894579871193269,1.3396866781216166,1.3393325834270653,0.0003303070510199941,0.0019736794583701256,-9.330969487730822e-05
2024-07-17,1.3889659207583993,1.3354214710231507,1.3397075365579239,-0.0003541426696518404,-0.003183734800174365,0.00027995520716683764
2024-07-18,1.388714313872813,1.3393312821692427,1.339332583427065,-0.00018114691068075436,0.002927773164450187,-0.00027987685418418007
2024-07-19,1.387989028485665,1.3348287043626343,1.3399575053118293,-0.0005222711250993761,-0.0033618103799650132,0.0004665920119446554
2024-07-22,1.3887679511984317,1.3303632025035095,1.3413948256467874,0.0005611879465764654,-0.003345374462303763,0.0010726611323570445
2024-07-23,1.3883796448568233,1.3149691732340354,1.3419572553430754,-0.0002796049125940824,-0.011571298154147003,0.00041928721174011585
2024-07-24,1.3873114227024395,1.3068169430922425,1.3422697162854575,-0.0007694020568084209,-0.006199559889106143,0.000232839713141475
2024-07-25,1.3865959523395668,1.3002937306848577,1.3427696537932692,-0.00051572440849583,-0.004991680312890212,0.00037245681828768085
2024-07-26,1.3884003735140897,1.308834283769986,1.3437070366204158,0.001301331632678259,0.006568172162631347,0.0006980965234792968
2024-07-29,1.3893824027661523,1.3062809455292905,1.3447069116360388,0.0007073098443332083,-0.0019508491429035657,0.0007441168263417897
2024-07-30,1.389614438313223,1.3015497994192402,1.3461442319709969,0.00016700625156090265,-0.003621844233617999,0.0010688725718002168
2024-07-31,1.3914771969917208,1.3229071107773964,1.3464566929133792,0.0013404859845575915,0.016409138834093097,0.0002321155006732578
2024-08-01,1.3917653380553496,1.322326912727335,1.3472065991750966,0.0002070756633683478,-0.00043857807198615094,0.000556947925369089
2024-08-02,1.3911126181185578,1.3118784693084133,1.347831521059861,-0.00046898706193086433,-0.007901558471173664,0.0004638649225345848
2024-08-05,1.3892892143476254,1.2874914322721418,1.3496437945256776,-0.0013107520895026593,-0.018589402606117734,0.001344584569732854
2024-08-06,1.3891103950927477,1.2905134641394096,1.348706411698531,-0.00012871276407471686,0.0023472248370108193,-0.0006945409084595511
2024-08-07,1.3896951613847248,1.2893970535179253,1.3500187476565362,0.00042096459290994463,-0.000865090254776113,0.0009730330831247969
2024-08-08,1.3906165979829477,1.294355959910377,1.349393825771772,0.000663049439781331,0.0038459110627886094,-0.00046289867148074926
2024-08-09,1.3910320315344198,1.2954833048978205,1.3490188726409134,0.0002987405386031708,0.0008709698277448163,-0.00027786782753669304
2024-08-12,1.390495467813061,1.2962851138054734,1.3470191226096673,-0.0003857306727631199,0.0006189264690804386,-0.0014823736508082774
2024-08-13,1.392080250544861,1.3035753343152754,1.347706536682908,0.0011397252047808787,0.005623932908093177,0.000510322430990362
2024-08-14,1.3924818736133322,1.2974572551192725,1.3489563804524367,0.00028850568658958444,-0.00469330696504523,0.0009273856997125129
2024-08-15,1.3925818488956352,1.3022666022740148,1.3482064741907194,7.179646945329823e-05,0.003706748053368625,-0.0005559158713981383
2024-08-16,1.392522833116254,1.301013569438531,1.3489563804524367,-4.237867916206084e-05,-0.0009621937883500075,0.0005562250857513718
2024-08-19,1.393897842655106,1.303363443871087,1.3497062867141536,0.0009874233342193164,0.0018061874893204322,0.0005559158713979162
2024-08-20,1.3935467904794034,1.2930771382669048,1.350456192975871,-0.0002518492854784163,-0.007892123760684244,0.0005556070006482727
2024-08-21,1.3937560155255473,1.2917286766582772,1.3502062242219652,0.0001501385153144494,-0.0010428315285466948,-0.00018509949097633704
2024-08-22,1.3933000667504256,1.2840868870018933,1.3510186226721588,-0.0003271367226707487,-0.0059159402392096935,0.0006016847172081174
2024-08-23,1.3938021831139487,1.2885681521910417,1.3512685914260645,0.0003603792000771576,0.0034898457686233344,0.00018502243397011675
2024-08-26,1.3949473208976546,1.2946218539922962,1.3517060367454,0.0008215927608518321,0.004698006691350398,0.00032372936225333326
2024-08-27,1.3946476420788831,1.2923676615042885,1.3512060992375883,-0.00021483163864467777,-0.00174119761771091,-0.00036985668053635123
2024-08-28,1.3945239882497702,1.2878246752239197,1.3516435445569233,-8.86631328101232e-05,-0.0035152429263673344,0.00032374433447412976
2024-08-29,1.3947988638643352,1.2886041526228766,1.3515810523684468,0.00019711071080974224,0.0006052667059057825,-4.623422257155063e-05
2024-08-30,1.3958721991762413,1.3004126881996636,1.3515810523684468,0.000769526947371106,0.009163819278986107,0.0
2024-09-02,1.3959033103145524,1.285339469530917,1.3527684039494992,2.2287956110457068e-05,-0.011591103966860384,0.0008784908452006412
2024-09-03,1.3954646583818215,1.2877330363376998,1.3527059117610227,-0.00031424234722389596,0.0018622059491070985,-4.619577770592631e-05
2024-09-04,1.3953867093062255,1.2774437867924149,1.3532058492688341,-5.585886760204921e-05,-0.007990203912565242,0.0003695832948349409
2024-09-05,1.3963881453862335,1.2804200339791767,1.3540182477190277,0.0007176763784040462,0.0023298459137955363,0.0006003509744156865
2024-09-06,1.3958538355173686,1.272762894950368,1.354205724284457,-0.000382637070237445,-0.005980177461775915,0.00013845940831669346
2024-09-09,1.3961065200216725,1.265374345970706,1.354955630546174,0.00018102504565609378,-0.005805126004989325,0.0005537609598522675
2024-09-10,1.3968059138641555,1.2663942249755218,1.3563304586926557,0.0005009602293615124,0.0008059899491904444,0.0010146665436767677
2024-09-11,1.3976813053232986,1.2653120086202811,1.3575803024621846,0.0006267094450661606,-0.0008545651376936858,0.0009214891264284208
2024-09-12,1.3981044252868895,1.2661668419808452,1.3579552555930434,0.00030272992990572025,0.0006755909647109704,0.0002761922297920272
2024-09-13,1.3989120613089914,1.264865346854488,1.3588301462317136,0.0005776650209344666,-0.0010279017608147202,0.0006442705936493542
2024-09-18,1.4000034914091595,1.2656537437885071,1.361267341582295,0.0007801992207766206,0.0006233050308316779,0.001793598233995608
2024-09-19,1.4016820469712044,1.2763375631487455,1.3626421697287767,0.0011989652685476567,0.008441344572061481,0.0010099618968921753
2024-09-20,1.4023348084673264,1.2770204245009522,1.363517060367447,0.0004656986921768096,0.0005350162620944898,0.0006420545746388395
2024-09-23,1.4030848864571186,1.279993308449985,1.364079490063735,0.0005348779658490185,0.002327984652394632,0.0004124845318300707
2024-09-24,1.4044735588182717,1.3054169582642057,1.3631421072365884,0.0009897279733799788,0.019862330253122763,-0.0006871907641561315
2024-09-25,1.4051831495432483,1.314874280610209,1.3632045994250646,0.0005052360868749508,0.007244675569848913,4.584422133580013e-05
2024-09-26,1.4067578403786896,1.3375565091867578,1.3632045994250646,0.0011206303149544881,0.01725049224175449,0.0
2024-09-27,1.4061715269577602,1.3630550648709807,1.359705036870384,-0.00041678347481009743,0.019063535266802534,-0.0025671587054184597
2024-09-30,1.406880791963804,1.421733503329441,1.3557680289963683,0.0005043943732657267,0.04304920613314646,-0.002895486717529261
2024-10-08,1.4092342447841513,1.4701670016506343,1.3557680289963683,0.0016728160863310599,0.034066509797913036,0.0
2024-10-09,1.4060523612730556,1.4160838076407423,1.3560804899387504,-0.0022578812024136763,-0.03678710918499047,0.00023046784973490553
2024-10-10,1.407423881453368,1.4198667620663148,1.3583927009123788,0.0009754403307360658,0.0026714198730053095,0.0017050691244240301
2024-10-11,1.4077660234989071,1.4058804535566192,1.3597675290588604,0.00024309808157152934,-0.009850437296906355,0.0010120991857200945
2024-10-14,1.4094959682321626,1.423184081729287,1.3596425446819074,0.0012288581372038052,0.012308036667621735,-9.191598878632856e-05
2024-10-15,1.4090225707447357,1.403396553057776,1.3599550056242895,-0.00033586295959437567,-0.013903702919068072,0.00022981109527964172
2024-10-16,1.4098625035074703,1.4032975860676993,1.3598300212473367,0.0005961102257507914,-7.051961889260605e-05,-9.19033177098072e-05
2024-10-17,1.4099483281362772,1.397744739132307,1.3600799900012426,6.087446725729454e-05,-0.003956998850794269,0.00018382352941181956
2024-10-18,1.411471752040927,1.422574181523474,1.360392450943625,0.001080482081682843,0.017763931922634656,0.0002297371806654347
2024-10-21,1.4122483522379186,1.427049879011891,1.3603299587551485,0.0005502059788788185,0.00314619620301545,-4.5936882723141004e-05
2024-10-22,1.412525668535343,1.43211143086909,1.3603299587551485,0.00019636510602751982,0.003546864010600348,0.0
2024-10-23,1.4121880207498532,1.4375006079777062,1.359017622797143,-0.0002390383360890358,0.003763099010630655,-0.0009647188533628004
2024-10-24,1.41157107966083,1.4300467827451586,1.3590801149856195,-0.00043686894376538223,-0.005185267533927296,4.5983354025835865e-05
2024-10-25,1.41193266300744,1.4356264141956445,1.3585176852893317,0.0002561566695577233,0.003901712529834289,-0.0004138311568879782
2024-10-28,1.4123335114118187,1.4381365160884545,1.3584551931008553,0.0002839005108961225,0.0017484366879780056,-4.600027600165646e-05
2024-10-29,1.4123568433876634,1.428859997440901,1.3587676540432376,1.652016018616131e-05,-0.006450374177817475,0.0002300119606220008
2024-10-30,1.4124783898871256,1.4291665497408295,1.3590801149856195,8.605934118646371e-05,0.0002145432725930152,0.00022995906728584536
2024-10-31,1.4117461246710719,1.4322013729314593,1.359017622797143,-0.0005184257835706182,0.002123491619069928,-4.5981239654158124e-05
2024-11-01,1.4120439382372187,1.4286400252526463,1.3600799900012424,0.000210954052532824,-0.002486624957999817,0.0007817170184392097
2024-11-04,1.4124304989591807,1.4366730753822408,1.360454943132101,0.0002737596979060575,0.005622865093797158,0.0002756846167983884
2024-11-05,1.4141472634601757,1.4568113683895303,1.3615173103362006,0.0012154683025182105,0.014017310794198235,0.0007808911345890124
2024-11-06,1.4158763562512264,1.4585632720709778,1.362829646294206,0.0012227105590261454,0.0012025604134213608,0.0009638775416533907
2024-11-07,1.4164132236223914,1.4752424877001498,1.363267091613541,0.00037917673304922424,0.011435373390068703,0.00032098312545847385
2024-11-08,1.4171386118990532,1.4722851428939934,1.3640794900637347,0.000512130404153218,-0.0020046499682684904,0.0005959202383680751
2024-11-11,1.4180085345162943,1.4791602801046502,1.3641419822522112,0.0006138585244496622,0.004669704943936703,4.581271761039396e-05
2024-11-12,1.4175687366207896,1.4651674913953745,1.365079365079358,-0.0003101517972560193,-0.009459954338610011,0.0006871592835220319
2024-11-13,1.4176937147122382,1.4672658897297848,1.3652668416447873,8.816369056394098e-05,0.001432190071601791,0.0001373374839772623
2024-11-14,1.4159829163142343,1.4490770016242838,1.3647044119484995,-0.0012067475366857028,-0.012396449909191708,-0.0004119558749484664
2024-11-15,1.4153154790202243,1.4342273515279382,1.3652668416447873,-0.0004713597080304411,-0.010247661152375197,0.0004121256525322359
2024-11-18,1.4155641987114962,1.4291574259634956,1.3650168728908816,0.00017573445281903195,-0.003534952501806199,-0.00018309149997708385
2024-11-19,1.4169448793685162,1.4425029969474257,1.365516810398693,0.0009753571461305942,0.009338069229800117,0.0003662500572265692
2024-11-20,1.4179882721239627,1.4484791556309247,1.3667666541682217,0.0007363679213205087,0.004142909024206798,0.000915289918081541
2024-11-21,1.4191615731217,1.45171356652253,1.367641544806892,0.0008274405513804927,0.0022329702702531874,0.0006401170499747977
2024-11-22,1.419403093842351,1.436151855604251,1.3678915135607976,0.00017018549911805168,-0.010719546387897927,0.00018277358921636733
2024-11-25,1.4195592124291854,1.433397870197787,1.3685789276340385,0.00010998890132874381,-0.001917614349566954,0.0005025355201242476
2024-11-26,1.4197183404087728,1.4269706074793844,1.3691413573303266,0.00011209675383328001,-0.004483934887886831,0.0004109589041096928
2024-11-27,1.4205430647689001,1.4395780477969013,1.3695163104611854,0.000580907026875516,0.008835108622024645,0.00027386005751073306
2024-11-28,1.4207200599001606,1.4342154567999896,1.369891263592044,0.00012459680783369342,-0.0037251130670674093,0.00027378507871311797
2024-11-29,1.4221632685858532,1.44565761734856,1.3707661542307141,0.0010158290337604168,0.007977992772508657,0.000638656995574971
2024-12-02,1.423555020829952,1.4529164540788098,1.3728283964504366,0.0009786163620178932,0.00502113131293358,0.001504444950991557
2024-12-03,1.4242434994962725,1.4550932898243565,1.3731408573928188,0.00048363333783834266,0.0014982525247308586,0.00022760378732700204
2024-12-04,1.4249213908750964,1.45317986043626,1.374453193350824,0.0004759659279214439,-0.0013149874317182064,0.0009557183816502057
2024-12-05,1.4254133143498522,1.4520451807573778,1.3750781152355884,0.00034522850025695613,-0.0007808253539528965,0.00045466945530603375
2024-12-06,1.4258536272390196,1.4585751611756095,1.3749531308586358,0.000308901905668065,0.004497091760482019,-9.089256498806542e-05
2024-12-09,1.4262690980391568,1.4568826747922499,1.375453068366447,0.00029138390659486356,-0.001160369673370376,0.0003636033087899282
2024-12-10,1.4285386158713753,1.4631747782657045,1.379140107486557,0.0015912269538326806,0.004318881391291196,0.0026805997273966486
2024-12-11,1.4303964243693184,1.4711651958297653,1.3803899512560858,0.0013004958195054475,0.0054610137372186895,0.0009062485839865797
2024-12-12,1.431526986242158,1.4805095714400038,1.3815148106486617,0.0007903835982659504,0.00635168343890038,0.0008148852369957993
2024-12-13,1.4320991478738134,1.4666092362136625,1.3840144981877192,0.0003996862351560029,-0.009388885755612841,0.0018093816438231602
2024-12-16,1.4331162814250085,1.4616429779448727,1.386701662292206,0.0007102396176306443,-0.003386217777825451,0.0019415722219713327
2024-12-17,1.4326453532436985,1.4562635633434033,1.3866391701037293,-0.00032860430616398753,-0.003680388906621412,-4.506534475001711e-05
2024-12-18,1.43128383116832,1.4540724172921526,1.3860767404074414,-0.0009503552796899994,-0.0015046356349258771,-0.00040560638154030215
2024-12-19,1.430880620245748,1.4534358902570235,1.3857017872765829,-0.0002817127628996364,-0.00043775470021958365,-0.00027051397655541987
2024-12-20,1.4326908691136464,1.4549691315096802,1.3878890138732582,0.001265129209442862,0.0010549080719244764,0.0015784251826462814
2024-12-23,1.4337517232181423,1.453140437081514,1.3888888888888813,0.0007404626687905432,-0.0012568613234211878,0.0007204286550497319
2024-12-24,1.434392586587834,1.4614334645091522,1.3889513810773577,0.00044698350440556026,0.005706969000390494,4.4994375703044653e-05
2024-12-25,1.434199288473848,1.4607006338966946,1.388576427946499,-0.0001347595601046175,-0.0005014464429988319,-0.0002699541078017287
2024-12-26,1.434426665577152,1.4634295104990016,1.3883264591925932,0.00015853940601657103,0.0018681970411877137,-0.00018001800180011962
2024-12-27,1.4353091157042228,1.462268356959218,1.390263717035363,0.0006151936158518403,-0.0007934468530619964,0.0013953907093986473
2024-12-30,1.4351424250156908,1.4625599622327297,1.3900137482814572,-0.00011613574156837646,0.00019941980698950923,-0.00017979952353119888
2024-12-31,1.435128603324127,1.451158927699857,1.3910761154855567,-9.630884937136225e-06,-0.007795259563558565,0.0007642853931573157
2025-01-02,1.4363419471082317,1.4347576263230615,1.394388201474808,0.0008454599687402933,-0.011302208919868129,0.0023809523809523725
2025-01-03,1.43751861895745,1.4300698896126762,1.3960129983751954,0.0008192142905713866,-0.0032672673240279225,0.001165239994622036
2025-01-06,1.4380772891429285,1.43012728422745,1.397075365579295,0.0003886350953031716,4.0134132737679185e-05,0.0007610009400600415
2025-01-07,1.4383208838665162,1.436033971729792,1.3967004124484363,0.00016938917360476174,0.004130183073552817,-0.00026838432635534204
2025-01-08,1.4386736230357418,1.437551448638593,1.3968253968253894,0.00024524372355443216,0.001056713795546782,8.94854586130922e-05
2025-01-09,1.438703115910114,1.435380833122117,1.3959505061867192,2.050004524997584e-05,-0.0015099393614966927,-0.0006263421617752618
2025-01-10,1.4378846424813878,1.4271161762837443,1.395075615548049,-0.0005688966817927799,-0.005757814684201989,-0.0006267347121496902
2025-01-13,1.43818463567158,1.4339865066058568,1.3952630921134783,0.0002086350888861448,0.004814135272436737,0.00013438451890346315
2025-01-14,1.4386418811501458,1.4510283710680014,1.3948881389826198,0.0003179323900594593,0.011884257197427495,-0.00026873292426210504
2025-01-15,1.4401382082342977,1.4555359605362983,1.3962629671291014,0.0010400969857458833,0.0031064792103128957,0.000985618923883269
2025-01-16,1.4399631851509092,1.4580116310426274,1.396075490563672,-0.00012153214350392371,0.0017008652300263716,-0.00013427024123890963
2025-01-17,1.4406426633299905,1.4625168211345794,1.3959505061867192,0.000471871910398916,0.0030899548371436047,-8.952551477170445e-05
2025-01-20,1.4410680056880443,1.4633927349937652,1.3958255218097664,0.0002952448715287857,0.0005989085708474118,-8.953353030705102e-05
2025-01-21,1.4418153174768693,1.4659656391482327,1.3960129983751954,0.0005185819030574279,0.0017581774823274277,0.00013431232091676293
2025-01-22,1.442465703865581,1.4622206488794443,1.3968878890138656,0.00045108855539835056,-0.0025546234978361393,0.0006267066565199819
2025-01-23,1.442429154714055,1.4608385452351662,1.3965129358830068,-2.533796916485547e-05,-0.0009452086764997869,-0.00026842034626228806
2025-01-24,1.4427956576555927,1.467156748289604,1.3962004749406245,0.0002540873084406465,0.004325052261966866,-0.00022374367924116179
2025-01-27,1.4432160312213276,1.4594337075925559,1.3980752405949177,0.0002913604317453118,-0.005263950635166559,0.0013427625100708163
2025-02-05,1.446012752942929,1.4667941336658121,1.399825021872258,0.0019378399775912586,0.005043343890828711,0.0012515644555695093
2025-02-06,1.447342006134363,1.4770198441108073,1.4011998500187397,0.0009192541274126163,0.0069714694177560824,0.0009821428571428203
2025-02-07,1.4478635964998428,1.48589866143433,1.4013248343956926,0.0003603781022517199,0.006011305372046494,8.919810900009928e-05
2025-02-10,1.448814490386928,1.4943577049408432,1.401137357830263,0.000656756540729339,0.005692880494520125,-0.00013378523011065013
2025-02-11,1.4492789661998973,1.4963159208066221,1.4013248343956923,0.00032059025917480867,0.0013104063768027085,0.00013380313099320418
2025-02-12,1.449730194203519,1.503171702771206,1.4017622797150273,0.0003113465482804324,0.004581774389520721,0.0003121655369247023
2025-02-13,1.4493267744451985,1.4884349374934729,1.4016997875265509,-0.0002782723019314475,-0.009803780400179684,-4.4581160001722075e-05
2025-02-14,1.4493648924214315,1.4944640130655291,1.40101237345331,2.6300470608294222e-05,0.004050614118349893,-0.0004904146232724838
2025-02-17,1.448705783225994,1.4909036239853457,1.4003874515685455,-0.00045475725187219386,-0.0023823852893454013,-0.00044605022525534554
2025-02-18,1.448005723114059,1.484515881748452,1.399012623422064,-0.00048323139179861307,-0.004284476966940698,-0.000981748404658811
2025-02-19,1.4491000270850576,1.4962126722222155,1.3989501312335875,0.0007557317996265583,0.007879195243089577,-4.466878098896565e-05
2025-02-20,1.4488772270580415,1.4960918222393698,1.3981377327833937,-0.00015375061959262425,-8.07705917010182e-05,-0.0005807200929153211
2025-02-21,1.4483037412426603,1.5016584638298858,1.3970753655792942,-0.00039581394798071786,0.003720788729520552,-0.000759844455370251
2025-02-24,1.4469757286028806,1.495814515913328,1.3947006624171896,-0.0009169434573442999,-0.003891662490053194,-0.0016997674002504626
2025-02-25,1.4472480897069138,1.491084995836493,1.3954505686789072,0.00018822783177992647,-0.0031618359271953,0.0005376825880456515
2025-02-26,1.4475603404984445,1.4940667565770143,1.3956380452443367,0.00021575484794320623,0.0019997255346590804,0.00013434841021053856
2025-02-27,1.446484301350572,1.4903597585706545,1.3947631546056665,-0.0007433466624969854,-0.002481146167024406,-0.0006268750279855295
2025-02-28,1.445778659204946,1.47583343082652,1.394950631171096,-0.0004878325640776641,-0.009746859884398773,0.00013441462431118545
2025-03-03,1.4455741406248002,1.4725104474562853,1.396137982752148,-0.00014145912228231825,-0.002251597843513797,0.0008511782098377108
2025-03-04,1.445668150640865,1.4702599540102357,1.3960754905636716,6.503299514216835e-05,-0.0015283378463883611,-4.476075377102262e-05
2025-03-05,1.446958165312585,1.4759916163910394,1.396700412448436,0.0008923311142656909,0.0038984006638896227,0.00044762757385852225
2025-03-06,1.446834504816988,1.481798248430976,1.3959505061867186,-8.546238485777506e-05,0.003934054892625017,-0.0005369127516778871
2025-03-07,1.4462038716182077,1.4812066529292676,1.394013248343949,-0.0004358709974642567,-0.0003992415987363773,-0.001387769719760068
2025-03-10,1.4453578146664703,1.4792300563782368,1.3933258342707082,-0.0005850191444936417,-0.0013344502248365032,-0.0004931187519612301
2025-03-11,1.4435370330738742,1.4779591718350489,1.3907636545431743,-0.001259744524241828,-0.0008591527313199454,-0.0018388948690347684
2025-03-12,1.4436734387251131,1.4777848608850936,1.390576177977745,9.449404352909817e-05,-0.00011794030124581134,-0.0001348011682767991
2025-03-13,1.4432969700751368,1.4731992487605354,1.3910761154855564,-0.0002607713350387602,-0.003103030925497308,0.00035951824555091605
2025-03-14,1.4450736982952674,1.4922521947148482,1.3906386701662214,0.0012310205432207047,0.012933040775267069,-0.00031446540880497587
2025-03-17,1.4447842357748495,1.4949995144652517,1.3888263967004046,-0.0002003098670742299,0.0018410559288395522,-0.0013031950748213506
2025-03-18,1.4445452492525954,1.4968850826577365,1.388451443569546,-0.00016541329586547033,0.0012612500366993684,-0.0002699784017278217
2025-03-19,1.4444142229884287,1.494868978506929,1.387451568553923,-9.070416052001025e-05,-0.001346866352110332,-0.0007201368259969199
2025-03-20,1.4451246532065463,1.4932494302248003,1.3894513185851691,0.0004918465955340068,-0.0010834048370888748,0.0014413115935500986
2025-03-21,1.4445369529579999,1.4836531160932098,1.3901387326584098,-0.0004066778926249534,-0.006426464284768419,0.0004947377889716886
2025-03-24,1.4448228321423935,1.4862708590465166,1.3898262717160277,0.00019790368381244689,0.0017643901562380826,-0.0002247696111484787
2025-03-25,1.4456738284033581,1.4861899153531877,1.39101362329708,0.0005889969635258727,-5.4460930076261074e-05,0.0008543165467624902
2025-03-26,1.4462151519208484,1.485959223532216,1.3920759905011793,0.0003744437416343197,-0.00015522364846396464,0.0007637360168919471
2025-03-27,1.4467197207682259,1.486830728588992,1.392888388951373,0.0003488891999970998,0.000586493251614495,0.0005835877177231552
2025-03-28,1.446356283170145,1.4826777471625392,1.3929508811398494,-0.0002512149332475191,-0.0027931770218347363,4.4865180133690785e-05
2025-03-31,1.4464125753104224,1.478646213604597,1.392888388951373,3.89199680137826e-05,-0.002719089542995745,-4.4863167339648236e-05
2025-04-01,1.4470119096249991,1.4876563504094324,1.392700912385944,0.0004143591702720574,0.0060935041269072785,-0.00013459554040096133
2025-04-02,1.4479242739111204,1.487757165911414,1.3940757405324256,0.000630516086324252,6.776800432017893e-05,0.000987166831194486
2025-04-03,1.4482975088915457,1.4749764036297623,1.3976377952755825,0.0002577724451135174,-0.008590623909932139,0.002555137170521693
2025-04-07,1.4437732229845395,1.3981360208622648,1.4013873265841688,-0.0031238650064853075,-0.052096008165555305,0.0026827632461434714
2025-04-08,1.4443641790372208,1.3963375185469202,1.4010748656417864,0.00040931362576432617,-0.001286357184500042,-0.00022296544035682597
2025-04-09,1.448023569185922,1.4152359710171525,1.401262342207216,0.0025335647351351883,0.013534301140814876,0.00013380909901883342
2025-04-10,1.4489124259022739,1.4298926569878576,1.4018872640919804,0.0006138413319139026,0.010356354891241992,0.00044597065513096723
2025-04-11,1.4499898439231167,1.436686694911549,1.4024496937882682,0.0007436046524150079,0.004751432137572786,0.00040119466856847197
2025-04-14,1.4508686821214254,1.443655085260539,1.4025121859767449,0.0006060995544154856,0.004850320096699057,4.455930843971778e-05
2025-04-15,1.450905001229717,1.4430948691892302,1.4028871391076034,2.503266404417164e-05,-0.0003880539590296883,0.00026734393797611666
2025-04-16,1.450915443663082,1.438112416995691,1.4031996000499853,7.197186139805357e-06,-0.0034526158327612523,0.00022272707024795224
2025-04-17,1.451379938038685,1.4449012798867116,1.4029496312960796,0.0003201388320949417,0.004720676082613317,-0.00017814197915733132
2025-04-18,1.4514622946553337,1.447409239417786,1.4027621547306504,5.674366476349565e-05,0.0017357307146070422,-0.00013363028953228273
2025-04-21,1.4516894172400112,1.4520967663085302,1.4028246469191268,0.00015647846004245757,0.003238563609439038,4.4549382991032616e-05
2025-04-22,1.4534996553938462,1.461927073575546,1.4028871391076034,0.0012469872221542962,0.00676973290974694,4.4547398432071006e-05
2025-04-23,1.4528091614728145,1.4603620689664027,1.4028246469191268,-0.00047505612985127455,-0.0010705079873209345,-4.454541404974588e-05
2025-04-24,1.4534186921849923,1.4592902481826135,1.4028246469191268,0.00041955318588441943,-0.0007339418124901909,0.0
2025-04-25,1.4536292808933449,1.4612675598018674,1.4028246469191268,0.00014489197743570558,0.0013549817260250618,0.0
2025-04-28,1.4532244189223216,1.4575093496472287,1.4031996000499853,-0.0002785180350622293,-0.0025718836563703553,0.00026728439059153786
2025-04-29,1.45411559200623,1.4558895340303604,1.4036370453693205,0.0006132384456966415,-0.0011113586456653057,0.00031174846352555186
2025-04-30,1.4545770715817579,1.45313000861584,1.4043869516310377,0.0003173609980284028,-0.0018954222487478245,0.00053425938293028
2025-05-06,1.456554497778773,1.4632125491706005,1.4047619047618964,0.001359450960453358,0.006938498616764854,0.00026698705112804255
2025-05-07,1.4565649361748503,1.4705136388431563,1.4038870141232265,7.166498811409948e-06,0.004989766986822508,-0.0006228035054939296
2025-05-08,1.4572031372817738,1.4707690499872565,1.4046369203849438,0.0004381549295011468,0.00017368838843351275,0.0005341642555085624
2025-05-09,1.4570151393418986,1.4673650491712698,1.4045744281964672,-0.00012901285693487375,-0.0023144359857288797,-4.4489923032520196e-05
2025-05-12,1.4577715606594974,1.479865162737575,1.4040119985001793,0.0005191581728796787,0.00851874833284667,-0.00040042712226373567
2025-05-13,1.457926830796377,1.4793890965378238,1.4038870141232265,0.00010651198107431418,-0.00032169565967107296,-8.901945074990536e-05
2025-05-14,1.4575796519008322,1.486066632434518,1.4034495688038915,-0.0002381319063558601,0.004513711715411007,-0.00031159581571327255
2025-05-15,1.4565541701855105,1.469291699646903,1.4035120609923677,-0.0007035510642484118,-0.011288143089609525,4.452756256112522e-05
2025-05-16,1.4568883773078487,1.4695812285049747,1.402574678165221,0.00022945052726441165,0.00019705335444376583,-0.0006678836991852455
2025-05-19,1.457827942865546,1.4726802898621052,1.403512060992368,0.0006449125220105393,0.0021088057584152443,0.0006683300659420244
2025-05-20,1.457910179344891,1.4763672362793008,1.4034495688038915,5.641027787090055e-05,0.0025035620036312654,-4.452557994560902e-05
2025-05-21,1.4587181268992724,1.481747136970439,1.4036995375577974,0.0005541819831071156,0.003644012518657769,0.00017811025024494498
2025-05-22,1.458439521078034,1.4734634345477637,1.4034495688038917,-0.00019099359643279931,-0.005590496661671851,-0.00017807853263285267
2025-05-23,1.4580178261818837,1.4662170441487579,1.403387076615415,-0.0002891411608475267,-0.00491793025134003,-4.452756256134727e-05
2025-05-26,1.4580462740440154,1.467530592046814,1.4036995375577974,1.9511326693555966e-05,0.0008958754798944479,0.00022264772676683364
2025-05-27,1.4579657396045704,1.4661081477633424,1.403074615673033,-5.523448801229654e-05,-0.0009692774318847408,-0.0004451963315822427
2025-05-28,1.457989007286641,1.462630254076765,1.403074615673033,1.595900468614858e-05,-0.0023721945013968847,0.0
2025-05-29,1.4579680074119596,1.4730296596175636,1.4021997250343627,-1.4403314823679215e-05,0.007110071401717743,-0.0006235524674862436
2025-05-30,1.4586443204653887,1.464414685000697,1.402824646919127,0.0004638737269891352,-0.005848473288109624,0.0004456725198322964
2025-06-03,1.4600885667295058,1.475909771756294,1.4033870766154148,0.0009901291520170966,0.007849611775500143,0.0004009265858873068
2025-06-04,1.460687889307988,1.4816502143188401,1.4036370453693208,0.000410470016777516,0.0038894264896121356,0.00017811818141355573
2025-06-05,1.4607828629912272,1.482222162574818,1.4035745531808443,6.501983341843121e-05,0.0003860211070402908,-4.452161524426401e-05
2025-06-06,1.461389591603439,1.48378717999412,1.4039495063117031,0.00041534483158541717,0.0010558588711042315,0.00026714158504015373
2025-06-09,1.4620019273205451,1.488675723994335,1.4046994125734205,0.0004190092228825001,0.0032946395993488364,0.0005341404789460658
2025-06-10,1.4624411289440797,1.487057210395841,1.405636795400567,0.00030041111118064915,-0.0010872170294758288,0.0006673191565085279
2025-06-11,1.4628655222665294,1.4905900228032547,1.40576177977752,0.00029019514977412164,0.00237570712324735,8.891655181608726e-05
2025-06-12,1.4633643795053437,1.4983643411006973,1.40576177977752,0.0003410137372308518,0.0052155979702735444,0.0
2025-06-13,1.4632320590990697,1.5025543780338104,1.4061992250968551,-9.042204944106578e-05,0.002796407267697809,0.00031118026228060813
2025-06-16,1.4640671497936422,1.5074968720418147,1.4066991626046665,0.0005707165103303962,0.003289394434078108,0.0003555239534263066
2025-06-17,1.4639833195499286,1.5020042188772327,1.4072615923009544,-5.725846913887719e-05,-0.0036435585814135196,0.0003998223011993929
2025-06-18,1.4642596990711516,1.5097240195251689,1.4076365454318132,0.00018878597695229404,0.005139666420981815,0.00026644167147749087
2025-06-19,1.464091046028816,1.5072416883186002,1.4082614673165774,-0.00011517973378817871,-0.0016442284645835415,0.0004439511653717698
2025-06-20,1.464388917036866,1.5037547574412726,1.409073865766771,0.0002034511507041407,-0.00231345172068409,0.000576880408253766
2025-06-23,1.4655613122887226,1.5125267184642157,1.4094488188976297,0.0008006037455054764,0.00583337208380239,0.00026609898882390404
2025-06-24,1.4660588520683184,1.5075932900648308,1.409073865766771,0.00033948752291960613,-0.0032617132240772674,-0.0002660281989891322
2025-06-25,1.4667074944081047,1.5147052196716293,1.4085739282589596,0.00044243949611645655,0.0047174059832095884,-0.00035479865176502035
2025-06-26,1.467171451724397,1.5120821226160934,1.4088863892013417,0.00031632572824602523,-0.0017317541535273762,0.00022182786157931567
2025-06-27,1.4675248091852053,1.509362086296595,1.4092613423322002,0.00024084265025279877,-0.001798868116232022,0.00026613439787093185
2025-06-30,1.4684351043144035,1.514059258633046,1.409886264216965,0.000620292838322639,0.003112024860764706,0.00044343931532986325
2025-07-01,1.4693631003824537,1.518657931135996,1.410198725159347,0.0006319626010871766,0.003037313418698151,0.0002216213820309676
2025-07-02,1.4697130006833603,1.5163323275251395,1.4110736157980175,0.00023813058924342266,-0.0015313544697435288,0.0006204023752549581
2025-07-03,1.4707055174528925,1.5245530225709418,1.4110111236095408,0.0006753133224451709,0.005421433610941617,-4.428697962810535e-05
2025-07-04,1.471028745669021,1.5236008995160912,1.4115735533058287,0.00021977765928846417,-0.0006245260353392679,0.00039860046946271765
2025-07-07,1.4710114006111807,1.5196822561992989,1.4123859517560224,-1.1791107339842428e-05,-0.0025719618031447957,0.000575526828404449
2025-07-08,1.4719144522266385,1.530335044342287,1.4121359830021167,0.0006138984477499816,0.0070098786108293235,-0.00017698331932214373
2025-07-09,1.4715771612389568,1.530032088433979,1.4120734908136403,-0.0002291512167515349,-0.00019796704612364823,-4.425366199045655e-05
2025-07-10,1.4722058170084444,1.5359852796453788,1.411761029871258,0.00042719864513140923,0.0038908930449249477,-0.00022127810231908907
2025-07-11,1.4723227434160409,1.5357031974259687,1.4119485064366872,7.94225958391085e-05,-0.00018364903827404743,0.00013279624629269904
2025-07-14,1.472315506674444,1.5366008610684183,1.4116360454943049,-4.915186992341736e-06,0.0005845293829915277,-0.0002212976896521779
2025-07-15,1.4720257739968974,1.5321645048261647,1.4118860142482108,-0.0001967870855350076,-0.002887123360824384,0.00017707733852767582
2025-07-16,1.4726502636242502,1.5327421657553055,1.4124484439444989,0.0004242382425527354,0.00037702278529561095,0.00039835347231442775
2025-07-17,1.473662899478969,1.5386924290525195,1.4125734283214517,0.0006876282032005067,0.003882103220068811,8.848774444736307e-05
2025-07-18,1.473872153036599,1.5452167789602806,1.4123859517560224,0.00014199553894187717,0.004240191076899514,-0.0001327198725888934
2025-07-21,1.4748286072861787,1.5509786258073337,1.4120109986251639,0.0006489397656433614,0.0037288275182526752,-0.0002654749789832156
2025-07-22,1.4750210994789892,1.5542077346443692,1.411136107986494,0.00013051834759624987,0.0020819815201223225,-0.0006196061075458559
2025-07-23,1.474878796797087,1.5560423992518873,1.4096362954630592,-9.647501446076017e-05,0.0011804500560780417,-0.0010628404410788495
2025-07-24,1.4750536241615968,1.5625742663775266,1.4095113110861064,0.0001185367671494247,0.004197743666097842,-8.866427273124255e-05
2025-07-25,1.4751197668950367,1.5628052781763155,1.4091988501437243,4.484090093829365e-05,0.0001478405242935521,-0.00022168033695413314
2025-07-28,1.474927763516377,1.5610896220477453,1.4099487564054414,-0.0001301612133255455,-0.0010978054352185685,0.0005321507760531752
2025-07-29,1.4744172608825203,1.5656494137648407,1.4090113735782948,-0.0003461204314438863,0.0029209032285501422,-0.0006648346777767822
2025-07-30,1.4744414948419244,1.568217197701416,1.4090113735782948,1.6436296594732654e-05,0.0016400759416507315,0.0
2025-07-31,1.473838992427786,1.5575909511698771,1.4100112485939178,-0.0004086309400856524,-0.006776004336079311,0.0007096287754468911
2025-08-01,1.4737097062185418,1.5523942659108099,1.4102612173478237,-8.772071434416884e-05,-0.0033363607147075757,0.0001772813898861525
2025-08-04,1.4756039101146503,1.558579256569508,1.4105111861017297,0.0012853304067386314,0.003984162267611291,0.0001772499667658245
2025-08-05,1.4764040543057109,1.5622859840098804,1.4108236470441118,0.0005422486248347229,0.0023782733054790173,0.0002215231934783457
2025-08-06,1.4773392826438725,1.5675167639148235,1.411011123609541,0.000633450128665212,0.0033481577371113013,0.00013288447909287626
2025-08-07,1.477560291078995,1.5656815808811106,1.4115110611173527,0.0001495989700666425,-0.001170758154528162,0.0003543115284114773
2025-08-08,1.4778945605483773,1.5622899909809103,1.4111986001749703,0.00022623067999370908,-0.0021662066806021675,-0.00022136627263480424
2025-08-11,1.4782594881792015,1.5660203935866348,1.411261092363447,0.00024692399618061485,0.0023877785988901446,4.428305730241888e-05
2025-08-12,1.4780020888061578,1.5713696012751597,1.410573678290206,-0.00017412326800673013,0.003415796952856842,-0.00048709206039943
2025-08-13,1.478895285885296,1.5779104164448956,1.4107611548556354,0.0006043273456126443,0.0041624931298328005,0.00013290802764487353
2025-08-14,1.4784157938800762,1.572778240822218,1.4102612173478237,-0.0003242230939514599,-0.003252513938174495,-0.00035437430786278146
2025-08-15,1.4788159475161424,1.5818057150789395,1.4097612798400123,0.00027066379953651933,0.005739826519981806,-0.0003544999335312049
2025-08-18,1.4788497283913544,1.589702276907294,1.4076990376202898,2.2843191046673894e-05,0.0049921186610205285,-0.001462830799237591
2025-08-19,1.4784020548706052,1.5853951945870004,1.4069491313585725,-0.0003027173837576481,-0.0027093641261386027,-0.0005327177483797074
2025-08-20,1.4784828132650683,1.591468404631739,1.4067616547931434,5.462546145486802e-05,0.0038307231316673683,-0.00013325042195955206
2025-08-21,1.478746051470386,1.594425654762611,1.4065116860392375,0.00017804617203255385,0.0018581896582208657,-0.00017769090666797105
2025-08-22,1.4797048021225632,1.6110907051831191,1.4058242719659966,0.0006483538206061407,0.010452071171038246,-0.0004887368374283385
2025-08-25,1.480632104365861,1.6245143461407396,1.4065116860392375,0.0006266805662639724,0.008332020608420431,0.0004889758179231762
2025-08-26,1.4808748077912621,1.625154146736472,1.4066366704161906,0.00016391879163331542,0.0003938411484345261,8.886124316886956e-05
2025-08-27,1.478858205734232,1.6050461174629305,1.407449068866384,-0.001361764037324419,-0.012372998163848802,0.0005775467590740657
2025-08-28,1.4789176798698727,1.617946462540652,1.4067616547931432,4.021625292402459e-05,0.008037367236595682,-0.0004884113311428573
2025-08-29,1.4784530770287485,1.6209723829487008,1.4064491938507608,-0.0003141505760922219,0.0018702228275817468,-0.0002221136333349083
2025-09-01,1.4787912207592304,1.6264974572045303,1.407074115735525,0.00022871455018462345,0.0034084937621078224,0.0004443259575224179
2025-09-02,1.4777070513795474,1.6189969483901883,1.406511686039237,-0.0007331456695601041,-0.0046114482264442815,-0.0003997157576834942
2025-09-03,1.478815764708431,1.6159885356094963,1.407199100112478,0.0007502930488479229,-0.001858195460889034,0.0004887368374284495
2025-09-04,1.4794356956542387,1.5989278001591019,1.4084489438820065,0.0004192076934816292,-0.010557460696316034,0.0008881783462117987
2025-09-05,1.4806477217513903,1.6175806245997295,1.4069491313585718,0.000819248920863379,0.011665832840464485,-0.001064868222557469
2025-09-08,1.481417515540491,1.6267078165950883,1.4064491938507604,0.000519903402944697,0.00564249587102803,-0.00035533445855906454
2025-09-09,1.4808236685280411,1.6201944064770681,1.4058242719659961,-0.00040086404151439215,-0.004004044273699858,-0.0004443259575224179
2025-09-10,1.4795998183055832,1.6215244165517702,1.4041994750656086,-0.0008264658706289602,0.0008208953625473026,-0.0011557610241821337
2025-09-11,1.4807093327680314,1.639654123218956,1.4038870141232265,0.0007498746949826113,0.011180655981572807,-0.0002225189141076278
2025-09-12,1.4811440820584483,1.6358051423854543,1.4041994750656086,0.0002936088000499668,-0.0023474346076997944,0.00022256843979517882
2025-09-15,1.4806168658293952,1.6388980835666134,1.4040744906886558,-0.00035595202076519846,0.0018907760472306357,-8.900756564300671e-05
2025-09-16,1.4808463329677688,1.6436122636449462,1.4041994750656086,0.0001549807675904381,0.002876432723671052,8.901548869499898e-05
2025-09-17,1.4816924579997246,1.6493829109058642,1.4055118110236138,0.0005713793613277636,0.0035109541274174426,0.0009345794392523477
2025-09-18,1.4808448625924944,1.6371691721711228,1.4050118735158024,-0.0005720454353762591,-0.007405035334113863,-0.00035569783468936134
2025-09-19,1.480674983613864,1.6346088077166943,1.4043244594425615,-0.0001147176067674005,-0.0015638973039256321,-0.0004892585509052028
2025-09-22,1.4815794447095707,1.64030019901225,1.4044494438195143,0.000610843774438012,0.0034818063310853354,8.899964400144178e-05
2025-09-23,1.4807352260568292,1.6342150133020565,1.402699662542174,-0.0005698099118181609,-0.0037098000194464853,-0.0012458841327757098
2025-09-24,1.4807752627015034,1.648559673295341,1.4011373578302628,2.7038354980441086e-05,0.008777706652137585,-0.0011137841931747605
2025-09-25,1.480418895414035,1.6518032545903731,1.4008248968878805,-0.00024066264236363927,0.001967524347206995,-0.000223005218322192
2025-09-26,1.480930807994667,1.6461325843000554,1.4015123109611214,0.0003457890075693669,-0.0034330179908284688,0.0004907209136331137
2025-09-29,1.4819811769954518,1.6594738901366135,1.4010748656417862,0.0007092627117448947,0.008104636263081411,-0.0003121237793731746
2025-09-30,1.483219488853962,1.6632534373558487,1.4015748031495976,0.0008355786684286308,0.002277557508858574,0.0003568242640499264
2025-10-09,1.4866151838797865,1.678934690060222,1.4028246469191263,0.002289408311677577,0.009428059700452051,0.0008917424647760797
2025-10-10,1.4840586316818667,1.6562509066112534,1.4020122484689328,-0.0017197134979125167,-0.013510819440007505,-0.0005791161796150357
2025-10-13,1.4863404347638123,1.6580936656829997,1.4030121234845558,0.0015375424078491462,0.0011126086418371984,0.00071317138399829
2025-10-14,1.4864385228347412,1.6474844503048984,1.4032620922384615,6.599300445215315e-05,-0.006398441534200683,0.00017816578326135257
2025-10-15,1.4877257237332466,1.6607758082216568,1.4030121234845556,0.0008659630914642025,0.008067668204272582,-0.00017813404586963788
2025-10-16,1.487683080967856,1.6578624741879453,1.4038870141232258,-2.8663055770398804e-05,-0.0017542006689217904,0.000623580241414734
2025-10-17,1.4894158745536599,1.6426713998233704,1.4051368578927546,0.0011647598927294622,-0.009163048564698174,0.0008902737591809373
2025-10-20,1.488779740981688,1.6437050220940714,1.4046369203849431,-0.00042710272049595023,0.000629232523809653,-0.0003557927507226166
2025-10-21,1.4905743740925443,1.659533129685569,1.4051368578927548,0.00120543896552,0.00962953046850994,0.00035591938425949543
2025-10-22,1.4886909259893746,1.6522883481439585,1.4055118110236133,-0.001263572040352838,-0.004365554029634344,0.00026684456304204573
2025-10-23,1.4885740851770877,1.6579621204832529,1.4052618422697076,-7.848560789029427e-05,0.0034338875207029053,-0.00017784891734462516
2025-10-24,1.489258335669206,1.66971051941108,1.405011873515802,0.00045966841619237564,0.00708604785518413,-0.00017788055320844265
2025-10-27,1.4903591842134432,1.6816679825940184,1.4048243969503726,0.0007391924677343488,0.007161398963429743,-0.00013343415024680283
2025-10-28,1.4903507628716712,1.6706702715027482,1.407011623547048,-5.650545090797249e-06,-0.006539763618681726,0.0015569395017793752
2025-10-29,1.4915140193701588,1.6818969708531395,1.4071991001124773,0.0007805253148904801,0.006719877370112759,0.00013324450366414275
2025-10-30,1.490773332697217,1.6714774837780126,1.407574053243336,-0.0004966005436908187,-0.006195080469073922,0.00026645350386367284
2025-10-31,1.4912854637357116,1.6687933157981099,1.4083864516935296,0.0003435338070932439,-0.0016058654728844158,0.0005771621381636116
2025-11-03,1.4919214101559073,1.674445172651964,1.4088238970128646,0.0004264417750056697,0.003386792600587074,0.00031060034609753373
2025-11-04,1.4910100055047202,1.66201639409906,1.4088238970128646,-0.0006108932045500551,-0.007422624972079272,0.0
2025-11-05,1.491684044781142,1.664485373082494,1.4091363579552467,0.0004520689156565391,0.0014855322680330074,0.0002217885024839994
2025-11-06,1.491969003013891,1.6722972339243887,1.4085114360704822,0.00019103122658322813,0.004693258930493116,-0.0004434786465032925
2025-11-07,1.4920895117462403,1.671842385127923,1.4083864516935294,8.077160591519697e-05,-0.0002719904017292496,-8.873508141438169e-05
2025-11-10,1.4936562640479318,1.6807950977821051,1.408511436070482,0.0010500390823456282,0.005354998015256629,8.874295602767646e-05
2025-11-11,1.4937007702322977,1.6787033810660559,1.408323959505053,2.9796804952506333e-05,-0.0012444804954567456,-0.00013310262212151702
2025-11-12,1.4938942470365961,1.6784769385598373,1.4091363579552465,0.00012952848934288054,-0.00013489131479254012,0.0005768548100815174
2025-11-13,1.4948033181894664,1.683573077695497,1.4088238970128641,0.0006085244351624273,0.0030361686947168454,-0.00022173932325164625
2025-11-14,1.4939392658248687,1.6743654573643645,1.4088238970128641,-0.0005780374943536752,-0.005469094542504738,0.0
2025-11-17,1.4931368258233417,1.6662447860699916,1.4093863267091522,-0.0005371302702080534,-0.0048499992989318175,0.00039921930447128773
2025-11-18,1.4924180554949131,1.6567255102152159,1.4098237720284874,-0.00048138276144399665,-0.00571301163812068,0.0003103799937924645
2025-11-19,1.4932046011453801,1.6628063434862816,1.4093863267091522,0.0005270276968113087,0.0036703927316696803,-0.0003102836879432802
2025-11-20,1.4923748140900228,1.6518143655723134,1.4093863267091522,-0.0005557088792258269,-0.00661049794344788,0.0
2025-11-21,1.491090485857088,1.6284790406591578,1.4091363579552465,-0.0008605936128169397,-0.014127086795900546,-0.0001773599964527417
2025-11-24,1.49190483512172,1.6349640933752827,1.4092613423321991,0.0005461434247995416,0.003982275825607173,8.869572930048086e-05
2025-11-25,1.49261257739792,1.6465608328452652,1.4087614048243877,0.0004743883520844413,0.007092962785526247,-0.00035475145226371296
2025-11-26,1.4916860241571228,1.646276999106925,1.4075740532433354,-0.0006207593683904796,-0.0001723797461219978,-0.0008428336956038951
2025-11-27,1.4911913926093263,1.6462156589852612,1.4073865766779061,-0.00033159226525306975,-3.725990322239747e-05,-0.00013319126265320946
2025-11-28,1.4919617001607621,1.6556223318292058,1.4073865766779061,0.0005165718869177566,0.005714119406289087,0.0
2025-12-01,1.4926406531568666,1.6632567317733526,1.407824021997241,0.0004550740116394615,0.004611196525545746,0.0003108210115003729
2025-12-02,1.4918617048931397,1.656463177484063,1.4073865766779061,-0.0005218592044102104,-0.004084489279082259,-0.00031072443181812126
2025-12-03,1.4911417401554814,1.649918480006406,1.4064491938507595,-0.0004825948245047131,-0.003951006920417966,-0.0006660450246437355
2025-12-04,1.489907275408686,1.652111026798968,1.403824521934749,-0.0008278654627873556,0.0013288818927306822,-0.0018661690215943105
2025-12-05,1.491067591048234,1.662773777679139,1.403824521934749,0.0007787837932598042,0.0064540159270231046,0.0
2025-12-08,1.4908737087154975,1.66963690105328,1.4024496937882673,-0.00013002920451121535,0.004127514798627907,-0.0009793447293446889
2025-12-09,1.4903085356913792,1.6589241258025642,1.4030121234845554,-0.0003790884639083625,-0.006416230525306399,0.0004010337759559057
2025-12-10,1.4906354847148853,1.6613828056057043,1.4026371703536966,0.00021938344690106511,0.001482092981166705,-0.00026724867489202886
2025-12-11,1.4909869240039952,1.6541029116983161,1.4040119985001782,0.00023576474108769622,-0.004381828127042653,0.0009801737580752423
2025-12-12,1.4912971726438318,1.6596999286965377,1.4037620297462725,0.0002080827369051141,0.0033837175175968847,-0.00017803890149992174
2025-12-15,1.4910218263685013,1.6569359613538366,1.4029496312960787,-0.0001846354169922186,-0.0016653416047753943,-0.0005787294662333853
2025-12-16,1.489747693563943,1.6415243274866813,1.4026371703536966,-0.0008545366553495948,-0.009301285159242344,-0.00022271714922050823
2025-12-17,1.4908742225088847,1.6518620433178615,1.4031996000499847,0.0007561877422656753,0.006297631815794025,0.00040098017375811423
2025-12-18,1.491638912440321,1.6527170726554643,1.4040119985001784,0.0005129137789702768,0.0005176154637497543,0.0005789614322615488
2025-12-19,1.4921978145143815,1.6574076747560773,1.4038870141232256,0.0003746899262274723,0.0028381155965650382,-8.901945074990536e-05
2025-12-22,1.4934683864067269,1.6735275620911538,1.403512060992367,0.0008514768484358578,0.00972596397410127,-0.0002670821277542812
2025-12-23,1.494531650958201,1.6778674551290658,1.4046994125734193,0.0007119431259152897,0.0025932605690037747,0.0008459860189677926
2025-12-24,1.4952083055545105,1.6862830037386463,1.4047619047618956,0.00045275360737636943,0.005015621814378224,4.448794376710197e-05
2025-12-25,1.4954516976156165,1.6893116212017254,1.4046369203849427,0.00016278137313836116,0.0017960315417782646,-8.897192935619636e-05
2025-12-26,1.4962702142703563,1.693160975445963,1.4056992875890422,0.0005473374071826187,0.002278652556417726,0.000756328691551289
2025-12-29,1.4949565528300042,1.6853577144427592,1.4043244594425606,-0.0008779573554451846,-0.004608694103139454,-0.0009780385880678866
2025-12-30,1.494404831738427,1.6833984645031874,1.4043869516310368,-0.00036905493375889275,-0.0011625128142124907,4.449982200060987e-05
2025-12-31,1.4937043165162833,1.6784172641479354,1.4038870141232254,-0.00046875867051950765,-0.002959014434364493,-0.00035598273483727905
2026-01-05,1.4963138312547768,1.6959114564966964,1.4041994750656075,0.0017470089023908424,0.010423029316039745,0.00022256843979517882
2026-01-06,1.497939189912247,1.715431104404752,1.403824521934749,0.001086241818741504,0.011509827257360583,-0.0002670226969292422
2026-01-07,1.4973257341908432,1.710439793554029,1.4028871391076023,-0.0004095331276028838,-0.0029096539277542965,-0.0006677350427349849
2026-01-08,1.4975688594094165,1.7101323482637572,1.4031371078615082,0.00016237296469392588,-0.00017974633859110244,0.00017818165619853943
2026-01-09,1.4988221515342544,1.7293632655917495,1.4032620922384613,0.0008368844724322899,0.011245280137246105,8.90749565760629e-05
2026-01-12,1.5007364529879406,1.748021301180286,1.4036370453693199,0.001277203870870571,0.01078896259667712,0.0002672010688042903
2026-01-13,1.500367015656016,1.7431149430622825,1.4042619672540841,-0.0002461706925216652,-0.002806806824774244,0.000445216152441974
2026-01-14,1.500573188504318,1.7462853057884715,1.4041994750656075,0.0001374149432442974,0.001818791548318377,-4.450180232307144e-05
2026-01-15,1.501019689149073,1.7452539310211346,1.4049493813273248,0.00029755339371353057,-0.0005906106888250995,0.0005340453938584844
2026-01-16,1.5012497380201362,1.740395881599317,1.4051993500812308,0.00015326172782805685,-0.0027835774127007995,0.0001779201138689679
2026-01-19,1.5021866994115762,1.7451562915109229,1.405261842269707,0.0006241209358515405,0.0027352454472780565,4.447211598312961e-05
2026-01-20,1.5014727650854767,1.7382790131606924,1.4058867641544714,-0.00047526337863276573,-0.00394078076770773,0.00044470138302132867
2026-01-21,1.5038005211240726,1.752072802884142,1.407074115735524,0.001550315192339431,0.00793531396226691,0.0008445570520514423
2026-01-22,1.5047720327557832,1.757687623471478,1.4073240844894297,0.0006460375681905254,0.0032046731038193445,0.0001776514478593061
2026-01-23,1.5063757627751282,1.768476907377418,1.4076365454318118,0.0010657627763111723,0.006138339806154525,0.00022202486678501998
2026-01-26,1.5068999249003887,1.7752135983468091,1.4083239595050527,0.00034796239969690985,0.0038093180302711804,0.000488346281908969
2026-01-27,1.5070113023787373,1.7741872077033989,1.407824021997241,7.391166228642274e-05,-0.0005781786734655348,-0.00035498757543495074
2026-01-28,1.50842849553232,1.789306169134263,1.4075740532433354,0.0009403998174039627,0.008521626897781031,-0.00017755681818176772
2026-01-29,1.5096099351566798,1.8032587582520403,1.4080114985626706,0.0007832254746306158,0.007797765054668115,0.00031077961285741473
2026-01-30,1.5064570503380676,1.7768904880646175,1.4080114985626706,-0.0020885427057586916,-0.01462256598880044,0.0
2026-02-02,1.5019484003559156,1.7215505308920913,1.4085114360704822,-0.002992883189826306,-0.03114427002915763,0.00035506635302473555
2026-02-03,1.505456327681731,1.7534964470284404,1.4080739907511473,0.00233558444816364,0.018556478920078456,-0.00031057278495050245
2026-02-04,1.5065989580488004,1.7690060808735784,1.4082614673165765,0.0007589927027834188,0.0088449759173572,0.00013314397301611436
2026-02-05,1.5052280512009513,1.7538073081352186,1.4089488813898177,-0.0009099348174410993,-0.008591701805148278,0.00048812957621491293
2026-02-06,1.5066465596232612,1.7546518948798353,1.410011248593917,0.0009423877140597725,0.0004815732838487463,0.0007540140157897834
2026-02-09,1.509036588263105,1.7743585758096567,1.4105111861017285,0.0015863233646792086,0.011231105718078106,0.000354562779772305
2026-02-10,1.5089549079711897,1.7779875004465506,1.4106986626671578,-5.4127442999397716e-05,0.0020452036506983908,0.00013291391608705183
2026-02-11,1.5094394737606036,1.7797039761684303,1.41101112360954,0.0003211267525981789,0.0009654037058465126,0.0002214937538760342
2026-02-12,1.509270640068404,1.780516479300302,1.4111986001749692,-0.0001118519126699245,0.0004565383584864913,0.0001328668231541652
2026-02-13,1.5084056519489435,1.7614825048109224,1.4112610923634459,-0.0005731166409102939,-0.010690142276503644,4.428305730241888e-05
2026-02-24,1.5112047423373194,1.7896275724374708,1.4119485064366868,0.0018556615621000243,0.015978056863851363,0.00048709206039943
2026-02-25,1.5118875562275327,1.797055959053897,1.4118235220597337,0.0004518341367546316,0.00415080027310305,-8.851907586093777e-05
2026-02-26,1.5105145433005764,1.792218203524875,1.4111986001749692,-0.0009081448691741524,-0.002692045010979549,-0.00044263456090654074
2026-02-27,1.5104542609865623,1.7964809633497627,1.4114485689288752,-3.9908463166720334e-05,0.0023784826069190744,0.00017713222920923144
2026-03-02,1.511145396413814,1.8179711777465442,1.4124484439444982,0.0004575679284721538,0.011962394723465396,0.0007084034357567326
2026-03-03,1.5093203827430832,1.8062165715204066,1.4126359205099275,-0.001207702233724067,-0.0064657824997576665,0.0001327316166710446
2026-03-04,1.5090225676568154,1.8182641737498577,1.4125734283214508,-0.00019731734207850687,0.006670076235271161,-4.423800044250914e-05
2026-03-05,1.5090809184993794,1.8291125712985927,1.4128233970753568,3.866797211301331e-05,0.00596634840269783,0.00017695983011867256
2026-03-06,1.5085912920526379,1.8291924544833453,1.4126359205099275,-0.0003244534078587173,4.367319212933429e-05,-0.0001326963906581602
2026-03-09,1.5079924931772068,1.8530213254759287,1.4115110611173516,-0.00039692584637435695,0.013026989551689173,-0.000796284007962833
2026-03-10,1.5086583936068199,1.8409852015813528,1.4112610923634459,0.00044158073241484016,-0.00649540495249532,-0.00017709301810775457
2026-03-11,1.5086896959420866,1.8421402056986569,1.4107611548556342,2.0748457967340105e-05,0.0006273837053726306,-0.00035424877119960563
2026-03-12,1.507184759773874,1.8504623087844077,1.4107611548556342,-0.0009975120611353061,0.004517627409686931,0.0
2026-03-13,1.5061586762496508,1.8459627948151085,1.4108236470441107,-0.0006807947848258549,-0.0024315620739419398,4.4296788482833804e-05
2026-03-16,1.506149237934071,1.8475256605476633,1.4099487564054405,-6.266481565611766e-06,0.000846639887295908,-0.0006201275690999042
2026-03-17,1.5056440710164751,1.8336809608301068,1.410011248593917,-0.00033540296331380166,-0.00749364407390829,4.432231185180768e-05
2026-03-18,1.5057785324970345,1.8306760618814801,1.4105736782902047,8.930495802290077e-05,-0.001638725063309998,0.0003988831272436766
2026-03-19,1.5042789607497111,1.8236419343087558,1.4109486314210633,-0.0009958780225381013,-0.0038423660631116685,0.00026581605528974706
2026-03-20,1.502508421623182,1.7982673031546184,1.4104486939132517,-0.0011770018545273562,-0.013914261718134747,-0.00035432722118877713
2026-03-23,1.5011485235959834,1.768044487026555,1.410073740782393,-0.0009050851280617462,-0.016806631625367895,-0.0002658396101019589
2026-03-24,1.5031503548010694,1.7710575767545926,1.4107611548556338,0.0013335330739230634,0.0017041933900118766,0.00048750221591919995
2026-03-25,1.5044165518003312,1.788189345818729,1.4111361079864924,0.0008423621730305599,0.009673185834833042,0.0002657807308970028
2026-03-26,1.5028967953356662,1.7718077726012853,1.4118235220597333,-0.0010101965860760801,-0.009160983570195402,0.0004871352021611486
2026-03-27,1.5026789924666022,1.7784515665255118,1.4116985376827806,-0.0001449220397169304,0.003749726142397858,-8.852691218119713e-05
2026-03-30,1.5026592610228862,1.7847689550167856,1.412448443944498,-1.3130844188825511e-05,0.003552184726411045,0.0005312084993360777
2026-03-31,1.5026930726430852,1.7740592053615534,1.412885889263833,2.2501189109204933e-05,-0.006000636455003472,0.00030970710556577075
2026-04-01,1.503510351184412,1.776426058644701,1.4126359205099273,0.0005438758960199683,0.0013341456000985018,-0.00017692069529828824
2026-04-02,1.5037124617336197,1.7782155003164453,1.4125109361329744,0.00013442577834502865,0.0010073268532827973,-8.847600088479624e-05
2026-04-03,1.503773156951992,1.7736727766838394,1.4126359205099275,4.0363580083809485e-05,-0.002554653039408017,8.84838295802659e-05
2026-04-07,1.5046684607528567,1.7751620452078898,1.4132608423946917,0.0005953715802983167,0.0008396523550610935,0.00044238000442375913
2026-04-08,1.5077012004782362,1.7953872816297558,1.4137607799025032,0.002015553462097507,0.0113934592486723,0.00035374751271266547
2026-04-09,1.5083921071914637,1.7938900837634773,1.4143857017872679,0.00045825174975540567,-0.0008339135971373035,0.0004420280245769348
2026-04-10,1.5081408744790026,1.8006197757538958,1.414135733033362,-0.00016655663422217136,0.00375145169223533,-0.00017673308885268746
2026-04-13,1.509539660122172,1.80784726005141,1.4156355455567964,0.0009274900421042211,0.004013886993153826,0.001060585973750472
2026-04-14,1.5112937692761579,1.8206682222840302,1.416322959630037,0.00116201594454567,0.007091839291918778,0.000485586897982504
2026-04-15,1.5115722098495246,1.8153777539012523,1.4165104361954663,0.0001842398738266669,-0.0029057838863915664,0.00013236851394271554
2026-04-16,1.5129310621056344,1.827768777850948,1.4166354205724192,0.0008989661540847241,0.006825589838295243,8.823399655888409e-05
2026-04-17,1.5139565057642488,1.830789978957397,1.417447819022613,0.0006777861095582457,0.0016529449146193698,0.0005734703780493344
2026-04-20,1.5141951429702327,1.8310234676661232,1.4179477565304248,0.00015762487566528955,0.00012753440395129044,0.00035270258354658246
2026-04-21,1.5140898512411953,1.8276461293898136,1.4187601549806186,-6.953643295335865e-05,-0.0018445084598584737,0.0005729396209783744
2026-04-22,1.5157710067555268,1.8397131345213409,1.4198225221847178,0.0011103406531345666,0.0066024844402214344,0.0007487997180988248
2026-04-23,1.5153056240955831,1.8364082960226562,1.4193850768653828,-0.0003070270231252338,-0.0017963879458546606,-0.0003080985915492329
2026-04-24,1.5157111344476448,1.8358146965312792,1.4191351081114771,0.00026760961327762305,-0.00032323938672176313,-0.000176110597455148
2026-04-27,1.515532006833336,1.8409126067143446,1.418010248718901,-0.00011818057559769067,0.002776919801708788,-0.0007926372803734871
2026-04-28,1.515379653911221,1.8357994221642684,1.4183227096612832,-0.00010052768363063335,-0.0027775270436124376,0.00022035168128331506
2026-04-29,1.5162255432204532,1.8435055937645874,1.4185101862267124,0.0005582028946007269,0.004197719809299327,0.00013218188226993277
2026-04-30,1.5172485178487447,1.8542551715674138,1.4185726784151889,0.0006746849984590501,0.005831052446591567,4.4054804176463236e-05
2026-05-06,1.5196547464010592,1.8711918147848472,1.4181352330958539,0.0015859159023772118,0.009133933385833215,-0.0003083700440528192
2026-05-07,1.51926843038174,1.8686555722075247,1.4179477565304246,-0.0002542130179463678,-0.0013554156005188833,-0.00013219935662978077
2026-05-08,1.5196783773232987,1.8672263501309914,1.4183227096612832,0.0002698318041502821,-0.0007648397584820166,0.000264433671220754
2026-05-11,1.521115987792674,1.880597027942561,1.418572678415189,0.0009459965284941172,0.00716071611276885,0.00017624250969339172
2026-05-12,1.5212596132890852,1.8796589933704757,1.4193225846769062,9.44211339330758e-05,-0.0004987961578943545,0.0005286343612334043
2026-05-13,1.5222702568548685,1.886490196597514,1.4195725534308117,0.000664346543452936,0.0036342779467615103,0.0001761183515320841
2026-05-14,1.5212497625621455,1.8652050824740476,1.4192600924884295,-0.0006703765564147551,-0.01128291796154376,-0.00022010917415027365
2026-05-15,1.5198271089748718,1.8582876526743617,1.4189476315460472,-0.000935187384928475,-0.0037086698211815537,-0.0002201576328652033
2026-05-18,1.5200669045290365,1.8626030132023215,1.4195100612423353,0.000157778179339402,0.002322224184048749,0.00039637100325906616
2026-05-19,1.5206307935814491,1.8705390536936737,1.4200724909386233,0.00037096331137302066,0.004260725680727851,0.0003962139555360178
2026-05-20,1.521408062322083,1.8667329298072666,1.420447444069482,0.0005111488889443565,-0.0020347738150086835,0.00026403802147512145
2026-05-21,1.5204257624130637,1.846332416944181,1.4203224596925292,-0.0006456518361812218,-0.01092845823702907,-8.798944126708896e-05
2026-05-22,1.5214944133169168,1.8533183755119513,1.42100987376577,0.0007028629284451814,0.003783694909789204,0.00048398451249553887
2026-05-25,1.5224283246885444,1.8558364730799535,1.421322334708152,0.0006138118966810188,0.0013586967038551224,0.00021988653854609908
2026-05-26,1.523364718200385,1.8514747289959972,1.4221347331583458,0.0006150657450702472,-0.0023502847083921143,0.000571579317622195
2026-05-27,1.523082307956484,1.8375579979794767,1.4225721784776808,-0.0001853858373685127,-0.007516565469984604,0.00030759766225774143
2026-05-28,1.5241716779737298,1.8375323653047055,1.4231971003624453,0.0007152404118642264,-1.3949314687866643e-05,0.00043929010718679606
2026-05-29,1.5238651114104742,1.826464994644537,1.4235720534933038,-0.00020113650429664598,-0.006022952775764178,0.00026345832967411553
2026-06-01,1.524915618892269,1.8250865785800303,1.4246969128858795,0.0006893703871350765,-0.000754690655746737,0.0007901668129937089
2026-06-02,1.5258400597006274,1.8336597102175318,1.4248843894513088,0.0006062242375286153,0.0046973835313455226,0.0001315904903937959
2026-06-03,1.5257549514474142,1.836836007592951,1.424759405074356,-5.577796484764304e-05,0.0017322174652801615,-8.771545107666423e-05
2026-06-04,1.5258636367300487,1.8309216631477898,1.4252593425821674,7.12337735041932e-05,-0.0032198543695316937,0.0003508925830080223
2026-06-05,1.5229256253689858,1.8130747887386476,1.425071866016738,-0.0019254743938711871,-0.009747481155725258,-0.00013153856272196673
2026-06-08,1.5226481856635403,1.7931800955323516,1.4248843894513088,-0.00018217547910670038,-0.010972902678844676,-0.00013155586739166392
2026-06-09,1.52273897807886,1.8005030420455574,1.4246969128858795,5.9627966705954466e-05,0.0040837763766453875,-0.00013157317661505186
2026-06-10,1.5203748087232634,1.7812931172331445,1.423884514435686,-0.0015525768957324604,-0.010669198753804121,-0.0005702254583734856
2026-06-11,1.521730162019381,1.7805372795465653,1.4236345456817803,0.0008914599796978422,-0.0004243196581555475,-0.00017555409260472388
2026-06-12,1.52235763686532,1.7850463122623115,1.4238220222472096,0.0004123430432017345,0.002532400061230189,0.00013168868794166677
2026-06-15,1.524854561150706,1.8096496241284226,1.4244469441319738,0.0016401693169336693,0.013783010388637806,0.0004389044943819975
2026-06-16,1.5246618558618081,1.812062609492116,1.4249468816397852,-0.00012637617633012556,0.0013333992014368246,0.0003509695533912005
2026-06-17,1.5238996121196087,1.8104684029007059,1.4253843269591202,-0.0004999428163490001,-0.0008797745635603426,0.0003069906148582824
2026-06-18,1.5247684557565273,1.8117200680198524,1.4256967879015023,0.0005701449295011153,0.0006913487786592398,0.0002192117146739836
2026-06-22,1.5257591302712552,1.8220437805541199,1.4260092488438847,0.0006497212812791578,0.005698293415467304,0.00021916367142993387
2026-06-23,1.5228488293885978,1.7906946070382284,1.4255718035245497,-0.0019074445139581394,-0.017205499588136976,-0.0003067619089355267
2026-06-24,1.5228488293885978,1.7961361998908052,1.425634295713026,0.0,0.0030388167983467994,4.383657723994183e-05
2026-06-25,1.5228488293885978,1.7892969214971395,1.4260092488438845,0.0,-0.0038077727034740217,0.00026300793407263434
2026-06-26,1.5228488293885978,1.7727129121387946,1.426509186351696,0.0,-0.009268450171181608,0.0003505850387834908
2026-06-29,1.5228488293885978,1.7847691631517344,1.4275090613673191,0.0,0.006801017203848114,0.000700924343978615
2026-06-30,1.5228488293885978,1.7958391461507555,1.4268841394825547,0.0,0.006202473254004681,-0.00043777087072627285
2026-07-01,1.5228488293885978,1.7908444546584108,1.4261342332208373,0.0,-0.0027812577218011003,-0.0005255551175930018
2026-07-02,1.5228488293885978,1.7662134838119332,1.4265091863516959,0.0,-0.013753830368911502,0.0002629157355067413
2026-07-03,1.5228488293885978,1.7771681106220134,1.4264466941632195,0.0,0.00620232316788657,-4.380777149870507e-05
2026-07-06,1.5228488293885978,1.773484307889639,1.4269466316710309,0.0,-0.002072849895491902,0.0003504775256286674
2026-07-07,1.5228488293885978,1.761528175994613,1.4270716160479837,0.0,-0.006741605686521668,8.75886835420836e-05
2026-07-08,1.5228488293885978,1.7619885106907587,1.4276965379327482,0.0,0.0002613268992338269,0.0004379050621825531
2026-07-09,1.5228488293885978,1.7846988882132173,1.4277590301212246,0.0,0.012889061072001806,4.3771338527509585e-05
2026-07-10,1.5228488293885978,1.7723017842332445,1.427946506686654,0.0,-0.006946328067915353,0.00013130826804386153
2026-07-13,1.5228488293885978,1.762252144775234,1.4281339832520832,0.0,-0.005670388388373848,0.00013129102844633422
