date,index_neg,rate_factor_level,hf_fitted
2016-10-08,-121.737700,2.704700,2.761745
2016-10-09,-121.869900,2.676000,2.746444
2016-10-10,-121.929400,2.673500,2.739563
2016-10-11,-121.922200,2.683500,2.740395
2016-10-12,-121.857600,2.709800,2.747867
2016-10-13,-121.872100,2.701000,2.746190
2016-10-14,-121.979400,2.695200,2.733783
2016-10-17,-122.061800,2.690400,2.724263
2016-10-18,-122.089300,2.696500,2.721087
2016-10-19,-122.248200,2.666400,2.702751
2016-10-20,-122.410000,2.651800,2.684104
2016-10-21,-122.580100,2.645100,2.664528
2016-10-24,-122.519400,2.659500,2.671511
2016-10-25,-122.455000,2.685900,2.678923
2016-10-26,-122.218900,2.720000,2.706130
2016-10-27,-122.200400,2.706800,2.708264
2016-10-28,-122.199100,2.702700,2.708414
2016-10-31,-122.086700,2.742500,2.721387
2016-11-01,-122.026800,2.737500,2.728306
2016-11-02,-122.006500,2.737200,2.730651
2016-11-03,-122.044900,2.730100,2.726215
2016-11-04,-122.026300,2.733900,2.728364
2016-11-07,-121.821300,2.747500,2.752067
2016-11-08,-121.695400,2.763400,2.766644
2016-11-09,-121.699000,2.765100,2.766227
2016-11-10,-121.552400,2.792600,2.783220
2016-11-11,-121.439100,2.815000,2.796366
2016-11-14,-121.041500,2.857700,2.842599
2016-11-15,-120.847000,2.850100,2.865270
2016-11-16,-120.757700,2.865200,2.875692
2016-11-17,-120.485900,2.905500,2.907458
2016-11-18,-120.543900,2.890100,2.900674
2016-11-21,-120.511900,2.885100,2.904416
2016-11-22,-120.573900,2.868900,2.897166
2016-11-23,-120.720600,2.845100,2.880024
2016-11-24,-120.769800,2.850200,2.874279
2016-11-25,-120.715100,2.865000,2.880666
2016-11-28,-120.837400,2.850200,2.866390
2016-11-29,-120.491100,2.890600,2.906850
2016-11-30,-120.220700,2.950200,2.938523
2016-12-01,-119.766200,2.989300,2.991921
2016-12-02,-119.692400,2.989500,3.000610
2016-12-05,-119.547500,3.030200,3.017687
2016-12-06,-118.898200,3.115100,3.094465
2016-12-07,-119.037900,3.087700,3.077910
2016-12-08,-119.129900,3.075300,3.067019
2016-12-09,-119.119200,3.085300,3.068285
2016-12-12,-118.728500,3.145800,3.114600
2016-12-13,-118.351600,3.186300,3.159424
2016-12-14,-118.099700,3.218600,3.189462
2016-12-15,-116.958800,3.331500,3.326314
2016-12-16,-116.981200,3.280300,3.323614
2016-12-19,-116.548800,3.331600,3.375820
2016-12-20,-116.385400,3.373900,3.395599
2016-12-21,-116.711800,3.281500,3.356118
2016-12-22,-117.244000,3.190800,3.291979
2016-12-23,-117.547300,3.176900,3.255557
2016-12-26,-117.817200,3.155100,3.223224
2016-12-27,-117.796900,3.162800,3.225653
2016-12-28,-117.924900,3.122300,3.210343
2016-12-29,-118.381700,3.047100,3.155839
2016-12-30,-118.712800,3.011500,3.116465
2016-12-31,-118.718000,3.011500,3.115847
2017-01-03,-118.360100,3.105400,3.158412
2017-01-04,-118.122900,3.182300,3.186692
2017-01-05,-117.919600,3.208600,3.210977
2017-01-06,-117.985900,3.195300,3.203053
2017-01-09,-118.089700,3.169200,3.190655
2017-01-10,-118.165700,3.179200,3.181585
2017-01-11,-117.942200,3.205500,3.208275
2017-01-12,-118.034000,3.188800,3.197306
2017-01-13,-118.028800,3.202200,3.197928
2017-01-16,-117.953800,3.249600,3.206889
2017-01-17,-117.750900,3.269200,3.231160
2017-01-18,-117.750500,3.268200,3.231208
2017-01-19,-117.719300,3.258400,3.234944
2017-01-20,-117.800400,3.244000,3.225235
2017-01-22,-117.792300,3.255000,3.226204
2017-01-23,-117.820900,3.242900,3.222782
2017-01-24,-117.616100,3.283700,3.247308
2017-01-25,-117.317500,3.346300,3.283144
2017-01-26,-117.272300,3.346500,3.288577
2017-02-03,-116.910800,3.421400,3.332101
2017-02-04,-116.910100,3.409900,3.332185
2017-02-06,-116.532800,3.490500,3.377756
2017-02-07,-116.442600,3.486600,3.388672
2017-02-08,-116.458100,3.459100,3.386795
2017-02-09,-116.647000,3.414800,3.363947
2017-02-10,-116.577800,3.436800,3.372313
2017-02-13,-116.575300,3.419200,3.372615
2017-02-14,-116.588900,3.410700,3.370971
2017-02-15,-116.553600,3.405800,3.375240
2017-02-16,-116.674100,3.355900,3.360672
2017-02-17,-116.869500,3.331100,3.337082
2017-02-20,-117.098300,3.281200,3.309509
2017-02-21,-116.971800,3.301300,3.324747
2017-02-22,-117.099200,3.283900,3.309401
2017-02-23,-117.209400,3.271400,3.296140
2017-02-24,-117.125500,3.291600,3.306235
2017-02-27,-117.161300,3.287100,3.301927
2017-02-28,-117.116200,3.292100,3.307354
2017-03-01,-117.037100,3.325200,3.316879
2017-03-02,-117.026300,3.348300,3.318180
2017-03-03,-117.020500,3.357300,3.318879
2017-03-06,-116.915700,3.361500,3.331510
2017-03-07,-116.878200,3.364300,3.336032
2017-03-08,-116.724200,3.408800,3.354620
2017-03-09,-116.684000,3.415100,3.359476
2017-03-10,-116.660900,3.415600,3.362267
2017-03-13,-116.744300,3.385100,3.352192
2017-03-14,-116.789000,3.365300,3.346796
2017-03-15,-116.772000,3.352400,3.348848
2017-03-16,-116.957500,3.309700,3.326471
2017-03-17,-116.900400,3.312400,3.333355
2017-03-20,-116.802100,3.314100,3.345214
2017-03-21,-116.668700,3.314100,3.361325
2017-03-22,-116.685600,3.306800,3.359283
2017-03-23,-116.638500,3.303400,3.364974
2017-03-24,-116.868900,3.252900,3.337154
2017-03-27,-116.980300,3.245100,3.323723
2017-03-28,-116.985200,3.262600,3.323132
2017-03-29,-116.956600,3.269500,3.326579
2017-03-30,-116.950700,3.289000,3.327290
2017-03-31,-116.957400,3.282800,3.326483
2017-04-01,-117.004800,3.273000,3.320770
2017-04-05,-116.939000,3.310200,3.328701
2017-04-06,-116.908900,3.310900,3.332330
2017-04-07,-116.920300,3.296600,3.330955
2017-04-10,-116.875400,3.316600,3.336370
2017-04-11,-116.882500,3.320900,3.335514
2017-04-12,-116.800100,3.328300,3.345456
2017-04-13,-116.855400,3.322000,3.338783
2017-04-14,-116.654700,3.359900,3.363016
2017-04-17,-116.321600,3.416000,3.403329
2017-04-18,-116.186500,3.406400,3.419712
2017-04-19,-116.164800,3.406500,3.422345
2017-04-20,-116.048800,3.424000,3.436430
2017-04-21,-115.803600,3.461400,3.466248
2017-04-24,-115.565300,3.499100,3.495288
2017-04-25,-115.677000,3.456800,3.481669
2017-04-26,-115.629900,3.451900,3.487410
2017-04-27,-115.664500,3.449400,3.483192
2017-04-28,-115.648400,3.466800,3.485155
2017-05-02,-115.483700,3.487000,3.505246
2017-05-03,-115.265900,3.521900,3.531859
2017-05-04,-115.096600,3.551700,3.552581
2017-05-05,-115.057400,3.559200,3.557383
2017-05-08,-114.813500,3.604200,3.587299
2017-05-09,-114.617100,3.632500,3.611435
2017-05-10,-114.287500,3.690000,3.652034
2017-05-11,-114.468500,3.640000,3.629725
2017-05-12,-114.319800,3.652500,3.648050
2017-05-15,-114.383800,3.610000,3.640160
2017-05-16,-114.339300,3.622500,3.645645
2017-05-17,-114.090100,3.627500,3.676405
2017-05-18,-114.122000,3.607500,3.672463
2017-05-19,-114.060400,3.625000,3.680075
2017-05-22,-113.869300,3.660100,3.703714
2017-05-23,-113.909400,3.672500,3.698751
2017-05-24,-114.026300,3.660100,3.684290
2017-05-25,-114.167600,3.647600,3.666831
2017-05-26,-114.125600,3.650100,3.672019
2017-05-27,-114.176000,3.649900,3.665794
2017-05-31,-114.412200,3.610200,3.636660
2017-06-01,-114.398700,3.615200,3.638324
2017-06-02,-114.377500,3.627700,3.640936
2017-06-05,-114.450500,3.615200,3.631942
2017-06-06,-114.367500,3.632800,3.642169
2017-06-07,-114.311900,3.642700,3.649024
2017-06-08,-114.257700,3.647800,3.655710
2017-06-09,-114.355200,3.630300,3.643685
2017-06-12,-114.716000,3.584100,3.599276
2017-06-13,-114.789900,3.575400,3.590197
2017-06-14,-114.921600,3.535400,3.574032
2017-06-15,-114.941900,3.555400,3.571542
2017-06-16,-114.681900,3.568000,3.603467
2017-06-19,-115.029300,3.500600,3.560826
2017-06-20,-115.095200,3.488100,3.552752
2017-06-21,-114.870300,3.540600,3.580326
2017-06-22,-114.695300,3.560700,3.601820
2017-06-23,-114.740600,3.545700,3.596253
2017-06-26,-114.892600,3.513400,3.577590
2017-06-27,-115.021600,3.508400,3.561770
2017-06-28,-114.977900,3.533300,3.567127
2017-06-29,-114.944200,3.548300,3.571260
2017-06-30,-114.808300,3.568300,3.587938
2017-07-03,-114.660100,3.603300,3.606147
2017-07-04,-114.630200,3.600900,3.609824
2017-07-05,-114.767600,3.576000,3.592936
2017-07-06,-114.870400,3.566000,3.580314
2017-07-07,-114.839300,3.589700,3.584132
2017-07-10,-114.804700,3.591100,3.588380
2017-07-11,-114.816900,3.583600,3.586882
2017-07-12,-114.821300,3.574900,3.586341
2017-07-13,-114.863900,3.564300,3.581112
2017-07-14,-114.898500,3.563700,3.576866
2017-07-17,-114.895300,3.562600,3.577259
2017-07-18,-114.773000,3.585100,3.592273
2017-07-19,-114.808100,3.590100,3.587962
2017-07-20,-114.823800,3.574000,3.586034
2017-07-21,-114.696400,3.582900,3.601685
2017-07-24,-114.563700,3.576900,3.618005
2017-07-25,-114.483300,3.592000,3.627902
2017-07-26,-114.304900,3.617000,3.649888
2017-07-27,-114.356900,3.602100,3.643476
2017-07-28,-114.344700,3.603400,3.644980
2017-07-31,-114.253700,3.626000,3.656204
2017-08-01,-114.181000,3.637300,3.665177
2017-08-02,-114.219300,3.631100,3.660449
2017-08-03,-114.240600,3.626200,3.657820
2017-08-04,-114.278000,3.626200,3.653206
2017-08-07,-114.087800,3.662600,3.676689
2017-08-08,-114.078700,3.653800,3.677813
2017-08-09,-114.058400,3.660000,3.680322
2017-08-10,-114.109800,3.637500,3.673970
2017-08-11,-114.250600,3.616300,3.656586
2017-08-14,-114.298500,3.592500,3.650677
2017-08-15,-114.327600,3.580100,3.647088
2017-08-16,-114.255100,3.598800,3.656031
2017-08-17,-114.162100,3.592600,3.667511
2017-08-18,-114.010000,3.595100,3.686306
2017-08-21,-113.883100,3.618100,3.702006
2017-08-22,-113.861300,3.620100,3.704705
2017-08-23,-113.880700,3.615200,3.702303
2017-08-24,-113.786500,3.625200,3.713969
2017-08-25,-113.720400,3.632700,3.722161
2017-08-28,-113.584100,3.650200,3.739068
2017-08-29,-113.656800,3.630300,3.730048
2017-08-30,-113.665500,3.630300,3.728969
2017-08-31,-113.704700,3.626500,3.724107
2017-09-01,-113.697800,3.635300,3.724963
2017-09-04,-113.636000,3.645400,3.732628
2017-09-05,-113.550900,3.664100,3.743189
2017-09-06,-113.577900,3.655400,3.739838
2017-09-07,-113.738600,3.615500,3.719905
2017-09-08,-113.825200,3.600500,3.709175
2017-09-11,-113.775500,3.615600,3.715332
2017-09-12,-113.767300,3.618100,3.716348
2017-09-13,-113.682000,3.635600,3.726922
2017-09-14,-113.793800,3.598200,3.713065
2017-09-15,-113.708000,3.598200,3.723698
2017-09-18,-113.617600,3.622000,3.734911
2017-09-19,-113.631800,3.615800,3.733149
2017-09-20,-113.592900,3.620900,3.737976
2017-09-21,-113.528400,3.633400,3.745983
2017-09-22,-113.670400,3.620900,3.728361
2017-09-25,-113.827000,3.598500,3.708952
2017-09-26,-113.807900,3.617200,3.711318
2017-09-27,-113.762400,3.623500,3.716955
2017-09-28,-113.805700,3.613600,3.711591
2017-09-29,-113.828100,3.613600,3.708816
2017-09-30,-113.814100,3.613600,3.710550
2017-10-09,-113.686400,3.647700,3.726377
2017-10-10,-113.659100,3.647000,3.729762
2017-10-11,-113.659800,3.654000,3.729676
2017-10-12,-113.528200,3.676500,3.746008
2017-10-13,-113.562700,3.674000,3.741724
2017-10-16,-113.350700,3.705400,3.768067
2017-10-17,-113.173100,3.740900,3.790172
2017-10-18,-113.190800,3.736600,3.787968
2017-10-19,-113.292300,3.716700,3.775332
2017-10-20,-113.311300,3.721700,3.772968
2017-10-23,-113.303400,3.723100,3.773951
2017-10-24,-113.295500,3.722000,3.774934
2017-10-25,-113.091400,3.776800,3.800353
2017-10-26,-113.082200,3.776900,3.801500
2017-10-27,-112.921500,3.826600,3.821548
2017-10-30,-112.447300,3.911500,3.880874
2017-10-31,-112.494100,3.891700,3.875008
2017-11-01,-112.708000,3.863000,3.848228
2017-11-02,-112.656500,3.871800,3.854671
2017-11-03,-112.620500,3.881600,3.859177
2017-11-06,-112.641500,3.869400,3.856548
2017-11-07,-112.546900,3.881300,3.868393
2017-11-08,-112.543700,3.872500,3.868794
2017-11-09,-112.552900,3.886300,3.867641
2017-11-10,-112.479200,3.900000,3.876876
2017-11-13,-112.276600,3.950000,3.902292
2017-11-14,-112.225500,3.952500,3.908709
2017-11-15,-112.292400,3.950000,3.900308
2017-11-16,-112.432600,3.922500,3.882718
2017-11-17,-112.496900,3.920000,3.874657
2017-11-20,-112.493900,3.940000,3.875033
2017-11-21,-112.441400,3.950000,3.881614
2017-11-22,-112.261000,3.985000,3.904250
2017-11-23,-112.275700,3.985100,3.902405
2017-11-24,-112.417800,3.946300,3.884573
2017-11-27,-112.418600,3.950100,3.884473
2017-11-28,-112.373000,3.960100,3.890193
2017-11-29,-112.495800,3.910100,3.874795
2017-11-30,-112.587900,3.890100,3.863258
2017-12-01,-112.634000,3.885200,3.857487
2017-12-04,-112.664300,3.890200,3.853695
2017-12-05,-112.690600,3.875200,3.850405
2017-12-06,-112.719400,3.875200,3.846802
2017-12-07,-112.664200,3.892700,3.853708
2017-12-08,-112.586500,3.910200,3.863434
2017-12-11,-112.413500,3.930300,3.885113
2017-12-12,-112.349500,3.937800,3.893141
2017-12-13,-112.336400,3.930300,3.894785
2017-12-14,-112.380500,3.910400,3.889252
2017-12-15,-112.479800,3.890400,3.876800
2017-12-18,-112.528500,3.890400,3.870698
2017-12-19,-112.509800,3.900500,3.873041
2017-12-20,-112.486100,3.900500,3.876011
2017-12-21,-112.480000,3.900500,3.876775
2017-12-22,-112.527000,3.878000,3.870886
2017-12-25,-112.521700,3.873100,3.871550
2017-12-26,-112.457100,3.888100,3.879646
2017-12-27,-112.412800,3.895600,3.885200
2017-12-28,-112.440900,3.885700,3.881677
2017-12-29,-112.489000,3.880700,3.875647
2017-12-30,-112.494400,3.880700,3.874971
2017-12-31,-112.495700,3.880700,3.874808
2018-01-02,-112.493600,3.900800,3.875071
2018-01-03,-112.473800,3.916200,3.877552
2018-01-04,-112.419900,3.931900,3.884310
2018-01-05,-112.525000,3.921200,3.871136
2018-01-08,-112.624300,3.911000,3.858701
2018-01-09,-112.677200,3.890900,3.852081
2018-01-10,-112.598500,3.920100,3.861931
2018-01-11,-112.526100,3.954600,3.870999
2018-01-12,-112.579000,3.933700,3.864373
2018-01-15,-112.467300,3.965000,3.878367
2018-01-16,-112.489200,3.959600,3.875622
2018-01-17,-112.459500,3.959700,3.879345
2018-01-18,-112.401900,3.979700,3.886567
2018-01-19,-112.423000,3.975400,3.883921
2018-01-22,-112.466500,3.952200,3.878468
2018-01-23,-112.511800,3.941400,3.872790
2018-01-24,-112.516200,3.950700,3.872239
2018-01-25,-112.516800,3.943500,3.872164
2018-01-26,-112.548800,3.936500,3.868155
2018-01-29,-112.556300,3.936800,3.867216
2018-01-30,-112.547600,3.929200,3.868305
2018-01-31,-112.610200,3.914000,3.860466
2018-02-01,-112.645700,3.906600,3.856023
2018-02-02,-112.653400,3.909200,3.855059
2018-02-05,-112.617200,3.916700,3.859590
2018-02-06,-112.765800,3.882500,3.841000
2018-02-07,-112.854100,3.870000,3.829965
2018-02-08,-112.809800,3.880100,3.835500
2018-02-09,-112.854800,3.880000,3.829878
2018-02-11,-112.866000,3.877500,3.828479
2018-02-12,-112.867600,3.875000,3.828279
2018-02-13,-112.896000,3.870000,3.824732
2018-02-14,-112.910100,3.870200,3.822972
2018-02-22,-112.897000,3.875200,3.824607
2018-02-23,-112.942100,3.870200,3.818977
2018-02-24,-112.970600,3.865200,3.815420
2018-02-26,-113.179300,3.845200,3.789400
2018-02-27,-113.296300,3.820100,3.774834
2018-02-28,-113.376500,3.820200,3.764858
2018-03-01,-113.358900,3.820100,3.767047
2018-03-02,-113.313100,3.835200,3.772744
2018-03-05,-113.238800,3.845300,3.781991
2018-03-06,-113.248200,3.825300,3.780820
2018-03-07,-113.302000,3.820300,3.774125
2018-03-08,-113.327800,3.820300,3.770915
2018-03-09,-113.362900,3.827800,3.766549
2018-03-12,-113.389900,3.824300,3.763192
2018-03-13,-113.349700,3.836200,3.768191
2018-03-14,-113.341100,3.841300,3.769261
2018-03-15,-113.366000,3.825700,3.766164
2018-03-16,-113.446800,3.815400,3.756120
2018-03-19,-113.427000,3.810400,3.758580
2018-03-20,-113.515100,3.790600,3.747635
2018-03-21,-113.600100,3.763000,3.737082
2018-03-22,-113.731800,3.748000,3.720748
2018-03-23,-114.025600,3.700500,3.684377
2018-03-26,-113.965300,3.730700,3.691834
2018-03-27,-113.880400,3.743200,3.702340
2018-03-28,-113.872700,3.740600,3.703293
2018-03-29,-113.836500,3.745600,3.707776
2018-03-30,-113.835300,3.740700,3.707924
2018-04-02,-113.865200,3.735700,3.704222
2018-04-03,-113.880200,3.750700,3.702365
2018-04-04,-113.941900,3.723400,3.694729
2018-04-08,-114.023800,3.700800,3.684599
2018-04-09,-114.246200,3.695900,3.657129
2018-04-10,-114.240400,3.715900,3.657845
2018-04-11,-114.291000,3.710900,3.651602
2018-04-12,-114.349800,3.710900,3.644351
2018-04-13,-114.443400,3.706200,3.632816
2018-04-16,-114.616200,3.656100,3.611546
2018-04-17,-114.703800,3.651200,3.600775
2018-04-18,-115.752700,3.501300,3.472446
2018-04-19,-115.610500,3.506400,3.489776
2018-04-20,-115.640000,3.521500,3.486179
2018-04-23,-115.318800,3.601900,3.525391
2018-04-24,-115.402600,3.585500,3.515150
2018-04-25,-115.285800,3.611800,3.529426
2018-04-26,-115.212700,3.634400,3.538367
2018-04-27,-115.126800,3.636400,3.548882
2018-04-28,-115.167100,3.621700,3.543948
2018-05-02,-115.002300,3.666500,3.564136
2018-05-03,-115.033900,3.646700,3.560263
2018-05-04,-115.107800,3.631900,3.551209
2018-05-07,-115.042200,3.651800,3.559246
2018-05-08,-114.873300,3.692200,3.579958
2018-05-09,-114.785800,3.707400,3.590701
2018-05-10,-114.830800,3.692400,3.585175
2018-05-11,-114.889200,3.688200,3.578007
2018-05-14,-114.838400,3.693700,3.584242
2018-05-15,-114.731200,3.715100,3.597408
2018-05-16,-114.723700,3.707600,3.598330
2018-05-17,-114.650500,3.712000,3.607328
2018-05-18,-114.722200,3.709900,3.598514
2018-05-21,-114.783600,3.693900,3.590971
2018-05-22,-114.908700,3.670000,3.575615
2018-05-23,-115.008400,3.640000,3.563388
2018-05-24,-115.010200,3.650100,3.563167
2018-05-25,-115.187700,3.612600,3.541427
2018-05-28,-115.191500,3.610100,3.540962
2018-05-29,-115.172700,3.600100,3.543263
2018-05-30,-115.200400,3.597600,3.539872
2018-05-31,-115.107900,3.612900,3.551197
2018-06-01,-115.016500,3.620200,3.562395
2018-06-04,-114.820600,3.653200,3.586427
2018-06-05,-114.757600,3.660200,3.594165
2018-06-06,-114.680900,3.660200,3.603590
2018-06-07,-114.655600,3.670200,3.606701
2018-06-08,-114.736100,3.645300,3.596806
2018-06-11,-114.713500,3.650200,3.599583
2018-06-12,-114.566800,3.685300,3.617623
2018-06-13,-114.653400,3.662700,3.606971
2018-06-14,-114.762700,3.622700,3.593538
2018-06-15,-114.885700,3.602800,3.578437
2018-06-19,-115.097500,3.560300,3.552470
2018-06-20,-114.968900,3.605400,3.568231
2018-06-21,-115.039600,3.575300,3.559564
2018-06-22,-115.083500,3.560400,3.554185
2018-06-25,-115.044400,3.580300,3.558976
2018-06-26,-115.075800,3.580400,3.555129
2018-06-27,-115.127800,3.552900,3.548760
2018-06-28,-115.350300,3.530400,3.521540
2018-06-29,-115.780000,3.475600,3.469122
2018-07-02,-115.835100,3.466800,3.462414
2018-07-03,-115.839000,3.495500,3.461940
2018-07-04,-115.801100,3.510700,3.466553
2018-07-05,-115.877600,3.500500,3.457243
2018-07-06,-115.754900,3.525900,3.472178
2018-07-09,-115.670300,3.543200,3.482485
2018-07-10,-115.638800,3.543100,3.486325
2018-07-11,-115.711000,3.510700,3.477526
2018-07-12,-115.720300,3.515800,3.476393
2018-07-13,-115.898300,3.485800,3.454725
2018-07-16,-115.958300,3.480800,3.447428
2018-07-17,-115.946100,3.480800,3.448911
2018-07-18,-116.019000,3.470800,3.440050
2018-07-19,-116.159800,3.440900,3.422952
2018-07-20,-115.969300,3.513500,3.446091
2018-07-23,-115.893700,3.518600,3.455284
2018-07-24,-115.703400,3.561500,3.478452
2018-07-25,-115.682900,3.561400,3.480950
2018-07-26,-115.732700,3.536100,3.474882
2018-07-27,-115.880500,3.521200,3.456890
2018-07-30,-115.941400,3.521300,3.449483
2018-07-31,-116.143300,3.481200,3.424955
2018-08-01,-116.250300,3.463800,3.411973
2018-08-02,-116.265600,3.471300,3.410117
2018-08-03,-116.366900,3.456700,3.397840
2018-08-06,-116.399800,3.456800,3.393855
2018-08-07,-116.375600,3.487600,3.396786
2018-08-08,-116.166200,3.522200,3.422175
2018-08-09,-115.841500,3.547600,3.461635
2018-08-10,-115.786100,3.552500,3.468379
2018-08-13,-115.509900,3.582600,3.502048
2018-08-14,-115.589400,3.551900,3.492349
2018-08-15,-115.535000,3.582900,3.498985
2018-08-16,-115.393700,3.614100,3.516237
2018-08-17,-114.841500,3.652400,3.583861
2018-08-20,-114.856700,3.632600,3.581996
2018-08-21,-114.719500,3.630000,3.598846
2018-08-22,-114.845800,3.607500,3.583334
2018-08-23,-114.968300,3.610100,3.568304
2018-08-24,-114.949900,3.627800,3.570561
2018-08-27,-114.921300,3.630300,3.574069
2018-08-28,-114.949600,3.610100,3.570598
2018-08-29,-114.920500,3.610100,3.574167
2018-08-30,-115.054800,3.580100,3.557702
2018-08-31,-115.113300,3.575100,3.550535
2018-09-03,-114.985700,3.595100,3.566171
2018-09-04,-114.878600,3.610100,3.579308
2018-09-05,-114.874500,3.610100,3.579811
2018-09-06,-114.845900,3.610100,3.583321
2018-09-07,-114.782200,3.630100,3.591143
2018-09-10,-114.533000,3.655100,3.621783
2018-09-11,-114.419400,3.675100,3.635773
2018-09-12,-114.463900,3.655100,3.630291
2018-09-13,-114.516700,3.652600,3.623790
2018-09-14,-114.614100,3.635100,3.611804
2018-09-17,-114.669500,3.632700,3.604992
2018-09-18,-114.661500,3.645200,3.605975
2018-09-19,-114.545800,3.672700,3.620208
2018-09-20,-114.474400,3.700300,3.628998
2018-09-21,-114.566900,3.675200,3.617611
2018-09-25,-114.615100,3.675400,3.611681
2018-09-26,-114.719500,3.650300,3.598846
2018-09-27,-114.850100,3.625300,3.582806
2018-09-28,-114.904100,3.615300,3.576179
2018-09-29,-114.940000,3.610400,3.571775
2018-09-30,-114.952900,3.610300,3.570193
2018-10-08,-114.936500,3.615500,3.572204
2018-10-09,-114.941800,3.615600,3.571554
2018-10-10,-114.982000,3.615600,3.566625
2018-10-11,-115.197000,3.580600,3.540289
2018-10-12,-115.213600,3.583100,3.538257
2018-10-15,-115.178600,3.585700,3.542540
2018-10-16,-115.212000,3.575700,3.538453
2018-10-17,-115.218400,3.580700,3.537670
2018-10-18,-115.365000,3.550800,3.519744
2018-10-19,-115.434600,3.565800,3.511241
2018-10-22,-115.341800,3.591000,3.522579
2018-10-23,-115.375600,3.570900,3.518449
2018-10-24,-115.518600,3.540900,3.500986
2018-10-25,-115.608300,3.540900,3.490044
2018-10-26,-115.636600,3.541000,3.486593
2018-10-29,-115.770600,3.511100,3.470266
2018-10-30,-115.851500,3.516100,3.460418
2018-10-31,-115.868000,3.508600,3.458411
2018-11-01,-115.917300,3.493600,3.452414
2018-11-02,-115.714900,3.546100,3.477051
2018-11-05,-115.744400,3.531200,3.473457
2018-11-06,-115.834700,3.511300,3.462463
2018-11-07,-116.036300,3.481300,3.437948
2018-11-08,-116.074200,3.481300,3.433345
2018-11-09,-116.101200,3.476300,3.430066
2018-11-12,-116.129400,3.486500,3.426642
2018-11-13,-116.218500,3.474000,3.415830
2018-11-14,-116.597800,3.421800,3.369894
2018-11-15,-116.814500,3.391500,3.343718
2018-11-16,-117.161800,3.351500,3.301866
2018-11-19,-117.145800,3.377200,3.303792
2018-11-20,-116.978000,3.377100,3.324000
2018-11-21,-117.057200,3.371600,3.314458
2018-11-22,-116.982100,3.391700,3.323506
2018-11-23,-116.884100,3.391700,3.335321
2018-11-26,-116.812700,3.415100,3.343935
2018-11-27,-116.844100,3.400000,3.340146
2018-11-28,-116.941200,3.370000,3.328435
2018-11-29,-117.090300,3.360000,3.310472
2018-11-30,-117.123400,3.355000,3.306488
2018-12-03,-117.129000,3.350000,3.305814
2018-12-04,-117.429900,3.305000,3.269644
2018-12-05,-117.569800,3.275000,3.252859
2018-12-06,-117.734300,3.275100,3.233147
2018-12-07,-117.840300,3.285300,3.220460
2018-12-10,-117.958900,3.267800,3.206279
2018-12-11,-118.043900,3.265200,3.196124
2018-12-12,-118.046000,3.270300,3.195873
2018-12-13,-117.652600,3.331100,3.242934
2018-12-14,-117.594100,3.346800,3.249945
2018-12-17,-117.441000,3.371300,3.268311
2018-12-18,-117.463800,3.371400,3.265575
2018-12-19,-117.527000,3.341200,3.257992
2018-12-20,-117.728700,3.300300,3.233818
2018-12-21,-117.757000,3.316800,3.230429
2018-12-24,-117.685600,3.348300,3.238980
2018-12-25,-117.718300,3.311300,3.235063
2018-12-26,-117.806800,3.301100,3.224469
2018-12-27,-117.986300,3.270900,3.203005
2018-12-28,-118.284800,3.231500,3.167383
2018-12-29,-118.331300,3.226500,3.161842
2018-12-30,-118.323100,3.226500,3.162819
2018-12-31,-118.322800,3.226500,3.162855
2019-01-02,-118.664100,3.173400,3.122249
2019-01-03,-118.726100,3.141000,3.114885
2019-01-04,-118.659000,3.151300,3.122855
2019-01-07,-118.601000,3.150700,3.129748
2019-01-08,-118.846500,3.121100,3.100596
2019-01-09,-118.756700,3.110600,3.111252
2019-01-10,-118.693300,3.100600,3.118781
2019-01-11,-118.684400,3.105800,3.119838
2019-01-14,-118.573000,3.129700,3.133076
2019-01-15,-118.516200,3.138300,3.139831
2019-01-16,-118.892500,3.074500,3.095141
2019-01-17,-118.937700,3.076000,3.089782
2019-01-18,-118.809800,3.091000,3.104950
2019-01-21,-118.752200,3.103700,3.111786
2019-01-22,-118.746000,3.107100,3.112523
2019-01-23,-118.732600,3.119000,3.114114
2019-01-24,-118.637700,3.133800,3.125386
2019-01-25,-118.579100,3.139800,3.132351
2019-01-28,-118.479400,3.139700,3.144209
2019-01-29,-118.637300,3.124600,3.125433
2019-01-30,-118.728000,3.115100,3.114660
2019-01-31,-118.785700,3.103700,3.107810
2019-02-01,-118.794600,3.103200,3.106754
2019-02-02,-118.844500,3.097800,3.100833
2019-02-03,-118.878500,3.096700,3.096801
2019-02-11,-118.916500,3.067000,3.092295
2019-02-12,-118.938600,3.074800,3.089675
2019-02-13,-118.972000,3.071900,3.085717
2019-02-14,-118.929200,3.072600,3.090790
2019-02-15,-118.902500,3.079400,3.093955
2019-02-18,-118.741300,3.109400,3.113081
2019-02-19,-118.732300,3.127900,3.114149
2019-02-20,-118.738100,3.119600,3.113460
2019-02-21,-118.703100,3.136100,3.117617
2019-02-22,-118.745000,3.145100,3.112641
2019-02-25,-118.413200,3.178700,3.152088
2019-02-26,-118.243800,3.187800,3.172271
2019-02-27,-118.366000,3.168900,3.157709
2019-02-28,-118.304800,3.173100,3.165000
2019-03-01,-118.224600,3.187000,3.174560
2019-03-04,-118.155200,3.202300,3.182838
2019-03-05,-118.069700,3.214900,3.193043
2019-03-06,-118.067700,3.202100,3.193282
2019-03-07,-118.242100,3.157200,3.172473
2019-03-08,-118.360300,3.142300,3.158388
2019-03-11,-118.385400,3.137400,3.155399
2019-03-12,-118.353200,3.142400,3.159234
2019-03-13,-118.349700,3.137500,3.159650
2019-03-14,-118.291100,3.147500,3.166633
2019-03-15,-118.324000,3.137600,3.162712
2019-03-18,-118.319000,3.137700,3.163308
2019-03-19,-118.332400,3.137700,3.161711
2019-03-20,-118.289300,3.145300,3.166847
2019-03-21,-118.361300,3.129100,3.158269
2019-03-22,-118.507900,3.108000,3.140818
2019-03-25,-118.641400,3.083100,3.124946
2019-03-26,-118.709400,3.063300,3.116868
2019-03-27,-118.670200,3.088200,3.121524
2019-03-28,-118.730700,3.063400,3.114339
2019-03-29,-118.804400,3.068300,3.105591
2019-04-01,-118.447400,3.133200,3.148017
2019-04-02,-118.317400,3.168100,3.163498
2019-04-03,-117.879300,3.233100,3.215795
2019-04-04,-117.729600,3.267900,3.233710
2019-04-08,-117.734500,3.248200,3.233123
2019-04-09,-117.458500,3.288200,3.266211
2019-04-10,-117.416900,3.293200,3.271205
2019-04-11,-117.428400,3.278400,3.269824
2019-04-12,-117.250400,3.333400,3.291210
2019-04-15,-116.846700,3.373600,3.339832
2019-04-16,-116.656300,3.393700,3.362823
2019-04-17,-116.630400,3.393800,3.365953
2019-04-18,-116.830100,3.358900,3.341835
2019-04-19,-116.726200,3.374100,3.354378
2019-04-22,-116.543800,3.409100,3.376425
2019-04-23,-116.531300,3.399300,3.377937
2019-04-24,-116.340800,3.434300,3.401002
2019-04-25,-116.439700,3.419300,3.389023
2019-04-26,-116.536000,3.404300,3.377369
2019-04-28,-116.550300,3.404300,3.375639
2019-04-29,-116.493700,3.426800,3.382487
2019-04-30,-116.613300,3.386900,3.368020
2019-05-05,-116.642600,3.384900,3.364479
2019-05-06,-116.845700,3.355000,3.339953
2019-05-07,-116.786200,3.355100,3.347134
2019-05-08,-116.868100,3.342600,3.337251
2019-05-09,-117.036200,3.311600,3.316988
2019-05-10,-117.050200,3.301700,3.315301
2019-05-13,-117.195900,3.270900,3.297764
2019-05-14,-117.101300,3.285900,3.309148
2019-05-15,-117.102800,3.276200,3.308967
2019-05-16,-117.201900,3.266200,3.297042
2019-05-17,-117.112700,3.266500,3.307776
2019-05-20,-117.099400,3.271700,3.309377
2019-05-21,-117.004900,3.299000,3.320758
2019-05-22,-116.914200,3.326400,3.331691
2019-05-23,-117.009600,3.310000,3.320192
2019-05-24,-117.036700,3.312500,3.316927
2019-05-27,-116.802700,3.350000,3.345142
2019-05-28,-116.943500,3.310000,3.328158
2019-05-29,-117.126300,3.287500,3.306139
2019-05-30,-117.189900,3.275000,3.298486
2019-05-31,-117.165100,3.275100,3.301469
2019-06-03,-117.337600,3.240100,3.280729
2019-06-04,-117.559200,3.210100,3.254130
2019-06-05,-117.628500,3.210000,3.245822
2019-06-06,-117.679900,3.213600,3.239663
2019-06-10,-117.587500,3.225100,3.250736
2019-06-11,-117.349000,3.265100,3.279359
2019-06-12,-117.356800,3.260100,3.278422
2019-06-13,-117.460400,3.245100,3.265983
2019-06-14,-117.627600,3.230200,3.245929
2019-06-17,-117.678200,3.225200,3.239866
2019-06-18,-117.637800,3.230200,3.244707
2019-06-19,-117.556400,3.242700,3.254465
2019-06-20,-117.631400,3.235200,3.245474
2019-06-21,-117.605800,3.230300,3.248542
2019-06-24,-117.487100,3.245300,3.262778
2019-06-25,-117.529700,3.235300,3.257668
2019-06-26,-117.476600,3.245300,3.264038
2019-06-27,-117.431000,3.255300,3.269512
2019-06-28,-117.545200,3.225400,3.255809
2019-07-01,-117.558000,3.225400,3.254274
2019-07-02,-117.930700,3.170400,3.209650
2019-07-03,-118.050100,3.155400,3.195384
2019-07-04,-118.108800,3.147900,3.188375
2019-07-05,-118.027700,3.170500,3.198059
2019-07-08,-117.938200,3.180500,3.208753
2019-07-09,-117.960600,3.168000,3.206076
2019-07-10,-117.940500,3.170600,3.208478
2019-07-11,-117.993300,3.168000,3.202168
2019-07-12,-118.056900,3.153100,3.194572
2019-07-15,-117.939700,3.178200,3.208574
2019-07-16,-117.915800,3.173200,3.211431
2019-07-17,-117.879500,3.175700,3.215772
2019-07-18,-117.945300,3.160800,3.207904
2019-07-19,-117.890600,3.155900,3.214444
2019-07-22,-117.976900,3.148400,3.204128
2019-07-23,-118.017000,3.148400,3.199337
2019-07-24,-117.904500,3.171000,3.212782
2019-07-25,-117.947800,3.163500,3.207606
2019-07-26,-117.930700,3.166100,3.209650
2019-07-29,-117.836700,3.183600,3.220891
2019-07-30,-117.852300,3.176100,3.219025
2019-07-31,-117.992500,3.155200,3.202264
2019-08-01,-118.036900,3.148700,3.196960
2019-08-02,-118.377200,3.091400,3.156375
2019-08-05,-118.662100,3.056300,3.122487
2019-08-06,-118.605400,3.061300,3.129225
2019-08-07,-118.705000,3.051400,3.117391
2019-08-08,-118.733700,3.046500,3.113983
2019-08-09,-118.901600,3.021600,3.094062
2019-08-12,-118.809000,3.039100,3.105045
2019-08-13,-119.012100,3.004100,3.080966
2019-08-14,-119.129100,3.010500,3.067114
2019-08-15,-119.167000,3.011500,3.062629
2019-08-16,-119.105900,3.021700,3.069859
2019-08-19,-119.161400,3.019100,3.063292
2019-08-20,-119.085500,3.031700,3.072274
2019-08-21,-118.913600,3.056700,3.092639
2019-08-22,-118.888500,3.054300,3.095615
2019-08-23,-118.849000,3.064400,3.100300
2019-08-26,-118.953600,3.049400,3.087898
2019-08-27,-118.886600,3.052000,3.095840
2019-08-28,-118.876600,3.052000,3.097026
2019-08-29,-119.003600,3.032100,3.081973
2019-08-30,-118.804300,3.057300,3.105603
2019-09-02,-118.699800,3.072300,3.118009
2019-09-03,-118.700600,3.062400,3.117914
2019-09-04,-118.808100,3.047300,3.105152
2019-09-05,-119.100400,3.017300,3.070510
2019-09-06,-119.142500,3.017300,3.065528
2019-09-09,-119.075400,3.025000,3.073470
2019-09-10,-118.981400,3.042500,3.084603
2019-09-11,-118.949400,3.052500,3.088395
2019-09-12,-118.747300,3.087600,3.112368
2019-09-16,-118.715700,3.092600,3.116120
2019-09-17,-118.650900,3.107600,3.123817
2019-09-18,-118.462200,3.127800,3.146256
2019-09-19,-118.532300,3.105300,3.137916
2019-09-20,-118.542400,3.098000,3.136715
2019-09-23,-118.532500,3.100500,3.137892
2019-09-24,-118.439600,3.120500,3.148946
2019-09-25,-118.430900,3.115700,3.149981
2019-09-26,-118.315100,3.138100,3.163773
2019-09-27,-118.239500,3.148200,3.172783
2019-09-29,-118.279900,3.143400,3.167967
2019-09-30,-118.242600,3.141100,3.172414
2019-10-08,-118.398200,3.106300,3.153874
2019-10-09,-118.415900,3.108900,3.151767
2019-10-10,-118.318100,3.128900,3.163415
2019-10-11,-118.193200,3.156400,3.178305
2019-10-12,-118.059800,3.171600,3.194225
2019-10-14,-118.099100,3.164100,3.189533
2019-10-15,-118.040000,3.166800,3.196590
2019-10-16,-118.075000,3.169300,3.192410
2019-10-17,-118.128500,3.156900,3.186024
2019-10-18,-117.971000,3.187000,3.204833
2019-10-21,-117.750700,3.219600,3.231184
2019-10-22,-117.728400,3.219600,3.233854
2019-10-23,-117.760800,3.212200,3.229975
2019-10-24,-117.766200,3.219600,3.229328
2019-10-25,-117.679700,3.237200,3.239687
2019-10-28,-117.366600,3.292400,3.277245
2019-10-29,-117.329800,3.302900,3.281666
2019-10-30,-117.172700,3.312500,3.300555
2019-10-31,-117.318200,3.288000,3.283060
2019-11-01,-117.433400,3.275700,3.269224
2019-11-04,-117.308400,3.295400,3.284238
2019-11-05,-117.572200,3.245400,3.252571
2019-11-06,-117.584800,3.255500,3.251060
2019-11-07,-117.503800,3.273600,3.260775
2019-11-08,-117.477900,3.276500,3.263882
2019-11-11,-117.573300,3.246300,3.252439
2019-11-12,-117.592700,3.255000,3.250113
2019-11-13,-117.659700,3.237000,3.242083
2019-11-14,-117.567500,3.255500,3.253134
2019-11-15,-117.679000,3.235500,3.239771
2019-11-18,-117.942600,3.199300,3.208227
2019-11-19,-118.142700,3.174300,3.184330
2019-11-20,-118.147000,3.174700,3.183816
2019-11-21,-118.240300,3.174900,3.172688
2019-11-22,-118.255800,3.174700,3.170840
2019-11-25,-118.101500,3.187500,3.189247
2019-11-26,-118.166800,3.167500,3.181454
2019-11-27,-118.159800,3.170000,3.182289
2019-11-28,-118.180100,3.165000,3.179867
2019-11-29,-118.230600,3.165000,3.173845
2019-12-02,-118.045500,3.206200,3.195933
2019-12-03,-118.123000,3.174600,3.186681
2019-12-04,-118.190900,3.175100,3.178579
2019-12-05,-118.183300,3.177600,3.179486
2019-12-06,-118.164100,3.175100,3.181776
2019-12-09,-118.112500,3.190300,3.187934
2019-12-10,-118.152900,3.177600,3.183112
2019-12-11,-118.199200,3.170200,3.177589
2019-12-12,-118.237800,3.165200,3.172986
2019-12-13,-118.177500,3.182800,3.180178
2019-12-16,-118.156800,3.185400,3.182647
2019-12-17,-118.020000,3.213300,3.198979
2019-12-18,-118.001400,3.213900,3.201201
2019-12-19,-118.028700,3.213900,3.197939
2019-12-20,-118.265500,3.180800,3.169684
2019-12-23,-118.407800,3.166100,3.152731
2019-12-24,-118.543700,3.153500,3.136560
2019-12-25,-118.641400,3.146300,3.124946
2019-12-26,-118.843900,3.113700,3.100905
2019-12-27,-118.814000,3.129200,3.104452
2019-12-30,-118.796300,3.132200,3.106552
2019-12-31,-118.859700,3.136500,3.099030
2020-01-02,-118.746600,3.148500,3.112451
2020-01-03,-118.710000,3.142800,3.116797
2020-01-06,-118.792100,3.135200,3.107051
2020-01-07,-118.770600,3.137900,3.109602
2020-01-08,-118.843500,3.133700,3.100952
2020-01-09,-118.916200,3.118400,3.092331
2020-01-10,-119.087700,3.081900,3.072014
2020-01-13,-119.088400,3.084000,3.071931
2020-01-14,-119.002800,3.099400,3.082068
2020-01-15,-119.019100,3.089700,3.080137
2020-01-16,-119.013700,3.091800,3.080777
2020-01-17,-119.072100,3.083200,3.073861
2020-01-19,-119.106100,3.078000,3.069836
2020-01-20,-119.227800,3.077600,3.055438
2020-01-21,-119.525500,3.033700,3.020282
2020-01-22,-119.543500,3.028200,3.018159
2020-01-23,-119.823800,2.993200,2.985142
2020-02-03,-120.987400,2.823100,2.848901
2020-02-04,-120.857000,2.855100,2.864104
2020-02-05,-120.855300,2.844000,2.864302
2020-02-06,-120.910500,2.839200,2.857865
2020-02-07,-121.127000,2.802400,2.832644
2020-02-10,-121.266800,2.787200,2.816383
2020-02-11,-121.088000,2.834000,2.837184
2020-02-12,-121.050900,2.833300,2.841504
2020-02-13,-121.075600,2.820100,2.838628
2020-02-14,-120.895100,2.863100,2.859660
2020-02-17,-120.685000,2.892800,2.884182
2020-02-18,-120.781500,2.866400,2.872914
2020-02-19,-120.743400,2.877600,2.877361
2020-02-20,-120.606900,2.885700,2.893308
2020-02-21,-120.842500,2.847000,2.865795
2020-02-24,-121.021700,2.812000,2.844905
2020-02-25,-120.976200,2.822000,2.850206
2020-02-26,-121.050500,2.797300,2.841551
2020-02-27,-121.204700,2.770200,2.823604
2020-02-28,-121.425700,2.737600,2.797922
2020-03-02,-121.392200,2.742800,2.801812
2020-03-03,-121.338900,2.747800,2.808003
2020-03-04,-121.630000,2.673000,2.774223
2020-03-05,-121.633400,2.682900,2.773828
2020-03-06,-121.986000,2.628000,2.733020
2020-03-09,-122.935000,2.520500,2.623771
2020-03-10,-122.413500,2.613000,2.683701
2020-03-11,-122.424100,2.607900,2.682481
2020-03-12,-122.326100,2.637900,2.693770
2020-03-13,-121.947200,2.675900,2.737505
2020-03-16,-122.001400,2.675800,2.731241
2020-03-17,-121.711800,2.713500,2.764745
2020-03-18,-121.623700,2.713600,2.774953
2020-03-19,-121.515400,2.729900,2.787512
2020-03-20,-121.717200,2.681500,2.764119
2020-03-23,-121.974000,2.631500,2.734407
2020-03-24,-122.053600,2.628900,2.725210
2020-03-25,-122.121700,2.628900,2.717346
2020-03-26,-122.377400,2.594000,2.687859
2020-03-27,-122.302700,2.609000,2.696467
2020-03-30,-122.317400,2.614200,2.694773
2020-03-31,-122.512600,2.589900,2.672293
2020-04-01,-122.734100,2.555000,2.646828
2020-04-02,-122.599500,2.585400,2.662297
2020-04-03,-122.496400,2.596500,2.674157
2020-04-07,-123.288600,2.511200,2.583280
2020-04-08,-123.637500,2.482400,2.543440
2020-04-09,-123.430900,2.522600,2.567017
2020-04-10,-123.230100,2.540300,2.589971
2020-04-13,-123.180000,2.565800,2.595703
2020-04-14,-123.251000,2.559100,2.587580
2020-04-15,-123.319800,2.545500,2.579712
2020-04-16,-123.427400,2.527600,2.567417
2020-04-17,-123.324100,2.559000,2.579221
2020-04-20,-123.052500,2.592000,2.610303
2020-04-21,-123.139200,2.579100,2.600373
2020-04-22,-123.359800,2.556700,2.575141
2020-04-23,-123.681700,2.522700,2.538401
2020-04-24,-123.804800,2.510000,2.524377
2020-04-26,-123.767500,2.520500,2.528625
2020-04-27,-123.656300,2.534500,2.541297
2020-04-28,-123.722900,2.525400,2.533706
2020-04-29,-123.888900,2.500900,2.514804
2020-04-30,-123.732100,2.538000,2.532658
2020-05-06,-123.383400,2.580900,2.572444
2020-05-07,-123.035200,2.629800,2.612285
2020-05-08,-123.022400,2.620700,2.613752
2020-05-09,-122.902200,2.640000,2.627533
2020-05-11,-122.557200,2.669800,2.667162
2020-05-12,-122.562400,2.660300,2.666564
2020-05-13,-122.403400,2.707600,2.684865
2020-05-14,-122.404000,2.698900,2.684795
2020-05-15,-122.466200,2.682000,2.677634
2020-05-18,-122.113000,2.725300,2.718351
2020-05-19,-122.035700,2.727200,2.727278
2020-05-20,-122.133000,2.690000,2.716042
2020-05-21,-122.119200,2.685000,2.717635
2020-05-22,-122.473500,2.617600,2.676793
2020-05-25,-122.029100,2.685200,2.728040
2020-05-26,-121.643400,2.740200,2.772669
2020-05-27,-121.418700,2.752700,2.798735
2020-05-28,-121.508200,2.720100,2.788347
2020-05-29,-121.578600,2.705300,2.780181
2020-06-01,-121.463600,2.725300,2.793523
2020-06-02,-120.881300,2.785200,2.861270
2020-06-03,-120.590600,2.790100,2.895213
2020-06-04,-120.305200,2.830100,2.928617
2020-06-05,-120.093600,2.847500,2.953435
2020-06-08,-120.260400,2.810100,2.933868
2020-06-09,-120.267200,2.803100,2.933071
2020-06-10,-120.229800,2.820100,2.937456
2020-06-11,-120.521900,2.770100,2.903247
2020-06-12,-120.678200,2.745100,2.884976
2020-06-15,-120.597300,2.787800,2.894430
2020-06-16,-120.134700,2.840200,2.948611
2020-06-17,-119.891600,2.880200,2.977167
2020-06-18,-120.028000,2.852700,2.961138
2020-06-19,-119.886000,2.875200,2.977826
2020-06-22,-119.656200,2.915300,3.004875
2020-06-23,-119.609600,2.912700,3.010366
2020-06-24,-119.919600,2.861400,2.973875
2020-06-28,-120.043800,2.840400,2.959282
2020-06-29,-119.998100,2.850400,2.964650
2020-06-30,-120.180000,2.823000,2.943296
2020-07-01,-120.078200,2.845600,2.955243
2020-07-02,-120.099200,2.858400,2.952778
2020-07-03,-119.864500,2.897400,2.980354
2020-07-06,-119.083300,2.995900,3.072535
2020-07-07,-118.892900,3.015800,3.095093
2020-07-08,-118.614000,3.063200,3.128202
2020-07-09,-118.372500,3.080900,3.156935
2020-07-10,-118.578600,3.030500,3.132410
2020-07-13,-118.362900,3.055700,3.158078
2020-07-14,-118.608600,3.005700,3.128844
2020-07-15,-118.841200,2.955900,3.101225
2020-07-16,-119.029100,2.945900,3.078953
2020-07-17,-119.034200,2.950700,3.078349
2020-07-20,-119.108200,2.931100,3.069587
2020-07-21,-119.387100,2.901100,3.036615
2020-07-22,-119.543500,2.886100,3.018159
2020-07-23,-119.459600,2.906400,3.028057
2020-07-24,-119.773300,2.861200,2.991085
2020-07-27,-119.728100,2.879100,2.996406
2020-07-28,-119.433800,2.921400,3.031102
2020-07-29,-119.312400,2.941500,3.045439
2020-07-30,-119.277600,2.936400,3.049551
2020-07-31,-119.062000,2.966400,3.075057
2020-08-03,-119.058300,2.946600,3.075495
2020-08-04,-119.052600,2.936500,3.076170
2020-08-05,-118.865300,2.959200,3.098366
2020-08-06,-118.660800,2.981600,3.122641
2020-08-07,-118.531800,2.991800,3.137976
2020-08-10,-118.743800,2.954300,3.112784
2020-08-11,-118.779700,2.954400,3.108522
2020-08-12,-118.688400,2.962000,3.119363
2020-08-13,-118.753800,2.955500,3.111597
2020-08-14,-118.899900,2.936900,3.094263
2020-08-17,-118.956200,2.942100,3.087589
2020-08-18,-118.811500,2.977100,3.104748
2020-08-19,-118.624300,2.992100,3.126978
2020-08-20,-118.464200,2.997300,3.146018
2020-08-21,-118.627500,2.982300,3.126598
2020-08-24,-118.522800,2.999800,3.139046
2020-08-25,-118.232800,3.042400,3.173582
2020-08-26,-118.181100,3.051100,3.179748
2020-08-27,-118.105900,3.059900,3.188722
2020-08-28,-117.992200,3.067200,3.202300
2020-08-31,-118.265600,3.017700,3.169672
2020-09-01,-118.106100,3.047800,3.188698
2020-09-02,-117.824200,3.102700,3.222387
2020-09-03,-117.764300,3.105100,3.229556
2020-09-04,-117.650600,3.122800,3.243173
2020-09-07,-117.453700,3.145400,3.266787
2020-09-08,-117.548500,3.123000,3.255413
2020-09-09,-117.817800,3.080500,3.223152
2020-09-10,-117.834100,3.083300,3.221202
2020-09-11,-117.665700,3.134600,3.241364
2020-09-14,-117.557000,3.153200,3.254393
2020-09-15,-117.780000,3.108300,3.227676
2020-09-16,-117.719800,3.126000,3.234884
2020-09-17,-117.676800,3.133400,3.240034
2020-09-18,-117.684700,3.116200,3.239088
2020-09-21,-117.808400,3.099900,3.224277
2020-09-22,-117.908700,3.086300,3.212280
2020-09-23,-117.894700,3.089000,3.213954
2020-09-24,-117.915900,3.084000,3.211419
2020-09-25,-117.702400,3.129500,3.236968
2020-09-27,-117.689400,3.132400,3.238525
2020-09-28,-117.757600,3.109200,3.230358
2020-09-29,-117.647400,3.129200,3.243557
2020-09-30,-117.492000,3.148200,3.262191
2020-10-09,-117.150600,3.187300,3.303214
2020-10-10,-117.139500,3.189800,3.304550
2020-10-12,-117.190000,3.186100,3.298474
2020-10-13,-117.158700,3.195000,3.302239
2020-10-14,-117.046500,3.215000,3.315747
2020-10-15,-116.985800,3.230000,3.323060
2020-10-16,-116.973800,3.220200,3.324506
2020-10-19,-117.076700,3.200500,3.312110
2020-10-20,-117.112400,3.195500,3.307812
2020-10-21,-117.195600,3.185500,3.297800
2020-10-22,-117.388200,3.170700,3.274651
2020-10-23,-117.279400,3.195700,3.287723
2020-10-26,-117.259400,3.193400,3.290127
2020-10-27,-117.439800,3.160900,3.268455
2020-10-28,-117.350800,3.181000,3.279143
2020-10-29,-117.355400,3.186000,3.278590
2020-10-30,-117.399100,3.181000,3.273342
2020-11-02,-117.460800,3.178500,3.265935
2020-11-03,-117.501000,3.176200,3.261111
2020-11-04,-117.565600,3.168700,3.253362
2020-11-05,-117.462700,3.191200,3.265707
2020-11-06,-117.329700,3.206300,3.281678
2020-11-09,-117.183200,3.236300,3.299292
2020-11-10,-117.216700,3.224100,3.295262
2020-11-11,-117.194100,3.239100,3.297980
2020-11-12,-117.092300,3.261400,3.310232
2020-11-13,-116.989200,3.271500,3.322650
2020-11-16,-116.987400,3.274100,3.322867
2020-11-17,-116.930600,3.286600,3.329713
2020-11-18,-116.733200,3.324000,3.353533
2020-11-19,-116.563200,3.348700,3.374078
2020-11-20,-116.634100,3.310000,3.365506
2020-11-23,-116.842300,3.265000,3.340363
2020-11-24,-116.777500,3.290000,3.348184
2020-11-25,-116.867800,3.267500,3.337287
2020-11-26,-116.845900,3.285000,3.339929
2020-11-27,-116.798400,3.300000,3.345661
2020-11-30,-117.139100,3.250000,3.304598
2020-12-01,-117.054500,3.272500,3.314783
2020-12-02,-116.916800,3.292500,3.331377
2020-12-03,-116.949400,3.285100,3.327447
2020-12-04,-117.067000,3.265100,3.313278
2020-12-07,-117.051300,3.270100,3.315169
2020-12-08,-117.202500,3.255100,3.296970
2020-12-09,-117.200800,3.272600,3.297174
2020-12-10,-117.260600,3.260100,3.289983
2020-12-11,-117.082100,3.295100,3.311460
2020-12-14,-117.102300,3.285100,3.309028
2020-12-15,-117.178800,3.277700,3.299821
2020-12-16,-117.239500,3.275200,3.292520
2020-12-17,-117.201800,3.280200,3.297054
2020-12-18,-117.232100,3.290200,3.293410
2020-12-21,-117.361300,3.265200,3.277882
2020-12-22,-117.594000,3.227800,3.249957
2020-12-23,-117.642700,3.215300,3.244120
2020-12-24,-117.518000,3.230300,3.259071
2020-12-25,-117.708600,3.187800,3.236225
2020-12-28,-117.847100,3.162900,3.219647
2020-12-29,-117.921900,3.155400,3.210702
2020-12-30,-118.142100,3.120400,3.184401
2020-12-31,-118.096300,3.142900,3.189867
2021-01-04,-117.832000,3.178000,3.221453
2021-01-05,-118.075400,3.130500,3.192363
2021-01-06,-118.172100,3.125600,3.180822
2021-01-07,-118.253600,3.125600,3.171102
2021-01-08,-118.147200,3.145600,3.183793
2021-01-11,-118.047100,3.163200,3.195742
2021-01-12,-118.145400,3.145700,3.184007
2021-01-13,-118.364400,3.115700,3.157899
2021-01-14,-118.439600,3.105900,3.148946
2021-01-15,-118.143600,3.150800,3.184222
2021-01-18,-117.996000,3.165800,3.201846
2021-01-19,-118.027800,3.160900,3.198047
2021-01-20,-118.118800,3.161000,3.187182
2021-01-21,-118.278300,3.133500,3.168158
2021-01-22,-118.320900,3.118500,3.163081
2021-01-25,-118.272200,3.132300,3.168885
2021-01-26,-118.059400,3.158500,3.194273
2021-01-27,-118.041400,3.163600,3.196423
2021-01-28,-117.837100,3.196100,3.220843
2021-01-29,-117.904600,3.178600,3.212770
2021-02-01,-117.992300,3.171200,3.202288
2021-02-02,-117.964100,3.186200,3.205658
2021-02-03,-117.767000,3.211200,3.229232
2021-02-04,-117.661200,3.234700,3.241903
2021-02-05,-117.679300,3.216400,3.239735
2021-02-07,-117.703100,3.216800,3.236884
2021-02-08,-117.641500,3.237000,3.244264
2021-02-09,-117.722000,3.230300,3.234620
2021-02-10,-117.659700,3.244900,3.242083
2021-02-18,-117.401300,3.283100,3.273078
2021-02-19,-117.567100,3.257800,3.253182
2021-02-20,-117.562300,3.260500,3.253758
2021-02-22,-117.507700,3.273600,3.260307
2021-02-23,-117.519300,3.263500,3.258915
2021-02-24,-117.552100,3.262700,3.254981
2021-02-25,-117.499000,3.272300,3.261351
2021-02-26,-117.433800,3.279800,3.269176
2021-03-01,-117.615800,3.247500,3.247344
2021-03-02,-117.634000,3.247400,3.245162
2021-03-03,-117.613100,3.255300,3.247667
2021-03-04,-117.568900,3.265500,3.252966
2021-03-05,-117.675400,3.245700,3.240202
2021-03-08,-117.722000,3.240400,3.234620
2021-03-09,-117.694000,3.247800,3.237974
2021-03-10,-117.717300,3.235300,3.235183
2021-03-11,-117.715800,3.250600,3.235363
2021-03-12,-117.672300,3.261300,3.240573
2021-03-15,-117.613000,3.274000,3.247679
2021-03-16,-117.650600,3.261400,3.243173
2021-03-17,-117.713800,3.256400,3.235602
2021-03-18,-117.738600,3.259200,3.232632
2021-03-19,-117.836700,3.236400,3.220891
2021-03-22,-117.889400,3.230900,3.214588
2021-03-23,-117.949700,3.210500,3.207379
2021-03-24,-118.063800,3.193000,3.193748
2021-03-25,-118.085200,3.188200,3.191193
2021-03-26,-118.043700,3.198500,3.196148
2021-03-29,-118.024200,3.196200,3.198477
2021-03-30,-118.011200,3.206000,3.200030
2021-03-31,-118.100000,3.188700,3.189426
2021-04-01,-118.068100,3.196000,3.193234
2021-04-02,-118.066100,3.201300,3.193473
2021-04-06,-118.018100,3.208700,3.199206
2021-04-07,-117.963000,3.221500,3.205789
2021-04-08,-117.942100,3.222100,3.208287
2021-04-09,-118.011600,3.212100,3.199982
2021-04-12,-118.106500,3.194800,3.188650
2021-04-13,-118.318700,3.162600,3.163344
2021-04-14,-118.353000,3.165100,3.159257
2021-04-15,-118.372700,3.172800,3.156911
2021-04-16,-118.453800,3.163100,3.147256
2021-04-19,-118.517800,3.155900,3.139641
2021-04-20,-118.595500,3.155400,3.130401
2021-04-21,-118.655200,3.153000,3.123307
2021-04-22,-118.626700,3.161400,3.126693
2021-04-23,-118.576500,3.171900,3.132660
2021-04-25,-118.502600,3.184100,3.141449
2021-04-26,-118.355400,3.202400,3.158971
2021-04-27,-118.328100,3.207800,3.162224
2021-04-28,-118.369400,3.197900,3.157304
2021-04-29,-118.437900,3.187200,3.149148
2021-04-30,-118.553100,3.164000,3.135442
2021-05-06,-118.620700,3.150700,3.127406
2021-05-07,-118.638500,3.158900,3.125291
2021-05-08,-118.645700,3.158200,3.124435
2021-05-10,-118.698800,3.146000,3.118127
2021-05-11,-118.773200,3.138000,3.109294
2021-05-12,-118.810300,3.131000,3.104891
2021-05-13,-118.752800,3.136600,3.111715
2021-05-14,-118.784300,3.142200,3.107976
2021-05-17,-118.715400,3.152400,3.116156
2021-05-18,-118.743300,3.145700,3.112843
2021-05-19,-118.859900,3.129800,3.099007
2021-05-20,-118.987200,3.100100,3.083916
2021-05-21,-119.141100,3.087600,3.065694
2021-05-24,-119.117900,3.085000,3.068439
2021-05-25,-119.110700,3.085000,3.069291
2021-05-26,-119.197200,3.060000,3.059057
2021-05-27,-119.120600,3.072500,3.068120
2021-05-28,-119.042700,3.082500,3.077342
2021-05-31,-119.108200,3.045000,3.069587
2021-06-01,-119.159800,3.040000,3.063481
2021-06-02,-119.056200,3.065000,3.075743
2021-06-03,-119.087700,3.055000,3.072014
2021-06-04,-118.866900,3.092500,3.098176
2021-06-07,-118.699300,3.110000,3.118068
2021-06-08,-118.686400,3.110000,3.119600
2021-06-09,-118.672500,3.105100,3.121251
2021-06-10,-118.716800,3.100000,3.115990
2021-06-11,-118.532600,3.127600,3.137880
2021-06-15,-118.525600,3.117600,3.138713
2021-06-16,-118.472800,3.130100,3.144995
2021-06-17,-118.327700,3.140100,3.162271
2021-06-18,-118.423800,3.120200,3.150826
2021-06-21,-118.618100,3.095300,3.127715
2021-06-22,-118.652900,3.087700,3.123580
2021-06-23,-118.705000,3.085300,3.117391
2021-06-24,-118.732500,3.082800,3.114125
2021-06-25,-118.745300,3.082700,3.112606
2021-06-28,-118.655500,3.090300,3.123271
2021-06-29,-118.698000,3.085300,3.118222
2021-06-30,-118.750800,3.077800,3.111953
2021-07-01,-118.716700,3.087800,3.116002
2021-07-02,-118.725600,3.080300,3.114945
2021-07-05,-118.812400,3.075400,3.104642
2021-07-06,-118.789800,3.085400,3.107324
2021-07-07,-118.984700,3.055400,3.084212
2021-07-08,-119.500800,2.983000,3.023195
2021-07-09,-119.353900,3.010500,3.040536
2021-07-12,-119.752100,2.943100,2.993580
2021-07-13,-119.879800,2.925600,2.978555
2021-07-14,-119.905600,2.935600,2.975521
2021-07-15,-119.735800,2.955700,2.995499
2021-07-16,-119.798700,2.943200,2.988096
2021-07-19,-119.819200,2.948300,2.985683
2021-07-20,-119.971800,2.925800,2.967740
2021-07-21,-120.056300,2.918400,2.957814
2021-07-22,-120.025300,2.928400,2.961455
2021-07-23,-120.125600,2.913400,2.949679
2021-07-26,-120.398000,2.871100,2.917747
2021-07-27,-120.208100,2.911000,2.940000
2021-07-28,-120.063300,2.931200,2.956992
2021-07-29,-120.232000,2.884000,2.937198
2021-07-30,-120.540100,2.836300,2.901118
2021-08-02,-120.785600,2.821200,2.872435
2021-08-03,-120.689800,2.833700,2.883621
2021-08-04,-120.646400,2.833800,2.888691
2021-08-05,-120.859600,2.798800,2.863801
2021-08-06,-120.798800,2.813900,2.870894
2021-08-09,-120.471500,2.861500,2.909143
2021-08-10,-120.381100,2.876600,2.919726
2021-08-11,-120.309200,2.884100,2.928149
2021-08-12,-120.434800,2.856600,2.913439
2021-08-13,-120.306800,2.879200,2.928430
2021-08-16,-120.228800,2.894300,2.937573
2021-08-17,-120.284600,2.881900,2.931031
2021-08-18,-120.511900,2.849400,2.904416
2021-08-19,-120.606900,2.839500,2.893308
2021-08-20,-120.571200,2.852000,2.897481
2021-08-23,-120.472500,2.867200,2.909026
2021-08-24,-120.516300,2.852200,2.903902
2021-08-25,-120.561400,2.854700,2.898627
2021-08-26,-120.356700,2.884800,2.922584
2021-08-27,-120.422600,2.869800,2.914867
2021-08-30,-120.522300,2.850500,2.903200
2021-08-31,-120.557700,2.845000,2.899060
2021-09-01,-120.714700,2.822600,2.880713
2021-09-02,-120.701900,2.830100,2.882208
2021-09-03,-120.669300,2.832700,2.886016
2021-09-06,-120.657400,2.835400,2.887406
2021-09-07,-120.514300,2.860400,2.904136
2021-09-08,-120.442400,2.870500,2.912549
2021-09-09,-120.412800,2.873000,2.916014
2021-09-10,-120.431200,2.865600,2.913860
2021-09-13,-120.345400,2.890800,2.923907
2021-09-14,-120.281300,2.885800,2.931418
2021-09-15,-120.257300,2.900900,2.934231
2021-09-16,-120.277300,2.888500,2.931887
2021-09-17,-120.345100,2.878500,2.923943
2021-09-18,-120.384200,2.871700,2.919363
2021-09-22,-120.460000,2.863900,2.910489
2021-09-23,-120.507700,2.856500,2.904908
2021-09-24,-120.466300,2.871900,2.909752
2021-09-26,-120.438400,2.879700,2.913017
2021-09-27,-120.424900,2.882500,2.914598
2021-09-28,-120.382200,2.876900,2.919597
2021-09-29,-120.452300,2.864600,2.911390
2021-09-30,-120.444800,2.877600,2.912268
2021-10-08,-120.271300,2.913100,2.932590
2021-10-09,-120.221900,2.918600,2.938382
2021-10-11,-119.956100,2.958000,2.969585
2021-10-12,-119.870800,2.965700,2.979614
2021-10-13,-119.823500,2.957800,2.985177
2021-10-14,-119.813100,2.958100,2.986401
2021-10-15,-119.709400,2.968300,2.998608
2021-10-18,-119.178500,3.042600,3.061269
2021-10-19,-119.382800,3.010200,3.037123
2021-10-20,-119.494800,2.997800,3.023903
2021-10-21,-119.642400,2.970200,3.006501
2021-10-22,-119.609500,2.995300,3.010378
2021-10-25,-119.577700,2.987900,3.014126
2021-10-26,-119.619800,2.978000,3.009164
2021-10-27,-119.651000,2.978100,3.005487
2021-10-28,-119.732300,2.968200,2.995912
2021-10-29,-119.767000,2.973200,2.991826
2021-11-01,-119.960000,2.943500,2.969127
2021-11-02,-120.111300,2.925900,2.951357
2021-11-03,-120.098300,2.938500,2.952883
2021-11-04,-120.164500,2.926100,2.945115
2021-11-05,-120.416700,2.891100,2.915558
2021-11-08,-120.396600,2.901300,2.917911
2021-11-09,-120.349900,2.898800,2.923380
2021-11-10,-120.335900,2.913900,2.925020
2021-11-11,-120.193900,2.936500,2.941666
2021-11-12,-120.204300,2.939100,2.940446
2021-11-15,-120.286900,2.926900,2.930762
2021-11-16,-120.306000,2.924400,2.928524
2021-11-17,-120.289600,2.929500,2.930445
2021-11-18,-120.350900,2.914600,2.923263
2021-11-19,-120.305400,2.930200,2.928594
2021-11-22,-120.389000,2.887600,2.918801
2021-11-23,-120.366600,2.887500,2.921424
2021-11-24,-120.515500,2.860000,2.903995
2021-11-25,-120.532000,2.855000,2.902065
2021-11-26,-120.711600,2.820000,2.881075
2021-11-29,-120.681300,2.825000,2.884614
2021-11-30,-120.638500,2.825000,2.889614
2021-12-01,-120.578800,2.840100,2.896593
2021-12-02,-120.475800,2.860100,2.908640
2021-12-03,-120.387800,2.870100,2.918941
2021-12-06,-120.710800,2.817600,2.881168
2021-12-07,-120.618000,2.845100,2.892010
2021-12-08,-120.526300,2.855100,2.902732
2021-12-09,-120.500800,2.852600,2.905715
2021-12-10,-120.572400,2.842600,2.897341
2021-12-13,-120.514400,2.855200,2.904124
2021-12-14,-120.573100,2.847700,2.897259
2021-12-15,-120.572700,2.850200,2.897306
2021-12-16,-120.532100,2.857700,2.902054
2021-12-17,-120.581600,2.851200,2.896265
2021-12-20,-120.558900,2.853300,2.898919
2021-12-21,-120.539600,2.850800,2.901176
2021-12-22,-120.616800,2.830300,2.892150
2021-12-23,-120.744800,2.814300,2.877198
2021-12-24,-120.748600,2.820300,2.876754
2021-12-27,-120.825000,2.812800,2.867837
2021-12-28,-120.912000,2.800400,2.857690
2021-12-29,-121.007600,2.785400,2.846548
2021-12-30,-121.148100,2.765400,2.830189
2021-12-31,-121.116600,2.775400,2.833855
2022-01-04,-121.064900,2.785500,2.839874
2022-01-05,-121.028200,2.804500,2.844148
2022-01-06,-120.906800,2.820500,2.858296
2022-01-07,-120.884100,2.818100,2.860943
2022-01-10,-120.959100,2.805600,2.852199
2022-01-11,-121.043900,2.795700,2.842319
2022-01-12,-121.130400,2.795700,2.832248
2022-01-13,-121.152800,2.785800,2.829642
2022-01-14,-121.166600,2.793500,2.828036
2022-01-17,-121.199200,2.786000,2.824244
2022-01-18,-121.513000,2.741500,2.787790
2022-01-19,-121.709100,2.731400,2.765057
2022-01-20,-121.716600,2.727100,2.764189
2022-01-21,-121.869000,2.710000,2.746548
2022-01-24,-122.110700,2.675100,2.718616
2022-01-25,-122.021500,2.697900,2.728918
2022-01-26,-121.849600,2.714600,2.748793
2022-01-27,-121.749900,2.734800,2.760332
2022-01-28,-121.902000,2.702100,2.742731
2022-01-29,-121.954500,2.701300,2.736661
2022-01-30,-121.975800,2.699700,2.734199
2022-02-07,-121.851100,2.725600,2.748619
2022-02-08,-121.863100,2.722700,2.747231
2022-02-09,-121.769400,2.732800,2.758074
2022-02-10,-121.779900,2.732800,2.756859
2022-02-11,-121.353700,2.789100,2.806284
2022-02-14,-121.271100,2.801800,2.815883
2022-02-15,-121.284600,2.796800,2.814313
2022-02-16,-121.309400,2.789200,2.811431
2022-02-17,-121.392700,2.779900,2.801754
2022-02-18,-121.318800,2.797500,2.810339
2022-02-21,-121.011300,2.830000,2.846117
2022-02-22,-120.950700,2.820000,2.853178
2022-02-23,-121.033300,2.790000,2.843554
2022-02-24,-121.089600,2.787500,2.836998
2022-02-25,-121.152200,2.775000,2.829712
2022-02-28,-121.207200,2.775000,2.823313
2022-03-01,-121.073300,2.802500,2.838896
2022-03-02,-120.960900,2.817500,2.851989
2022-03-03,-120.822600,2.830000,2.868117
2022-03-04,-120.859000,2.812500,2.863871
2022-03-07,-120.877600,2.812600,2.861701
2022-03-08,-120.912500,2.827600,2.857631
2022-03-09,-120.786300,2.842600,2.872353
2022-03-10,-120.745100,2.850200,2.877163
2022-03-11,-121.005800,2.790200,2.846757
2022-03-14,-121.222900,2.767700,2.821487
2022-03-15,-120.861900,2.817700,2.863532
2022-03-16,-120.890600,2.795200,2.860185
2022-03-17,-120.896800,2.787600,2.859462
2022-03-18,-120.951700,2.792700,2.853062
2022-03-21,-120.871100,2.812700,2.862459
2022-03-22,-120.727800,2.830200,2.879183
2022-03-23,-120.734400,2.830200,2.878412
2022-03-24,-120.818200,2.805200,2.868631
2022-03-25,-120.876400,2.797200,2.861841
2022-03-28,-120.919400,2.790300,2.856827
2022-03-29,-120.909700,2.785300,2.857958
2022-03-30,-121.005400,2.770300,2.846804
2022-03-31,-120.967400,2.787800,2.851232
2022-04-01,-121.057600,2.774300,2.840724
2022-04-02,-121.108100,2.771400,2.834844
2022-04-06,-121.188400,2.760400,2.825500
2022-04-07,-121.326900,2.739400,2.809398
2022-04-08,-121.318100,2.752900,2.810420
2022-04-11,-121.247400,2.768000,2.818638
2022-04-12,-121.224300,2.770500,2.821324
2022-04-13,-121.249100,2.763100,2.818440
2022-04-14,-121.310600,2.765600,2.811292
2022-04-15,-121.330700,2.757800,2.808956
2022-04-18,-121.104800,2.810700,2.835228
2022-04-19,-121.141000,2.820800,2.831015
2022-04-20,-121.106000,2.833000,2.835089
2022-04-21,-121.184000,2.825900,2.826012
2022-04-22,-121.160100,2.840900,2.828792
2022-04-24,-121.178400,2.833500,2.826663
2022-04-25,-121.247300,2.816000,2.818650
2022-04-26,-121.248500,2.826000,2.818510
2022-04-27,-121.180700,2.841100,2.826396
2022-04-28,-121.069200,2.848600,2.839373
2022-04-29,-121.136100,2.838600,2.831585
2022-05-05,-121.155600,2.828200,2.829316
2022-05-06,-121.144900,2.827300,2.830561
2022-05-07,-121.163100,2.826300,2.828443
2022-05-09,-121.211500,2.815400,2.822813
2022-05-10,-121.283500,2.808900,2.814441
2022-05-11,-121.228000,2.824000,2.820894
2022-05-12,-121.306100,2.805500,2.811815
2022-05-13,-121.299700,2.814000,2.812558
2022-05-16,-121.274200,2.821600,2.815522
2022-05-17,-121.335500,2.817800,2.808398
2022-05-18,-121.423700,2.780100,2.798154
2022-05-19,-121.463700,2.777400,2.793511
2022-05-20,-121.406900,2.790000,2.800105
2022-05-23,-121.504400,2.767500,2.788788
2022-05-24,-121.530200,2.765000,2.785795
2022-05-25,-121.594200,2.757500,2.778373
2022-05-26,-121.879400,2.710000,2.745345
2022-05-27,-121.898700,2.697400,2.743113
2022-05-30,-121.773600,2.722500,2.757588
2022-05-31,-121.585900,2.742600,2.779335
2022-06-01,-121.539000,2.755100,2.784774
2022-06-02,-121.504400,2.760100,2.788788
2022-06-06,-121.411700,2.777600,2.799548
2022-06-07,-121.422900,2.757600,2.798247
2022-06-08,-121.432500,2.766100,2.797133
2022-06-09,-121.479000,2.757600,2.791735
2022-06-10,-121.496500,2.752600,2.789705
2022-06-13,-121.449600,2.765200,2.795148
2022-06-14,-121.413700,2.770200,2.799315
2022-06-15,-121.388500,2.782700,2.802242
2022-06-16,-121.427000,2.772800,2.797771
2022-06-17,-121.460100,2.775200,2.793929
2022-06-20,-121.385600,2.785300,2.802579
2022-06-21,-121.369000,2.785300,2.804507
2022-06-22,-121.389700,2.777300,2.802102
2022-06-23,-121.396100,2.780300,2.801359
2022-06-24,-121.317600,2.797800,2.810478
2022-06-27,-121.100900,2.832900,2.835682
2022-06-28,-121.049200,2.841400,2.841702
2022-06-29,-121.062400,2.829400,2.840165
2022-06-30,-121.142900,2.820500,2.830794
2022-07-01,-121.165400,2.825500,2.828176
2022-07-04,-121.006700,2.844500,2.846653
2022-07-05,-120.965400,2.833300,2.851465
2022-07-06,-121.018900,2.835600,2.845231
2022-07-07,-121.016600,2.835600,2.845499
2022-07-08,-120.964800,2.838400,2.851535
2022-07-11,-121.042300,2.826600,2.842506
2022-07-12,-121.171400,2.811700,2.827478
2022-07-13,-121.231000,2.806700,2.820545
2022-07-14,-121.338500,2.790700,2.808050
2022-07-15,-121.404400,2.785700,2.800395
2022-07-18,-121.442500,2.783700,2.795972
2022-07-19,-121.441100,2.785900,2.796134
2022-07-20,-121.551300,2.771000,2.783347
2022-07-21,-121.632300,2.763500,2.773956
2022-07-22,-121.558600,2.787000,2.782501
2022-07-25,-121.598100,2.779000,2.777920
2022-07-26,-121.685100,2.770000,2.767838
2022-07-27,-121.713500,2.770100,2.764548
2022-07-28,-121.630100,2.785000,2.774211
2022-07-29,-121.819800,2.756000,2.752241
2022-08-01,-122.011500,2.729200,2.730074
2022-08-02,-122.068000,2.731400,2.723547
2022-08-03,-122.117000,2.721800,2.717889
2022-08-04,-122.219600,2.719200,2.706049
2022-08-05,-122.108800,2.733900,2.718836
2022-08-08,-122.054100,2.740900,2.725152
2022-08-09,-121.989200,2.740000,2.732650
2022-08-10,-122.005000,2.736600,2.730825
2022-08-11,-121.988900,2.731700,2.732685
2022-08-12,-122.003300,2.734700,2.731021
2022-08-15,-122.519300,2.658200,2.671522
2022-08-16,-122.693900,2.634600,2.651446
2022-08-17,-122.687400,2.612400,2.652193
2022-08-18,-122.897600,2.580000,2.628060
2022-08-19,-122.983200,2.587500,2.618244
2022-08-22,-123.017200,2.592500,2.614348
2022-08-23,-122.919500,2.607500,2.625548
2022-08-24,-122.908600,2.610000,2.626799
2022-08-25,-122.706900,2.639000,2.649953
2022-08-26,-122.675600,2.643000,2.653549
2022-08-29,-122.808200,2.622500,2.638319
2022-08-30,-122.901500,2.613000,2.627613
2022-08-31,-122.902700,2.622500,2.627475
2022-09-01,-123.008300,2.612500,2.615368
2022-09-02,-123.056300,2.622600,2.609867
2022-09-05,-123.118300,2.618000,2.602766
2022-09-06,-123.156900,2.614000,2.598347
2022-09-07,-123.143400,2.621500,2.599893
2022-09-08,-123.103600,2.625600,2.604450
2022-09-09,-123.038800,2.635000,2.611872
2022-09-13,-122.979300,2.642700,2.618692
2022-09-14,-122.896900,2.662500,2.628141
2022-09-15,-122.916600,2.662500,2.625881
2022-09-16,-122.822700,2.673000,2.636655
2022-09-19,-122.816800,2.675000,2.637332
2022-09-20,-122.884800,2.664000,2.629529
2022-09-21,-122.953700,2.645100,2.621627
2022-09-22,-122.957400,2.650100,2.621202
2022-09-23,-122.853800,2.680200,2.633086
2022-09-26,-122.630700,2.715400,2.658710
2022-09-27,-122.623900,2.705100,2.659492
2022-09-28,-122.439400,2.740100,2.680719
2022-09-29,-122.353700,2.750100,2.690590
2022-09-30,-122.168400,2.760100,2.711956
2022-10-08,-122.108200,2.762600,2.718905
2022-10-09,-122.294400,2.745200,2.697424
2022-10-10,-122.336100,2.740200,2.692618
2022-10-11,-122.385800,2.742600,2.686892
2022-10-12,-122.377300,2.735200,2.687871
2022-10-13,-122.461000,2.725200,2.678232
2022-10-14,-122.633600,2.697700,2.658376
2022-10-17,-122.648100,2.700200,2.656710
2022-10-18,-122.649800,2.700200,2.656514
2022-10-19,-122.660000,2.705200,2.655342
2022-10-20,-122.580300,2.717500,2.664505
2022-10-21,-122.550100,2.727800,2.667979
2022-10-24,-122.595900,2.715300,2.662711
2022-10-25,-122.558000,2.727800,2.667070
2022-10-26,-122.609500,2.702500,2.661147
2022-10-27,-122.724300,2.695300,2.647954
2022-10-28,-122.842700,2.665300,2.634359
2022-10-31,-122.991600,2.643300,2.617282
2022-11-01,-122.882600,2.662900,2.629781
2022-11-02,-122.777200,2.685400,2.641878
2022-11-03,-122.789900,2.677600,2.640420
2022-11-04,-122.690300,2.702300,2.651860
2022-11-07,-122.682700,2.700300,2.652733
2022-11-08,-122.666300,2.685300,2.654618
2022-11-09,-122.638600,2.695300,2.657802
2022-11-10,-122.599700,2.702800,2.662274
2022-11-11,-122.371600,2.735400,2.688528
2022-11-14,-121.550300,2.835400,2.783463
2022-11-15,-121.574000,2.815500,2.780715
2022-11-16,-121.411300,2.832900,2.799594
2022-11-17,-121.555900,2.802600,2.782814
2022-11-18,-121.554300,2.825000,2.782999
2022-11-21,-121.633500,2.818000,2.773817
2022-11-22,-121.593900,2.827600,2.778407
2022-11-23,-121.774300,2.797500,2.757507
2022-11-24,-121.899100,2.795000,2.743067
2022-11-25,-121.666100,2.830000,2.770039
2022-11-28,-121.479100,2.860000,2.791724
2022-11-29,-121.184800,2.880000,2.825919
2022-11-30,-121.140100,2.885000,2.831120
2022-12-01,-121.225100,2.860000,2.821231
2022-12-02,-121.241100,2.867600,2.819371
2022-12-05,-121.165800,2.890200,2.828129
2022-12-06,-120.992000,2.915200,2.848365
2022-12-07,-121.049900,2.870200,2.841621
2022-12-08,-121.099400,2.885300,2.835857
2022-12-09,-121.008100,2.890300,2.846489
2022-12-12,-120.995900,2.890200,2.847911
2022-12-13,-120.873400,2.895200,2.862191
2022-12-14,-121.097900,2.865500,2.836031
2022-12-15,-121.069500,2.882900,2.839338
2022-12-16,-121.051400,2.885600,2.841446
2022-12-19,-121.235400,2.863200,2.820033
2022-12-20,-121.249500,2.873200,2.818394
2022-12-21,-121.278000,2.860600,2.815081
2022-12-22,-121.356000,2.850300,2.806017
2022-12-23,-121.461100,2.825100,2.793813
2022-12-26,-121.418600,2.837800,2.798746
2022-12-27,-121.323000,2.865700,2.809851
2022-12-28,-121.348000,2.850300,2.806946
2022-12-29,-121.470800,2.837600,2.792687
2022-12-30,-121.526700,2.835300,2.786201
2022-12-31,-121.533500,2.835300,2.785412
2023-01-03,-121.579000,2.822800,2.780135
2023-01-04,-121.675400,2.810300,2.768961
2023-01-05,-121.643900,2.830400,2.772612
2023-01-06,-121.560000,2.832800,2.782338
2023-01-09,-121.526600,2.842800,2.786212
2023-01-10,-121.371100,2.860200,2.804263
2023-01-11,-121.352100,2.860300,2.806470
2023-01-12,-121.377000,2.877800,2.803577
2023-01-13,-121.295100,2.901000,2.813093
2023-01-16,-121.126400,2.916700,2.832714
2023-01-17,-121.199200,2.901700,2.824244
2023-01-18,-121.154300,2.922200,2.829467
2023-01-19,-121.147800,2.914500,2.830224
2023-01-20,-121.116500,2.933100,2.833866
2023-01-28,-121.077700,2.934100,2.838383
2023-01-29,-121.143500,2.921900,2.830724
2023-01-30,-121.133100,2.913300,2.831934
2023-01-31,-121.162700,2.897700,2.828490
2023-02-01,-121.121200,2.910100,2.833319
2023-02-02,-121.135400,2.897000,2.831667
2023-02-03,-121.157000,2.894300,2.829153
2023-02-06,-121.121100,2.901700,2.833331
2023-02-07,-121.133300,2.896400,2.831911
2023-02-08,-121.139800,2.897300,2.831155
2023-02-09,-121.151100,2.891200,2.829840
2023-02-10,-121.153900,2.900300,2.829514
2023-02-13,-121.160000,2.894300,2.828804
2023-02-14,-121.167200,2.891400,2.827966
2023-02-15,-121.163300,2.891800,2.828420
2023-02-16,-121.184000,2.890700,2.826012
2023-02-17,-121.175100,2.892000,2.827047
2023-02-20,-121.083900,2.917000,2.837661
2023-02-21,-121.010600,2.919000,2.846198
2023-02-22,-121.043500,2.917500,2.842366
2023-02-23,-121.026900,2.922000,2.844299
2023-02-24,-121.027900,2.912600,2.844183
2023-02-27,-121.013700,2.911700,2.845837
2023-02-28,-121.011600,2.901700,2.846082
2023-03-01,-121.028800,2.897700,2.844078
2023-03-02,-120.999400,2.911100,2.847503
2023-03-03,-120.978200,2.902600,2.849973
2023-03-06,-121.121400,2.882600,2.833296
2023-03-07,-121.163200,2.872600,2.828432
2023-03-08,-121.161000,2.882800,2.828688
2023-03-09,-121.192800,2.875200,2.824988
2023-03-10,-121.261700,2.862700,2.816976
2023-03-13,-121.258600,2.870300,2.817336
2023-03-14,-121.288300,2.865200,2.813883
2023-03-15,-121.278100,2.865200,2.815069
2023-03-16,-121.378900,2.855200,2.803357
2023-03-17,-121.439800,2.860200,2.796285
2023-03-20,-121.529500,2.850400,2.785876
2023-03-21,-121.511500,2.860400,2.787964
2023-03-22,-121.468000,2.857700,2.793012
2023-03-23,-121.455400,2.865200,2.794474
2023-03-24,-121.397500,2.867600,2.801197
2023-03-27,-121.458600,2.855100,2.794103
2023-03-28,-121.448900,2.855600,2.795229
2023-03-29,-121.451800,2.853200,2.794892
2023-03-30,-121.465300,2.860300,2.793325
2023-03-31,-121.449000,2.852800,2.795217
2023-04-03,-121.415800,2.860400,2.799072
2023-04-04,-121.399000,2.858400,2.801022
2023-04-06,-121.388400,2.860500,2.802253
2023-04-07,-121.430300,2.846400,2.797388
2023-04-10,-121.468400,2.845500,2.792965
2023-04-11,-121.592200,2.820300,2.778604
2023-04-12,-121.697200,2.815800,2.766436
2023-04-13,-121.663500,2.827700,2.770340
2023-04-14,-121.657300,2.828100,2.771059
2023-04-17,-121.588200,2.843200,2.779068
2023-04-18,-121.616200,2.831900,2.775822
2023-04-19,-121.682900,2.833300,2.768092
2023-04-20,-121.699400,2.833200,2.766181
2023-04-21,-121.746800,2.825800,2.760691
2023-04-23,-121.771700,2.822000,2.757808
2023-04-24,-121.829500,2.817600,2.751118
2023-04-25,-121.845900,2.815700,2.749221
2023-04-26,-121.885700,2.805800,2.744616
2023-04-27,-122.031100,2.785200,2.727809
2023-04-28,-122.052200,2.778800,2.725372
2023-05-04,-122.181500,2.761300,2.710445
2023-05-05,-122.341400,2.733800,2.692007
2023-05-06,-122.367000,2.731100,2.689058
2023-05-08,-122.280900,2.748400,2.698980
2023-05-09,-122.291800,2.738300,2.697724
2023-05-10,-122.415100,2.721000,2.683517
2023-05-11,-122.572500,2.701000,2.665402
2023-05-12,-122.540300,2.705800,2.669106
2023-05-15,-122.487800,2.719000,2.675147
2023-05-16,-122.457100,2.712900,2.678681
2023-05-17,-122.417400,2.721000,2.683252
2023-05-18,-122.370500,2.718400,2.688654
2023-05-19,-122.429700,2.715100,2.681836
2023-05-22,-122.485500,2.713200,2.675412
2023-05-23,-122.615300,2.696200,2.660480
2023-05-24,-122.621300,2.703700,2.659791
2023-05-25,-122.581500,2.706500,2.664367
2023-05-26,-122.508500,2.720500,2.672765
2023-05-29,-122.519300,2.695000,2.671522
2023-05-30,-122.565200,2.700000,2.666242
2023-05-31,-122.610600,2.685000,2.661021
2023-06-01,-122.704300,2.682500,2.650251
2023-06-02,-122.635700,2.695100,2.658135
2023-06-05,-122.624800,2.692600,2.659388
2023-06-06,-122.689800,2.682600,2.651917
2023-06-07,-122.753100,2.682700,2.644646
2023-06-08,-122.733800,2.682200,2.646862
2023-06-09,-122.832400,2.670300,2.635541
2023-06-12,-122.880300,2.670400,2.630045
2023-06-13,-123.089400,2.622700,2.606076
2023-06-14,-123.197400,2.617800,2.593712
2023-06-15,-122.990200,2.648200,2.617442
2023-06-16,-122.793200,2.662600,2.640041
2023-06-19,-122.629400,2.687600,2.658859
2023-06-20,-122.703100,2.675100,2.650389
2023-06-21,-122.784100,2.670100,2.641086
2023-06-25,-122.861800,2.657600,2.632168
2023-06-26,-122.840400,2.667700,2.634623
2023-06-27,-122.791300,2.667600,2.640259
2023-06-28,-122.833600,2.665100,2.635404
2023-06-29,-122.875600,2.652600,2.630584
2023-06-30,-123.020300,2.635100,2.613992
2023-07-03,-123.016100,2.640200,2.614474
2023-07-04,-123.015900,2.647700,2.614497
2023-07-05,-123.041400,2.640200,2.611575
2023-07-06,-123.085600,2.639200,2.606511
2023-07-07,-123.110200,2.640300,2.603694
2023-07-10,-123.122500,2.640300,2.602285
2023-07-11,-123.189000,2.635300,2.594673
2023-07-12,-123.198600,2.637800,2.593575
2023-07-13,-123.213000,2.641300,2.591927
2023-07-14,-123.175100,2.644400,2.596264
2023-07-17,-123.235400,2.636400,2.589364
2023-07-18,-123.338900,2.623400,2.577529
2023-07-19,-123.370000,2.623300,2.573975
2023-07-20,-123.389400,2.621400,2.571758
2023-07-21,-123.503900,2.607900,2.558682
2023-07-24,-123.630900,2.593400,2.544193
2023-07-25,-123.208800,2.663000,2.592407
2023-07-26,-123.296900,2.643000,2.582331
2023-07-27,-123.414700,2.639500,2.568868
2023-07-28,-123.357000,2.653300,2.575460
2023-07-31,-123.265700,2.659700,2.585898
2023-08-01,-123.305300,2.660700,2.581370
2023-08-02,-123.361900,2.652500,2.574901
2023-08-03,-123.435800,2.643500,2.566458
2023-08-04,-123.444500,2.646900,2.565464
2023-08-07,-123.462800,2.646200,2.563374
2023-08-08,-123.476100,2.645400,2.561856
2023-08-09,-123.479700,2.646100,2.561445
2023-08-10,-123.450200,2.647500,2.564813
2023-08-11,-123.475600,2.638100,2.561913
2023-08-14,-123.598200,2.621200,2.547922
2023-08-15,-123.825300,2.575900,2.522043
2023-08-16,-123.906800,2.564900,2.512767
2023-08-17,-123.892300,2.567800,2.514417
2023-08-18,-123.945300,2.563900,2.508387
2023-08-21,-124.173400,2.540300,2.482467
2023-08-22,-124.151100,2.556400,2.484999
2023-08-23,-124.165400,2.553500,2.483375
2023-08-24,-124.176600,2.554300,2.482104
2023-08-25,-124.108100,2.570200,2.489882
2023-08-28,-123.964800,2.583700,2.506170
2023-08-29,-123.900400,2.570000,2.513495
2023-08-30,-123.922500,2.560000,2.510981
2023-08-31,-123.968900,2.557500,2.505703
2023-09-01,-123.808500,2.585000,2.523956
2023-09-04,-123.506900,2.612400,2.558340
2023-09-05,-123.465000,2.615000,2.563123
2023-09-06,-123.287900,2.637500,2.583360
2023-09-07,-123.186700,2.635000,2.594936
2023-09-08,-123.173900,2.637500,2.596401
2023-09-11,-123.130800,2.630000,2.601335
2023-09-12,-123.190200,2.623000,2.594536
2023-09-13,-123.245500,2.615000,2.588209
2023-09-14,-123.362400,2.607500,2.574843
2023-09-15,-123.219900,2.640000,2.591137
2023-09-18,-123.092600,2.650000,2.605709
2023-09-19,-123.061800,2.662500,2.609237
2023-09-20,-123.026700,2.665000,2.613259
2023-09-21,-123.087100,2.657600,2.606339
2023-09-22,-123.001100,2.677600,2.616193
2023-09-25,-122.867500,2.697600,2.631514
2023-09-26,-122.794400,2.695100,2.639903
2023-09-27,-122.788000,2.687700,2.640638
2023-09-28,-122.907500,2.675100,2.626925
2023-10-07,-122.970900,2.665100,2.619655
2023-10-08,-122.994100,2.662600,2.616995
2023-10-09,-122.966200,2.670200,2.620193
2023-10-10,-122.877400,2.681100,2.630378
2023-10-11,-122.719400,2.697600,2.648517
2023-10-12,-122.686900,2.691100,2.652251
2023-10-13,-122.815600,2.670200,2.637470
2023-10-16,-122.838800,2.677700,2.634807
2023-10-17,-122.769600,2.688200,2.642751
2023-10-18,-122.726500,2.705200,2.647701
2023-10-19,-122.590900,2.717700,2.663286
2023-10-20,-122.614900,2.705200,2.660526
2023-10-23,-122.709900,2.704700,2.649608
2023-10-24,-122.619900,2.717700,2.659951
2023-10-25,-122.686400,2.705200,2.652308
2023-10-26,-122.706800,2.715200,2.649964
2023-10-27,-122.662900,2.713300,2.655009
2023-10-30,-122.690700,2.714100,2.651814
2023-10-31,-122.789000,2.693800,2.640523
2023-11-01,-122.814100,2.685300,2.637642
2023-11-02,-122.964600,2.655300,2.620377
2023-11-03,-122.936300,2.661300,2.623622
2023-11-06,-122.951700,2.655400,2.621856
2023-11-07,-122.943200,2.663200,2.622830
2023-11-08,-122.957300,2.646400,2.621214
2023-11-09,-123.004600,2.649400,2.615792
2023-11-10,-123.048600,2.644400,2.610750
2023-11-13,-123.110800,2.645400,2.603625
2023-11-14,-123.066900,2.657300,2.608653
2023-11-15,-123.043500,2.663300,2.611334
2023-11-16,-123.116100,2.655800,2.603018
2023-11-17,-123.165100,2.652400,2.597409
2023-11-20,-123.144400,2.658400,2.599778
2023-11-21,-123.114700,2.668400,2.603179
2023-11-22,-123.027600,2.682300,2.613156
2023-11-23,-122.863700,2.702300,2.631950
2023-11-24,-122.856500,2.705300,2.632776
2023-11-27,-122.764400,2.710800,2.643348
2023-11-28,-122.836800,2.689800,2.635036
2023-11-29,-122.867300,2.682600,2.631536
2023-11-30,-122.950500,2.668000,2.621993
2023-12-01,-122.933000,2.662500,2.624000
2023-12-04,-122.900200,2.672500,2.627762
2023-12-05,-122.889900,2.665000,2.628944
2023-12-06,-122.869700,2.672500,2.631261
2023-12-07,-122.890800,2.664000,2.628840
2023-12-08,-122.935300,2.663600,2.623736
2023-12-11,-123.040900,2.644000,2.611632
2023-12-12,-123.042700,2.637500,2.611426
2023-12-13,-123.177000,2.622600,2.596047
2023-12-14,-123.201400,2.637600,2.593254
2023-12-15,-123.369000,2.622700,2.574089
2023-12-18,-123.464200,2.612600,2.563215
2023-12-19,-123.453000,2.619100,2.564494
2023-12-20,-123.468300,2.622200,2.562746
2023-12-21,-123.639400,2.590100,2.543224
2023-12-22,-123.738200,2.587700,2.531963
2023-12-25,-123.914700,2.567800,2.511868
2023-12-26,-123.938600,2.580400,2.509149
2023-12-27,-124.010200,2.557700,2.501008
2023-12-28,-124.015600,2.569400,2.500394
2023-12-29,-123.999700,2.555300,2.502201
2023-12-31,-124.022000,2.555300,2.499666
2024-01-02,-123.940700,2.560100,2.508911
2024-01-03,-123.883700,2.553100,2.515396
2024-01-04,-124.007200,2.536800,2.501349
2024-01-05,-124.150600,2.517500,2.485056
2024-01-08,-124.158900,2.513600,2.484113
2024-01-09,-124.348400,2.486200,2.462613
2024-01-10,-124.300600,2.498200,2.468033
2024-01-11,-124.287800,2.499200,2.469485
2024-01-12,-124.194100,2.517200,2.480117
2024-01-15,-124.196100,2.521200,2.479890
2024-01-16,-124.180800,2.525200,2.481627
2024-01-17,-124.267200,2.507700,2.471822
2024-01-18,-124.321800,2.509200,2.465629
2024-01-19,-124.415100,2.502700,2.455053
2024-01-22,-124.629300,2.492200,2.430802
2024-01-23,-124.597200,2.504200,2.434434
2024-01-24,-124.613400,2.504200,2.432601
2024-01-25,-124.711500,2.498400,2.421507
2024-01-26,-124.726900,2.499400,2.419767
2024-01-29,-124.785200,2.494000,2.413179
2024-01-30,-125.152000,2.455700,2.371800
2024-01-31,-125.382500,2.433000,2.345859
2024-02-01,-125.368000,2.435400,2.347490
2024-02-02,-125.363700,2.424400,2.347973
2024-02-04,-125.542600,2.405300,2.327870
2024-02-05,-125.547300,2.400200,2.327342
2024-02-06,-125.162000,2.452500,2.370674
2024-02-07,-125.327000,2.415300,2.352101
2024-02-08,-125.256400,2.437900,2.360045
2024-02-09,-125.257300,2.430200,2.359943
2024-02-18,-125.265800,2.439300,2.358987
2024-02-19,-125.301700,2.434400,2.354947
2024-02-20,-125.441000,2.413400,2.339283
2024-02-21,-125.456300,2.411900,2.337564
2024-02-22,-125.536900,2.403300,2.328510
2024-02-23,-125.678100,2.400900,2.312662
2024-02-26,-125.814100,2.378900,2.297415
2024-02-27,-125.925800,2.380900,2.284904
2024-02-28,-126.057000,2.337600,2.270224
2024-02-29,-126.250300,2.337500,2.248622
2024-03-01,-125.962800,2.367500,2.280763
2024-03-04,-126.072300,2.347500,2.268513
2024-03-05,-126.104400,2.316900,2.264924
2024-03-06,-126.481600,2.265000,2.222818
2024-03-07,-126.446300,2.277600,2.226753
2024-03-08,-126.378700,2.282500,2.234292
2024-03-11,-126.169100,2.305000,2.257692
2024-03-12,-125.724000,2.347600,2.307514
2024-03-13,-125.733400,2.332600,2.306460
2024-03-14,-125.701400,2.342500,2.310049
2024-03-15,-125.826800,2.320000,2.295992
2024-03-18,-126.012000,2.292600,2.275257
2024-03-19,-126.173900,2.280100,2.257156
2024-03-20,-126.071200,2.295100,2.268636
2024-03-21,-126.083300,2.285100,2.267283
2024-03-22,-126.017700,2.305100,2.274620
2024-03-25,-125.888900,2.315100,2.289036
2024-03-26,-125.864800,2.317500,2.291735
2024-03-27,-126.030400,2.287600,2.273199
2024-03-28,-126.055100,2.302600,2.270436
2024-03-29,-126.178100,2.290100,2.256687
2024-04-01,-126.022400,2.308200,2.274094
2024-04-02,-126.111600,2.292700,2.264119
2024-04-03,-126.243300,2.283700,2.249404
2024-04-07,-126.185700,2.293700,2.255838
2024-04-08,-126.295200,2.282200,2.243610
2024-04-09,-126.374300,2.280200,2.234783
2024-04-10,-126.278600,2.297200,2.245463
2024-04-11,-126.249100,2.292800,2.248756
2024-04-12,-126.381700,2.283700,2.233957
2024-04-15,-126.416800,2.279800,2.230043
2024-04-16,-126.447400,2.272300,2.226631
2024-04-17,-126.540600,2.260800,2.216243
2024-04-18,-126.693300,2.253700,2.199242
2024-04-19,-126.811800,2.254000,2.186062
2024-04-22,-126.941900,2.243500,2.171606
2024-04-23,-127.105900,2.226000,2.153405
2024-04-24,-126.735300,2.272700,2.194569
2024-04-25,-126.708700,2.261200,2.197528
2024-04-26,-126.383100,2.308400,2.233801
2024-04-28,-126.197800,2.324400,2.254486
2024-04-29,-125.945800,2.353000,2.282665
2024-04-30,-126.279400,2.302800,2.245373
2024-05-06,-126.232300,2.308100,2.250633
2024-05-07,-126.396200,2.289600,2.232340
2024-05-08,-126.387100,2.295500,2.233355
2024-05-09,-126.252800,2.318600,2.248343
2024-05-10,-126.193100,2.312200,2.255011
2024-05-11,-125.991300,2.336100,2.277573
2024-05-13,-126.366300,2.290000,2.235675
2024-05-14,-126.456800,2.293800,2.225583
2024-05-15,-126.410700,2.302000,2.230723
2024-05-16,-126.294700,2.314700,2.243665
2024-05-17,-126.235700,2.307700,2.250253
2024-05-20,-126.295500,2.310500,2.243576
2024-05-21,-126.259700,2.314100,2.247573
2024-05-22,-126.318600,2.312300,2.240998
2024-05-23,-126.447000,2.306300,2.226675
2024-05-24,-126.451800,2.313400,2.226140
2024-05-27,-126.432800,2.308400,2.228258
2024-05-28,-126.548900,2.299400,2.215319
2024-05-29,-126.643100,2.277600,2.204829
2024-05-30,-126.606900,2.282600,2.208859
2024-05-31,-126.523900,2.292600,2.218104
2024-06-03,-126.595500,2.285300,2.210128
2024-06-04,-126.627100,2.285400,2.206610
2024-06-05,-126.718900,2.280800,2.196393
2024-06-06,-126.753200,2.282800,2.192578
2024-06-07,-126.781900,2.283300,2.189386
2024-06-11,-126.837200,2.279100,2.183238
2024-06-12,-126.843000,2.276000,2.182594
2024-06-13,-126.888900,2.267800,2.177493
2024-06-14,-127.027900,2.255800,2.162059
2024-06-17,-127.008300,2.260900,2.164234
2024-06-18,-127.129000,2.253700,2.150843
2024-06-19,-127.207600,2.242900,2.142129
2024-06-20,-127.299900,2.244500,2.131904
2024-06-21,-127.198700,2.257100,2.143116
2024-06-24,-127.296900,2.245100,2.132236
2024-06-25,-127.418700,2.235000,2.118754
2024-06-26,-127.473200,2.222500,2.112725
2024-06-27,-127.627800,2.208100,2.095638
2024-06-28,-127.693500,2.205800,2.088383
2024-07-01,-127.364700,2.248600,2.124730
2024-07-02,-127.471300,2.236900,2.112935
2024-07-03,-127.559700,2.242600,2.103162
2024-07-04,-127.534000,2.250200,2.106003
2024-07-05,-127.337900,2.275400,2.127696
2024-07-08,-127.125900,2.290400,2.151187
2024-07-09,-127.295800,2.269800,2.132358
2024-07-10,-127.305300,2.270700,2.131306
2024-07-11,-127.343600,2.264800,2.127065
2024-07-12,-127.449000,2.260400,2.115402
2024-07-15,-127.520400,2.254100,2.107506
2024-07-16,-127.537600,2.261300,2.105605
2024-07-17,-127.538500,2.259800,2.105505
2024-07-18,-127.473700,2.267300,2.112670
2024-07-19,-127.507800,2.261400,2.108899
2024-07-22,-127.717100,2.246100,2.085777
2024-07-23,-127.842300,2.232200,2.071964
2024-07-24,-127.869000,2.238100,2.069020
2024-07-25,-128.030700,2.216800,2.051204
2024-07-26,-128.127500,2.194400,2.040549
2024-07-29,-128.300000,2.157400,2.021582
2024-07-30,-128.415300,2.148000,2.008919
2024-07-31,-128.499300,2.149400,1.999700
2024-08-01,-128.653400,2.129700,1.982804
2024-08-02,-128.767900,2.127700,1.970263
2024-08-05,-128.881200,2.137600,1.957864
2024-08-06,-128.746600,2.149100,1.972595
2024-08-07,-128.892100,2.141400,1.956672
2024-08-08,-128.590600,2.181000,1.989687
2024-08-09,-128.408700,2.198600,2.009643
2024-08-12,-127.867300,2.250800,2.069208
2024-08-13,-128.043000,2.225500,2.049850
2024-08-14,-128.332100,2.196600,2.018055
2024-08-15,-128.224600,2.205000,2.029869
2024-08-16,-128.247200,2.197800,2.027385
2024-08-19,-128.361300,2.181600,2.014848
2024-08-20,-128.417500,2.171000,2.008677
2024-08-21,-128.377100,2.167000,2.013113
2024-08-22,-128.500500,2.158200,1.999568
2024-08-23,-128.560900,2.154700,1.992943
2024-08-26,-128.587300,2.162800,1.990049
2024-08-27,-128.354200,2.190300,2.015628
2024-08-28,-128.450400,2.167300,2.005066
2024-08-29,-128.449700,2.170300,2.005143
2024-08-30,-128.405700,2.170400,2.009972
2024-09-02,-128.659500,2.145700,1.982135
2024-09-03,-128.762900,2.143200,1.970810
2024-09-04,-128.888400,2.133600,1.957076
2024-09-05,-129.021000,2.133800,1.942580
2024-09-06,-129.019700,2.138800,1.942722
2024-09-09,-129.157500,2.126700,1.927673
2024-09-10,-129.318600,2.114300,1.910100
2024-09-11,-129.467600,2.104400,1.893866
2024-09-12,-129.544200,2.099800,1.885527
2024-09-13,-129.713000,2.072400,1.867170
2024-09-14,-129.940100,2.042500,1.842509
2024-09-18,-130.017100,2.040300,1.834158
2024-09-19,-129.990900,2.045000,1.836999
2024-09-20,-130.018900,2.043100,1.833963
2024-09-23,-130.116700,2.038100,1.823362
2024-09-24,-129.806100,2.072800,1.857055
2024-09-25,-130.008500,2.043700,1.835090
2024-09-26,-129.693500,2.078700,1.869289
2024-09-27,-128.624300,2.171400,1.985993
2024-09-29,-127.755000,2.253400,2.081594
2024-09-30,-128.389400,2.151800,2.011762
2024-10-08,-128.115500,2.192800,2.041870
2024-10-09,-128.278300,2.176000,2.023967
2024-10-10,-128.739300,2.144100,1.973394
2024-10-11,-128.811000,2.139200,1.965545
2024-10-12,-128.778200,2.144100,1.969135
2024-10-14,-128.770600,2.136800,1.969967
2024-10-15,-128.784200,2.125400,1.968478
2024-10-16,-128.734800,2.133100,1.973887
2024-10-17,-128.947300,2.108400,1.950635
2024-10-18,-128.905500,2.120900,1.955206
2024-10-21,-128.838900,2.121100,1.962492
2024-10-22,-128.641600,2.145800,1.984097
2024-10-23,-128.472000,2.155900,2.002695
2024-10-24,-128.469200,2.166100,2.003003
2024-10-25,-128.406600,2.153900,2.009874
2024-10-28,-128.292200,2.161700,2.022439
2024-10-29,-128.367400,2.159800,2.014178
2024-10-30,-128.418000,2.159700,2.008622
2024-10-31,-128.518900,2.147600,1.997550
2024-11-01,-128.696800,2.140600,1.978049
2024-11-04,-128.780800,2.127500,1.968850
2024-11-05,-128.892900,2.110600,1.956584
2024-11-06,-128.924800,2.123400,1.953095
2024-11-07,-128.986200,2.111500,1.946383
2024-11-08,-129.059000,2.106700,1.938429
2024-11-11,-129.107700,2.092000,1.933110
2024-11-12,-129.278400,2.072900,1.914483
2024-11-13,-129.213200,2.087600,1.921595
2024-11-14,-129.191900,2.080800,1.923919
2024-11-15,-129.167700,2.094800,1.926560
2024-11-18,-128.917600,2.111700,1.953883
2024-11-19,-129.014100,2.094700,1.943334
2024-11-20,-128.972700,2.102500,1.947859
2024-11-21,-129.135700,2.084300,1.930053
2024-11-22,-129.219600,2.083200,1.920896
2024-11-25,-129.376300,2.068200,1.903811
2024-11-26,-129.413000,2.065700,1.899813
2024-11-27,-129.402600,2.055300,1.900946
2024-11-28,-129.554200,2.030400,1.884439
2024-11-29,-129.695900,2.020600,1.869028
2024-12-02,-130.061400,1.981000,1.829355
2024-12-03,-130.033900,1.988600,1.832336
2024-12-04,-130.275400,1.961200,1.806178
2024-12-05,-130.277800,1.946200,1.805919
2024-12-06,-130.218400,1.953900,1.812348
2024-12-09,-130.390000,1.916800,1.793782
2024-12-10,-131.015400,1.846800,1.726326
2024-12-11,-131.122500,1.821800,1.714807
2024-12-12,-131.250900,1.817200,1.701009
2024-12-13,-131.686300,1.777100,1.654320
2024-12-16,-132.050900,1.721500,1.615341
2024-12-17,-131.935700,1.723700,1.627645
2024-12-18,-131.738000,1.756400,1.648786
2024-12-19,-131.728000,1.741700,1.649856
2024-12-20,-132.175200,1.701800,1.602077
2024-12-23,-132.209200,1.701900,1.598451
2024-12-24,-131.944600,1.716600,1.626694
2024-12-25,-131.770700,1.736500,1.645287
2024-12-26,-131.884500,1.712200,1.633117
2024-12-27,-132.157200,1.692900,1.603997
2024-12-30,-132.094700,1.712800,1.610666
2024-12-31,-132.347600,1.675200,1.583701
2025-01-02,-132.851600,1.607700,1.530117
2025-01-03,-133.008000,1.604100,1.513531
2025-01-06,-133.111900,1.596600,1.502522
2025-01-07,-132.896600,1.609300,1.525343
2025-01-08,-132.834100,1.606900,1.531974
2025-01-09,-132.543800,1.636800,1.562818
2025-01-10,-132.524800,1.633800,1.564839
2025-01-13,-132.355400,1.659200,1.582871
2025-01-14,-132.516100,1.644600,1.565764
2025-01-15,-132.646400,1.633000,1.551909
2025-01-16,-132.574700,1.639400,1.559531
2025-01-17,-132.468300,1.659300,1.570850
2025-01-20,-132.317300,1.674700,1.586929
2025-01-21,-132.480400,1.649600,1.569563
2025-01-22,-132.507700,1.660200,1.566658
2025-01-23,-132.430200,1.664500,1.574906
2025-01-24,-132.390400,1.656500,1.579143
2025-01-26,-132.386700,1.653700,1.579537
2025-01-27,-132.677100,1.629900,1.548647
2025-02-05,-132.859900,1.620700,1.529237
2025-02-06,-133.070100,1.595800,1.506950
2025-02-07,-133.073600,1.603200,1.506579
2025-02-08,-133.036500,1.605700,1.510510
2025-02-10,-132.817400,1.634200,1.533747
2025-02-11,-132.855000,1.627400,1.529757
2025-02-12,-132.883700,1.633600,1.526711
2025-02-13,-132.832400,1.634600,1.532155
2025-02-14,-132.622800,1.654600,1.554418
2025-02-17,-132.266900,1.693400,1.592300
2025-02-18,-132.044600,1.700600,1.616014
2025-02-19,-132.168000,1.662600,1.602845
2025-02-20,-131.910600,1.685000,1.630328
2025-02-21,-131.556700,1.720000,1.668201
2025-02-24,-131.170300,1.762500,1.709668
2025-02-25,-131.282600,1.727500,1.697604
2025-02-26,-131.366000,1.725100,1.688651
2025-02-27,-131.151300,1.757600,1.711711
2025-02-28,-131.294400,1.715200,1.696337
2025-03-03,-131.528300,1.695500,1.671244
2025-03-04,-131.510700,1.707900,1.673131
2025-03-05,-131.555700,1.708300,1.668308
2025-03-06,-131.233200,1.745500,1.702910
2025-03-07,-130.676100,1.800200,1.762883
2025-03-10,-130.581400,1.812800,1.773104
2025-03-11,-129.973200,1.885300,1.838919
2025-03-12,-130.219700,1.833400,1.812207
2025-03-13,-130.145500,1.856500,1.820242
2025-03-14,-130.156500,1.831700,1.819051
2025-03-17,-129.530000,1.895700,1.887073
2025-03-18,-129.547800,1.888500,1.885136
2025-03-19,-129.599700,1.870800,1.879489
2025-03-20,-130.014100,1.830900,1.834483
2025-03-21,-129.948300,1.845800,1.841620
2025-03-24,-129.992800,1.841300,1.836793
2025-03-25,-130.212600,1.818300,1.812976
2025-03-26,-130.402300,1.794300,1.792453
2025-03-27,-130.399600,1.806200,1.792744
2025-03-28,-130.343500,1.812600,1.798811
2025-03-31,-130.336500,1.812900,1.799568
2025-04-01,-130.335500,1.810400,1.799676
2025-04-02,-130.603300,1.788700,1.770739
2025-04-03,-131.340500,1.718000,1.691388
2025-04-07,-132.106800,1.631800,1.609375
2025-04-08,-131.823800,1.663300,1.639607
2025-04-09,-131.937300,1.650800,1.627474
2025-04-10,-131.902400,1.644400,1.631204
2025-04-11,-131.938600,1.656800,1.627336
2025-04-14,-131.885600,1.658400,1.633000
2025-04-15,-131.890400,1.658300,1.632487
2025-04-16,-131.947100,1.643000,1.626427
2025-04-17,-131.810600,1.652200,1.641019
2025-04-18,-131.781300,1.649300,1.644153
2025-04-21,-131.650000,1.666400,1.658206
2025-04-22,-131.752200,1.650900,1.647266
2025-04-23,-131.605700,1.661100,1.662951
2025-04-24,-131.628500,1.664000,1.660509
2025-04-25,-131.675500,1.660600,1.655476
2025-04-27,-131.666700,1.660700,1.656418
2025-04-28,-131.805300,1.648300,1.641586
2025-04-29,-132.024900,1.624100,1.618117
2025-04-30,-132.060300,1.624300,1.614338
2025-05-06,-132.067100,1.629800,1.613612
2025-05-07,-131.927500,1.641800,1.628522
2025-05-08,-132.041500,1.633100,1.616345
2025-05-09,-132.059500,1.635100,1.614423
2025-05-12,-131.586300,1.688000,1.665029
2025-05-13,-131.687000,1.670400,1.654245
2025-05-14,-131.623500,1.673600,1.661044
2025-05-15,-131.561700,1.679800,1.667665
2025-05-16,-131.477600,1.679300,1.676680
2025-05-19,-131.615600,1.689300,1.661890
2025-05-20,-131.613800,1.700400,1.662083
2025-05-21,-131.547400,1.710000,1.669197
2025-05-22,-131.541500,1.718600,1.669830
2025-05-23,-131.471300,1.720800,1.677355
2025-05-26,-131.510500,1.720100,1.673152
2025-05-27,-131.425000,1.726100,1.682321
2025-05-28,-131.366600,1.683200,1.688587
2025-05-29,-131.200200,1.687700,1.706455
2025-05-30,-131.388500,1.671200,1.686237
2025-06-03,-131.382300,1.676400,1.686902
2025-06-04,-131.439200,1.670400,1.680798
2025-06-05,-131.484000,1.674100,1.675993
2025-06-06,-131.634300,1.654700,1.659888
2025-06-09,-131.699100,1.655900,1.652949
2025-06-10,-131.711900,1.656900,1.651579
2025-06-11,-131.815400,1.642000,1.640506
2025-06-12,-131.827600,1.647500,1.639201
2025-06-13,-131.815500,1.644000,1.640495
2025-06-16,-131.835800,1.643200,1.638324
2025-06-17,-131.949000,1.636400,1.626224
2025-06-18,-132.012600,1.638400,1.619431
2025-06-19,-132.094200,1.642500,1.610719
2025-06-20,-132.144500,1.639600,1.605352
2025-06-23,-132.133500,1.641800,1.606526
2025-06-24,-132.015900,1.648000,1.619078
2025-06-25,-131.916200,1.654400,1.629729
2025-06-26,-131.943600,1.646200,1.626801
2025-06-27,-131.976400,1.646200,1.623297
2025-06-30,-131.892400,1.646900,1.632273
2025-07-01,-131.984600,1.643300,1.622421
2025-07-02,-132.114000,1.639600,1.608606
2025-07-03,-132.130800,1.640700,1.606814
2025-07-04,-132.153600,1.643300,1.604381
2025-07-07,-132.159100,1.640600,1.603795
2025-07-08,-132.078800,1.644400,1.612363
2025-07-09,-132.074000,1.644600,1.612875
2025-07-10,-131.940800,1.661600,1.627100
2025-07-11,-131.869900,1.665300,1.634678
2025-07-14,-131.769900,1.672600,1.645373
2025-07-15,-131.955900,1.655700,1.625487
2025-07-16,-131.957000,1.661700,1.625370
2025-07-17,-131.954900,1.663000,1.625594
2025-07-18,-131.907000,1.665200,1.630712
2025-07-21,-131.726100,1.677400,1.650059
2025-07-22,-131.606100,1.690700,1.662908
2025-07-23,-131.442400,1.704100,1.680454
2025-07-24,-131.147400,1.737600,1.712130
2025-07-25,-131.112800,1.732400,1.715850
2025-07-28,-131.288800,1.714600,1.696938
2025-07-29,-130.960700,1.746600,1.732213
2025-07-30,-131.171500,1.718000,1.709539
2025-07-31,-131.345800,1.704400,1.690819
2025-08-01,-131.360900,1.705900,1.689198
2025-08-04,-131.428600,1.708300,1.681935
2025-08-05,-131.396600,1.706100,1.685368
2025-08-06,-131.426500,1.699900,1.682160
2025-08-07,-131.505000,1.689400,1.673742
2025-08-08,-131.480100,1.689100,1.676412
2025-08-11,-131.220800,1.720300,1.704242
2025-08-12,-131.033500,1.727100,1.724379
2025-08-13,-131.027000,1.726200,1.725078
2025-08-14,-130.919400,1.734100,1.736660
2025-08-15,-130.795900,1.746500,1.749965
2025-08-18,-130.223500,1.787200,1.811796
2025-08-19,-130.291300,1.772500,1.804458
2025-08-20,-130.223600,1.782000,1.811785
2025-08-21,-130.349000,1.766700,1.798216
2025-08-22,-130.303900,1.781800,1.803095
2025-08-25,-130.475800,1.764300,1.784509
2025-08-26,-130.619600,1.759800,1.768980
2025-08-27,-130.583300,1.798800,1.772898
2025-08-28,-130.355100,1.847800,1.797556
2025-08-29,-130.372200,1.837900,1.795707
2025-09-01,-130.456500,1.825700,1.786594
2025-09-02,-130.482100,1.816700,1.783828
2025-09-03,-130.691200,1.798400,1.761254
2025-09-04,-130.701400,1.806000,1.760154
2025-09-05,-130.452800,1.826000,1.786994
2025-09-08,-130.180700,1.851400,1.816430
2025-09-09,-130.024700,1.864100,1.833334
2025-09-10,-129.731900,1.899200,1.865116
2025-09-11,-129.738800,1.874300,1.864366
2025-09-12,-129.856000,1.867000,1.851637
2025-09-15,-129.867500,1.872400,1.850388
2025-09-16,-129.977500,1.852700,1.838452
2025-09-17,-130.142300,1.834900,1.820589
2025-09-18,-130.029200,1.854600,1.832846
2025-09-19,-129.783300,1.878900,1.859531
2025-09-22,-129.818600,1.864700,1.855697
2025-09-23,-129.633300,1.877000,1.875834
2025-09-24,-129.390000,1.902200,1.902318
2025-09-25,-129.381400,1.884000,1.903255
2025-09-26,-129.422300,1.876800,1.898799
2025-09-28,-129.434400,1.878100,1.897482
2025-09-29,-129.294200,1.887000,1.912760
2025-09-30,-129.418100,1.860500,1.899257
2025-10-09,-129.478500,1.846600,1.892679
2025-10-10,-129.399600,1.846000,1.901272
2025-10-11,-129.736800,1.820600,1.864583
2025-10-13,-129.510800,1.838300,1.889163
2025-10-14,-129.519400,1.836800,1.888227
2025-10-15,-129.512000,1.844900,1.889032
2025-10-16,-129.597900,1.840700,1.879685
2025-10-17,-129.811800,1.824600,1.856436
2025-10-20,-129.677500,1.849800,1.871029
2025-10-21,-129.753600,1.835700,1.862758
2025-10-22,-129.765300,1.829300,1.861487
2025-10-23,-129.690600,1.839100,1.869604
2025-10-24,-129.587100,1.848600,1.880860
2025-10-27,-129.630000,1.842300,1.876193
2025-10-28,-129.921400,1.817900,1.844538
2025-10-29,-129.934600,1.820800,1.843106
2025-10-30,-130.026700,1.809800,1.833117
2025-10-31,-130.230600,1.795400,1.811027
2025-11-03,-130.227500,1.794400,1.811363
2025-11-04,-130.197600,1.798400,1.814600
2025-11-05,-130.229700,1.796400,1.811125
2025-11-06,-130.071200,1.810000,1.828293
2025-11-07,-130.033800,1.814200,1.832347
2025-11-10,-130.046800,1.813900,1.830938
2025-11-11,-130.070700,1.811900,1.828347
2025-11-12,-130.118200,1.807100,1.823200
2025-11-13,-130.059300,1.812600,1.829583
2025-11-14,-130.047700,1.814000,1.830840
2025-11-17,-130.086800,1.810900,1.826602
2025-11-18,-130.099300,1.812100,1.825248
2025-11-19,-130.019400,1.817900,1.833908
2025-11-20,-129.997900,1.813500,1.836240
2025-11-21,-129.928500,1.816600,1.843768
2025-11-24,-129.905100,1.821000,1.846307
2025-11-25,-129.784200,1.830100,1.859434
2025-11-26,-129.610200,1.846200,1.878347
2025-11-27,-129.506900,1.853700,1.889587
2025-11-28,-129.556300,1.841200,1.884211
2025-12-01,-129.549100,1.836600,1.884994
2025-12-02,-129.416000,1.844200,1.899486
2025-12-03,-129.258700,1.851900,1.916631
2025-12-04,-128.939900,1.871800,1.951444
2025-12-05,-128.987700,1.848000,1.946219
2025-12-08,-128.918700,1.849900,1.953762
2025-12-09,-129.028500,1.842500,1.941761
2025-12-10,-129.095600,1.844700,1.934431
2025-12-11,-129.231600,1.840400,1.919587
2025-12-12,-129.067400,1.839600,1.937511
2025-12-15,-128.812100,1.848800,1.965424
2025-12-16,-128.785100,1.845800,1.968380
2025-12-17,-128.994500,1.834000,1.945476
2025-12-18,-129.008300,1.835600,1.943968
2025-12-19,-129.118400,1.830800,1.931942
2025-12-22,-129.010900,1.841500,1.943684
2025-12-23,-129.149300,1.835200,1.928568
2025-12-24,-129.211300,1.835600,1.921802
2025-12-25,-129.180700,1.838600,1.925141
2025-12-26,-129.199400,1.837600,1.923100
2025-12-29,-128.878000,1.858400,1.958214
2025-12-30,-128.825100,1.858200,1.964002
2025-12-31,-128.796200,1.847300,1.967165
2026-01-04,-128.876200,1.842700,1.958411
2026-01-05,-128.687100,1.858400,1.979111
2026-01-06,-128.477000,1.882900,2.002147
2026-01-07,-128.290600,1.901900,2.022615
2026-01-08,-128.390900,1.890500,2.011597
2026-01-09,-128.469600,1.878200,2.002959
2026-01-12,-128.587500,1.858500,1.990027
2026-01-13,-128.625300,1.851900,1.985883
2026-01-14,-128.627200,1.849400,1.985675
2026-01-15,-128.672900,1.854400,1.980667
2026-01-16,-128.698700,1.842400,1.977841
2026-01-19,-128.688000,1.839300,1.979013
2026-01-20,-128.826600,1.832600,1.963837
2026-01-21,-128.999500,1.831200,1.944929
2026-01-22,-128.997000,1.842500,1.945203
2026-01-23,-129.078600,1.829800,1.936288
2026-01-26,-129.141900,1.824200,1.929376
2026-01-27,-129.037400,1.831100,1.940788
2026-01-28,-129.089300,1.816400,1.935119
2026-01-29,-129.100800,1.817400,1.933863
2026-01-30,-129.061400,1.811200,1.938166
2026-02-02,-129.085500,1.820000,1.935534
2026-02-03,-129.038500,1.817200,1.940668
2026-02-04,-129.018600,1.819300,1.942842
2026-02-05,-129.100800,1.816900,1.933863
2026-02-06,-129.238200,1.810200,1.918867
2026-02-09,-129.283200,1.811400,1.913959
2026-02-10,-129.301800,1.809400,1.911931
2026-02-11,-129.346800,1.799400,1.907026
2026-02-12,-129.370200,1.789300,1.904476
2026-02-13,-129.367100,1.792800,1.904814
2026-02-14,-129.343800,1.789900,1.907353
2026-02-24,-129.367400,1.802300,1.904781
2026-02-25,-129.255100,1.815800,1.917024
2026-02-26,-129.023800,1.828800,1.942274
2026-02-27,-129.049800,1.787700,1.939434
2026-02-28,-129.166400,1.775300,1.926702
2026-03-02,-129.219700,1.776100,1.920886
2026-03-03,-129.241500,1.780700,1.918507
2026-03-04,-129.273100,1.776800,1.915061
2026-03-05,-129.299300,1.777900,1.912204
2026-03-06,-129.264400,1.781000,1.916010
2026-03-09,-128.917700,1.805400,1.953872
2026-03-10,-128.892700,1.805500,1.956606
2026-03-11,-128.804800,1.807500,1.966223
2026-03-12,-128.846400,1.805200,1.961671
2026-03-13,-128.762200,1.814300,1.970887
2026-03-16,-128.589600,1.831200,1.989797
2026-03-17,-128.630200,1.831400,1.985346
2026-03-18,-128.758800,1.817500,1.971259
2026-03-19,-128.702000,1.825200,1.977479
2026-03-20,-128.680000,1.829900,1.979889
2026-03-23,-128.680500,1.831600,1.979834
2026-03-24,-128.776000,1.827200,1.969376
2026-03-25,-128.776900,1.823300,1.969277
2026-03-26,-128.796800,1.819400,1.967099
2026-03-27,-128.802500,1.817200,1.966475
2026-03-30,-128.947200,1.806300,1.950646
2026-03-31,-128.936000,1.817100,1.951871
2026-04-01,-128.851300,1.824400,1.961135
2026-04-02,-128.806100,1.820900,1.966081
2026-04-03,-128.837600,1.819900,1.962634
2026-04-07,-128.916700,1.817100,1.953981
2026-04-08,-129.018800,1.813600,1.942820
2026-04-09,-128.998100,1.819200,1.945082
2026-04-10,-129.137300,1.812800,1.929878
2026-04-13,-129.267600,1.793300,1.915661
2026-04-14,-129.294300,1.782900,1.912749
2026-04-15,-129.297600,1.780900,1.912389
2026-04-16,-129.274600,1.781200,1.914897
2026-04-17,-129.455300,1.762300,1.895205
2026-04-20,-129.487300,1.762700,1.891721
2026-04-21,-129.631600,1.751000,1.876019
2026-04-22,-129.769800,1.738900,1.860998
2026-04-23,-129.657700,1.754800,1.873181
2026-04-24,-129.542400,1.760100,1.885723
2026-04-27,-129.382700,1.769700,1.903114
2026-04-28,-129.413300,1.765400,1.899780
2026-04-29,-129.495000,1.744400,1.890883
2026-04-30,-129.411700,1.747300,1.899954
2026-05-06,-129.219100,1.765400,1.920951
2026-05-07,-129.229000,1.763100,1.919871
2026-05-08,-129.245500,1.764800,1.918071
2026-05-09,-129.225500,1.767000,1.920253
2026-05-11,-129.290000,1.762200,1.913218
2026-05-12,-129.348800,1.759200,1.906808
2026-05-13,-129.381000,1.751400,1.903299
2026-05-14,-129.345200,1.758800,1.907200
2026-05-15,-129.288600,1.765800,1.913371
2026-05-18,-129.339500,1.758500,1.907822
2026-05-19,-129.525900,1.734500,1.887519
2026-05-20,-129.525200,1.738200,1.887595
2026-05-21,-129.512100,1.744800,1.889021
2026-05-22,-129.470000,1.751900,1.893605
2026-05-25,-129.517800,1.748400,1.888401
2026-05-26,-129.596600,1.740500,1.879826
2026-05-27,-129.701600,1.721600,1.868409
2026-05-28,-129.760600,1.719300,1.861997
2026-05-29,-129.815200,1.709000,1.856067
2026-06-01,-129.925900,1.700900,1.844050
2026-06-02,-129.920000,1.703600,1.844690
2026-06-03,-129.852700,1.712800,1.851995
2026-06-04,-129.919700,1.708100,1.844723
2026-06-05,-129.840300,1.720700,1.853341
2026-06-08,-129.746100,1.727500,1.863573
2026-06-09,-129.662300,1.737600,1.872681
2026-06-10,-129.538500,1.747600,1.886148
2026-06-11,-129.464200,1.747500,1.894236
2026-06-12,-129.532100,1.742700,1.886844
2026-06-15,-129.553600,1.744600,1.884505
2026-06-16,-129.658100,1.732400,1.873138
2026-06-17,-129.729400,1.727000,1.865387
2026-06-18,-129.751800,1.729900,1.862953
2026-06-22,-129.750500,1.737500,1.863095
2026-06-23,-129.689200,1.743700,1.869757
2026-06-24,-129.665900,1.745400,1.872290
2026-06-25,-129.764700,1.735100,1.861552
2026-06-26,-129.802300,1.731400,1.857468
2026-06-29,-129.906800,1.717000,1.846123
2026-06-30,-129.794900,1.733000,1.858271
2026-07-01,-129.639000,1.744800,1.875215
2026-07-02,-129.646500,1.741000,1.874399
2026-07-03,-129.606400,1.746300,1.878760
2026-07-06,-129.693600,1.737900,1.869278
2026-07-07,-129.712500,1.740600,1.867224
2026-07-08,-129.784100,1.738500,1.859444
2026-07-09,-129.823000,1.737600,1.855220
2026-07-10,-129.811600,1.739800,1.856458
2026-07-13,-129.761000,1.744200,1.861954
2026-07-14,-129.770400,1.740200,1.860933
2026-07-15,-129.811800,1.740600,1.856436
2026-07-16,-129.766900,1.743700,1.861313
2026-07-17,-129.806600,1.740400,1.857001
2026-07-20,-129.775800,1.745300,1.860346
2026-07-21,-129.786800,1.745000,1.859151
2026-07-22,-130.003800,1.729700,1.835600
2026-07-23,-130.044700,1.732500,1.831165
2026-07-24,-130.090900,1.728200,1.826158
2026-07-27,-130.089600,1.733700,1.826299
2026-07-28,-130.083900,1.735100,1.826917
2026-07-29,-130.061100,1.732900,1.829388
2026-07-30,-130.215900,1.719600,1.812619
2026-07-31,-130.289200,1.714100,1.804685
