asset,score,w_prior_risk_parity,mu_bl,w_active_bl,signal_confidence,view_confidence,optimizer_used,optimizer_status,cvar_95,weight,date
sse50,0.3611111111111111,0.1111111111111111,-0.010193793113010703,0.04129442189288676,0.14007887672275302,0.5938282239238478,cvar,optimal,0.002065046246711446,0.04129442189288677,2017-05-31
csi300,0.6388888888888888,0.1111111111111111,-0.002364576513780048,3.82745224515818e-09,0.14007887672275302,0.7109427338314367,cvar,optimal,0.002065046246711446,3.8274522451581805e-09,2017-05-31
csi500,0.38888888888888884,0.1111111111111111,-0.018868256801095426,2.321034147830634e-09,0.14007887672275302,0.5094742824605036,cvar,optimal,0.002065046246711446,2.3210341478306343e-09,2017-05-31
csi1000,0.41666666666666663,0.1111111111111111,-0.022569077890115443,4.5412379083022584e-09,0.14007887672275302,0.4663419122069739,cvar,optimal,0.002065046246711446,4.541237908302259e-09,2017-05-31
bond_gov,0.7361111111111112,0.1111111111111111,0.0015862559884130293,0.34999999902248513,0.14007887672275302,0.6363693026060171,cvar,optimal,0.002065046246711446,0.3499999990224852,2017-05-31
bond_corp,0.6805555555555556,0.1111111111111111,0.00040721302463138256,0.34999999771934825,0.14007887672275302,0.40433861892117134,cvar,optimal,0.002065046246711446,0.3499999977193483,2017-05-31
csi_cb,0.5416666666666666,0.1111111111111111,-0.0034673189037559924,0.09290547760460503,0.14007887672275302,0.4505421421593525,cvar,optimal,0.002065046246711446,0.09290547760460505,2017-05-31
gold_au,0.4583333333333333,0.1111111111111111,-0.009053846054975315,0.06344717650112837,0.14007887672275302,0.6149436946637172,cvar,optimal,0.002065046246711446,0.06344717650112838,2017-05-31
spx,0.7777777777777778,0.1111111111111111,0.01831001505797898,0.10235291656982204,0.14007887672275302,0.5328474171629791,cvar,optimal,0.002065046246711446,0.10235291656982207,2017-05-31
sse50,0.2402443735571103,0.1111111111111111,-0.03491449704881288,0.012890551250495699,0.4316947154154669,0.6984597887076618,cvar,optimal,0.0019730790832882946,0.0128905512504957,2017-06-28
csi300,0.4374443262988876,0.1111111111111111,-0.02134004288092646,2.8546591332945553e-08,0.4316947154154669,0.5024181821824945,cvar,optimal,0.0019730790832882946,2.8546591332945556e-08,2017-06-28
csi500,0.5097556264428897,0.1111111111111111,-0.004378743409999924,0.010457431081978335,0.4316947154154669,0.5072054069715988,cvar,optimal,0.0019730790832882946,0.010457431081978337,2017-06-28
csi1000,0.597966772997668,0.1111111111111111,0.0032871331122528227,0.0008640534759384799,0.4316947154154669,0.4753181656513804,cvar,optimal,0.0019730790832882946,0.00086405347593848,2017-06-28
bond_gov,0.6756777423341107,0.1111111111111111,0.0006761232623661048,0.3499999939437727,0.4316947154154669,0.36854278786316824,cvar,optimal,0.0019730790832882946,0.34999999394377274,2017-06-28
bond_corp,0.6805555555555557,0.1111111111111111,0.0004437346927277404,0.34999999033067514,0.4316947154154669,0.3628159725664859,cvar,optimal,0.0019730790832882946,0.3499999903306752,2017-06-28
csi_cb,0.45101661350116606,0.1111111111111111,-0.009339559946228279,0.10911372726889065,0.4316947154154669,0.45138891410583243,cvar,optimal,0.0019730790832882946,0.10911372726889067,2017-06-28
gold_au,0.5892722990168341,0.1111111111111111,0.0038651956506361596,0.06327916957912208,0.4316947154154669,0.5421319431452005,cvar,optimal,0.0019730790832882946,0.0632791695791221,2017-06-28
spx,0.818066690295778,0.1111111111111111,0.016214358981752077,0.1033950545225355,0.4316947154154669,0.5198084116442899,cvar,optimal,0.0019730790832882946,0.10339505452253551,2017-06-28
sse50,0.5203216738910504,0.1111111111111111,0.00029368380384796507,0.016012174507547383,0.01920700315097438,0.453954657959207,cvar,optimal,0.0019427010367909603,0.016012174507547383,2017-07-26
csi300,0.569754597522591,0.1111111111111111,0.015511756884845938,3.201593645708667e-09,0.01920700315097438,0.617080195540299,cvar,optimal,0.0019427010367909603,3.201593645708667e-09,2017-07-26
csi500,0.813507090035402,0.1111111111111111,0.06352235534340353,0.012847289303724281,0.01920700315097438,0.8,cvar,optimal,0.0019427010367909603,0.012847289303724281,2017-07-26
csi1000,0.8072912086049642,0.1111111111111111,0.07314528179047558,7.554254090425046e-09,0.01920700315097438,0.8,cvar,optimal,0.0019427010367909603,7.554254090425046e-09,2017-07-26
bond_gov,0.38696714399259236,0.1111111111111111,-0.001123327028345577,0.3499999991220168,0.01920700315097438,0.7005324578933673,cvar,optimal,0.0019427010367909603,0.3499999991220168,2017-07-26
bond_corp,0.406885822465031,0.1111111111111111,-0.0007436375259838439,0.34999999926656283,0.01920700315097438,0.6730066215707832,cvar,optimal,0.0019427010367909603,0.34999999926656283,2017-07-26
csi_cb,0.5561678577335867,0.1111111111111111,0.009652804382037231,0.10415239857584675,0.01920700315097438,0.440243202731107,cvar,optimal,0.0019427010367909603,0.10415239857584675,2017-07-26
gold_au,0.3299464584307613,0.1111111111111111,-0.02196372854795222,0.06457545500761303,0.01920700315097438,0.6078131498554704,cvar,optimal,0.0019427010367909603,0.06457545500761303,2017-07-26
spx,0.609158147324021,0.1111111111111111,0.0037424109860061177,0.1024126734608413,0.01920700315097438,0.6193761873224785,cvar,optimal,0.0019427010367909603,0.1024126734608413,2017-07-26
sse50,0.6221317706030784,0.1111111111111111,0.010428848822531828,0.015173371256647852,0.23665838447296145,0.5474165757055645,cvar,optimal,0.0019720688587642828,0.015173371256647854,2017-08-23
csi300,0.6947928111315826,0.1111111111111111,0.022670823995627858,1.9163243312457913e-08,0.23665838447296145,0.6362419449966032,cvar,optimal,0.0019720688587642828,1.9163243312457916e-08,2017-08-23
csi500,0.8143365080229662,0.1111111111111111,0.054472711003116334,0.013843908231488948,0.23665838447296145,0.5348535701924659,cvar,optimal,0.0019720688587642828,0.01384390823148895,2017-08-23
csi1000,0.9204563420597017,0.1111111111111111,0.06922966554653351,1.892376004836812e-06,0.23665838447296145,0.8,cvar,optimal,0.0019720688587642828,1.8923760048368123e-06,2017-08-23
bond_gov,0.2754066076378065,0.1111111111111111,-0.001625914394541041,0.3499999963906775,0.23665838447296145,0.7570201571391166,cvar,optimal,0.0019720688587642828,0.3499999963906776,2017-08-23
bond_corp,0.3031843854155843,0.1111111111111111,-0.0008069661204072101,0.34999999698199824,0.23665838447296145,0.7320173317185893,cvar,optimal,0.0019720688587642828,0.3499999969819983,2017-08-23
csi_cb,0.49242764393212757,0.1111111111111111,0.005326714847087475,0.10394356410683211,0.23665838447296145,0.5896346439936357,cvar,optimal,0.0019720688587642828,0.10394356410683213,2017-08-23
gold_au,0.2728489384849895,0.1111111111111111,-0.016551788369667288,0.06477167549067968,0.23665838447296145,0.5270144283521194,cvar,optimal,0.0019720688587642828,0.06477167549067969,2017-08-23
spx,0.6044149927121629,0.1111111111111111,0.0031773412530972335,0.10226557600242743,0.23665838447296145,0.5728383987962943,cvar,optimal,0.0019720688587642828,0.10226557600242744,2017-08-23
sse50,0.7214006132847716,0.1111111111111111,0.04283560712353877,0.041148714533021075,0.20987516993949543,0.5357300227781459,cvar,optimal,0.0019831066005089534,0.041148714533021075,2017-09-20
csi300,0.7794672132399326,0.1111111111111111,0.03191492795598373,4.346605197083892e-10,0.20987516993949543,0.7046947194267837,cvar,optimal,0.0019831066005089534,4.346605197083892e-10,2017-09-20
csi500,0.4346794132711845,0.1111111111111111,-0.017699002962531248,1.4105967356430571e-09,0.20987516993949543,0.741990342275598,cvar,optimal,0.0019831066005089534,1.4105967356430571e-09,2017-09-20
csi1000,0.39794199306326383,0.1111111111111111,-0.028096349127501325,5.91873194762176e-10,0.20987516993949543,0.7819261932063902,cvar,optimal,0.0019831066005089534,5.91873194762176e-10,2017-09-20
bond_gov,0.5097808442016356,0.1111111111111111,-0.00043472195850750275,0.34999999991685177,0.20987516993949543,0.561306139829749,cvar,optimal,0.0019831066005089534,0.34999999991685177,2017-09-20
bond_corp,0.5558032708521151,0.1111111111111111,-4.1475965510587014e-05,0.34999999991984715,0.20987516993949543,0.43953820868440185,cvar,optimal,0.0019831066005089534,0.34999999991984715,2017-09-20
csi_cb,0.7190444418412604,0.1111111111111111,0.02214398760347592,0.08881657882087668,0.20987516993949543,0.6169447549975335,cvar,optimal,0.0019831066005089534,0.08881657882087668,2017-09-20
gold_au,0.4454517380628253,0.1111111111111111,-0.0030695434014333376,0.06887834539714699,0.20987516993949543,0.4175999818397044,cvar,optimal,0.0019831066005089534,0.06887834539714699,2017-09-20
spx,0.43643047218301095,0.1111111111111111,-0.008449262796594168,0.10115635897512587,0.20987516993949543,0.6629858380806686,cvar,optimal,0.0019831066005089534,0.10115635897512587,2017-09-20
sse50,0.45767513775491586,0.1111111111111111,-0.017301309960123596,0.016704516200052866,0.41613852675540286,0.5861857618856627,cvar,optimal,0.001802569728341303,0.016704516200052866,2017-10-25
csi300,0.49685874213586567,0.1111111111111111,-0.004039106108750173,3.1268073611722586e-09,0.41613852675540286,0.646587072986022,cvar,optimal,0.001802569728341303,3.1268073611722586e-09,2017-10-25
csi500,0.6518932748992251,0.1111111111111111,0.027920185634320437,0.011995548980992251,0.41613852675540286,0.6554774423258524,cvar,optimal,0.001802569728341303,0.011995548980992251,2017-10-25
csi1000,0.6811835611005048,0.1111111111111111,0.03530047766103983,6.133640331809511e-09,0.41613852675540286,0.7847614046125913,cvar,optimal,0.001802569728341303,6.133640331809511e-09,2017-10-25
bond_gov,0.6785893287868611,0.1111111111111111,0.0009871948799307021,0.34999999968336876,0.41613852675540286,0.6182533646556596,cvar,optimal,0.001802569728341303,0.34999999968336876,2017-10-25
bond_corp,0.820580544576687,0.1111111111111111,0.001064543882504896,0.3499999996962465,0.41613852675540286,0.6400249763785935,cvar,optimal,0.001802569728341303,0.3499999996962465,2017-10-25
csi_cb,0.49800303132537616,0.1111111111111111,-0.0004881759942511098,0.09584595482385531,0.41613852675540286,0.5560177324028275,cvar,optimal,0.001802569728341303,0.09584595482385531,2017-10-25
gold_au,0.5114403871015047,0.1111111111111111,7.73186159441744e-05,0.07064698271675145,0.41613852675540286,0.31489986713485224,cvar,optimal,0.001802569728341303,0.07064698271675145,2017-10-25
spx,0.2037759923190594,0.1111111111111111,-0.028182442583675072,0.10480698863828514,0.41613852675540286,0.8,cvar,optimal,0.001802569728341303,0.10480698863828514,2017-10-25
sse50,0.3497086977061706,0.1111111111111111,-0.010727338281614911,0.004174195550207226,0.3400430382661553,0.6160600705281152,cvar,optimal,0.001848019767001287,0.0041741955502072265,2017-11-22
csi300,0.7520442305519848,0.1111111111111111,0.018644403989611622,0.03557776982821409,0.3400430382661553,0.7558745285682773,cvar,optimal,0.001848019767001287,0.0355777698282141,2017-11-22
csi500,0.7136664523160545,0.1111111111111111,0.054499774738742755,0.012985327987221953,0.3400430382661553,0.7192272905003105,cvar,optimal,0.001848019767001287,0.012985327987221957,2017-11-22
csi1000,0.8869949408298671,0.1111111111111111,0.07068563700581587,3.1487010122735067e-08,0.3400430382661553,0.8,cvar,optimal,0.001848019767001287,3.148701012273507e-08,2017-11-22
bond_gov,0.3107998921766304,0.1111111111111111,-0.0014764274119870007,0.34999999770237405,0.3400430382661553,0.7965567662656343,cvar,optimal,0.001848019767001287,0.3499999977023741,2017-11-22
bond_corp,0.6588328460281033,0.1111111111111111,0.0001336004467173756,0.34999999754548483,0.3400430382661553,0.4442470770794129,cvar,optimal,0.001848019767001287,0.3499999975454849,2017-11-22
csi_cb,0.5749691414240049,0.1111111111111111,0.006661325594156382,0.047998936839418076,0.3400430382661553,0.483281158158672,cvar,optimal,0.001848019767001287,0.04799893683941809,2017-11-22
gold_au,0.41813784743220506,0.1111111111111111,-0.008100041771905746,0.09150073603550854,0.3400430382661553,0.6290327476492418,cvar,optimal,0.001848019767001287,0.09150073603550855,2017-11-22
spx,0.3348459515349793,0.1111111111111111,-0.012273925895856044,0.10776300702456104,0.3400430382661553,0.7443368678983026,cvar,optimal,0.001848019767001287,0.10776300702456107,2017-11-22
sse50,0.464564620626189,0.1111111111111111,0.008507238945171355,0.019998270721773882,0.35047500093305306,0.5411499860634137,cvar,optimal,0.001646483940237494,0.019998270721773882,2017-12-20
csi300,0.7674458476818247,0.1111111111111111,0.027844791018435098,1.2964611064689653e-07,0.35047500093305306,0.7623071231576309,cvar,optimal,0.001646483940237494,1.2964611064689653e-07,2017-12-20
csi500,0.6783312543934166,0.1111111111111111,0.04812090551264202,0.012273406800064437,0.35047500093305306,0.7188433209856723,cvar,optimal,0.001646483940237494,0.012273406800064437,2017-12-20
csi1000,0.964727302632397,0.1111111111111111,0.06504507866646711,3.913825907424646e-08,0.35047500093305306,0.8,cvar,optimal,0.001646483940237494,3.913825907424646e-08,2017-12-20
bond_gov,0.22478830251925908,0.1111111111111111,-0.0014032666098628423,0.34999999523135716,0.35047500093305306,0.666602195736469,cvar,optimal,0.001646483940237494,0.34999999523135716,2017-12-20
bond_corp,0.44365446156374516,0.1111111111111111,-0.0003342019607442981,0.3499999958670261,0.35047500093305306,0.5895733451014471,cvar,optimal,0.001646483940237494,0.3499999958670261,2017-12-20
csi_cb,0.7921545004474814,0.1111111111111111,0.020134534818047913,0.04400802173625089,0.35047500093305306,0.6788661607428051,cvar,optimal,0.001646483940237494,0.04400802173625089,2017-12-20
gold_au,0.45893022964894664,0.1111111111111111,-0.0010842547410105082,0.11023442037275746,0.35047500093305306,0.5631161408105583,cvar,optimal,0.001646483940237494,0.11023442037275746,2017-12-20
spx,0.20540348048674034,0.1111111111111111,-0.01578347802027917,0.11348572048640033,0.35047500093305306,0.6794110410070788,cvar,optimal,0.001646483940237494,0.11348572048640033,2017-12-20
sse50,0.6122056024854706,0.1111111111111111,0.010112580461817807,0.016550280267947914,0.34186638939266356,0.5355237525944423,cvar,optimal,0.0014147584714293746,0.016550280267947914,2018-01-18
csi300,0.7418682110622039,0.1111111111111111,0.02593900302865789,0.0041222346188267015,0.34186638939266356,0.6898610210868036,cvar,optimal,0.0014147584714293746,0.0041222346188267015,2018-01-18
csi500,0.8152746011992051,0.1111111111111111,0.05298910744844815,0.0012298826102939845,0.34186638939266356,0.7722404901695702,cvar,optimal,0.0014147584714293746,0.0012298826102939845,2018-01-18
csi1000,0.9932430764926393,0.1111111111111111,0.06273457052253728,1.155589129078426e-08,0.34186638939266356,0.8,cvar,optimal,0.0014147584714293746,1.155589129078426e-08,2018-01-18
bond_gov,0.21445394733897621,0.1111111111111111,-0.0014894556174539647,0.3499999989499178,0.34186638939266356,0.7458530012376381,cvar,optimal,0.0014147584714293746,0.3499999989499178,2018-01-18
bond_corp,0.30766534751650965,0.1111111111111111,-0.0005026508009887895,0.3499999985737819,0.34186638939266356,0.7061249218392771,cvar,optimal,0.0014147584714293746,0.3499999985737819,2018-01-18
csi_cb,0.6854372696920785,0.1111111111111111,0.016242288239693495,0.06740298963595967,0.34186638939266356,0.5639692607712649,cvar,optimal,0.0014147584714293746,0.06740298963595967,2018-01-18
gold_au,0.28075451261985673,0.1111111111111111,-0.011212631388321419,0.10211452719603123,0.34186638939266356,0.5980660344094015,cvar,optimal,0.0014147584714293746,0.10211452719603123,2018-01-18
spx,0.3490974315930599,0.1111111111111111,-0.006867181371691518,0.10858007659134954,0.34186638939266356,0.6976472259579092,cvar,optimal,0.0014147584714293746,0.10858007659134954,2018-01-18
sse50,0.6302972202073205,0.1111111111111111,0.038404028940229984,0.002843789914388267,0.5167699758338479,0.491893980608062,cvar,optimal,0.0021386375824015464,0.002843789914388267,2018-02-22
csi300,0.6939526925396443,0.1111111111111111,0.036807089907139406,4.251599741484284e-09,0.5167699758338479,0.6636187139775214,cvar,optimal,0.0021386375824015464,4.251599741484284e-09,2018-02-22
csi500,0.48432090794300336,0.1111111111111111,0.020674401438131495,0.010567486157692242,0.5167699758338479,0.38300822319969624,cvar,optimal,0.0021386375824015464,0.010567486157692242,2018-02-22
csi1000,0.5533649493610902,0.1111111111111111,0.023575306416436872,4.506884827362655e-09,0.5167699758338479,0.2682946481113029,cvar,optimal,0.0021386375824015464,4.506884827362655e-09,2018-02-22
bond_gov,0.3514159784504024,0.1111111111111111,-0.0007886480696671495,0.3499999995108786,0.5167699758338479,0.5509040879420737,cvar,optimal,0.0021386375824015464,0.3499999995108786,2018-02-22
bond_corp,0.38779257773252296,0.1111111111111111,-0.0004276183747876695,0.34999999952599914,0.5167699758338479,0.5429389821061581,cvar,optimal,0.0021386375824015464,0.34999999952599914,2018-02-22
csi_cb,0.8718167210548932,0.1111111111111111,0.04325664514345181,0.10231587401178048,0.5167699758338479,0.7280663533983227,cvar,optimal,0.0021386375824015464,0.10231587401178048,2018-02-22
gold_au,0.33554577629676396,0.1111111111111111,-0.016388566296783487,0.13459099143176623,0.5167699758338479,0.6921563611297626,cvar,optimal,0.0021386375824015464,0.13459099143176623,2018-02-22
spx,0.6914931764143593,0.1111111111111111,0.016675813093211866,0.049681850689010515,0.5167699758338479,0.5824313703653717,cvar,optimal,0.0021386375824015464,0.049681850689010515,2018-02-22
sse50,0.5453925485627802,0.1111111111111111,0.005099451140301874,3.232270019162196e-08,0.13076930828434313,0.6455865649038413,cvar,optimal,0.0021691536923373845,3.232270019162196e-08,2018-03-22
csi300,0.5336696494089359,0.1111111111111111,-0.010062115290299996,1.8450606859600305e-09,0.13076930828434313,0.6038344869359894,cvar,optimal,0.0021691536923373845,1.8450606859600305e-09,2018-03-22
csi500,0.350887189043748,0.1111111111111111,-0.054073413124764116,0.021227296377937944,0.13076930828434313,0.6294372233498722,cvar,optimal,0.0021691536923373845,0.021227296377937944,2018-03-22
csi1000,0.4222049337952762,0.1111111111111111,-0.04849909486428318,0.0011734163344740607,0.13076930828434313,0.37514227799214017,cvar,optimal,0.0021691536923373845,0.0011734163344740607,2018-03-22
bond_gov,0.5577966865370817,0.1111111111111111,-0.00012158296645803921,0.34999999969015255,0.13076930828434313,0.3080035785130416,cvar,optimal,0.0021691536923373845,0.34999999969015255,2018-03-22
bond_corp,0.5855744643148595,0.1111111111111111,-5.15798070198676e-06,0.34999999971109547,0.13076930828434313,0.3170052288373743,cvar,optimal,0.0021691536923373845,0.34999999971109547,2018-03-22
csi_cb,0.5374972277929002,0.1111111111111111,-0.008269572545492439,0.08254137206216922,0.13076930828434313,0.561825032104124,cvar,optimal,0.0021691536923373845,0.08254137206216922,2018-03-22
gold_au,0.748917368626958,0.1111111111111111,0.028398869939564638,0.14985201089374364,0.13076930828434313,0.7324488191901937,cvar,optimal,0.0021691536923373845,0.14985201089374364,2018-03-22
spx,0.7180599319174605,0.1111111111111111,0.04021838996310566,0.04520587076266628,0.13076930828434313,0.6578338999688176,cvar,optimal,0.0021691536923373845,0.04520587076266628,2018-03-22
sse50,0.484964364454592,0.1111111111111111,-0.008310987216376329,2.934727804732102e-10,0.3287519984200438,0.4700229764177584,cvar,optimal,0.002182867770352236,2.934727804732102e-10,2018-04-23
csi300,0.5060655096679618,0.1111111111111111,-0.018900955410715934,4.612323382245161e-10,0.3287519984200438,0.40840912336578183,cvar,optimal,0.002182867770352236,4.612323382245161e-10,2018-04-23
csi500,0.2678005784993524,0.1111111111111111,-0.059794923035194174,0.01827691847457992,0.3287519984200438,0.5901559046294836,cvar,optimal,0.002182867770352236,0.01827691847457992,2018-04-23
csi1000,0.38359179174023317,0.1111111111111111,-0.05243992465178354,0.0030812147845068415,0.3287519984200438,0.3973975636793773,cvar,optimal,0.002182867770352236,0.0030812147845068415,2018-04-23
bond_gov,0.6809397618152088,0.1111111111111111,0.0006871127785540062,0.349999999845832,0.3287519984200438,0.43995835218364365,cvar,optimal,0.002182867770352236,0.349999999845832,2018-04-23
bond_corp,0.6724410855786688,0.1111111111111111,0.0003375831801660835,0.3499999997550638,0.3287519984200438,0.3434272012305123,cvar,optimal,0.002182867770352236,0.3499999997550638,2018-04-23
csi_cb,0.5270269816257921,0.1111111111111111,-0.00897440021441357,0.08328741156119013,0.3287519984200438,0.5933421627631005,cvar,optimal,0.002182867770352236,0.08328741156119013,2018-04-23
gold_au,0.7810082982501881,0.1111111111111111,0.023404807773936737,0.15034884431905834,0.3287519984200438,0.5821820227606815,cvar,optimal,0.002182867770352236,0.15034884431905834,2018-04-23
spx,0.6446108779266041,0.1111111111111111,0.01945475551514719,0.04500561050506386,0.3287519984200438,0.4759220797271386,cvar,optimal,0.002182867770352236,0.04500561050506386,2018-04-23
sse50,0.5079865919616539,0.1111111111111111,-0.00706675729851914,1.0835739276549183e-08,0.1746859783512844,0.41261148584154583,cvar,optimal,0.0020806725405491627,1.0835739276549183e-08,2018-05-23
csi300,0.47968990480045437,0.1111111111111111,-0.023389825484774127,1.1436666751967577e-08,0.1746859783512844,0.37353891016823704,cvar,optimal,0.0020806725405491627,1.1436666751967577e-08,2018-05-23
csi500,0.176784292354955,0.1111111111111111,-0.07359448251466051,0.03858428398421152,0.1746859783512844,0.8,cvar,optimal,0.0020806725405491627,0.03858428398421152,2018-05-23
csi1000,0.2674755388839986,0.1111111111111111,-0.07044527867592049,1.4079998845424953e-08,0.1746859783512844,0.6670277647738685,cvar,optimal,0.0020806725405491627,1.4079998845424953e-08,2018-05-23
bond_gov,0.7447776705991227,0.1111111111111111,0.0009543673117197307,0.34999999830068157,0.1746859783512844,0.6519753536364787,cvar,optimal,0.0020806725405491627,0.34999999830068157,2018-05-23
bond_corp,0.7579738982311592,0.1111111111111111,0.0006375400933759231,0.34999999829202966,0.1746859783512844,0.6609356689569187,cvar,optimal,0.0020806725405491627,0.34999999829202966,2018-05-23
csi_cb,0.5045982007031322,0.1111111111111111,-0.01212405516937927,0.06345865069644306,0.1746859783512844,0.5027843855348652,cvar,optimal,0.0020806725405491627,0.06345865069644306,2018-05-23
gold_au,0.8320555051680514,0.1111111111111111,0.02422893145212294,0.16802518988937615,0.1746859783512844,0.7839545686411503,cvar,optimal,0.0020806725405491627,0.16802518988937615,2018-05-23
spx,0.6766128155156236,0.1111111111111111,0.019295591028978785,0.02993184248485314,0.1746859783512844,0.40597993796409926,cvar,optimal,0.0020806725405491627,0.02993184248485314,2018-05-23
sse50,0.23539223461374598,0.1111111111111111,-0.06312566991965807,2.1599547869771406e-09,0.03197522897527957,0.8,cvar,optimal,0.002296010653378533,2.1599547869771406e-09,2018-06-21
csi300,0.34342255558012985,0.1111111111111111,-0.04846910554192226,3.4580569523658145e-09,0.03197522897527957,0.7824798489193042,cvar,optimal,0.002296010653378533,3.4580569523658145e-09,2018-06-21
csi500,0.4063581456903239,0.1111111111111111,-0.0273542139388096,0.02188921166710985,0.03197522897527957,0.5559850775145048,cvar,optimal,0.002296010653378533,0.02188921166710985,2018-06-21
csi1000,0.6037898633911916,0.1111111111111111,-0.011962875823042798,2.6223620821362272e-08,0.03197522897527957,0.5566444815505994,cvar,optimal,0.002296010653378533,2.6223620821362272e-08,2018-06-21
bond_gov,0.8177665260972268,0.1111111111111111,0.0015857418383799704,0.3499999980221799,0.03197522897527957,0.7577749446552557,cvar,optimal,0.002296010653378533,0.3499999980221799,2018-06-21
bond_corp,0.8050045291032717,0.1111111111111111,0.0007901773429735448,0.3499999982395261,0.03197522897527957,0.6683482104399714,cvar,optimal,0.002296010653378533,0.3499999982395261,2018-06-21
csi_cb,0.555375708785566,0.1111111111111111,-0.01289758749878422,0.06499213638145045,0.03197522897527957,0.6159140708754072,cvar,optimal,0.002296010653378533,0.06499213638145045,2018-06-21
gold_au,0.790297503757556,0.1111111111111111,0.014208321247243442,0.18425925521614625,0.03197522897527957,0.5297950847287164,cvar,optimal,0.002296010653378533,0.18425925521614625,2018-06-21
spx,0.5241703774008579,0.1111111111111111,-0.0014003588502419523,0.028859368631954863,0.03197522897527957,0.5049593883400381,cvar,optimal,0.002296010653378533,0.028859368631954863,2018-06-21
sse50,0.37770087325536966,0.1111111111111111,-0.04834581611617758,8.158493544494757e-10,0.23534433685602063,0.5831981453980262,cvar,optimal,0.0023036295380344106,8.158493544494757e-10,2018-07-19
csi300,0.3838801260827929,0.1111111111111111,-0.04716819082707998,1.2028281849908631e-09,0.23534433685602063,0.6976891972264646,cvar,optimal,0.0023036295380344106,1.2028281849908631e-09,2018-07-19
csi500,0.3989841988185522,0.1111111111111111,-0.04471624815426898,0.009371861139173192,0.23534433685602063,0.7199368582862715,cvar,optimal,0.0023036295380344106,0.009371861139173192,2018-07-19
csi1000,0.5506253814741461,0.1111111111111111,-0.03131626586195218,1.1311482409012825e-08,0.23534433685602063,0.3742369847056845,cvar,optimal,0.0023036295380344106,1.1311482409012825e-08,2018-07-19
bond_gov,0.7843474872106645,0.1111111111111111,0.001368319679960868,0.3499999995874494,0.23534433685602063,0.5159700303171221,cvar,optimal,0.0023036295380344106,0.3499999995874494,2018-07-19
bond_corp,0.8627556252730999,0.1111111111111111,0.0011026346172001542,0.3499999995868777,0.23534433685602063,0.7420307993635988,cvar,optimal,0.0023036295380344106,0.3499999995868777,2018-07-19
csi_cb,0.552815004183316,0.1111111111111111,-0.01392900421999773,0.06660632162285203,0.23534433685602063,0.5641692896677448,cvar,optimal,0.0023036295380344106,0.06660632162285203,2018-07-19
gold_au,0.6983463711138901,0.1111111111111111,0.009026723576384154,0.19745964262676072,0.23534433685602063,0.4407809050418993,cvar,optimal,0.0023036295380344106,0.19745964262676072,2018-07-19
spx,0.5552130873838681,0.1111111111111111,0.0001403513435176227,0.02656216210672693,0.23534433685602063,0.34597738501002856,cvar,optimal,0.0023036295380344106,0.02656216210672693,2018-07-19
sse50,0.35442209008733333,0.1111111111111111,-0.033379904561095144,3.785940494288333e-09,0.12258073872402211,0.72671274632637,cvar,optimal,0.0022399400044159743,3.785940494288333e-09,2018-08-16
csi300,0.5391040500223581,0.1111111111111111,-0.01704063000803329,5.714651194771238e-09,0.12258073872402211,0.685108897393429,cvar,optimal,0.0022399400044159743,5.714651194771238e-09,2018-08-16
csi500,0.49898861776639836,0.1111111111111111,-0.010616798199919383,0.017340577399614192,0.12258073872402211,0.5688402152026281,cvar,optimal,0.0022399400044159743,0.017340577399614192,2018-08-16
csi1000,0.5865167147681125,0.1111111111111111,-0.001833611222651202,1.092210435066901e-07,0.12258073872402211,0.40777238748337197,cvar,optimal,0.0022399400044159743,1.092210435066901e-07,2018-08-16
bond_gov,0.7214915023143117,0.1111111111111111,0.0010180930109927155,0.34999999777760377,0.12258073872402211,0.47489909762429694,cvar,optimal,0.0022399400044159743,0.34999999777760377,2018-08-16
bond_corp,0.7666643876229754,0.1111111111111111,0.0006195845746181657,0.3499999977582369,0.12258073872402211,0.5233940687563811,cvar,optimal,0.0022399400044159743,0.3499999977582369,2018-08-16
csi_cb,0.6180384657333275,0.1111111111111111,-0.0003982978288854938,0.05560395717807772,0.12258073872402211,0.5865763062935564,cvar,optimal,0.0022399400044159743,0.05560395717807772,2018-08-16
gold_au,0.809570304826892,0.1111111111111111,0.016078319375461968,0.20368720638700136,0.12258073872402211,0.5408245658268278,cvar,optimal,0.0022399400044159743,0.20368720638700136,2018-08-16
spx,0.2512278553187934,0.1111111111111111,-0.04900318663406516,0.023368144777830918,0.12258073872402211,0.7748691320600969,cvar,optimal,0.0022399400044159743,0.023368144777830918,2018-08-16
sse50,0.631542819821827,0.1111111111111111,0.03559587493662156,1.0227682608229973e-10,0.1834427802493521,0.4280794609159069,cvar,optimal,0.002259648989022948,1.0227682608229973e-10,2018-09-13
csi300,0.7691611366257001,0.1111111111111111,0.040269533476629094,1.5270609637815723e-10,0.1834427802493521,0.5225804445884948,cvar,optimal,0.002259648989022948,1.5270609637815723e-10,2018-09-13
csi500,0.49051325327952666,0.1111111111111111,0.018893395657369968,0.009007188247703165,0.1834427802493521,0.47044660214421447,cvar,optimal,0.002259648989022948,0.009007188247703165,2018-09-13
csi1000,0.5311662586689004,0.1111111111111111,0.023772607652845626,1.7804668534537386e-08,0.1834427802493521,0.38839702226626144,cvar,optimal,0.002259648989022948,1.7804668534537386e-08,2018-09-13
bond_gov,0.5714218094840692,0.1111111111111111,0.000200182327023818,0.34999999994872144,0.1834427802493521,0.5256340932132941,cvar,optimal,0.002259648989022948,0.34999999994872144,2018-09-13
bond_corp,0.6551132806067704,0.1111111111111111,0.00029003311191858484,0.3499999999489199,0.1834427802493521,0.6591341989083498,cvar,optimal,0.002259648989022948,0.3499999999489199,2018-09-13
csi_cb,0.6651993568117404,0.1111111111111111,0.012716279194036563,0.06504565529154989,0.1834427802493521,0.4615171340784462,cvar,optimal,0.002259648989022948,0.06504565529154989,2018-09-13
gold_au,0.7059987760067012,0.1111111111111111,0.01226966065329239,0.20105348085402552,0.1834427802493521,0.5856243951129304,cvar,optimal,0.002259648989022948,0.20105348085402552,2018-09-13
spx,0.14479686604043276,0.1111111111111111,-0.06113493289965457,0.024893657649428594,0.1834427802493521,0.7985936144817369,cvar,optimal,0.002259648989022948,0.024893657649428594,2018-09-13
sse50,0.5602155468165014,0.1,0.017782829336722525,5.687642838072484e-10,0.2525254864231575,0.6339756972832405,cvar,optimal,0.001834219579445354,5.687642838072484e-10,2018-10-19
csi300,0.6047947808151674,0.1,0.016653989195714078,2.954975476647514e-10,0.2525254864231575,0.5638956306193256,cvar,optimal,0.001834219579445354,2.954975476647514e-10,2018-10-19
csi500,0.339176191577579,0.1,-0.011747198595265657,1.1861948192149764e-10,0.2525254864231575,0.5092578361755167,cvar,optimal,0.001834219579445354,1.1861948192149764e-10,2018-10-19
csi1000,0.43775853790972663,0.1,-0.0071037960259705685,1.009829844433931e-10,0.2525254864231575,0.37298695169597873,cvar,optimal,0.001834219579445354,1.009829844433931e-10,2018-10-19
bond_gov,0.6578829293754856,0.1,0.0006476845950026162,0.349999999769955,0.2525254864231575,0.5461064706341293,cvar,optimal,0.001834219579445354,0.349999999769955,2018-10-19
bond_corp,0.7341282244368537,0.1,0.000643296669057623,0.3499999997655292,0.2525254864231575,0.7050350101580343,cvar,optimal,0.001834219579445354,0.3499999997655292,2018-10-19
csi_cb,0.8188897995727281,0.1,0.017281244487952076,0.05205858424869654,0.2525254864231575,0.5959727225179423,cvar,optimal,0.001834219579445354,0.05205858424869654,2018-10-19
crude_sc,0.28412655560911215,0.1,-0.06284196248503383,5.29535510283992e-09,0.2525254864231575,0.8,cvar,optimal,0.001834219579445354,5.29535510283992e-09,2018-10-19
gold_au,0.6585847357975019,0.1,0.009219243788173924,0.17582317818643617,0.2525254864231575,0.39580664960843737,cvar,optimal,0.001834219579445354,0.17582317818643617,2018-10-19
spx,0.4044426980893441,0.1,-0.013522555559655172,0.07211823165016366,0.2525254864231575,0.5210199998069647,cvar,optimal,0.001834219579445354,0.07211823165016366,2018-10-19
sse50,0.5843813415322974,0.1,0.01922986702255354,2.0856799054170314e-09,0.03451882289060531,0.6393635504866146,cvar,optimal,0.001819171335145435,2.0856799054170314e-09,2018-11-16
csi300,0.5758060431422676,0.1,0.010795508508815478,7.525377721141725e-10,0.03451882289060531,0.6735989783050083,cvar,optimal,0.001819171335145435,7.525377721141725e-10,2018-11-16
csi500,0.40817040546702343,0.1,-0.03219389179283502,2.444199748692793e-10,0.03451882289060531,0.6813389218736107,cvar,optimal,0.001819171335145435,2.444199748692793e-10,2018-11-16
csi1000,0.4418364661787347,0.1,-0.028317786247585297,2.1108611107200786e-10,0.03451882289060531,0.6198239454435773,cvar,optimal,0.001819171335145435,2.1108611107200786e-10,2018-11-16
bond_gov,0.5425380037078047,0.1,0.00020145192497382928,0.349999999674502,0.03451882289060531,0.5704324011718637,cvar,optimal,0.001819171335145435,0.349999999674502,2018-11-16
bond_corp,0.6781803119564501,0.1,0.0006848699911554523,0.3499999996768872,0.03451882289060531,0.6528416326440714,cvar,optimal,0.001819171335145435,0.3499999996768872,2018-11-16
csi_cb,0.6848444521211721,0.1,0.01378470905127178,0.11040297139523886,0.03451882289060531,0.7121755520204661,cvar,optimal,0.001819171335145435,0.11040297139523886,2018-11-16
crude_sc,0.4351106725252655,0.1,-0.04897903467552561,0.0007744090671912889,0.03451882289060531,0.7560001763067918,cvar,optimal,0.001819171335145435,0.0007744090671912889,2018-11-16
gold_au,0.646816252220671,0.1,0.014016759940387494,0.14479350338881852,0.03451882289060531,0.5753619837710182,cvar,optimal,0.001819171335145435,0.14479350338881852,2018-11-16
spx,0.5023160511483141,0.1,-0.009740510743908713,0.044029113503638466,0.03451882289060531,0.6713041341685086,cvar,optimal,0.001819171335145435,0.044029113503638466,2018-11-16
sse50,0.5241350315719856,0.1,-0.015244820480148247,1.3997219704663149e-09,0.5390422878270272,0.7325335342146493,cvar,optimal,0.001751287551871836,1.3997219704663149e-09,2018-12-14
csi300,0.6000138652761761,0.1,-0.013926107097111791,8.85598826490418e-10,0.5390422878270272,0.47513726329266415,cvar,optimal,0.001751287551871836,8.85598826490418e-10,2018-12-14
csi500,0.4088656154806407,0.1,-0.061248955794876755,3.7515786990967746e-10,0.5390422878270272,0.7094986321407541,cvar,optimal,0.001751287551871836,3.7515786990967746e-10,2018-12-14
csi1000,0.4206542644386493,0.1,-0.06169320297039885,3.321013766487018e-10,0.5390422878270272,0.6774369940899102,cvar,optimal,0.001751287551871836,3.321013766487018e-10,2018-12-14
bond_gov,0.49933061123589895,0.1,-0.0003708687853617366,0.34999999940873333,0.5390422878270272,0.6789472972071957,cvar,optimal,0.001751287551871836,0.34999999940873333,2018-12-14
bond_corp,0.6043180050089985,0.1,0.0003511603331880435,0.3499999994060893,0.5390422878270272,0.5821361991123788,cvar,optimal,0.001751287551871836,0.3499999994060893,2018-12-14
csi_cb,0.5797855188628079,0.1,-0.00488369874815105,0.11040305964658237,0.5390422878270272,0.620433398518799,cvar,optimal,0.001751287551871836,0.11040305964658237,2018-12-14
crude_sc,0.6941750019018762,0.1,0.07278988148498057,0.0007743739676552079,0.5390422878270272,0.4490091418311389,cvar,optimal,0.001751287551871836,0.0007743739676552079,2018-12-14
gold_au,0.591350491155189,0.1,0.008122689219404237,0.14479348985777618,0.5390422878270272,0.5101583693180806,cvar,optimal,0.001751287551871836,0.14479348985777618,2018-12-14
spx,0.5773715950677778,0.1,0.012618808371506782,0.044029074720583435,0.5390422878270272,0.44614578312952474,cvar,optimal,0.001751287551871836,0.044029074720583435,2018-12-14
sse50,0.4903342342922377,0.1,-0.017003186729164885,6.695268161631059e-09,0.8618284647612247,0.6730214243282766,cvar,optimal,0.0017347781429689426,6.695268161631059e-09,2019-01-15
csi300,0.542304004500256,0.1,-0.014376376165425586,5.146338533089706e-09,0.8618284647612247,0.6332448161649837,cvar,optimal,0.0017347781429689426,5.146338533089706e-09,2019-01-15
csi500,0.4071301301623543,0.1,-0.03891582319397636,2.6272723458728875e-09,0.8618284647612247,0.5881087408127597,cvar,optimal,0.0017347781429689426,2.6272723458728875e-09,2019-01-15
csi1000,0.48445625582445256,0.1,-0.03258656636635045,2.423458260246725e-09,0.8618284647612247,0.6787210005899985,cvar,optimal,0.0017347781429689426,2.423458260246725e-09,2019-01-15
bond_gov,0.4588903904870628,0.1,-0.0006682151308694858,0.3499999954732662,0.8618284647612247,0.5855380452949892,cvar,optimal,0.0017347781429689426,0.3499999954732662,2019-01-15
bond_corp,0.5614260260324709,0.1,8.720952745938831e-05,0.3499999955254543,0.8618284647612247,0.5461104534188079,cvar,optimal,0.0017347781429689426,0.3499999955254543,2019-01-15
csi_cb,0.5668849847336366,0.1,-0.00261335340466211,0.08602756219611116,0.8618284647612247,0.5078543570225127,cvar,optimal,0.0017347781429689426,0.08602756219611116,2019-01-15
crude_sc,0.7809670673313052,0.1,0.12898153882527677,0.011390406989072994,0.8618284647612247,0.4925838193810884,cvar,optimal,0.0017347781429689426,0.011390406989072994,2019-01-15
gold_au,0.5957931929934034,0.1,0.004033417154299784,0.15574359909345337,0.8618284647612247,0.47841574871524767,cvar,optimal,0.0017347781429689426,0.15574359909345337,2019-01-15
spx,0.6118137136428206,0.1,0.02890823875328012,0.04683842383030463,0.8618284647612247,0.4937494385213171,cvar,optimal,0.0017347781429689426,0.04683842383030463,2019-01-15
sse50,0.3334264414335378,0.1,-0.06242878625226773,2.5431228211912616e-09,0.00018917844043808474,0.6984676306650657,cvar,optimal,0.0016891514156148542,2.5431228211912616e-09,2019-02-19
csi300,0.5383233229591066,0.1,-0.04299610720675494,2.5192098368640315e-09,0.00018917844043808474,0.527516660389308,cvar,optimal,0.0016891514156148542,2.5192098368640315e-09,2019-02-19
csi500,0.34712955413590907,0.1,-0.06016325309318514,1.4430745248827106e-09,0.00018917844043808474,0.5921464350585585,cvar,optimal,0.0016891514156148542,1.4430745248827106e-09,2019-02-19
csi1000,0.40693173104809227,0.1,-0.05361473588138969,1.318537649943326e-09,0.00018917844043808474,0.46929159474936694,cvar,optimal,0.0016891514156148542,1.318537649943326e-09,2019-02-19
bond_gov,0.6130041095589208,0.1,0.0005640316947008973,0.3499999966118061,0.00018917844043808474,0.3560948000286292,cvar,optimal,0.0016891514156148542,0.3499999966118061,2019-02-19
bond_corp,0.6942092217464512,0.1,0.0006741259591491874,0.3499999968699522,0.00018917844043808474,0.5906858375594295,cvar,optimal,0.0016891514156148542,0.3499999968699522,2019-02-19
csi_cb,0.607318449264962,0.1,-0.009629617892390831,0.07650478035930021,0.00018917844043808474,0.34245407898419905,cvar,optimal,0.0016891514156148542,0.07650478035930021,2019-02-19
crude_sc,0.6942591082718182,0.1,0.059790061908883516,0.011152104587079312,0.00018917844043808474,0.44809494246921056,cvar,optimal,0.0016891514156148542,0.011152104587079312,2019-02-19
gold_au,0.669029670496572,0.1,0.012051834375801535,0.16931498089870906,0.00018917844043808474,0.4566793173526951,cvar,optimal,0.0016891514156148542,0.16931498089870906,2019-02-19
spx,0.5963683910846306,0.1,0.010558465452073548,0.04302813284920842,0.00018917844043808474,0.42888606507234395,cvar,optimal,0.0016891514156148542,0.04302813284920842,2019-02-19
sse50,0.499614192695377,0.1,-0.02868134925365115,2.725548826755918e-09,0.32489725914516376,0.6834477059558,cvar,optimal,0.0016954005050775864,2.725548826755918e-09,2019-03-19
csi300,0.6026545590900734,0.1,-0.002305577312343529,4.071987351491331e-09,0.32489725914516376,0.6022330465308342,cvar,optimal,0.0016954005050775864,4.071987351491331e-09,2019-03-19
csi500,0.4731304494944375,0.1,-0.0514121206432501,3.252736046509205e-09,0.32489725914516376,0.7891696635607381,cvar,optimal,0.0016954005050775864,3.252736046509205e-09,2019-03-19
csi1000,0.5781330102053783,0.1,-0.01646988228953912,3.966699688164618e-09,0.32489725914516376,0.48647880023588475,cvar,optimal,0.0016954005050775864,3.966699688164618e-09,2019-03-19
bond_gov,0.5323010555051675,0.1,-0.00012794608991710966,0.3499999986821253,0.32489725914516376,0.5281412479563662,cvar,optimal,0.0016954005050775864,0.3499999986821253,2019-03-19
bond_corp,0.5756678746360364,0.1,0.00027039967520076135,0.34999999872400445,0.32489725914516376,0.5889236955649622,cvar,optimal,0.0016954005050775864,0.34999999872400445,2019-03-19
csi_cb,0.5122791260783159,0.1,-0.015422606402533214,0.08947543709297397,0.32489725914516376,0.6053463603311298,cvar,optimal,0.0016954005050775864,0.08947543709297397,2019-03-19
crude_sc,0.5188633266718621,0.1,-0.02100767982177984,0.002696665767015833,0.32489725914516376,0.5299534513284259,cvar,optimal,0.0016954005050775864,0.002696665767015833,2019-03-19
gold_au,0.633784798706107,0.1,0.026077387900488958,0.1635137997108854,0.32489725914516376,0.6645730150639022,cvar,optimal,0.0016954005050775864,0.1635137997108854,2019-03-19
spx,0.5735716069172455,0.1,0.021349305624282548,0.04431408600602316,0.32489725914516376,0.7125374487746432,cvar,optimal,0.0016954005050775864,0.04431408600602316,2019-03-19
sse50,0.575309966863422,0.1,0.07130218846402736,7.058133489284144e-09,0.25703088489219106,0.5560476486502111,cvar,optimal,0.0017097914131675401,7.058133489284145e-09,2019-04-17
csi300,0.6448969903322816,0.1,0.09530290474142122,1.0883683920109247e-08,0.25703088489219106,0.6156631624567801,cvar,optimal,0.0017097914131675401,1.0883683920109249e-08,2019-04-17
csi500,0.5345273896722971,0.1,0.07081541434448964,1.176976778105885e-08,0.25703088489219106,0.603226226251708,cvar,optimal,0.0017097914131675401,1.1769767781058852e-08,2019-04-17
csi1000,0.6193854962833275,0.1,0.09428353859022842,1.1893598202582797e-08,0.25703088489219106,0.615312022403314,cvar,optimal,0.0017097914131675401,1.1893598202582798e-08,2019-04-17
bond_gov,0.4881682546254842,0.1,-0.001147460937115645,0.34999999627413264,0.25703088489219106,0.5581367075375393,cvar,optimal,0.0017097914131675401,0.3499999962741327,2019-04-17
bond_corp,0.5510057923122351,0.1,1.2749271911072728e-05,0.3499999966926664,0.25703088489219106,0.610127967099308,cvar,optimal,0.0017097914131675401,0.34999999669266646,2019-04-17
csi_cb,0.5605503777702051,0.1,0.03175880623797832,0.10371373093255763,0.25703088489219106,0.6225746658018418,cvar,optimal,0.0017097914131675401,0.10371373093255765,2019-04-17
crude_sc,0.49031584975117287,0.1,-0.04165817730574051,8.660220693188969e-09,0.25703088489219106,0.6306181229855095,cvar,optimal,0.0017097914131675401,8.66022069318897e-09,2019-04-17
gold_au,0.5042643529696694,0.1,-0.015516730147006028,0.1515571592004131,0.25703088489219106,0.45184734116349634,cvar,optimal,0.0017097914131675401,0.15155715920041313,2019-04-17
spx,0.5315755294199056,0.1,-0.0021920550454017015,0.044729066634826016,0.25703088489219106,0.6563607379276545,cvar,optimal,0.0017097914131675401,0.04472906663482602,2019-04-17
sse50,0.6801418517431334,0.1,0.024501460135525142,8.195191905652234e-09,0.07112289852588888,0.544722176340832,cvar,optimal,0.0016623242439441517,8.195191905652234e-09,2019-05-20
csi300,0.660468514941681,0.1,0.006328227986844667,7.275472598550129e-09,0.07112289852588888,0.6329699011693887,cvar,optimal,0.0016623242439441517,7.275472598550129e-09,2019-05-20
csi500,0.27306600063569003,0.1,-0.0810388423567461,5.1542058546674225e-09,0.07112289852588888,0.8,cvar,optimal,0.0016623242439441517,5.1542058546674225e-09,2019-05-20
csi1000,0.29987396815123896,0.1,-0.08860071576652337,4.668258978937988e-09,0.07112289852588888,0.8,cvar,optimal,0.0016623242439441517,4.668258978937988e-09,2019-05-20
bond_gov,0.5342048218597715,0.1,5.237764238265314e-05,0.3499999773127762,0.07112289852588888,0.497794019089147,cvar,optimal,0.0016623242439441517,0.3499999773127762,2019-05-20
bond_corp,0.5703051833424072,0.1,-1.0134217009107774e-05,0.34999998230994445,0.07112289852588888,0.5325966152612607,cvar,optimal,0.0016623242439441517,0.34999998230994445,2019-05-20
csi_cb,0.5947609089087676,0.1,-0.006647680290690433,0.08642755533379327,0.07112289852588888,0.5735917969869514,cvar,optimal,0.0016623242439441517,0.08642755533379327,2019-05-20
crude_sc,0.6576203718869927,0.1,0.055876311942980234,2.734857255661705e-08,0.07112289852588888,0.4918486184851864,cvar,optimal,0.0016623242439441517,2.734857255661705e-08,2019-05-20
gold_au,0.6259037374118644,0.1,0.0069728768955179335,0.16869711418575958,0.07112289852588888,0.5069180741132485,cvar,optimal,0.0016623242439441517,0.16869711418575958,2019-05-20
spx,0.6036546411184537,0.1,0.020199113850227924,0.04487531821602456,0.07112289852588888,0.6726547381549315,cvar,optimal,0.0016623242439441517,0.04487531821602456,2019-05-20
sse50,0.5191551064276592,0.1,-0.016884558309447933,6.644761564270666e-09,0.11529921345152622,0.32116047897235744,cvar,optimal,0.0017165645536344422,6.644761564270666e-09,2019-06-18
csi300,0.49388305897550255,0.1,-0.03221659448994888,4.647740223327892e-09,0.11529921345152622,0.3688699183878192,cvar,optimal,0.0017165645536344422,4.647740223327892e-09,2019-06-18
csi500,0.22460255134337304,0.1,-0.08586318324656379,3.752513137204035e-09,0.11529921345152622,0.7126785503804001,cvar,optimal,0.0017165645536344422,3.752513137204035e-09,2019-06-18
csi1000,0.247363939279868,0.1,-0.09322375082868653,3.2929225863955063e-09,0.11529921345152622,0.7587597114137221,cvar,optimal,0.0017165645536344422,3.2929225863955063e-09,2019-06-18
bond_gov,0.6558039061693048,0.1,0.0007729594220580415,0.3499999821212486,0.11529921345152622,0.4018199955331926,cvar,optimal,0.0017165645536344422,0.3499999821212486,2019-06-18
bond_corp,0.7521838118018007,0.1,0.0006426762389906664,0.3499999870400544,0.11529921345152622,0.7056843469454638,cvar,optimal,0.0017165645536344422,0.3499999870400544,2019-06-18
csi_cb,0.7117036000033502,0.1,-0.009090519827819846,0.0859596134862279,0.11529921345152622,0.5281493483495278,cvar,optimal,0.0017165645536344422,0.0859596134862279,2019-06-18
crude_sc,0.574509954015693,0.1,0.016415234138428228,0.0006885068409363395,0.11529921345152622,0.575362531962055,cvar,optimal,0.0017165645536344422,0.0006885068409363395,2019-06-18
gold_au,0.7015577420914155,0.1,0.013908552387509867,0.16806886672118984,0.11529921345152622,0.42778163382249446,cvar,optimal,0.0017165645536344422,0.16806886672118984,2019-06-18
spx,0.6192363298920331,0.1,0.014946111948414092,0.045283025452405465,0.11529921345152622,0.6783154595090044,cvar,optimal,0.0017165645536344422,0.045283025452405465,2019-06-18
sse50,0.5202881878879902,0.1,-0.023570894128691282,9.210580227527365e-11,0.07440406279654861,0.410132392429701,cvar,optimal,0.001669061811634562,9.210580227527365e-11,2019-07-16
csi300,0.410637910622508,0.1,-0.043375622598012475,7.439440242806299e-11,0.07440406279654861,0.6393248910142975,cvar,optimal,0.001669061811634562,7.439440242806299e-11,2019-07-16
csi500,0.16560534800761756,0.1,-0.09085821683928028,5.239973857340011e-11,0.07440406279654861,0.7782267325679929,cvar,optimal,0.001669061811634562,5.239973857340011e-11,2019-07-16
csi1000,0.1718474872106646,0.1,-0.09817396148046198,5.1778785254613596e-11,0.07440406279654861,0.792904304464613,cvar,optimal,0.001669061811634562,5.1778785254613596e-11,2019-07-16
bond_gov,0.6905549078625101,0.1,0.0009036809871809254,0.3499999998748121,0.07440406279654861,0.4450382471882439,cvar,optimal,0.001669061811634562,0.3499999998748121,2019-07-16
bond_corp,0.7734696729089628,0.1,0.0004865244316650651,0.34999999983151175,0.07440406279654861,0.6823036141203935,cvar,optimal,0.001669061811634562,0.34999999983151175,2019-07-16
csi_cb,0.7240818037453778,0.1,-0.013589541363199314,0.10099012505057463,0.07440406279654861,0.5453234627151559,cvar,optimal,0.001669061811634562,0.10099012505057463,2019-07-16
crude_sc,0.7256245770669311,0.1,0.04239773230706659,0.01201038465006026,0.07440406279654861,0.6581104098471757,cvar,optimal,0.001669061811634562,0.01201038465006026,2019-07-16
gold_au,0.8070594551674543,0.1,0.026794007830708094,0.1351549060413089,0.07440406279654861,0.5946895717911884,cvar,optimal,0.001669061811634562,0.1351549060413089,2019-07-16
spx,0.510830649519984,0.1,-0.001189294594034801,0.05184458428105363,0.07440406279654861,0.6726743967211565,cvar,optimal,0.001669061811634562,0.05184458428105363,2019-07-16
sse50,0.5742185896784041,0.1,-0.015750771951511228,4.480870219429279e-09,0.3110118999468456,0.5031901449104184,cvar,optimal,0.0017838704469329146,4.480870219429279e-09,2019-08-13
csi300,0.5181081585635702,0.1,-0.037257671856858764,3.592844642737978e-09,0.3110118999468456,0.5723990750521766,cvar,optimal,0.0017838704469329146,3.592844642737978e-09,2019-08-13
csi500,0.3775668082823292,0.1,-0.09092215511913339,2.4094804655574963e-09,0.3110118999468456,0.673220972001423,cvar,optimal,0.0017838704469329146,2.4094804655574963e-09,2019-08-13
csi1000,0.4045548140520781,0.1,-0.09552702648877469,2.4204387634195314e-09,0.3110118999468456,0.7318513247010505,cvar,optimal,0.0017838704469329146,2.4204387634195314e-09,2019-08-13
bond_gov,0.5451871170342019,0.1,0.0003654477382079747,0.34999999428137585,0.3110118999468456,0.4475017597904005,cvar,optimal,0.0017838704469329146,0.34999999428137585,2019-08-13
bond_corp,0.6413227606028368,0.1,0.00039988332566424326,0.3499999946258315,0.3110118999468456,0.6954118488211625,cvar,optimal,0.0017838704469329146,0.3499999946258315,2019-08-13
csi_cb,0.5397044788549408,0.1,-0.02154338776466882,0.10344531639803299,0.3110118999468456,0.4467034406449009,cvar,optimal,0.0017838704469329146,0.10344531639803299,2019-08-13
crude_sc,0.5934429484526348,0.1,0.017668043158039378,0.010991724437730622,0.3110118999468456,0.5925405340270283,cvar,optimal,0.0017838704469329146,0.010991724437730622,2019-08-13
gold_au,0.6998186520616247,0.1,0.04321501935271627,0.131767347025176,0.3110118999468456,0.6200589144886989,cvar,optimal,0.0017838704469329146,0.131767347025176,2019-08-13
spx,0.6060756724173797,0.1,0.012581495017636831,0.05379561032821914,0.3110118999468456,0.5802663194245197,cvar,optimal,0.0017838704469329146,0.05379561032821914,2019-08-13
sse50,0.3743653699333534,0.1,-0.05511752370746402,3.1672117986124475e-10,0.024019656625569017,0.7242245757666164,cvar,optimal,0.002135734232217951,3.167211798612447e-10,2019-09-10
csi300,0.4360978248879336,0.1,-0.05240190247319353,2.7405186986471736e-10,0.024019656625569017,0.44546928218159676,cvar,optimal,0.002135734232217951,2.740518698647173e-10,2019-09-10
csi500,0.3407293599153564,0.1,-0.06516231199666264,2.0493458439047469e-10,0.024019656625569017,0.6671557625950653,cvar,optimal,0.002135734232217951,2.0493458439047463e-10,2019-09-10
csi1000,0.432163409176964,0.1,-0.054641342948185956,2.122354123526694e-10,0.024019656625569017,0.3802106906037118,cvar,optimal,0.002135734232217951,2.1223541235266936e-10,2019-09-10
bond_gov,0.6408901808818155,0.1,0.0009527358001655184,0.3499999996464622,0.024019656625569017,0.5219125321524032,cvar,optimal,0.002135734232217951,0.34999999964646217,2019-09-10
bond_corp,0.7549526350756453,0.1,0.0006302783189936846,0.3499999996491289,0.024019656625569017,0.7776093658819148,cvar,optimal,0.002135734232217951,0.34999999964912887,2019-09-10
csi_cb,0.587765272494156,0.1,-0.01771864737939107,0.11488249179549126,0.024019656625569017,0.3525860438706893,cvar,optimal,0.002135734232217951,0.11488249179549123,2019-09-10
crude_sc,0.6987166835765023,0.1,0.04603584934943273,0.02205516956441198,0.024019656625569017,0.6625599700321361,cvar,optimal,0.002135734232217951,0.022055169564411975,2019-09-10
gold_au,0.7478517151484878,0.1,0.04893227977326113,0.13188677960347026,0.024019656625569017,0.7835698553530789,cvar,optimal,0.002135734232217951,0.13188677960347023,2019-09-10
spx,0.4864675489097864,0.1,-0.009930736161359015,0.03117555873309235,0.024019656625569017,0.6609727714725802,cvar,optimal,0.002135734232217951,0.031175558733092343,2019-09-10
sse50,0.5405003004293348,0.1,-0.008562344786280159,1.9281203677934212e-09,0.39280193512005357,0.49582012881684245,cvar,optimal,0.0021984953186398267,1.9281203677934212e-09,2019-10-16
csi300,0.600082496546815,0.1,-0.006903049128540208,1.3745028145293855e-09,0.39280193512005357,0.5130042365228376,cvar,optimal,0.0021984953186398267,1.3745028145293855e-09,2019-10-16
csi500,0.4873169382251785,0.1,-0.0357094344667869,7.032193108696227e-10,0.39280193512005357,0.6635438999325475,cvar,optimal,0.0021984953186398267,7.032193108696227e-10,2019-10-16
csi1000,0.4443206960889393,0.1,-0.04539434572975652,6.267844862374378e-10,0.39280193512005357,0.5649153838435678,cvar,optimal,0.0021984953186398267,6.267844862374378e-10,2019-10-16
bond_gov,0.5292653329996355,0.1,0.0002845327133720113,0.3499999982872236,0.39280193512005357,0.4917905682857869,cvar,optimal,0.0021984953186398267,0.3499999982872236,2019-10-16
bond_corp,0.6702249566937656,0.1,0.0008277093041911046,0.349999998220632,0.39280193512005357,0.6719498646266625,cvar,optimal,0.0021984953186398267,0.349999998220632,2019-10-16
csi_cb,0.5297964496429087,0.1,-0.009683383457191972,0.12335350605438836,0.39280193512005357,0.5570355685202305,cvar,optimal,0.0021984953186398267,0.12335350605438836,2019-10-16
crude_sc,0.6160565061657094,0.1,0.05880096253050018,0.01964774440294686,0.39280193512005357,0.6636978683550223,cvar,optimal,0.0021984953186398267,0.01964774440294686,2019-10-16
gold_au,0.6120604142441377,0.1,0.026636883784203248,0.11571161353593341,0.39280193512005357,0.7251182559367695,cvar,optimal,0.0021984953186398267,0.11571161353593341,2019-10-16
spx,0.4703759089635757,0.1,-0.02941262814680954,0.04128713486624885,0.39280193512005357,0.6729501505629749,cvar,optimal,0.0021984953186398267,0.04128713486624885,2019-10-16
sse50,0.45246846695874304,0.1,-0.02320275873382268,4.171614239047855e-10,0.00457342071628226,0.4030484913605995,cvar,optimal,0.0021730446759341184,4.171614239047854e-10,2019-11-13
csi300,0.49115029419108275,0.1,-0.0272465462893529,2.9234987413770024e-10,0.00457342071628226,0.34848680708853025,cvar,optimal,0.0021730446759341184,2.923498741377002e-10,2019-11-13
csi500,0.30259177393623776,0.1,-0.05271501479085748,1.6328672894578695e-10,0.00457342071628226,0.7517737061809443,cvar,optimal,0.0021730446759341184,1.6328672894578692e-10,2019-11-13
csi1000,0.3534803923853928,0.1,-0.0529572759142642,1.5982363609714533e-10,0.00457342071628226,0.6875565951057933,cvar,optimal,0.0021730446759341184,1.598236360971453e-10,2019-11-13
bond_gov,0.6290723662284842,0.1,0.0009870022855716476,0.349999999671168,0.00457342071628226,0.42368669919452867,cvar,optimal,0.0021730446759341184,0.34999999967116796,2019-11-13
bond_corp,0.743635940264221,0.1,0.0005780854092570791,0.3499999994703495,0.00457342071628226,0.7151397664519172,cvar,optimal,0.0021730446759341184,0.34999999947034943,2019-11-13
csi_cb,0.6467580345548026,0.1,-0.006614500225603634,0.12777414629822004,0.00457342071628226,0.4957557684527258,cvar,optimal,0.0021730446759341184,0.12777414629822,2019-11-13
crude_sc,0.7422191219145647,0.1,0.0820492926904762,0.021007349285975006,0.00457342071628226,0.7296731767899908,cvar,optimal,0.0021730446759341184,0.021007349285975002,2019-11-13
gold_au,0.7040723662284842,0.1,0.0300866502718534,0.10081451524593361,0.00457342071628226,0.6556860521418745,cvar,optimal,0.0021730446759341184,0.10081451524593359,2019-11-13
spx,0.4345512433379872,0.1,-0.018346859013097537,0.050403988995732334,0.00457342071628226,0.6752896626755337,cvar,optimal,0.0021730446759341184,0.05040398899573232,2019-11-13
sse50,0.4477820223182452,0.1,-0.022243091862868897,1.665841214752167e-10,0.08396815574602051,0.35800099167619015,cvar,optimal,0.0021400711360161405,1.6658412147521674e-10,2019-12-11
csi300,0.44229938413898406,0.1,-0.02822000997302232,1.4239555992354681e-10,0.08396815574602051,0.4255124271648571,cvar,optimal,0.0021400711360161405,1.4239555992354684e-10,2019-12-11
csi500,0.2595706712762539,0.1,-0.052662007990620416,1.2088476414525156e-10,0.08396815574602051,0.7973172819173253,cvar,optimal,0.0021400711360161405,1.2088476414525158e-10,2019-12-11
csi1000,0.2586079130162827,0.1,-0.05873033191199306,1.1154903253642357e-10,0.08396815574602051,0.7650682606022138,cvar,optimal,0.0021400711360161405,1.1154903253642358e-10,2019-12-11
bond_gov,0.6737372105484185,0.1,0.0010020409918971645,0.34999999986512303,0.08396815574602051,0.49208470082889255,cvar,optimal,0.0021400711360161405,0.3499999998651231,2019-12-11
bond_corp,0.6963517502044647,0.1,0.00022727326142818065,0.3499999998656052,0.08396815574602051,0.4585211870471198,cvar,optimal,0.0021400711360161405,0.34999999986560526,2019-12-11
csi_cb,0.6987372105484186,0.1,-0.005738219744399279,0.12723529660637856,0.08396815574602051,0.5565257726969219,cvar,optimal,0.0021400711360161405,0.12723529660637858,2019-12-11
crude_sc,0.7799592967713854,0.1,0.07205879852965265,0.022429102511992944,0.08396815574602051,0.7265075235129737,cvar,optimal,0.0021400711360161405,0.022429102511992947,2019-12-11
gold_au,0.7487372105484187,0.1,0.033059954658524814,0.1006818202053271,0.08396815574602051,0.6920856127512418,cvar,optimal,0.0021400711360161405,0.10068182020532711,2019-12-11
spx,0.4942173306291285,0.1,-0.006079704725565047,0.04965378040415959,0.08396815574602051,0.7205785992618867,cvar,optimal,0.0021400711360161405,0.049653780404159596,2019-12-11
sse50,0.3355091654508415,0.1,-0.03667226187066546,6.694547040406192e-10,0.04966808905538196,0.7130341333446646,cvar,optimal,0.0020801920652852228,6.694547040406192e-10,2020-01-09
csi300,0.3815755294199055,0.1,-0.03656145343341181,5.524689221768691e-10,0.04966808905538196,0.5672128931741676,cvar,optimal,0.0020801920652852228,5.524689221768691e-10,2020-01-09
csi500,0.2518100574389378,0.1,-0.05159297444336801,4.394340363576719e-10,0.04966808905538196,0.7968681064889848,cvar,optimal,0.0020801920652852228,4.394340363576719e-10,2020-01-09
csi1000,0.3047894885146582,0.1,-0.052582903306941244,3.746664077439341e-10,0.04966808905538196,0.638349996776543,cvar,optimal,0.0020801920652852228,3.746664077439341e-10,2020-01-09
bond_gov,0.7641532968624077,0.1,0.0012774650044952921,0.3499999994721249,0.04966808905538196,0.7248792241129158,cvar,optimal,0.0020801920652852228,0.3499999994721249,2020-01-09
bond_corp,0.7839039016558148,0.1,0.000525319032080215,0.349999999402077,0.04966808905538196,0.6821225102093498,cvar,optimal,0.0020801920652852228,0.349999999402077,2020-01-09
csi_cb,0.6728524048743115,0.1,-0.010608948234763885,0.13009368353398473,0.04966808905538196,0.3856639496511709,cvar,optimal,0.0020801920652852228,0.13009368353398473,2020-01-09
crude_sc,0.7501567605765302,0.1,0.05448851527771251,0.023781516348395204,0.04966808905538196,0.5319490690045094,cvar,optimal,0.0020801920652852228,0.023781516348395204,2020-01-09
gold_au,0.6730091654508416,0.1,0.023034848506530252,0.08150970343357154,0.04966808905538196,0.3532128111079046,cvar,optimal,0.0020801920652852228,0.08150970343357154,2020-01-09
spx,0.5822402297557514,0.1,0.001283929173447042,0.06461509577382263,0.04966808905538196,0.4989675650815012,cvar,optimal,0.0020801920652852228,0.06461509577382263,2020-01-09
sse50,0.24495618001039982,0.1,-0.045367927395499504,6.500551360820704e-10,0.07428998930138318,0.7777891334503783,cvar,optimal,0.002299679034967986,6.500551360820705e-10,2020-02-14
csi300,0.6535719608746662,0.1,-0.013357790061660553,5.368514448190793e-10,0.07428998930138318,0.42712279286177063,cvar,optimal,0.002299679034967986,5.368514448190794e-10,2020-02-14
csi500,0.6197340523701328,0.1,0.0021960697803915796,4.0774604178747304e-10,0.07428998930138318,0.37851631194191315,cvar,optimal,0.002299679034967986,4.077460417874731e-10,2020-02-14
csi1000,0.633316236028533,0.1,0.007828371318517456,3.963211870039339e-10,0.07428998930138318,0.3892559453016892,cvar,optimal,0.002299679034967986,3.9632118700393394e-10,2020-02-14
bond_gov,0.6757359295574671,0.1,0.0014353905594321615,0.349999998939359,0.07428998930138318,0.5497093675958235,cvar,optimal,0.002299679034967986,0.34999999893935907,2020-02-14
bond_corp,0.6969611302870672,0.1,0.0006800038459447658,0.349999998978334,0.07428998930138318,0.4929572002777387,cvar,optimal,0.002299679034967986,0.34999999897833406,2020-02-14
csi_cb,0.5479257633040001,0.1,-0.00640474771770457,0.1152492618522673,0.07428998930138318,0.5788241542488985,cvar,optimal,0.002299679034967986,0.11524926185226732,2020-02-14
crude_sc,0.3894968195005338,0.1,-0.034415665358614254,0.0014038206402941192,0.07428998930138318,0.44746136826174154,cvar,optimal,0.002299679034967986,0.0014038206402941194,2020-02-14
gold_au,0.6273463615110665,0.1,0.025952458547723108,0.09938757072480706,0.07428998930138318,0.5242733147555969,cvar,optimal,0.002299679034967986,0.09938757072480707,2020-02-14
spx,0.4109555665561339,0.1,-0.020004516825917907,0.0839593468739646,0.07428998930138318,0.6346016337751597,cvar,optimal,0.002299679034967986,0.08395934687396461,2020-02-14
sse50,0.3776230032230149,0.1,-0.041837432849144464,5.638826672726383e-09,0.2914210560825794,0.6681050244851741,cvar,optimal,0.002888584924445935,5.638826672726383e-09,2020-03-13
csi300,0.5231936542687557,0.1,-0.024035174414582652,4.342759476812557e-09,0.2914210560825794,0.5142277570855283,cvar,optimal,0.002888584924445935,4.342759476812557e-09,2020-03-13
csi500,0.5410852048794563,0.1,-0.007395235159484356,2.9375766004904005e-09,0.2914210560825794,0.520210684066055,cvar,optimal,0.002888584924445935,2.9375766004904005e-09,2020-03-13
csi1000,0.5717768359190998,0.1,0.0013119549241477901,2.7760845860326823e-09,0.2914210560825794,0.593826489188783,cvar,optimal,0.002888584924445935,2.7760845860326823e-09,2020-03-13
bond_gov,0.6157779459238897,0.1,0.0014280083081051067,0.3499999883170298,0.2914210560825794,0.6721444087288477,cvar,optimal,0.002888584924445935,0.3499999883170298,2020-03-13
bond_corp,0.6575818674468112,0.1,0.0005977359507424474,0.349999987907377,0.2914210560825794,0.5904657486934357,cvar,optimal,0.002888584924445935,0.349999987907377,2020-03-13
csi_cb,0.5277754190334438,0.1,-0.008067493813142954,0.18351992511270374,0.2914210560825794,0.6195468861259076,cvar,optimal,0.002888584924445935,0.18351992511270374,2020-03-13
crude_sc,0.7216450350459449,0.1,0.10465440372610411,1.569649023365021e-08,0.2914210560825794,0.5815258580853707,cvar,optimal,0.002888584924445935,1.569649023365021e-08,2020-03-13
gold_au,0.6134142914592102,0.1,0.0249847156658037,0.11648006387958974,0.2914210560825794,0.5906588170111655,cvar,optimal,0.002888584924445935,0.11648006387958974,2020-03-13
spx,0.3501267428003738,0.1,-0.06213130270460956,3.391562108660712e-09,0.2914210560825794,0.4715052996167086,cvar,optimal,0.002888584924445935,3.391562108660712e-09,2020-03-13
sse50,0.3271281571438327,0.1,-0.052007582656159804,5.906831154410919e-11,0.15520844169178186,0.7863408072222533,cvar,optimal,0.0034868854455389186,5.906831154410919e-11,2020-04-13
csi300,0.375515935946133,0.1,-0.05404304007052674,3.8390010204364995e-11,0.15520844169178186,0.7348157388477038,cvar,optimal,0.0034868854455389186,3.8390010204364995e-11,2020-04-13
csi500,0.3842224891617281,0.1,-0.05816496994177607,2.3697558595087855e-11,0.15520844169178186,0.6962395431618367,cvar,optimal,0.0034868854455389186,2.3697558595087855e-11,2020-04-13
csi1000,0.39292904237732323,0.1,-0.059295264187018665,2.0160519426178803e-11,0.15520844169178186,0.6938432848189185,cvar,optimal,0.0034868854455389186,2.0160519426178803e-11,2020-04-13
bond_gov,0.6683817291256805,0.1,0.0015838212948298084,0.34999999996323045,0.15520844169178186,0.7624313331479412,cvar,optimal,0.0034868854455389186,0.34999999996323045,2020-04-13
bond_corp,0.7331784713332564,0.1,0.0005862079685921228,0.34999999996193903,0.15520844169178186,0.6479695131587409,cvar,optimal,0.0034868854455389186,0.34999999996193903,2020-04-13
csi_cb,0.3698348752216799,0.1,-0.029531006765086833,0.19430221168250136,0.15520844169178186,0.7551378470909176,cvar,optimal,0.0034868854455389186,0.19430221168250136,2020-04-13
crude_sc,0.8258182565350554,0.1,0.13002923930990526,1.0084567268734489e-10,0.15520844169178186,0.7578229352687648,cvar,optimal,0.0034868854455389186,1.0084567268734489e-10,2020-04-13
gold_au,0.654990466746474,0.1,0.03813735344819647,0.10569778775005106,0.15520844169178186,0.6782989077914168,cvar,optimal,0.0034868854455389186,0.10569778775005106,2020-04-13
spx,0.7680005764088365,0.1,0.11341797088083987,4.001160018446985e-10,0.15520844169178186,0.8,cvar,optimal,0.0034868854455389186,4.001160018446985e-10,2020-04-13
sse50,0.5691748303496895,0.1,-0.01317585579259313,1.5399878881809787e-10,0.49384236646224405,0.532339229639427,cvar,optimal,0.0034772173570690743,1.5399878881809784e-10,2020-05-14
csi300,0.5005942717761299,0.1,-0.026622248779225796,1.0035533701255793e-10,0.49384236646224405,0.6537150241414581,cvar,optimal,0.0034772173570690743,1.003553370125579e-10,2020-05-14
csi500,0.22927147140660217,0.1,-0.07305544877176846,6.444485227069742e-11,0.49384236646224405,0.7942762456032826,cvar,optimal,0.0034772173570690743,6.444485227069741e-11,2020-05-14
csi1000,0.2322709053313125,0.1,-0.08015224036796342,5.40018450948315e-11,0.49384236646224405,0.7923613197292554,cvar,optimal,0.0034772173570690743,5.400184509483149e-11,2020-05-14
bond_gov,0.5881308603655298,0.1,0.0008290910158992445,0.3499999998884189,0.49384236646224405,0.5593096193340883,cvar,optimal,0.0034772173570690743,0.34999999988841884,2020-05-14
bond_corp,0.7125666566792258,0.1,0.000394907547192671,0.34999999988692737,0.49384236646224405,0.543792701342714,cvar,optimal,0.0034772173570690743,0.3499999998869273,2020-05-14
csi_cb,0.43801258105199103,0.1,-0.020601707941516195,0.1990530712338616,0.49384236646224405,0.5253034819221348,cvar,optimal,0.0034772173570690743,0.19905307123386154,2020-05-14
crude_sc,0.9112899019032534,0.1,0.19873385692158224,2.5048938538053563e-10,0.49384236646224405,0.6925696649045721,cvar,optimal,0.0034772173570690743,2.504893853805356e-10,2020-05-14
gold_au,0.6185655245286464,0.1,0.028302021497500822,0.10094692778838336,0.49384236646224405,0.6616071717475079,cvar,optimal,0.0034772173570690743,0.10094692778838334,2020-05-14
spx,0.7001229966076191,0.1,0.0856976775324657,5.791187535289713e-10,0.49384236646224405,0.6870545928628978,cvar,optimal,0.0034772173570690743,5.791187535289712e-10,2020-05-14
sse50,0.5599540827243081,0.1,-0.022358617312320098,1.0616899858798372e-09,0.4538999168426947,0.4037465880328453,cvar,optimal,0.0032273929367119376,1.0616899858798372e-09,2020-06-11
csi300,0.3442245350854074,0.1,-0.043100035070287895,7.236445989926908e-10,0.4538999168426947,0.7367649251302206,cvar,optimal,0.0032273929367119376,7.236445989926908e-10,2020-06-11
csi500,0.24373530037560676,0.1,-0.07169090424405643,4.794007775501008e-10,0.4538999168426947,0.7737296799186448,cvar,optimal,0.0032273929367119376,4.794007775501008e-10,2020-06-11
csi1000,0.24373530037560676,0.1,-0.07640266441581292,4.034364354102253e-10,0.4538999168426947,0.7740948387455052,cvar,optimal,0.0032273929367119376,4.034364354102253e-10,2020-06-11
bond_gov,0.6788910795022117,0.1,0.0016337503394186928,0.34999999931792164,0.4538999168426947,0.6646708510826556,cvar,optimal,0.0032273929367119376,0.34999999931792164,2020-06-11
bond_corp,0.7561582684919123,0.1,0.000551537135587062,0.3499999992976594,0.4538999168426947,0.6137619410088663,cvar,optimal,0.0032273929367119376,0.3499999992976594,2020-06-11
csi_cb,0.5760076354429559,0.1,-0.0161980359691396,0.21590875960444528,0.4538999168426947,0.5957754932871412,cvar,optimal,0.0032273929367119376,0.21590875960444528,2020-06-11
crude_sc,0.9538593244122732,0.1,0.2217039026463979,3.1756240058300193e-09,0.4538999168426947,0.8,cvar,optimal,0.0032273929367119376,3.1756240058300193e-09,2020-06-11
gold_au,0.6727328110102994,0.1,0.04279870860083829,0.08409123367099626,0.4538999168426947,0.708663873734034,cvar,optimal,0.0032273929367119376,0.08409123367099626,2020-06-11
spx,0.47070166257941826,0.1,-0.003049390457373055,2.2651815830266318e-09,0.4538999168426947,0.6015670489114622,cvar,optimal,0.0032273929367119376,2.2651815830266318e-09,2020-06-11
sse50,0.6810248240385554,0.1,0.030005171684271248,7.560058971573439e-11,0.06168292027002712,0.6520672057016489,cvar,optimal,0.0033683009828594833,7.560058971573439e-11,2020-07-13
csi300,0.6330210187975543,0.1,0.013382586363642132,5.765376283604804e-11,0.06168292027002712,0.5401095954154471,cvar,optimal,0.0033683009828594833,5.765376283604804e-11,2020-07-13
csi500,0.2377985987468297,0.1,-0.054432899804453566,4.215907285568945e-11,0.06168292027002712,0.6863365847653806,cvar,optimal,0.0033683009828594833,4.215907285568945e-11,2020-07-13
csi1000,0.315124724408928,0.1,-0.04463948761456958,3.661357531801905e-11,0.06168292027002712,0.44782531874217424,cvar,optimal,0.0033683009828594833,3.661357531801905e-11,2020-07-13
bond_gov,0.6240464470522604,0.1,0.0015219205312616893,0.3499999999298511,0.06168292027002712,0.48525094550678033,cvar,optimal,0.0033683009828594833,0.3499999999298511,2020-07-13
bond_corp,0.69982182227296,0.1,0.0005924845862669463,0.34999999993103453,0.06168292027002712,0.6728730405985905,cvar,optimal,0.0033683009828594833,0.34999999993103453,2020-07-13
csi_cb,0.6693315314155245,0.1,0.009564240079090278,0.21775202770853636,0.06168292027002712,0.6873532363036807,cvar,optimal,0.0033683009828594833,0.21775202770853636,2020-07-13
crude_sc,0.4895637666768272,0.1,0.0002562775212625601,5.23039054686164e-11,0.06168292027002712,0.6867395338157531,cvar,optimal,0.0033683009828594833,5.23039054686164e-11,2020-07-13
gold_au,0.6398574578183679,0.1,0.030187324441220215,0.08224797170930696,0.06168292027002712,0.5192875511786761,cvar,optimal,0.0033683009828594833,0.08224797170930696,2020-07-13
spx,0.510409808772192,0.1,0.011786858788704432,4.569401599725612e-10,0.06168292027002712,0.4849009004256584,cvar,optimal,0.0033683009828594833,4.569401599725612e-10,2020-07-13
sse50,0.6938316432586242,0.1,0.019556937025989665,1.6487872708422477e-10,0.14677778455525256,0.5256904904262241,cvar,optimal,0.0037072492013352073,1.6487872708422477e-10,2020-08-10
csi300,0.6627612584275977,0.1,0.002941674308965858,1.230505434309162e-10,0.14677778455525256,0.5208305086946611,cvar,optimal,0.0037072492013352073,1.230505434309162e-10,2020-08-10
csi500,0.18139695786552368,0.1,-0.07147019058399895,9.371475616535369e-11,0.14677778455525256,0.8,cvar,optimal,0.0037072492013352073,9.371475616535369e-11,2020-08-10
csi1000,0.20974239466380923,0.1,-0.07819923920211158,7.979917869186255e-11,0.14677778455525256,0.8,cvar,optimal,0.0037072492013352073,7.979917869186255e-11,2020-08-10
bond_gov,0.560520081460924,0.1,0.0006671526421174827,0.34999999987890323,0.14677778455525256,0.5622610494956869,cvar,optimal,0.0037072492013352073,0.34999999987890323,2020-08-10
bond_corp,0.6666884382022997,0.1,0.00022774744775369712,0.3499999998771344,0.14677778455525256,0.6321745656002411,cvar,optimal,0.0037072492013352073,0.3499999998771344,2020-08-10
csi_cb,0.6459748483149488,0.1,-0.0037938494667217604,0.18705236152396573,0.14677778455525256,0.6275669267754261,cvar,optimal,0.0037072492013352073,0.18705236152396573,2020-08-10
crude_sc,0.748759022468911,0.1,0.13447693263782082,1.6124438274354414e-10,0.14677778455525256,0.5454020848621434,cvar,optimal,0.0037072492013352073,1.6124438274354414e-10,2020-08-10
gold_au,0.5979874241574744,0.1,0.01498868282225892,0.11277411740181953,0.14677778455525256,0.5972703011957297,cvar,optimal,0.0037072492013352073,0.11277411740181953,2020-08-10
spx,0.532337931179887,0.1,0.02286749650899353,0.00017352069548946667,0.14677778455525256,0.6352342506668955,cvar,optimal,0.0037072492013352073,0.00017352069548946667,2020-08-10
sse50,0.7023577297916017,0.1,0.019662224913409174,2.6476613446329224e-10,0.30607254909249193,0.5213188500788293,cvar,optimal,0.004126825161319389,2.6476613446329224e-10,2020-09-07
csi300,0.683252054270606,0.1,0.005986983889022121,2.3279744828798274e-10,0.30607254909249193,0.5134845133955144,cvar,optimal,0.004126825161319389,2.3279744828798274e-10,2020-09-07
csi500,0.18288233024875322,0.1,-0.05475572979279923,1.7253825615905795e-10,0.30607254909249193,0.7491476149798473,cvar,optimal,0.004126825161319389,1.7253825615905795e-10,2020-09-07
csi1000,0.193492114310961,0.1,-0.06272460725287056,1.5007775298153666e-10,0.30607254909249193,0.7694243007424173,cvar,optimal,0.004126825161319389,1.5007775298153666e-10,2020-09-07
bond_gov,0.49923282140394215,0.1,-8.878625596681331e-05,0.34999999964874134,0.30607254909249193,0.5172832450399297,cvar,optimal,0.004126825161319389,0.34999999964874134,2020-09-07
bond_corp,0.6359375458061702,0.1,0.00016186474381217722,0.34999999969628026,0.30607254909249193,0.6848338144758039,cvar,optimal,0.004126825161319389,0.34999999969628026,2020-09-07
csi_cb,0.6484933733602366,0.1,-0.003416575676898209,0.20362953872531,0.30607254909249193,0.5935928957444767,cvar,optimal,0.004126825161319389,0.20362953872531,2020-09-07
crude_sc,0.8246365712245254,0.1,0.1454288122669735,3.248592272354586e-10,0.30607254909249193,0.5529205834235827,cvar,optimal,0.004126825161319389,3.248592272354586e-10,2020-09-07
gold_au,0.5468750916123404,0.1,0.004924078629536421,0.08760400625588075,0.30607254909249193,0.5269935331990324,cvar,optimal,0.004126825161319389,0.08760400625588075,2020-09-07
spx,0.5828403679708629,0.1,0.036061612391775966,0.00876645452874888,0.30607254909249193,0.69363106797223,cvar,optimal,0.004126825161319389,0.00876645452874888,2020-09-07
sse50,0.6820916059947445,0.1,0.006580631406086952,4.3797024580465824e-10,0.13757615675284576,0.45881578609964413,cvar,optimal,0.004131583755884135,4.3797024580465824e-10,2020-10-13
csi300,0.46905346893956135,0.1,-0.010927042946859353,3.762201812212866e-10,0.13757615675284576,0.44698241471787914,cvar,optimal,0.004131583755884135,3.762201812212866e-10,2020-10-13
csi500,0.30993560257010044,0.1,-0.03535018131365282,3.031004973681504e-10,0.13757615675284576,0.5656456836273741,cvar,optimal,0.004131583755884135,3.031004973681504e-10,2020-10-13
csi1000,0.2203936325438228,0.1,-0.05256812158925206,2.394973684605306e-10,0.13757615675284576,0.8,cvar,optimal,0.004131583755884135,2.394973684605306e-10,2020-10-13
bond_gov,0.5863479046537843,0.1,0.0004763665543432251,0.34999999959353234,0.13757615675284576,0.4026868321774745,cvar,optimal,0.004131583755884135,0.34999999959353234,2020-10-13
bond_corp,0.7702159223531698,0.1,0.0006838835669434622,0.34999999957638755,0.13757615675284576,0.7360563574908334,cvar,optimal,0.004131583755884135,0.34999999957638755,2020-10-13
csi_cb,0.7196848057098967,0.1,0.0022625551190165218,0.20362954077929077,0.13757615675284576,0.6250645557465143,cvar,optimal,0.004131583755884135,0.20362954077929077,2020-10-13
crude_sc,0.6978648302585702,0.1,0.08213269904380971,3.8241228203097764e-10,0.13757615675284576,0.4882420560068295,cvar,optimal,0.004131583755884135,3.8241228203097764e-10,2020-10-13
gold_au,0.6721646926642953,0.1,0.017954681983282893,0.08760400437070939,0.13757615675284576,0.522658232298536,cvar,optimal,0.004131583755884135,0.08760400437070939,2020-10-13
spx,0.37224753431205476,0.1,-0.029414020357259138,0.008766453940879248,0.13757615675284576,0.740356536688951,cvar,optimal,0.004131583755884135,0.008766453940879248,2020-10-13
sse50,0.6348187791111168,0.1,-0.007606141883537455,1.0116637310260125e-10,0.10351288736713866,0.43548001801778774,cvar,optimal,0.004135218439919697,1.0116637310260125e-10,2020-11-10
csi300,0.33291105670868804,0.1,-0.030863413411974905,8.43285487365306e-11,0.10351288736713866,0.46149766629360756,cvar,optimal,0.004135218439919697,8.43285487365306e-11,2020-11-10
csi500,0.3496999195710573,0.1,-0.04428884895113719,7.107890486563448e-11,0.10351288736713866,0.5567797183646251,cvar,optimal,0.004135218439919697,7.107890486563448e-11,2020-11-10
csi1000,0.2506467556860807,0.1,-0.06085155168264379,5.562525715562998e-11,0.10351288736713866,0.8,cvar,optimal,0.004135218439919697,5.562525715562998e-11,2020-11-10
bond_gov,0.5888226202050956,0.1,0.00042666845027607527,0.34999999990519415,0.10351288736713866,0.41663234902227875,cvar,optimal,0.004135218439919697,0.34999999990519415,2020-11-10
bond_corp,0.717949768276569,0.1,0.0005176013832893726,0.3499999999059757,0.10351288736713866,0.6691353087582322,cvar,optimal,0.004135218439919697,0.3499999999059757,2020-11-10
csi_cb,0.6838719429960934,0.1,-0.005310812590760154,0.19909154811518753,0.10351288736713866,0.5591924175756872,cvar,optimal,0.004135218439919697,0.19909154811518753,2020-11-10
crude_sc,0.5928740646154396,0.1,0.03368114770881181,8.149179490443668e-11,0.10351288736713866,0.39779854956462446,cvar,optimal,0.004135218439919697,8.149179490443668e-11,2020-11-10
gold_au,0.7523811404599404,0.1,0.03594713262501784,0.09169317083315591,0.10351288736713866,0.6452823116900626,cvar,optimal,0.004135218439919697,0.09169317083315591,2020-11-10
spx,0.5960239523699195,0.1,0.019123463327806584,0.009215280846795872,0.10351288736713866,0.623679477159361,cvar,optimal,0.004135218439919697,0.009215280846795872,2020-11-10
sse50,0.3967218406756795,0.1,-0.013001318364874552,4.659505258765882e-09,0.11621492250669212,0.5179100653339879,cvar,optimal,0.004135218724744252,4.659505258765882e-09,2020-12-08
csi300,0.6796941997125631,0.1,0.02386701065733373,4.082311925757119e-09,0.11621492250669212,0.5759563578854381,cvar,optimal,0.004135218724744252,4.082311925757119e-09,2020-12-08
csi500,0.5431220238397462,0.1,0.008121263923129562,3.939288376264998e-09,0.11621492250669212,0.4481607487996936,cvar,optimal,0.004135218724744252,3.939288376264998e-09,2020-12-08
csi1000,0.4736046620190074,0.1,-0.002542473584148476,3.183764905423076e-09,0.11621492250669212,0.6683041397701946,cvar,optimal,0.004135218724744252,3.183764905423076e-09,2020-12-08
bond_gov,0.49251549077481377,0.1,-0.0004852349445172713,0.34999999433865675,0.11621492250669212,0.5588432287393441,cvar,optimal,0.004135218724744252,0.34999999433865675,2020-12-08
bond_corp,0.5691060419703577,0.1,2.933136497251763e-05,0.34999999498103584,0.11621492250669212,0.6373776712395968,cvar,optimal,0.004135218724744252,0.34999999498103584,2020-12-08
csi_cb,0.5393905823871543,0.1,0.0007975068983043163,0.19909171800368747,0.11621492250669212,0.5156831549350215,cvar,optimal,0.004135218724744252,0.19909171800368747,2020-12-08
crude_sc,0.5652832813675209,0.1,0.029748922246927524,3.1112558384538224e-09,0.11621492250669212,0.6550979745550501,cvar,optimal,0.004135218724744252,3.1112558384538224e-09,2020-12-08
gold_au,0.6995047555938384,0.1,0.05442214243131509,0.09169300948990489,0.11621492250669212,0.6251219259232066,cvar,optimal,0.004135218724744252,0.09169300948990489,2020-12-08
spx,0.541057121659319,0.1,0.0036802806288291426,0.00921526421058873,0.11621492250669212,0.6210789459040926,cvar,optimal,0.004135218724744252,0.00921526421058873,2020-12-08
sse50,0.5968610319501942,0.1,-0.006400800791887276,2.4661408921278795e-09,0.12661271505960325,0.6058999761252564,cvar,optimal,0.00413521860784368,2.4661408921278795e-09,2021-01-06
csi300,0.4707927871824604,0.1,-0.020389691833297523,2.0392866571556992e-09,0.12661271505960325,0.423739177875182,cvar,optimal,0.00413521860784368,2.0392866571556992e-09,2021-01-06
csi500,0.3213998573053527,0.1,-0.05110397861815133,1.5105981080298603e-09,0.12661271505960325,0.8,cvar,optimal,0.00413521860784368,1.5105981080298603e-09,2021-01-06
csi1000,0.3332487984655416,0.1,-0.05187901488457215,1.244952480012674e-09,0.12661271505960325,0.7511575808455244,cvar,optimal,0.00413521860784368,1.244952480012674e-09,2021-01-06
bond_gov,0.5510126130602524,0.1,0.0001530289865036999,0.3499999978751699,0.12661271505960325,0.41500143426423175,cvar,optimal,0.00413521860784368,0.3499999978751699,2021-01-06
bond_corp,0.7219222164527863,0.1,0.0006541000490737381,0.349999997827472,0.12661271505960325,0.7169932749277225,cvar,optimal,0.00413521860784368,0.349999997827472,2021-01-06
csi_cb,0.6304645638881597,0.1,-0.006175527107166547,0.19909155451898314,0.12661271505960325,0.5864406215262642,cvar,optimal,0.00413521860784368,0.19909155451898314,2021-01-06
crude_sc,0.5031973761548424,0.1,0.00037337713253329796,1.5922436113998694e-09,0.12661271505960325,0.56190496383513,cvar,optimal,0.00413521860784368,1.5922436113998694e-09,2021-01-06
gold_au,0.757093844216877,0.1,0.04401998058707613,0.09169316207015786,0.12661271505960325,0.694507900936071,cvar,optimal,0.00413521860784368,0.09169316207015786,2021-01-06
spx,0.6140069113235332,0.1,0.01775344272775107,0.009215278854995276,0.12661271505960325,0.5191541803709356,cvar,optimal,0.00413521860784368,0.009215278854995276,2021-01-06
sse50,0.5736781334003448,0.1,-0.013715704209733559,2.245574997422067e-09,0.061226568946673145,0.47876307842268506,cvar,optimal,0.004159902596443642,2.2455749974220673e-09,2021-02-03
csi300,0.33208747380770426,0.1,-0.03593517247774533,1.5816805380481052e-09,0.061226568946673145,0.69413867502812,cvar,optimal,0.004159902596443642,1.5816805380481054e-09,2021-02-03
csi500,0.2894025542482583,0.1,-0.043844943228424214,1.349608301917753e-09,0.061226568946673145,0.672545710319109,cvar,optimal,0.004159902596443642,1.3496083019177532e-09,2021-02-03
csi1000,0.3632097357632404,0.1,-0.03681835529999838,1.075880925008348e-09,0.061226568946673145,0.4862743253788421,cvar,optimal,0.004159902596443642,1.0758809250083482e-09,2021-02-03
bond_gov,0.5243721475696792,0.1,6.128389159401395e-05,0.3499999985624011,0.061226568946673145,0.4537016829306243,cvar,optimal,0.004159902596443642,0.34999999856240116,2021-02-03
bond_corp,0.6839595384595378,0.1,0.00044022139072056693,0.34999999851580255,0.061226568946673145,0.7586637345089033,cvar,optimal,0.004159902596443642,0.3499999985158026,2021-02-03
csi_cb,0.5680985651788203,0.1,-0.00971779566837813,0.198067309946757,0.061226568946673145,0.4368182383120875,cvar,optimal,0.004159902596443642,0.19806730994675703,2021-02-03
crude_sc,0.763039418370622,0.1,0.10736693035850467,2.1580318729779744e-09,0.061226568946673145,0.5981644427904911,cvar,optimal,0.004159902596443642,2.158031872977975e-09,2021-02-03
gold_au,0.7431300083666321,0.1,0.025949472695315546,0.09212153913328228,0.061226568946673145,0.5696656966810937,cvar,optimal,0.004159902596443642,0.09212153913328229,2021-02-03
spx,0.6590224248351614,0.1,0.02702746058871222,0.009811145430980344,0.061226568946673145,0.6859239091448389,cvar,optimal,0.004159902596443642,0.009811145430980345,2021-02-03
sse50,0.6099471169113707,0.1,-0.020479313552830156,8.072496274472317e-11,0.1188295491798436,0.3866350172999986,cvar,optimal,0.004110243049108784,8.072496274472317e-11,2021-03-10
csi300,0.29345209362313057,0.1,-0.044261332256214196,4.979410302128053e-11,0.1188295491798436,0.8,cvar,optimal,0.004110243049108784,4.979410302128053e-11,2021-03-10
csi500,0.32220053563761547,0.1,-0.03606264450208056,3.897119753892862e-11,0.1188295491798436,0.6869232869490898,cvar,optimal,0.004110243049108784,3.897119753892862e-11,2021-03-10
csi1000,0.4359365358727006,0.1,-0.02404780002958623,2.9367371037219094e-11,0.1188295491798436,0.4368824098446617,cvar,optimal,0.004110243049108784,2.9367371037219094e-11,2021-03-10
bond_gov,0.5716856055023358,0.1,0.00021075577104169102,0.34999999996412134,0.1188295491798436,0.3759626082661442,cvar,optimal,0.004110243049108784,0.34999999996412134,2021-03-10
bond_corp,0.727678140434696,0.1,0.0006443333600236953,0.3499999999627489,0.1188295491798436,0.7750865285764484,cvar,optimal,0.004110243049108784,0.3499999999627489,2021-03-10
csi_cb,0.6381401874813464,0.1,-0.0031235204992461456,0.20784135426820585,0.1188295491798436,0.5101906976900654,cvar,optimal,0.004110243049108784,0.20784135426820585,2021-03-10
crude_sc,0.3873046669201784,0.1,-0.03542623260986484,1.1644475730645518e-10,0.1188295491798436,0.5403394687033182,cvar,optimal,0.004110243049108784,1.1644475730645518e-10,2021-03-10
gold_au,0.7769570703348905,0.1,0.031611142377754295,0.08140238370433633,0.1188295491798436,0.6580564228370154,cvar,optimal,0.004110243049108784,0.08140238370433633,2021-03-10
spx,0.7366980472817355,0.1,0.04158846346986858,0.01075626178528525,0.1188295491798436,0.7534883665726329,cvar,optimal,0.004110243049108784,0.01075626178528525,2021-03-10
sse50,0.5494823671590201,0.1,-0.0014792380691388413,1.515647403402538e-10,0.22825701787061223,0.49310830295063174,cvar,optimal,0.0032040508919008105,1.515647403402538e-10,2021-04-08
csi300,0.4827717001913998,0.1,0.003309021267518336,1.4982608419333393e-10,0.22825701787061223,0.6338783809317872,cvar,optimal,0.0032040508919008105,1.4982608419333393e-10,2021-04-08
csi500,0.547878102104637,0.1,0.015308490295965132,1.3044760863780716e-10,0.22825701787061223,0.5406678791045333,cvar,optimal,0.0032040508919008105,1.3044760863780716e-10,2021-04-08
csi1000,0.6032295615929157,0.1,0.024724613989568343,1.0844766815024307e-10,0.22825701787061223,0.5486676276306226,cvar,optimal,0.0032040508919008105,1.0844766815024307e-10,2021-04-08
bond_gov,0.505686792102274,0.1,3.813508960356235e-05,0.3499999998645477,0.22825701787061223,0.4630664495502213,cvar,optimal,0.0032040508919008105,0.3499999998645477,2021-04-08
bond_corp,0.6048338266472988,0.1,5.194801638438858e-05,0.3499999997573825,0.22825701787061223,0.6355375151548627,cvar,optimal,0.0032040508919008105,0.3499999997573825,2021-04-08
csi_cb,0.6108995959287484,0.1,0.010091549382186283,0.1885047696680552,0.22825701787061223,0.6427895800515558,cvar,optimal,0.0032040508919008105,0.1885047696680552,2021-04-08
crude_sc,0.20699988349740348,0.1,-0.19620991689682457,1.3221430356379766e-10,0.22825701787061223,0.8,cvar,optimal,0.0032040508919008105,1.3221430356379766e-10,2021-04-08
gold_au,0.7244823671590201,0.1,0.03425654901523966,0.06275470009265773,0.22825701787061223,0.5147299504099113,cvar,optimal,0.0032040508919008105,0.06275470009265773,2021-04-08
spx,0.6637358036172822,0.1,0.025156334086094998,0.04874052994485646,0.22825701787061223,0.67309776760962,cvar,optimal,0.0032040508919008105,0.04874052994485646,2021-04-08
sse50,0.5495285319044798,0.1,0.01113922975810908,1.7375036264915608e-10,0.11892696239235141,0.5463034911705522,cvar,optimal,0.0031875642122998126,1.7375036264915608e-10,2021-05-11
csi300,0.5700719985588532,0.1,0.02242473120617751,1.1637192887292443e-10,0.11892696239235141,0.6402997132709776,cvar,optimal,0.0031875642122998126,1.1637192887292443e-10,2021-05-11
csi500,0.6256221793001709,0.1,0.02596356811771624,9.809803454153278e-11,0.11892696239235141,0.5666052094112628,cvar,optimal,0.0031875642122998126,9.809803454153278e-11,2021-05-11
csi1000,0.5890747827319949,0.1,0.02843243991258411,7.763245213273349e-11,0.11892696239235141,0.6419206605857458,cvar,optimal,0.0031875642122998126,7.763245213273349e-11,2021-05-11
bond_gov,0.48414168276243585,0.1,9.54716940619934e-06,0.3499999999198872,0.11892696239235141,0.42058615838520774,cvar,optimal,0.0031875642122998126,0.3499999999198872,2021-05-11
bond_corp,0.5478178037370299,0.1,-0.00012401325347319487,0.3499999999130723,0.11892696239235141,0.53951156171305,cvar,optimal,0.0031875642122998126,0.3499999999130723,2021-05-11
csi_cb,0.6224970468461607,0.1,0.012331528552103361,0.1810276822687425,0.11892696239235141,0.5837482871350402,cvar,optimal,0.0031875642122998126,0.1810276822687425,2021-05-11
crude_sc,0.13312594023327634,0.1,-0.20323039616335042,1.852176888047433e-10,0.11892696239235141,0.8,cvar,optimal,0.0031875642122998126,1.852176888047433e-10,2021-05-11
gold_au,0.7071101977041168,0.1,0.033871827651110215,0.05180163774549166,0.11892696239235141,0.4802412620127201,cvar,optimal,0.0031875642122998126,0.05180163774549166,2021-05-11
spx,0.6710098362214811,0.1,0.020622333583685676,0.06717067950173605,0.11892696239235141,0.571835746511566,cvar,optimal,0.0031875642122998126,0.06717067950173605,2021-05-11
sse50,0.531316870424463,0.1,0.013169321044468961,1.4457468422172168e-09,0.06121406559136435,0.5261780846880547,cvar,optimal,0.0031875643001810696,1.4457468422172168e-09,2021-06-08
csi300,0.647998154395713,0.1,0.02817544368927681,9.566415498413962e-10,0.06121406559136435,0.515776858058816,cvar,optimal,0.0031875643001810696,9.566415498413962e-10,2021-06-08
csi500,0.616659358014375,0.1,0.024028839214995858,7.787044853403454e-10,0.06121406559136435,0.6572275044227617,cvar,optimal,0.0031875643001810696,7.787044853403454e-10,2021-06-08
csi1000,0.583051234330898,0.1,0.027015322070756367,6.266619253587973e-10,0.06121406559136435,0.6750183586206759,cvar,optimal,0.0031875643001810696,6.266619253587973e-10,2021-06-08
bond_gov,0.47500000000000003,0.1,1.795951654463575e-05,0.349999999346058,0.06121406559136435,0.4477000319032445,cvar,optimal,0.0031875643001810696,0.349999999346058,2021-06-08
bond_corp,0.643705055532412,0.1,5.460581255209502e-05,0.34999999933417614,0.06121406559136435,0.4898810748097375,cvar,optimal,0.0031875643001810696,0.34999999933417614,2021-06-08
csi_cb,0.572976228438838,0.1,0.01065703604051806,0.1810277898233317,0.06121406559136435,0.510852996574488,cvar,optimal,0.0031875643001810696,0.1810277898233317,2021-06-08
crude_sc,0.125,0.1,-0.19706592009764062,1.5775095549381147e-09,0.06121406559136435,0.7908797035143582,cvar,optimal,0.0031875643001810696,1.5775095549381147e-09,2021-06-08
gold_au,0.6666593580143749,0.1,0.022188447442939647,0.051801626703314625,0.06121406559136435,0.5439409499144983,cvar,optimal,0.0031875643001810696,0.051801626703314625,2021-06-08
spx,0.637633740848926,0.1,0.019788463728516927,0.06717057940785526,0.06121406559136435,0.618492187897128,cvar,optimal,0.0031875643001810696,0.06717057940785526,2021-06-08
sse50,0.5273043557022187,0.1,0.011626004483298574,5.121757257521515e-10,0.0119146152474654,0.5486575254727366,cvar,optimal,0.0030607028045587905,5.121757257521515e-10,2021-07-07
csi300,0.6016292803287171,0.1,0.025975758372302336,3.585161219214607e-10,0.0119146152474654,0.5919983897885773,cvar,optimal,0.0030607028045587905,3.585161219214607e-10,2021-07-07
csi500,0.6544519508279073,0.1,0.02858246967889395,2.5550271508935127e-10,0.0119146152474654,0.5543194223930894,cvar,optimal,0.0030607028045587905,2.5550271508935127e-10,2021-07-07
csi1000,0.658072065705783,0.1,0.0406736375290929,2.0548659672820264e-10,0.0119146152474654,0.5751788318298166,cvar,optimal,0.0030607028045587905,2.0548659672820264e-10,2021-07-07
bond_gov,0.475,0.1,3.1963496263750016e-05,0.349999999767386,0.0119146152474654,0.44415463699003993,cvar,optimal,0.0030607028045587905,0.349999999767386,2021-07-07
bond_corp,0.6506406838021552,0.1,0.00020558855791427596,0.34999999973329915,0.0119146152474654,0.5798822104559836,cvar,optimal,0.0030607028045587905,0.34999999973329915,2021-07-07
csi_cb,0.6067563065301261,0.1,0.013455018588092758,0.18078518657739043,0.0119146152474654,0.5457367438125914,cvar,optimal,0.0030607028045587905,0.18078518657739043,2021-07-07
crude_sc,0.125,0.1,-0.1839482375070895,4.706515356388897e-10,0.0119146152474654,0.7955028044798428,cvar,optimal,0.0030607028045587905,4.706515356388897e-10,2021-07-07
gold_au,0.588151058839811,0.1,0.009464929125436462,0.05183076628237118,0.0119146152474654,0.5265822542933973,cvar,optimal,0.0030607028045587905,0.05183076628237118,2021-07-07
spx,0.612994298263281,0.1,0.013148423970865927,0.06738404583722059,0.0119146152474654,0.6579297664463913,cvar,optimal,0.0030607028045587905,0.06738404583722059,2021-07-07
sse50,0.5579462082342647,0.1,0.02544499175044785,3.5158130415018295e-09,0.12489845907772859,0.6224087703231952,cvar,optimal,0.0028322465089230453,3.51581304150183e-09,2021-08-04
csi300,0.6500314431878118,0.1,0.037702387860441784,1.8510727809363549e-09,0.12489845907772859,0.5213179631679806,cvar,optimal,0.0028322465089230453,1.851072780936355e-09,2021-08-04
csi500,0.6516726258434057,0.1,0.026556058279031486,1.3420798563457108e-09,0.12489845907772859,0.6124464805517931,cvar,optimal,0.0028322465089230453,1.342079856345711e-09,2021-08-04
csi1000,0.5732644877809705,0.1,0.029071410283053,9.943253085971153e-10,0.12489845907772859,0.601516184957091,cvar,optimal,0.0028322465089230453,9.943253085971155e-10,2021-08-04
bond_gov,0.475,0.1,-5.862558547076664e-05,0.34999999882807453,0.12489845907772859,0.42293931903762527,cvar,optimal,0.0028322465089230453,0.3499999988280746,2021-08-04
bond_corp,0.6875157215939058,0.1,0.0002609370981649805,0.3499999986280022,0.12489845907772859,0.5047509430706386,cvar,optimal,0.0028322465089230453,0.34999999862800224,2021-08-04
csi_cb,0.5357802093748765,0.1,0.009199605292845092,0.1874790042116047,0.12489845907772859,0.42752515946131464,cvar,optimal,0.0028322465089230453,0.18747900421160474,2021-08-04
crude_sc,0.15794620823426467,0.1,-0.16942745001822201,6.771271779017512e-09,0.12489845907772859,0.7062889854673764,cvar,optimal,0.0028322465089230453,6.771271779017513e-09,2021-08-04
gold_au,0.5920852349535473,0.1,0.011009655429121735,0.045162462655006716,0.12489845907772859,0.6345048079856487,cvar,optimal,0.0028322465089230453,0.04516246265500672,2021-08-04
spx,0.618757860796953,0.1,0.015879606602289865,0.06735852120274911,0.12489845907772859,0.6486553438246403,cvar,optimal,0.0028322465089230453,0.06735852120274913,2021-08-04
sse50,0.586704724402228,0.1,0.033045902282231365,1.9350716596748212e-08,0.021499660926268743,0.6598962591464945,cvar,optimal,0.002677676213521403,1.9350716596748212e-08,2021-09-01
csi300,0.6491488968481616,0.1,0.03612032234450739,8.89859642335747e-09,0.021499660926268743,0.5836950343179329,cvar,optimal,0.002677676213521403,8.89859642335747e-09,2021-09-01
csi500,0.5538366258790128,0.1,0.012181514231949946,8.062428472680935e-09,0.021499660926268743,0.5066420925820022,cvar,optimal,0.002677676213521403,8.062428472680935e-09,2021-09-01
csi1000,0.5579242925266434,0.1,0.016257046013895864,5.162726071891262e-09,0.021499660926268743,0.6539459942326812,cvar,optimal,0.002677676213521403,5.162726071891262e-09,2021-09-01
bond_gov,0.475,0.1,-0.00042915645199431067,0.34999999566197526,0.021499660926268743,0.4264004823507989,cvar,optimal,0.002677676213521403,0.34999999566197526,2021-09-01
bond_corp,0.6131836204896391,0.1,0.00023708408433199346,0.34999999489450717,0.021499660926268743,0.6232791670964967,cvar,optimal,0.002677676213521403,0.34999999489450717,2021-09-01
csi_cb,0.52820883294344,0.1,0.004407448303127925,0.19253494046437927,0.021499660926268743,0.4601137612209074,cvar,optimal,0.002677676213521403,0.19253494046437927,2021-09-01
crude_sc,0.2688056443293854,0.1,-0.101540563106268,2.2533297400494802e-08,0.021499660926268743,0.45524131822295844,cvar,optimal,0.002677676213521403,2.2533297400494802e-08,2021-09-01
gold_au,0.6445450923730909,0.1,0.019326886860666276,0.04135602434970979,0.021499660926268743,0.5314403251886756,cvar,optimal,0.002677676213521403,0.04135602434970979,2021-09-01
spx,0.6226422702083984,0.1,0.017872517614874777,0.06610898062166369,0.021499660926268743,0.6795757870736425,cvar,optimal,0.002677676213521403,0.06610898062166369,2021-09-01
sse50,0.5980992456445,0.1,0.030875856632443736,0.0013238641240226083,0.03751942364094759,0.6620945630654876,cvar,optimal,0.0026746321407190546,0.0013238641240226083,2021-10-08
csi300,0.6519007543554999,0.1,0.03215169202989984,2.379887737276066e-09,0.03751942364094759,0.5750827487744072,cvar,optimal,0.0026746321407190546,2.379887737276066e-09,2021-10-08
csi500,0.5656539006153904,0.1,0.0073884511932631874,1.228141968151236e-09,0.03751942364094759,0.6309653093411426,cvar,optimal,0.0026746321407190546,1.228141968151236e-09,2021-10-08
csi1000,0.5300161208170363,0.1,0.00958773123342807,9.224539921409514e-10,0.03751942364094759,0.618699509161764,cvar,optimal,0.0026746321407190546,9.224539921409514e-10,2021-10-08
bond_gov,0.475,0.1,-0.0003289333581497653,0.34999999866401277,0.03751942364094759,0.42627099303387755,cvar,optimal,0.0026746321407190546,0.34999999866401277,2021-10-08
bond_corp,0.6206700214324269,0.1,0.0002956805492147954,0.349999997591916,0.03751942364094759,0.6167803874414092,cvar,optimal,0.0026746321407190546,0.349999997591916,2021-10-08
csi_cb,0.5050161208170363,0.1,0.0012229547127521403,0.16486447082577832,0.03751942364094759,0.4461562725406636,cvar,optimal,0.0026746321407190546,0.16486447082577832,2021-10-08
crude_sc,0.2050967249022186,0.1,-0.1441718163293998,0.0007479229235254231,0.03751942364094759,0.7550363320849096,cvar,optimal,0.0026746321407190546,0.0007479229235254231,2021-10-08
gold_au,0.6692977369335,0.1,0.01921173007953779,0.06790770860646643,0.03751942364094759,0.5165559165430597,cvar,optimal,0.0026746321407190546,0.06790770860646643,2021-10-08
spx,0.6792493744823908,0.1,0.021407003016785223,0.06515603273379462,0.03751942364094759,0.5544088368331809,cvar,optimal,0.0026746321407190546,0.06515603273379462,2021-10-08
sse50,0.5073475853641655,0.1,0.01416927823724587,0.0007602379461729074,0.1605056419346034,0.5360699962950912,cvar,optimal,0.002625597216042053,0.0007602379461729074,2021-11-05
csi300,0.6415770532149241,0.1,0.024853525272582385,3.988336607320619e-10,0.1605056419346034,0.623999864755225,cvar,optimal,0.002625597216042053,3.988336607320619e-10,2021-11-05
csi500,0.5275731467565384,0.1,-0.004550320771686794,1.9029262016567865e-10,0.1605056419346034,0.6154273283439009,cvar,optimal,0.002625597216042053,1.9029262016567865e-10,2021-11-05
csi1000,0.5015018660841332,0.1,-0.009450890895834653,1.517330696953809e-10,0.1605056419346034,0.6653626277574347,cvar,optimal,0.002625597216042053,1.517330696953809e-10,2021-11-05
bond_gov,0.44973115964477245,0.1,-0.0009653844266652049,0.3499999997878318,0.1605056419346034,0.5251620538217063,cvar,optimal,0.002625597216042053,0.3499999997878318,2021-11-05
bond_corp,0.5961897467660509,0.1,0.00031026915746626356,0.3499999997571865,0.1605056419346034,0.6809512943983344,cvar,optimal,0.002625597216042053,0.3499999997571865,2021-11-05
csi_cb,0.5438854403647401,0.1,-0.002006350431030285,0.16024413663946355,0.1605056419346034,0.561478713832943,cvar,optimal,0.002625597216042053,0.16024413663946355,2021-11-05
crude_sc,0.4298896954033648,0.1,-0.0839847040634689,0.002528303476695669,0.1605056419346034,0.8,cvar,optimal,0.002625597216042053,0.002528303476695669,2021-11-05
gold_au,0.6665770532149242,0.1,0.032842349060990456,0.06971685825382731,0.1605056419346034,0.5941967184655931,cvar,optimal,0.002625597216042053,0.06971685825382731,2021-11-05
spx,0.6357272531863866,0.1,0.02848516403164606,0.0667504633979629,0.1605056419346034,0.733457604918219,cvar,optimal,0.002625597216042053,0.0667504633979629,2021-11-05
sse50,0.5329381578028196,0.1,0.019197079360442605,0.0006729735419947814,0.16785102592765458,0.5732619705216556,cvar,optimal,0.0025232154149213604,0.0006729735419947814,2021-12-03
csi300,0.6468889568885166,0.1,0.026568045648216552,2.3564143677447156e-09,0.16785102592765458,0.6311453692291604,cvar,optimal,0.0025232154149213604,2.3564143677447156e-09,2021-12-03
csi500,0.5594447844425829,0.1,0.004236154753900646,9.637299378046549e-10,0.16785102592765458,0.64695060882678,cvar,optimal,0.0025232154149213604,9.637299378046549e-10,2021-12-03
csi1000,0.5156668706655497,0.1,0.0017288698370531083,7.803850699663124e-10,0.16785102592765458,0.6175571969383796,cvar,optimal,0.0025232154149213604,7.803850699663124e-10,2021-12-03
bond_gov,0.4656668706655498,0.1,-0.0005784065162476188,0.34999999861256087,0.16785102592765458,0.4722471309679576,cvar,optimal,0.0025232154149213604,0.34999999861256087,2021-12-03
bond_corp,0.5992466866801184,0.1,0.00028931892049964244,0.34999999858826325,0.16785102592765458,0.7185483746675386,cvar,optimal,0.0025232154149213604,0.34999999858826325,2021-12-03
csi_cb,0.5155552155574169,0.1,0.0013648798656535222,0.15809290759892466,0.16785102592765458,0.4251836065212059,cvar,optimal,0.0025232154149213604,0.15809290759892466,2021-12-03
crude_sc,0.34732117016017605,0.1,-0.09781598063905872,0.005162108231487716,0.16785102592765458,0.5285796612024212,cvar,optimal,0.0025232154149213604,0.005162108231487716,2021-12-03
gold_au,0.6390485889176536,0.1,0.024116412300501083,0.0673801101108406,0.16785102592765458,0.6555361031211404,cvar,optimal,0.0025232154149213604,0.0673801101108406,2021-12-03
spx,0.6782226982196161,0.1,0.03177200736108969,0.06869189921539871,0.16785102592765458,0.6506720728076977,cvar,optimal,0.0025232154149213604,0.06869189921539871,2021-12-03
sse50,0.5335378537366783,0.1,0.014122070837943528,0.0018971726377751588,0.22393326234180205,0.662125737347771,cvar,optimal,0.0025227162212685277,0.0018971726377751588,2021-12-31
csi300,0.6241908591260519,0.1,0.021389523917777126,3.314075168287041e-10,0.22393326234180205,0.6453500137909561,cvar,optimal,0.0025227162212685277,3.314075168287041e-10,2021-12-31
csi500,0.56089558352828,0.1,-0.001454745680769181,1.3635224185978313e-10,0.22393326234180205,0.7090758671163228,cvar,optimal,0.0025227162212685277,1.3635224185978313e-10,2021-12-31
csi1000,0.5132533133198818,0.1,-0.012783130615034544,1.086613749431539e-10,0.22393326234180205,0.6730300488171104,cvar,optimal,0.0025227162212685277,1.086613749431539e-10,2021-12-31
bond_gov,0.4468331293344502,0.1,-0.0011062192072768835,0.34999999985759567,0.22393326234180205,0.5156387481956071,cvar,optimal,0.0025227162212685277,0.34999999985759567,2021-12-31
bond_corp,0.5249303071697575,0.1,-6.888059570292684e-05,0.3499999997988805,0.22393326234180205,0.5479206464809513,cvar,optimal,0.0025227162212685277,0.3499999997988805,2021-12-31
csi_cb,0.4812640485008571,0.1,-0.009963007748567225,0.15799482610273619,0.22393326234180205,0.4779958881825255,cvar,optimal,0.0025227162212685277,0.15799482610273619,2021-12-31
crude_sc,0.5112305488526784,0.1,-0.010291397632864824,0.005654205660600014,0.22393326234180205,0.6453074375145812,cvar,optimal,0.0025227162212685277,0.005654205660600014,2021-12-31
gold_au,0.6367466866801184,0.1,0.02686034091135288,0.0634868141556441,0.22393326234180205,0.5862431864315016,cvar,optimal,0.0025227162212685277,0.0634868141556441,2021-12-31
spx,0.6671176697512469,0.1,0.045754649756955354,0.07096698121034725,0.22393326234180205,0.6915199410071731,cvar,optimal,0.0025227162212685277,0.07096698121034725,2021-12-31
sse50,0.5658094958071944,0.1,0.012529339838386904,8.392679565807475e-09,0.21979515478177816,0.6255610108622094,cvar,optimal,0.002534757776395947,8.392679565807477e-09,2022-02-07
csi300,0.6244077997903985,0.1,0.01944419303003467,4.841894460065136e-09,0.21979515478177816,0.6515608597843623,cvar,optimal,0.002534757776395947,4.841894460065137e-09,2022-02-07
csi500,0.5360439800838058,0.1,0.011227341859604757,3.079131762561096e-09,0.21979515478177816,0.5753687165555601,cvar,optimal,0.002534757776395947,3.0791317625610962e-09,2022-02-07
csi1000,0.6320853553461754,0.1,0.030245229810883362,2.694521910516197e-09,0.21979515478177816,0.6231340104549317,cvar,optimal,0.002534757776395947,2.6945219105161975e-09,2022-02-07
bond_gov,0.4676629716981947,0.1,-0.0003579384370203314,0.34999999582390784,0.21979515478177816,0.4313616731147811,cvar,optimal,0.002534757776395947,0.3499999958239079,2022-02-07
bond_corp,0.5414785712789918,0.1,1.3202640145884231e-05,0.3499999964782016,0.21979515478177816,0.541222260462817,cvar,optimal,0.002534757776395947,0.3499999964782017,2022-02-07
csi_cb,0.49266297169819473,0.1,0.0027982009769307037,0.15467929244513298,0.21979515478177816,0.47323479259765167,cvar,optimal,0.002534757776395947,0.154679292445133,2022-02-07
crude_sc,0.3014850345904517,0.1,-0.12543318903053438,0.006905692297339507,0.21979515478177816,0.6581103584382766,cvar,optimal,0.002534757776395947,0.006905692297339508,2022-02-07
gold_au,0.6457008480083979,0.1,0.01709103798773097,0.06923689189336832,0.21979515478177816,0.5763137004669024,cvar,optimal,0.002534757776395947,0.06923689189336833,2022-02-07
spx,0.6926629716981948,0.1,0.03759006204783592,0.06917811205382196,0.21979515478177816,0.6250886271341163,cvar,optimal,0.002534757776395947,0.06917811205382197,2022-02-07
sse50,0.5386549396895376,0.1,0.006840253120478857,0.0023136081924501855,0.0007674636190726856,0.5491772173697784,cvar,optimal,0.002589880806078644,0.0023136081924501855,2022-03-07
csi300,0.6241427368677369,0.1,0.017790977463391804,2.870254763400563e-10,0.0007674636190726856,0.5890925134455858,cvar,optimal,0.002589880806078644,2.870254763400563e-10,2022-03-07
csi500,0.5613450603104624,0.1,0.019114285199247814,1.2077306518345074e-10,0.0007674636190726856,0.6453510837140991,cvar,optimal,0.002589880806078644,1.2077306518345074e-10,2022-03-07
csi1000,0.6807422147374161,0.1,0.04083494410169587,1.1262878883922387e-10,0.0007674636190726856,0.5480762691114003,cvar,optimal,0.002589880806078644,1.1262878883922387e-10,2022-03-07
bond_gov,0.4724282106032107,0.1,-0.000279959684320971,0.3499999999341392,0.0007674636190726856,0.4434977261038194,cvar,optimal,0.002589880806078644,0.3499999999341392,2022-03-07
bond_corp,0.5794869552523575,0.1,4.929926131778412e-05,0.34999999993616726,0.0007674636190726856,0.6393749194912389,cvar,optimal,0.002589880806078644,0.34999999993616726,2022-03-07
csi_cb,0.49742821060321063,0.1,0.006935900681801303,0.13852101502589428,0.0007674636190726856,0.49568314153992016,cvar,optimal,0.002589880806078644,0.13852101502589428,2022-03-07
crude_sc,0.2160873599219569,0.1,-0.170851788994988,0.009679514248200908,0.0007674636190726856,0.730792157063038,cvar,optimal,0.002589880806078644,0.009679514248200908,2022-03-07
gold_au,0.6491427368677368,0.1,0.012706979102696664,0.0766407369814465,0.0007674636190726856,0.5590704245582591,cvar,optimal,0.002589880806078644,0.0766407369814465,2022-03-07
spx,0.680541575146374,0.1,0.034066315950956216,0.07284512516127431,0.0007674636190726856,0.6245655680387568,cvar,optimal,0.002589880806078644,0.07284512516127431,2022-03-07
sse50,0.4538741966435651,0.1,0.008917073058654204,8.085489974134269e-10,0.28815657277644074,0.686777249930595,cvar,optimal,0.0024814247921959754,8.085489974134269e-10,2022-04-06
csi300,0.582983901503783,0.1,0.03157203983113339,5.138555830912331e-10,0.28815657277644074,0.3813567991119699,cvar,optimal,0.0024814247921959754,5.138555830912331e-10,2022-04-06
csi500,0.7301580003488687,0.1,0.05625002176024914,3.6312841404014855e-10,0.28815657277644074,0.5245511360510051,cvar,optimal,0.0024814247921959754,3.6312841404014855e-10,2022-04-06
csi1000,0.823796708520273,0.1,0.08323094496648811,3.1170945881516213e-10,0.28815657277644074,0.6609715683626649,cvar,optimal,0.0024814247921959754,3.1170945881516213e-10,2022-04-06
bond_gov,0.3993710227068094,0.1,-0.0007357009542070552,0.3499999996283278,0.28815657277644074,0.5435249788998612,cvar,optimal,0.0024814247921959754,0.3499999996283278,2022-04-06
bond_corp,0.503061409371567,0.1,-0.00023183413169617468,0.34999999960750566,0.28815657277644074,0.646729063738321,cvar,optimal,0.0024814247921959754,0.34999999960750566,2022-04-06
csi_cb,0.6008386363909208,0.1,0.0261040887805084,0.11669699774764664,0.28815657277644074,0.3943896618481336,cvar,optimal,0.0024814247921959754,0.11669699774764664,2022-04-06
crude_sc,0.21311605273372922,0.1,-0.1570901872051153,0.005374994657319475,0.28815657277644074,0.642840542021475,cvar,optimal,0.0024814247921959754,0.005374994657319475,2022-04-06
gold_au,0.5743710227068095,0.1,-0.011559310645166365,0.08484310117363462,0.28815657277644074,0.44794548551898505,cvar,optimal,0.0024814247921959754,0.08484310117363462,2022-04-06
spx,0.618429049073674,0.1,0.022049322533492996,0.09308490518832332,0.28815657277644074,0.44708546574606145,cvar,optimal,0.0024814247921959754,0.09308490518832332,2022-04-06
sse50,0.4912215209516581,0.1,0.020814026019991744,2.0903417078188575e-09,0.8153369154260497,0.6363670077669865,cvar,optimal,0.0026197255791842017,2.0903417078188575e-09,2022-05-09
csi300,0.602352693447999,0.1,0.04258758785503221,1.0858837871099801e-09,0.8153369154260497,0.5084510092657473,cvar,optimal,0.0026197255791842017,1.0858837871099801e-09,2022-05-09
csi500,0.6191397284260447,0.1,0.0626118999352616,5.553822041434836e-10,0.8153369154260497,0.7003411379224277,cvar,optimal,0.0026197255791842017,5.553822041434836e-10,2022-05-09
csi1000,0.9338753973559237,0.1,0.11834923220936563,4.242294756614061e-10,0.8153369154260497,0.8,cvar,optimal,0.0026197255791842017,4.242294756614061e-10,2022-05-09
bond_gov,0.4237548390885086,0.1,-0.0004892185065850723,0.34999999936989695,0.8153369154260497,0.4539433267888502,cvar,optimal,0.0026197255791842017,0.34999999936989695,2022-05-09
bond_corp,0.4907892072508893,0.1,-0.0002663739392218198,0.3499999993779964,0.8153369154260497,0.5293858726220823,cvar,optimal,0.0026197255791842017,0.3499999993779964,2022-05-09
csi_cb,0.5071934946942985,0.1,0.020147292880619276,0.11193518787078885,0.8153369154260497,0.4988229706442534,cvar,optimal,0.0026197255791842017,0.11193518787078885,2022-05-09
crude_sc,0.20359785435949052,0.1,-0.13618478578605406,0.0026888518551062284,0.8153369154260497,0.6644383000029848,cvar,optimal,0.0026197255791842017,0.0026888518551062284,2022-05-09
gold_au,0.581288157225359,0.1,-0.005224680518795226,0.0985165100396724,0.8153369154260497,0.5506150663903882,cvar,optimal,0.0026197255791842017,0.0985165100396724,2022-05-09
spx,0.6467871071998286,0.1,0.030963283301216525,0.08685944733070193,0.8153369154260497,0.5166076954370266,cvar,optimal,0.0026197255791842017,0.08685944733070193,2022-05-09
sse50,0.5636496709131805,0.1,0.028364819028197284,6.902777933912321e-09,0.1670496592714367,0.6645560645256859,cvar,optimal,0.002800175444513423,6.902777933912319e-09,2022-06-07
csi300,0.6507211060334276,0.1,0.043965541642305275,4.692373562675356e-09,0.1670496592714367,0.5112917474115695,cvar,optimal,0.002800175444513423,4.692373562675355e-09,2022-06-07
csi500,0.590596493164709,0.1,0.04661553655201756,2.678078337522027e-09,0.1670496592714367,0.6369116479218284,cvar,optimal,0.002800175444513423,2.6780783375220266e-09,2022-06-07
csi1000,0.7320533064259841,0.1,0.07449294296201514,2.494710857618392e-09,0.1670496592714367,0.6844099745860011,cvar,optimal,0.002800175444513423,2.4947108576183916e-09,2022-06-07
bond_gov,0.4568928473196295,0.1,-0.0004621939779290412,0.3499999946952333,0.1670496592714367,0.4251043043677811,cvar,optimal,0.002800175444513423,0.34999999469523324,2022-06-07
bond_corp,0.527687670644776,0.1,-0.00019948330712922039,0.34999999512568747,0.1670496592714367,0.5507479287480354,cvar,optimal,0.002800175444513423,0.3499999951256874,2022-06-07
csi_cb,0.5025417757387877,0.1,0.015180196252412244,0.11564968060835827,0.1670496592714367,0.47519500218381183,cvar,optimal,0.002800175444513423,0.11564968060835824,2022-06-07
crude_sc,0.16824317640644892,0.1,-0.20522179956974484,0.002121184939647687,0.1670496592714367,0.7826102340068835,cvar,optimal,0.002800175444513423,0.0021211849396476864,2022-06-07
gold_au,0.6257211060334276,0.1,-0.004315084705632195,0.09725009590111079,0.1670496592714367,0.5285518551493587,cvar,optimal,0.002800175444513423,0.09725009590111076,2022-06-07
spx,0.6818928473196295,0.1,0.04430599100680488,0.08497903196202185,0.1670496592714367,0.530646845237307,cvar,optimal,0.002800175444513423,0.08497903196202183,2022-06-07
sse50,0.5425840392692307,0.1,0.021637675024566094,3.2700417804654243e-10,0.11721207422556994,0.5384859382431469,cvar,optimal,0.0027721913519359923,3.2700417804654243e-10,2022-07-05
csi300,0.6528150041833161,0.1,0.038416217805584574,1.9793052555916716e-10,0.11721207422556994,0.5526769598304047,cvar,optimal,0.0027721913519359923,1.9793052555916716e-10,2022-07-05
csi500,0.5738576216600897,0.1,0.03452364289881896,9.811764066575668e-11,0.11721207422556994,0.6321934124872769,cvar,optimal,0.0027721913519359923,9.811764066575668e-11,2022-07-05
csi1000,0.656986593517489,0.1,0.05435236044581314,7.813573121917661e-11,0.11721207422556994,0.6407802356594532,cvar,optimal,0.0027721913519359923,7.813573121917661e-11,2022-07-05
bond_gov,0.47157286498026907,0.1,-0.00030967539051810665,0.3499999998234272,0.11721207422556994,0.4167560418706702,cvar,optimal,0.0027721913519359923,0.3499999998234272,2022-07-05
bond_corp,0.5772343165347131,0.1,-3.649782969541033e-05,0.3499999998270929,0.11721207422556994,0.60170119065329,cvar,optimal,0.0027721913519359923,0.3499999998270929,2022-07-05
csi_cb,0.5295190732145336,0.1,0.013362453889493923,0.12430664985399234,0.11721207422556994,0.5531381099667602,cvar,optimal,0.0027721913519359923,0.12430664985399234,2022-07-05
crude_sc,0.13809640924250896,0.1,-0.23137896655944173,2.344664054658981e-09,0.11721207422556994,0.8,cvar,optimal,0.0027721913519359923,2.344664054658981e-09,2022-07-05
gold_au,0.6607612124175807,0.1,-0.0005910119100452291,0.10134293608269755,0.11721207422556994,0.5084118941831269,cvar,optimal,0.0027721913519359923,0.10134293608269755,2022-07-05
spx,0.696572864980269,0.1,0.04969825176930927,0.07435041136693785,0.11721207422556994,0.5439439154133552,cvar,optimal,0.0027721913519359923,0.07435041136693785,2022-07-05
sse50,0.6552245692655412,0.1,0.059033200241183914,5.391481591352199e-10,0.3946610342794074,0.4915686883998949,cvar,optimal,0.00281036596878248,5.391481591352199e-10,2022-08-02
csi300,0.7426687417114748,0.1,0.06497028378132047,3.7261759428680383e-10,0.3946610342794074,0.6601938205812636,cvar,optimal,0.00281036596878248,3.7261759428680383e-10,2022-08-02
csi500,0.6488908279344416,0.1,0.04317047223171855,1.9576787920611103e-10,0.3946610342794074,0.45281523256680406,cvar,optimal,0.00281036596878248,1.9576787920611103e-10,2022-08-02
csi1000,0.4525880681529695,0.1,0.013384158675445915,1.4968529298660641e-10,0.3946610342794074,0.7201759482777671,cvar,optimal,0.00281036596878248,1.4968529298660641e-10,2022-08-02
bond_gov,0.35184862010926393,0.1,-0.0016654321600166127,0.34999999971516105,0.3946610342794074,0.6750680157031301,cvar,optimal,0.00281036596878248,0.34999999971516105,2022-08-02
bond_corp,0.5049735284969235,0.1,-0.000377969998028851,0.3499999997279773,0.3946610342794074,0.44471448286289694,cvar,optimal,0.00281036596878248,0.3499999997279773,2022-08-02
csi_cb,0.43855334451149197,0.1,-0.0019448018046127231,0.11749676081513054,0.3946610342794074,0.666912932806055,cvar,optimal,0.00281036596878248,0.11749676081513054,2022-08-02
crude_sc,0.5789127893909672,0.1,0.08766150534815334,2.1312490587519267e-09,0.3946610342794074,0.62914526231871,cvar,optimal,0.00281036596878248,2.1312490587519267e-09,2022-08-02
gold_au,0.5494908903176622,0.1,0.007315240831589154,0.09973753706133699,0.3946610342794074,0.38488106314457515,cvar,optimal,0.00281036596878248,0.09973753706133699,2022-08-02
spx,0.576848620109264,0.1,0.01536650855257209,0.0827656992919262,0.3946610342794074,0.4080136513487582,cvar,optimal,0.00281036596878248,0.0827656992919262,2022-08-02
sse50,0.47314454275966217,0.1,0.013899846871273276,2.311516667275138e-09,0.29189121178026195,0.6360761625859358,cvar,optimal,0.0027306084623200813,2.311516667275138e-09,2022-08-30
csi300,0.6513811062554544,0.1,0.014153685610474948,1.2644950364000347e-09,0.29189121178026195,0.6834471879128217,cvar,optimal,0.0027306084623200813,1.2644950364000347e-09,2022-08-30
csi500,0.5373186520616248,0.1,-1.6614613682262858e-05,5.280103431316875e-10,0.29189121178026195,0.6269972660711812,cvar,optimal,0.0027306084623200813,5.280103431316875e-10,2022-08-30
csi1000,0.31336533487737644,0.1,-0.019643821996804867,4.0553993525652716e-10,0.29189121178026195,0.5042623495717429,cvar,optimal,0.0027306084623200813,4.0553993525652716e-10,2022-08-30
bond_gov,0.27234260546614997,0.1,-0.0014191061562046651,0.3499999990340717,0.29189121178026195,0.7021346498163221,cvar,optimal,0.0027306084623200813,0.3499999990340717,2022-08-30
bond_corp,0.3769464099412206,0.1,-0.0004844800924838349,0.34999999905769136,0.29189121178026195,0.5265981084446357,cvar,optimal,0.0027306084623200813,0.34999999905769136,2022-08-30
csi_cb,0.5095564395507157,0.1,-0.005475995167356432,0.12483524602389888,0.29189121178026195,0.35261809595004534,cvar,optimal,0.0027306084623200813,0.12483524602389888,2022-08-30
crude_sc,0.8708138106216886,0.1,0.23307632689061603,3.188593458213594e-09,0.29189121178026195,0.8,cvar,optimal,0.0027306084623200813,3.188593458213594e-09,2022-08-30
gold_au,0.7596958252112007,0.1,0.037563115542282546,0.10576722209870754,0.29189121178026195,0.7066388549175571,cvar,optimal,0.0027306084623200813,0.10576722209870754,2022-08-30
spx,0.7354352732549064,0.1,0.05032612020843596,0.06939752608747515,0.29189121178026195,0.760209084122704,cvar,optimal,0.0027306084623200813,0.06939752608747515,2022-08-30
sse50,0.27319349685070055,0.1,-0.024556518103488682,3.97694747053695e-09,0.5546036984975428,0.6218762216675587,cvar,optimal,0.002759161339987837,3.976947470536951e-09,2022-09-28
csi300,0.5009817757785445,0.1,-0.01915473464755362,1.3228325860976555e-09,0.5546036984975428,0.4072640009902245,cvar,optimal,0.002759161339987837,1.3228325860976558e-09,2022-09-28
csi500,0.42812937090423314,0.1,-0.022035796738756955,4.6503153458030294e-10,0.5546036984975428,0.6591658994833116,cvar,optimal,0.002759161339987837,4.6503153458030304e-10,2022-09-28
csi1000,0.31021284008345434,0.1,-0.033680907574088224,3.3606065589147333e-10,0.5546036984975428,0.5262340925588225,cvar,optimal,0.002759161339987837,3.360606558914734e-10,2022-09-28
bond_gov,0.42486725595716035,0.1,-0.00024075350104472144,0.3499999992569092,0.5546036984975428,0.3846567653629233,cvar,optimal,0.002759161339987837,0.3499999992569093,2022-09-28
bond_corp,0.5256990919071921,0.1,4.672764656305285e-05,0.34999999929128567,0.5546036984975428,0.49248545951840245,cvar,optimal,0.002759161339987837,0.3499999992912857,2022-09-28
csi_cb,0.6513225799236743,0.1,-0.0016658361316125372,0.12548290101923276,0.5546036984975428,0.35606338550211586,cvar,optimal,0.002759161339987837,0.1254829010192328,2022-09-28
crude_sc,0.9827173322333591,0.1,0.21623353835683962,3.3295003843934695e-09,0.5546036984975428,0.8,cvar,optimal,0.002759161339987837,3.3295003843934703e-09,2022-09-28
gold_au,0.756210420909826,0.1,0.026500732196129785,0.10501525280473879,0.5546036984975428,0.6472592320358513,cvar,optimal,0.002759161339987837,0.10501525280473882,2022-09-28
spx,0.6466658354518557,0.1,0.014211434323630607,0.06950183819746082,0.5546036984975428,0.5542858604641371,cvar,optimal,0.002759161339987837,0.06950183819746084,2022-09-28
sse50,0.6171838101601282,0.1,0.04394195355124327,3.67267386105051e-09,0.022311217362998806,0.4434510604434324,cvar,optimal,0.0026828163931688484,3.67267386105051e-09,2022-11-02
csi300,0.7763520062690863,0.1,0.04572452442380594,6.181682611456892e-10,0.022311217362998806,0.5425747294488604,cvar,optimal,0.0026828163931688484,6.181682611456892e-10,2022-11-02
csi500,0.5427536636485252,0.1,0.028339385362247598,1.7525804256408232e-10,0.022311217362998806,0.49240827370967466,cvar,optimal,0.0026828163931688484,1.7525804256408232e-10,2022-11-02
csi1000,0.6392252440738021,0.1,0.0319618275395741,1.3492546673937575e-10,0.022311217362998806,0.6504900657190792,cvar,optimal,0.0026828163931688484,1.3492546673937575e-10,2022-11-02
bond_gov,0.19785758890328775,0.1,-0.002328390946701953,0.34999999974042606,0.022311217362998806,0.8,cvar,optimal,0.0026828163931688484,0.34999999974042606,2022-11-02
bond_corp,0.4025993369278884,0.1,-0.00048424525932636134,0.3499999997490716,0.022311217362998806,0.5717255958870229,cvar,optimal,0.0026828163931688484,0.3499999997490716,2022-11-02
csi_cb,0.4447656489729657,0.1,0.004115414016504685,0.1262266260406706,0.022311217362998806,0.5976712486949943,cvar,optimal,0.0026828163931688484,0.1262266260406706,2022-11-02
crude_sc,0.7688676204633315,0.1,0.1223077144024171,1.0705335630108243e-09,0.022311217362998806,0.580982620661789,cvar,optimal,0.0026828163931688484,1.0705335630108243e-09,2022-11-02
gold_au,0.47520305322417816,0.1,-0.003679947528641309,0.10731856372349653,0.022311217362998806,0.40329622374546514,cvar,optimal,0.0026828163931688484,0.10731856372349653,2022-11-02
spx,0.6351920273568071,0.1,0.013949179369647504,0.06645480507477604,0.022311217362998806,0.49190649572207923,cvar,optimal,0.0026828163931688484,0.06645480507477604,2022-11-02
sse50,0.37770879223664205,0.1,-0.028197796102957785,1.675544506080936e-09,0.6097811181727246,0.673539292380227,cvar,optimal,0.0026826324451585926,1.6755445060809355e-09,2022-11-30
csi300,0.5205301235509328,0.1,-0.02379920483271583,5.191689314711509e-10,0.6097811181727246,0.5804055889973951,cvar,optimal,0.0026826324451585926,5.191689314711508e-10,2022-11-30
csi500,0.4070189881737541,0.1,-0.02541263584378089,1.6464258661357484e-10,0.6097811181727246,0.7166388616403273,cvar,optimal,0.0026826324451585926,1.646425866135748e-10,2022-11-30
csi1000,0.6739696912255169,0.1,-0.015558928692723732,1.2350060723541657e-10,0.6097811181727246,0.6089001169910356,cvar,optimal,0.0026826324451585926,1.2350060723541654e-10,2022-11-30
bond_gov,0.4328476602933618,0.1,-0.00038003465862745315,0.3499999997067157,0.6097811181727246,0.44125496367660777,cvar,optimal,0.0026826324451585926,0.34999999970671564,2022-11-30
bond_corp,0.6882791652929667,0.1,0.00046258805352661776,0.34999999971327017,0.6097811181727246,0.5145709323403338,cvar,optimal,0.0026826324451585926,0.3499999997132701,2022-11-30
csi_cb,0.2274767582829259,0.1,-0.02092131736124285,0.12617273483648278,0.6097811181727246,0.7652442718347912,cvar,optimal,0.0026826324451585926,0.12617273483648275,2022-11-30
crude_sc,0.9174355240096678,0.1,0.19425171955569337,1.4382761328169483e-09,0.6097811181727246,0.8,cvar,optimal,0.0026826324451585926,1.438276132816948e-09,2022-11-30
gold_au,0.6651428725069853,0.1,0.017675632009166588,0.10754937714178521,0.6097811181727246,0.6282598254999111,cvar,optimal,0.0026826324451585926,0.10754937714178518,2022-11-30
spx,0.5895904244272467,0.1,0.0064082603288621405,0.06627788468061349,0.6097811181727246,0.5710700028612191,cvar,optimal,0.0026826324451585926,0.06627788468061348,2022-11-30
sse50,0.398033429536225,0.1,-0.031174085108122765,6.888330663206126e-10,0.3561959647331762,0.6819234819752668,cvar,optimal,0.0027215095132619637,6.888330663206125e-10,2022-12-28
csi300,0.4112031847496881,0.1,-0.03714913187412411,3.190447257524536e-10,0.3561959647331762,0.5486222661017386,cvar,optimal,0.0027215095132619637,3.1904472575245355e-10,2022-12-28
csi500,0.2637350588992292,0.1,-0.04624983938310512,1.1087501972469642e-10,0.3561959647331762,0.6711139587703574,cvar,optimal,0.0027215095132619637,1.108750197246964e-10,2022-12-28
csi1000,0.44633825137765054,0.1,-0.04698815466303123,9.444624051697364e-11,0.3561959647331762,0.3976216538627005,cvar,optimal,0.0027215095132619637,9.444624051697361e-11,2022-12-28
bond_gov,0.5321911397293162,0.1,0.0001483793231789523,0.3499999998311153,0.3561959647331762,0.35581353118493453,cvar,optimal,0.0027215095132619637,0.34999999983111524,2022-12-28
bond_corp,0.7227324900105572,0.1,0.0005962462800900821,0.34999999983412283,0.3561959647331762,0.6508316246614835,cvar,optimal,0.0027215095132619637,0.3499999998341228,2022-12-28
csi_cb,0.3432617759495931,0.1,-0.017207307122312776,0.12645453964854067,0.3561959647331762,0.5453181527781673,cvar,optimal,0.0027215095132619637,0.12645453964854064,2022-12-28
crude_sc,0.9693495127091776,0.1,0.20558668137621572,3.9587909188493975e-10,0.3561959647331762,0.8,cvar,optimal,0.0027215095132619637,3.9587909188493964e-10,2022-12-28
gold_au,0.8170195134699282,0.1,0.031786499017501836,0.10634258959793198,0.3561959647331762,0.7651529604883969,cvar,optimal,0.0027215095132619637,0.10634258959793196,2022-12-28
spx,0.5961356435686349,0.1,0.01324816127111525,0.06720286947921122,0.3561959647331762,0.7269229858539136,cvar,optimal,0.0027215095132619637,0.06720286947921121,2022-12-28
sse50,0.30771960510959695,0.1,-0.0433716882386924,4.338464308047892e-10,0.34545117314343776,0.659999960100206,cvar,optimal,0.00272150949284317,4.338464308047892e-10,2023-02-02
csi300,0.32606056445880494,0.1,-0.04362051452127559,2.114219563185702e-10,0.34545117314343776,0.5661420535106739,cvar,optimal,0.00272150949284317,2.114219563185702e-10,2023-02-02
csi500,0.33350557690616967,0.1,-0.040153825641495,7.989391488124998e-11,0.34545117314343776,0.6593850714389938,cvar,optimal,0.00272150949284317,7.989391488124998e-11,2023-02-02
csi1000,0.29598618449818115,0.1,-0.04771540947656291,6.569168503574766e-11,0.34545117314343776,0.4685060604354079,cvar,optimal,0.00272150949284317,6.569168503574766e-11,2023-02-02
bond_gov,0.6114394355411951,0.1,0.0003619501062147909,0.34999999987441244,0.34545117314343776,0.3455293013049991,cvar,optimal,0.00272150949284317,0.34999999987441244,2023-02-02
bond_corp,0.7532748930915673,0.1,0.0006151521960833526,0.349999999877036,0.34545117314343776,0.5865521061372875,cvar,optimal,0.00272150949284317,0.349999999877036,2023-02-02
csi_cb,0.4553399382822603,0.1,-0.012970283992374373,0.12645454562938802,0.34545117314343776,0.4542114654415816,cvar,optimal,0.00272150949284317,0.12645454562938802,2023-02-02
crude_sc,1.0,0.1,0.18336828566875907,3.386061146094222e-10,0.34545117314343776,0.8,cvar,optimal,0.00272150949284317,3.386061146094222e-10,2023-02-02
gold_au,0.8365309664286059,0.1,0.02499033876076807,0.10634256513927107,0.34545117314343776,0.7083422380235491,cvar,optimal,0.00272150949284317,0.10634256513927107,2023-02-02
spx,0.5801428356836189,0.1,0.013777680282527457,0.06720288835043237,0.34545117314343776,0.557450327706944,cvar,optimal,0.00272150949284317,0.06720288835043237,2023-02-02
sse50,0.22011097627974527,0.1,-0.06632069951579962,4.168981627964199e-09,0.00426972610985731,0.7209019680061759,cvar,optimal,0.002621687447931078,4.168981627964199e-09,2023-03-02
csi300,0.3740565997078556,0.1,-0.05035964651635483,3.0352808648901177e-09,0.00426972610985731,0.5381761606056075,cvar,optimal,0.002621687447931078,3.0352808648901177e-09,2023-03-02
csi500,0.3864915103962293,0.1,-0.03342031532415532,1.6558549353220202e-09,0.00426972610985731,0.6687349472873619,cvar,optimal,0.002621687447931078,1.6558549353220202e-09,2023-03-02
csi1000,0.46462047633256903,0.1,-0.02993187593813231,1.4351493847311884e-09,0.00426972610985731,0.4999446707488029,cvar,optimal,0.002621687447931078,1.4351493847311884e-09,2023-03-02
bond_gov,0.5718453610536051,0.1,0.00035623676438591254,0.3499999971784785,0.00426972610985731,0.35112798960471403,cvar,optimal,0.002621687447931078,0.3499999971784785,2023-03-02
bond_corp,0.681870022449104,0.1,0.00045970529954013264,0.3499999970977218,0.00426972610985731,0.5659531726074627,cvar,optimal,0.002621687447931078,0.3499999970977218,2023-03-02
csi_cb,0.5449260158135032,0.1,-0.010828559889257214,0.15279194826352843,0.00426972610985731,0.38599092177689015,cvar,optimal,0.002621687447931078,0.15279194826352843,2023-03-02
crude_sc,0.5967058834498855,0.1,0.040383701260800875,6.902793495134021e-08,0.00426972610985731,0.28286469722526036,cvar,optimal,0.002621687447931078,6.902793495134021e-08,2023-03-02
gold_au,0.8304857487552613,0.1,0.026941224897808577,0.0992318112610482,0.00426972610985731,0.6712236320410394,cvar,optimal,0.002621687447931078,0.0992318112610482,2023-03-02
spx,0.8288874057622421,0.1,0.07353444245029846,0.04797616687602124,0.00426972610985731,0.7418480032648573,cvar,optimal,0.002621687447931078,0.04797616687602124,2023-03-02
sse50,0.4811730957999742,0.1,-0.0016691562738932186,1.6532143019613077e-10,0.23801712774641712,0.5831215478086905,cvar,optimal,0.0024193810745120063,1.6532143019613077e-10,2023-03-30
csi300,0.6544708894962975,0.1,0.0002638557344624773,8.265958089697842e-11,0.23801712774641712,0.6887623405074026,cvar,optimal,0.0024193810745120063,8.265958089697842e-11,2023-03-30
csi500,0.2611817494437142,0.1,-0.037724450425851534,3.283132353520085e-11,0.23801712774641712,0.7806019219886158,cvar,optimal,0.0024193810745120063,3.283132353520085e-11,2023-03-30
csi1000,0.3524063537652322,0.1,-0.04080856841790459,2.577021669648438e-11,0.23801712774641712,0.5494672139548477,cvar,optimal,0.0024193810745120063,2.577021669648438e-11,2023-03-30
bond_gov,0.38466125752777464,0.1,-0.001064658855462794,0.34999999993514663,0.23801712774641712,0.6122822154810105,cvar,optimal,0.0024193810745120063,0.34999999993514663,2023-03-30
bond_corp,0.48701898731937643,0.1,-9.40269297001832e-05,0.34999999993691516,0.23801712774641712,0.5609554267435817,cvar,optimal,0.0024193810745120063,0.34999999993691516,2023-03-30
csi_cb,0.6664479145377837,0.1,-0.0022819784445238973,0.18675618082342776,0.23801712774641712,0.3675822064686004,cvar,optimal,0.0024193810745120063,0.18675618082342776,2023-03-30
crude_sc,0.8342497466633653,0.1,0.1382510111800917,1.6091987027391576e-10,0.23801712774641712,0.7817779599563015,cvar,optimal,0.0024193810745120063,1.6091987027391576e-10,2023-03-30
gold_au,0.6279577921748224,0.1,0.01198602485204299,0.09131064447866633,0.23801712774641712,0.6351281929230279,cvar,optimal,0.0024193810745120063,0.09131064447866633,2023-03-30
spx,0.7504322132716594,0.1,0.049202339082214906,0.021933174358341728,0.23801712774641712,0.6103686153333355,cvar,optimal,0.0024193810745120063,0.021933174358341728,2023-03-30
sse50,0.5835215973600619,0.1,0.003354124771075922,1.9275736455108814e-09,0.2332649132896621,0.556999833548656,cvar,optimal,0.002429189374818611,1.9275736455108814e-09,2023-04-28
csi300,0.4972996985059937,0.1,-0.007200756886503359,1.1779897203679566e-09,0.2332649132896621,0.4700349321468212,cvar,optimal,0.002429189374818611,1.1779897203679566e-09,2023-04-28
csi500,0.23316082103170396,0.1,-0.03058827975869749,5.452160676924415e-10,0.2332649132896621,0.7878234169694088,cvar,optimal,0.002429189374818611,5.452160676924415e-10,2023-04-28
csi1000,0.271311879871515,0.1,-0.03616493037127712,4.660807377136926e-10,0.2332649132896621,0.5982405172436256,cvar,optimal,0.002429189374818611,4.660807377136926e-10,2023-04-28
bond_gov,0.3864605940085019,0.1,-0.0009393221708477001,0.34999999864324416,0.2332649132896621,0.4991442037484019,cvar,optimal,0.002429189374818611,0.34999999864324416,2023-04-28
bond_corp,0.4864605940085019,0.1,-0.0001880009118120205,0.34999999853551184,0.2332649132896621,0.6067074269462484,cvar,optimal,0.002429189374818611,0.34999999853551184,2023-04-28
csi_cb,0.7111738657866874,0.1,-0.001771554914895078,0.18344898853015457,0.2332649132896621,0.38170036198406715,cvar,optimal,0.002429189374818611,0.18344898853015457,2023-04-28
crude_sc,0.9219998188489682,0.1,0.1370843398061896,8.926858575305503e-10,0.2332649132896621,0.7994567413279109,cvar,optimal,0.002429189374818611,8.926858575305503e-10,2023-04-28
gold_au,0.5858810947089386,0.1,0.00467053846797995,0.09414216782944489,0.2332649132896621,0.5167980584586366,cvar,optimal,0.002429189374818611,0.09414216782944489,2023-04-28
spx,0.8227300358691274,0.1,0.04965775452966501,0.02240884145209852,0.2332649132896621,0.7193148379900971,cvar,optimal,0.002429189374818611,0.02240884145209852,2023-04-28
sse50,0.6772550026010893,0.1,-0.003333070082508785,3.94338375855297e-09,0.29437153730087,0.558345279206491,cvar,optimal,0.002228632715138503,3.94338375855297e-09,2023-05-31
csi300,0.41508542673274224,0.1,-0.01449534204117944,1.3274858775187193e-09,0.29437153730087,0.5182346833944957,cvar,optimal,0.002228632715138503,1.3274858775187193e-09,2023-05-31
csi500,0.3264627776146999,0.1,-0.025054935354889497,7.481266158112566e-10,0.29437153730087,0.6693632046842863,cvar,optimal,0.002228632715138503,7.481266158112566e-10,2023-05-31
csi1000,0.24749704684616078,0.1,-0.030495319841331858,5.973614690130676e-10,0.29437153730087,0.48072792361898925,cvar,optimal,0.002228632715138503,5.973614690130676e-10,2023-05-31
bond_gov,0.4344041527384718,0.1,-0.0006807833884977547,0.3499999993960995,0.29437153730087,0.4612216745395793,cvar,optimal,0.002228632715138503,0.3499999993960995,2023-05-31
bond_corp,0.5169858185381089,0.1,-0.00020185202500697238,0.3499999989233248,0.29437153730087,0.5712298333518767,cvar,optimal,0.002228632715138503,0.3499999989233248,2023-05-31
csi_cb,0.34179664759201217,0.1,-0.010703691445191357,0.1715649700260851,0.29437153730087,0.6259501885617155,cvar,optimal,0.002228632715138503,0.1715649700260851,2023-05-31
crude_sc,0.9924183342003631,0.1,0.14585475057912706,5.675842621746133e-10,0.29437153730087,0.8,cvar,optimal,0.002228632715138503,5.675842621746133e-10,2023-05-31
gold_au,0.6928653692859033,0.1,0.010450090272443958,0.08611238684298717,0.29437153730087,0.6181166619174051,cvar,optimal,0.002228632715138503,0.08611238684298717,2023-05-31
spx,0.8552294238504486,0.1,0.045388865351596794,0.04232263762756149,0.29437153730087,0.7655032424694911,cvar,optimal,0.002228632715138503,0.04232263762756149,2023-05-31
sse50,0.6430850694979555,0.1,0.01449567734234945,5.264206567737549e-09,0.3576124339893823,0.5815420991394471,cvar,optimal,0.002186836847610711,5.264206567737549e-09,2023-06-30
csi300,0.64973314910537,0.1,0.013130048159415566,2.373643387825781e-09,0.3576124339893823,0.630482237781219,cvar,optimal,0.002186836847610711,2.373643387825781e-09,2023-06-30
csi500,0.4146270423587243,0.1,-0.0035969177622556317,1.4575597708887124e-09,0.3576124339893823,0.5707472879739355,cvar,optimal,0.002186836847610711,1.4575597708887124e-09,2023-06-30
csi1000,0.43563756098306927,0.1,-0.0042389292041749745,1.317218932546393e-09,0.3576124339893823,0.44023959832801207,cvar,optimal,0.002186836847610711,1.317218932546393e-09,2023-06-30
bond_gov,0.23603783732501452,0.1,-0.0018177500721785235,0.34999999885083466,0.3576124339893823,0.6718099134955515,cvar,optimal,0.002186836847610711,0.34999999885083466,2023-06-30
bond_corp,0.330009480825696,0.1,-0.00048295725106285687,0.3499999979440508,0.3576124339893823,0.48903228636908846,cvar,optimal,0.002186836847610711,0.3499999979440508,2023-06-30
csi_cb,0.438919253652179,0.1,0.001381052286963341,0.17994883196662978,0.3576124339893823,0.45547259927131256,cvar,optimal,0.002186836847610711,0.17994883196662978,2023-06-30
crude_sc,0.9980791235396312,0.1,0.1698396922845522,4.657562530160808e-10,0.3576124339893823,0.8,cvar,optimal,0.002186836847610711,4.657562530160808e-10,2023-06-30
gold_au,0.5148938932533544,0.1,-0.011110039927117421,0.07457873257819098,0.3576124339893823,0.4096783469854926,cvar,optimal,0.002186836847610711,0.07457873257819098,2023-06-30
spx,0.8389775894590061,0.1,0.037998225855485984,0.04547242778190899,0.3576124339893823,0.6645750422667729,cvar,optimal,0.002186836847610711,0.04547242778190899,2023-06-30
sse50,0.7803623822616134,0.1,0.034743611321728735,0.007968307789276994,0.13665965784721196,0.5445664405209708,cvar,optimal,0.002053412760795294,0.007968307789276994,2023-07-28
csi300,0.5578088478652031,0.1,0.02309758586679269,4.262922089664858e-09,0.13665965784721196,0.44878626633371665,cvar,optimal,0.002053412760795294,4.262922089664858e-09,2023-07-28
csi500,0.5425058150061466,0.1,0.013239540513592949,1.8844623602398324e-09,0.13665965784721196,0.45632741986458086,cvar,optimal,0.002053412760795294,1.8844623602398324e-09,2023-07-28
csi1000,0.5171725121810069,0.1,0.008963658517567984,1.4535393225201416e-09,0.13665965784721196,0.5615013918709846,cvar,optimal,0.002053412760795294,1.4535393225201416e-09,2023-07-28
bond_gov,0.23237786284221812,0.1,-0.0021177259683648553,0.3499999986369624,0.13665965784721196,0.7771375292601297,cvar,optimal,0.002053412760795294,0.3499999986369624,2023-07-28
bond_corp,0.330164041541899,0.1,-0.000442566603580484,0.34999999796678416,0.13665965784721196,0.5917884955858979,cvar,optimal,0.002053412760795294,0.34999999796678416,2023-07-28
csi_cb,0.60341669497199,0.1,0.009916615176979868,0.161211676026452,0.13665965784721196,0.29900200850327724,cvar,optimal,0.002053412760795294,0.161211676026452,2023-07-28
crude_sc,0.4712145124954451,0.1,-0.0007373279355505358,2.817861659489424e-09,0.13665965784721196,0.5425987813350001,cvar,optimal,0.002053412760795294,2.817861659489424e-09,2023-07-28
gold_au,0.7346969671409436,0.1,0.02051267018298225,0.1079969132970371,0.13665965784721196,0.6435444077314485,cvar,optimal,0.002053412760795294,0.1079969132970371,2023-07-28
spx,0.7302803636935342,0.1,0.033693966362351266,0.022823095864701902,0.13665965784721196,0.6423927633460627,cvar,optimal,0.002053412760795294,0.022823095864701902,2023-07-28
sse50,0.4511162002106606,0.1,-0.01224908666563319,0.004750233885283479,0.18063069841287013,0.5375650537605104,cvar,optimal,0.002057939905540464,0.004750233885283479,2023-08-25
csi300,0.44383410778046156,0.1,-0.010282069140132612,5.643360340507509e-10,0.18063069841287013,0.4968944173662226,cvar,optimal,0.002057939905540464,5.643360340507509e-10,2023-08-25
csi500,0.5858536212503895,0.1,-0.0031674140036242297,1.7643100165011894e-10,0.18063069841287013,0.5055573261252677,cvar,optimal,0.002057939905540464,1.7643100165011894e-10,2023-08-25
csi1000,0.39986061433951503,0.1,-0.004799866079900593,1.3268821027627718e-10,0.18063069841287013,0.24036311041903946,cvar,optimal,0.002057939905540464,1.3268821027627718e-10,2023-08-25
bond_gov,0.3758507367024763,0.1,-0.0008654556410072273,0.34999999967224965,0.18063069841287013,0.47709730794941435,cvar,optimal,0.002057939905540464,0.34999999967224965,2023-08-25
bond_corp,0.4430103687316135,0.1,-0.0002370559960206214,0.3499999996294181,0.18063069841287013,0.5407289806849077,cvar,optimal,0.002057939905540464,0.3499999996294181,2023-08-25
csi_cb,0.4348354018857141,0.1,-0.003974283238145738,0.16004021033003848,0.18063069841287013,0.4811677941221172,cvar,optimal,0.002057939905540464,0.16004021033003848,2023-08-25
crude_sc,0.7516326889087679,0.1,0.074363839457893,5.148690844169599e-10,0.18063069841287013,0.6904799423116048,cvar,optimal,0.002057939905540464,5.148690844169599e-10,2023-08-25
gold_au,0.7770782255719078,0.1,0.025380874942396138,0.11027298518496827,0.18063069841287013,0.7940683072347046,cvar,optimal,0.002057939905540464,0.11027298518496827,2023-08-25
spx,0.8369280346184936,0.1,0.04734777406491526,0.024936569909717748,0.18063069841287013,0.8,cvar,optimal,0.002057939905540464,0.024936569909717748,2023-08-25
sse50,0.31280760122140816,0.1,-0.023713746288210644,5.298392661389846e-10,0.1039622323144454,0.6726299842801542,cvar,optimal,0.0020043579393315457,5.298392661389845e-10,2023-09-22
csi300,0.38678864895800863,0.1,-0.014826883524106365,3.0780488852460765e-10,0.1039622323144454,0.5641196763156194,cvar,optimal,0.0020043579393315457,3.078048885246076e-10,2023-09-22
csi500,0.5999999999999999,0.1,0.0030497766402362778,2.207850060402947e-10,0.1039622323144454,0.4716187411923852,cvar,optimal,0.0020043579393315457,2.2078500604029465e-10,2023-09-22
csi1000,0.5596819599350246,0.1,0.007342789621873888,1.739544154734202e-10,0.1039622323144454,0.535047759139783,cvar,optimal,0.0020043579393315457,1.7395441547342018e-10,2023-09-22
bond_gov,0.39201987991929005,0.1,-0.00038983958830996325,0.3499999998490559,0.1039622323144454,0.5481070095273854,cvar,optimal,0.0020043579393315457,0.34999999984905583,2023-09-22
bond_corp,0.463155523487925,0.1,-0.00020974728234963424,0.3499999998258072,0.1039622323144454,0.613080146028202,cvar,optimal,0.0020043579393315457,0.34999999982580715,2023-09-22
csi_cb,0.5574081546992036,0.1,-0.001943317903446558,0.14902013283719806,0.1039622323144454,0.32675549474104215,cvar,optimal,0.0020043579393315457,0.14902013283719803,2023-09-22
crude_sc,0.41328086843690026,0.1,-0.02582294207605354,8.239816031361791e-11,0.1039622323144454,0.4549340969565608,cvar,optimal,0.0020043579393315457,8.23981603136179e-11,2023-09-22
gold_au,0.886816379510361,0.1,0.028989891172363818,0.14471591611352552,0.1039622323144454,0.7566631238557059,cvar,optimal,0.0020043579393315457,0.1447159161135255,2023-09-22
spx,0.9280409838318788,0.1,0.04287941032238671,0.00626395005963175,0.1039622323144454,0.7823230930298581,cvar,optimal,0.0020043579393315457,0.006263950059631748,2023-09-22
sse50,0.2609810618448984,0.1,-0.032627094336704694,4.890982694526362e-08,0.12299475521990239,0.7745980722874486,cvar,optimal,0.00192500580109391,4.8909826945263606e-08,2023-10-30
csi300,0.3658724140461019,0.1,-0.022408032220547235,3.578531243009216e-08,0.12299475521990239,0.514186208150207,cvar,optimal,0.00192500580109391,3.5785312430092155e-08,2023-10-30
csi500,0.4813413825993247,0.1,-0.010487831292822936,1.965553992863248e-08,0.12299475521990239,0.5989086001593292,cvar,optimal,0.00192500580109391,1.9655539928632478e-08,2023-10-30
csi1000,0.5437565398319131,0.1,-0.005622255566597303,1.2991052762512761e-08,0.12299475521990239,0.4616717004365941,cvar,optimal,0.00192500580109391,1.2991052762512758e-08,2023-10-30
bond_gov,0.47520870125808373,0.1,0.00013551319955885363,0.34999999563305784,0.12299475521990239,0.4422715071376544,cvar,optimal,0.00192500580109391,0.3499999956330578,2023-10-30
bond_corp,0.7674172882606378,0.1,0.00042396522605368244,0.3499999951127873,0.12299475521990239,0.5052980467602094,cvar,optimal,0.00192500580109391,0.34999999511278723,2023-10-30
csi_cb,0.5479927735846076,0.1,-0.00637614162721841,0.15979694595662602,0.12299475521990239,0.3663678642729936,cvar,optimal,0.00192500580109391,0.159796945956626,2023-10-30
crude_sc,0.28178867714921224,0.1,-0.06098939711059409,7.677865924352877e-09,0.12299475521990239,0.5879509973111493,cvar,optimal,0.00192500580109391,7.677865924352875e-09,2023-10-30
gold_au,0.86096710482161,0.1,0.024256442724240133,0.11861664108636916,0.12299475521990239,0.7041168861432356,cvar,optimal,0.00192500580109391,0.11861664108636913,2023-10-30
spx,0.9146740566036105,0.1,0.037981978061586916,0.02158629719156183,0.12299475521990239,0.8,cvar,optimal,0.00192500580109391,0.021586297191561826,2023-10-30
sse50,0.4980556332634484,0.1,0.014156955966558745,0.0002983903312857242,0.19363964396294592,0.5339670594163601,cvar,optimal,0.001889734641548445,0.0002983903312857242,2023-11-27
csi300,0.6419867481700661,0.1,0.025554531860072692,2.343123601490588e-09,0.19363964396294592,0.6327889985822244,cvar,optimal,0.001889734641548445,2.343123601490588e-09,2023-11-27
csi500,0.6681706816582954,0.1,0.034229300704608445,1.9012013924083663e-09,0.19363964396294592,0.4062460523150181,cvar,optimal,0.001889734641548445,1.9012013924083663e-09,2023-11-27
csi1000,0.8238448532281708,0.1,0.048835007207204004,1.3177042344096454e-09,0.19363964396294592,0.646071489798847,cvar,optimal,0.001889734641548445,1.3177042344096454e-09,2023-11-27
bond_gov,0.2980883240560119,0.1,-0.0012080790023817451,0.34999999960295664,0.19363964396294592,0.6783305914047386,cvar,optimal,0.001889734641548445,0.34999999960295664,2023-11-27
bond_corp,0.46676101885649546,0.1,-9.46304414157386e-05,0.3499999994190391,0.19363964396294592,0.5694416389865135,cvar,optimal,0.001889734641548445,0.3499999994190391,2023-11-27
csi_cb,0.47071040150939597,0.1,0.0060044434986306055,0.15953923034046752,0.19363964396294592,0.5453472385846991,cvar,optimal,0.001889734641548445,0.15953923034046752,2023-11-27
crude_sc,0.22671452626452623,0.1,-0.07904000848549983,2.8910126019651303e-10,0.19363964396294592,0.6833244712352171,cvar,optimal,0.001889734641548445,2.8910126019651303e-10,2023-11-27
gold_au,0.6525039533115402,0.1,0.007723323602234359,0.11848010430762188,0.19363964396294592,0.412721344360001,cvar,optimal,0.001889734641548445,0.11848010430762188,2023-11-27
spx,0.7531638596820497,0.1,0.026662864993326412,0.021682270147498725,0.19363964396294592,0.5991249406471815,cvar,optimal,0.001889734641548445,0.021682270147498725,2023-11-27
sse50,0.32497893114338805,0.1,0.0025884919117996168,3.473479032049358e-09,0.18280342846134381,0.7222301557305334,cvar,optimal,0.001898527815880106,3.473479032049358e-09,2023-12-25
csi300,0.7853580103948661,0.1,0.023566970637337013,2.8395846393248306e-09,0.18280342846134381,0.6204560148755306,cvar,optimal,0.001898527815880106,2.8395846393248306e-09,2023-12-25
csi500,0.6415385007893044,0.1,0.02397874717686583,2.0243550875941932e-09,0.18280342846134381,0.4721909709237632,cvar,optimal,0.001898527815880106,2.0243550875941932e-09,2023-12-25
csi1000,0.6976350666279625,0.1,0.030578906709702654,1.6417570213334245e-09,0.18280342846134381,0.3925892574823789,cvar,optimal,0.001898527815880106,1.6417570213334245e-09,2023-12-25
bond_gov,0.16572306466897815,0.1,-0.0022010001174967834,0.34999999850395197,0.18280342846134381,0.7649211129676758,cvar,optimal,0.001898527815880106,0.34999999850395197,2023-12-25
bond_corp,0.39017919628918596,0.1,-0.00045238041064339803,0.3499999985279463,0.18280342846134381,0.628053023330662,cvar,optimal,0.001898527815880106,0.3499999985279463,2023-12-25
csi_cb,0.584570304826892,0.1,0.00719575457022709,0.15573051692876713,0.18280342846134381,0.3383070719139093,cvar,optimal,0.001898527815880106,0.15573051692876713,2023-12-25
crude_sc,0.7176055195629442,0.1,0.07713961884499616,0.008643343565162531,0.18280342846134381,0.7212890386572026,cvar,optimal,0.001898527815880106,0.008643343565162531,2023-12-25
gold_au,0.6111331254700836,0.1,0.0074012065835976915,0.1035171951408559,0.18280342846134381,0.6324772178415854,cvar,optimal,0.001898527815880106,0.1035171951408559,2023-12-25
spx,0.5812782802263952,0.1,0.0060986665816210005,0.032108937354140554,0.18280342846134381,0.4438960345966342,cvar,optimal,0.001898527815880106,0.032108937354140554,2023-12-25
sse50,0.5099337105017402,0.1,0.017742576955501348,1.5907239970559134e-10,0.3042625875476023,0.4934521759053362,cvar,optimal,0.0019163053333792449,1.5907239970559131e-10,2024-01-23
csi300,0.7766292803287174,0.1,0.024336174314744205,1.3554234959356716e-10,0.3042625875476023,0.6598523269511738,cvar,optimal,0.0019163053333792449,1.3554234959356714e-10,2024-01-23
csi500,0.4383009986683239,0.1,0.014603726737638996,7.895878587145789e-11,0.3042625875476023,0.6202092432681574,cvar,optimal,0.0019163053333792449,7.895878587145788e-11,2024-01-23
csi1000,0.571884558423061,0.1,0.02136055274870814,6.471930186511921e-11,0.3042625875476023,0.3942552816925141,cvar,optimal,0.0019163053333792449,6.47193018651192e-11,2024-01-23
bond_gov,0.15190563351287603,0.1,-0.0024043785393901658,0.3499999998827342,0.3042625875476023,0.7272185047117863,cvar,optimal,0.0019163053333792449,0.34999999988273417,2024-01-23
bond_corp,0.2717786073114671,0.1,-0.0006900720290728391,0.34999999986983116,0.3042625875476023,0.5750820436709255,cvar,optimal,0.0019163053333792449,0.3499999998698311,2024-01-23
csi_cb,0.6624896249623443,0.1,0.007544354717333617,0.1139991481413702,0.3042625875476023,0.3101693157448392,cvar,optimal,0.0019163053333792449,0.11399914814137017,2024-01-23
crude_sc,0.9058693289334367,0.1,0.14468173874990975,0.015237627001261638,0.3042625875476023,0.8,cvar,optimal,0.0019163053333792449,0.015237627001261635,2024-01-23
gold_au,0.5621624623132493,0.1,0.003693580937844347,0.10688543531192549,0.3042625875476023,0.5298515866906198,cvar,optimal,0.0019163053333792449,0.10688543531192546,2024-01-23
spx,0.6490457950447843,0.1,0.00907439684908959,0.06387778935458462,0.3042625875476023,0.48196621834993003,cvar,optimal,0.0019163053333792449,0.0638777893545846,2024-01-23
sse50,0.37417220686906755,0.1,-0.0018279799584709523,1.098909074330308e-09,0.1693202320734252,0.7038865962809941,cvar,optimal,0.0016927111124646643,1.0989090743303077e-09,2024-02-28
csi300,0.5420767273376002,0.1,0.01132065301178748,7.069386418603512e-10,0.1693202320734252,0.6003451059249649,cvar,optimal,0.0016927111124646643,7.06938641860351e-10,2024-02-28
csi500,0.6529020298269322,0.1,0.060057557317502355,2.879891711677603e-10,0.1693202320734252,0.3855949655244334,cvar,optimal,0.0016927111124646643,2.8798917116776027e-10,2024-02-28
csi1000,0.8685584501813325,0.1,0.09509784642327021,1.6168014749396594e-10,0.1693202320734252,0.7177391949581496,cvar,optimal,0.0016927111124646643,1.6168014749396591e-10,2024-02-28
bond_gov,0.15778150091200008,0.1,-0.0028270431419226277,0.34999999955674227,0.1693202320734252,0.7358059537825241,cvar,optimal,0.0016927111124646643,0.3499999995567422,2024-02-28
bond_corp,0.2459932983583998,0.1,-0.0008941252266098275,0.3499999995537966,0.1693202320734252,0.5878244433453537,cvar,optimal,0.0016927111124646643,0.34999999955379657,2024-02-28
csi_cb,0.6423569829288003,0.1,0.013654425004026116,0.09829591147215958,0.1693202320734252,0.33295510429062336,cvar,optimal,0.0016927111124646643,0.09829591147215955,2024-02-28
crude_sc,0.7954392739973335,0.1,0.10138126170730376,0.008281393001615652,0.1693202320734252,0.7443662046914078,cvar,optimal,0.0016927111124646643,0.00828139300161565,2024-02-28
gold_au,0.5896869444709332,0.1,0.006901901408171891,0.13416732691905325,0.1693202320734252,0.45178007382521856,cvar,optimal,0.0016927111124646643,0.13416732691905323,2024-02-28
spx,0.6310325851176004,0.1,0.008953414153894347,0.05925536724111569,0.1693202320734252,0.5696048065778423,cvar,optimal,0.0016927111124646643,0.05925536724111568,2024-02-28
sse50,0.42913401971723153,0.1,-0.01192419149598909,6.748953941356415e-10,0.3595064005456008,0.6053432188607119,cvar,optimal,0.0016379885861221273,6.748953941356415e-10,2024-03-27
csi300,0.32070770131475174,0.1,-0.016075990760429676,5.211714833926878e-10,0.3595064005456008,0.5575473658575256,cvar,optimal,0.0016379885861221273,5.211714833926878e-10,2024-03-27
csi500,0.634894482772246,0.1,0.01752855554475415,3.026486994092724e-10,0.3595064005456008,0.5512556189368097,cvar,optimal,0.0016379885861221273,3.026486994092724e-10,2024-03-27
csi1000,0.5601342250814777,0.1,0.02206374424365312,1.8431407856447293e-10,0.3595064005456008,0.25201697679099605,cvar,optimal,0.0016379885861221273,1.8431407856447293e-10,2024-03-27
bond_gov,0.2633235291375286,0.1,-0.0022032349486737707,0.34999999904462176,0.3595064005456008,0.6758763772916809,cvar,optimal,0.0016379885861221273,0.34999999904462176,2024-03-27
bond_corp,0.3383235291375286,0.1,-0.0007361527964376561,0.34999999946639826,0.3595064005456008,0.641906401800934,cvar,optimal,0.0016379885861221273,0.34999999946639826,2024-03-27
csi_cb,0.5296622196177325,0.1,0.00032036237540810156,0.08996846022843766,0.3595064005456008,0.4105991205080285,cvar,optimal,0.0016379885861221273,0.08996846022843766,2024-03-27
crude_sc,0.9113250444134182,0.1,0.14020476860878717,0.010335996529368492,0.3595064005456008,0.8,cvar,optimal,0.0016379885861221273,0.010335996529368492,2024-03-27
gold_au,0.7643820493923738,0.1,0.02104050333695368,0.1317566202761975,0.3595064005456008,0.6610281085060163,cvar,optimal,0.0016379885861221273,0.1317566202761975,2024-03-27
spx,0.7481131994157112,0.1,0.021813747325072907,0.0679389227719467,0.3595064005456008,0.7288278678514281,cvar,optimal,0.0016379885861221273,0.0679389227719467,2024-03-27
sse50,0.46395172425584114,0.1,0.0032759567699282913,5.354502177803575e-10,0.43499263002135474,0.550717847791917,cvar,optimal,0.0016961385375350727,5.354502177803576e-10,2024-04-26
csi300,0.5057640933919457,0.1,0.005702342972851927,3.4919596669149394e-10,0.43499263002135474,0.5461727323078983,cvar,optimal,0.0016961385375350727,3.49195966691494e-10,2024-04-26
csi500,0.7370965712328099,0.1,0.04142235371179001,1.6500123575129433e-10,0.43499263002135474,0.5321939400229823,cvar,optimal,0.0016961385375350727,1.6500123575129436e-10,2024-04-26
csi1000,0.48765096603804126,0.1,0.03884002082601365,6.945839412885502e-11,0.43499263002135474,0.3385037483579428,cvar,optimal,0.0016961385375350727,6.945839412885503e-11,2024-04-26
bond_gov,0.18134540240032548,0.1,-0.002939990417938166,0.34999999966799483,0.43499263002135474,0.7307418180689154,cvar,optimal,0.0016961385375350727,0.3499999996679949,2024-04-26
bond_corp,0.2731518417988123,0.1,-0.0005666430196457988,0.3499999997991474,0.43499263002135474,0.5517094448202933,cvar,optimal,0.0016961385375350727,0.3499999997991475,2024-04-26
csi_cb,0.5557352794042141,0.1,0.006909960691427299,0.09994437591263633,0.43499263002135474,0.39886885661257543,cvar,optimal,0.0016961385375350727,0.09994437591263634,2024-04-26
crude_sc,0.9692905697147086,0.1,0.1307737090270259,0.007453179126083891,0.43499263002135474,0.8,cvar,optimal,0.0016961385375350727,0.0074531791260838915,2024-04-26
gold_au,0.7770648121207615,0.1,0.026834343794624554,0.10470559140274743,0.43499263002135474,0.7090069460988291,cvar,optimal,0.0016961385375350727,0.10470559140274745,2024-04-26
spx,0.5489487396425402,0.1,0.0030111158910783534,0.0878968529722842,0.43499263002135474,0.5450312574944867,cvar,optimal,0.0016961385375350727,0.08789685297228421,2024-04-26
sse50,0.4932817430985548,0.1,0.014595365821748921,0.011676078054615183,0.16357748177278617,0.5691420914237151,cvar,optimal,0.001779153306038834,0.011676078054615183,2024-05-29
csi300,0.5820001557254605,0.1,0.02380752534311629,4.287030533306828e-10,0.16357748177278617,0.5470513887157732,cvar,optimal,0.001779153306038834,4.287030533306828e-10,2024-05-29
csi500,0.8068603133257941,0.1,0.07392491325065881,7.040866835038754e-11,0.16357748177278617,0.4755827771399921,cvar,optimal,0.001779153306038834,7.040866835038754e-11,2024-05-29
csi1000,0.725531446033033,0.1,0.08677504199143665,3.583328309608089e-11,0.16357748177278617,0.5772238602179043,cvar,optimal,0.001779153306038834,3.583328309608089e-11,2024-05-29
bond_gov,0.142540782289185,0.1,-0.003700480089954916,0.34999999987354435,0.16357748177278617,0.7411432475485265,cvar,optimal,0.001779153306038834,0.34999999987354435,2024-05-29
bond_corp,0.2929730959899537,0.1,-0.0005754663244229942,0.3499999998353605,0.16357748177278617,0.5321964663057203,cvar,optimal,0.001779153306038834,0.3499999998353605,2024-05-29
csi_cb,0.5496623905821305,0.1,0.012091922280576805,0.10413449608518703,0.16357748177278617,0.34290282826508534,cvar,optimal,0.001779153306038834,0.10413449608518703,2024-05-29
crude_sc,0.8757654950692731,0.1,0.10256707052574039,0.011064273923591912,0.16357748177278617,0.8,cvar,optimal,0.001779153306038834,0.011064273923591912,2024-05-29
gold_au,0.48396960399249733,0.1,-0.0012331674388073362,0.0979658585105312,0.16357748177278617,0.5780645238704616,cvar,optimal,0.001779153306038834,0.0979658585105312,2024-05-29
spx,0.5474149738941178,0.1,0.0014223891298438714,0.0751592931822249,0.16357748177278617,0.35612599332976363,cvar,optimal,0.001779153306038834,0.0751592931822249,2024-05-29
sse50,0.549601800001675,0.1,0.021511743101963684,0.00848820101791155,0.04479185689162954,0.5139518258278523,cvar,optimal,0.0019292316807242513,0.00848820101791155,2024-06-27
csi300,0.6125,0.1,0.0337585632769903,2.7963996321696672e-09,0.04479185689162954,0.5831179398982634,cvar,optimal,0.0019292316807242513,2.7963996321696672e-09,2024-06-27
csi500,0.832583588471629,0.1,0.09437629702231787,4.608363734861456e-10,0.04479185689162954,0.43232336746187494,cvar,optimal,0.0019292316807242513,4.608363734861456e-10,2024-06-27
csi1000,0.8522583544233251,0.1,0.12381203656163428,1.8393484676070848e-10,0.04479185689162954,0.6988073746990789,cvar,optimal,0.0019292316807242513,1.8393484676070848e-10,2024-06-27
bond_gov,0.10912158820322447,0.1,-0.0038374458955902193,0.34999999970602086,0.04479185689162954,0.7761642653707307,cvar,optimal,0.0019292316807242513,0.34999999970602086,2024-06-27
bond_corp,0.2950835884716291,0.1,-0.0005103398527403095,0.3499999996505144,0.04479185689162954,0.5290128074128523,cvar,optimal,0.0019292316807242513,0.3499999996505144,2024-06-27
csi_cb,0.6194133410211475,0.1,0.01970568420383471,0.10866539034618031,0.04479185689162954,0.36836921441288906,cvar,optimal,0.0019292316807242513,0.10866539034618031,2024-06-27
crude_sc,0.7038723994598409,0.1,0.044503870614247584,0.015009666261378618,0.04479185689162954,0.5307488150512165,cvar,optimal,0.0019292316807242513,0.015009666261378618,2024-06-27
gold_au,0.4171549865978223,0.1,-0.0064876578720338696,0.08846046429920455,0.04479185689162954,0.5200623678160082,cvar,optimal,0.0019292316807242513,0.08846046429920455,2024-06-27
spx,0.508410353349707,0.1,0.0011185785894785843,0.07937627527761887,0.04479185689162954,0.46074106035764134,cvar,optimal,0.0019292316807242513,0.07937627527761887,2024-06-27
sse50,0.4528340011406118,0.1,-0.007246879197907841,0.010186774827585069,0.3723460585468121,0.49721641368816516,cvar,optimal,0.0020605427795501205,0.010186774827585069,2024-07-25
csi300,0.5218979273557722,0.1,-0.0019205679593853574,7.421361844684947e-10,0.3723460585468121,0.5787905512948164,cvar,optimal,0.0020605427795501205,7.421361844684947e-10,2024-07-25
csi500,0.4421455011888242,0.1,-0.005935495359140827,1.600175641794356e-10,0.3723460585468121,0.5299335434617558,cvar,optimal,0.0020605427795501205,1.600175641794356e-10,2024-07-25
csi1000,0.49183943577061673,0.1,0.013793853939208248,1.0396177408369611e-10,0.3723460585468121,0.3678861348175418,cvar,optimal,0.0020605427795501205,1.0396177408369611e-10,2024-07-25
bond_gov,0.3329082143196732,0.1,-0.002550338183564972,0.34999999976527785,0.3723460585468121,0.6346346102400743,cvar,optimal,0.0020605427795501205,0.34999999976527785,2024-07-25
bond_corp,0.6459351864597789,0.1,0.0003271749104164964,0.34999999973877627,0.3723460585468121,0.5333665401499342,cvar,optimal,0.0020605427795501205,0.34999999973877627,2024-07-25
csi_cb,0.6902802856321144,0.1,0.00976147757871431,0.11051673575134408,0.3723460585468121,0.4395615410726471,cvar,optimal,0.0020605427795501205,0.11051673575134408,2024-07-25
crude_sc,0.6103318452043005,0.1,0.022782408954232617,0.01424394777586765,0.3723460585468121,0.6206860169272487,cvar,optimal,0.0020605427795501205,0.01424394777586765,2024-07-25
gold_au,0.5272153195774173,0.1,-0.004014098564671002,0.0790372346197346,0.3723460585468121,0.45849769790596856,cvar,optimal,0.0020605427795501205,0.0790372346197346,2024-07-25
spx,0.7846122833508908,0.1,0.04736722533650106,0.08601530651529901,0.3723460585468121,0.7730344767142461,cvar,optimal,0.0020605427795501205,0.08601530651529901,2024-07-25
sse50,0.34261328060677043,0.1,-0.003907565271893324,0.01219429964007428,0.39836571097026396,0.605434127782557,cvar,optimal,0.002328232708957175,0.01219429964007428,2024-08-22
csi300,0.7342702736352816,0.1,0.01960605707450435,4.1503303869462913e-10,0.39836571097026396,0.636951348002261,cvar,optimal,0.002328232708957175,4.1503303869462913e-10,2024-08-22
csi500,0.523968090794482,0.1,0.028416023488315664,1.084985602444778e-10,0.39836571097026396,0.5298067852779702,cvar,optimal,0.002328232708957175,1.084985602444778e-10,2024-08-22
csi1000,0.6079873236611457,0.1,0.046456455569410256,5.934112312783149e-11,0.39836571097026396,0.5791446535401287,cvar,optimal,0.002328232708957175,5.934112312783149e-11,2024-08-22
bond_gov,0.34310095498313425,0.1,-0.002192899719105978,0.3499999998920471,0.39836571097026396,0.6516344325081566,cvar,optimal,0.002328232708957175,0.3499999998920471,2024-08-22
bond_corp,0.488134454631313,0.1,-0.00010454882939121149,0.34999999989176955,0.39836571097026396,0.494574857490436,cvar,optimal,0.002328232708957175,0.34999999989176955,2024-08-22
csi_cb,0.7179268106251949,0.1,0.0159465009979822,0.14802058872357887,0.39836571097026396,0.4156291621724874,cvar,optimal,0.002328232708957175,0.14802058872357887,2024-08-22
crude_sc,0.41551361972888873,0.1,0.0027686851750293485,9.049685487541039e-10,0.39836571097026396,0.33204944796729585,cvar,optimal,0.002328232708957175,9.049685487541039e-10,2024-08-22
gold_au,0.45798678177645014,0.1,-0.01244459068740126,0.0600006199288373,0.39836571097026396,0.5412326614459834,cvar,optimal,0.002328232708957175,0.0600006199288373,2024-08-22
spx,0.8684984095573393,0.1,0.05946994135786807,0.07978449043585167,0.39836571097026396,0.8,cvar,optimal,0.002328232708957175,0.07978449043585167,2024-08-22
sse50,0.5721031013952229,0.1,0.016804243038438277,0.0148730870235177,0.3288390463651761,0.38276873180881643,cvar,optimal,0.0023297540227936292,0.0148730870235177,2024-09-23
csi300,0.77482182227296,0.1,0.03067748322409069,1.996710474956235e-09,0.3288390463651761,0.650462720962903,cvar,optimal,0.0023297540227936292,1.996710474956235e-09,2024-09-23
csi500,0.48869439498731887,0.1,0.031593875459493215,6.626901380975496e-10,0.3288390463651761,0.5390074850015535,cvar,optimal,0.0023297540227936292,6.626901380975496e-10,2024-09-23
csi1000,0.6015820825976687,0.1,0.044799449077533283,3.710147846446808e-10,0.3288390463651761,0.5175825817470061,cvar,optimal,0.0023297540227936292,3.710147846446808e-10,2024-09-23
bond_gov,0.3385739739675291,0.1,-0.0022142154048580436,0.34999999915635416,0.3288390463651761,0.6557087347531365,cvar,optimal,0.0023297540227936292,0.34999999915635416,2024-09-23
bond_corp,0.3993137136428205,0.1,-0.00023358410176686225,0.34999999914529323,0.3288390463651761,0.5320545062984096,cvar,optimal,0.0023297540227936292,0.34999999914529323,2024-09-23
csi_cb,0.6820410412988342,0.1,0.013689658086527563,0.1482458830482685,0.3288390463651761,0.3851175423886862,cvar,optimal,0.0023297540227936292,0.1482458830482685,2024-09-23
crude_sc,0.3292958958701166,0.1,-0.014866470457790965,1.2188231745293722e-09,0.3288390463651761,0.43842940432416816,cvar,optimal,0.0023297540227936292,1.2188231745293722e-09,2024-09-23
gold_au,0.42001781777270397,0.1,-0.013296668627330487,0.05742888527042543,0.3288390463651761,0.48278750675069676,cvar,optimal,0.0023297540227936292,0.05742888527042543,2024-09-23
spx,0.8935561561948251,0.1,0.060834413509413446,0.07945214210690232,0.3288390463651761,0.7586849685436345,cvar,optimal,0.0023297540227936292,0.07945214210690232,2024-09-23
sse50,0.4264739249646307,0.1,0.017229494539981086,5.57553297590219e-09,0.0844432793983249,0.5148154154175651,cvar,optimal,0.0026478593941282004,5.57553297590219e-09,2024-10-28
csi300,0.5589804375178257,0.1,0.038551988985363786,1.4246709639590367e-09,0.0844432793983249,0.6521367042912584,cvar,optimal,0.0026478593941282004,1.4246709639590367e-09,2024-10-28
csi500,0.7095244361763188,0.1,0.07767919534855613,4.937230893864231e-10,0.0844432793983249,0.443114829123445,cvar,optimal,0.0026478593941282004,4.937230893864231e-10,2024-10-28
csi1000,0.8148509939705195,0.1,0.1040372312286043,2.377820047511867e-10,0.0844432793983249,0.6577656721615647,cvar,optimal,0.0026478593941282004,2.377820047511867e-10,2024-10-28
bond_gov,0.40650205477946044,0.1,-0.0021999074542666834,0.34999999946041466,0.0844432793983249,0.610860466840937,cvar,optimal,0.0026478593941282004,0.34999999946041466,2024-10-28
bond_corp,0.4511754969852598,0.1,-0.00014239665408171862,0.34999999945916194,0.0844432793983249,0.481933742154262,cvar,optimal,0.0026478593941282004,0.34999999945916194,2024-10-28
csi_cb,0.46981310435610607,0.1,0.01474923033416582,0.14902635418144833,0.0844432793983249,0.5369957366922776,cvar,optimal,0.0026478593941282004,0.14902635418144833,2024-10-28
crude_sc,0.3196734422057994,0.1,-0.012124351621207403,1.6360840663783751e-09,0.0844432793983249,0.37136671555353473,cvar,optimal,0.0026478593941282004,1.6360840663783751e-09,2024-10-28
gold_au,0.4994183881986007,0.1,-0.0026257081335088507,0.05641975264702763,0.0844432793983249,0.45150926590359186,cvar,optimal,0.0026478593941282004,0.05641975264702763,2024-10-28
spx,0.8435877208454792,0.1,0.05448069689296425,0.0945538848841543,0.0844432793983249,0.7960982754945983,cvar,optimal,0.0026478593941282004,0.0945538848841543,2024-10-28
sse50,0.4289482883497214,0.1,-0.011556836303830302,0.004439639279788371,0.9934253470422785,0.5402432315706516,cvar,optimal,0.002746543949543579,0.004439639279788372,2024-11-25
csi300,0.5121875992392503,0.1,0.0011195001034327717,5.15427717637883e-10,0.9934253470422785,0.6337686680271832,cvar,optimal,0.002746543949543579,5.154277176378831e-10,2024-11-25
csi500,0.5385723287869078,0.1,0.01899307350263263,1.5525527897887004e-10,0.9934253470422785,0.5349034980876085,cvar,optimal,0.002746543949543579,1.5525527897887007e-10,2024-11-25
csi1000,0.6404605261387188,0.1,0.03723723514504848,8.45570544668413e-11,0.9934253470422785,0.5558868644849927,cvar,optimal,0.002746543949543579,8.455705446684131e-11,2024-11-25
bond_gov,0.4541441455825569,0.1,-0.0012199098636805593,0.3499999997401896,0.9934253470422785,0.6187322916212409,cvar,optimal,0.002746543949543579,0.34999999974018964,2024-11-25
bond_corp,0.5022559482307459,0.1,-0.00017120396879459298,0.3499999998030785,0.9934253470422785,0.48914451950846966,cvar,optimal,0.002746543949543579,0.34999999980307855,2024-11-25
csi_cb,0.41665051542515713,0.1,-0.0035166747170665494,0.14331489057976346,0.9934253470422785,0.4923252174640475,cvar,optimal,0.002746543949543579,0.1433148905797635,2024-11-25
crude_sc,0.5074793828633709,0.1,0.010006736348051465,6.720103554934728e-10,0.9934253470422785,0.47714326471332613,cvar,optimal,0.002746543949543579,6.720103554934729e-10,2024-11-25
gold_au,0.5857773264516881,0.1,0.011618572289626159,0.053126585937294996,0.9934253470422785,0.42807637807006077,cvar,optimal,0.002746543949543579,0.053126585937295,2024-11-25
spx,0.9135239389318831,0.1,0.07516554300569439,0.09911888323263464,0.9934253470422785,0.7345937791060897,cvar,optimal,0.002746543949543579,0.09911888323263465,2024-11-25
sse50,0.46836622747729006,0.1,-0.013958969027867495,0.007894762616724052,0.36673576638917943,0.5567370772990884,cvar,optimal,0.0027517052654064925,0.007894762616724053,2024-12-23
csi300,0.5293037732834603,0.1,0.00713604160384293,4.573873961746812e-09,0.36673576638917943,0.5405470956823517,cvar,optimal,0.0027517052654064925,4.573873961746813e-09,2024-12-23
csi500,0.5310899041429176,0.1,0.01996597657316844,1.366110132885558e-09,0.36673576638917943,0.48287351065932693,cvar,optimal,0.0027517052654064925,1.3661101328855583e-09,2024-12-23
csi1000,0.5982495361720547,0.1,0.04650189725310991,8.659425485118932e-10,0.36673576638917943,0.6459405945646779,cvar,optimal,0.0027517052654064925,8.659425485118933e-10,2024-12-23
bond_gov,0.4714634053125974,0.1,-0.0022008608605039244,0.3499999979298051,0.36673576638917943,0.5190893103115902,cvar,optimal,0.0027517052654064925,0.34999999792980513,2024-12-23
bond_corp,0.6199845092251862,0.1,0.00033003074461905417,0.34999999824617317,0.36673576638917943,0.5348801605015288,cvar,optimal,0.0027517052654064925,0.3499999982461732,2024-12-23
csi_cb,0.530182606987651,0.1,0.0046390766371185305,0.1533539762956151,0.36673576638917943,0.6155845959092496,cvar,optimal,0.0027517052654064925,0.15335397629561512,2024-12-23
crude_sc,0.5904851562778125,0.1,0.05103351999010945,5.0116508162660725e-09,0.36673576638917943,0.6862969651099236,cvar,optimal,0.0027517052654064925,5.011650816266073e-09,2024-12-23
gold_au,0.6660084976856884,0.1,0.050108389650782806,0.0591866088665373,0.36673576638917943,0.6381969629222426,cvar,optimal,0.0027517052654064925,0.05918660886653731,2024-12-23
spx,0.4948663834353417,0.1,-0.009631684153089522,0.07956464422756782,0.36673576638917943,0.3636596107586593,cvar,optimal,0.0027517052654064925,0.07956464422756783,2024-12-23
sse50,0.5180085526050786,0.1,0.03791458602550082,0.012295570148898309,0.1355533772248092,0.48563954999897263,cvar,optimal,0.0027492717235744124,0.012295570148898309,2025-01-21
csi300,0.5869273214484539,0.1,0.05658541362490454,1.0946148547784314e-09,0.1355533772248092,0.5743399696565424,cvar,optimal,0.0027492717235744124,1.0946148547784314e-09,2025-01-21
csi500,0.5430085526050785,0.1,0.06497303128663964,3.261692692051523e-10,0.1355533772248092,0.4779482230735255,cvar,optimal,0.0027492717235744124,3.261692692051523e-10,2025-01-21
csi1000,0.6142316771506728,0.1,0.07900816740692009,1.6861235873061366e-10,0.1355533772248092,0.6015148771078385,cvar,optimal,0.0027492717235744124,1.6861235873061366e-10,2025-01-21
bond_gov,0.25070542259438566,0.1,-0.0056720890791760875,0.34999999961686173,0.1355533772248092,0.8,cvar,optimal,0.0027492717235744124,0.34999999961686173,2025-01-21
bond_corp,0.6528666592161091,0.1,0.00023916184932350367,0.34999999962388684,0.1355533772248092,0.5623110021944735,cvar,optimal,0.0027492717235744124,0.34999999962388684,2025-01-21
csi_cb,0.5732579478116715,0.1,0.02133335485286255,0.15303715313588265,0.1355533772248092,0.5068255037523419,cvar,optimal,0.0027492717235744124,0.15303715313588265,2025-01-21
crude_sc,0.6808460902918294,0.1,0.07226917745255054,2.3519681598277514e-09,0.1355533772248092,0.5819034245538469,cvar,optimal,0.0027492717235744124,2.3519681598277514e-09,2025-01-21
gold_au,0.7180085526050787,0.1,0.030230466585544652,0.05383560260939312,0.1355533772248092,0.5694356682590994,cvar,optimal,0.0027492717235744124,0.05383560260939312,2025-01-21
spx,0.3621392236716419,0.1,-0.024113029556897793,0.08083167092371275,0.1355533772248092,0.467931440090783,cvar,optimal,0.0027492717235744124,0.08083167092371275,2025-01-21
sse50,0.46284461014613354,0.1,-0.041021349232254006,0.017959021811999234,0.8713581236685299,0.7144644784303299,cvar,optimal,0.0026836067895103927,0.01795902181199923,2025-02-26
csi300,0.5000450653104003,0.1,-0.03712745708450743,2.0871226522587487e-09,0.8713581236685299,0.6524485022117024,cvar,optimal,0.0026836067895103927,2.0871226522587483e-09,2025-02-26
csi500,0.5776249731474667,0.1,-0.026796312504974107,7.035119056719901e-10,0.8713581236685299,0.396549941316085,cvar,optimal,0.0026836067895103927,7.035119056719899e-10,2025-02-26
csi1000,0.45322077490933377,0.1,-0.05272901854861076,3.542899699216037e-10,0.8713581236685299,0.5956226579601942,cvar,optimal,0.0026836067895103927,3.542899699216036e-10,2025-02-26
bond_gov,0.5939256374815987,0.1,0.0019211595979970134,0.34999999919766744,0.8713581236685299,0.3283865482692594,cvar,optimal,0.0026836067895103927,0.3499999991976674,2025-02-26
bond_corp,0.4838829738149336,0.1,-0.00027150976894582706,0.349999999202305,0.8713581236685299,0.5510946799098758,cvar,optimal,0.0026836067895103927,0.34999999920230496,2025-02-26
csi_cb,0.5166194094165334,0.1,-0.014046619395255693,0.15493486483355975,0.8713581236685299,0.5710548775107052,cvar,optimal,0.0026836067895103927,0.15493486483355973,2025-02-26
crude_sc,0.5981576656752002,0.1,0.03019026995829766,3.916761173066603e-09,0.8713581236685299,0.4671919337986338,cvar,optimal,0.0026836067895103927,3.916761173066602e-09,2025-02-26
gold_au,0.5730642471448003,0.1,0.013003936817353273,0.048777277889042694,0.8713581236685299,0.5602341299211777,cvar,optimal,0.0026836067895103927,0.04877727788904268,2025-02-26
spx,0.7406146429535992,0.1,0.06203485972544423,0.07832883000374019,0.8713581236685299,0.7437052488467253,cvar,optimal,0.0026836067895103927,0.07832883000374018,2025-02-26
sse50,0.5120300177653674,0.1,0.03468832677492951,0.015483615406298359,0.3578593159072553,0.49352106648497784,cvar,optimal,0.0027055452557064176,0.015483615406298359,2025-03-26
csi300,0.5406871836022081,0.1,0.05328360764966115,4.87737642970668e-09,0.3578593159072553,0.4825863056371329,cvar,optimal,0.0027055452557064176,4.87737642970668e-09,2025-03-26
csi500,0.6360831816503439,0.1,0.0852822888505046,2.19247621472649e-09,0.3578593159072553,0.6877556749323485,cvar,optimal,0.0027055452557064176,2.19247621472649e-09,2025-03-26
csi1000,0.5738250444134184,0.1,0.07886445528520623,1.305341921810357e-09,0.3578593159072553,0.6110955362501819,cvar,optimal,0.0027055452557064176,1.305341921810357e-09,2025-03-26
bond_gov,0.5423787162516177,0.1,-0.0006248377662240342,0.34999999816585836,0.3578593159072553,0.4198801133608537,cvar,optimal,0.0027055452557064176,0.34999999816585836,2025-03-26
bond_corp,0.548413279844654,0.1,6.020510549487507e-05,0.34999999816092775,0.3578593159072553,0.46461732100040437,cvar,optimal,0.0027055452557064176,0.34999999816092775,2025-03-26
csi_cb,0.5788339392882889,0.1,0.020437070113097804,0.16619049914122008,0.3578593159072553,0.5809107136305899,cvar,optimal,0.0027055452557064176,0.16619049914122008,2025-03-26
crude_sc,0.6910989481709725,0.1,0.10575713066335121,1.6633503250642453e-07,0.3578593159072553,0.6422435507791578,cvar,optimal,0.0027055452557064176,1.6633503250642453e-07,2025-03-26
gold_au,0.394525874082412,0.1,-0.03760636350661789,0.0492589348720435,0.3578593159072553,0.5407861409209465,cvar,optimal,0.0027055452557064176,0.0492589348720435,2025-03-26
spx,0.48212381493071743,0.1,-0.01706799982116462,0.0690667795434249,0.3578593159072553,0.3870364935903613,cvar,optimal,0.0027055452557064176,0.0690667795434249,2025-03-26
sse50,0.3289096194972455,0.1,-0.036673107859180806,0.004300131743077513,0.02870972824302305,0.8,cvar,optimal,0.0035436407012875227,0.004300131743077513,2025-04-24
csi300,0.43698168520302855,0.1,-0.016570169086352136,6.011192687519041e-09,0.02870972824302305,0.49161285883048156,cvar,optimal,0.0035436407012875227,6.011192687519041e-09,2025-04-24
csi500,0.7552734117402833,0.1,0.02414613573726041,2.5318040149061486e-09,0.02870972824302305,0.4970465926470097,cvar,optimal,0.0035436407012875227,2.5318040149061486e-09,2025-04-24
csi1000,0.7639861612482218,0.1,0.04173802788933839,1.6123537786671302e-09,0.02870972824302305,0.613393529652824,cvar,optimal,0.0035436407012875227,1.6123537786671302e-09,2025-04-24
bond_gov,0.5664680276022822,0.1,0.0005563501201998173,0.3499999969415546,0.02870972824302305,0.4849620931710883,cvar,optimal,0.0035436407012875227,0.3499999969415546,2025-04-24
bond_corp,0.5879839232256252,0.1,9.211159779704957e-05,0.34999999684250516,0.02870972824302305,0.5244866582131864,cvar,optimal,0.0035436407012875227,0.34999999684250516,2025-04-24
csi_cb,0.33514761123040027,0.1,-0.009387744081582158,0.17933987258935674,0.02870972824302305,0.7247975029292766,cvar,optimal,0.0035436407012875227,0.17933987258935674,2025-04-24
crude_sc,0.7047550969433121,0.1,0.06747301750699905,1.3080770693975857e-08,0.02870972824302305,0.5966450213778707,cvar,optimal,0.0035436407012875227,1.3080770693975857e-08,2025-04-24
gold_au,0.5635366295939429,0.1,0.011015509102194341,0.06170170302918792,0.02870972824302305,0.5907596620619469,cvar,optimal,0.0035436407012875227,0.06170170302918792,2025-04-24
spx,0.45695783371565835,0.1,-0.009715328452465713,0.05465827561819697,0.02870972824302305,0.40777938858224716,cvar,optimal,0.0035436407012875227,0.05465827561819697,2025-04-24
sse50,0.2444594864994659,0.1,-0.035241588065949195,5.011084121893992e-09,0.19036801013241111,0.7654635890392743,cvar,optimal,0.0035723063745064397,5.011084121893992e-09,2025-05-27
csi300,0.3668837270075074,0.1,-0.021343520682459788,2.2284226128733187e-10,0.19036801013241111,0.5970498598104647,cvar,optimal,0.0035723063745064397,2.2284226128733187e-10,2025-05-27
csi500,0.7828927554497223,0.1,0.011745956003692166,9.53260458804942e-11,0.19036801013241111,0.3979334335908069,cvar,optimal,0.0035723063745064397,9.53260458804942e-11,2025-05-27
csi1000,0.8616349686754913,0.1,0.03282229291827156,6.308016169878444e-11,0.19036801013241111,0.6600430584735278,cvar,optimal,0.0035723063745064397,6.308016169878444e-11,2025-05-27
bond_gov,0.575855364083725,0.1,0.0007318401300303039,0.34999999989504615,0.19036801013241111,0.5102840522063,cvar,optimal,0.0035723063745064397,0.34999999989504615,2025-05-27
bond_corp,0.6104685149416809,0.1,0.00016054422825532354,0.3499999998919607,0.19036801013241111,0.5425789782269262,cvar,optimal,0.0035723063745064397,0.3499999998919607,2025-05-27
csi_cb,0.26242209513346837,0.1,-0.011366163029690363,0.18121114852803016,0.19036801013241111,0.7598398731316727,cvar,optimal,0.0035723063745064397,0.18121114852803016,2025-05-27
crude_sc,0.7319498192586821,0.1,0.0653887234764261,2.7965588352826243e-10,0.19036801013241111,0.5416219037895917,cvar,optimal,0.0035723063745064397,2.7965588352826243e-10,2025-05-27
gold_au,0.651477543383896,0.1,0.021352171831449416,0.06272281292967816,0.19036801013241111,0.582358732200348,cvar,optimal,0.0035723063745064397,0.06272281292967816,2025-05-27
spx,0.41195572556636056,0.1,-0.01580759785320144,0.05606603308329643,0.19036801013241111,0.46208295071530237,cvar,optimal,0.0035723063745064397,0.05606603308329643,2025-05-27
sse50,0.2144665646113484,0.1,-0.03680230861629277,1.4389224902930008e-09,0.2547385229360353,0.7617079409266767,cvar,optimal,0.0034875678455518503,1.4389224902930008e-09,2025-06-25
csi300,0.32457143512024705,0.1,-0.02609605804381805,2.6365063915850464e-10,0.2547385229360353,0.6517407080180233,cvar,optimal,0.0034875678455518503,2.6365063915850464e-10,2025-06-25
csi500,0.7726048705088986,0.1,0.004060739269196763,1.1569181977373023e-10,0.2547385229360353,0.34743956746042787,cvar,optimal,0.0034875678455518503,1.1569181977373023e-10,2025-06-25
csi1000,0.8855334353886516,0.1,0.02557056263695617,7.130194160774165e-11,0.2547385229360353,0.6620664261898231,cvar,optimal,0.0034875678455518503,7.130194160774165e-11,2025-06-25
bond_gov,0.5855334353886517,0.1,0.0008312172378130459,0.3499999998838372,0.2547385229360353,0.5137702006587123,cvar,optimal,0.0034875678455518503,0.3499999998838372,2025-06-25
bond_corp,0.6630850823073492,0.1,0.00024837609073901924,0.3499999998791107,0.2547385229360353,0.594012217620424,cvar,optimal,0.0034875678455518503,0.3499999998791107,2025-06-25
csi_cb,0.2523951294911013,0.1,-0.0126875390623667,0.1770524838257895,0.2547385229360353,0.7428056639851028,cvar,optimal,0.0034875678455518503,0.1770524838257895,2025-06-25
crude_sc,0.7355334353886516,0.1,0.08470394619671875,3.7801249831875576e-10,0.2547385229360353,0.5265345807831994,cvar,optimal,0.0034875678455518503,3.7801249831875576e-10,2025-06-25
gold_au,0.6518100471837521,0.1,0.021852578828943404,0.06093758910612752,0.2547385229360353,0.6080189245225649,cvar,optimal,0.0034875678455518503,0.06093758910612752,2025-06-25
spx,0.4144665646113484,0.1,-0.015930296629872335,0.06200992503755579,0.2547385229360353,0.45480601269690685,cvar,optimal,0.0034875678455518503,0.06200992503755579,2025-06-25
sse50,0.2866289685270955,0.1,-0.03703330606939263,1.284538249688125e-08,0.2723599345461268,0.6915289489528149,cvar,optimal,0.0033644611700840207,1.284538249688125e-08,2025-07-23
csi300,0.4053868293240485,0.1,-0.026275294226093846,4.356102146806781e-09,0.2723599345461268,0.63939482778969,cvar,optimal,0.0033644611700840207,4.356102146806781e-09,2025-07-23
csi500,0.7153654443284236,0.1,0.002285618539674447,2.3712534850563585e-09,0.2723599345461268,0.45398447243918116,cvar,optimal,0.0033644611700840207,2.3712534850563585e-09,2025-07-23
csi1000,0.43448963677886104,0.1,-0.010873275843978285,1.4932192326029015e-09,0.2723599345461268,0.5574690618894489,cvar,optimal,0.0033644611700840207,1.4932192326029015e-09,2025-07-23
bond_gov,0.46395171912150757,0.1,-0.0002861683963913846,0.3499999973417447,0.2723599345461268,0.6808003718708017,cvar,optimal,0.0033644611700840207,0.3499999973417447,2025-07-23
bond_corp,0.7959574587804643,0.1,0.0006750398485670013,0.34999999715246727,0.2723599345461268,0.8,cvar,optimal,0.0033644611700840207,0.34999999715246727,2025-07-23
csi_cb,0.5567311174285612,0.1,-0.004091605982556909,0.17705260055900185,0.2723599345461268,0.35465488216458413,cvar,optimal,0.0033644611700840207,0.17705260055900185,2025-07-23
crude_sc,0.6139517191215076,0.1,0.05028695879120371,5.705993131563533e-09,0.2723599345461268,0.4104139553693769,cvar,optimal,0.0033644611700840207,5.705993131563533e-09,2025-07-23
gold_au,0.5514674407154135,0.1,0.0071361567350387515,0.06093755950252385,0.2723599345461268,0.44217154552035626,cvar,optimal,0.0033644611700840207,0.06093755950252385,2025-07-23
spx,0.6760696658741172,0.1,0.0452380639634136,0.06200981867231193,0.2723599345461268,0.6705067621393703,cvar,optimal,0.0033644611700840207,0.06200981867231193,2025-07-23
sse50,0.5771131597046959,0.1,-0.0028320567582192716,1.229445647038632e-10,0.06265511713452475,0.33941343496853943,cvar,optimal,0.0031019462236928624,1.229445647038632e-10,2025-08-20
csi300,0.4452425781389063,0.1,-0.010981799069296201,5.729881149648791e-11,0.06265511713452475,0.6539244449415329,cvar,optimal,0.0031019462236928624,5.729881149648791e-11,2025-08-20
csi500,0.5303713495204905,0.1,-0.010189722313410025,3.635738501099345e-11,0.06265511713452475,0.5849294060020918,cvar,optimal,0.0031019462236928624,3.635738501099345e-11,2025-08-20
csi1000,0.2812577532544789,0.1,-0.02674209795291542,2.4931287750021988e-11,0.06265511713452475,0.5434063982884179,cvar,optimal,0.0031019462236928624,2.4931287750021988e-11,2025-08-20
bond_gov,0.3930526974588658,0.1,-0.001004187142350523,0.34999999995753567,0.06265511713452475,0.5613350804717443,cvar,optimal,0.0031019462236928624,0.34999999995753567,2025-08-20
bond_corp,0.8706261674369351,0.1,0.0005489118077658414,0.3499999999542477,0.06265511713452475,0.8,cvar,optimal,0.0031019462236928624,0.3499999999542477,2025-08-20
csi_cb,0.4730186559259913,0.1,-0.008292840818468147,0.17214680211632777,0.06265511713452475,0.5916400316474043,cvar,optimal,0.0031019462236928624,0.17214680211632777,2025-08-20
crude_sc,0.5430526974588656,0.1,0.0118158103213057,1.4380388256687418e-10,0.06265511713452475,0.5258098139818238,cvar,optimal,0.0031019462236928624,1.4380388256687418e-10,2025-08-20
gold_au,0.5375977898319568,0.1,-0.0009461147296751515,0.05977628497107753,0.06265511713452475,0.45870960036871977,cvar,optimal,0.0031019462236928624,0.05977628497107753,2025-08-20
spx,0.848667151268814,0.1,0.0874413617140091,0.06807691261547533,0.06265511713452475,0.7914575807768973,cvar,optimal,0.0031019462236928624,0.06807691261547533,2025-08-20
sse50,0.49023411550919477,0.1,-0.006284466105543118,4.116540027960816e-08,0.9248248113270693,0.4767458360114184,cvar,optimal,0.003332033594525152,4.116540027960816e-08,2025-09-17
csi300,0.4859514110823464,0.1,-0.009068591381692106,3.041817259018734e-09,0.9248248113270693,0.6349100449077041,cvar,optimal,0.003332033594525152,3.041817259018734e-09,2025-09-17
csi500,0.469287389908733,0.1,-0.009236766406498544,1.4991743070204198e-09,0.9248248113270693,0.5207406015470395,cvar,optimal,0.003332033594525152,1.4991743070204198e-09,2025-09-17
csi1000,0.41968447803357595,0.1,-0.011634260047235015,1.0293933780711321e-09,0.9248248113270693,0.6008020760976878,cvar,optimal,0.003332033594525152,1.0293933780711321e-09,2025-09-17
bond_gov,0.43992742262184414,0.1,-0.0012058194226316843,0.3499999988866024,0.9248248113270693,0.6363773103376467,cvar,optimal,0.003332033594525152,0.3499999988866024,2025-09-17
bond_corp,0.6665808295165568,0.1,0.0001655941080600517,0.3499999988632609,0.9248248113270693,0.6241913361625331,cvar,optimal,0.003332033594525152,0.3499999988632609,2025-09-17
csi_cb,0.432582665506505,0.1,-0.009011050253061707,0.15869129501749515,0.9248248113270693,0.47778989445833087,cvar,optimal,0.003332033594525152,0.15869129501749515,2025-09-17
crude_sc,0.5570870546509812,0.1,0.013609665461492709,5.491982081220082e-09,0.9248248113270693,0.5331175898250644,cvar,optimal,0.003332033594525152,5.491982081220082e-09,2025-09-17
gold_au,0.5914340492616076,0.1,0.006301127755074225,0.06393660877709795,0.9248248113270693,0.4273630905706477,cvar,optimal,0.003332033594525152,0.06393660877709795,2025-09-17
spx,0.9472305839086552,0.1,0.12213754182313893,0.07737204622777633,0.9248248113270693,0.8,cvar,optimal,0.003332033594525152,0.07737204622777633,2025-09-17
sse50,0.47524783474138954,0.1,-0.006960996856665354,0.0038736771453751575,0.2882026500306183,0.44169443459197727,cvar,optimal,0.0032082867276535245,0.0038736771453751575,2025-10-23
csi300,0.5418478295464505,0.1,-0.009733971979094338,4.691674260331006e-09,0.2882026500306183,0.5943034094829018,cvar,optimal,0.0032082867276535245,4.691674260331006e-09,2025-10-23
csi500,0.2520332807866264,0.1,-0.030668459879600096,1.8482638431609908e-09,0.2882026500306183,0.6912715446613309,cvar,optimal,0.0032082867276535245,1.8482638431609908e-09,2025-10-23
csi1000,0.5105689532691217,0.1,-0.014625029938695515,1.4501555191977121e-09,0.2882026500306183,0.5950543240172464,cvar,optimal,0.0032082867276535245,1.4501555191977121e-09,2025-10-23
bond_gov,0.4930931246078185,0.1,0.0001331744686280009,0.3499999983103471,0.2882026500306183,0.5942178012831618,cvar,optimal,0.0032082867276535245,0.3499999983103471,2025-10-23
bond_corp,0.8190461034267069,0.1,0.00045390857260528734,0.34999999826310907,0.2882026500306183,0.674474351337008,cvar,optimal,0.0032082867276535245,0.34999999826310907,2025-10-23
csi_cb,0.46365376417395715,0.1,-0.01082314988226845,0.20732778446260228,0.2882026500306183,0.5116781091543738,cvar,optimal,0.0032082867276535245,0.20732778446260228,2025-10-23
crude_sc,0.6148990592353251,0.1,0.026424054491879866,0.010846664747874962,0.2882026500306183,0.548642329225707,cvar,optimal,0.0032082867276535245,0.010846664747874962,2025-10-23
gold_au,0.40327857584799426,0.1,-0.005767017897419759,0.025352145501964306,0.2882026500306183,0.269353391326468,cvar,optimal,0.0032082867276535245,0.025352145501964306,2025-10-23
spx,0.9263314743646099,0.1,0.050437044702427734,0.0525997235786335,0.2882026500306183,0.7813829766148321,cvar,optimal,0.0032082867276535245,0.0525997235786335,2025-10-23
sse50,0.4597571256223695,0.1,-0.00969480564445185,0.011090281512250048,0.061778701900682985,0.4332693103499018,cvar,optimal,0.003266297612207111,0.011090281512250048,2025-11-20
csi300,0.5411246211810277,0.1,-0.013571159338606656,1.1453392537843602e-10,0.061778701900682985,0.5902122701648476,cvar,optimal,0.003266297612207111,1.1453392537843602e-10,2025-11-20
csi500,0.22032029438700645,0.1,-0.03786607371416398,4.2882616871773075e-11,0.061778701900682985,0.731410482668774,cvar,optimal,0.003266297612207111,4.2882616871773075e-11,2025-11-20
csi1000,0.4021543363574183,0.1,-0.024953977660892628,3.513100176091615e-11,0.061778701900682985,0.5295297887176628,cvar,optimal,0.003266297612207111,3.513100176091615e-11,2025-11-20
bond_gov,0.5097571256223695,0.1,0.00035720048814596387,0.3499999999614811,0.061778701900682985,0.5837981937531033,cvar,optimal,0.003266297612207111,0.3499999999614811,2025-11-20
bond_corp,0.8292062875554818,0.1,0.00038765251828252643,0.34999999995997283,0.061778701900682985,0.7643217105835247,cvar,optimal,0.003266297612207111,0.34999999995997283,2025-11-20
csi_cb,0.48109995978552866,0.1,-0.011318159679416595,0.19832325044186389,0.061778701900682985,0.4846839512616823,cvar,optimal,0.003266297612207111,0.19832325044186389,2025-11-20
crude_sc,0.87658540478631,0.1,0.11087770122638416,0.010693202406797756,0.061778701900682985,0.8,cvar,optimal,0.003266297612207111,0.010693202406797756,2025-11-20
gold_au,0.33013907349812327,0.1,-0.013071217503468574,0.028427093131518564,0.061778701900682985,0.3532783565847876,cvar,optimal,0.003266297612207111,0.028427093131518564,2025-11-20
spx,0.8498557712043652,0.1,0.03235477935138672,0.05146617239356818,0.061778701900682985,0.7619461585143148,cvar,optimal,0.003266297612207111,0.05146617239356818,2025-11-20
sse50,0.4050293560509899,0.1,-0.012827990639980545,1.589642712936204e-08,0.22108082269698462,0.5432511123151376,cvar,optimal,0.0032055430192316743,1.5896427129362044e-08,2025-12-18
csi300,0.46596690185716017,0.1,-0.01786928761315154,5.331715180089262e-10,0.22108082269698462,0.5489531385692928,cvar,optimal,0.0032055430192316743,5.331715180089263e-10,2025-12-18
csi500,0.2992744172324705,0.1,-0.035562735082105945,2.1209932042710392e-10,0.22108082269698462,0.6016053189674831,cvar,optimal,0.0032055430192316743,2.1209932042710395e-10,2025-12-18
csi1000,0.4466728502526869,0.1,-0.026759356393864328,1.7628943784454236e-10,0.22108082269698462,0.49236990914151496,cvar,optimal,0.0032055430192316743,1.7628943784454238e-10,2025-12-18
bond_gov,0.4386091720655584,0.1,-0.0007404918381831721,0.3499999998167646,0.22108082269698462,0.6546845668919401,cvar,optimal,0.0032055430192316743,0.34999999981676466,2025-12-18
bond_corp,0.6205429757798785,0.1,6.698351142237288e-05,0.34999999980735497,0.22108082269698462,0.5110795261674025,cvar,optimal,0.0032055430192316743,0.349999999807355,2025-12-18
csi_cb,0.3807688040946955,0.1,-0.015215188914897555,0.1941085531538505,0.22108082269698462,0.4791451245078743,cvar,optimal,0.0032055430192316743,0.19410855315385053,2025-12-18
crude_sc,0.9165523660654805,0.1,0.0812908002662985,1.0906287293002382e-09,0.22108082269698462,0.8,cvar,optimal,0.0032055430192316743,1.0906287293002384e-09,2025-12-18
gold_au,0.696442145441957,0.1,0.01941443068217529,0.05006150313033389,0.22108082269698462,0.5554975239501465,cvar,optimal,0.0032055430192316743,0.0500615031303339,2025-12-18
spx,0.8301410111591226,0.1,0.03595368619781052,0.05582992618307981,0.22108082269698462,0.7620712913785135,cvar,optimal,0.0032055430192316743,0.05582992618307982,2025-12-18
sse50,0.4082931929934035,0.1,-0.009608137529471473,4.7753024284618565e-09,0.27441786279598757,0.5382061836082986,cvar,optimal,0.003205190768741416,4.7753024284618565e-09,2026-01-19
csi300,0.4776247244089281,0.1,-0.011809416509831791,2.7320249619392556e-10,0.27441786279598757,0.5399087488531802,cvar,optimal,0.003205190768741416,2.7320249619392556e-10,2026-01-19
csi500,0.3983288285388114,0.1,-0.022206238575077364,1.1831473319357692e-10,0.27441786279598757,0.6106227048880374,cvar,optimal,0.003205190768741416,1.1831473319357692e-10,2026-01-19
csi1000,0.4545944946169463,0.1,-0.018964177613101745,9.705279595949151e-11,0.27441786279598757,0.6016670852457089,cvar,optimal,0.003205190768741416,9.705279595949151e-11,2026-01-19
bond_gov,0.38389039048706286,0.1,-0.000976791158930029,0.34999999990270114,0.27441786279598757,0.5208112033161614,cvar,optimal,0.003205190768741416,0.34999999990270114,2026-01-19
bond_corp,0.589139839304919,0.1,1.0313699277856534e-06,0.34999999989608827,0.27441786279598757,0.4232202380212421,cvar,optimal,0.003205190768741416,0.34999999989608827,2026-01-19
csi_cb,0.38192062027904466,0.1,-0.013391710938149504,0.19466216088649307,0.27441786279598757,0.5050927404392813,cvar,optimal,0.003205190768741416,0.19466216088649307,2026-01-19
crude_sc,0.9658110107661073,0.1,0.10237332087151263,7.474616941836142e-10,0.27441786279598757,0.8,cvar,optimal,0.003205190768741416,7.474616941836142e-10,2026-01-19
gold_au,0.5821037056113736,0.1,0.004632103447705718,0.04923206790833261,0.27441786279598757,0.54488978694611,cvar,optimal,0.003205190768741416,0.04923206790833261,2026-01-19
spx,0.8582931929934033,0.1,0.03792526207020171,0.05610576539505085,0.27441786279598757,0.7425466512404713,cvar,optimal,0.003205190768741416,0.05610576539505085,2026-01-19
sse50,0.4551566655102839,0.1,-0.007918018999534721,0.03700849460168552,0.6680011325838832,0.549037712383422,cvar,optimal,0.0038835208801849164,0.03700849460168552,2026-02-24
csi300,0.4922609808483558,0.1,-0.008895463374359487,2.985134854702215e-09,0.6680011325838832,0.5852227271388467,cvar,optimal,0.0038835208801849164,2.985134854702215e-09,2026-02-24
csi500,0.42245624027791434,0.1,-0.016310539972339444,7.99940302989918e-10,0.6680011325838832,0.5190477364245708,cvar,optimal,0.0038835208801849164,7.99940302989918e-10,2026-02-24
csi1000,0.5266752025596805,0.1,-0.009334590395994706,7.17718564575678e-10,0.6680011325838832,0.5327114787796842,cvar,optimal,0.0038835208801849164,7.17718564575678e-10,2026-02-24
bond_gov,0.3922071108556623,0.1,-0.0009149695812501847,0.34999999943970683,0.6680011325838832,0.5294841669536989,cvar,optimal,0.0038835208801849164,0.34999999943970683,2026-02-24
bond_corp,0.5362743520949412,0.1,-1.1599956422085744e-05,0.3499999993944366,0.6680011325838832,0.5766568067848792,cvar,optimal,0.0038835208801849164,0.3499999993944366,2026-02-24
csi_cb,0.42844286903132894,0.1,-0.009584447827357491,0.194232861050936,0.6680011325838832,0.5129080749326216,cvar,optimal,0.0038835208801849164,0.194232861050936,2026-02-24
crude_sc,0.7182991897612784,0.1,0.055821329240173426,0.0035574094309834565,0.6680011325838832,0.5676808709858636,cvar,optimal,0.0038835208801849164,0.0035574094309834565,2026-02-24
gold_au,0.602382149744005,0.1,0.025274939724181336,1.4457361988348653e-09,0.6680011325838832,0.4666402492556262,cvar,optimal,0.0038835208801849164,1.4457361988348653e-09,2026-02-24
spx,0.9258452393165496,0.1,0.05753490004834089,0.0652012301337218,0.6680011325838832,0.7336259942547914,cvar,optimal,0.0038835208801849164,0.0652012301337218,2026-02-24
sse50,0.4200167781351848,0.1,-0.01864491109405659,0.06111401180100601,0.0879470506294093,0.5880712134455798,cvar,optimal,0.004116753170903233,0.06111401180100601,2026-03-24
csi300,0.44867394397202554,0.1,-0.020759699315025328,1.3765459571583502e-09,0.0879470506294093,0.5386052552999444,cvar,optimal,0.004116753170903233,1.3765459571583502e-09,2026-03-24
csi500,0.3755025268904459,0.1,-0.03608577943556374,2.1688727101576414e-10,0.0879470506294093,0.5728216022361722,cvar,optimal,0.004116753170903233,2.1688727101576414e-10,2026-03-24
csi1000,0.4763842736938429,0.1,-0.029830434249610564,1.9932019067901104e-10,0.0879470506294093,0.5353471485966379,cvar,optimal,0.004116753170903233,1.9932019067901104e-10,2026-03-24
bond_gov,0.3468453610536052,0.1,-0.0010834643325814835,0.3499999998740912,0.0879470506294093,0.5564450691464925,cvar,optimal,0.004116753170903233,0.3499999998740912,2026-03-24
bond_corp,0.739620476332569,0.1,0.0004557846841767596,0.3499999998700058,0.0879470506294093,0.7062471210236702,cvar,optimal,0.004116753170903233,0.3499999998700058,2026-03-24
csi_cb,0.3950167781351847,0.1,-0.018305813673002935,0.142776702107543,0.0879470506294093,0.5665483877478158,cvar,optimal,0.004116753170903233,0.142776702107543,2026-03-24
crude_sc,0.8858550621787857,0.1,0.2598333798336521,0.01983956147113595,0.0879470506294093,0.8,cvar,optimal,0.004116753170903233,0.01983956147113595,2026-03-24
gold_au,0.5599921167396857,0.1,-0.004181359377421617,3.0121237702982147e-10,0.0879470506294093,0.37857941722166244,cvar,optimal,0.004116753170903233,3.0121237702982147e-10,2026-03-24
spx,0.8520926828686709,0.1,0.0450112254161813,0.07626972278225216,0.0879470506294093,0.7314366389769367,cvar,optimal,0.004116753170903233,0.07626972278225216,2026-03-24
sse50,0.4318346868183912,0.1,-0.017246213191792183,0.07983676033382181,0.22827578239583413,0.5920911438214131,cvar,optimal,0.003129840022952024,0.07983676033382181,2026-04-22
csi300,0.4900635131007045,0.1,-0.01642631419918119,0.019775591711816587,0.22827578239583413,0.48937310046551485,cvar,optimal,0.003129840022952024,0.019775591711816587,2026-04-22
csi500,0.3818346868183913,0.1,-0.03196982170369178,2.2931162732106682e-09,0.22827578239583413,0.5638226655313348,cvar,optimal,0.003129840022952024,2.2931162732106682e-09,2026-04-22
csi1000,0.5173678688029234,0.1,-0.0229947551710928,3.876583868059279e-09,0.22827578239583413,0.48471968162992013,cvar,optimal,0.003129840022952024,3.876583868059279e-09,2026-04-22
bond_gov,0.35683468681839126,0.1,-0.0009567450438518884,0.3499999989362266,0.22827578239583413,0.5281040944366613,cvar,optimal,0.003129840022952024,0.3499999989362266,2026-04-22
bond_corp,0.8253099668634218,0.1,0.0005534665439806666,0.349999999040609,0.22827578239583413,0.6195426671358163,cvar,optimal,0.003129840022952024,0.349999999040609,2026-04-22
csi_cb,0.4068346868183913,0.1,-0.016661450145415996,0.07857252579394688,0.22827578239583413,0.570877673903311,cvar,optimal,0.003129840022952024,0.07857252579394688,2026-04-22
crude_sc,0.6852156164810096,0.1,0.17655633744580776,0.015396911375119492,0.22827578239583413,0.5136816129740114,cvar,optimal,0.003129840022952024,0.015396911375119492,2026-04-22
gold_au,0.4964582654103894,0.1,-0.02557629256972095,8.291789732039704e-10,0.22827578239583413,0.5967022709876525,cvar,optimal,0.003129840022952024,8.291789732039704e-10,2026-04-22
spx,0.9082460220679863,0.1,0.059692178860953835,0.10641820580958061,0.22827578239583413,0.7719448732178682,cvar,optimal,0.003129840022952024,0.10641820580958061,2026-04-22
sse50,0.4344527724125214,0.1,-0.021685090913965543,0.06766737936785529,0.16276423557146266,0.5997498887008346,cvar,optimal,0.003156601537849294,0.0676673793678553,2026-05-25
csi300,0.48797146809552017,0.1,-0.025737417515753768,0.02156064872559073,0.16276423557146266,0.5410245200779035,cvar,optimal,0.003156601537849294,0.021560648725590735,2026-05-25
csi500,0.2276877646092536,0.1,-0.060402796058066754,4.246730077185397e-10,0.16276423557146266,0.7606878915721447,cvar,optimal,0.003156601537849294,4.246730077185398e-10,2026-05-25
csi1000,0.3213697918915262,0.1,-0.05295524096924692,6.918238042813464e-10,0.16276423557146266,0.5719492643757748,cvar,optimal,0.003156601537849294,6.918238042813465e-10,2026-05-25
bond_gov,0.3594527724125214,0.1,-0.000800076020549033,0.3499999997925943,0.16276423557146266,0.5239802230853057,cvar,optimal,0.003156601537849294,0.34999999979259433,2026-05-25
bond_corp,0.8343410136411362,0.1,0.000530590879523867,0.3499999997624146,0.16276423557146266,0.7533039381849984,cvar,optimal,0.003156601537849294,0.34999999976241464,2026-05-25
csi_cb,0.5923452815163338,0.1,-0.018226347147613706,0.051223809669041775,0.16276423557146266,0.4052548454829985,cvar,optimal,0.003156601537849294,0.05122380966904179,2026-05-25
crude_sc,0.9063905327099366,0.1,0.2980152755059684,0.020858383214978505,0.16276423557146266,0.8,cvar,optimal,0.003156601537849294,0.02085838321497851,2026-05-25
gold_au,0.5218652003052061,0.1,-0.019644172278828725,1.5375835606936882e-10,0.16276423557146266,0.4845071568122389,cvar,optimal,0.003156601537849294,1.5375835606936884e-10,2026-05-25
spx,0.8141234024060445,0.1,0.03479287353614378,0.1386897781972696,0.16276423557146266,0.7052154124136311,cvar,optimal,0.003156601537849294,0.13868977819726963,2026-05-25
