,ret_5d,ret_10d,ret_20d,ret_60d,ret_120d,ma_dev_20d,ma_dev_60d,ma_dev_120d,vol_10d,vol_20d,vol_60d,mom_20_60,dd_60d,risk_adj_mom_20d,up_ratio_20d,downside_vol_20d,vol_ratio_10_60,ema_trend_20_60,return_skew_60d,return_autocorr_20d,credit_spread_proxy_20d,credit_spread_proxy_60d,inflation_proxy_oil_gold,inflation_proxy_level_z,gold_ret_20d,oil_ret_20d,spx_ret_20d,spx_ret_60d,spx_vol_20d,spx_ma_dev_20d,equity_bond_spread_20d,equity_bond_spread_60d,cb_equity_spread_20d,ext_growth,ext_inflation,ext_rate,ext_credit,ext_fx,ext_geo,ext_liquidity,ext_growth_chg5,ext_growth_chg20,ext_growth_chg60,ext_growth_vol20,ext_growth_z252,ext_inflation_chg5,ext_inflation_chg20,ext_inflation_chg60,ext_inflation_vol20,ext_inflation_z252,ext_rate_chg5,ext_rate_chg20,ext_rate_chg60,ext_rate_vol20,ext_rate_z252,ext_credit_chg5,ext_credit_chg20,ext_credit_chg60,ext_credit_vol20,ext_credit_z252,ext_fx_chg5,ext_fx_chg20,ext_fx_chg60,ext_fx_vol20,ext_fx_z252,ext_geo_chg5,ext_geo_chg20,ext_geo_chg60,ext_geo_vol20,ext_geo_z252,ext_liquidity_chg5,ext_liquidity_chg20,ext_liquidity_chg60,ext_liquidity_vol20,ext_liquidity_z252,asset_id,asset_class_id,rel_strength_20d,rel_strength_60d,excess_vs_cash_20d,regime_equity_exposure,regime_inflation_exposure,regime_global_risk_exposure,regime_growth_exposure,regime_rate_exposure,regime_credit_exposure,regime_liquidity_exposure,regime_geo_exposure,regime_growth_chg60_exposure,regime_growth_z252_exposure,regime_inflation_chg60_exposure,regime_inflation_z252_exposure,regime_rate_chg60_exposure,regime_rate_z252_exposure,regime_credit_chg60_exposure,regime_credit_z252_exposure,regime_liquidity_chg60_exposure,regime_liquidity_z252_exposure,regime_geo_chg60_exposure,regime_geo_z252_exposure,corr60_csi300,beta60_csi300,corr60_bond_gov,beta60_bond_gov,corr60_gold_au,beta60_gold_au,corr60_crude_sc,beta60_crude_sc,corr60_spx,beta60_spx,ret_5d_cs_z,ret_5d_cs_rank,ret_20d_cs_z,ret_20d_cs_rank,ret_60d_cs_z,ret_60d_cs_rank,ret_120d_cs_z,ret_120d_cs_rank,vol_20d_cs_z,vol_20d_cs_rank,vol_ratio_10_60_cs_z,vol_ratio_10_60_cs_rank,risk_adj_mom_20d_cs_z,risk_adj_mom_20d_cs_rank,ma_dev_20d_cs_z,ma_dev_20d_cs_rank,ma_dev_120d_cs_z,ma_dev_120d_cs_rank,dd_60d_cs_z,dd_60d_cs_rank,ema_trend_20_60_cs_z,ema_trend_20_60_cs_rank
ret_5d,1.0,0.6876845312464673,0.4889624778253972,0.2582035738325172,0.19360702170766014,0.7663587974231125,0.468779782235845,0.33223779720110286,0.07018739807750345,0.08953098494671513,0.059450083018080815,0.04535506787653895,0.31772364143302945,0.16564014817326828,0.16859531469759564,-0.06233110804027922,0.005418757015778597,0.11614899038926707,0.060413287978508014,0.03892675455791428,0.05142572267947476,0.018325132654811914,-0.10376144939915387,-0.04418770460407586,0.0810648592963062,-0.07851276217366936,0.1374973946311406,0.0906260780249256,-0.006413307667303191,0.1940023189865317,0.3507929874212439,0.21434964981473523,-0.20326676697433574,0.055893654065919035,-0.0014884517852450634,-0.0736140742048587,-0.009374761829724118,-0.05983065480981077,-0.001914120992774043,-0.06322492247093033,0.13614095080734973,0.125092647047194,0.08622480792039461,-0.013743599533040678,0.05991053376791138,0.021702044531009494,-0.002147268773948376,0.042333606790034894,-0.04145140551160913,0.027240546149950425,0.17813579574408786,0.03301956123756233,0.0032449555932813454,0.09690462258923785,0.03836480740325735,0.00030551620132864915,0.04323385560695649,0.07136472234182607,0.017732378738588517,0.026539621256853062,-0.10248536467400848,-0.09159165983800314,-0.08325320842637643,0.018964219350883847,-0.10133521733757549,-0.04790027892210782,-0.0589425496818534,-0.02217269246566095,-0.022709934945393685,-0.03082992772008607,-0.0018501313469670832,-0.02569233984527081,0.0021432806798954507,-0.013430642389197327,-0.05384224221102248,0.013912695480170132,-0.00018641329851474837,0.4115563632377885,0.21613867821445287,0.48511748949131483,0.3499097927698953,,0.1473423937696264,0.12381072864734827,-0.0022110768902136087,-0.0009964788851355279,-0.027869477333817325,-0.06216428894213405,0.08713697206352984,0.061902745346376596,-0.0006292685544924563,-0.0013251944443357585,-0.009464724145470962,-0.03757156040119001,0.07244918934780195,0.027748535405345904,0.002876269391611045,-0.04995483705377397,0.022197697494572257,0.030822351386826888,0.012549816786682854,0.013502899263645559,-0.06785462237886178,-0.06451411732408344,0.028979152486566673,0.04242541930705429,0.05778112986596698,0.1079007398136971,-0.02066642431793658,0.0005996358178353328,0.6738391564833814,0.6332395112577539,0.33793980536358476,0.30290861160336424,0.17757002922969725,0.15364991082198082,0.15752461982765154,0.12580028194179302,0.02964295440579399,0.013325357038727552,-0.00824634305116366,0.0006871277074350561,0.09507804202019203,0.194648860537453,0.508016819603125,0.47140875346830646,0.22648810877742412,0.19905090776027376,0.18088181355799265,0.16798931344847567,0.08816835765232531,0.07810618089634822
ret_10d,0.6876845312464673,1.0,0.6986878202594556,0.3644303425401531,0.2777693684387293,0.9151315997201299,0.6323586003980722,0.4574068008086239,0.04913602390189422,0.1214294679035997,0.08534920509157679,0.07004880270048847,0.39685571871286224,0.22762479378972075,0.2412477836608073,-0.07624069015680593,-0.07745499751621805,0.29296419691031395,0.07431377281396467,0.048071679549052324,0.08474324167047076,0.03550398716336147,-0.13545729705013618,-0.06901306356984567,0.10290885804544699,-0.10211309432730495,0.210463105525569,0.12457947977243387,-0.043195659788765606,0.24433893506247895,0.4929314835570321,0.30583290443319966,-0.3073856551992171,0.09347475833788854,0.0007398610263577589,-0.10469071666089864,0.006087744305936578,-0.0825121132633813,0.008069049745393691,-0.08171525088090413,0.1337159158733895,0.19455285175580214,0.1346022915181242,-0.044266181372769164,0.09091241470311642,0.027132381942335276,0.00438453990437915,0.06833025146951316,-0.06917652269284266,0.043013552721636025,0.1990443792140581,0.0825294759455249,0.02474058337897909,0.15720539418984675,0.07425623616919923,0.08373473824711893,0.09506406818339487,0.1262678487573754,0.037702956548432816,0.05414099798086552,-0.05475798387959334,-0.12053240259247722,-0.0981370871735663,0.021808123220703992,-0.12108931766785204,-0.013102176752841012,-0.06748550504978008,-0.026071033750243663,-0.019208499958593778,-0.02387118652666112,0.014786593339013162,-0.030736333591841976,-0.0031786796625436543,-0.02410209093874217,-0.07604734894355913,0.02107940667282896,0.0003659036384606818,0.5889265004720197,0.30803205618796176,0.6939104842336481,0.4910030342357043,,0.22673893578099147,0.19210778664980233,-0.0026989801697006447,-0.0014630980429128336,-0.0337646383247437,-0.06973068527490216,0.13428206716390315,0.09320062631545468,-0.0008259714433894661,-0.0019502347980446676,-0.03226651537113956,-0.07005797870060648,0.1278183321929084,0.05585704472005307,-0.002062514905462773,-0.07027682262329008,0.02591114447857774,0.022245058958845258,0.01502643231467016,0.009329614124639882,-0.09924657740250178,-0.10039477404223929,0.03417428296401467,0.060037715914454406,0.07902892223470599,0.16178934244854715,-0.018635364070643166,0.025561742912800594,0.48477582667796815,0.45133561736367,0.5063094086924121,0.45726631095475156,0.2688343134472489,0.2322604724889277,0.23338915271977223,0.19204664803473284,0.03875455693709977,0.017059501542295498,-0.07842921362963647,-0.06546222502979553,0.13672293357037513,0.27743860707103873,0.6535120700832004,0.6104999230368311,0.3292891173664715,0.284347571106451,0.23311161131452232,0.2008127512898973,0.21640438183517438,0.1952522765597801
ret_20d,0.4889624778253972,0.6986878202594556,1.0,0.5140497265795345,0.37732333080591446,0.8448519846620138,0.8221640879533965,0.6232694932410509,0.025516422042305625,0.09678871624891426,0.11131499663512186,0.10899885517122236,0.510597492997269,0.3170221599096098,0.3444232223168428,-0.1621203199987878,-0.11971352437480699,0.5831826301649556,0.08330848223085739,-0.002377565761657505,0.18769677460574874,0.0751547671881581,-0.14325577901571926,-0.11461616063831732,0.14181804207923795,-0.0966524490100754,0.26171670319217366,0.1420430560519263,-0.13898030356713226,0.1971012030493211,0.6973330330231511,0.41110557468380876,-0.4263303801706473,0.12554150895642496,-0.012006009777808411,-0.14440696361078809,0.013176189067419663,-0.10194771432486524,0.01467955097313534,-0.09749402283084184,0.047454638368692376,0.20722829427034054,0.1527950795385591,-0.12384796063674863,0.1094521861647178,-0.03056025709405149,-0.011755584753288369,0.07574603491997932,-0.11735307796378842,0.03738619316652772,0.1561504707964856,0.17417887037277383,0.06828450882574226,0.19563735043097996,0.11559165249228896,0.03578858815529731,0.10965909599834675,0.1887741035837454,0.12231729491806229,0.09617272379979801,-0.000965109515615761,-0.11482405070487503,-0.08685609011898997,0.006325122081828738,-0.13102317548687853,-0.013139110682678585,-0.07197028389063045,-0.03055130494913326,-0.024318314733420162,-0.0346000907061754,0.03339705070031691,-0.005589729463744611,0.009276245189774804,-0.00844700803448365,-0.09265146536328421,0.03162419567423265,0.0014027901858263288,0.8351885447881013,0.4427302413293399,0.9978641310908356,0.6951382055737604,,0.2853780298508156,0.20537839872975017,-0.0023372269102330777,-0.0020509984569581138,-0.00205331443647128,-0.07353294539350336,0.15423473318358535,0.1133856772898787,-0.0011491816387655307,-0.0029305540245632344,-0.07824734649535353,-0.10876243298386053,0.19082982371133653,0.09857919268237558,0.011029809977522554,-0.08458268377160887,0.029876713588552855,0.036577120714374384,0.016912679649918074,0.0050470230800233875,-0.12874518474105598,-0.13457918517313705,0.048920190288216855,0.09913825441887503,0.1020274279937512,0.2209056483996731,-0.03374384548515027,0.030117441283774263,0.36620920763709836,0.3346647969360631,0.7365823955294176,0.6810951064452472,0.4026898234460346,0.35116429977010066,0.3211012812418941,0.2664115622321258,0.028719897038045592,0.014991594350960848,-0.06252052371374196,-0.04375273513314464,0.20589053869749488,0.40533380132758934,0.6366517425428915,0.5869380835330608,0.4704969800049328,0.4092206366213773,0.30592821342526255,0.2397656418029295,0.4299051740309963,0.3901788529554505
ret_60d,0.2582035738325172,0.3644303425401531,0.5140497265795345,1.0,0.6158424397905979,0.4420499948801668,0.8272506648651705,0.8963259489046994,0.009054298353072091,0.04039496288771703,0.11941590653218302,-0.7966189101510415,0.5655631150681084,0.17141568389998488,0.21660180813203875,-0.06468189877110057,-0.08102364233736253,0.8985217592783428,0.07998143465782186,-0.021905530339208272,-0.006871985435978914,0.10919202909439525,-0.03429574225921753,-0.10531590038753229,0.09832781435392825,-0.00629357080119389,0.1204184441774208,0.23918523939094263,-0.20294365440867299,0.09733707718572329,0.33589939416580705,0.7020280935295887,-0.12217139118283633,0.1030756314639473,-0.09904787320507392,-0.25531460764491376,0.03598313455848029,-0.11828776497270023,-0.007405684038392814,-0.10465903307472552,-0.0012042567504974937,-0.008830101786218148,0.11396308809344592,-0.13995014732563718,0.04059574294395087,-0.04570089918084872,-0.10637922630760868,-0.03686660868791049,-0.30350519964658995,-0.05878126060501644,0.016536010327891967,0.02769386459807354,0.15474298743437723,0.2003666688806142,0.17653045983285184,0.033212026477419804,0.07651857101755614,0.2494044232354156,0.05935114964288508,0.21389887072860378,0.048366696738225176,0.0438432807602828,-0.009896003202015266,-0.0831831166650584,-0.04621479292582349,-0.001115304559854268,-0.06099059787068552,-0.08464600312449884,-0.10837818497503109,-0.03897048711525778,0.05057469692483736,0.0834082191379103,0.04913448489050251,0.05592801238782304,-0.031034094027771734,0.0661041133970059,0.0003622610677705613,0.4125410407381537,0.8461510301402749,0.5097265557817607,0.3388351793420645,,0.14201735727749848,-0.007019260912246428,-0.00012977796756378094,-0.002134458042739144,0.09025564129659501,-0.08219402740064156,0.11709920753870692,0.0506773161493988,-0.0020313447860163605,-0.005436871221938028,-0.1675893816418568,-0.16527762738431218,0.2525519625825953,0.21797026488052673,0.053319674542046856,-0.02152378287801721,0.10175492017378122,0.06569352385522717,0.000518294761021546,-0.02503411292801589,-0.17058697288430888,-0.20661153847151265,0.11238946122071387,0.16906205369690322,0.14294830256328953,0.3504058001944708,-0.07650605771595598,0.0067576368669376285,0.19210361754323066,0.18328924699702193,0.4004496596950075,0.36495805421539895,0.7671805262583725,0.7146485887553735,0.5141169059964188,0.48802294751980063,0.04743139671283898,0.03227445492042698,-0.04332395601990513,-0.02257223788602954,0.1066892153306847,0.215453042402888,0.3341659206070504,0.31048318536671193,0.6898964181951651,0.6353753502667262,0.3494365321564379,0.26016315470088214,0.7023684668658989,0.646799919936756
ret_120d,0.19360702170766014,0.2777693684387293,0.37732333080591446,0.6158424397905979,1.0,0.336903644994161,0.5510000644933825,0.8167511837345514,-0.02487222633828846,-0.016590268338785186,0.007911578183745134,-0.44778014188327186,0.4375111262134933,0.13759233001994967,0.19550283912256233,-0.08134785897725473,-0.022188011304022412,0.7219174439179115,-0.020592021543000424,-0.0167452405180845,0.15775820028460155,0.10882233266571177,-0.07917856440298493,-0.1275574538280901,0.16926175979196836,-0.03141097651313592,0.047183727092449716,0.1535451321803027,-0.1872055162066384,0.032143746742059526,0.21804913554448824,0.3808615681118821,-0.04169181055210844,0.21163326009981237,-0.11529843066343416,-0.3907335136677325,0.07392162197677492,-0.2119020965439552,0.0737058391870101,-0.0494771508130651,0.05532680183509956,0.09799934391770798,0.15032563325304119,-0.29504430546293253,0.09409964618291851,-0.025029966209441746,-0.02015334940912165,0.021341323495691036,-0.27441100230198107,-0.013190606116786805,0.12436557914363473,0.16821029440795712,0.1236278919192956,0.23629703803042373,0.2976634813562113,0.04976640535154964,0.09627689631716917,0.20120983438642814,-0.06641542450252565,0.3707784641339737,-0.06411801359438066,-0.10676547856433656,-0.02364398488187374,-0.04683725462071467,-0.10823447987198716,0.014684149256629836,0.01184608714281256,0.039711891093932576,-0.12861241431440182,0.05274187567022434,0.060236663149161644,0.0950306609666042,0.12834750169802098,-0.02295038904777704,0.08046030676326954,0.11795946458984201,-0.010586416332810903,0.32172002458849047,0.51709533013036,0.3858779781676034,0.22627394925352937,,0.055493884651796235,0.10066585674226389,-0.0018531424226219723,-0.0009258048434309581,0.09704665097612183,0.0033183216457716,0.16015669916276348,0.11015091071952064,-0.0003759605636367499,-0.004580345155147752,-0.1253997293461089,-0.269404043814385,0.20327415520960126,0.3743547035497458,0.13145135472366504,0.08722353160636379,-0.030609355211007428,-0.022859286967268494,-0.05124827559171976,-0.03418690227061308,-0.05647583474948525,-0.019815849387118382,0.17578401131727803,0.1345003027030347,-0.13058217305985906,-0.009805849626555927,-0.09518679063458256,-0.07713736032602275,0.17912897040780928,0.1675914915343705,0.33640687602012365,0.3044096816469957,0.48065238633477436,0.4884388899800207,0.8054676796691981,0.7456922705365463,0.02198513678988372,-0.00024129222709663297,-0.003956510126843861,0.018373146668673873,0.10249609470536962,0.19998341090101415,0.2897920659768357,0.27392180676660854,0.6526809414259163,0.6321645243386318,0.2704497835350538,0.19485226142417386,0.5797522068030623,0.5635266051507819
ma_dev_20d,0.7663587974231125,0.9151315997201299,0.8448519846620138,0.4420499948801668,0.336903644994161,1.0,0.7518490855940909,0.5538780018482306,0.031023675085564535,0.10283912573084775,0.0845351347662609,0.08310186569799392,0.4922461115108429,0.28207622816496747,0.2993375235385976,-0.12914844900223724,-0.09486028519197807,0.3962084071885559,0.08741643981765804,0.029809957301012942,0.12070219682027813,0.052511493395683624,-0.1545431899889324,-0.09052230170867737,0.12311949161574552,-0.11494204623281999,0.24780634280660604,0.14190825870180673,-0.07357574115180915,0.2607259951948873,0.5903758078261059,0.36315476068081765,-0.35525160149531787,0.10762629191304546,-0.004271274726571222,-0.12531592704377087,0.00727684021687818,-0.09765449443757797,0.007282807834607193,-0.091899186222178,0.12122645507626778,0.21126665656806648,0.14936154791788647,-0.07609376085186668,0.1038698542264959,0.010438022864962102,0.004185911579708611,0.07660502197485451,-0.09482616567857498,0.044290810525664935,0.19151376401152093,0.10932083696359504,0.03968246181378334,0.16951138705152055,0.09310328745243109,0.046540979035483175,0.09560913224133943,0.14823076009076103,0.06411204836487418,0.06840784462866245,-0.05353157591020454,-0.1391554828309884,-0.10357731211139845,0.016809306453503314,-0.1379774607224179,-0.030363679092248238,-0.0832690877263012,-0.03158798117846887,-0.02774709156468226,-0.034937210205388536,0.017048306052302748,-0.029326193739971227,0.0031713282293647886,-0.023641357689106825,-0.08530210911427549,0.032168383659511426,-0.008520890419205502,0.7119931094502688,0.3766977296803355,0.8403916451886124,0.5889580641120767,,0.26704922289578487,0.209387495657111,-0.004404523351902725,-0.0015987416230241823,-0.03144919674073225,-0.08814522733685327,0.15083353317041925,0.10742077242790257,-0.0004787167214442477,-0.0015028689427735134,-0.05247716372984536,-0.09359598540361799,0.14991311406513444,0.06945711751990724,0.0035884082271391304,-0.0807020582947851,0.033001005323008384,0.03798265007233954,0.00952600972493586,-0.0011226971597107019,-0.10742487735327,-0.10852010635100891,0.04037654931082358,0.07169418906094285,0.08561765525417986,0.17914041690902352,-0.028699702656006805,0.016701625978778792,0.5370519951725953,0.497396402709547,0.6185972372639185,0.564939813446028,0.3328506861698244,0.2888676865112094,0.2812534313717588,0.23180027301247405,0.026227229298108053,0.005256556893888713,-0.07463028349582032,-0.05690064092384655,0.17671368986123562,0.3451098272160271,0.7168293309159665,0.6663986369522575,0.4012574342210242,0.34932833575748484,0.292489447955493,0.2478096671488446,0.29129611533264316,0.26424141145883057
ma_dev_60d,0.468779782235845,0.6323586003980722,0.8221640879533965,0.8272506648651705,0.5510000644933825,0.7518490855940909,1.0,0.8708980376220645,-0.00571026781301039,0.046677056547368076,0.10887152937478248,-0.3792883600192252,0.6658411799651881,0.2756529875951338,0.30891729428382136,-0.15287956191545937,-0.12632866199892342,0.8670758763753431,0.10051444585271918,-0.02503043835788079,0.14352389711787514,0.12413366179868367,-0.1213497205231165,-0.13939677602971254,0.13036046326693218,-0.08159433370106257,0.18583481839439434,0.20811907280192687,-0.19267751940715291,0.15585449640825,0.5669225649658793,0.6193950651339245,-0.3037329937070029,0.12609845466997088,-0.062164885926061564,-0.2096863801180685,0.027821658634472096,-0.13109725830548816,0.0005092230862781378,-0.1135769249502991,0.007525495870630306,0.08492852285642462,0.16975410682058986,-0.1564243620049931,0.08987402614970041,-0.04987023630732211,-0.08366910825275257,0.039020528459555746,-0.2382341915002432,-0.01356270844196188,0.1322295659159818,0.16615260506374635,0.1474637313879965,0.175634770977509,0.18587543917702284,0.04007321940573315,0.1086568160063786,0.24832921731004404,0.10908426594339544,0.16444824937257627,0.020159425440070856,-0.036323757034671535,-0.07216810712794511,-0.03679306988579235,-0.12072551877447643,-0.029053187919810625,-0.08833630090013615,-0.06330743409655504,-0.09813901818025934,-0.04709632040471478,0.04805420408143347,0.04126298240092213,0.008296900852633907,0.015519256722209064,-0.06942653455224299,0.06397994694058629,-0.015359091297240602,0.6886627848619585,0.7108470027344695,0.8221522903331303,0.5662227992620259,,0.2041214474056758,0.08499381419273916,-0.004243206569318606,-0.0019896011886497943,0.04258500173472206,-0.10689299447237685,0.17271515352200245,0.09759005456059829,-0.0008081505961991019,-0.0029960945602033923,-0.1667257764760615,-0.1829650208437455,0.2509547666534213,0.1661766857505586,0.010208989775176163,-0.06377425947295792,0.07452343251442001,0.06736517110945395,-0.0005735767618278602,-0.02520627293508385,-0.16367704566007374,-0.18951593488447713,0.08933132047389603,0.1438919011741995,0.1401937248782135,0.31493923771801063,-0.07341088469936977,-0.005911821493503099,0.341759932121011,0.319187336587279,0.6292687692638119,0.5745208341969049,0.6425514757031473,0.5813369876056232,0.4642463633130412,0.4141363731389261,0.016445718588345926,0.003947094526852552,-0.07600938459152122,-0.05096774647345293,0.18611958896036804,0.3555213334037146,0.5607012197074261,0.5144972526471105,0.6617612123924596,0.5944275289883771,0.4151924591869012,0.32208292231878927,0.6627892754906478,0.6052013937210068
ma_dev_120d,0.33223779720110286,0.4574068008086239,0.6232694932410509,0.8963259489046994,0.8167511837345514,0.5538780018482306,0.8708980376220645,1.0,-0.040051581448562946,-0.007844864077864735,0.05919812872911398,-0.5995035873720918,0.6277600268790664,0.2257013058199975,0.28105246014180474,-0.14365493584893074,-0.0910653801991808,0.945752420876641,0.05187742238114382,-0.018034636919329577,0.09332061546082275,0.0965256536748856,-0.0752864852656646,-0.11860365145059801,0.14851901780175883,-0.031085755946268334,0.15402785780440986,0.23420668269233655,-0.24721643924061085,0.12372020911501412,0.3990977373528635,0.6222308123226714,-0.15223835774347919,0.16038279803244784,-0.1071065366768539,-0.32831715837959086,0.046296481745484765,-0.16714827657999706,0.01812684418666163,-0.11397804146857049,0.014446466808832891,0.06700830916929922,0.13291721125301398,-0.21478459278032858,0.07756093688820682,-0.030121797159697653,-0.061516077053086954,-0.005797022344742813,-0.2941382304255072,-0.0317270026959592,0.09292927870586536,0.10547823090385541,0.12699818199554572,0.22684419584979418,0.2354643837484723,0.03504939720322277,0.08896232306735444,0.25377273171486153,0.04378194980230465,0.2805026470159736,0.017334896235082956,-0.005175380330766387,-0.007233151566553224,-0.10389028611608445,-0.09107402986827601,0.0021769938269491753,-0.029683197417035102,-0.02906800767092947,-0.13201928608061234,-0.005679124806685119,0.05823439245818709,0.07636606951666937,0.07588079456435906,0.010079031359743562,-0.024686575045109252,0.1059757463748325,-0.0260301913506152,0.5128133239300926,0.7511233653964594,0.6237876444938948,0.4064836364418811,,0.1706918074693401,0.06920181780873445,-0.005135959626966126,-0.0014479049922521412,0.07915422256511101,-0.046784398184304125,0.1412840303166242,0.09183161511480269,-0.0004608253842588924,-0.003441041139740905,-0.1482065118828716,-0.23326308988826164,0.2565960389584014,0.2823726440999885,0.0777551010220392,-0.019363196608452548,0.04787376369155409,0.04115056652642602,-0.035430931694964606,-0.056446255689784994,-0.13989019846964884,-0.15848591607270202,0.14999414708707096,0.17765333859902335,0.052635753494524186,0.2296501527676059,-0.0880815482270664,-0.038988541324684094,0.2630708852085996,0.24486595841097972,0.49999442794746324,0.4539674819845302,0.6834050161371679,0.6467869087220649,0.6729399342995431,0.6221748699330937,0.011699359350416634,-0.009291967727756523,-0.040712234470869545,-0.014390909754906667,0.1565825273018648,0.29056596888948427,0.43318733874069665,0.399525434032781,0.7669092065498596,0.7178882590488854,0.3851599933542269,0.2989365184622786,0.7274448866728598,0.6835529171479624
vol_10d,0.07018739807750345,0.04913602390189422,0.025516422042305625,0.009054298353072091,-0.02487222633828846,0.031023675085564535,-0.00571026781301039,-0.040051581448562946,1.0,0.9061859585921346,0.8032909082158258,0.007489110600289853,-0.6100091597252827,-0.5348683346930281,-0.495425216183031,0.8555899524750463,0.4631847485399223,-0.06708260383420357,-0.3305986138656165,0.10066971973645296,-0.0885860260049296,-0.07947867494520364,0.046409215174057,0.02923028336624178,0.011444778551899753,0.050406364693113874,-0.0771607703806259,-0.07332274591604046,0.0901680616141491,-0.0694127542292606,0.07708750165148158,-0.003577549496444537,-0.1460356100755047,0.08484700084795162,0.07581014143355225,-0.058175126178779804,-0.020149159351768073,0.007552296985334187,0.11506763579658431,-0.03638677650213281,-0.04871211486841093,-0.033150543888043504,-0.0583721328068573,0.06111979620033169,-0.02845773668823745,-0.005203370169215683,-0.02395919400470955,0.001700401373149762,0.01864616316635916,0.08586359918354709,-0.022127585245939742,-0.041400184387499095,-0.056899596571665184,0.16609199176620476,-0.04148895239132052,0.07711232689742573,0.11084823522075325,0.10118675758454024,0.08243753514550432,0.06203146345979831,0.05029200284591569,0.1419187070641945,0.07130557390852016,0.027605545433618,0.10331495151461281,-0.011298330669712175,0.04895064910681142,0.054545374872005975,0.1374245959201642,0.0872113134430941,0.06388478388290304,0.03840070513600703,0.03325349172837191,0.015596401415769455,0.020887112424388322,-0.43983363677288084,0.6730184048110702,-0.0024236916151454202,0.0007360392937854491,0.019995112007752523,0.03803729110511982,,0.009572740126482375,-0.04110492784697238,0.12033106296860352,-0.015766135507810353,0.0735900702884527,0.08331022067384056,-0.10681578865673617,-0.050046864391882724,-0.042848063898021954,-0.07477407178608683,0.30751890727296094,0.437418521948392,0.11424633796746758,0.1472646454180649,0.11034766675773258,0.19968386597014856,-0.14254403955790365,-0.27498382878079747,0.5765470646623714,0.7323189125536191,-0.3300445312905362,-0.20437260863560358,0.1056796575502599,0.1589088431759657,0.07454573602968911,0.28404603769621317,0.09484742942501248,0.45042426277028536,0.032215543275148965,0.02755425287066334,-0.058266360690278254,-0.047326343528897474,-0.020551601247639568,-0.018907127344745676,-0.013851214378285865,-0.01658916414663911,0.7860420903705764,0.7629244805065388,0.2782977222439901,0.28531307940287276,-0.5793801630231651,-0.4868738922839075,-0.025512795926065483,-0.021681986514060114,-0.02689630200374384,-0.015070394239265072,-0.5923555575105989,-0.616690923932812,-0.04904397505524648,-0.0324311616967413
vol_20d,0.08953098494671513,0.1214294679035997,0.09678871624891426,0.04039496288771703,-0.016590268338785186,0.10283912573084775,0.046677056547368076,-0.007844864077864735,0.9061859585921346,1.0,0.883508302638582,0.021396112850194136,-0.6120757647798291,-0.5592843608941269,-0.5044850976869016,0.9405178886021819,0.24090145587783726,-0.03883411946362603,-0.3550526472566719,0.10978457533328852,-0.06392583976535923,-0.07323307813375474,0.010607806253137727,0.01714065968512094,0.04200638632838335,0.02314605834469295,-0.0660211049967384,-0.08424170066413725,0.13461548704870596,-0.03616730807664059,0.11802593232899107,0.022797090002872132,-0.16704552964219252,0.07514265545833687,0.08130541742088246,-0.06745910152568375,-0.028810778239523153,0.015118506853527239,0.11059144111119598,-0.05947039762482033,-0.05292032582655328,-0.060347445745338,-0.06572397564944318,0.07024656780548086,-0.04487857855136782,0.01837752795662387,-0.015099218074499706,-0.011734854237982165,-0.0014355249925688352,0.08295417313440472,0.0013013444221737567,-0.027834276643910597,-0.04518679192625388,0.1857664833435812,-0.04132394209272817,0.049978822364159854,0.10739287124321759,0.11592578644609787,0.14322216229719548,0.06137454770216577,0.03874007297540641,0.11742717754416056,0.06504067319182569,0.0674726769887898,0.0997510545657425,-0.01846547830825861,0.024052068184227494,0.052464523132202213,0.139313231236539,0.0668619517461183,0.006740711297601547,0.03528893716134551,0.03314083043898589,0.02803550277129769,0.001676742082457156,-0.4704495343545322,0.7200706007481728,0.06306959701285458,0.021989354169303393,0.09128272047291885,0.07759206084317195,,0.02662496955017883,-0.06856464938512707,0.129089256132525,-0.016881235149174088,0.07126036701809339,0.05995811901170346,-0.1168769834393118,-0.06749430438028482,-0.04579094804931274,-0.07990564286996199,0.31528442915432037,0.4659116949441939,0.12976098479465975,0.15252876458288683,0.11567837728635959,0.19396924670420806,-0.147235323360447,-0.26736261099610664,0.621905198329701,0.786904038199817,-0.36831808934612414,-0.2367472630151039,0.10286532122938422,0.1631214164187447,0.10507147939421706,0.33695326396691405,0.09527125716465525,0.47907020349118945,0.061808070852323545,0.050062182786999476,-0.01840135850196004,-0.02040881152197559,-0.013399099483905979,-0.019444240494044366,-0.008760400717104159,-0.0186807954975634,0.8472189303928532,0.8152841877469464,0.1399248919812767,0.1524343216189065,-0.6127632174097853,-0.5084100681632754,0.03650087059902946,0.029402095055386362,-0.015605518722454798,-0.009438528496708811,-0.6187399076164519,-0.651502245959853,-0.044381086582272924,-0.028971367472307
vol_60d,0.059450083018080815,0.08534920509157679,0.11131499663512186,0.11941590653218302,0.007911578183745134,0.0845351347662609,0.10887152937478248,0.05919812872911398,0.8032909082158258,0.883508302638582,1.0,-0.05994274971633782,-0.5541143404871712,-0.586538093762653,-0.5252688000571006,0.824972386961888,-0.025075567285095537,0.04906310391622639,-0.4363978401161669,0.01204047912744821,-0.10789107052922844,-0.12575119018103872,0.014091871742110471,0.018848813937019315,-0.010333736021844002,0.009738762990375634,-0.024920163849355633,-0.07201048950109734,0.10099886630144787,-0.017471902222716017,0.10442570341256945,0.1091557608131495,-0.10276953897829431,0.03001300065277578,0.07839929119467894,-0.10605506796836638,-0.03337872657223992,0.07803675967243416,0.11572636247347194,-0.07947902534098175,-0.03542428218821054,-0.05152412226290196,-0.09404959121844639,0.02303275833017399,-0.07718316760771134,0.009114145285043259,0.00409802736326715,-0.025408328312440918,-0.05936632907602131,0.05605775889018101,-0.034272601298414904,-0.058490246302323766,-0.06336185390683799,0.13169577110037328,-0.04951719857519813,0.04662708487627441,0.07790890043419814,0.13765634571269122,0.12626667988972232,0.06358021121970747,0.04648217935217987,0.10156706860565785,0.11004893877675387,0.08731855232800181,0.1469500857802951,-0.00879933138021025,0.01305315756559519,0.05182347922331424,0.09922751253571309,0.037768477102410145,0.013116674028522755,0.014939729603790043,0.03301671152469498,0.10372311183683168,-0.04052608632232956,-0.517667656499373,0.7894848057362417,0.08542349552668314,0.08076028158299282,0.10281139445878486,0.059995911521092266,,0.08025681578846905,-0.06274833060823502,0.14129041557437244,-0.01871084210418214,0.05412288607069103,0.05355676869056144,-0.14692225713442789,-0.10204513952013755,-0.0503236868200188,-0.08742289112619224,0.3558513074726591,0.5143697463077285,0.15281350130628313,0.163345934637677,0.12383408291519739,0.17220515098188513,-0.15631304683852396,-0.2590127939664666,0.6904872537030184,0.874145969421007,-0.4188601258271304,-0.26989845145401115,0.10100802927862057,0.16155091168481664,0.17388235202925456,0.459981234887271,0.08113931836476686,0.4646421138073673,0.04911704527930322,0.043712945124930555,0.0184169977119373,0.016076780468051853,0.00825888164197632,-0.011919555641784377,0.017004207095473893,-0.004226313747841893,0.8698283799577553,0.8531439186409878,-0.0183717153255417,0.015173268995592076,-0.6530364534690419,-0.533372129257525,0.03509348806973402,0.027711553429714975,0.02729815558220737,0.016060492566723424,-0.6329260546008003,-0.6854971534797846,0.009970756228604969,0.007484385957570777
mom_20_60,0.04535506787653895,0.07004880270048847,0.10899885517122236,-0.7966189101510415,-0.44778014188327186,0.08310186569799392,-0.3792883600192252,-0.5995035873720918,0.007489110600289853,0.021396112850194136,-0.05994274971633782,1.0,-0.2955912915518078,0.024761898002113578,-0.008293317812280931,-0.03929101443862553,0.009532079495772814,-0.6302983282260919,-0.033979687077666486,0.023710373483267783,0.14023769071157438,-0.07357737360786232,-0.06121070157852414,0.0412761260769946,-0.01400802851167147,-0.06081952437778519,0.04488668701850638,-0.17708639450587618,0.13724511088040078,0.026099328353823954,0.10215801827315998,-0.523851963986247,-0.1588619645245364,-0.03098059823328781,0.1063237707431204,0.1941125109951255,-0.032414618148438296,0.06523668996555365,0.018927293119028295,0.052581227314496444,0.034837875401029145,0.15627118806730195,-0.02439169395344776,0.07490723878058347,0.03008764736112469,0.03142542732048497,0.11499641347186956,0.09610382791674205,0.2690250978862245,0.09446730260419889,0.09087927203654839,0.09065364494805471,-0.13120711194000378,-0.0943312751569647,-0.12311784817974973,-0.013267799664200223,-0.011396807678948255,-0.15599685260509955,0.01741868404976301,-0.18010830390305274,-0.056731359880813716,-0.13172806068678788,-0.04974103438458554,0.10085674773152427,-0.038777370934583735,-0.007966903890960582,0.019961842395939716,0.07656446174640354,0.1084597468393098,0.020778727264160544,-0.035074428653789846,-0.1005993679167546,-0.0504038357847911,-0.07076667380112946,-0.029328634175269774,-0.054320536595116625,0.0005687585364817276,0.11048919024610557,-0.6685866698060888,0.11250370204865764,0.09720905252407915,,0.03653076199322893,0.1528689792519794,-0.0014966959817820783,0.0010282001130522934,-0.10604252632077048,0.04343284510480847,-0.027011527636504676,0.021176321942005062,0.0015442335122096752,0.004235461320256663,0.13907352698499226,0.11488985407081265,-0.1581957655332169,-0.1831306741938896,-0.054018196774134775,-0.03466370857345578,-0.09686705268012467,-0.05035428148703942,0.011318080694197867,0.0325682916881545,0.10696048452553286,0.1445973116427865,-0.09577087594229108,-0.12605791416758738,-0.09375913280820065,-0.250401611493784,0.06488138615571577,0.013393102459861797,0.03545020398513251,0.02343499482080915,0.055011821899886106,0.05703929099979656,-0.6052866122978565,-0.5807194931643291,-0.3695132590217397,-0.3778144763047701,-0.03472780793764318,-0.02683734680840216,0.006147759298677432,-0.004674947515728431,0.021455347240570063,0.03596293559736926,0.061403520544822385,0.05381471796214687,-0.4679384234118579,-0.4479377481306528,-0.18936114883585636,-0.13253012423560753,-0.5109979414527626,-0.4745966073481748
dd_60d,0.31772364143302945,0.39685571871286224,0.510597492997269,0.5655631150681084,0.4375111262134933,0.4922461115108429,0.6658411799651881,0.6277600268790664,-0.6100091597252827,-0.6120757647798291,-0.5541143404871712,-0.2955912915518078,1.0,0.5974005162358814,0.5857676807222845,-0.7040629017015212,-0.21020310705722692,0.6283786867600422,0.296359630770546,-0.08806646831940558,0.15214830031998172,0.17149420662043816,-0.11162505121451984,-0.10537535484112422,0.08361212439300417,-0.08794330484085051,0.16975044683323479,0.1993010377049224,-0.1742604779059929,0.13661554154028133,0.340893347344876,0.44155077758046973,-0.1367366419585686,0.061075391211450863,-0.09544378266047525,-0.10310896400356657,0.07676085829503186,-0.15305759461088644,-0.05240633071482188,0.028976206935061342,0.05712044077651486,0.14804568473338428,0.20504984325955164,-0.14162378232224648,0.1181185973054598,-0.019752970733543956,-0.03099522110656697,0.09270117944476641,-0.15534148179361143,-0.02355834165510878,0.10587726379496959,0.1256741802783619,0.15236421136327016,0.0018653507832560668,0.1928490077013273,-0.026225641463704673,-0.01138632945618877,0.054918214348521135,-0.04640468068586551,0.0969164371759184,-0.033185131426228684,-0.14554254295448193,-0.1464690255097343,-0.07320027125046008,-0.1694736369339709,-0.030549254794771132,-0.09455529850811574,-0.07843569375010265,-0.14806246818052976,-0.08095661460224134,-0.0028941558402106136,-0.0073838605370920045,-0.03522476640225607,-0.014025389747672883,0.010453749688798732,0.3860197679549612,-0.5227416574257148,0.43742417312815324,0.4895309889669256,0.5142087568240749,0.36310110387481204,,0.11298316249575535,0.15267699412264082,-0.09291621231446329,0.012332972679979378,-0.02836295578021021,-0.14245727721695228,0.24125155585215488,0.13607969078921364,0.03344378410760371,0.05785893674358168,-0.352924323206757,-0.4807061959787109,0.04469427196962122,0.0297520720863785,-0.09485518644555183,-0.12894281870111213,0.15420361795384824,0.23605432519607528,-0.4513714128516432,-0.567373601653716,0.18325574088816285,0.07952155053817317,0.03768347460169919,0.02485037650715971,-0.04411424796797395,-0.10787843463244792,-0.10537924883263,-0.3196182994145489,0.2401912071630332,0.2333185949639636,0.4623628985383873,0.4327062632313575,0.4878792646759464,0.455564312314474,0.34682488889131236,0.32042693018058926,-0.5730199836946787,-0.5635550729073645,-0.11946693539380913,-0.11867580271760744,0.5677966238870816,0.6107104245175197,0.40950092090117596,0.38687448899716653,0.4872680396333672,0.4388744670331388,0.8033945257937177,0.7282621254227164,0.5005562394092731,0.4527786163638813
risk_adj_mom_20d,0.16564014817326828,0.22762479378972075,0.3170221599096098,0.17141568389998488,0.13759233001994967,0.28207622816496747,0.2756529875951338,0.2257013058199975,-0.5348683346930281,-0.5592843608941269,-0.586538093762653,0.024761898002113578,0.5974005162358814,1.0,0.9201891565212877,-0.6027619177226007,-0.1315159087897228,0.21648364485959756,0.536855390623889,-0.2013789943599128,0.016817622168953477,0.015139901507931505,-0.05049243528064116,-0.03601915058463596,0.023986900848189843,-0.04393159563510157,0.12885394704783126,0.11875370287526764,-0.07102308161441419,0.09605510568289272,0.23222582544720702,0.18714095297078398,-0.10648417709189262,0.048587079060626266,-0.02942899919223529,-0.12758157000632558,-0.04749137607109646,-0.05916671292335394,0.036837735547370756,-0.04137363644509262,0.03704697656001358,0.08353374265871925,0.06663105287678232,-0.08647363847673897,0.0455266265799084,0.0030988552529300304,0.012450484892352117,0.04548239321079454,-0.07912731318595465,0.03705013390211634,0.02865458423707297,-0.0008987547776324536,-0.0031808855810039997,0.04338148338811588,0.025787072701295044,-0.013339719444427455,-0.027711438050600203,0.014988756853385672,-0.04648523673241199,0.017191856129896328,-0.011386786354387725,-0.06423727760011089,-0.05509708166883314,-0.022539223279594692,-0.07822226416634327,-0.003578120262469035,-0.019562902578372204,0.011669428767491793,-0.029053824234611496,0.0065855416983854045,0.010612058097426517,-0.020476480913843867,-0.020962638023144943,-0.03119297095027561,-0.050315609335589706,0.3976690786240566,-0.8192014535693332,0.25387278029722,0.11289190270989913,0.31258617177615494,0.24567139320722467,,0.013998605472685355,0.0772098667439934,-0.3109391446490424,-0.04523972473983811,-0.04241671832449032,-0.05310835407774996,0.08356246319494129,-0.004427906128585059,0.007396053685776253,0.023816488606256864,-0.36320450354101314,-0.5055790306642418,0.07147779002281851,-0.044501871942124405,-0.08264066096964352,-0.24208924584094865,0.07619383514001803,0.1692387090280813,-0.7796503153104533,-0.6621639286957313,0.3529821675219723,0.11513454014619351,-0.0627510239868391,-0.006598799265331074,-0.13817224520366647,-0.13738308743352728,-0.09205414252723244,-0.3233100803053512,0.1303328684533285,0.12174879170737125,0.27198885896902414,0.25327799885783114,0.1284722798645334,0.12158533831289295,0.1051867871797806,0.09714044315768883,-0.6530793122870234,-0.6404836190541627,-0.09098645166078709,-0.08254432868840449,0.9371465709833376,0.8156227525777762,0.23684186395855977,0.22311864070299972,0.13523372354134627,0.12116873407385646,0.6028369341469584,0.7023661370433045,0.12399445310616705,0.11290462922525198
up_ratio_20d,0.16859531469759564,0.2412477836608073,0.3444232223168428,0.21660180813203875,0.19550283912256233,0.2993375235385976,0.30891729428382136,0.28105246014180474,-0.495425216183031,-0.5044850976869016,-0.5252688000571006,-0.008293317812280931,0.5857676807222845,0.9201891565212877,1.0,-0.5139640388631727,-0.11452135940888221,0.26666872141967396,0.44612349996571415,-0.17313215307541208,0.03837918921000046,0.03324396503761564,-0.009493895533296241,0.00825539206051674,0.049959416792079214,0.009833474699084131,0.09456273635255713,0.07259165863359447,-0.02692676449861557,0.06617758453080057,0.24437651296250235,0.2032759732417048,-0.10072758607971846,0.05500052120020591,-0.007850456609413215,-0.1261503388610665,0.01759135399338293,-0.12571565648788083,0.04494030321500792,-0.0763894133352812,0.03440858267333162,0.07738664619135004,0.02829751677967555,-0.07551663047635881,-0.01690889814731472,-0.021126457790489814,-0.03359101504691018,0.020921891295396174,-0.08736278384011012,0.002058099979616226,0.04026443684857496,0.016215133866740394,0.019838484314181407,0.07476100871024832,0.05443952045540812,-0.024980444168872924,-0.03624938712780017,0.044176913492918746,-0.04012335766595309,0.08116617058186273,-0.00037167783696024053,-0.05114866233201796,-0.0589177016772737,-0.023371324838296417,-0.05937235359163523,0.02081974968901517,0.02205388347881066,0.029737720223615344,-0.007343283113632634,0.043043057425886086,0.0034445960441602474,-0.014840659862980955,-0.0029420954657205316,-0.0034082352256578873,-0.018616335452849977,0.39984309405380775,-0.7596342300868224,0.2579825879490843,0.15113640196098532,0.3411390045625451,0.22383919711962366,,0.00723573346198091,0.05520339174913031,-0.24232063820674374,-0.03549078178991511,-0.027492728678274958,-0.023725193206318707,0.04314676662687572,-0.05647940605053785,0.008693994081308986,0.040515900756747845,-0.32694676850236065,-0.4563495352352688,0.0679225419832356,-0.00652227729641978,-0.05976299645031985,-0.22062287759032198,0.0577396319441933,0.13486967185724785,-0.7366326825662194,-0.6231974375705467,0.37605910107683055,0.16507066356827835,-0.037468865603764744,0.010505804839573965,-0.12192320189113261,-0.1308934359527282,-0.09444417102096941,-0.3100775566404761,0.1380494785986568,0.13591133896105106,0.29910526333114007,0.28352651899506065,0.179823742648397,0.1731948564932409,0.17175317753543545,0.16495655669219988,-0.5936035988697581,-0.5842979533912873,-0.06622183141835992,-0.05934529816966001,0.8839818061701896,0.8032089534517177,0.2525795900204603,0.24499119587405627,0.20507842701396964,0.19518039014022862,0.582368314305752,0.6784119088406366,0.18887041348675357,0.17970494326308376
downside_vol_20d,-0.06233110804027922,-0.07624069015680593,-0.1621203199987878,-0.06468189877110057,-0.08134785897725473,-0.12914844900223724,-0.15287956191545937,-0.14365493584893074,0.8555899524750463,0.9405178886021819,0.824972386961888,-0.03929101443862553,-0.7040629017015212,-0.6027619177226007,-0.5139640388631727,1.0,0.25347159360671073,-0.15404627414769131,-0.4299560620993706,0.09720303805270901,-0.1250342470196342,-0.07424740529262208,0.05404508910022391,0.05706814728101531,0.02973332539568694,0.06271787476826564,-0.16448467571137462,-0.16046881385796938,0.23494177382324113,-0.11207405689214993,-0.07651247208901592,-0.075951121632362,-0.03274089349445173,0.027212049551387656,0.08952744603560646,-0.035692547515609865,-0.00870685427273377,0.007723753807067209,0.09894525423650322,-0.047646698734474434,-0.0720530080950539,-0.1418206774331994,-0.13400612485213834,0.11842401325762149,-0.12413203761172495,0.014902715050837474,-0.039256005316973916,-0.04248523693765397,0.006965905837170685,0.0383395369592451,-0.05179878416688329,-0.08549822256084837,-0.037839266164079226,0.15145142389734387,-0.06693237098492644,0.03410628894897261,0.061142052812519124,0.057037847460861005,0.10034440065066924,0.054032819302198276,0.03152782764668649,0.12945098341891634,0.07879987438493388,0.0836389026511307,0.13205072999073794,-0.011264980568193713,0.05516154912360377,0.05726677795366415,0.13544890042008695,0.07750030387186728,0.005668899109874753,0.060360923332987246,0.050562212449827525,0.034220956801997986,0.048339744137150815,-0.43610388812231315,0.681745595191644,-0.15446754636565294,-0.06514088114863151,-0.16740451875576806,-0.12224773625825405,,-0.08798366954735656,-0.14680309657476212,0.12217849293246687,-0.015507644462278142,0.09548989965396144,0.09158030508479606,-0.18183701718473896,-0.14309053556131768,-0.04332773647358328,-0.07528689084208315,0.2961565904260353,0.4624347938140229,0.06982290136552331,0.13970615807505019,0.12834469348078373,0.2277562059048685,-0.15174629362936634,-0.27039979156273275,0.581027979441206,0.7395676368615959,-0.3001444758725081,-0.1487262757985335,0.09083253247007711,0.15458155564024434,0.08551565763040841,0.27124562708654826,0.1044542271172524,0.4321438015825748,-0.030035902749006818,-0.0297864440085846,-0.1922336338461888,-0.1828908110181927,-0.08422096152021302,-0.07195864245456397,-0.05121765636831782,-0.04884291680503752,0.7950062215471202,0.7688968758914917,0.14981133578510916,0.15995026875073098,-0.6258711514925724,-0.5724119173836593,-0.11814591369064421,-0.11460858326318424,-0.10211212280046189,-0.0808946870239714,-0.649172120225066,-0.6629837936824053,-0.11482973879263304,-0.09240095769549624
vol_ratio_10_60,0.005418757015778597,-0.07745499751621805,-0.11971352437480699,-0.08102364233736253,-0.022188011304022412,-0.09486028519197807,-0.12632866199892342,-0.0910653801991808,0.4631847485399223,0.24090145587783726,-0.025075567285095537,0.009532079495772814,-0.21020310705722692,-0.1315159087897228,-0.11452135940888221,0.25347159360671073,1.0,-0.11229332616413824,0.031917769990857624,0.11215788878741595,-0.05010825434652922,-0.00024905450154607146,0.06816020350747877,0.053401458807166055,0.030932021172540694,0.08070221628873021,-0.11613771368070493,-0.013821440876385201,-0.009166879211504313,-0.11132768365667506,-0.07269582512436804,-0.1565320053729367,-0.03346884676497156,0.08829620556484692,0.014546920545548693,0.0406313175162002,-0.010766867292509029,-0.08454768451350102,0.011633563632673033,0.02826211207591085,-0.030955388959302586,0.006183935025804823,-0.0019460872224940544,0.053207292296274473,0.04019275707764285,-0.012735061049143149,-0.05287637978545937,0.014428113341887108,0.12138563271199017,0.05188972527851765,-0.016524107030981828,-0.036921902694636244,-0.06424722825826888,0.10449306353673203,-0.05711967640359572,0.06413841941096124,0.061075777096221195,-0.03031710635202231,-0.07848444288934539,0.007476354054393116,0.0353415496797112,0.11012473243361659,0.018028924196418404,-0.07964078280266097,-0.008566080526990661,-0.01622376707269455,0.07287601445356838,0.02470308038901271,0.05128693956802296,0.11665646197140632,0.0787169595121045,0.03931651078861104,0.03669004431655227,-0.08454485264213972,0.08612101480588345,-0.015833842985639317,0.04747776132356044,-0.10748204874946825,-0.036286292677841794,-0.12084460561653086,-0.04819471119208757,,-0.10785859438861706,-0.04475338607143858,-0.04373199281703843,0.03425680995573749,0.04438825618057074,0.055273065168223695,0.017879355441399538,0.030085156221071503,0.016130152125236812,-0.011733317500930563,-0.0022717462880116487,0.010085343452913079,-0.022468978507098173,0.02356600896794713,-0.008141253842447472,0.07049033565005298,-0.023971358214873832,-0.08870624549773787,0.011902625880869698,0.022887792113263576,0.030836640658954292,0.027329523347653862,0.039134794160932865,0.039684497801045125,-0.09519642810893081,-0.12173063384439155,-0.00128182573075907,0.09511652105494708,-0.013408356640881103,-0.007240420773604229,-0.09114125983442257,-0.07814727649207824,0.010739269805531393,0.02811728770062764,-0.016978676228203878,-0.008553951640606178,0.13077871001483354,0.11285095075924592,0.7370764023747711,0.6662121053254573,-0.09754366723319008,-0.09223339286231752,-0.08473855249550433,-0.07178954411906609,-0.03298908683263176,-0.0073951222105640355,-0.09792320264423185,-0.08658261907051829,-0.033229929557275724,-0.009512196598676447
ema_trend_20_60,0.11614899038926707,0.29296419691031395,0.5831826301649556,0.8985217592783428,0.7219174439179115,0.3962084071885559,0.8670758763753431,0.945752420876641,-0.06708260383420357,-0.03883411946362603,0.04906310391622639,-0.6302983282260919,0.6283786867600422,0.21648364485959756,0.26666872141967396,-0.15404627414769131,-0.11229332616413824,1.0,0.056281558852070944,-0.04006473463773327,0.11130626437773584,0.13161534986496895,-0.05543362993111713,-0.12206970235453563,0.1204359652992887,-0.020288326745008925,0.12047742832851194,0.21222238765642606,-0.24275956748237523,0.06673584628820992,0.38190771112095917,0.6337169371731822,-0.1573247868392813,0.14400276933743544,-0.10934299648049756,-0.28803808640458295,0.05614111525713417,-0.1605057797465368,0.015571719104208166,-0.09533758100313922,-0.038344314049166446,0.02303669095902605,0.1376069925580028,-0.20279071681625285,0.07024483854706966,-0.06072545827622678,-0.095065267289593,-0.006999839404512705,-0.2983423521513074,-0.047446605743316106,0.05879666917681049,0.1351460834590297,0.1713945060091204,0.1881469287215524,0.23964890851778953,0.0345838610766627,0.09212175530874382,0.25918368634834926,0.0705952235720918,0.26193140660672987,0.05540538237909983,0.017582646221432487,-0.02173284124923047,-0.09220295846799416,-0.0854459941819076,0.003989281428779602,-0.035872549436241685,-0.040534305536360254,-0.12885806511102602,-0.015289000211408756,0.06302675195757351,0.0826000735051371,0.051956101413037754,0.026915853371479153,-0.012978398540613738,0.10494312773874966,-0.037902502659857604,0.4791150879154242,0.7605013488978105,0.5857483562790075,0.38717413293981534,,0.1336373483908821,0.026548243515017052,-0.006565836693365402,-0.0011616792123169144,0.08579046418293716,-0.05678963309626253,0.14548201876076802,0.08352951366118226,0.00036622506287007614,-0.0018443551375344372,-0.1958479427827755,-0.24288435618711254,0.2615774405259597,0.26189141762362056,0.05254839461801639,-0.012101064817874251,0.061160612723544026,0.054794281946466156,-0.04008072650435752,-0.07126202615360389,-0.13722064307038595,-0.1638807043275677,0.14301621137884105,0.17951688979102676,0.07672362203789763,0.253227437634061,-0.0811563418283635,-0.03629239677217332,0.11020258100531671,0.10288084872289008,0.4753541749242337,0.43290370402116135,0.7001502466081002,0.6570292710772421,0.5989028841421404,0.5559540261754277,-0.01763881259135734,-0.028035169714234136,-0.052900480453036594,-0.02874625416278279,0.15985448287644932,0.28256568957750117,0.32519562295427906,0.2954231657447783,0.7327474471217339,0.6794837578335432,0.398212989608381,0.2965511648568578,0.7707256157822726,0.7152399095196493
return_skew_60d,0.060413287978508014,0.07431377281396467,0.08330848223085739,0.07998143465782186,-0.020592021543000424,0.08741643981765804,0.10051444585271918,0.05187742238114382,-0.3305986138656165,-0.3550526472566719,-0.4363978401161669,-0.033979687077666486,0.296359630770546,0.536855390623889,0.44612349996571415,-0.4299560620993706,0.031917769990857624,0.056281558852070944,1.0,-0.06954931406603682,-0.0008986895029503609,-0.03780428830014258,-0.015504685378742064,-0.022015452966773544,-0.004094822405964723,-0.01715289143085556,-0.004198813189263442,0.13587430351745078,-0.19245553681104136,0.001021398121368011,0.07826312074612107,0.0893082519476566,-0.11753958415221304,0.14523732229143066,-0.002136638195580818,0.06326660942008633,-0.06034434194301102,0.1434883656139689,0.05981810029345078,-0.0033700330044207747,0.030230043807238566,0.07412343732752291,0.1991569105113675,-0.11113423047128156,0.2722992138806843,0.03663907822225637,0.07826735318630137,0.13164498444425654,-0.015204011731954507,0.1854665292624593,0.02294374633417116,0.024957441984101207,-0.03885330489748572,-0.001348500521474473,0.03410086544971254,0.018047931385351067,0.06123810305609539,0.08019692003914368,0.08511748912178185,-0.04174451954401981,0.03744499194212783,0.06233444626295266,0.13200466480870937,-0.059618248657105466,0.07321718255107527,0.0008693123741132155,-0.021947404995866098,0.04907822464943781,0.01689133245705464,0.010864782257826774,-0.023123547283913207,-0.058350331029378845,-0.12409440008359683,0.030901403106315197,-0.16407590683589043,0.17799735765374458,-0.592405293385823,0.0748931923434503,0.038671017906800616,0.08027233015578603,0.11032297084016766,,-0.0523815473928114,0.029320721992262305,-0.10339256021668664,-0.006612092977448933,-0.061629225607181044,-0.07732114533770733,0.16747742528191475,0.18211442687319485,-0.026101250182408546,0.014788529797107482,-0.10962449725986151,-0.23655291525085648,0.10227672485375171,-0.12869523135031607,-0.14185261212965342,-0.3709208716570148,0.07993099987121838,0.14746026370733817,-0.5686225253947582,-0.47138804035672677,0.3395339266434893,0.02241446267873105,-0.1249458170969867,-0.17097576103260587,-0.0968246252079024,-0.05839878995701578,-0.22526494819466336,-0.23100486704172626,-0.005240127912058654,-0.014044575985232063,0.0417693360552332,0.023415625423585953,0.020614879081291154,0.014749663237780146,-0.03859278461798336,-0.03324073511894974,-0.39099989790322887,-0.4143170785487246,-0.04330038745416034,-0.07321399257415198,0.6028573723148806,0.466414528015962,0.018519424548512433,0.017049390044905566,-0.022385686260183033,-0.01601156463877932,0.3091027832408161,0.41638724072302274,-0.010176276389547786,-0.008052023539871046
return_autocorr_20d,0.03892675455791428,0.048071679549052324,-0.002377565761657505,-0.021905530339208272,-0.0167452405180845,0.029809957301012942,-0.02503043835788079,-0.018034636919329577,0.10066971973645296,0.10978457533328852,0.01204047912744821,0.023710373483267783,-0.08806646831940558,-0.2013789943599128,-0.17313215307541208,0.09720303805270901,0.11215788878741595,-0.04006473463773327,-0.06954931406603682,1.0,-0.008022762817311895,-0.006369876577368396,0.010764500327901829,-0.02130249378034177,0.05977909726124852,0.03784400184934616,-0.011682872561275644,0.006900316920890349,0.02451267047494499,0.014837330517983749,0.03195564179409133,-0.04889024383075563,-0.05570923385986016,-0.12308842060131861,-0.08176850916154861,0.05098195673932336,0.13118779257553176,0.08587522542253759,-0.15187501673349654,0.08752704299689996,0.003130625459321708,0.036298566829575316,-0.021237415565830777,-0.004827466124417671,-0.07261218274801201,-0.03983328627721579,-0.1147017458064371,-0.15963978750683624,0.05814318723043379,-0.19139670775582052,-0.005170176979983898,0.007442231084541665,-5.619240528492787e-06,0.09057672208406084,-0.03763022723916604,0.03349482227988459,0.1248363784882936,0.14105586265653233,0.19832540311927002,0.08437820863267598,-0.02273382329282138,-0.016206768050685338,-0.07992136383856754,0.050906341540946844,-0.0008168196678807468,0.0006922804766584763,0.023684963518129168,-0.11817562922580634,0.020939836945517612,-0.12452972711123333,0.031437854034945846,0.05296957752768788,0.07678101097164934,-0.03509936432380309,0.09785298938346215,0.069247874253027,0.07921692764097604,-0.038473270918072344,0.010042373289224046,-0.0014921537574664157,-0.019998281704024456,,0.008884452909436406,0.02409621250988436,0.1675509005792079,0.10106657095512453,0.013973854418796552,0.06868331895920252,-0.008473754031126574,0.03655146764294542,0.0736510692281601,0.0894465656747585,0.10053727412529812,0.09610490776569323,-0.008602987377796396,-0.020451265821442466,-0.007696062807330155,0.025800758143572987,0.05546205409927174,0.08565316825246919,0.1389936721954086,-0.022422360535711065,-0.1530477189109108,-0.1087122479019611,-0.04631176831015631,-0.05585423643258552,0.060992173246281416,0.013228029613893062,-0.027526757837400807,-0.04449209005473048,-0.005163907201630914,-0.0068773542213789885,-0.042734496723283465,-0.04127421493512168,0.01839271109281133,0.009452579725878358,0.05737813923033343,0.050422940235442124,0.03750474836525136,0.023416118595592988,0.05068218068276588,0.04194678748028665,-0.18222726600076858,-0.13785532026162914,-0.014807950732438674,-0.022859364233668664,0.04120315294521064,0.011011127589717663,-0.03838209796707519,-0.05237478834884199,0.013162572249976367,-0.013392695713664157
credit_spread_proxy_20d,0.05142572267947476,0.08474324167047076,0.18769677460574874,-0.006871985435978914,0.15775820028460155,0.12070219682027813,0.14352389711787514,0.09332061546082275,-0.0885860260049296,-0.06392583976535923,-0.10789107052922844,0.14023769071157438,0.15214830031998172,0.016817622168953477,0.03837918921000046,-0.1250342470196342,-0.05010825434652922,0.11130626437773584,-0.0008986895029503609,-0.008022762817311895,1.0,0.5615424008419713,-0.05049386618664278,-0.17350839140018703,-0.005927981836759956,-0.06468626164815444,0.0195841289262682,-0.09869883433631249,-0.0806055750777755,-0.002161873622569919,0.33139513160461237,0.04660826207175696,-0.3362451326106053,-0.06103081715674216,-0.19811070116080104,-0.009383385667570307,0.13747830410863915,-0.08213118599814785,0.12366397261939532,0.19718806907836653,0.00743703948731758,0.10910675326644424,0.27439647838007336,0.022471721863114285,0.09396541307683674,-0.06469046793762048,-0.0838462149931723,-0.013161493325285264,-0.03983270218020233,-0.1908729837317986,0.49328695204564676,0.8758029355361663,0.5213646213503981,-0.10376783115846917,0.5051530258013249,-0.026927888843464226,-0.031163839269952493,0.022053758015404094,0.007086211790147527,0.06267913130202751,-0.08264234045020227,-0.17328794699720906,-0.17364186427725994,0.1275603858380987,-0.2013776569602515,-0.005822735754105137,0.018487226028429737,0.07271351230489942,0.09778247141019504,0.07266869064342388,0.04366261073151716,0.050543591228777274,-0.023752978590270108,-0.08440803048423683,0.20552020602893073,2.314883285752295e-17,-5.564708273914605e-17,0.11814191145640535,-0.0008814002465415968,0.24883559787765372,0.1479792124302,,0.015008554465006924,0.0487869631719635,0.3834437240071794,-0.013931685946894912,0.03908927990645477,0.014289251645833285,0.12244380167983004,0.042004357184262826,0.005870032479012543,0.08466759255986911,-0.2189414251539537,-0.18769009088893282,0.013228876172183329,0.03720804123296905,-0.014127589301646303,0.11743143687920879,-0.05556824470182788,-0.053334556891997335,0.0002668289246232506,-0.011883435189891994,-0.025929203401354364,-0.010962202203713972,0.017849490705995296,-0.09200439744154741,-0.1846967338357349,-0.23385314504137109,-0.020767136916490434,-0.10436264225738227,0.05207318737339639,0.05451678513927626,0.10945644770855988,0.11114017106504588,0.03534653380258882,0.04534281605366921,0.07371605668520377,0.045067971480194285,-0.044756728924982746,-0.03177834701346709,-0.015494560129020151,-0.016283635410049405,0.07802164846499675,0.11084287760656736,0.07822384688756881,0.08398038796198605,0.07543910901408757,0.06396400693494855,0.09898267336698664,0.06469632397778888,0.07942025307302436,0.06598335815027663
credit_spread_proxy_60d,0.018325132654811914,0.03550398716336147,0.0751547671881581,0.10919202909439525,0.10882233266571177,0.052511493395683624,0.12413366179868367,0.0965256536748856,-0.07947867494520364,-0.07323307813375474,-0.12575119018103872,-0.07357737360786232,0.17149420662043816,0.015139901507931505,0.03324396503761564,-0.07424740529262208,-0.00024905450154607146,0.13161534986496895,-0.03780428830014258,-0.006369876577368396,0.5615424008419713,1.0,-0.17862039551306652,-0.3176290885823628,0.09744472024093696,-0.17326457976472168,0.0702427182594863,-0.04626726007627259,0.09734759672184838,0.07338946581790765,0.17692814462346437,0.2460062776625247,-0.197340537076614,-0.14325931416505505,-0.3021092661445099,0.01745032816083876,0.27272609474497717,-0.29445868936162234,0.13054886718421616,0.2843488787328177,-0.026181493110639234,-0.016391100050362473,0.23538796329267464,0.08718211462954885,0.07855478074780013,0.0038390873044924184,-0.03323954449304805,-0.017916144586964812,-0.10049168014127656,-0.2523170771686515,0.20453746425299044,0.47174175143298336,0.9129571309850443,-0.2373109179739735,0.7349040895625044,0.003782424036256812,0.010461737282905887,0.04222653929026404,-0.12644300426393687,0.14415788674713254,-0.06809144020931039,-0.23397439589493238,-0.39297914080656515,-0.013987064566140121,-0.4088130995603021,-0.022990433845455148,-0.052509198328489805,3.338090926330777e-05,0.10144684926253106,-0.033506732914375774,0.01618148171274456,0.03778788399229608,0.007278257124485971,-0.28558305631201397,0.30494294686545514,5.69631749001227e-17,1.0277010809150451e-16,0.07343924484528595,0.09469384830220681,0.11597803293036842,0.07900444213330834,,0.05383142986531232,-0.007329262126902058,0.20653780274028527,0.004676883262740135,0.02922430200421741,-0.04058570753031977,0.1050370517339711,0.03511550645090946,0.00799060927395862,0.11192301324125703,-0.3833864577243587,-0.2730543188290914,0.025329454465790567,0.08557605191269604,0.0043288982514656845,0.17424023218208456,-2.5509956478416834e-05,0.024591976779321414,0.02505144183293765,-0.022415280754495365,-0.03167791552304794,-0.011483927364084224,0.19105928268692735,0.08019238184094697,-0.06339638055545901,-0.07006802367339887,0.043548944607571985,-0.0894630003256611,0.029462033769258412,0.0335455389595978,0.08383659480960147,0.08076154294767737,0.13082922632106628,0.13330065371549674,0.06731678701613338,0.06983803868248911,-0.07350377506398464,-0.051768879279639975,-0.03358026164562849,-0.03017132417301033,0.05587284350800775,0.0766977380834136,0.06278212952136532,0.05715344972244134,0.11712202978851222,0.10282002644948099,0.16172412155908955,0.08839159126829865,0.14682796294046266,0.12107318811267719
inflation_proxy_oil_gold,-0.10376144939915387,-0.13545729705013618,-0.14325577901571926,-0.03429574225921753,-0.07917856440298493,-0.1545431899889324,-0.1213497205231165,-0.0752864852656646,0.046409215174057,0.010607806253137727,0.014091871742110471,-0.06121070157852414,-0.11162505121451984,-0.05049243528064116,-0.009493895533296241,0.05404508910022391,0.06816020350747877,-0.05543362993111713,-0.015504685378742064,0.010764500327901829,-0.05049386618664278,-0.17862039551306652,1.0,0.7595498319369922,-0.33298258205015685,0.935507469491671,-0.14214187827199493,-0.06858938758189341,-0.12968096529791956,-0.14440946922411257,-0.1353864263398059,-0.12322259675887508,0.003166037262299974,0.11927227660842935,-0.052173997800527734,0.09764183173279994,0.10293433898260221,-0.11618623380255308,0.26080762459175694,0.05624519402147596,0.029229821563783544,-0.03853957011562422,-0.04270372993579335,0.009172934421185231,0.01631872896507733,-0.03968853770750607,-0.07884686069822454,-0.217115949361611,-0.056073331076442016,-0.06304773636083444,0.017723508012438497,-0.028192582404046856,-0.15632104385540607,-0.12526398341687656,-0.01571180183868156,-0.08970366649944624,-0.09095909419850232,0.020720984806709523,-0.1236711780540719,0.05490361290197434,0.1432075574546718,0.29527283373695296,0.15638109873108133,-0.07291227358944115,0.13849890603141046,0.38974000456799557,0.7465080343884023,0.47004505343269126,0.264026692538618,0.49187808075703454,0.0061774859471137745,0.006758464164896971,0.14384603463340717,0.20024151266133172,0.18467046277012394,-1.302285323848308e-16,1.2461411817282966e-16,-0.321925394621715,-0.1805303141786828,-0.14526094773675197,-0.06045465015281735,,-0.1089322956275151,-0.017232925841928957,-0.012343266216353658,-0.0406629466738836,0.005226844611884263,0.5769952259256418,-0.019055663797568113,0.007294787494647184,0.0968338199143304,0.027966765907122347,0.06564532904938788,0.00583773503178206,0.012429416427902726,0.032592281517940525,0.08555548906205857,0.10551817853467658,-0.3592121700916889,-0.36100966248022864,-0.009481073584808763,0.0005047126547659117,0.07715290094271453,0.08081385461145794,0.09828336006100351,-0.002286032073852419,-0.04603794289090012,-0.0717162053837971,0.07299102682030725,0.07251338138105339,-0.09263477133678855,-0.06428036031000196,-0.17548352181173563,-0.11722460243899743,-0.1024106086685995,-0.05324862077671603,-0.09833074887045232,-0.04286512641869295,-0.00048689101987984407,0.008537241898576896,0.05841832070237671,0.055913358381095915,-0.05739971420723144,-0.09159935990203565,-0.14946070060443273,-0.10956842070420555,-0.12785649530927784,-0.06212870743913608,-0.11056971532477601,-0.06846621504091906,-0.11901523052126102,-0.06350881534121275
inflation_proxy_level_z,-0.04418770460407586,-0.06901306356984567,-0.11461616063831732,-0.10531590038753229,-0.1275574538280901,-0.09052230170867737,-0.13939677602971254,-0.11860365145059801,0.02923028336624178,0.01714065968512094,0.018848813937019315,0.0412761260769946,-0.10537535484112422,-0.03601915058463596,0.00825539206051674,0.05706814728101531,0.053401458807166055,-0.12206970235453563,-0.022015452966773544,-0.02130249378034177,-0.17350839140018703,-0.3176290885823628,0.7595498319369922,1.0,-0.25851764615294576,0.7306453634864283,-0.11321250314877042,-0.0801367377708898,-0.08029285073079599,-0.11255940221768054,-0.12796149896856437,-0.20026429810667776,0.06520528217096927,0.13386430639544195,0.054353425316635846,0.21575475953051917,0.20277315655719852,-0.1590006220027725,0.20327819163220498,0.025000195429365452,-0.0022288092294215343,-0.03200246230698021,-0.13340486835030477,0.014070241420856866,-0.0919729912373671,0.07150388155597756,0.0658060441361345,-0.1944282531874363,0.12180782941342089,-0.02164837610835064,0.008085921874787873,-0.1398384313000277,-0.28741568048092764,-0.10365749593942092,-0.1868828321823129,-0.1222013627683533,-0.13964923128136247,-0.025195603717613573,-0.130518249295372,0.03756249951556559,0.20548525769182466,0.33239076650182414,0.2739382898883041,-0.09817952235226547,0.26618275115237694,0.38759614365404216,0.5935992784371932,0.4979944868719905,0.21704670133372325,0.5464098412632831,-0.04973959223310986,-0.08714011804737096,0.1839991124974234,0.2841817034665836,0.1692129997217757,-3.2491923330603885e-16,1.5391355528960173e-16,-0.2528292121673331,-0.21980069091541282,-0.12584880150723274,-0.05713916721428499,,-0.08676188897781467,-0.01430986536800354,-0.061224011340151915,-0.06242970309544226,-0.0673922129913043,0.4588081226101912,-0.05952918688986641,-0.041113706083326436,0.08671509629194883,0.009602804189932288,0.12069710164279783,0.06943649541094658,-0.015113502262558105,0.022298123821370527,0.10943738627777137,0.0966859954060782,-0.38057134952617994,-0.40103277638787443,-0.01844032597183621,-0.03562123305794156,0.1393176365183248,0.14116928636444714,-0.022139331892602396,-0.09408245862746102,-0.08403883574547759,-0.1409500022323616,0.08443437463090038,0.09725271794265862,-0.09319707573093572,-0.05856089803688709,-0.162237753797001,-0.11042216374968035,-0.14581156282097693,-0.1170051857694947,-0.11054806232090393,-0.05954807575407269,0.01834507578534637,0.024739593430226255,0.09270599736608512,0.08240158192148703,-0.0692750888889442,-0.09276075536510861,-0.14034105332646213,-0.09908309299633668,-0.16580103500999782,-0.10591962083510797,-0.1511911824546552,-0.09119957457184798,-0.1647928286732947,-0.10813930807318908
gold_ret_20d,0.0810648592963062,0.10290885804544699,0.14181804207923795,0.09832781435392825,0.16926175979196836,0.12311949161574552,0.13036046326693218,0.14851901780175883,0.011444778551899753,0.04200638632838335,-0.010333736021844002,-0.01400802851167147,0.08361212439300417,0.023986900848189843,0.049959416792079214,0.02973332539568694,0.030932021172540694,0.1204359652992887,-0.004094822405964723,0.05977909726124852,-0.005927981836759956,0.09744472024093696,-0.33298258205015685,-0.25851764615294576,1.0,0.011772775062382581,0.025060481724899324,-0.011477608638851802,0.05260007465922509,0.02414139643680029,0.12560435631302452,0.1290728022661937,-0.029237555140955933,-0.08516139067095338,-0.1891364721783229,-0.16874060202334298,-0.13928060607464354,0.004584823041525724,-0.24525781178098205,-0.13198271547396767,0.0450477531375009,0.1701151646342,0.16781898807290924,-0.05491488153106606,0.04889227589917488,-0.054118572788917046,-0.08131334010437993,-0.02236417003600193,-0.2627112347238021,-0.18903422140522622,-0.018287250411383297,0.030361391793254578,0.10310853129650527,0.24879674611609282,0.04237661916104007,0.012079138500227338,0.007935454147525936,-0.012948963298023926,0.1323299849219843,-0.01949338583234313,-0.1013545811460643,-0.26586303162263325,-0.2018843914117963,0.08347125180715124,-0.2809299443203349,0.11343246649010152,0.06428461781145209,-0.11861644365489923,-0.24509303259731344,-0.08396936332088577,-0.014778940621300717,-0.058611359219198196,-0.1757524788722438,0.03786574248786566,-0.1819355161252772,9.185655790140427e-17,-1.8534270774839967e-17,-0.04822024512753815,0.0054161538368602885,0.1406939120392472,0.05608662274248344,,0.01920542937107451,0.0760668063482164,0.013292813557560578,0.0035475171743652666,-0.04532871073301492,0.049687231575546,0.07488578211724321,0.021855793032497416,0.009974430806061144,0.08385195287929795,-0.04329931081460148,-0.01574507346419292,-0.007767394196855626,-0.011571805300316063,-0.10453252550273477,-0.10395546740034124,0.09064763009985864,0.061628587849447684,0.014424702076832285,0.0151983436689154,-0.1842174847790368,-0.1969985176695161,-0.08679208710824865,-0.05700040155306208,0.24235358076142335,0.1970362241805025,-0.05936959831245136,-0.008890780973572859,-0.02883260200216971,-0.01965159423085856,-0.08278580238425523,-0.061648680198583605,-0.01458002611199343,-0.0007505612269470263,0.05138780664595183,0.032086562449337226,0.03787975328211323,0.010289255203721781,-0.06132734043176934,-0.05494729754974709,-0.00772373818184305,-0.013529090507661863,-0.06567157084662252,-0.049348767612389176,-0.022458118753302756,-0.01753066604498978,-0.046366817618623705,-0.0319154848201208,-0.029851821678689907,-0.02714558522580949
oil_ret_20d,-0.07851276217366936,-0.10211309432730495,-0.0966524490100754,-0.00629357080119389,-0.03141097651313592,-0.11494204623281999,-0.08159433370106257,-0.031085755946268334,0.050406364693113874,0.02314605834469295,0.009738762990375634,-0.06081952437778519,-0.08794330484085051,-0.04393159563510157,0.009833474699084131,0.06271787476826564,0.08070221628873021,-0.020288326745008925,-0.01715289143085556,0.03784400184934616,-0.06468626164815444,-0.17326457976472168,0.935507469491671,0.7306453634864283,0.011772775062382581,1.0,-0.13633217143860452,-0.06841661395365674,-0.1279864588001795,-0.14008043990005642,-0.09878571084269643,-0.09236493950274222,-0.001879719646189146,0.09724974848255097,-0.1141769590422785,0.0579911293768977,0.06036031830042372,-0.1190085321391259,0.17508039007844722,0.0033022712564542344,0.04555109711000534,0.02486401213125193,0.014324268178755591,-0.019388942158843594,0.030932898480978393,-0.06207269471926286,-0.11525972215052366,-0.24381356856110853,-0.138865576422767,-0.13504205397732233,0.013134546535621966,-0.025028599793128048,-0.14723051649285346,-0.048986673289395884,-0.0216358034784426,-0.09436683580687154,-0.10115992771285515,0.01578958045107943,-0.07871720829167649,0.04230451713408629,0.12548496503037437,0.22464773285618297,0.10185796588046363,-0.05410330295254867,0.05865327725411263,0.46559931467818055,0.8098520432693962,0.44880176350781625,0.18758923438301137,0.49586375253307396,-0.005264106529378601,-0.01709112555563728,0.08117763724250826,0.2338851396614623,0.12009136225019806,-1.3324606159350844e-16,1.3388834443977445e-16,-0.3584618454537653,-0.1911327887948213,-0.09993201142256021,-0.044111184189937466,,-0.10447995047788225,0.01111791532456612,-0.010958012495684207,-0.045223193814407,-0.013217893199094517,0.6259554367092683,0.006391910940120838,0.013827603944837372,0.1087409711729406,0.059902063566343255,0.061827860554876136,0.008038803518760003,0.00947132930596952,0.02511311476671688,0.04828212660074392,0.06861856310049254,-0.3429778788932732,-0.36393491180300963,-0.005342218085273476,0.0022584408397085818,0.019401531654114738,0.01787283849657933,0.053754838052668404,-0.03600467518878066,0.043516477952428384,-0.004394942377961791,0.056032450348696916,0.07711004135082214,-0.11240713444473642,-0.07732863535198266,-0.21988461998224212,-0.14903830314229116,-0.1173168160106754,-0.06332928712660749,-0.08871061572148344,-0.03814733020646294,0.014883935172676064,0.014235997039663443,0.042995420566489265,0.04190630600496726,-0.06576513678612339,-0.1033061244960951,-0.18605834881575906,-0.13682585339041548,-0.14741117178811136,-0.07696906985871158,-0.1389315977174952,-0.0861094393305269,-0.1403070170354612,-0.0808662938275837
spx_ret_20d,0.1374973946311406,0.210463105525569,0.26171670319217366,0.1204184441774208,0.047183727092449716,0.24780634280660604,0.18583481839439434,0.15402785780440986,-0.0771607703806259,-0.0660211049967384,-0.024920163849355633,0.04488668701850638,0.16975044683323479,0.12885394704783126,0.09456273635255713,-0.16448467571137462,-0.11613771368070493,0.12047742832851194,-0.004198813189263442,-0.011682872561275644,0.0195841289262682,0.0702427182594863,-0.14214187827199493,-0.11321250314877042,0.025060481724899324,-0.13633217143860452,1.0,0.484845702892389,-0.32808625076954484,0.8391674072768088,0.295115376693568,0.20525720413839682,-0.14993846370994388,0.11036196191616891,-0.09378242773384736,-0.10422135722297396,-0.12867993939246902,-0.1489582516879707,-0.015432582402259719,0.054909752364392495,0.19383533414153886,0.3490386749333295,0.16457647596054895,-0.08729402516370931,0.22678742944789024,-0.002301491816523465,0.062072264788104715,0.022468796456203064,-0.09854675239526253,0.15469686268290758,-0.04476469419794815,-0.08650483666516223,0.01157383078553468,-0.13396962959901418,0.019176009597596085,0.03863957651008171,0.03912034103564302,-0.0474670548068077,-0.06345457531283807,-0.06731524411651918,-0.14474253002866472,-0.3286639386440406,-0.2551952694402443,-0.14596112798896568,-0.2818245837629555,-0.025205236997863176,-0.07246380804461577,-0.022225604971670823,-0.017019712744733857,-0.11792507972650844,0.07497136571624688,-0.03542214793142682,0.008679200620128119,-0.13842868072126402,-0.0792150202438612,2.3616112785616687e-16,7.000749188845848e-17,0.055918580264685346,0.051115635301994936,0.25762662666510067,0.1317790662998025,,0.7663631362677512,0.1560722546475077,-0.03787351625536192,0.01748861238574955,-0.027394694791514136,-0.05600913770257095,0.07343887757832895,0.10137836763022949,-0.010021094240791884,-0.06862055951475343,-0.004860304867085741,-0.007124864744797954,-0.028472960928423427,-0.03996016419924162,0.005162139197060272,-0.04526237993525018,0.016984984173687687,0.08655009217832868,0.021663096098158075,0.010437242862023034,-0.13585026811398185,-0.14737221474265738,0.08428889426473889,0.10873436247818706,-0.03641279104820475,0.03186826047056843,0.14374107675492978,0.10673934448718066,-0.010539042983622295,-0.011301428317465384,0.0002732557694945806,-0.016801591826865046,0.015476947955626616,-0.009120335411156482,-0.03460477875553243,-0.024931944443404692,-0.005835690914375747,-0.0006630779055085475,0.057396819974041995,0.05921913196036832,0.017813977202675954,0.0016029294878690714,0.001682921471046883,-0.011049698317621783,-0.003290102307236132,-0.005665523479601193,0.01977895921854438,-0.0035988932780690085,0.0021006578884055264,-0.0009740066764059477
spx_ret_60d,0.0906260780249256,0.12457947977243387,0.1420430560519263,0.23918523939094263,0.1535451321803027,0.14190825870180673,0.20811907280192687,0.23420668269233655,-0.07332274591604046,-0.08424170066413725,-0.07201048950109734,-0.17708639450587618,0.1993010377049224,0.11875370287526764,0.07259165863359447,-0.16046881385796938,-0.013821440876385201,0.21222238765642606,0.13587430351745078,0.006900316920890349,-0.09869883433631249,-0.04626726007627259,-0.06858938758189341,-0.0801367377708898,-0.011477608638851802,-0.06841661395365674,0.484845702892389,1.0,-0.6670868373662978,0.4332585620714755,0.19724848227977362,0.37368722623895634,-0.09386803250253725,0.26850145346092735,-0.2760419783034593,-0.24526911157752668,-0.19172667954286735,-0.20776097535587357,-0.10660185679181092,0.13854568600661615,0.1867360765007162,0.2754456278927011,0.3866073008843015,-0.4697213268305558,0.4265928403969694,0.02932216936758576,-0.01438913987404689,0.01223786088200972,-0.09984247317145468,0.14236115340456945,-0.08569210538234112,-0.19279418661941733,-0.20411322451481245,-0.07265432810463925,-0.06655208326646968,0.01744451713396035,0.08602246340402242,0.05761357696132578,-0.08846067757656292,0.012936251508743767,-0.0202968523006567,-0.06719814309750861,-0.25487121295039594,-0.40766981064678576,-0.3023036963478492,-0.015705130843726673,-0.11189658984194363,-0.15488304410882378,-0.21681806930387384,-0.11943512155857125,-0.032614003668683854,-0.035892798137904774,-0.01602072469999636,-0.07540595745868728,-0.0871194545402016,5.69240588522754e-16,1.304088245618954e-16,0.031043431475150995,0.0862419573341019,0.13064376314606818,0.08807816493707023,,0.3715678734745556,0.12316520565013024,-0.08440908095269947,0.038456043048540715,-0.02775868510585022,-0.0864877471667899,0.17251558021777222,0.19069525108809074,-0.0054580919562543856,-0.0631486756121949,0.08571513761768562,0.024727490322990247,0.03455931977332792,0.00767931159125391,-0.009528666816085383,-0.04977886566223484,0.11836285474856977,0.08765837431866226,0.008665066667022337,0.004388425942238653,-0.20384352419848134,-0.2132014750678396,0.05362590308973728,0.08697784719894582,-0.1020011702748619,0.021576600194661667,0.18780126821071236,0.2343962976119125,-0.020484505876326463,-0.017978136670620218,-0.03158174722695897,-0.0344546969909356,0.0019247718958665795,-0.02668035013129701,0.011840137402173665,-0.001320597433820904,0.05713745154727276,0.03054714010002751,0.0929606100737239,0.08182410914463971,0.008387484702706515,-0.019505670719202957,-0.02195359624718402,-0.020489079999740922,0.007864999129607262,-0.006984249768590547,-0.02287317317354184,-0.026210735148457384,-0.00017130944827391882,-0.008410475723555683
spx_vol_20d,-0.006413307667303191,-0.043195659788765606,-0.13898030356713226,-0.20294365440867299,-0.1872055162066384,-0.07357574115180915,-0.19267751940715291,-0.24721643924061085,0.0901680616141491,0.13461548704870596,0.10099886630144787,0.13724511088040078,-0.1742604779059929,-0.07102308161441419,-0.02692676449861557,0.23494177382324113,-0.009166879211504313,-0.24275956748237523,-0.19245553681104136,0.02451267047494499,-0.0806055750777755,0.09734759672184838,-0.12968096529791956,-0.08029285073079599,0.05260007465922509,-0.1279864588001795,-0.32808625076954484,-0.6670868373662978,1.0,-0.16699767761717402,-0.15478975034377493,-0.24398212577493616,0.0004018571587046636,-0.4197281814754515,0.24598568555895325,0.10660710211238908,0.18647981776899253,0.20263521933748896,0.07658109681954652,-0.04249968631039148,-0.06207166239600487,-0.21305497081347116,-0.3636665348162998,0.4570677111053604,-0.5077321123760802,-0.006593028923196472,-0.04279785541973279,-0.07056920130145278,0.061477687531104434,-0.1800585962317114,0.0067945757684187745,-0.03137741329207022,0.18505012375234,0.12252935276794466,-0.003987294130545783,0.03729479202740205,0.007447546949658748,0.008125581878310485,0.12122435837841625,0.024588005767766572,-0.11849957149706969,-0.14888051794100232,-0.05260648066804085,0.5087250375392383,0.13317481434891135,-0.0699305996188496,-0.11659907991155001,-0.09227917289050391,0.2547952456091239,-0.15048242770962203,0.004598750855336508,-0.0014386442608056735,0.013831171268914443,-0.011252369310441136,0.15707759801665472,-4.3391034565617176e-16,-2.7159001926791754e-16,0.0006714526894843237,-0.022977254018749785,-0.1407865058557205,-0.06911889513050479,,-0.2514332081060777,-0.09526729284389189,-0.013737647722153579,0.003329399958670674,-0.0011126152065829714,-0.0901224224752054,-0.1622787337852062,-0.22696607511027214,0.03147389839583683,0.07987053780261451,-0.07770979494986402,0.0014814829557361605,0.004874104287352131,0.014596110594371818,0.00822638333568832,0.08975199272637051,0.07052047820988443,0.1104452760998114,-0.011516828304040869,0.018840195602537795,0.14238042054472916,0.16593645876384197,0.0343956535095409,0.07261828336890752,0.08590239638988408,-0.015184416901943892,-0.1454625260418567,-0.18520051418051883,0.016937086145406184,0.015508148101814492,0.02742840629389592,0.021569589127732058,0.021714640634871267,0.03471088999041156,0.0321165680529746,0.043264318010876206,-0.060846090713486636,-0.05494824341085478,-0.09864025494670527,-0.08228517493801009,-0.004398005360702856,0.008891538289160431,0.022076543680005452,0.015890578815234528,0.021082985788464265,0.018219900244187702,0.055424856733686,0.03898211071065691,0.026917565544600744,0.02081195626476253
spx_ma_dev_20d,0.1940023189865317,0.24433893506247895,0.1971012030493211,0.09733707718572329,0.032143746742059526,0.2607259951948873,0.15585449640825,0.12372020911501412,-0.0694127542292606,-0.03616730807664059,-0.017471902222716017,0.026099328353823954,0.13661554154028133,0.09605510568289272,0.06617758453080057,-0.11207405689214993,-0.11132768365667506,0.06673584628820992,0.001021398121368011,0.014837330517983749,-0.002161873622569919,0.07338946581790765,-0.14440946922411257,-0.11255940221768054,0.02414139643680029,-0.14008043990005642,0.8391674072768088,0.4332585620714755,-0.16699767761717402,1.0,0.21085536585908615,0.16574774770304093,-0.10451224593137566,0.07246167110924862,-0.07872773223919952,-0.08820267699174285,-0.1187817317356692,-0.12469596656875903,-0.012862039741289763,0.02455214092542076,0.2274175080313923,0.2663469539114696,0.13449490568666433,7.416056866316847e-05,0.18306526352373023,0.039955472576273555,0.07958933325628618,0.01424898697328551,-0.12718758917284279,0.14345104440747533,0.0031639474880612015,-0.0778631836024006,0.02001174190050572,-0.13587251380379944,0.03339242886897672,-0.003096913586836592,0.01160553313538938,-0.06657862526099519,-0.07642100928062685,-0.08370007252133517,-0.21577982597447284,-0.2831467833925342,-0.24404106785731908,-0.10211501277652744,-0.2548530502396379,-0.0014544985301097341,-0.06696669735750944,-0.016353942322003552,0.004082773736246784,-0.10417153035565054,0.03784333978409463,-0.10040578505927646,-0.0058350268899175104,-0.13525461651552512,-0.09322538528292927,2.0985585499872678e-16,8.862964792104726e-18,0.044443810304966025,0.03593205715255018,0.19347745067714187,0.09415410185849188,,0.6431069660943338,0.11909674371586275,-0.034090030841562806,0.005188213220070785,-0.07765158234689842,-0.05176027971748075,0.060015593698819356,0.08183371376012694,-0.006355055179454952,-0.0636321303450993,-0.008403714237766006,-0.01240698895048373,-0.039936975307188864,-0.04968664505845831,-0.0034705063683500206,-0.05326771103884171,0.012497812854619154,0.07645579358987263,0.016677830487034043,0.01318128041579304,-0.10468109122638629,-0.11341968482260818,0.06441234589389054,0.07358405034892633,-0.03810658485843259,0.015118999518062724,0.12147228011467774,0.08373303460110124,-0.0359345650467776,-0.030339706710473736,-0.005770023370516262,-0.024780493290985365,-0.0015650159277343007,-0.017511298905478513,-0.03636343236857646,-0.025535640017278514,-0.010175039183366907,-0.005762025874480343,0.01943702107671347,0.022835403748682714,0.01159803964991438,-0.005682286063461739,-0.020381934317770044,-0.027698441041950954,-0.01495995498737537,-0.008895950889936183,0.014644624949309933,-0.007989270089951471,-0.0015147669693337392,-0.0015636033925706383
equity_bond_spread_20d,0.3507929874212439,0.4929314835570321,0.6973330330231511,0.33589939416580705,0.21804913554448824,0.5903758078261059,0.5669225649658793,0.3990977373528635,0.07708750165148158,0.11802593232899107,0.10442570341256945,0.10215801827315998,0.340893347344876,0.23222582544720702,0.24437651296250235,-0.07651247208901592,-0.07269582512436804,0.38190771112095917,0.07826312074612107,0.03195564179409133,0.33139513160461237,0.17692814462346437,-0.1353864263398059,-0.12796149896856437,0.12560435631302452,-0.09878571084269643,0.295115376693568,0.19724848227977362,-0.15478975034377493,0.21085536585908615,1.0,0.5469182797216604,-0.8267311475935643,0.10383916217296485,-0.13258362236725504,-0.22710230242848892,-0.0026069734298650353,-0.09743028558251399,0.09486236585796025,0.05214593118116648,0.0357518612184007,0.2850874671488192,0.2459742943322973,-0.13535225132125128,0.18216729429347012,-0.018412827945988065,-0.03649503904494447,0.052480632855433626,-0.13236632264057982,-0.0014352765945530805,0.2528989203815778,0.2923400743692528,0.16514964591442746,0.23405793286176688,0.22554445448129992,0.057566850057808365,0.20541319623134327,0.23634730265737636,0.18514965236318776,0.10335336244070266,0.026897534433065595,-0.16415933106031186,-0.20833481221801503,-0.01891783490138563,-0.24229357564864967,-0.021206380305402305,-0.054556541346416756,-0.015911146872428797,0.0072397536257734615,-0.054559114699325714,0.06105899545979983,0.025127836792201336,0.033854258501488495,0.008938301116767645,-0.010797792448333307,2.7132225032558334e-16,-3.54386740992351e-17,0.32076070244424376,0.16848945539784957,0.7070309004741484,0.44653405653150396,,0.22616554564372282,0.12747654333194638,0.12799222547028444,0.0918292548762507,0.019433305428737172,-0.04216815151318156,0.10976098487620789,0.08143230414510744,-0.023406387996163024,0.0006366611530999828,-0.0693528048499372,-0.08380125823048974,0.14177217317339488,0.061353373784477874,0.02013554040825516,-0.006169711031492394,0.012159425048627314,0.04004319028103345,0.03716023993091447,0.02483301582920517,-0.21889092337042818,-0.17458579072028774,0.11122886655230713,0.14404711921460195,0.08643951736481359,0.1761772632532008,0.002306822905912985,0.06276650953843549,0.1266854932011445,0.10995019320357864,0.2380411928276139,0.20104511112512163,0.12965027535645784,0.09099375818811825,0.10426555602290744,0.061371336325464994,0.04176684698074144,0.014729587398220573,-0.02920153833446862,-0.022652704495832923,0.1230279589102567,0.17922208215705093,0.21417435283415165,0.18782742804142297,0.1365569102751853,0.0990681326633687,0.1050314519973665,0.06403831457356962,0.12314761128556193,0.0895059098155313
equity_bond_spread_60d,0.21434964981473523,0.30583290443319966,0.41110557468380876,0.7020280935295887,0.3808615681118821,0.36315476068081765,0.6193950651339245,0.6222308123226714,-0.003577549496444537,0.022797090002872132,0.1091557608131495,-0.523851963986247,0.44155077758046973,0.18714095297078398,0.2032759732417048,-0.075951121632362,-0.1565320053729367,0.6337169371731822,0.0893082519476566,-0.04889024383075563,0.04660826207175696,0.2460062776625247,-0.12322259675887508,-0.20026429810667776,0.1290728022661937,-0.09236493950274222,0.20525720413839682,0.37368722623895634,-0.24398212577493616,0.16574774770304093,0.5469182797216604,1.0,-0.3621181594952074,0.05527059848715578,-0.24047787946156446,-0.4031610758790576,-0.00759618432978093,-0.07221312556069212,0.08737329390483112,-0.08681089016781329,0.03545011296231571,0.06969525797415928,0.27319425639145223,-0.2021075909337385,0.17466605102673002,0.007479702617715935,-0.018229916625651,0.021873971460001716,-0.38945724678583943,-0.04451547555039989,0.04167238037378607,0.0654078463936764,0.27381107388913795,0.18139247889132767,0.3251431718587603,0.039167872643284064,0.09175426222505516,0.3182030568649093,0.07634412243455933,0.20198939295776588,0.06955888439067295,0.0320283006255997,-0.1341423960991953,-0.1732599467743945,-0.19100887759651827,-0.03667546811652145,-0.11936020550071512,-0.10294667958864817,-0.11112783412530292,-0.11444112413147053,-0.013858799159323225,-0.060865954117156694,-0.12908483902884654,0.041572402976569334,-0.1443096644301002,6.052239502588671e-16,-1.2793999477621043e-16,0.19390421280756578,0.33729149670521336,0.4112810400406323,0.24421763803534613,,0.15730155470505156,0.031164156958665132,0.028636839616353646,0.041018423774281575,-0.047072363862905274,-0.09225656733331752,0.12190733477027275,0.0780791033110458,-0.009755802000714488,0.019746210662301155,-0.11498399447386382,-0.12080725713021508,0.19087308539143086,0.11990641072512476,-0.07677595396880837,-0.08245656997442778,0.07867267171245237,0.08399307310660087,0.07296030276758972,0.024138687908839926,-0.2919200527095017,-0.25170816328117934,0.22726847121078406,0.25999005852936524,0.1974118829354049,0.3566184547221994,0.040481945093876995,0.074157743295549,0.07787335499455984,0.06937797110743682,0.15924595121372903,0.13915152741969955,0.2582644863996221,0.21594161486420715,0.16600719206351322,0.11819935313856512,0.03694595423723562,0.005116017487101591,-0.09097483967236863,-0.06799047263455321,0.09647837441971845,0.1334146312384177,0.14106720513961024,0.12350919936655741,0.23629295315705878,0.18019251564424255,0.15520563169680648,0.1076709793530573,0.24483939289499937,0.19281650296241257
cb_equity_spread_20d,-0.20326676697433574,-0.3073856551992171,-0.4263303801706473,-0.12217139118283633,-0.04169181055210844,-0.35525160149531787,-0.3037329937070029,-0.15223835774347919,-0.1460356100755047,-0.16704552964219252,-0.10276953897829431,-0.1588619645245364,-0.1367366419585686,-0.10648417709189262,-0.10072758607971846,-0.03274089349445173,-0.03346884676497156,-0.1573247868392813,-0.11753958415221304,-0.05570923385986016,-0.3362451326106053,-0.197340537076614,0.003166037262299974,0.06520528217096927,-0.029237555140955933,-0.001879719646189146,-0.14993846370994388,-0.09386803250253725,0.0004018571587046636,-0.10451224593137566,-0.8267311475935643,-0.3621181594952074,1.0,-0.011144869267965747,0.19909648464308105,0.18766134681210167,0.04213292458791556,-0.031213464902585482,-0.2068107639574937,-0.20671595951797186,-0.010534553529099504,-0.22874720546840926,-0.2079991444664881,0.024286727571398256,-0.19254777563738873,0.0099915257947001,0.0665642986699778,-0.0004453659788574743,0.09367960981788347,0.014355368979283627,-0.26324840076107014,-0.29371308363294224,-0.17788512079671356,-0.19403586244754947,-0.23144872231689181,-0.0785649488282078,-0.2395468313618901,-0.18896661080776425,-0.23036489860723447,-0.019119284752623027,-0.04659554970938432,0.1448995383997739,0.25130634195296214,-0.022798107317615654,0.23834278406556075,-0.005371644395965619,-0.028091407822268676,-0.023884087399749232,-0.13265658697414665,0.0389038958354687,-0.07095104833584126,-0.052487945718480096,0.004172632693883592,-0.016338937008265067,-0.07841196075534235,-2.018392086515167e-16,2.4686799439986334e-16,-0.1580294607070437,-0.046331925224003055,-0.438521102751469,-0.36916361299590356,,-0.11490731129592131,-0.1022840580878048,-0.12859335588878698,-0.10708857773263486,-0.04059300006241597,-0.02171257033590896,-0.09281535297020964,-0.08607258009172605,0.00019863344502966954,-0.006367766186818703,0.07470092957216722,0.08599499460361519,-0.1133510167884785,-0.011349728699853002,0.00248176205698921,-0.044803522718928124,0.018252409642157602,-0.02855317781819521,-0.039222489797457426,-0.05277547798163148,0.20475739781750266,0.1910096897063588,-0.12208653599480497,-0.1440656578318671,-0.013822279633717002,-0.11287302472488843,-0.03950595661056519,-0.1092240355705636,-0.05013148652278152,-0.038426312666015115,-0.10334345620943415,-0.08324300578430473,-0.02850759019185053,-0.008817105799344298,-0.01391062566340867,0.008360210251491012,-0.04748613533119414,-0.018510267927835916,0.023430654904231,0.025514523730358098,-0.061973458245185055,-0.06790432265226194,-0.0957016553438475,-0.08282068080705214,-0.02227630146746478,-0.0031886753582940058,-0.0318256640229922,0.005337959977833733,-0.021917568546626066,-0.0016210141036340738
ext_growth,0.055893654065919035,0.09347475833788854,0.12554150895642496,0.1030756314639473,0.21163326009981237,0.10762629191304546,0.12609845466997088,0.16038279803244784,0.08484700084795162,0.07514265545833687,0.03001300065277578,-0.03098059823328781,0.061075391211450863,0.048587079060626266,0.05500052120020591,0.027212049551387656,0.08829620556484692,0.14400276933743544,0.14523732229143066,-0.12308842060131861,-0.06103081715674216,-0.14325931416505505,0.11927227660842935,0.13386430639544195,-0.08516139067095338,0.09724974848255097,0.11036196191616891,0.26850145346092735,-0.4197281814754515,0.07246167110924862,0.10383916217296485,0.05527059848715578,-0.011144869267965747,1.0,0.2285267774567526,-0.06140882406029884,-0.10488062851101174,-0.5914715817647056,0.1979380134951318,-0.19680721294619397,0.12928292539647288,0.2457267547061283,0.28086662603986734,-0.31186906696376343,0.49010436691056614,0.04272009171913497,0.03873221500867741,0.20211658210731953,-0.1798948759548192,0.5676635805299092,0.0008047965736905437,-0.023996703436907865,-0.15042414336850005,-0.004160035429470339,0.02851661381779703,0.06522338184275672,0.15413700012499598,0.17609028080791067,-0.21175917188869178,0.2846428086117095,0.03232317780095417,0.03696726556054186,0.09987262402231055,-0.3819634004559892,0.12333787669761077,0.06779574353048452,0.16591652039911978,0.38491835618286413,-0.023344639403379535,0.47504707609567304,0.0610032450277184,0.08692377992003364,0.034234723489500435,0.11625080415721552,-0.10034938028035506,4.1031537845991546e-16,8.98530875155358e-16,0.0351689803329553,-0.04464157391127172,0.11967710009332294,0.046367722311926575,,0.08457733925873769,0.10987644461326893,-0.010506228006772887,0.06890640976345935,0.06722490193547366,0.1282411384238064,0.1253309723956201,0.21908613192009754,-0.09014409476147232,-0.25180467035040044,0.06316898956695381,-0.010595375195103998,0.10562719144309914,0.1689717317309093,0.020361830053314406,-0.05733826441669455,-0.2941576706803313,-0.34865669220220813,-0.045109375246600684,0.011626511142870041,0.16859298864514513,0.21155086649983568,0.18031110654580554,0.0625723100944614,-0.24026230971392876,-0.07525011992555823,0.2261907534993352,0.25448629654986155,0.01265451930954438,0.007785352969251081,0.048209042219379834,0.04328919981999132,-0.023272370806455927,-0.006878862658558826,-0.05619952681237726,-0.02153660713201406,0.04933212228328796,0.04282924843236993,0.03604409198659963,0.029589877777800994,0.007568658597343078,0.01760768922278963,0.026356143251137904,0.0322730506065007,-0.057452810780552796,-0.015318119097358028,-0.04148219479464817,-0.035440547565615814,-0.03901654295422289,-0.007698615761770708
ext_inflation,-0.0014884517852450634,0.0007398610263577589,-0.012006009777808411,-0.09904787320507392,-0.11529843066343416,-0.004271274726571222,-0.062164885926061564,-0.1071065366768539,0.07581014143355225,0.08130541742088246,0.07839929119467894,0.1063237707431204,-0.09544378266047525,-0.02942899919223529,-0.007850456609413215,0.08952744603560646,0.014546920545548693,-0.10934299648049756,-0.002136638195580818,-0.08176850916154861,-0.19811070116080104,-0.3021092661445099,-0.052173997800527734,0.054353425316635846,-0.1891364721783229,-0.1141769590422785,-0.09378242773384736,-0.2760419783034593,0.24598568555895325,-0.07872773223919952,-0.13258362236725504,-0.24047787946156446,0.19909648464308105,0.2285267774567526,1.0,0.4388326892239239,-0.02585715245750235,-0.131197642278529,-0.048905451250544435,-0.4206960363456748,-0.09315191341602318,-0.19499956942262284,-0.4841662729233504,0.21014093588719204,-0.46891138227575346,0.0787040711702027,0.1582586253130662,0.32835638152313046,0.2022082827212349,0.533044477981405,-0.07031846282731344,-0.148413460369654,-0.2441811257079472,0.05749256093496933,-0.3536220251172659,0.04461401480724074,0.03519449196987927,-0.07563763103641166,-0.012565756654647046,-0.04685361117548621,0.06173323390929486,0.18317071338378496,0.44177146252506544,0.02301348543521405,0.6692033076176086,-0.09681499751711536,-0.1723800979797361,-0.0013045313791009816,0.14914981729747245,0.17592998585926492,0.003514940869833635,-0.02746351295997778,-0.013629777757142279,0.15672769425306202,-0.1416739311160375,-3.571847265436499e-16,6.979753633877175e-16,0.07692913834889396,0.013707581431385073,-0.025258855495098365,-0.059203102725291896,,-0.07187139544491478,-0.08719384022671829,-0.06497832746140887,0.015733575216376694,-0.021239664994281444,-0.13323700348434958,-0.21604927093770734,-0.20961245786011806,-0.14644710722368368,-0.2364483008314764,0.10254121869589711,0.13138860235332253,-0.04537099093220756,-0.02781358101679045,-0.008106600260419625,-0.08095054798135246,0.0009969332603701666,-0.12912229127481026,-0.11043060242113929,-0.036000983620577104,0.4836623113065907,0.49869684221311017,-0.10627733690783543,-0.059384625460420774,0.026362031801853765,-0.07587679199959647,-0.28581563451576525,-0.22211947047863856,0.0444157095733963,0.0291165698967642,0.0922777792493767,0.07121773324434508,0.05487973060108891,0.04815033380275448,0.019337911321566016,0.02559166514767709,-0.0020743890287841134,0.0039180757655444915,-0.032336503991689476,-0.03310765227762416,-0.011319274495026694,0.01745231568887516,0.07191633103272736,0.05816077623477732,0.06077351299029789,0.057258488757743774,0.007721986706827182,0.0235373305949329,0.058656781614592785,0.06634426227855311
ext_rate,-0.0736140742048587,-0.10469071666089864,-0.14440696361078809,-0.25531460764491376,-0.3907335136677325,-0.12531592704377087,-0.2096863801180685,-0.32831715837959086,-0.058175126178779804,-0.06745910152568375,-0.10605506796836638,0.1941125109951255,-0.10310896400356657,-0.12758157000632558,-0.1261503388610665,-0.035692547515609865,0.0406313175162002,-0.28803808640458295,0.06326660942008633,0.05098195673932336,-0.009383385667570307,0.01745032816083876,0.09764183173279994,0.21575475953051917,-0.16874060202334298,0.0579911293768977,-0.10422135722297396,-0.24526911157752668,0.10660710211238908,-0.08820267699174285,-0.22710230242848892,-0.4031610758790576,0.18766134681210167,-0.06140882406029884,0.4388326892239239,1.0,0.39485159872063036,-0.0651673280648552,-0.3766953085240089,0.04425993041544292,-0.05126853143879554,-0.10570306727192846,-0.19639784344993924,0.3888187788536409,-0.23170048308873148,-0.049961067981967734,-0.1061938674609998,-0.11849261473006237,0.5188837997379798,-0.07921327924323143,0.006265158366266609,0.023734944630736908,0.047822363360413296,-0.393436948271328,-0.18122710046999255,-0.08317433814589967,-0.12823838703925397,-0.15714475292823454,0.08335473619954294,-0.17149663667667955,0.07952455550031186,0.14999978743087336,0.25515306968082113,-0.010440022420885152,0.44300297234950353,-0.013818457559986735,-0.036681037717614516,-0.10006522730480726,0.07465455647958236,-0.06509571972629888,0.0274345104538555,0.052770047258509374,0.09418317577069077,0.17801182729331813,0.09199772743271459,-1.1088050550284255e-15,2.276172774700988e-16,-0.052571241093812913,-0.07792070206169573,-0.14356706528020965,-0.1014089123510383,,-0.0798714061874805,-0.04726500877141556,0.01039162486106775,-0.05732852486791691,0.04081117106673431,-0.02835171581562665,-0.08763851028882969,-0.10357459763910155,0.052847764292242826,0.03513749049850306,-0.020082483466637685,0.06733510287262624,-0.09426277717130797,-0.10180507923815137,0.05601744730061467,0.052566244121635936,0.07647064294875058,0.047776440395820255,-0.05979329720979777,-0.16877341512379557,0.4129340052510919,0.37176645820843335,-0.4197238726265413,-0.3947516097115122,0.10681933692233792,-0.10666865008486512,-0.2655962995960331,-0.2231348097372774,-0.028909280746091153,-0.023505845649067502,-0.04995158178240975,-0.04419734617437492,-0.030129325592347166,-0.0535916039601913,-0.10634497603965593,-0.1064902311125291,-0.03875799570409951,-0.0055399290197856894,0.0027953437470215298,-0.01630375970619478,-0.06575287287031042,-0.06353361653522252,-0.04990812341353477,-0.03992634796704801,-0.06519808917523932,-0.07391758900760392,-0.05236545313656545,-0.02777649007159183,-0.04775452767312748,-0.04832301277419593
ext_credit,-0.009374761829724118,0.006087744305936578,0.013176189067419663,0.03598313455848029,0.07392162197677492,0.00727684021687818,0.027821658634472096,0.046296481745484765,-0.020149159351768073,-0.028810778239523153,-0.03337872657223992,-0.032414618148438296,0.07676085829503186,-0.04749137607109646,0.01759135399338293,-0.00870685427273377,-0.010766867292509029,0.05614111525713417,-0.06034434194301102,0.13118779257553176,0.13747830410863915,0.27272609474497717,0.10293433898260221,0.20277315655719852,-0.13928060607464354,0.06036031830042372,-0.12867993939246902,-0.19172667954286735,0.18647981776899253,-0.1187817317356692,-0.0026069734298650353,-0.00759618432978093,0.04213292458791556,-0.10488062851101174,-0.02585715245750235,0.39485159872063036,1.0,-0.21709770696204472,0.0500421062786773,0.2693404508878781,-0.03806011389963513,-0.03866527908066977,-0.06697270584921504,0.09337005361540067,-0.21392572043961375,-0.05466358122718222,-0.16450740177020906,-0.30514027492200374,0.30938957098026826,-0.423160112323786,0.04604521663090611,0.14962487378348005,0.3329942308202554,-0.19460004500243566,0.39441493704162717,0.11151830961421957,0.2433164225804261,0.46156204369068465,0.26898084294582447,0.6760106782555222,0.04742018852964262,0.04237547357127733,-0.041081203864805044,0.07766007611310079,0.1824129965558501,0.0077230864651578746,0.028567886150057904,0.06825728622868459,0.3424913606148657,-0.03670993592490443,0.04749514764399389,0.107192919829701,0.30606658738482734,0.13430784059860768,0.5141032132728743,-6.129140219023013e-16,5.0405208930283444e-17,0.026406041653190507,0.0595302182704055,0.02824369266992753,-0.0011641024209075425,,-0.09861556192755763,-0.017289136465602196,0.06550870804345713,0.10877376037492369,0.08290060016209684,0.022080852668752992,-0.029885196637270278,-0.09562893492415593,0.13609271229168807,0.18770570500517478,-0.13983732013690417,-0.14654524787585896,0.27686651488146174,0.4012983694565854,0.18203961364662322,0.2937515498128385,-0.05216276127515166,0.026942939920241982,0.010525839830423416,-0.1461681121842789,0.25743125952227075,0.2630839587898507,0.03995615278155787,-0.10074717510593259,-0.08445429380699367,-0.1715329341846196,-0.16242777307078896,-0.22308866832342206,0.023696807378686346,0.028072440370438528,0.04268967757453893,0.042537590520804414,0.11277414633106045,0.07357903381434,0.15210662657381105,0.1179338756336833,-0.0727422151804471,-0.03875160277509169,0.02873780267847064,0.019208138343721107,-0.004561087240521592,0.03620427717234122,0.0379340096058603,0.041246276354329044,0.1407559331857005,0.09947557039297669,0.09009451919871045,0.04613953827555805,0.1394161371062172,0.10197431087528017
ext_fx,-0.05983065480981077,-0.0825121132633813,-0.10194771432486524,-0.11828776497270023,-0.2119020965439552,-0.09765449443757797,-0.13109725830548816,-0.16714827657999706,0.007552296985334187,0.015118506853527239,0.07803675967243416,0.06523668996555365,-0.15305759461088644,-0.05916671292335394,-0.12571565648788083,0.007723753807067209,-0.08454768451350102,-0.1605057797465368,0.1434883656139689,0.08587522542253759,-0.08213118599814785,-0.29445868936162234,-0.11618623380255308,-0.1590006220027725,0.004584823041525724,-0.1190085321391259,-0.1489582516879707,-0.20776097535587357,0.20263521933748896,-0.12469596656875903,-0.09743028558251399,-0.07221312556069212,-0.031213464902585482,-0.5914715817647056,-0.131197642278529,-0.0651673280648552,-0.21709770696204472,1.0,-0.007099185322126488,0.1104039498729962,-0.04008419119425041,-0.0700917345496123,-0.0033304028579416176,0.18219933720517187,-0.015630207391445387,0.04240559574754527,0.11387526725966904,0.007696223670899163,0.06051353940408865,-0.1259604881746165,-0.02456465548925404,-0.04168083304818665,-0.21388636943509368,0.12281398711203649,-0.23702171417762655,-0.02889758478458159,-0.07469262481718165,-0.06627226840980972,0.291182052227113,-0.408508579023609,0.06726156691652684,0.13811153274013976,0.2579522806855067,0.36945553014644583,0.18484713175304876,-0.09012987891576729,-0.18606135834960968,-0.31017471421503046,-0.010736760190846665,-0.37041542688459633,-0.04001344128308137,-0.07539087646222777,-0.13150167835296894,-0.07648268484398704,-0.22176491757237832,-1.1411631390065798e-16,-1.0620855849063676e-15,-0.0024214570851913957,-0.011641405352063112,-0.10970366276320899,-0.04350594065018283,,-0.11415611293655475,-0.031341441017681486,-0.01824868722771957,-0.03339107811743641,-0.058305613051632024,-0.14381160088239386,-0.0014861239818347804,-0.006987005033410072,-0.0034325195323491025,0.05587365525964647,0.08981926396124194,0.08806564507077869,-0.03975320813036563,-0.24250183014007848,-0.07821342056902864,-0.12671344303857843,0.2370379847358732,0.2718631983585599,0.06437536193478113,0.04919430117879608,-0.20819106687896763,-0.2911234652621475,-0.16448859043916622,-0.0590718521517457,0.15933872595344697,0.1327918214644604,-0.24860271565629874,-0.13984290215274472,-0.0101186831493182,-0.019433839995834413,-0.04161563636211523,-0.05363412631223484,-0.06194509874112184,-0.08207259683817744,-0.0363689081264386,-0.08225358273724057,0.020868159649588946,0.007058477388070742,-0.05211136927219496,-0.053780611673080986,-0.012811633690678198,-0.037933308031305596,-0.028285076932956937,-0.03850433794339648,-0.04208607124570913,-0.07832149303877832,-0.03854852870180241,-0.01693498564498263,-0.05629349307856154,-0.08748950458191136
ext_geo,-0.001914120992774043,0.008069049745393691,0.01467955097313534,-0.007405684038392814,0.0737058391870101,0.007282807834607193,0.0005092230862781378,0.01812684418666163,0.11506763579658431,0.11059144111119598,0.11572636247347194,0.018927293119028295,-0.05240633071482188,0.036837735547370756,0.04494030321500792,0.09894525423650322,0.011633563632673033,0.015571719104208166,0.05981810029345078,-0.15187501673349654,0.12366397261939532,0.13054886718421616,0.26080762459175694,0.20327819163220498,-0.24525781178098205,0.17508039007844722,-0.015432582402259719,-0.10660185679181092,0.07658109681954652,-0.012862039741289763,0.09486236585796025,0.08737329390483112,-0.2068107639574937,0.1979380134951318,-0.048905451250544435,-0.3766953085240089,0.0500421062786773,-0.007099185322126488,1.0,0.14889211298212796,0.02035165588470641,0.04471028075833845,0.11504680612786686,-0.04897804566003525,0.22302083201595518,0.1300104421209768,0.2515880508478867,0.2695864223951456,-0.13007915473084833,0.38371401183896536,0.08989511010746845,0.11974017511162226,0.12778715952045724,-0.138432970407223,0.43667170710526876,0.00925220459394328,0.014223121659752832,0.06046495232492998,-0.23049077535035498,0.16444372040619795,0.07597569074748092,0.13864223632724987,0.15658845721263767,0.06380412332776415,0.06223448154156418,0.1415340370087944,0.28913139783627784,0.6464230519589651,0.5791138766266234,0.6073226017823851,-0.0028100455328744904,-0.04341116422901602,-0.06024357481018986,-0.14539420945533385,0.16615331459102842,5.354613694017916e-16,-4.519414427186824e-17,-0.025356326072137145,-0.12316763301822291,0.023140776791919733,0.042359277038730714,,-0.011826962250506317,0.019992152231295954,0.052424600095641115,0.00635839706499867,-0.03357322082501602,0.22347708066319524,0.05133727807507231,0.09969462572222634,-0.12023567662494268,-0.17020817183611694,-0.053662833410748366,-0.1622457912930477,0.03626970816061264,0.09761827584835607,-0.035831147649415196,0.09493773313910155,-0.49400164004645397,-0.44573917005741176,0.050535289192919906,0.1332777760785971,0.11908812395938212,0.15240655568377356,0.5552320150375277,0.3457482447428073,-0.38369936616806344,-0.21519709267840745,0.17760387278816311,0.12023918338566161,0.026170420314162675,0.02283123005626546,0.02976791836617455,0.021941687616885926,-0.042435638220819,-0.025625604828621865,-0.05409346466159357,-0.005650069003696972,-0.02331458279652549,-0.012379240152184785,0.027641063890832495,0.020549131746530655,0.024108985291910218,0.0058002691045668095,0.03325214139205125,0.025556810439012527,-0.04444227212257815,-0.008002446532586312,0.05570917548510342,0.0047157972778452545,-0.035245933780001015,-0.010452606686589556
ext_liquidity,-0.06322492247093033,-0.08171525088090413,-0.09749402283084184,-0.10465903307472552,-0.0494771508130651,-0.091899186222178,-0.1135769249502991,-0.11397804146857049,-0.03638677650213281,-0.05947039762482033,-0.07947902534098175,0.052581227314496444,0.028976206935061342,-0.04137363644509262,-0.0763894133352812,-0.047646698734474434,0.02826211207591085,-0.09533758100313922,-0.0033700330044207747,0.08752704299689996,0.19718806907836653,0.2843488787328177,0.05624519402147596,0.025000195429365452,-0.13198271547396767,0.0033022712564542344,0.054909752364392495,0.13854568600661615,-0.04249968631039148,0.02455214092542076,0.05214593118116648,-0.08681089016781329,-0.20671595951797186,-0.19680721294619397,-0.4206960363456748,0.04425993041544292,0.2693404508878781,0.1104039498729962,0.14889211298212796,1.0,-0.017052217602805068,0.08343451810982222,0.1975850762460148,-0.041452852592454015,0.17416783946955583,0.0656014459555559,0.054244383912116334,-0.023201877457590725,0.11351082908883722,-0.1507535061230616,0.06260923747588314,0.13957224310828986,0.255228840200235,-0.21917869690676733,0.28268231402398447,-0.02740134808006521,-0.03739360972845956,-0.095188729992983,-0.050063689636468504,-0.012447873522616783,-0.042410552926370956,-0.14327965300115458,-0.1753810791892555,0.10530265292344984,-0.13588263258800512,-0.01351814430915949,-0.024843831157875872,-0.05529569222971147,0.09742736968462537,-0.09725910980088939,0.15740062780552644,0.326252171623744,0.4413249713756449,-0.18702031648769876,0.7743910966555898,1.832522181030266e-16,-2.1097447805742722e-16,-0.06135892716394439,-0.03579967081395016,-0.08397884342057522,0.02328493418193878,,0.04208081003366112,0.03730765182200958,0.06110746892246281,-0.01671668316104879,0.25231611261979653,-0.019202434952413083,0.08816828857858224,0.07785639310826303,0.01034804872699949,0.06687136222135065,-0.10718058672468743,-0.10503088470605848,-0.05709865507661015,-0.007389397103487031,0.2624874148082603,0.4424764890218675,0.04225740800270187,0.07138248231819502,0.014809228564619642,-0.014633146310168491,-0.09218789864926788,-0.12714899337189248,0.07867263905809248,-0.03649726087658027,-0.2583449599287859,-0.26278751294122227,0.029945697835886555,-0.008795901484738486,-0.028445512559618462,-0.022090371040356813,-0.07318567263031234,-0.059345212245215995,-0.03158754048460619,-0.0363806388744447,-0.0012983753250516467,0.00975974519005024,-0.029510605625617064,-0.007772643566940273,0.03512708661397218,0.019535565275641847,-0.015025244215776353,-0.05399200253671846,-0.05687983325443336,-0.04773989027889509,-0.024000663481278703,-0.017636129712856878,0.015812396933996,-0.02719702904952147,-0.01256163656031369,-0.022097411868395835
ext_growth_chg5,0.13614095080734973,0.1337159158733895,0.047454638368692376,-0.0012042567504974937,0.05532680183509956,0.12122645507626778,0.007525495870630306,0.014446466808832891,-0.04871211486841093,-0.05292032582655328,-0.03542428218821054,0.034837875401029145,0.05712044077651486,0.03704697656001358,0.03440858267333162,-0.0720530080950539,-0.030955388959302586,-0.038344314049166446,0.030230043807238566,0.003130625459321708,0.00743703948731758,-0.026181493110639234,0.029229821563783544,-0.0022288092294215343,0.0450477531375009,0.04555109711000534,0.19383533414153886,0.1867360765007162,-0.06207166239600487,0.2274175080313923,0.0357518612184007,0.03545011296231571,-0.010534553529099504,0.12928292539647288,-0.09315191341602318,-0.05126853143879554,-0.03806011389963513,-0.04008419119425041,0.02035165588470641,-0.017052217602805068,1.0,0.4833453527454304,0.30931806051773664,-0.015915168874587236,0.2758933708505218,-0.07068716661932023,-0.047487162923585194,-0.003918756132106869,-0.052055933686582845,0.0022107339651705514,0.06375116653406254,0.0004588318535222189,-0.08716821503075259,-0.029266565803579364,0.02670547142405289,-0.01792198760301556,0.03687664050056006,-0.010542514465685549,-0.05581239724746877,-0.025009700364863535,-0.2691504918357751,-0.13642692002403753,-0.10063129383384822,-0.026622621815046755,-0.14138700743542423,0.10190692421694986,0.08791853025022138,0.04150774771926314,-0.06392295232968853,0.007889095839686115,-0.05378257631641479,-0.08512362579400014,-0.10298390627622514,-0.01798500611645411,-0.08485149058004705,1.0451262641112227e-16,1.624025857455738e-17,-0.016612802190424485,-0.04821615330396612,0.04578404134438885,0.015964423618403834,,0.14854825459221702,0.2161273360059138,0.000200885595913073,0.01648557386591631,-0.06583270310676856,0.06795448928602316,0.13802684160386,0.12332967327562655,0.0017477671571359261,-0.000980639160984292,0.03660534766921321,-0.00992244350285974,-0.006323893565558919,-0.01484644000434557,-0.061251868982263716,-0.048482982051677004,-0.03172055109391743,-0.005790133648516987,-0.00600282744362259,0.006784719723281859,-0.027361523465558518,-0.035735703456642634,0.01752254231722679,-0.02265130192560467,-0.013253946266533837,-0.014652479593869954,0.036839441292173064,0.044762382346578346,-0.013648883217237185,-0.007701181403918627,-0.02349359928247331,-0.01931011858523944,-0.0524618210579755,-0.05542071732720856,-0.0032282925860011645,0.008961603551134468,-0.008615936366474234,-0.013927907179882262,-0.0008248878054272652,-0.003658243797176503,0.0056130162381154355,-0.0014204662748944518,-0.01627250135082911,-0.008158028113636848,-0.0366590881980379,-0.034472834078764114,-0.010185042806260333,-0.010695644976517527,-0.051540448085899464,-0.0516049685074294
ext_growth_chg20,0.125092647047194,0.19455285175580214,0.20722829427034054,-0.008830101786218148,0.09799934391770798,0.21126665656806648,0.08492852285642462,0.06700830916929922,-0.033150543888043504,-0.060347445745338,-0.05152412226290196,0.15627118806730195,0.14804568473338428,0.08353374265871925,0.07738664619135004,-0.1418206774331994,0.006183935025804823,0.02303669095902605,0.07412343732752291,0.036298566829575316,0.10910675326644424,-0.016391100050362473,-0.03853957011562422,-0.03200246230698021,0.1701151646342,0.02486401213125193,0.3490386749333295,0.2754456278927011,-0.21305497081347116,0.2663469539114696,0.2850874671488192,0.06969525797415928,-0.22874720546840926,0.2457267547061283,-0.19499956942262284,-0.10570306727192846,-0.03866527908066977,-0.0700917345496123,0.04471028075833845,0.08343451810982222,0.4833453527454304,1.0,0.5188057348060616,-0.1413233618791825,0.5344881986872096,-0.03949773989544083,-0.06885541453980755,0.01790066361505514,-0.06223875417683647,0.02884690664114046,0.09469587787135794,0.0871562920261508,-0.104903982022612,-0.010452139869838098,0.08717475599234302,0.07379062274310112,0.1315982367862814,0.01628037494783725,-0.04323937833444082,-0.002136558327819675,-0.17856574092254288,-0.346453636151916,-0.17136471840208742,-0.05597992006886402,-0.2783975729906357,0.04447469484279025,0.10906628098096019,0.03303706098416026,-0.014791794534883485,0.014745896608726739,0.07445401289038234,-0.00426669806390292,-0.13636370438531234,0.027174506371008367,-0.08691605149303684,1.6547530372310424e-16,6.558132192358782e-17,0.03151174527065657,-0.061104857675668325,0.20846852313415465,0.1273012631722549,,0.2674903736006472,0.4471488859431396,0.03815873620554255,0.058830534010592225,-0.0032997685926456745,0.08430012878165033,0.23150642048314637,0.23892656322462352,-0.00798370475289394,-0.012795934188028244,0.0440532908981549,-0.03238986413962121,0.00976573081427785,-0.0012683192748012425,-0.08110521397918279,-0.04966264394099485,-0.025247184887716132,-0.010822623259592535,0.011078364302013064,0.01658556695424813,-0.0853668812571634,-0.10922274527050166,0.03819282086693609,-0.00963737475847603,-0.04000645084251083,-0.019935263676428863,0.10017817879670811,0.11865237931158223,0.009813458417121666,0.004089896936871256,-0.0008728309035173325,-0.005659317624729775,-0.06868985579336988,-0.08357743513308458,-0.004507700086155977,-6.894837589957194e-05,-0.0054896617391504915,-0.009733107201431624,0.03543103884780782,0.020335413726926155,0.021792042977566383,0.019521886838312158,0.015384057435038798,0.011810577156242091,-0.07156231651946755,-0.07059930917391023,0.0037639840875743017,-0.00741477572851842,-0.09100063303976143,-0.08857157540089054
ext_growth_chg60,0.08622480792039461,0.1346022915181242,0.1527950795385591,0.11396308809344592,0.15032563325304119,0.14936154791788647,0.16975410682058986,0.13291721125301398,-0.0583721328068573,-0.06572397564944318,-0.09404959121844639,-0.02439169395344776,0.20504984325955164,0.06663105287678232,0.02829751677967555,-0.13400612485213834,-0.0019460872224940544,0.1376069925580028,0.1991569105113675,-0.021237415565830777,0.27439647838007336,0.23538796329267464,-0.04270372993579335,-0.13340486835030477,0.16781898807290924,0.014324268178755591,0.16457647596054895,0.3866073008843015,-0.3636665348162998,0.13449490568666433,0.2459742943322973,0.27319425639145223,-0.2079991444664881,0.28086662603986734,-0.4841662729233504,-0.19639784344993924,-0.06697270584921504,-0.0033304028579416176,0.11504680612786686,0.1975850762460148,0.30931806051773664,0.5188057348060616,1.0,-0.21071568880960478,0.7876306492539608,-0.008278617507958304,-0.03537553176344356,-0.06733795116871977,-0.1686200394614163,-0.02441928434128947,0.1383170361953894,0.28318168138820043,0.18723091061201957,-0.2037162581778509,0.3567820078826648,0.02468598257359688,0.08688040575790695,0.11545667677016166,-0.12824571500510423,0.0049036135592848635,-0.08588138210561871,-0.16491086662188076,-0.27486051789938704,-0.12710615471591372,-0.37787445495944727,0.031362840949150456,0.06755847192840087,0.06932326479360763,-0.08158528129354345,-0.001086876454704312,-0.008419553743661956,-0.06406920438765956,-0.22754046420406987,-0.1088047348836124,-0.12582585964989712,3.9793030147755667e-16,-7.872345472325801e-17,0.029701143345176102,-0.03218089924069235,0.16795667271221815,0.10983589945067523,,0.1261253442730197,0.23198340633944348,0.12398250117263054,0.03883958319362121,-0.049549685782263084,0.05221767747678051,0.4462294939158449,0.35208613507060166,0.030032759251655324,0.010831925905852906,-0.07862559276863126,-0.13256269697842096,0.06925631809224767,0.002910918701556744,-0.13533453143842125,-0.07189517654127546,-0.052977390576706224,0.0007977035721259178,0.034470717109228464,0.02357009271633474,-0.18071568989188716,-0.1830175876006572,0.1354014929670805,0.040308717503433865,-0.1204000045820644,-0.031938508855502805,0.17754917878118648,0.19692256317771328,0.0018634594170128939,0.003823521653051267,-0.0013992463728416595,-0.002494204820114181,-0.05898105735298172,-0.06009596446371676,-0.029003112643072003,-0.03691167804471763,0.013868497100469071,0.0015897183795824607,0.027063258776939828,0.013432697249542644,0.031207107639192384,0.030463832114771213,0.009371364894768247,0.013736297470095533,-0.07368502262567644,-0.08181801511242211,0.016244034499720807,-3.7279033944765564e-05,-0.0598616462558271,-0.07347418797314416
ext_growth_vol20,-0.013743599533040678,-0.044266181372769164,-0.12384796063674863,-0.13995014732563718,-0.29504430546293253,-0.07609376085186668,-0.1564243620049931,-0.21478459278032858,0.06111979620033169,0.07024656780548086,0.02303275833017399,0.07490723878058347,-0.14162378232224648,-0.08647363847673897,-0.07551663047635881,0.11842401325762149,0.053207292296274473,-0.20279071681625285,-0.11113423047128156,-0.004827466124417671,0.022471721863114285,0.08718211462954885,0.009172934421185231,0.014070241420856866,-0.05491488153106606,-0.019388942158843594,-0.08729402516370931,-0.4697213268305558,0.4570677111053604,7.416056866316847e-05,-0.13535225132125128,-0.2021075909337385,0.024286727571398256,-0.31186906696376343,0.21014093588719204,0.3888187788536409,0.09337005361540067,0.18219933720517187,-0.04897804566003525,-0.041452852592454015,-0.015915168874587236,-0.1413233618791825,-0.21071568880960478,1.0,-0.270111036666328,0.007544517370717764,-0.034988947742275865,-0.22043331075683978,0.28695586166475406,-0.10500584207941702,-0.04030835812505796,0.0641251688185206,0.13818901763532251,-0.0797061654717359,-0.04343076815510129,-0.01362151508219496,-0.10700419001305768,-0.11908784888593041,0.10894826493021123,-0.22991671645326495,0.02088179971721104,0.11057561298391236,0.04969501528269552,0.3103475105183158,0.14490276979629416,-0.04337381390191553,-0.011259115476836572,-0.0174531150391482,0.1386709932198794,-0.11756668472037483,-0.000726400339275429,0.0443781734037044,0.042859122088700886,0.03344375563815957,0.038779260870884624,-5.785489493789295e-16,-2.1002649079459762e-16,-0.04171568125940737,-0.04766868930842812,-0.12189730148610389,-0.060439389843150254,,-0.06689892290189649,-0.06319258382201574,0.028075258185004153,-0.047835850947323046,0.03432108403343748,-0.00870245942309537,-0.09402755517763828,-0.12074485804969841,0.09831336472382449,0.0465785763902472,-0.058030981049955584,0.016136743533261767,-0.07143446506592192,-0.13648483136627712,0.025491374582651743,0.022157939665264442,0.01333780939143547,0.08628705126380062,-0.001128408577690635,-0.026995198181065484,0.11236136600792032,0.09152220786748248,-0.0023903186496597277,0.033546206221918826,0.1587082421335783,0.052263571179682146,-0.11219732682902797,-0.13711743973106588,-0.004360539607258473,-0.010565690920449126,-0.020526514271178815,-0.018613618146613824,-0.003800172267098753,0.0035754553871233624,-0.08334954779803654,-0.05557171470625607,-0.052893033286083455,-0.025062199107902916,-0.03884967778480826,-0.03974998412057365,-0.022250764832355826,-0.033937886076087796,-0.015790549536130617,-0.01749663698250632,-0.01779084468812985,-0.013539789026005259,0.01507096058422839,0.01794952507521378,-0.008020985399945006,0.000312016794063492
ext_growth_z252,0.05991053376791138,0.09091241470311642,0.1094521861647178,0.04059574294395087,0.09409964618291851,0.1038698542264959,0.08987402614970041,0.07756093688820682,-0.02845773668823745,-0.04487857855136782,-0.07718316760771134,0.03008764736112469,0.1181185973054598,0.0455266265799084,-0.01690889814731472,-0.12413203761172495,0.04019275707764285,0.07024483854706966,0.2722992138806843,-0.07261218274801201,0.09396541307683674,0.07855478074780013,0.01631872896507733,-0.0919729912373671,0.04889227589917488,0.030932898480978393,0.22678742944789024,0.4265928403969694,-0.5077321123760802,0.18306526352373023,0.18216729429347012,0.17466605102673002,-0.19254777563738873,0.49010436691056614,-0.46891138227575346,-0.23170048308873148,-0.21392572043961375,-0.015630207391445387,0.22302083201595518,0.17416783946955583,0.2758933708505218,0.5344881986872096,0.7876306492539608,-0.270111036666328,1.0,0.04800845830518864,0.0715970374428046,0.16590914871860166,-0.15227730960351404,0.26320802530256476,0.04866318669163954,0.06437457263329784,-0.019686284523011622,-0.19732672960720885,0.2745164147899139,0.023897709735095266,0.06176236282768462,0.01901738446881504,-0.18962644646580648,-0.06304947016553024,-0.05711403773719407,-0.11307207470130344,-0.13206779866966115,-0.2835363812804028,-0.39405550819520546,0.04627560397511976,0.10465855671576094,0.16693746116446082,-0.132189567389019,0.0770222311639266,0.00179653906715188,-0.024156247455768824,-0.20620623696896556,-0.12447955171655026,-0.22409583488918028,5.325074620918824e-16,-3.987649710819139e-17,0.006877225855519156,-0.08589870506830073,0.11172414258310735,0.08134390088823158,,0.17380152569778723,0.23899580259274217,0.028184452072852084,0.027610649471007366,-0.018681900025942368,0.08089328553139627,0.3514640260092022,0.4470193426374335,-0.07399556170974465,-0.11675402882640948,0.008267041937541983,-0.10199683701921866,0.011407517216840649,-0.03742788447931157,-0.12264554595813176,-0.1280452973367403,-0.12757493618230317,-0.056529800297603086,0.052145083359243616,0.05454807164309093,-0.1782823192783454,-0.21086020521166826,0.2337859137140897,0.13291075287449092,-0.1392354518407946,0.021605943378844923,0.315451806728422,0.3438719036588264,-0.01984413181851955,-0.022020098104175236,-0.028570588897142663,-0.03655431989116945,-0.12090803805590639,-0.11994455044891407,-0.13022044238112437,-0.11347235211885891,0.026890595398332766,0.01677366837726888,0.04441814969813234,0.028661684670097554,0.01243651215694723,-0.021717527862201304,-0.025692370709312632,-0.025986996495950807,-0.15304210832542656,-0.1349592274180055,-0.036943794986855315,-0.04567790341608624,-0.1354595067925521,-0.13284949277258745
ext_inflation_chg5,0.021702044531009494,0.027132381942335276,-0.03056025709405149,-0.04570089918084872,-0.025029966209441746,0.010438022864962102,-0.04987023630732211,-0.030121797159697653,-0.005203370169215683,0.01837752795662387,0.009114145285043259,0.03142542732048497,-0.019752970733543956,0.0030988552529300304,-0.021126457790489814,0.014902715050837474,-0.012735061049143149,-0.06072545827622678,0.03663907822225637,-0.03983328627721579,-0.06469046793762048,0.0038390873044924184,-0.03968853770750607,0.07150388155597756,-0.054118572788917046,-0.06207269471926286,-0.002301491816523465,0.02932216936758576,-0.006593028923196472,0.039955472576273555,-0.018412827945988065,0.007479702617715935,0.0099915257947001,0.04272009171913497,0.0787040711702027,-0.049961067981967734,-0.05466358122718222,0.04240559574754527,0.1300104421209768,0.0656014459555559,-0.07068716661932023,-0.03949773989544083,-0.008278617507958304,0.007544517370717764,0.04800845830518864,1.0,0.5749866192108939,0.21782538695452125,0.02414396850008526,0.25790089822541623,-0.07199719591572551,-0.056028483180733474,-0.019855440501703805,-0.07105883909323277,0.044154050269671515,-0.06559385505414879,-0.13770753635650626,-0.09059870872104384,-0.11499034446073052,-0.08768965663285751,0.09145368680931043,0.1631489166546882,0.09861413750178362,-0.12146095594096293,0.06275630697035729,-0.13373250032491124,-0.044810845107195844,0.14109720557096897,0.0695121980565318,0.1227545074140578,-0.11440241511131252,-0.12545574625225037,-0.028239282519292155,-0.08215307551034386,-0.004101961562037341,1.3493445647764178e-16,5.651028201164965e-17,0.007482964898202167,-0.07931155882060925,-0.03409245767151246,-0.008221954754938655,,-0.0017637784866053959,-0.017661370391518345,-0.02453037021181215,-0.06156167513318011,-0.0970246605337225,-0.034635452674971465,-0.00369416330089902,0.021460709472622175,-0.09715022942875905,-0.11439988910350961,0.008338077158444026,-0.01640547969614366,-0.054345345504982524,-0.05205497095960403,-0.016795913998303585,-0.002343804775018373,-0.10782760724079957,-0.09009460885362305,-0.002580632729303163,0.023403254471376936,0.03552391012679685,0.03579180802529415,0.05475080229588795,0.03849468694140913,-0.05875790604271132,-0.03544758694359622,0.03975603258764647,0.04144527430986676,0.03741570991447765,0.02865323568921508,0.023777535885046417,0.018034386612309834,-0.061788540085509124,-0.04471882630666223,-0.03876326560324934,-0.039100087856582665,0.002534252493954196,-0.0004361023711523329,-0.04255109101382009,-0.04435295112998524,0.001598001841809197,-0.0013435280669086022,0.04024272121155931,0.03685273018584634,-0.03561939331066818,-0.02643019121716015,-0.004360847960249966,-0.009470114411471216,-0.05447326922674636,-0.032219901201062565
ext_inflation_chg20,-0.002147268773948376,0.00438453990437915,-0.011755584753288369,-0.10637922630760868,-0.02015334940912165,0.004185911579708611,-0.08366910825275257,-0.061516077053086954,-0.02395919400470955,-0.015099218074499706,0.00409802736326715,0.11499641347186956,-0.03099522110656697,0.012450484892352117,-0.03359101504691018,-0.039256005316973916,-0.05287637978545937,-0.095065267289593,0.07826735318630137,-0.1147017458064371,-0.0838462149931723,-0.03323954449304805,-0.07884686069822454,0.0658060441361345,-0.08131334010437993,-0.11525972215052366,0.062072264788104715,-0.01438913987404689,-0.04279785541973279,0.07958933325628618,-0.03649503904494447,-0.018229916625651,0.0665642986699778,0.03873221500867741,0.1582586253130662,-0.1061938674609998,-0.16450740177020906,0.11387526725966904,0.2515880508478867,0.054244383912116334,-0.047487162923585194,-0.06885541453980755,-0.03537553176344356,-0.034988947742275865,0.0715970374428046,0.5749866192108939,1.0,0.4440095378178152,-0.0171812174166801,0.47052504107223103,-0.021795937070343625,-0.07371183297739263,-0.048791046393855536,-0.14470649488209966,0.08685748571170934,-0.17390882794888948,-0.29570312823865647,-0.23502838439065832,-0.2618977731642144,-0.21189339387198944,0.04739663034194844,0.21453544396299454,0.2212497415041958,-0.23380496159678357,0.10096708142475248,-0.05858231807702524,-0.07755131236829059,0.27589881838131264,0.09664499779711883,0.1809237821827722,-0.15818421618551617,-0.30027647916675665,-0.1298564242165934,-0.18421583904765632,-0.10364835166313971,2.917299359095189e-16,6.915874893226093e-17,0.035074165295066184,-0.14181898084592448,-0.015803224244493534,-0.016296277828014682,,0.04756989551825439,-0.03078862190262803,-0.032272488014604646,-0.1321930549201423,-0.23222709463492225,-0.05994140041296717,-0.015785605635805135,0.03200526061247041,-0.1980284716609465,-0.20871587842257006,0.020489271413458673,-0.032271982062771064,-0.14098102427172174,-0.125785695691793,-0.07723487067276158,-0.059223251577758755,-0.2108440723984253,-0.13278744488862876,-0.011367305495396168,0.050966062687981525,0.09325725322732335,0.08523935208501666,0.0953290564154905,0.060554871762025134,-0.11501176472706412,-0.09070555375361429,0.06266413644805029,0.05447500979353125,0.030332257374458375,0.022406242916269678,0.053602978360757246,0.042198171169591604,-0.1097596987821655,-0.08200292611320414,-0.05116693322855138,-0.04076830903326811,-0.007318159248446744,-0.00991123401535316,-0.07422363480698596,-0.07797150032386291,0.00843581753164127,0.005096790466345153,0.054326772821690114,0.04581474284360652,-0.05409335994175201,-0.03890831366770684,-0.004978293499461136,-0.010421836463959836,-0.06420213546478681,-0.04437343166699108
ext_inflation_chg60,0.042333606790034894,0.06833025146951316,0.07574603491997932,-0.03686660868791049,0.021341323495691036,0.07660502197485451,0.039020528459555746,-0.005797022344742813,0.001700401373149762,-0.011734854237982165,-0.025408328312440918,0.09610382791674205,0.09270117944476641,0.04548239321079454,0.020921891295396174,-0.04248523693765397,0.014428113341887108,-0.006999839404512705,0.13164498444425654,-0.15963978750683624,-0.013161493325285264,-0.017916144586964812,-0.217115949361611,-0.1944282531874363,-0.02236417003600193,-0.24381356856110853,0.022468796456203064,0.01223786088200972,-0.07056920130145278,0.01424898697328551,0.052480632855433626,0.021873971460001716,-0.0004453659788574743,0.20211658210731953,0.32835638152313046,-0.11849261473006237,-0.30514027492200374,0.007696223670899163,0.2695864223951456,-0.023201877457590725,-0.003918756132106869,0.01790066361505514,-0.06733795116871977,-0.22043331075683978,0.16590914871860166,0.21782538695452125,0.4440095378178152,1.0,-0.09439814098522979,0.7073761182682081,-0.04805200540219253,-0.08414055125159493,-0.0837541414526239,-0.03264694699252513,0.02861587507874151,-0.02208834742323184,-0.13768640776139268,-0.41760983970485704,-0.27302073454853076,-0.22850881610352625,-0.023475083009299992,-0.007650160244757706,0.23765927624137326,-0.2049619201771747,0.08403952530175654,-0.1282904026835564,-0.20936323942438853,0.09911035706396737,-0.046006077330303874,0.17691558968457888,-0.07544990332309147,-0.16829424870598012,-0.2945304861086104,-0.20996521151618527,-0.17665316698371392,4.744903404994577e-16,3.69324261775591e-16,0.12144039475601143,-0.020445308263020937,0.07234111175168441,0.023434389878277288,,0.017219257320337484,0.008004261793114656,-0.036838385671974304,-0.06155222966822675,-0.13015499758491705,-0.16182222302693602,-0.030048179871347763,0.07416459859772569,-0.446000490516944,-0.3137784708823448,0.03517164445237501,-0.0106322558117423,-0.2505019259702677,-0.13564906333349097,-0.17517827201095323,-0.10093720529474555,-0.07574092351257534,-0.1298456666766339,-0.018400396288434213,0.07754333904562907,0.14486952218975616,0.1340054302093724,0.13247240599861426,0.09595054578203752,-0.16703814970428363,-0.14527762117155044,0.025415485315156354,0.008439561650497302,0.051766726618813846,0.032115715701748496,0.1074666677076359,0.07590935205247094,-0.017823156142875777,-0.006189471320620518,-0.05422544527034073,-0.03468223246555456,-0.001026876678404094,-0.01038240069860754,-0.042952141749457634,-0.042840140028312206,0.03671151569480526,0.029815068512307853,0.08807579587033068,0.06459580710683187,-0.0247879199382684,-0.005729066012850624,0.05797385982652659,0.029258024281908386,-0.006320090996363177,-0.001261595420541411
ext_inflation_vol20,-0.04145140551160913,-0.06917652269284266,-0.11735307796378842,-0.30350519964658995,-0.27441100230198107,-0.09482616567857498,-0.2382341915002432,-0.2941382304255072,0.01864616316635916,-0.0014355249925688352,-0.05936632907602131,0.2690250978862245,-0.15534148179361143,-0.07912731318595465,-0.08736278384011012,0.006965905837170685,0.12138563271199017,-0.2983423521513074,-0.015204011731954507,0.05814318723043379,-0.03983270218020233,-0.10049168014127656,-0.056073331076442016,0.12180782941342089,-0.2627112347238021,-0.138865576422767,-0.09854675239526253,-0.09984247317145468,0.061477687531104434,-0.12718758917284279,-0.13236632264057982,-0.38945724678583943,0.09367960981788347,-0.1798948759548192,0.2022082827212349,0.5188837997379798,0.30938957098026826,0.06051353940408865,-0.13007915473084833,0.11351082908883722,-0.052055933686582845,-0.06223875417683647,-0.1686200394614163,0.28695586166475406,-0.15227730960351404,0.02414396850008526,-0.0171812174166801,-0.09439814098522979,1.0,-0.06055989449586025,-0.0455864861850517,-0.09316683552683881,-0.16402200834354888,-0.2280136166665847,-0.18339157621599547,-0.03648811462386106,-0.07180891991131338,-0.15158602670534385,0.07455297337194347,-0.08122429537113197,0.09844742993305261,0.1979152601334176,0.16215011865235165,0.06955155487952569,0.22525806329766823,-0.11808431533876533,-0.18942153363898162,-0.10490225564204424,0.19463154217508138,-0.16659217712578084,-0.016674050612654586,0.021296625446500957,0.14283937121021512,0.025591066917507937,0.1081681963640097,-6.600768000814446e-16,-4.706144060289546e-17,0.0252041713826038,-0.09570247714109552,-0.12171053649931265,-0.059106070996856316,,-0.07552259823463611,-0.027829989592661444,-0.04079027018390259,-0.03210192786980297,0.016470332497213525,-0.14640876663403818,-0.07524323487293753,-0.0680709028375603,0.04210161718330005,0.0268632069997345,0.06887926566696408,0.06813931591054631,-0.09092839303476638,-0.04821695624218334,0.084956754576874,0.06180582906709474,0.08016713849343321,0.12226888732968744,-0.016293321409037616,-0.09152898035884789,0.2761322745986132,0.2485831772197994,-0.15985895433360892,-0.11917694898426595,-0.062150396575403874,-0.17949287172406622,-0.058752393392006164,-0.04448078937564723,0.0017192479363710201,-0.00598499694758433,-0.009064881645684678,-0.02776298713807392,-0.08653007983527258,-0.10845886425405324,-0.04004402186084866,-0.05936473709641205,-0.02209679152021901,0.00016247797869369072,0.13189866699021627,0.09776868018789238,-0.04665092769909878,-0.05090499620000338,-0.002559162660360261,-0.01280658160678963,-0.05353627614702149,-0.07413309670355345,-0.042395663686384574,-0.0321938813355986,-0.06885277830854251,-0.07686779345360677
ext_inflation_z252,0.027240546149950425,0.043013552721636025,0.03738619316652772,-0.05878126060501644,-0.013190606116786805,0.044290810525664935,-0.01356270844196188,-0.0317270026959592,0.08586359918354709,0.08295417313440472,0.05605775889018101,0.09446730260419889,-0.02355834165510878,0.03705013390211634,0.002058099979616226,0.0383395369592451,0.05188972527851765,-0.047446605743316106,0.1854665292624593,-0.19139670775582052,-0.1908729837317986,-0.2523170771686515,-0.06304773636083444,-0.02164837610835064,-0.18903422140522622,-0.13504205397732233,0.15469686268290758,0.14236115340456945,-0.1800585962317114,0.14345104440747533,-0.0014352765945530805,-0.04451547555039989,0.014355368979283627,0.5676635805299092,0.533044477981405,-0.07921327924323143,-0.423160112323786,-0.1259604881746165,0.38371401183896536,-0.1507535061230616,0.0022107339651705514,0.02884690664114046,-0.02441928434128947,-0.10500584207941702,0.26320802530256476,0.25790089822541623,0.47052504107223103,0.7073761182682081,-0.06055989449586025,1.0,-0.10113668832211783,-0.2034047046951645,-0.32007934139801564,-0.05125663791016927,-0.1320818975078566,-0.011224199665396475,-0.08631593277442749,-0.23780372433685484,-0.3013792202887027,-0.1957054228679318,0.03375886307067424,0.1148424287399178,0.28059972388859045,-0.2501486609428675,0.24959424308088632,-0.07058117781572422,-0.09477958262974559,0.26714622174367214,0.08475692358831785,0.34219569639084907,-0.06067753347482403,-0.16020528515649232,-0.2008488305251539,-0.06058621283413419,-0.2509853448396124,5.692264041916325e-16,6.377387971856318e-16,0.0683414654363343,-0.0774080692830948,0.020964539055257983,-0.0006408998800104459,,0.1185539728564554,0.012898862167491766,-0.08905457413333062,-0.03858723750979109,-0.12389917458833083,-0.07325757282356966,-0.010896604893400458,0.11765907844764965,-0.3154900957275909,-0.4435808091041227,0.1344138522220931,0.04907515560994113,-0.14264580305719204,-0.11617607475281225,-0.1194591145102812,-0.14340959582334467,-0.20415526840148182,-0.251151571271719,-0.04614398149147029,0.09824703474249494,0.24419509546960685,0.23806887862861129,0.24443819459644284,0.19945198378071344,-0.2603994103189414,-0.13806134234773854,0.10511826581090887,0.1496622516152587,0.02442162167159559,0.007308023007245218,0.06678359014617745,0.03948504214890303,-0.062306015995194086,-0.048410955042072656,-0.11851121420744358,-0.06948457495898014,0.03510663294129338,0.023764124483465425,0.0017357340403598232,-0.009384228366935534,0.005668752452787919,-0.013904007117766832,0.04809089055942151,0.03382880625258041,-0.07818691009723734,-0.03711480341261232,-0.014571084038489234,-0.01847413759638913,-0.05876215699441973,-0.031144310445282472
ext_rate_chg5,0.17813579574408786,0.1990443792140581,0.1561504707964856,0.016536010327891967,0.12436557914363473,0.19151376401152093,0.1322295659159818,0.09292927870586536,-0.022127585245939742,0.0013013444221737567,-0.034272601298414904,0.09087927203654839,0.10587726379496959,0.02865458423707297,0.04026443684857496,-0.05179878416688329,-0.016524107030981828,0.05879666917681049,0.02294374633417116,-0.005170176979983898,0.49328695204564676,0.20453746425299044,0.017723508012438497,0.008085921874787873,-0.018287250411383297,0.013134546535621966,-0.04476469419794815,-0.08569210538234112,0.0067945757684187745,0.0031639474880612015,0.2528989203815778,0.04167238037378607,-0.26324840076107014,0.0008047965736905437,-0.07031846282731344,0.006265158366266609,0.04604521663090611,-0.02456465548925404,0.08989511010746845,0.06260923747588314,0.06375116653406254,0.09469587787135794,0.1383170361953894,-0.04030835812505796,0.04866318669163954,-0.07199719591572551,-0.021795937070343625,-0.04805200540219253,-0.0455864861850517,-0.10113668832211783,1.0,0.5387224993340981,0.23967359945585234,0.03850310243425138,0.28307402837450507,-0.2961914633875477,-0.07431067338644787,0.0220172073480262,-0.007202414905728946,-0.021065439449556977,0.003436947396548059,-0.047120757376703334,-0.03523704226874145,0.09350851519291649,-0.043579240551037686,0.1756856231871037,0.045837932995338206,0.07445416566112152,0.059735755049079985,0.1320243682796005,0.10033857769564733,0.02465352970170663,2.5997577116726914e-05,-0.011816379222881219,0.08827517399194262,8.518373436318809e-19,-3.182511411294965e-17,0.08274519924478357,-0.0005662426786706515,0.18442944861436766,0.11292798081042404,,-0.03430601143960651,0.042343156293585114,0.23586328952489663,-0.03322032805888783,0.019066486962315762,0.03542931527358322,0.06172114106140815,0.021753385725539545,0.021431217979700927,0.0448622940360366,-0.10064833187324167,-0.1051764265484242,0.013206951371321368,-0.012505019188170768,1.546261202344267e-05,0.05043922796173529,-0.05689846584743882,-0.09689814304884,-0.005218216658502675,-0.006696483044024271,-0.010434031828329972,0.004037775925462911,-0.02798430549951042,-0.08465104961151529,-0.08008412671876479,-0.11391166986505216,-0.02744480145743475,-0.04243241265037036,0.050162401459559094,0.06094078432860016,0.08176290276397749,0.08462968972951149,0.025845999334263705,0.0255101837662969,0.06673087567209453,0.04179992407753222,-0.010509592989329063,-0.007678211699876717,-0.010484665779417625,-0.011986968711055658,0.05182275420481826,0.07961299875749886,0.06841648256038138,0.07841974611755959,0.048246091201832375,0.032394762296713994,0.050162178980187065,0.05110218908234262,0.02776240078010239,0.014976522282879061
ext_rate_chg20,0.03301956123756233,0.0825294759455249,0.17417887037277383,0.02769386459807354,0.16821029440795712,0.10932083696359504,0.16615260506374635,0.10547823090385541,-0.041400184387499095,-0.027834276643910597,-0.058490246302323766,0.09065364494805471,0.1256741802783619,-0.0008987547776324536,0.016215133866740394,-0.08549822256084837,-0.036921902694636244,0.1351460834590297,0.024957441984101207,0.007442231084541665,0.8758029355361663,0.47174175143298336,-0.028192582404046856,-0.1398384313000277,0.030361391793254578,-0.025028599793128048,-0.08650483666516223,-0.19279418661941733,-0.03137741329207022,-0.0778631836024006,0.2923400743692528,0.0654078463936764,-0.29371308363294224,-0.023996703436907865,-0.148413460369654,0.023734944630736908,0.14962487378348005,-0.04168083304818665,0.11974017511162226,0.13957224310828986,0.0004588318535222189,0.0871562920261508,0.28318168138820043,0.0641251688185206,0.06437457263329784,-0.056028483180733474,-0.07371183297739263,-0.08414055125159493,-0.09316683552683881,-0.2034047046951645,0.5387224993340981,1.0,0.5333622051873066,-0.10163165497288422,0.5144242518411557,-0.019961940334144005,-0.057795917619705754,0.088536305561806,0.029786512530724146,0.06741851638722415,-0.056504202593003885,-0.053823578642833644,-0.06568778372782776,0.15750516266978012,-0.08573801384830974,0.012497473181271023,0.048568899573689844,0.11913971643327963,0.14179597993917234,0.12163203413058227,0.0361912678162156,0.09214098782392276,-0.0434056152255903,-0.027468023758587364,0.1784611202390333,-3.1628947594456036e-17,-5.238748688021887e-17,0.10869365568348395,0.00044022897539039587,0.2303638165183166,0.13053979929482468,,-0.06629411792904365,0.03897183888242834,0.4378196377846495,-0.02583746393746497,0.07125977352111616,0.037540149457923125,0.12636401837209435,0.028776679141102542,0.03752672713057744,0.09022642348426575,-0.22397968052473963,-0.1911348238098284,0.05310821956972831,0.04002146943476102,-0.02581641300108864,0.10197024507552821,-0.09104751932090066,-0.08927077929694309,-0.005111880614871435,-0.014764803996902102,-0.023284338215682942,-0.002738958328104539,-0.04068633690920126,-0.14642374236681682,-0.11810772815597458,-0.15531776702491767,-0.0562884121731585,-0.10426199068713762,0.04820096707947396,0.04834104882454153,0.11329424537421104,0.11610983997349679,0.04233024537119313,0.05716404622674299,0.09163010984087043,0.05253888895119315,-0.0342549207065034,-0.021941925576649642,-0.049690422012922016,-0.04952788294123644,0.07036865337078174,0.11593993252855248,0.0862383197912392,0.0930769311524891,0.08077877647321514,0.06767167284505798,0.09061300010734157,0.06791448753884073,0.08877122633242364,0.0755731424387664
ext_rate_chg60,0.0032449555932813454,0.02474058337897909,0.06828450882574226,0.15474298743437723,0.1236278919192956,0.03968246181378334,0.1474637313879965,0.12699818199554572,-0.056899596571665184,-0.04518679192625388,-0.06336185390683799,-0.13120711194000378,0.15236421136327016,-0.0031808855810039997,0.019838484314181407,-0.037839266164079226,-0.06424722825826888,0.1713945060091204,-0.03885330489748572,-5.619240528492787e-06,0.5213646213503981,0.9129571309850443,-0.15632104385540607,-0.28741568048092764,0.10310853129650527,-0.14723051649285346,0.01157383078553468,-0.20411322451481245,0.18505012375234,0.02001174190050572,0.16514964591442746,0.27381107388913795,-0.17788512079671356,-0.15042414336850005,-0.2441811257079472,0.047822363360413296,0.3329942308202554,-0.21388636943509368,0.12778715952045724,0.255228840200235,-0.08716821503075259,-0.104903982022612,0.18723091061201957,0.13818901763532251,-0.019686284523011622,-0.019855440501703805,-0.048791046393855536,-0.0837541414526239,-0.16402200834354888,-0.32007934139801564,0.23967359945585234,0.5333622051873066,1.0,-0.20250854530335916,0.7529518714388524,0.019522425779958726,0.03708678061825125,0.12826740410417098,-0.019693303078742192,0.20452759470102638,-0.029108788543223643,-0.1612586498867167,-0.255267684046402,0.04427189634428123,-0.23134012900739936,-0.0019369022861171396,-0.04402450149007113,0.03585251890389759,0.13619741851899284,-0.007759809203701219,0.036962293252293006,0.08997826627990872,0.03669480600189204,-0.19885715692236394,0.3230576619959836,-4.536170186608104e-17,3.798083052754539e-18,0.06829845022019836,0.10906046273039188,0.10852229909734043,0.07374494132491104,,0.008869757259434534,-0.0469076986924102,0.23351644748312844,0.016579516274589153,0.06958717318270659,-0.034027667504394656,0.08354795448780378,-0.008800149966450227,0.037354388170695474,0.14198105323484708,-0.41993916769202416,-0.2797599894827345,0.07694079188845289,0.12141315648179106,0.021825016459648315,0.1845907328337633,-0.027398780233236587,0.005695244840403207,0.026992579498685453,-0.03332588785093069,-0.018025751015149753,0.02009346332149966,0.1209966068970876,0.0025594510953838084,-0.003101465869485974,-0.0059759525346286015,-0.02792644830599143,-0.14924538557569253,0.021273829455070142,0.02806894621434981,0.08671841563726637,0.0844566602744892,0.15294480413423614,0.15650511043062906,0.08987018326596484,0.07870351446587974,-0.07366443176506093,-0.048367275163780366,-0.08655103501995302,-0.07318410528369595,0.053285452111825865,0.08407784599350063,0.05832229069657417,0.054817589348976556,0.13875772053560836,0.12117919207754167,0.1640470154275175,0.0904401481838699,0.17794136951787703,0.14639256671781398
ext_rate_vol20,0.09690462258923785,0.15720539418984675,0.19563735043097996,0.2003666688806142,0.23629703803042373,0.16951138705152055,0.175634770977509,0.22684419584979418,0.16609199176620476,0.1857664833435812,0.13169577110037328,-0.0943312751569647,0.0018653507832560668,0.04338148338811588,0.07476100871024832,0.15145142389734387,0.10449306353673203,0.1881469287215524,-0.001348500521474473,0.09057672208406084,-0.10376783115846917,-0.2373109179739735,-0.12526398341687656,-0.10365749593942092,0.24879674611609282,-0.048986673289395884,-0.13396962959901418,-0.07265432810463925,0.12252935276794466,-0.13587251380379944,0.23405793286176688,0.18139247889132767,-0.19403586244754947,-0.004160035429470339,0.05749256093496933,-0.393436948271328,-0.19460004500243566,0.12281398711203649,-0.138432970407223,-0.21917869690676733,-0.029266565803579364,-0.010452139869838098,-0.2037162581778509,-0.0797061654717359,-0.19732672960720885,-0.07105883909323277,-0.14470649488209966,-0.03264694699252513,-0.2280136166665847,-0.05125663791016927,0.03850310243425138,-0.10163165497288422,-0.20250854530335916,1.0,-0.26933102511554485,0.25207345133724113,0.3693977480129757,0.27235968389564535,0.37530651407748555,0.1473336141003724,0.0023193613424913138,-0.05045770909138782,-0.033378339628970924,0.22186645234282154,-0.009766047083994927,-0.03297006500456884,-0.03637076241381728,-0.18793237305630367,-0.20585741249686593,-0.10233749992094626,0.031675907130912645,0.06779789849314774,0.12257250905063255,0.12808611862459351,-0.07574055665537947,3.3793407324082505e-16,-1.138140705167544e-16,0.10005642445896838,0.1398533736361453,0.1850691631448592,0.10451483822414402,,-0.10266938550412982,-0.0046736626985199765,-0.04449633436768271,0.16513797835457913,0.05243337417937894,-0.028111896067189165,-0.09090420278913154,-0.08820886495380943,0.014560554372546814,0.022736460916150013,0.08504126996521547,0.10007020051588832,0.1633740848173777,0.08746125025302726,0.07290260718076814,-0.04327711892630331,0.14361941491147373,0.07510972281722784,-0.008953481103825272,0.03657925134575396,-0.26126085029162915,-0.26980099710137523,-0.017262905443590437,0.07792877078687145,0.16458257530683243,0.21957178579033101,-0.12234992389263591,-0.015092530776503438,0.044492129349223045,0.03423054807051535,0.08001616814042577,0.06522752055329685,0.1102729021998348,0.10391468889986953,0.1641451963231649,0.12057708674607148,0.08463649753266762,0.04854139043117829,-0.009378187577018107,-0.005047698706003827,0.031941304037439056,0.05834186006668961,0.06923681127232775,0.06270354090306239,0.12828715754030634,0.1086496982099273,-0.019545330735528197,0.006724883383373242,0.09524943204428772,0.08156393879532316
ext_rate_z252,0.03836480740325735,0.07425623616919923,0.11559165249228896,0.17653045983285184,0.2976634813562113,0.09310328745243109,0.18587543917702284,0.2354643837484723,-0.04148895239132052,-0.04132394209272817,-0.04951719857519813,-0.12311784817974973,0.1928490077013273,0.025787072701295044,0.05443952045540812,-0.06693237098492644,-0.05711967640359572,0.23964890851778953,0.03410086544971254,-0.03763022723916604,0.5051530258013249,0.7349040895625044,-0.01571180183868156,-0.1868828321823129,0.04237661916104007,-0.0216358034784426,0.019176009597596085,-0.06655208326646968,-0.003987294130545783,0.03339242886897672,0.22554445448129992,0.3251431718587603,-0.23144872231689181,0.02851661381779703,-0.3536220251172659,-0.18122710046999255,0.39441493704162717,-0.23702171417762655,0.43667170710526876,0.28268231402398447,0.02670547142405289,0.08717475599234302,0.3567820078826648,-0.04343076815510129,0.2745164147899139,0.044154050269671515,0.08685748571170934,0.02861587507874151,-0.18339157621599547,-0.1320818975078566,0.28307402837450507,0.5144242518411557,0.7529518714388524,-0.26933102511554485,1.0,0.007735691303349055,0.037963475475722354,0.2091203093143057,-0.06613144184561011,0.399749900568965,-0.05528481713926905,-0.12816162125650463,-0.24218555636507888,-0.06979960395727987,-0.3038838209034408,0.05635843331624272,0.09565292760205617,0.24310118448153048,0.2871234659142282,0.1469903601466805,0.008116668244256886,0.017214446284110854,-0.04301074605768544,-0.17866947469049557,0.27863723199391727,3.2871784095553665e-16,9.821677644484565e-17,0.05762158908562997,0.059598677097654595,0.1532750981899306,0.10071328018772055,,0.01469578685631417,0.03898009502434147,0.22522503960873505,0.0169714396611702,0.013313266684760515,0.07393260357527785,0.15920665481575993,0.12271414728257278,-0.012762694321690278,0.05858899496454354,-0.3161939822041832,-0.3715509584273003,0.12544014834457595,0.23730243981164106,-0.025581556163625126,0.15920950622482943,-0.1857798595937672,-0.10788230331941166,0.05029547914302846,0.010116406185995816,0.04580931935062807,0.0717521989538288,0.4305050782086531,0.22077141596970468,-0.1134299560642758,-0.06052442041872205,0.05752660853990061,-0.06871640689869446,0.032830154543431,0.036698263818067615,0.08636181065609412,0.07926457192492822,0.10324320807833673,0.1083399768262347,0.13723356399066794,0.11953336600531088,-0.07679265508445808,-0.05584728323654741,-0.06204296654144273,-0.05321438847943391,0.06685433921471565,0.08287507559733216,0.07031601288314147,0.06368889296937769,0.12743604042872347,0.11304494441334531,0.15451313597333205,0.0755920476101115,0.14651676863452456,0.1234409508103778
ext_credit_chg5,0.00030551620132864915,0.08373473824711893,0.03578858815529731,0.033212026477419804,0.04976640535154964,0.046540979035483175,0.04007321940573315,0.03504939720322277,0.07711232689742573,0.049978822364159854,0.04662708487627441,-0.013267799664200223,-0.026225641463704673,-0.013339719444427455,-0.024980444168872924,0.03410628894897261,0.06413841941096124,0.0345838610766627,0.018047931385351067,0.03349482227988459,-0.026927888843464226,0.003782424036256812,-0.08970366649944624,-0.1222013627683533,0.012079138500227338,-0.09436683580687154,0.03863957651008171,0.01744451713396035,0.03729479202740205,-0.003096913586836592,0.057566850057808365,0.039167872643284064,-0.0785649488282078,0.06522338184275672,0.04461401480724074,-0.08317433814589967,0.11151830961421957,-0.02889758478458159,0.00925220459394328,-0.02740134808006521,-0.01792198760301556,0.07379062274310112,0.02468598257359688,-0.01362151508219496,0.023897709735095266,-0.06559385505414879,-0.17390882794888948,-0.02208834742323184,-0.03648811462386106,-0.011224199665396475,-0.2961914633875477,-0.019961940334144005,0.019522425779958726,0.25207345133724113,0.007735691303349055,1.0,0.5659010203586763,0.3104656856695456,0.18491978861275607,0.29708240575260325,0.055687406607801165,-0.08918202147740624,-0.04767807852791493,0.05240904651986368,-0.03240869248886295,-0.12026811713368929,-0.09188134049695086,-0.049228383977732826,0.05878019738442246,-0.051198143756186275,0.024566274757098515,0.07599827394778559,0.07736898085155086,0.08169753505175764,0.027241472161477685,4.4209942631041407e-17,-5.72421613731697e-17,0.04060754530970126,0.04191151045351724,0.035907065163118486,0.02570555907805408,,0.02961194703832431,0.032995394752628436,-0.008739729486573708,0.25298408274958684,0.05877536064475419,-0.07101744706850109,0.011015613510631433,0.010682738496322449,0.009851413785469967,0.00497883956912277,-0.008198231233365154,-0.0028742035178570217,0.18623184803994586,0.17635621574855784,0.046016847192604286,0.015565404883726987,0.03762072275754841,0.037576434730712836,-0.012959531082340202,0.0014178827069135556,-0.07513079669711094,-0.08193408007274774,0.06694031772705057,0.040662917536822156,0.03572550818765427,0.07389895620697147,-0.04436848361816903,-0.012672082241318262,0.017212109204316827,-0.0023065540690401856,0.03067809964856132,0.009756333266897888,0.033723780251802095,0.012388127711943838,0.05322200107987922,0.04286460196358576,0.009756598079888278,0.009205873776526154,0.020553739434770023,0.027778963716709335,0.0005703959657628469,0.01191003559443581,0.018465344790543844,0.004507315774251053,0.049582001727303225,0.02830635470658802,0.0089259992943259,-0.0009684112980109365,0.045823635641420744,0.025447072767847176
ext_credit_chg20,0.04323385560695649,0.09506406818339487,0.10965909599834675,0.07651857101755614,0.09627689631716917,0.09560913224133943,0.1086568160063786,0.08896232306735444,0.11084823522075325,0.10739287124321759,0.07790890043419814,-0.011396807678948255,-0.01138632945618877,-0.027711438050600203,-0.03624938712780017,0.061142052812519124,0.061075777096221195,0.09212175530874382,0.06123810305609539,0.1248363784882936,-0.031163839269952493,0.010461737282905887,-0.09095909419850232,-0.13964923128136247,0.007935454147525936,-0.10115992771285515,0.03912034103564302,0.08602246340402242,0.007447546949658748,0.01160553313538938,0.20541319623134327,0.09175426222505516,-0.2395468313618901,0.15413700012499598,0.03519449196987927,-0.12823838703925397,0.2433164225804261,-0.07469262481718165,0.014223121659752832,-0.03739360972845956,0.03687664050056006,0.1315982367862814,0.08688040575790695,-0.10700419001305768,0.06176236282768462,-0.13770753635650626,-0.29570312823865647,-0.13768640776139268,-0.07180891991131338,-0.08631593277442749,-0.07431067338644787,-0.057795917619705754,0.03708678061825125,0.3693977480129757,0.037963475475722354,0.5659010203586763,1.0,0.6115990203958158,0.40776763557355744,0.5227247806421957,0.03588744876698891,-0.08977340018372544,-0.15117393518345595,0.005987070346689174,-0.026143567303743804,-0.05222804480107859,-0.07360943125099037,-0.09623108457621914,0.07781974457088466,-0.08550561968605232,0.028712791727195576,0.09492864763419238,0.16102402462590099,0.16713613362850385,0.06767402315019551,4.396294861495552e-17,-6.082209869906753e-17,0.07346249188892783,0.08575870035156212,0.1105001736297619,0.09172398777828414,,0.02998038724793939,0.05884400497106731,-0.02530418771769125,0.4470465216500936,0.07341568709904928,-0.05689461929196815,0.03876859949255401,0.02760897083096628,0.06140820539909673,0.038288091298657435,-0.015574191785205065,-0.014105365698235808,0.3668657152306521,0.3103036814264264,0.0957724640287747,0.038668011926796954,0.0735405605663934,0.06275610991958806,-0.01425458940347183,-0.010624149575589145,-0.11315601870243247,-0.11782259231743691,0.08180057946296876,0.023329625544101344,0.04020318893366535,0.10572592180461125,-0.11788701967020483,-0.037926211072525404,0.015903656522442234,0.0037430408686308487,0.038339101171489365,0.012126605728881548,0.07589054994813206,0.03237362818169896,0.08232597108002421,0.06556365927735262,0.026015581994553505,0.024505147479648593,0.044177756264626326,0.04686970309528102,-0.006891310218118224,0.006065799636587092,0.025594952074037777,0.012921040079549998,0.07673353291526473,0.04377005981759293,0.018856623571138244,-0.006528505341451089,0.07771385138887302,0.03738463173170241
ext_credit_chg60,0.07136472234182607,0.1262678487573754,0.1887741035837454,0.2494044232354156,0.20120983438642814,0.14823076009076103,0.24832921731004404,0.25377273171486153,0.10118675758454024,0.11592578644609787,0.13765634571269122,-0.15599685260509955,0.054918214348521135,0.014988756853385672,0.044176913492918746,0.057037847460861005,-0.03031710635202231,0.25918368634834926,0.08019692003914368,0.14105586265653233,0.022053758015404094,0.04222653929026404,0.020720984806709523,-0.025195603717613573,-0.012948963298023926,0.01578958045107943,-0.0474670548068077,0.05761357696132578,0.008125581878310485,-0.06657862526099519,0.23634730265737636,0.3182030568649093,-0.18896661080776425,0.17609028080791067,-0.07563763103641166,-0.15714475292823454,0.46156204369068465,-0.06627226840980972,0.06046495232492998,-0.095188729992983,-0.010542514465685549,0.01628037494783725,0.11545667677016166,-0.11908784888593041,0.01901738446881504,-0.09059870872104384,-0.23502838439065832,-0.41760983970485704,-0.15158602670534385,-0.23780372433685484,0.0220172073480262,0.088536305561806,0.12826740410417098,0.27235968389564535,0.2091203093143057,0.3104656856695456,0.6115990203958158,1.0,0.4890972206405256,0.7195708218730245,0.02190419709500721,-0.000816351144519318,-0.15372025941042894,0.10201604782580698,0.05272880195970043,0.027005282942646217,0.04650290423235637,-0.04216560391275899,0.11373853629956744,-0.06538752958899743,0.03621293558272211,0.03588645977117035,0.17587960950717155,0.26226178049860843,0.0944881094126516,-2.0224818354582368e-17,-8.156091550834618e-17,0.09918030395729789,0.1615851939542065,0.1922821063124492,0.10553711980587821,,-0.0363770009911385,0.007279751520662019,0.0387629332318612,0.27341321471255464,0.02775378315516888,0.03594328861541305,0.051520174444354284,0.008501138703932924,0.18625419335306803,0.10548516844931555,-0.05386450692152185,-0.07769885135234379,0.5998467999396501,0.42715685833742656,0.10460813915224353,0.05398921434890759,0.03222329003170265,0.04799061172030562,0.01337168878998916,-0.03560468193798499,-0.10747394111592229,-0.0982119103522516,0.13387153196481744,0.08636583332546321,0.07538052242501021,0.20030080308864978,-0.1205185238102448,-0.04173008269943341,0.04052336264803179,0.036578906534229925,0.08646718807210338,0.07353460809371386,0.1504623957403149,0.09561103082817723,0.15707297688304292,0.11414189336968779,0.03145716883931611,0.01922938857517455,0.0035111481053104513,0.009434662158055588,0.024144701077837553,0.07352054582870823,0.07255691942679217,0.06921638718449295,0.17047758302412847,0.11461881770524701,0.052209233842724294,0.03238732048749925,0.16811992203554932,0.1056738492012673
ext_credit_vol20,0.017732378738588517,0.037702956548432816,0.12231729491806229,0.05935114964288508,-0.06641542450252565,0.06411204836487418,0.10908426594339544,0.04378194980230465,0.08243753514550432,0.14322216229719548,0.12626667988972232,0.01741868404976301,-0.04640468068586551,-0.04648523673241199,-0.04012335766595309,0.10034440065066924,-0.07848444288934539,0.0705952235720918,0.08511748912178185,0.19832540311927002,0.007086211790147527,-0.12644300426393687,-0.1236711780540719,-0.130518249295372,0.1323299849219843,-0.07871720829167649,-0.06345457531283807,-0.08846067757656292,0.12122435837841625,-0.07642100928062685,0.18514965236318776,0.07634412243455933,-0.23036489860723447,-0.21175917188869178,-0.012565756654647046,0.08335473619954294,0.26898084294582447,0.291182052227113,-0.23049077535035498,-0.050063689636468504,-0.05581239724746877,-0.04323937833444082,-0.12824571500510423,0.10894826493021123,-0.18962644646580648,-0.11499034446073052,-0.2618977731642144,-0.27302073454853076,0.07455297337194347,-0.3013792202887027,-0.007202414905728946,0.029786512530724146,-0.019693303078742192,0.37530651407748555,-0.06613144184561011,0.18491978861275607,0.40776763557355744,0.4890972206405256,1.0,0.29566452130840437,0.031292392099924966,0.022035427197971004,-0.12023945319685224,0.19624852541426827,0.10714514394116176,-0.06903008414650211,-0.09256089576257553,-0.26085763640744525,0.08696980788249152,-0.34032420294036736,-0.07892819218827127,-0.014879369725986094,-0.008624216400666457,0.24586769635198477,-0.02218382515165373,-3.6590931932406945e-16,-3.731194371129074e-16,0.07457175890521439,0.09796074160463429,0.12132780459618067,0.08267562533513212,,-0.048629247347285486,-0.01933443985111922,0.01304112012706955,0.18229110312464178,-0.011507370843873503,-0.07154269278047697,-0.05722702050360308,-0.08476668944581728,0.12176738152994111,0.13368603838283175,0.008269989303993565,0.024571200599916583,0.293383402660596,0.17551452088509345,-0.005129436162884357,-0.012675534505201301,0.19934948144779266,0.24977800484271356,0.043934491408548715,-0.04318721809462805,-0.1403656034789643,-0.1971363777353596,-0.17072991249313263,-0.08623304350269552,0.2166396928575675,0.23888247565224313,-0.27123698347959424,-0.17492569717950496,0.01965836197117023,0.013165246810003839,0.025953407494257917,0.012114465568831808,0.08345106871477895,0.030705349176840317,0.08764860489674414,0.02422520264628138,0.026049338832538578,0.017166727083074786,-0.06924750230300682,-0.06702715994452586,-0.008113600469572503,0.004344200533364728,0.03035983625035675,0.02059184505863004,0.09351610234365185,0.038928605014248344,0.007746157738064644,0.006374347082404436,0.0860845663139891,0.03551274646808563
ext_credit_z252,0.026539621256853062,0.05414099798086552,0.09617272379979801,0.21389887072860378,0.3707784641339737,0.06840784462866245,0.16444824937257627,0.2805026470159736,0.06203146345979831,0.06137454770216577,0.06358021121970747,-0.18010830390305274,0.0969164371759184,0.017191856129896328,0.08116617058186273,0.054032819302198276,0.007476354054393116,0.26193140660672987,-0.04174451954401981,0.08437820863267598,0.06267913130202751,0.14415788674713254,0.05490361290197434,0.03756249951556559,-0.01949338583234313,0.04230451713408629,-0.06731524411651918,0.012936251508743767,0.024588005767766572,-0.08370007252133517,0.10335336244070266,0.20198939295776588,-0.019119284752623027,0.2846428086117095,-0.04685361117548621,-0.17149663667667955,0.6760106782555222,-0.408508579023609,0.16444372040619795,-0.012447873522616783,-0.025009700364863535,-0.002136558327819675,0.0049036135592848635,-0.22991671645326495,-0.06304947016553024,-0.08768965663285751,-0.21189339387198944,-0.22850881610352625,-0.08122429537113197,-0.1957054228679318,-0.021065439449556977,0.06741851638722415,0.20452759470102638,0.1473336141003724,0.399749900568965,0.29708240575260325,0.5227247806421957,0.7195708218730245,0.29566452130840437,1.0,-0.01101116987513361,-0.08456611600039136,-0.20045702097537524,-0.040064199702835576,0.014978554767570642,0.04343957849020258,0.11719262454256729,0.1970647694538906,0.24670149836172078,0.0841286563180492,0.04420265185917793,0.09828151364925282,0.2117458870692772,0.18979902561725628,0.3169151743745505,8.443501432127805e-17,2.4932890726707506e-16,0.05053261789022109,0.10419842240933949,0.10488062640225788,0.046150796186817764,,-0.05158792159976495,-0.0009553596760371307,0.029517150424633026,0.23368229496640094,0.07600871847978927,0.09058118835942214,0.0021881369969182773,-0.028184332707034083,0.10191504406961778,0.08681116982182197,-0.08588914788880055,-0.14852745868761716,0.43163225483047774,0.5936272641316197,0.12594037069746297,0.1810809993562867,-0.15059846490712417,-0.06174549956678411,0.005703938985389421,-0.04930124857361169,0.095087467751977,0.1319973308915085,0.29448371842262266,0.1301313582924294,-0.14601379756418814,-0.059921155393820716,-0.04215848167437359,-0.0924909735001647,0.03307041839455497,0.03154986689890118,0.07619928310946639,0.06993980244350326,0.13446659268670597,0.11544836084090618,0.2212919518413028,0.18901231587681372,-0.02235148446989784,-0.018986544235886006,0.02729210959543011,0.03534246798541797,0.025441175588137903,0.06899438164269495,0.05668497435533246,0.05522779677248835,0.1702895709995638,0.14529963803357815,0.08720317897182425,0.04430184235622399,0.1709222082909787,0.14001233244727862
ext_fx_chg5,-0.10248536467400848,-0.05475798387959334,-0.000965109515615761,0.048366696738225176,-0.06411801359438066,-0.05353157591020454,0.020159425440070856,0.017334896235082956,0.05029200284591569,0.03874007297540641,0.04648217935217987,-0.056731359880813716,-0.033185131426228684,-0.011386786354387725,-0.00037167783696024053,0.03152782764668649,0.0353415496797112,0.05540538237909983,0.03744499194212783,-0.02273382329282138,-0.08264234045020227,-0.06809144020931039,0.1432075574546718,0.20548525769182466,-0.1013545811460643,0.12548496503037437,-0.14474253002866472,-0.0202968523006567,-0.11849957149706969,-0.21577982597447284,0.026897534433065595,0.06955888439067295,-0.04659554970938432,0.03232317780095417,0.06173323390929486,0.07952455550031186,0.04742018852964262,0.06726156691652684,0.07597569074748092,-0.042410552926370956,-0.2691504918357751,-0.17856574092254288,-0.08588138210561871,0.02088179971721104,-0.05711403773719407,0.09145368680931043,0.04739663034194844,-0.023475083009299992,0.09844742993305261,0.03375886307067424,0.003436947396548059,-0.056504202593003885,-0.029108788543223643,0.0023193613424913138,-0.05528481713926905,0.055687406607801165,0.03588744876698891,0.02190419709500721,0.031292392099924966,-0.01101116987513361,1.0,0.5272571966851223,0.29970934851517195,-0.14876544073738893,0.2926094025290404,0.0971556446564632,0.03737085515193377,0.07039155825544004,0.10352726823497956,0.16611443994899214,0.015034763778673898,0.024102412294152296,0.04307005973274858,0.03003684181301463,-0.01715381424588172,-9.181022753861579e-17,1.164318242209178e-16,-0.01605263269530211,-0.007406439925043919,-0.005525000832902859,0.012010665161092738,,-0.11092533926409706,-0.07984547212112682,-0.024738649512579633,0.016043359142178335,0.018640265119318895,0.028884893421261604,-0.03832280567378336,-0.025531079604650328,0.010469898537073787,-0.014974783795324935,0.012223920433364479,0.020541126794573483,0.013139162532687336,-0.006536530647864156,0.025616834233618792,-0.009801455018828493,-0.053793788940899895,-0.1219182562613514,0.018109392696411097,-0.012798103556273874,0.025517582440057696,0.035840031135647064,-0.01584932564803894,0.0003011274106088722,0.07439187298804886,0.09048371070021424,-0.005364075138702389,0.052740203937632985,-0.005263876078650813,-0.0013241839994087392,0.003949130412896891,0.006439954615236943,0.019329970436050094,0.008246695118900943,-0.021627609489042483,-0.0263646062264722,0.016163965763283977,0.013755298925908386,0.023297240296203187,0.006115455768188128,-0.0036603827448866036,-0.00275736421379354,-0.0014778578608740413,-0.0018725196734348255,0.009736667954009938,0.002057823634193605,-0.014270880945812841,-0.003968751482082462,0.004783760981053348,0.010181824153163918
ext_fx_chg20,-0.09159165983800314,-0.12053240259247722,-0.11482405070487503,0.0438432807602828,-0.10676547856433656,-0.1391554828309884,-0.036323757034671535,-0.005175380330766387,0.1419187070641945,0.11742717754416056,0.10156706860565785,-0.13172806068678788,-0.14554254295448193,-0.06423727760011089,-0.05114866233201796,0.12945098341891634,0.11012473243361659,0.017582646221432487,0.06233444626295266,-0.016206768050685338,-0.17328794699720906,-0.23397439589493238,0.29527283373695296,0.33239076650182414,-0.26586303162263325,0.22464773285618297,-0.3286639386440406,-0.06719814309750861,-0.14888051794100232,-0.2831467833925342,-0.16415933106031186,0.0320283006255997,0.1448995383997739,0.03696726556054186,0.18317071338378496,0.14999978743087336,0.04237547357127733,0.13811153274013976,0.13864223632724987,-0.14327965300115458,-0.13642692002403753,-0.346453636151916,-0.16491086662188076,0.11057561298391236,-0.11307207470130344,0.1631489166546882,0.21453544396299454,-0.007650160244757706,0.1979152601334176,0.1148424287399178,-0.047120757376703334,-0.053823578642833644,-0.1612586498867167,-0.05045770909138782,-0.12816162125650463,-0.08918202147740624,-0.08977340018372544,-0.000816351144519318,0.022035427197971004,-0.08456611600039136,0.5272571966851223,1.0,0.5983192490616746,-0.2521327658181097,0.5305617193304345,0.042434399219691166,0.10767018580190575,0.15033813150532324,0.1974038786756641,0.290257647349446,-0.07995031462249431,-0.035716645925589534,-0.01625350761747996,0.010586781289102657,-0.11303288251922726,-1.2490037119972804e-16,1.1272810647376131e-16,-0.05786037779834792,-0.046065086552511327,-0.12225344246976586,-0.07330273201586007,,-0.25187592679735776,-0.15491635743627938,-0.023565019705679133,-0.04013288628883604,-0.027622452935441556,0.0832210509738509,-0.07358809255390547,-0.05054540450362777,0.0034119752216951746,-0.05094189745993474,0.06771882321656726,0.047618573211450695,-0.000489685621666945,-0.05020075207954942,-0.009667119408131718,-0.06458544425049499,-0.11488959637204274,-0.2130320894573223,0.018472670230663114,-0.019716206168096734,0.09479076703190473,0.09812084088765385,-0.06213793467342451,-0.02442777991777161,0.09200329648181424,0.11068089638279642,-0.02622831855381907,0.08242769449141786,-0.0028837675452922456,0.001726697057548361,-0.013065098779913976,-0.002780183292022105,-0.0030949333049898457,-0.013827052642160751,-0.03347295746739071,-0.04650194021827914,0.0415635970829651,0.03655383676194992,0.024671748213419522,0.007914375956253094,-0.028644054737667207,-0.02628785754420563,-0.010157655409131518,-0.0032458184076734485,0.007822611532009525,-0.001754506338352418,-0.04960731299354623,-0.01527694766178373,-0.00035801947354468535,0.00557098412076733
ext_fx_chg60,-0.08325320842637643,-0.0981370871735663,-0.08685609011898997,-0.009896003202015266,-0.02364398488187374,-0.10357731211139845,-0.07216810712794511,-0.007233151566553224,0.07130557390852016,0.06504067319182569,0.11004893877675387,-0.04974103438458554,-0.1464690255097343,-0.05509708166883314,-0.0589177016772737,0.07879987438493388,0.018028924196418404,-0.02173284124923047,0.13200466480870937,-0.07992136383856754,-0.17364186427725994,-0.39297914080656515,0.15638109873108133,0.2739382898883041,-0.2018843914117963,0.10185796588046363,-0.2551952694402443,-0.25487121295039594,-0.05260648066804085,-0.24404106785731908,-0.20833481221801503,-0.1341423960991953,0.25130634195296214,0.09987262402231055,0.44177146252506544,0.25515306968082113,-0.041081203864805044,0.2579522806855067,0.15658845721263767,-0.1753810791892555,-0.10063129383384822,-0.17136471840208742,-0.27486051789938704,0.04969501528269552,-0.13206779866966115,0.09861413750178362,0.2212497415041958,0.23765927624137326,0.16215011865235165,0.28059972388859045,-0.03523704226874145,-0.06568778372782776,-0.255267684046402,-0.033378339628970924,-0.24218555636507888,-0.04767807852791493,-0.15117393518345595,-0.15372025941042894,-0.12023945319685224,-0.20045702097537524,0.29970934851517195,0.5983192490616746,1.0,-0.03261689240226451,0.7672383643812896,0.003336117522899528,0.021915853400611612,0.17046014849574823,0.10579768763924169,0.35946633230359404,0.058282964848389233,0.10078612035937942,0.0709145622239782,0.12514742688501607,-0.13971789201070667,-2.1461910566217905e-16,7.491411947815629e-17,-0.010628283087930922,-0.047558688530999295,-0.09611754963600401,-0.0930285888164396,,-0.19557224704891968,-0.07662554292345346,-0.02875940167859407,-0.0675817818879207,0.07794572513815254,0.01693932576974763,-0.12265086979968971,-0.05903686054488476,-0.10599615377955385,-0.124468652556894,0.10719689877711673,0.08998427558469368,-0.09220860569323802,-0.11899675293758595,0.04217794441227624,-0.0798328939697626,-0.13026700187172088,-0.2638272051037523,-0.0008995846220046955,-0.029314955386900106,0.25196100907958036,0.23718990516843588,-0.17620955785796805,-0.18216251090589564,0.0622622509841762,0.04706082512077794,-0.19943063173099262,-0.07877851693380625,0.014863007704198093,0.009908823239259425,0.0162149572862312,0.007010563962237587,-0.019621167540885394,-0.02485921960655044,-0.006573161309683223,-0.026218812837305608,0.04487641006836517,0.03816706720440264,0.0013093955767222347,-0.005853375706788605,-0.027319727538118052,-0.018694444169021125,0.006578287413954289,0.004152577844105481,-0.005679521123174411,-0.0030260824875324825,-0.05765364968168772,-0.020218418716392416,-0.01996230819612425,-0.00023628045688378548
ext_fx_vol20,0.018964219350883847,0.021808123220703992,0.006325122081828738,-0.0831831166650584,-0.04683725462071467,0.016809306453503314,-0.03679306988579235,-0.10389028611608445,0.027605545433618,0.0674726769887898,0.08731855232800181,0.10085674773152427,-0.07320027125046008,-0.022539223279594692,-0.023371324838296417,0.0836389026511307,-0.07964078280266097,-0.09220295846799416,-0.059618248657105466,0.050906341540946844,0.1275603858380987,-0.013987064566140121,-0.07291227358944115,-0.09817952235226547,0.08347125180715124,-0.05410330295254867,-0.14596112798896568,-0.40766981064678576,0.5087250375392383,-0.10211501277652744,-0.01891783490138563,-0.1732599467743945,-0.022798107317615654,-0.3819634004559892,0.02301348543521405,-0.010440022420885152,0.07766007611310079,0.36945553014644583,0.06380412332776415,0.10530265292344984,-0.026622621815046755,-0.05597992006886402,-0.12710615471591372,0.3103475105183158,-0.2835363812804028,-0.12146095594096293,-0.23380496159678357,-0.2049619201771747,0.06955155487952569,-0.2501486609428675,0.09350851519291649,0.15750516266978012,0.04427189634428123,0.22186645234282154,-0.06979960395727987,0.05240904651986368,0.005987070346689174,0.10201604782580698,0.19624852541426827,-0.040064199702835576,-0.14876544073738893,-0.2521327658181097,-0.03261689240226451,1.0,0.05713188449155079,-0.03720054104823941,-0.049520329288420505,-0.12804059469737522,0.11856569496080784,-0.1758078526261808,0.18825051631493178,0.22861176876296513,0.16105570008532805,0.004739254329915679,0.2324244460297897,-2.309568697073452e-16,-3.7845569702729234e-16,0.03358355065479117,0.023077372694857278,0.012693016972564483,-0.008447457559308938,,-0.11185922781880259,-0.02503135889397863,0.06895885326929588,0.0026764989733617894,0.17680321484551137,-0.03827553391182651,-0.056718515092470986,-0.12674624677376278,0.09141311693631454,0.11096114541735035,-0.018591503302965242,0.025934109748173336,0.06119399983080003,-0.023783201259216707,0.09579130368208488,0.13280415191531306,0.09784964131669346,0.1290326526448778,0.011309639359787722,0.024976606365465472,-0.0325577311105211,-0.051694131408777384,0.007509641495423192,0.02636830699097541,0.048509383843708676,0.001960446168820686,-0.19760344400729093,-0.18447421604671094,0.03402055417957681,0.027776432748743505,0.03336910856439312,0.024336744935133804,0.03502764307360645,0.03770220161792037,0.062339538175720924,0.050493836819632015,-0.034099157642456565,-0.023132714548529693,-0.041387276781737585,-0.038019027292655466,0.01759273091712788,0.036750005812186334,0.035232942906974624,0.029539617414959855,0.053478716714781466,0.04692188656490132,0.048060408659688,0.04476025634668306,0.04137190100457813,0.026213836761226097
ext_fx_z252,-0.10133521733757549,-0.12108931766785204,-0.13102317548687853,-0.04621479292582349,-0.10823447987198716,-0.1379774607224179,-0.12072551877447643,-0.09107402986827601,0.10331495151461281,0.0997510545657425,0.1469500857802951,-0.038777370934583735,-0.1694736369339709,-0.07822226416634327,-0.05937235359163523,0.13205072999073794,-0.008566080526990661,-0.0854459941819076,0.07321718255107527,-0.0008168196678807468,-0.2013776569602515,-0.4088130995603021,0.13849890603141046,0.26618275115237694,-0.2809299443203349,0.05865327725411263,-0.2818245837629555,-0.3023036963478492,0.13317481434891135,-0.2548530502396379,-0.24229357564864967,-0.19100887759651827,0.23834278406556075,0.12333787669761077,0.6692033076176086,0.44300297234950353,0.1824129965558501,0.18484713175304876,0.06223448154156418,-0.13588263258800512,-0.14138700743542423,-0.2783975729906357,-0.37787445495944727,0.14490276979629416,-0.39405550819520546,0.06275630697035729,0.10096708142475248,0.08403952530175654,0.22525806329766823,0.24959424308088632,-0.043579240551037686,-0.08573801384830974,-0.23134012900739936,-0.009766047083994927,-0.3038838209034408,-0.03240869248886295,-0.026143567303743804,0.05272880195970043,0.10714514394116176,0.014978554767570642,0.2926094025290404,0.5305617193304345,0.7672383643812896,0.05713188449155079,1.0,-0.042770816475243646,-0.06022354180013791,0.0588187648397784,0.23615629114372946,0.2840580335807615,0.033106051279874885,0.06306257860510243,0.13776896662248173,0.23659258758060753,0.026817443320130713,-4.2416430233916456e-16,2.763740439902258e-16,-0.010030622639231893,-0.008915738858457109,-0.14258257772724145,-0.10819233320591447,,-0.21597997188993362,-0.12448516461203675,-0.037537786167442605,-0.011687390826663889,0.04877118397780427,-0.04654832166070631,-0.16861872680027956,-0.17615043423608218,-0.037481669507394746,-0.11071521629355015,0.09714878122913287,0.11290832490722304,0.031629203120177606,0.008891678487318552,0.08194102358817068,0.015323120598986235,-0.04494976812522781,-0.2084819365602956,-0.04240338264570972,-0.06279968301048337,0.38673877706237625,0.38592628158750186,-0.2307779166057476,-0.22940904495749437,-0.01225888915426433,-0.07210895287425574,-0.3420314942867331,-0.22023340530601151,0.021761016194374563,0.016034449063809852,0.023258925404831605,0.01849943081997506,0.03054676069377614,0.012235491303829601,0.013209618231245052,-0.003916456698460464,0.030410316545193,0.030945937281618836,-0.0414561868703781,-0.04613277161061524,-0.03386983223951341,-0.012798915676019991,0.014601944651391238,0.015360355959769416,0.03204173580027085,0.018830833208610814,-0.04135475801301168,-0.013897720839372393,0.025371734432320932,0.02586494377749007
ext_geo_chg5,-0.04790027892210782,-0.013102176752841012,-0.013139110682678585,-0.001115304559854268,0.014684149256629836,-0.030363679092248238,-0.029053187919810625,0.0021769938269491753,-0.011298330669712175,-0.01846547830825861,-0.00879933138021025,-0.007966903890960582,-0.030549254794771132,-0.003578120262469035,0.02081974968901517,-0.011264980568193713,-0.01622376707269455,0.003989281428779602,0.0008693123741132155,0.0006922804766584763,-0.005822735754105137,-0.022990433845455148,0.38974000456799557,0.38759614365404216,0.11343246649010152,0.46559931467818055,-0.025205236997863176,-0.015705130843726673,-0.0699305996188496,-0.0014544985301097341,-0.021206380305402305,-0.03667546811652145,-0.005371644395965619,0.06779574353048452,-0.09681499751711536,-0.013818457559986735,0.0077230864651578746,-0.09012987891576729,0.1415340370087944,-0.01351814430915949,0.10190692421694986,0.04447469484279025,0.031362840949150456,-0.04337381390191553,0.04627560397511976,-0.13373250032491124,-0.05858231807702524,-0.1282904026835564,-0.11808431533876533,-0.07058117781572422,0.1756856231871037,0.012497473181271023,-0.0019369022861171396,-0.03297006500456884,0.05635843331624272,-0.12026811713368929,-0.05222804480107859,0.027005282942646217,-0.06903008414650211,0.04343957849020258,0.0971556446564632,0.042434399219691166,0.003336117522899528,-0.03720054104823941,-0.042770816475243646,1.0,0.5335368807977744,0.3088489317539565,0.08330978410877687,0.35283019093443063,-0.013685356407407982,-0.06497510842576733,0.04093327128977949,0.15936282876519506,0.02967069919822395,-2.540924197692211e-17,7.13376854211084e-17,-0.16602083857819097,-0.10707485483362068,-0.013764713091261087,-0.009469371022121255,,-0.019316364476054507,0.01988681025161469,0.005471639181447473,-0.023348365760907572,-0.05025029164846899,0.4123843534085852,0.013995024644502438,0.020686090069108373,0.05721758252548217,0.031308455963020815,0.0008133811339328474,-0.020940029914111105,0.016199032554611064,0.025786918134169678,0.024345933852344587,0.016953432012265297,-0.23602481122955718,-0.2589566665504482,-0.001144573025216065,0.002799118344202226,-0.0072660076674951135,-0.002238836567425865,0.031012026781578144,-0.03865919094431643,0.021784027703365443,0.003949842267306036,0.015620120137480466,0.016749650842839026,-0.14840494918043542,-0.09532714190209847,-0.10939518046592696,-0.06729466588523873,-0.06346370559943185,-0.039294703821304545,-0.04265564152149631,-0.01679502839671855,-0.0018983046649251264,-0.004939236808930232,0.012919814355346407,0.020642700867548016,-0.0252950838262138,-0.044302143471678795,-0.1389732364419759,-0.09897919130159231,-0.08150472974527297,-0.03746417766243455,-0.07072305080209564,-0.04205287947893763,-0.05196815806467329,-0.025134554814689847
ext_geo_chg20,-0.0589425496818534,-0.06748550504978008,-0.07197028389063045,-0.06099059787068552,0.01184608714281256,-0.0832690877263012,-0.08833630090013615,-0.029683197417035102,0.04895064910681142,0.024052068184227494,0.01305315756559519,0.019961842395939716,-0.09455529850811574,-0.019562902578372204,0.02205388347881066,0.05516154912360377,0.07287601445356838,-0.035872549436241685,-0.021947404995866098,0.023684963518129168,0.018487226028429737,-0.052509198328489805,0.7465080343884023,0.5935992784371932,0.06428461781145209,0.8098520432693962,-0.07246380804461577,-0.11189658984194363,-0.11659907991155001,-0.06696669735750944,-0.054556541346416756,-0.11936020550071512,-0.028091407822268676,0.16591652039911978,-0.1723800979797361,-0.036681037717614516,0.028567886150057904,-0.18606135834960968,0.28913139783627784,-0.024843831157875872,0.08791853025022138,0.10906628098096019,0.06755847192840087,-0.011259115476836572,0.10465855671576094,-0.044810845107195844,-0.07755131236829059,-0.20936323942438853,-0.18942153363898162,-0.09477958262974559,0.045837932995338206,0.048568899573689844,-0.04402450149007113,-0.03637076241381728,0.09565292760205617,-0.09188134049695086,-0.07360943125099037,0.04650290423235637,-0.09256089576257553,0.11719262454256729,0.03737085515193377,0.10767018580190575,0.021915853400611612,-0.049520329288420505,-0.06022354180013791,0.5335368807977744,1.0,0.6327201668994339,0.15974155572682777,0.5746704308572651,-0.011381848622816994,-0.08727599239873797,0.03191609405270055,0.23021465107434513,0.06843801475100621,-4.739632972845599e-17,1.400294982198564e-16,-0.299471352687182,-0.2276467012029211,-0.07028391554616431,-0.02436135371774418,,-0.05553359119897629,0.0487688660345977,0.0212644180189519,-0.032906840201397176,-0.06749729516737396,0.7729256744012956,0.03014658273833786,0.04678439922446214,0.09337610747949318,0.042042403949453376,0.01848761251379705,-0.03553993692692114,0.027894618291679017,0.06956873708360796,0.018982775872747538,0.039104546286022196,-0.48352978624689863,-0.4217743916578923,0.0006541518874969073,0.02685997494493739,0.004794137267974176,0.012265525297856393,0.14457923665951378,0.02420907588078515,-0.02111818284595119,-0.012468333749813409,0.0714588862263382,0.05159802585568875,-0.07704838481239022,-0.052470247343663484,-0.18691125283024823,-0.127069655395162,-0.14449297107070028,-0.07975297990544142,-0.08547265048036817,-0.02961875532060172,0.012374729875432493,0.012479577141088577,0.05131595422074729,0.050915440672078656,-0.042755513261924505,-0.08162624293909458,-0.14549864112836253,-0.10759633043792559,-0.1624700163513117,-0.08725777580532768,-0.11467786089620106,-0.07484725698888303,-0.1597118895678608,-0.09349229439780794
ext_geo_chg60,-0.02217269246566095,-0.026071033750243663,-0.03055130494913326,-0.08464600312449884,0.039711891093932576,-0.03158798117846887,-0.06330743409655504,-0.02906800767092947,0.054545374872005975,0.052464523132202213,0.05182347922331424,0.07656446174640354,-0.07843569375010265,0.011669428767491793,0.029737720223615344,0.05726677795366415,0.02470308038901271,-0.040534305536360254,0.04907822464943781,-0.11817562922580634,0.07271351230489942,3.338090926330777e-05,0.47004505343269126,0.4979944868719905,-0.11861644365489923,0.44880176350781625,-0.022225604971670823,-0.15488304410882378,-0.09227917289050391,-0.016353942322003552,-0.015911146872428797,-0.10294667958864817,-0.023884087399749232,0.38491835618286413,-0.0013045313791009816,-0.10006522730480726,0.06825728622868459,-0.31017471421503046,0.6464230519589651,-0.05529569222971147,0.04150774771926314,0.03303706098416026,0.06932326479360763,-0.0174531150391482,0.16693746116446082,0.14109720557096897,0.27589881838131264,0.09911035706396737,-0.10490225564204424,0.26714622174367214,0.07445416566112152,0.11913971643327963,0.03585251890389759,-0.18793237305630367,0.24310118448153048,-0.049228383977732826,-0.09623108457621914,-0.04216560391275899,-0.26085763640744525,0.1970647694538906,0.07039155825544004,0.15033813150532324,0.17046014849574823,-0.12804059469737522,0.0588187648397784,0.3088489317539565,0.6327201668994339,1.0,0.41572528537674325,0.7625694816647546,-0.020590498812398,-0.09035733955941397,-0.07014311116933376,0.05885275266658681,0.06468646120787366,1.2366765665639045e-16,2.1908839366679765e-16,-0.14398592952754635,-0.29435486922018345,-0.025193150736589336,-0.007104868957014329,,-0.01703288433153773,0.01477248501390283,0.05216170749458416,-0.0430197716344149,-0.06988033995553382,0.48904566170804764,0.030934085365445448,0.07462427415129946,-0.0442032678658389,-0.1185009371901674,-0.0150558769481651,-0.09032447808892448,-0.025292902574591134,0.11698301994764151,-0.04171910748683901,0.036960959863977946,-0.7642079572338822,-0.5596812746154872,0.00699813835253194,0.06906007292018339,0.1587972166680639,0.19165999498558792,0.286403096006602,0.054898021162997794,-0.3161445305126229,-0.21218540897284274,0.1836024758156603,0.11961964929875626,-0.006006665205667197,0.00044481746973885916,-0.03582539974775038,-0.018722989223314127,-0.16471576304616553,-0.10467945632145893,-0.11700174668514661,-0.05174497280473539,-0.015616922288039028,4.082540917424612e-05,0.008328148230291491,0.006817166377582023,-0.012638943418175995,-0.027191258155752032,-0.02272163647497416,-0.010953904137972564,-0.1542013322043115,-0.07952833617460081,-0.04224102332039848,-0.042770968741454314,-0.14341479785419844,-0.07557223163750099
ext_geo_vol20,-0.022709934945393685,-0.019208499958593778,-0.024318314733420162,-0.10837818497503109,-0.12861241431440182,-0.02774709156468226,-0.09813901818025934,-0.13201928608061234,0.1374245959201642,0.139313231236539,0.09922751253571309,0.1084597468393098,-0.14806246818052976,-0.029053824234611496,-0.007343283113632634,0.13544890042008695,0.05128693956802296,-0.12885806511102602,0.01689133245705464,0.020939836945517612,0.09778247141019504,0.10144684926253106,0.264026692538618,0.21704670133372325,-0.24509303259731344,0.18758923438301137,-0.017019712744733857,-0.21681806930387384,0.2547952456091239,0.004082773736246784,0.0072397536257734615,-0.11112783412530292,-0.13265658697414665,-0.023344639403379535,0.14914981729747245,0.07465455647958236,0.3424913606148657,-0.010736760190846665,0.5791138766266234,0.09742736968462537,-0.06392295232968853,-0.014791794534883485,-0.08158528129354345,0.1386709932198794,-0.132189567389019,0.0695121980565318,0.09664499779711883,-0.046006077330303874,0.19463154217508138,0.08475692358831785,0.059735755049079985,0.14179597993917234,0.13619741851899284,-0.20585741249686593,0.2871234659142282,0.05878019738442246,0.07781974457088466,0.11373853629956744,0.08696980788249152,0.24670149836172078,0.10352726823497956,0.1974038786756641,0.10579768763924169,0.11856569496080784,0.23615629114372946,0.08330978410877687,0.15974155572682777,0.41572528537674325,1.0,0.34493165513430135,-0.018927378426984862,-0.0005799896254588729,-0.07264768099546445,-0.041486754524613714,0.214308379351125,-1.8794061808720926e-16,-1.754804319008331e-17,-0.04376155885678492,-0.12596543252649522,-0.015891183445831063,0.0032327965548052118,,-0.013043280437430334,-0.006614134447373012,0.062081064576287925,0.03478904612611282,-0.00044855096880200984,0.12346834969007106,-0.036405758782599676,-0.059091293517765944,0.020518733056075725,-0.03759654474248268,-0.057194630574668066,-0.10668099894739957,0.0682256970291152,0.1464487355296397,-0.04320875366937549,0.12245287900750108,-0.31770057110823335,-0.2531596045246217,0.031003055823990006,0.03307998501707706,0.2434721183875986,0.22371146521816188,0.21693858483409278,0.09463402180537045,-0.24499093257966642,-0.20216260607013428,0.019329552417912562,-0.008046662096144363,0.023782727784187968,0.022588282977940063,0.02794197585449709,0.026285052599894068,-0.01039290858619787,-0.013331663819292993,-0.011597510415169845,0.0002878588108235175,-0.054821720934292655,-0.02942622033290335,0.024937630562034675,0.00869596221313429,-0.012409582711657355,-0.004187588321429103,0.04251976853498707,0.037232505550008996,-0.0023693582939865957,0.0024737798633859367,0.0479776431005866,0.02076945717637458,-0.009554759646706542,0.004273621878752567
ext_geo_z252,-0.03082992772008607,-0.02387118652666112,-0.0346000907061754,-0.03897048711525778,0.05274187567022434,-0.034937210205388536,-0.04709632040471478,-0.005679124806685119,0.0872113134430941,0.0668619517461183,0.037768477102410145,0.020778727264160544,-0.08095661460224134,0.0065855416983854045,0.043043057425886086,0.07750030387186728,0.11665646197140632,-0.015289000211408756,0.010864782257826774,-0.12452972711123333,0.07266869064342388,-0.033506732914375774,0.49187808075703454,0.5464098412632831,-0.08396936332088577,0.49586375253307396,-0.11792507972650844,-0.11943512155857125,-0.15048242770962203,-0.10417153035565054,-0.054559114699325714,-0.11444112413147053,0.0389038958354687,0.47504707609567304,0.17592998585926492,-0.06509571972629888,-0.03670993592490443,-0.37041542688459633,0.6073226017823851,-0.09725910980088939,0.007889095839686115,0.014745896608726739,-0.001086876454704312,-0.11756668472037483,0.0770222311639266,0.1227545074140578,0.1809237821827722,0.17691558968457888,-0.16659217712578084,0.34219569639084907,0.1320243682796005,0.12163203413058227,-0.007759809203701219,-0.10233749992094626,0.1469903601466805,-0.051198143756186275,-0.08550561968605232,-0.06538752958899743,-0.34032420294036736,0.0841286563180492,0.16611443994899214,0.290257647349446,0.35946633230359404,-0.1758078526261808,0.2840580335807615,0.35283019093443063,0.5746704308572651,0.7625694816647546,0.34493165513430135,1.0,-0.016669496424828612,-0.06505355848637763,-0.02651916580689721,0.11031395278293045,0.08884703697985591,1.8953442302010523e-16,5.803737561098049e-16,-0.14915523895946772,-0.2027300282806076,-0.02928298839489488,-0.02436250280745743,,-0.09037343394383238,0.006593611240824898,0.05325289312606184,-0.038224989862185324,-0.050310963165931685,0.44417753032883867,-0.0004849963303322877,0.03443042714336734,-0.07890443977941629,-0.15179144387700153,0.0032586478184512325,-0.05461440919207322,-0.03922250037991925,0.04994106408515268,-0.015772837992434938,0.050765982657374496,-0.5827616658319226,-0.7339413497031813,-0.028292485840726453,0.05292143388815669,0.211959881999459,0.24630636483641424,0.1940057776121295,0.0030310227177891198,-0.24566145378025686,-0.20520196355582734,0.1450884078996478,0.11684320155490993,-0.007828469459043677,0.006040414405874078,-0.04491056786815646,-0.014951027075894073,-0.09187506353126601,-0.04736936545798149,-0.10152896866670316,-0.02942757633949505,0.012355926835017404,0.0240647001373662,0.05007854503568056,0.0436136124346987,-0.015868685783506215,-0.019363618925346736,-0.037122251616519074,-0.01594541365114404,-0.11854679041249615,-0.045242157616134114,-0.06249392277696643,-0.044894096850906874,-0.11598178130679361,-0.047252507515391486
ext_liquidity_chg5,-0.0018501313469670832,0.014786593339013162,0.03339705070031691,0.05057469692483736,0.060236663149161644,0.017048306052302748,0.04805420408143347,0.05823439245818709,0.06388478388290304,0.006740711297601547,0.013116674028522755,-0.035074428653789846,-0.0028941558402106136,0.010612058097426517,0.0034445960441602474,0.005668899109874753,0.0787169595121045,0.06302675195757351,-0.023123547283913207,0.031437854034945846,0.04366261073151716,0.01618148171274456,0.0061774859471137745,-0.04973959223310986,-0.014778940621300717,-0.005264106529378601,0.07497136571624688,-0.032614003668683854,0.004598750855336508,0.03784333978409463,0.06105899545979983,-0.013858799159323225,-0.07095104833584126,0.0610032450277184,0.003514940869833635,0.0274345104538555,0.04749514764399389,-0.04001344128308137,-0.0028100455328744904,0.15740062780552644,-0.05378257631641479,0.07445401289038234,-0.008419553743661956,-0.000726400339275429,0.00179653906715188,-0.11440241511131252,-0.15818421618551617,-0.07544990332309147,-0.016674050612654586,-0.06067753347482403,0.10033857769564733,0.0361912678162156,0.036962293252293006,0.031675907130912645,0.008116668244256886,0.024566274757098515,0.028712791727195576,0.03621293558272211,-0.07892819218827127,0.04420265185917793,0.015034763778673898,-0.07995031462249431,0.058282964848389233,0.18825051631493178,0.033106051279874885,-0.013685356407407982,-0.011381848622816994,-0.020590498812398,-0.018927378426984862,-0.016669496424828612,1.0,0.4725400841292585,0.26942467777998186,-0.1302394004856029,0.23992118285149108,-5.5091655698588566e-17,6.401578357047543e-17,0.009720867137762667,0.05228724723483087,0.03694494576221851,0.027264920930403357,,0.05745529096057948,0.033292028917931,0.015845247766262824,0.012835953668506426,0.36545190332719085,-0.00879732302272435,-0.0037570532060315727,0.0008030877128206596,0.03365069389155453,0.026915389393204894,-0.01552191466435646,-0.003015755865390193,0.02172221352571634,0.026239899290526225,0.16024605844435616,0.13708768487729167,0.015735423035849357,0.012234432704911015,0.01088162930195172,-0.016990858361367274,0.0027064230550744024,0.0030033212519091773,0.026217569990241715,0.014697569729296155,0.001339809716597458,0.02225834406674284,-0.0066132014190729465,-0.01317097864370985,0.010543038515522572,0.007108014753552752,0.00502255958038451,0.012038976400356057,0.053054180356497234,0.05100383527783273,0.03785826325976749,0.035643577159331134,-0.003068170960303514,0.010206005158648598,0.03977196567289174,0.04029184519471811,0.010690593889803727,0.017728567776133148,-0.021976573404744487,-0.01708189262279499,0.06314334769263337,0.061532878515344704,0.01383581806981073,0.009520428305973425,0.061052542152558086,0.05365222927061413
ext_liquidity_chg20,-0.02569233984527081,-0.030736333591841976,-0.005589729463744611,0.0834082191379103,0.0950306609666042,-0.029326193739971227,0.04126298240092213,0.07636606951666937,0.03840070513600703,0.03528893716134551,0.014939729603790043,-0.1005993679167546,-0.0073838605370920045,-0.020476480913843867,-0.014840659862980955,0.060360923332987246,0.03931651078861104,0.0826000735051371,-0.058350331029378845,0.05296957752768788,0.050543591228777274,0.03778788399229608,0.006758464164896971,-0.08714011804737096,-0.058611359219198196,-0.01709112555563728,-0.03542214793142682,-0.035892798137904774,-0.0014386442608056735,-0.10040578505927646,0.025127836792201336,-0.060865954117156694,-0.052487945718480096,0.08692377992003364,-0.02746351295997778,0.052770047258509374,0.107192919829701,-0.07539087646222777,-0.04341116422901602,0.326252171623744,-0.08512362579400014,-0.00426669806390292,-0.06406920438765956,0.0443781734037044,-0.024156247455768824,-0.12545574625225037,-0.30027647916675665,-0.16829424870598012,0.021296625446500957,-0.16020528515649232,0.02465352970170663,0.09214098782392276,0.08997826627990872,0.06779789849314774,0.017214446284110854,0.07599827394778559,0.09492864763419238,0.03588645977117035,-0.014879369725986094,0.09828151364925282,0.024102412294152296,-0.035716645925589534,0.10078612035937942,0.22861176876296513,0.06306257860510243,-0.06497510842576733,-0.08727599239873797,-0.09035733955941397,-0.0005799896254588729,-0.06505355848637763,0.4725400841292585,1.0,0.5292425693587255,-0.3119249234017409,0.4627462498315368,-4.911335032443349e-17,1.1372682577719723e-16,0.01107571194677837,0.09898237222600141,-0.00024438337963901384,0.01122043489468324,,-0.027146228382068795,-0.0019078492859299595,0.04034113391418987,0.04243752172981334,0.7733775728266602,-0.06745785528383703,-0.02858956864949601,-0.01079830985826508,0.07505931747404727,0.07106399001247375,-0.03778539825195622,-0.006396044015656617,0.021526378054899202,0.058342586062320304,0.31477827643522943,0.26440688279834557,0.06905179788578795,0.04774549651848671,0.005408939446242095,-0.038208655549166956,-0.0021669056295071645,0.01253006060880708,0.013373181895095397,-0.0035322368735942896,-0.017455427276481236,0.005879639407641127,-0.043049758956065554,-0.041793740529482634,0.022141357293897695,0.015006689725003556,-0.0029345174466403746,0.00826517792371779,0.10742728088338258,0.09788746942176976,0.06937884961533987,0.056688333067149044,-0.004921483159224685,0.015498283294005837,0.042256921373213,0.0404666169025293,0.005472958281651795,0.010511543861286297,0.0029486706743688555,0.0076250160008802595,0.10423390185715208,0.10300928774110411,0.03907691787401458,0.027569452862350904,0.11149794400525925,0.10881754298778393
ext_liquidity_chg60,0.0021432806798954507,-0.0031786796625436543,0.009276245189774804,0.04913448489050251,0.12834750169802098,0.0031713282293647886,0.008296900852633907,0.07588079456435906,0.03325349172837191,0.03314083043898589,0.03301671152469498,-0.0504038357847911,-0.03522476640225607,-0.020962638023144943,-0.0029420954657205316,0.050562212449827525,0.03669004431655227,0.051956101413037754,-0.12409440008359683,0.07678101097164934,-0.023752978590270108,0.007278257124485971,0.14384603463340717,0.1839991124974234,-0.1757524788722438,0.08117763724250826,0.008679200620128119,-0.01602072469999636,0.013831171268914443,-0.0058350268899175104,0.033854258501488495,-0.12908483902884654,0.004172632693883592,0.034234723489500435,-0.013629777757142279,0.09418317577069077,0.30606658738482734,-0.13150167835296894,-0.06024357481018986,0.4413249713756449,-0.10298390627622514,-0.13636370438531234,-0.22754046420406987,0.042859122088700886,-0.20620623696896556,-0.028239282519292155,-0.1298564242165934,-0.2945304861086104,0.14283937121021512,-0.2008488305251539,2.5997577116726914e-05,-0.0434056152255903,0.03669480600189204,0.12257250905063255,-0.04301074605768544,0.07736898085155086,0.16102402462590099,0.17587960950717155,-0.008624216400666457,0.2117458870692772,0.04307005973274858,-0.01625350761747996,0.0709145622239782,0.16105570008532805,0.13776896662248173,0.04093327128977949,0.03191609405270055,-0.07014311116933376,-0.07264768099546445,-0.02651916580689721,0.26942467777998186,0.5292425693587255,1.0,-0.05433029895265231,0.6596155932410429,-4.5097285105562517e-17,1.4127852449009024e-16,-0.003924309680282575,0.08101998067610734,0.01041804222495627,0.015117079379536096,,0.0066514194075384305,-0.06097487849897223,-0.019003830735887996,0.0719852301111081,0.4093043337271957,0.024668768519938922,-0.10153526618715786,-0.09217817649760603,0.13136074127663305,0.08909268675196427,-0.015409586291054838,0.015980683920406188,0.10550082093751134,0.12569813163205767,0.5947712724935189,0.3768953350081989,0.05360392370074603,0.019463512345316836,-0.029237574972766096,-0.07979989541560217,-0.02101108797504369,0.004837886642235811,0.03175425479803988,-0.04857628740372643,-0.04016079216954033,-0.06596297637205388,-0.11896164549422503,-0.11050002793126247,0.013846431482334392,0.009907126123116656,-0.0042701336794649285,-0.00045649424117905784,0.07799146556913565,0.07167532350522139,0.11048621099938573,0.10557010341039286,0.004986214974300106,0.0247651669985918,0.07314414191144375,0.07578524370797475,-0.010046754850410905,-0.00127809600272639,-0.005133588439633254,-0.003257913837185777,0.10921478424125285,0.11081165284642759,-0.017006133279559257,-0.022141776457521783,0.08590726145621862,0.08993760860314023
ext_liquidity_vol20,-0.013430642389197327,-0.02410209093874217,-0.00844700803448365,0.05592801238782304,-0.02295038904777704,-0.023641357689106825,0.015519256722209064,0.010079031359743562,0.015596401415769455,0.02803550277129769,0.10372311183683168,-0.07076667380112946,-0.014025389747672883,-0.03119297095027561,-0.0034082352256578873,0.034220956801997986,-0.08454485264213972,0.026915853371479153,0.030901403106315197,-0.03509936432380309,-0.08440803048423683,-0.28558305631201397,0.20024151266133172,0.2841817034665836,0.03786574248786566,0.2338851396614623,-0.13842868072126402,-0.07540595745868728,-0.011252369310441136,-0.13525461651552512,0.008938301116767645,0.041572402976569334,-0.016338937008265067,0.11625080415721552,0.15672769425306202,0.17801182729331813,0.13430784059860768,-0.07648268484398704,-0.14539420945533385,-0.18702031648769876,-0.01798500611645411,0.027174506371008367,-0.1088047348836124,0.03344375563815957,-0.12447955171655026,-0.08215307551034386,-0.18421583904765632,-0.20996521151618527,0.025591066917507937,-0.06058621283413419,-0.011816379222881219,-0.027468023758587364,-0.19885715692236394,0.12808611862459351,-0.17866947469049557,0.08169753505175764,0.16713613362850385,0.26226178049860843,0.24586769635198477,0.18979902561725628,0.03003684181301463,0.010586781289102657,0.12514742688501607,0.004739254329915679,0.23659258758060753,0.15936282876519506,0.23021465107434513,0.05885275266658681,-0.041486754524613714,0.11031395278293045,-0.1302394004856029,-0.3119249234017409,-0.05433029895265231,1.0,-0.08359469089873087,-2.6365854761516767e-16,-1.6044815162055357e-17,-0.07180399346127565,-0.017672007707206287,-0.016163963507846393,0.003991255856170255,,-0.10608663790695601,0.01215105024985098,-0.012026040212645023,0.07471762718066802,-0.24123574016457916,0.17793881443869897,-0.04855188178276203,-0.055644767380135136,0.09364458732771205,0.026874881309519837,0.08350790896757983,0.06638481456295577,0.15731688977856467,0.11266987631201886,-0.032314101043022486,-0.047764863890460627,-0.04497574189292338,-0.0809639713965971,-0.022816462350259754,-0.033696984180188926,0.04458251329962091,0.04103173172915333,-0.1402045934875478,-0.13302772116164982,0.18317039883550468,0.1778715368559279,-0.10791604027729798,-0.02019855531572236,-0.035051791626918384,-0.022839835687061376,-0.06496752393546341,-0.05284313020193319,-0.034874327091357675,-0.045089748312201555,-0.0038308912900030826,0.004031681553488458,0.03160080572569202,0.020106218330846616,-0.054627632408794716,-0.03942397612969376,-0.033533487390969306,-0.04278710702728646,-0.06562287816151977,-0.0474387002887173,-0.056010041226034084,-0.05303357754063308,-0.09412197005172486,-0.06235041241474371,-0.05973780819964046,-0.05151319381782128
ext_liquidity_z252,-0.05384224221102248,-0.07604734894355913,-0.09265146536328421,-0.031034094027771734,0.08046030676326954,-0.08530210911427549,-0.06942653455224299,-0.024686575045109252,0.020887112424388322,0.001676742082457156,-0.04052608632232956,-0.029328634175269774,0.010453749688798732,-0.050315609335589706,-0.018616335452849977,0.048339744137150815,0.08612101480588345,-0.012978398540613738,-0.16407590683589043,0.09785298938346215,0.20552020602893073,0.30494294686545514,0.18467046277012394,0.1692129997217757,-0.1819355161252772,0.12009136225019806,-0.0792150202438612,-0.0871194545402016,0.15707759801665472,-0.09322538528292927,-0.010797792448333307,-0.1443096644301002,-0.07841196075534235,-0.10034938028035506,-0.1416739311160375,0.09199772743271459,0.5141032132728743,-0.22176491757237832,0.16615331459102842,0.7743910966555898,-0.08485149058004705,-0.08691605149303684,-0.12582585964989712,0.038779260870884624,-0.22409583488918028,-0.004101961562037341,-0.10364835166313971,-0.17665316698371392,0.1081681963640097,-0.2509853448396124,0.08827517399194262,0.1784611202390333,0.3230576619959836,-0.07574055665537947,0.27863723199391727,0.027241472161477685,0.06767402315019551,0.0944881094126516,-0.02218382515165373,0.3169151743745505,-0.01715381424588172,-0.11303288251922726,-0.13971789201070667,0.2324244460297897,0.026817443320130713,0.02967069919822395,0.06843801475100621,0.06468646120787366,0.214308379351125,0.08884703697985591,0.23992118285149108,0.4627462498315368,0.6596155932410429,-0.08359469089873087,1.0,-9.268702374418362e-19,1.8309442438955959e-16,-0.06347714315620805,0.019058214870154244,-0.07464533597703467,-0.004821582063539567,,-0.06070747135359897,-0.03886441559568785,0.07813378302169664,0.030253436655363314,0.3578775715293543,0.052897498706107195,-0.05614720967309948,-0.10017517279994832,0.07878739912610751,0.11133228233723204,-0.13566456569512464,-0.10352793060086983,0.056678390063525895,0.18812948792575956,0.39232040574854504,0.5713863329948119,-0.04943390838035799,-0.06520851423812399,-0.0300635821177226,-0.05151542672854905,0.0776213505000903,0.08951708233169443,0.137184047974584,-0.021857093418580314,-0.26604016334154357,-0.31420349424960076,-0.04617577972018603,-0.12632992776797114,0.0036984247286897,0.008082559784336956,-0.024175932380572276,-0.004916581642729458,0.07039757104058683,0.07482788774718131,0.10831161386746573,0.12720258349898655,-0.05328491046618139,-0.014560326496580435,0.053149045705183424,0.04557382559123733,-0.010843781680976763,-0.010013246795272837,-0.013680959591548742,-0.003720018491402631,0.09305295807623631,0.106217975116955,0.05941098981866368,0.012080933820535563,0.08956156625725267,0.09229693612079938
asset_id,0.013912695480170132,0.02107940667282896,0.03162419567423265,0.0661041133970059,0.11795946458984201,0.032168383659511426,0.06397994694058629,0.1059757463748325,-0.43983363677288084,-0.4704495343545322,-0.517667656499373,-0.054320536595116625,0.3860197679549612,0.3976690786240566,0.39984309405380775,-0.43610388812231315,-0.015833842985639317,0.10494312773874966,0.17799735765374458,0.069247874253027,2.314883285752295e-17,5.69631749001227e-17,-1.302285323848308e-16,-3.2491923330603885e-16,9.185655790140427e-17,-1.3324606159350844e-16,2.3616112785616687e-16,5.69240588522754e-16,-4.3391034565617176e-16,2.0985585499872678e-16,2.7132225032558334e-16,6.052239502588671e-16,-2.018392086515167e-16,4.1031537845991546e-16,-3.571847265436499e-16,-1.1088050550284255e-15,-6.129140219023013e-16,-1.1411631390065798e-16,5.354613694017916e-16,1.832522181030266e-16,1.0451262641112227e-16,1.6547530372310424e-16,3.9793030147755667e-16,-5.785489493789295e-16,5.325074620918824e-16,1.3493445647764178e-16,2.917299359095189e-16,4.744903404994577e-16,-6.600768000814446e-16,5.692264041916325e-16,8.518373436318809e-19,-3.1628947594456036e-17,-4.536170186608104e-17,3.3793407324082505e-16,3.2871784095553665e-16,4.4209942631041407e-17,4.396294861495552e-17,-2.0224818354582368e-17,-3.6590931932406945e-16,8.443501432127805e-17,-9.181022753861579e-17,-1.2490037119972804e-16,-2.1461910566217905e-16,-2.309568697073452e-16,-4.2416430233916456e-16,-2.540924197692211e-17,-4.739632972845599e-17,1.2366765665639045e-16,-1.8794061808720926e-16,1.8953442302010523e-16,-5.5091655698588566e-17,-4.911335032443349e-17,-4.5097285105562517e-17,-2.6365854761516767e-16,-9.268702374418362e-19,1.0,-0.6585548803583191,0.042666729646523724,0.09005330918808258,0.031183689731438924,0.04128926992061553,,-0.12788303358680725,0.012745696190957523,-0.08593086434538125,0.011519437199148542,-0.04932022531093777,-0.05773380466514843,0.04967935812253295,0.022081654399978248,0.031022162272922236,0.05361098192816942,-0.25766070679544634,-0.41700649258021066,-0.009523601279474362,-0.061264114698631696,-0.055519970697665,-0.12860139315888003,0.14354787081728285,0.28116481971359925,-0.5571627041766272,-0.6560645077974484,0.29123679326575513,0.19208101406376457,-0.06449891791119242,-0.03463115274169946,-0.07963766227681505,-0.1638037435931018,-0.013704264034650703,-0.21977861465373325,0.03832199181078655,0.03796199670966431,0.09745441201930491,0.09881333839435144,0.14993374939675488,0.1538347314662051,0.18315766978890177,0.18037761784896025,-0.5560219089581653,-0.577441062439506,-0.02743558424178032,-0.043984680249030655,0.43444042506765584,0.4085132672311689,0.08276281908711203,0.08972437463866564,0.1732611168134682,0.15952762318875935,0.49856728435913567,0.5295577808358688,0.17483179358958456,0.15521385830988552
asset_class_id,-0.00018641329851474837,0.0003659036384606818,0.0014027901858263288,0.0003622610677705613,-0.010586416332810903,-0.008520890419205502,-0.015359091297240602,-0.0260301913506152,0.6730184048110702,0.7200706007481728,0.7894848057362417,0.0005687585364817276,-0.5227416574257148,-0.8192014535693332,-0.7596342300868224,0.681745595191644,0.04747776132356044,-0.037902502659857604,-0.592405293385823,0.07921692764097604,-5.564708273914605e-17,1.0277010809150451e-16,1.2461411817282966e-16,1.5391355528960173e-16,-1.8534270774839967e-17,1.3388834443977445e-16,7.000749188845848e-17,1.304088245618954e-16,-2.7159001926791754e-16,8.862964792104726e-18,-3.54386740992351e-17,-1.2793999477621043e-16,2.4686799439986334e-16,8.98530875155358e-16,6.979753633877175e-16,2.276172774700988e-16,5.0405208930283444e-17,-1.0620855849063676e-15,-4.519414427186824e-17,-2.1097447805742722e-16,1.624025857455738e-17,6.558132192358782e-17,-7.872345472325801e-17,-2.1002649079459762e-16,-3.987649710819139e-17,5.651028201164965e-17,6.915874893226093e-17,3.69324261775591e-16,-4.706144060289546e-17,6.377387971856318e-16,-3.182511411294965e-17,-5.238748688021887e-17,3.798083052754539e-18,-1.138140705167544e-16,9.821677644484565e-17,-5.72421613731697e-17,-6.082209869906753e-17,-8.156091550834618e-17,-3.731194371129074e-16,2.4932890726707506e-16,1.164318242209178e-16,1.1272810647376131e-16,7.491411947815629e-17,-3.7845569702729234e-16,2.763740439902258e-16,7.13376854211084e-17,1.400294982198564e-16,2.1908839366679765e-16,-1.754804319008331e-17,5.803737561098049e-16,6.401578357047543e-17,1.1372682577719723e-16,1.4127852449009024e-16,-1.6044815162055357e-17,1.8309442438955959e-16,-0.6585548803583191,1.0,0.0018926163443331882,0.0004935064743523555,0.0013832501659088536,-0.05434105034876183,,0.12217414461165439,-0.01677468552421771,0.1923146297301522,-0.025780682139421276,0.04711849703915297,0.055156481687250764,-0.06538329464825197,-0.029061794888605476,-0.06942808845686281,-0.11998222312237183,0.3391087676723053,0.5488246910790713,0.02131396987231782,0.1371100549699783,0.12425457009759759,0.28781194622606104,-0.13713968019081343,-0.26861320364347896,0.8988910764255189,0.8728951929854588,-0.4483625948372071,-0.18413627608857144,0.061294452510847613,0.049009168416464445,0.13532534460466036,0.22458387695742263,0.12136326101052375,0.4109930521371163,0.004844719969219078,0.006488244744334912,-0.040143714114080416,-0.036876395858097634,-0.034600488131808584,-0.045103267889479756,-0.03167037554919464,-0.04725684765359537,0.8464491627310347,0.8472245702421336,0.061216817838475567,0.07686800409107958,-0.8961125699984717,-0.7247020760931304,-0.023714583992230476,-0.027032862587697524,-0.02235522145037189,-0.027069441920704054,-0.6442468979390095,-0.7585763083493894,-0.03173907699682031,-0.02395327252155986
rel_strength_20d,0.4115563632377885,0.5889265004720197,0.8351885447881013,0.4125410407381537,0.32172002458849047,0.7119931094502688,0.6886627848619585,0.5128133239300926,-0.0024236916151454202,0.06306959701285458,0.08542349552668314,0.11048919024610557,0.43742417312815324,0.25387278029722,0.2579825879490843,-0.15446754636565294,-0.10748204874946825,0.4791150879154242,0.0748931923434503,-0.038473270918072344,0.11814191145640535,0.07343924484528595,-0.321925394621715,-0.2528292121673331,-0.04822024512753815,-0.3584618454537653,0.055918580264685346,0.031043431475150995,0.0006714526894843237,0.044443810304966025,0.32076070244424376,0.19390421280756578,-0.1580294607070437,0.0351689803329553,0.07692913834889396,-0.052571241093812913,0.026406041653190507,-0.0024214570851913957,-0.025356326072137145,-0.06135892716394439,-0.016612802190424485,0.03151174527065657,0.029701143345176102,-0.04171568125940737,0.006877225855519156,0.007482964898202167,0.035074165295066184,0.12144039475601143,0.0252041713826038,0.0683414654363343,0.08274519924478357,0.10869365568348395,0.06829845022019836,0.10005642445896838,0.05762158908562997,0.04060754530970126,0.07346249188892783,0.09918030395729789,0.07457175890521439,0.05053261789022109,-0.01605263269530211,-0.05786037779834792,-0.010628283087930922,0.03358355065479117,-0.010030622639231893,-0.16602083857819097,-0.299471352687182,-0.14398592952754635,-0.04376155885678492,-0.14915523895946772,0.009720867137762667,0.01107571194677837,-0.003924309680282575,-0.07180399346127565,-0.06347714315620805,0.042666729646523724,0.0018926163443331882,1.0,0.5146812046273344,0.8315149243057124,0.6609854636268236,,0.15727518393270248,0.16616527678028406,-0.05845213928959325,-0.03606648021686542,0.011627882820246906,-0.25562652140225856,0.1293545893056299,0.09004027614069708,-0.010133895357880184,-0.011894280231728975,-0.09556275013954248,-0.11020461242176302,0.16418163445857947,0.08597291206642454,0.005103376427592184,-0.07896194088892002,0.11884420898632604,0.12455864929770495,-0.0008696915246931985,-0.0023157932630361085,-0.025205157539737098,-0.055523695156244446,-0.005380229375898196,0.05422493730589706,0.017381882422048838,0.13918448540264264,-0.060558525423558995,-0.021087523877288274,0.43793604904896916,0.3959176623655325,0.8881052594149477,0.8179132038176227,0.47250843542316723,0.4156614954266702,0.3738689228645585,0.316173250710288,0.00778112220881864,0.006562524117386777,-0.07789199433846544,-0.05879347308293913,0.21105436800401037,0.4435057257910254,0.7620435115776328,0.6992787146007937,0.5698782622714808,0.49146482728557356,0.3804333038152929,0.2969185415321202,0.5251280159888918,0.47543423546054975
rel_strength_60d,0.21613867821445287,0.30803205618796176,0.4427302413293399,0.8461510301402749,0.51709533013036,0.3766977296803355,0.7108470027344695,0.7511233653964594,0.0007360392937854491,0.021989354169303393,0.08076028158299282,-0.6685866698060888,0.4895309889669256,0.11289190270989913,0.15113640196098532,-0.06514088114863151,-0.036286292677841794,0.7605013488978105,0.038671017906800616,0.010042373289224046,-0.0008814002465415968,0.09469384830220681,-0.1805303141786828,-0.21980069091541282,0.0054161538368602885,-0.1911327887948213,0.051115635301994936,0.0862419573341019,-0.022977254018749785,0.03593205715255018,0.16848945539784957,0.33729149670521336,-0.046331925224003055,-0.04464157391127172,0.013707581431385073,-0.07792070206169573,0.0595302182704055,-0.011641405352063112,-0.12316763301822291,-0.03579967081395016,-0.04821615330396612,-0.061104857675668325,-0.03218089924069235,-0.04766868930842812,-0.08589870506830073,-0.07931155882060925,-0.14181898084592448,-0.020445308263020937,-0.09570247714109552,-0.0774080692830948,-0.0005662426786706515,0.00044022897539039587,0.10906046273039188,0.1398533736361453,0.059598677097654595,0.04191151045351724,0.08575870035156212,0.1615851939542065,0.09796074160463429,0.10419842240933949,-0.007406439925043919,-0.046065086552511327,-0.047558688530999295,0.023077372694857278,-0.008915738858457109,-0.10707485483362068,-0.2276467012029211,-0.29435486922018345,-0.12596543252649522,-0.2027300282806076,0.05228724723483087,0.09898237222600141,0.08101998067610734,-0.017672007707206287,0.019058214870154244,0.09005330918808258,0.0004935064743523555,0.5146812046273344,1.0,0.43868702679257665,0.3324984336963881,,0.10692429758076746,-0.031506428410309685,-0.016501770952905306,-0.011170153013852475,0.11162929396112697,-0.22370627612675242,0.07588587544164853,0.0059173951815728295,-0.016048245371508355,-0.00859069695926356,-0.1855794185703768,-0.15794782719541337,0.23717125913420242,0.18581579038560428,0.08101407571808457,0.005724699126499485,0.275445575834949,0.19932148073488304,-0.04276095362332647,-0.0495961159565769,-0.06351573324546723,-0.136558761420842,-0.014760058031206192,0.11128478640578542,0.09821014225417335,0.2710373642176902,-0.14178780130737703,-0.05825823841616962,0.22576338498332765,0.2129743070338605,0.47523861702846737,0.4259611434387602,0.9091210507144302,0.8400225864655247,0.5995367387463456,0.5804798041497472,0.034495744852188044,0.03032831292473779,-0.012060106721734899,-0.0008388396667026665,0.09828312208254464,0.22295344530981007,0.39361272476437414,0.36188097532624763,0.8148430320773784,0.746551827771634,0.41101827607481234,0.3022494061409736,0.8304261676682385,0.7584111193658143
excess_vs_cash_20d,0.48511748949131483,0.6939104842336481,0.9978641310908356,0.5097265557817607,0.3858779781676034,0.8403916451886124,0.8221522903331303,0.6237876444938948,0.019995112007752523,0.09128272047291885,0.10281139445878486,0.11250370204865764,0.5142087568240749,0.31258617177615494,0.3411390045625451,-0.16740451875576806,-0.12084460561653086,0.5857483562790075,0.08027233015578603,-0.0014921537574664157,0.24883559787765372,0.11597803293036842,-0.14526094773675197,-0.12584880150723274,0.1406939120392472,-0.09993201142256021,0.25762662666510067,0.13064376314606818,-0.1407865058557205,0.19347745067714187,0.7070309004741484,0.4112810400406323,-0.438521102751469,0.11967710009332294,-0.025258855495098365,-0.14356706528020965,0.02824369266992753,-0.10970366276320899,0.023140776791919733,-0.08397884342057522,0.04578404134438885,0.20846852313415465,0.16795667271221815,-0.12189730148610389,0.11172414258310735,-0.03409245767151246,-0.015803224244493534,0.07234111175168441,-0.12171053649931265,0.020964539055257983,0.18442944861436766,0.2303638165183166,0.10852229909734043,0.1850691631448592,0.1532750981899306,0.035907065163118486,0.1105001736297619,0.1922821063124492,0.12132780459618067,0.10488062640225788,-0.005525000832902859,-0.12225344246976586,-0.09611754963600401,0.012693016972564483,-0.14258257772724145,-0.013764713091261087,-0.07028391554616431,-0.025193150736589336,-0.015891183445831063,-0.02928298839489488,0.03694494576221851,-0.00024438337963901384,0.01041804222495627,-0.016163963507846393,-0.07464533597703467,0.031183689731438924,0.0013832501659088536,0.8315149243057124,0.43868702679257665,1.0,0.6941231547398494,,0.2810622218156137,0.20436289295767118,0.023356442848146145,-0.0009635716166917698,0.002049041393406846,-0.07198009847547857,0.15980161605773352,0.11350341871994798,-8.515039101874228e-05,0.004163595154347302,-0.09445426254306737,-0.12184700069055222,0.19185324644903096,0.10317053214831219,0.011632131341092332,-0.07385346100937407,0.025691022203285487,0.03251891144220616,0.016719078440643825,0.003220992752849987,-0.1283396541503518,-0.1325074315589667,0.05088456058191564,0.09192804261228275,0.09058075747849151,0.2049527369428428,-0.03511709849394519,0.021487697592451813,0.3646518868112863,0.3337028365789302,0.7339722742880764,0.679432418559403,0.4020831307951288,0.3518874468383056,0.3239331031056611,0.2677967912389512,0.024905685210448933,0.012606952504961879,-0.06309378951083515,-0.04442972342685462,0.20786853753080436,0.4073689505286527,0.6331242381689975,0.5844483928745353,0.47191353177310125,0.4104405966274995,0.30968688114375803,0.24161321682414003,0.43236206808299116,0.39190736850630303
regime_equity_exposure,0.3499097927698953,0.4910030342357043,0.6951382055737604,0.3388351793420645,0.22627394925352937,0.5889580641120767,0.5662227992620259,0.4064836364418811,0.03803729110511982,0.07759206084317195,0.059995911521092266,0.09720905252407915,0.36310110387481204,0.24567139320722467,0.22383919711962366,-0.12224773625825405,-0.04819471119208757,0.38717413293981534,0.11032297084016766,-0.019998281704024456,0.1479792124302,0.07900444213330834,-0.06045465015281735,-0.05713916721428499,0.05608662274248344,-0.044111184189937466,0.1317790662998025,0.08807816493707023,-0.06911889513050479,0.09415410185849188,0.44653405653150396,0.24421763803534613,-0.36916361299590356,0.046367722311926575,-0.059203102725291896,-0.1014089123510383,-0.0011641024209075425,-0.04350594065018283,0.042359277038730714,0.02328493418193878,0.015964423618403834,0.1273012631722549,0.10983589945067523,-0.060439389843150254,0.08134390088823158,-0.008221954754938655,-0.016296277828014682,0.023434389878277288,-0.059106070996856316,-0.0006408998800104459,0.11292798081042404,0.13053979929482468,0.07374494132491104,0.10451483822414402,0.10071328018772055,0.02570555907805408,0.09172398777828414,0.10553711980587821,0.08267562533513212,0.046150796186817764,0.012010665161092738,-0.07330273201586007,-0.0930285888164396,-0.008447457559308938,-0.10819233320591447,-0.009469371022121255,-0.02436135371774418,-0.007104868957014329,0.0032327965548052118,-0.02436250280745743,0.027264920930403357,0.01122043489468324,0.015117079379536096,0.003991255856170255,-0.004821582063539567,0.04128926992061553,-0.05434105034876183,0.6609854636268236,0.3324984336963881,0.6941231547398494,1.0,,0.24511583682669608,0.2855504915315856,-0.15271319854223384,-0.10119433511214525,0.0188553013357938,-0.05039683978273143,0.24871383263893185,0.18343551417443577,0.029678485189272505,0.005422673914404818,-0.17379199268353857,-0.2177699519303737,0.20993079116944133,0.084312273226759,0.023618881495173334,-0.023896017510115972,0.02183634190555261,0.0608849444990273,-0.03937339871670944,-0.02731344459425024,-0.09545151214811073,-0.1512597893030812,0.06009942810732104,0.11872569725232483,0.019664885334121605,0.15726519250043447,-0.03247154577660884,0.038161807566596644,0.25940247056654697,0.24243226092690626,0.5428063530537587,0.5112769907548823,0.297599319239527,0.2860152181208934,0.22024615859638916,0.18857881065103632,-0.003175815084630971,-0.044123714155850896,-0.047590751092682064,-0.03376946737818695,0.1490540614110689,0.21070954613220771,0.46680819220133946,0.43097551673375195,0.3389749990771073,0.31160671677497265,0.24282862430799868,0.1571047110277723,0.31993677559155437,0.3113514575234761
regime_inflation_exposure,,,,,,,,,,,,,,,,,,,,,,,,,,,,,,,,,,,,,,,,,,,,,,,,,,,,,,,,,,,,,,,,,,,,,,,,,,,,,,,,,,,,,,,,,,,,,,,,,,,,,,,,,,,,,,,,,,,,,,,,,,,,,,,,,,,,
regime_global_risk_exposure,0.1473423937696264,0.22673893578099147,0.2853780298508156,0.14201735727749848,0.055493884651796235,0.26704922289578487,0.2041214474056758,0.1706918074693401,0.009572740126482375,0.02662496955017883,0.08025681578846905,0.03653076199322893,0.11298316249575535,0.013998605472685355,0.00723573346198091,-0.08798366954735656,-0.10785859438861706,0.1336373483908821,-0.0523815473928114,0.008884452909436406,0.015008554465006924,0.05383142986531232,-0.1089322956275151,-0.08676188897781467,0.01920542937107451,-0.10447995047788225,0.7663631362677512,0.3715678734745556,-0.2514332081060777,0.6431069660943338,0.22616554564372282,0.15730155470505156,-0.11490731129592131,0.08457733925873769,-0.07187139544491478,-0.0798714061874805,-0.09861556192755763,-0.11415611293655475,-0.011826962250506317,0.04208081003366112,0.14854825459221702,0.2674903736006472,0.1261253442730197,-0.06689892290189649,0.17380152569778723,-0.0017637784866053959,0.04756989551825439,0.017219257320337484,-0.07552259823463611,0.1185539728564554,-0.03430601143960651,-0.06629411792904365,0.008869757259434534,-0.10266938550412982,0.01469578685631417,0.02961194703832431,0.02998038724793939,-0.0363770009911385,-0.048629247347285486,-0.05158792159976495,-0.11092533926409706,-0.25187592679735776,-0.19557224704891968,-0.11185922781880259,-0.21597997188993362,-0.019316364476054507,-0.05553359119897629,-0.01703288433153773,-0.013043280437430334,-0.09037343394383238,0.05745529096057948,-0.027146228382068795,0.0066514194075384305,-0.10608663790695601,-0.06070747135359897,-0.12788303358680725,0.12217414461165439,0.15727518393270248,0.10692429758076746,0.2810622218156137,0.24511583682669608,,1.0,0.2967478590942932,0.01815590370550009,-0.0024338844270049213,-0.026835202428414823,-0.06199241142492636,0.13184569629982984,0.1902950747104743,-0.006554517928503218,-0.011327196960721281,0.03662172346350845,0.06068988416067563,-0.034355518515819,-0.038095805392443075,0.01832399298399992,-0.030640818838407583,-0.002041698184797329,0.06405641659581664,0.09751356622360467,0.13287164378397864,-0.1511885650033403,-0.18424775113210262,0.09212258905398743,0.11849994843929583,-0.012593347861981125,0.062431305842126826,0.11850328409683106,0.17553991222742407,0.03402261607779214,0.038973948142771164,0.09710480468461732,0.08885631752678935,0.06824069680099477,0.042690083211444574,-0.008992991721240368,0.012836253966337901,0.0973476975123071,0.11787499901698105,0.0161208496357238,0.029172791820282016,-0.07715456802458683,-0.08119629855747648,0.08411245794736902,0.07107062547606861,0.048485597914867826,0.050449981851441394,-0.031726889903608446,-0.06932076955140233,0.04521564009500183,0.03939081463647042
regime_growth_exposure,0.12381072864734827,0.19210778664980233,0.20537839872975017,-0.007019260912246428,0.10066585674226389,0.209387495657111,0.08499381419273916,0.06920181780873445,-0.04110492784697238,-0.06856464938512707,-0.06274833060823502,0.1528689792519794,0.15267699412264082,0.0772098667439934,0.05520339174913031,-0.14680309657476212,-0.04475338607143858,0.026548243515017052,0.029320721992262305,0.02409621250988436,0.0487869631719635,-0.007329262126902058,-0.017232925841928957,-0.01430986536800354,0.0760668063482164,0.01111791532456612,0.1560722546475077,0.12316520565013024,-0.09526729284389189,0.11909674371586275,0.12747654333194638,0.031164156958665132,-0.1022840580878048,0.10987644461326893,-0.08719384022671829,-0.04726500877141556,-0.017289136465602196,-0.031341441017681486,0.019992152231295954,0.03730765182200958,0.2161273360059138,0.4471488859431396,0.23198340633944348,-0.06319258382201574,0.23899580259274217,-0.017661370391518345,-0.03078862190262803,0.008004261793114656,-0.027829989592661444,0.012898862167491766,0.042343156293585114,0.03897183888242834,-0.0469076986924102,-0.0046736626985199765,0.03898009502434147,0.032995394752628436,0.05884400497106731,0.007279751520662019,-0.01933443985111922,-0.0009553596760371307,-0.07984547212112682,-0.15491635743627938,-0.07662554292345346,-0.02503135889397863,-0.12448516461203675,0.01988681025161469,0.0487688660345977,0.01477248501390283,-0.006614134447373012,0.006593611240824898,0.033292028917931,-0.0019078492859299595,-0.06097487849897223,0.01215105024985098,-0.03886441559568785,0.012745696190957523,-0.01677468552421771,0.16616527678028406,-0.031506428410309685,0.20436289295767118,0.2855504915315856,,0.2967478590942932,1.0,-0.04569134253784054,-0.06535819660926283,-0.004565030418232833,0.09321097027435328,0.5187170739860727,0.5346800586320501,0.010020346597884021,0.016197555444543623,0.09264215879612482,-0.08188286988105635,0.014219448107220317,-0.00405404088825117,-0.12284777463142085,-0.07856369887407681,-0.025672599849949948,-0.007102635856438552,-0.010216681893867827,0.001444981183497287,-0.06183407456684563,-0.09847967149208521,-0.0005005990006566115,-0.01968392115621966,-0.0032226656085856554,-0.028536620806219246,0.0644259839506448,0.10709638410178628,0.07856625775331545,0.07180870741206583,0.14976731070580554,0.14346296780926177,-0.018432336765768668,-0.018562559280016946,0.05484886099192477,0.04054204921860164,-0.01137758928786392,-0.02193841683377933,-0.05294199818050795,-0.05577571666490913,0.027696530005050558,0.03237400331959313,0.15058544461417134,0.13395413126131323,0.016073125817825638,0.015889042032562247,0.05715442769309045,0.018760167323149533,-0.01889340024721734,-0.01835426268435764
regime_rate_exposure,-0.0022110768902136087,-0.0026989801697006447,-0.0023372269102330777,-0.00012977796756378094,-0.0018531424226219723,-0.004404523351902725,-0.004243206569318606,-0.005135959626966126,0.12033106296860352,0.129089256132525,0.14129041557437244,-0.0014966959817820783,-0.09291621231446329,-0.3109391446490424,-0.24232063820674374,0.12217849293246687,-0.04373199281703843,-0.006565836693365402,-0.10339256021668664,0.1675509005792079,0.3834437240071794,0.20653780274028527,-0.012343266216353658,-0.061224011340151915,0.013292813557560578,-0.010958012495684207,-0.03787351625536192,-0.08440908095269947,-0.013737647722153579,-0.034090030841562806,0.12799222547028444,0.028636839616353646,-0.12859335588878698,-0.010506228006772887,-0.06497832746140887,0.01039162486106775,0.06550870804345713,-0.01824868722771957,0.052424600095641115,0.06110746892246281,0.000200885595913073,0.03815873620554255,0.12398250117263054,0.028075258185004153,0.028184452072852084,-0.02453037021181215,-0.032272488014604646,-0.036838385671974304,-0.04079027018390259,-0.08905457413333062,0.23586328952489663,0.4378196377846495,0.23351644748312844,-0.04449633436768271,0.22522503960873505,-0.008739729486573708,-0.02530418771769125,0.0387629332318612,0.01304112012706955,0.029517150424633026,-0.024738649512579633,-0.023565019705679133,-0.02875940167859407,0.06895885326929588,-0.037537786167442605,0.005471639181447473,0.0212644180189519,0.05216170749458416,0.062081064576287925,0.05325289312606184,0.015845247766262824,0.04034113391418987,-0.019003830735887996,-0.012026040212645023,0.07813378302169664,-0.08593086434538125,0.1923146297301522,-0.05845213928959325,-0.016501770952905306,0.023356442848146145,-0.15271319854223384,,0.01815590370550009,-0.04569134253784054,1.0,-0.06213337624094295,0.007002127149815492,0.008196625999969379,-0.1501402821820803,-0.036755132288962634,0.06714244205953454,0.17157970845151002,0.30650579739801226,0.30849573727721513,-0.03414590849889366,0.0004334211018842988,0.04569650315628302,-0.012195552633531446,-0.020379883449660526,-0.03991773770856969,0.18391637555588777,0.15329278183447612,-0.09199239222441039,-0.028930136015648325,0.08029842528340744,0.011012107489980284,0.056217471811695674,0.03965457021157284,0.12761936957829506,0.07493837444716024,-0.008426909831712636,0.014930561571715061,-0.04286078250142785,-0.013438045127124518,-0.02977405324521085,0.0008134070559123138,-0.048861445766618196,-0.0288683728840049,0.14647445739342943,0.15116283502091812,-0.07837212803091567,-0.07559760430506643,-0.19872022924812266,-0.14584807962522156,-0.028831393424376864,0.003908900633888461,-0.02282963905865391,-0.00011153898895331868,-0.1351050937600448,-0.13894418619725746,-0.030296685694313957,-0.027473234551007475
regime_credit_exposure,-0.0009964788851355279,-0.0014630980429128336,-0.0020509984569581138,-0.002134458042739144,-0.0009258048434309581,-0.0015987416230241823,-0.0019896011886497943,-0.0014479049922521412,-0.015766135507810353,-0.016881235149174088,-0.01871084210418214,0.0010282001130522934,0.012332972679979378,-0.04523972473983811,-0.03549078178991511,-0.015507644462278142,0.03425680995573749,-0.0011616792123169144,-0.006612092977448933,0.10106657095512453,-0.013931685946894912,0.004676883262740135,-0.0406629466738836,-0.06242970309544226,0.0035475171743652666,-0.045223193814407,0.01748861238574955,0.038456043048540715,0.003329399958670674,0.005188213220070785,0.0918292548762507,0.041018423774281575,-0.10708857773263486,0.06890640976345935,0.015733575216376694,-0.05732852486791691,0.10877376037492369,-0.03339107811743641,0.00635839706499867,-0.01671668316104879,0.01648557386591631,0.058830534010592225,0.03883958319362121,-0.047835850947323046,0.027610649471007366,-0.06156167513318011,-0.1321930549201423,-0.06155222966822675,-0.03210192786980297,-0.03858723750979109,-0.03322032805888783,-0.02583746393746497,0.016579516274589153,0.16513797835457913,0.0169714396611702,0.25298408274958684,0.4470465216500936,0.27341321471255464,0.18229110312464178,0.23368229496640094,0.016043359142178335,-0.04013288628883604,-0.0675817818879207,0.0026764989733617894,-0.011687390826663889,-0.023348365760907572,-0.032906840201397176,-0.0430197716344149,0.03478904612611282,-0.038224989862185324,0.012835953668506426,0.04243752172981334,0.0719852301111081,0.07471762718066802,0.030253436655363314,0.011519437199148542,-0.025780682139421276,-0.03606648021686542,-0.011170153013852475,-0.0009635716166917698,-0.10119433511214525,,-0.0024338844270049213,-0.06535819660926283,-0.06213337624094295,1.0,-0.000938668132541476,-0.0010987963308742154,-0.04174273124105831,-0.03015142396709469,0.1392734154634211,0.08905947120083658,0.009181842704963469,0.0024541897281704496,-0.2739610102916737,-0.23517329033996837,-0.07495839078224319,-0.03715048861377377,0.0027320193892236737,0.005351160798496831,-0.04917702628643811,-0.021169160224206385,-0.038397042400670836,0.002466329065268442,0.04624662528827253,0.0005631300136427115,0.05249929580456648,-0.004463824616138009,-0.05070816111397966,-0.01090025510089533,-0.0029955959819578624,-0.012354351279148568,-0.009405947085219926,-0.028823409163382715,0.008484791520408073,-0.00719824178365557,-0.015150376692190179,-0.036816361206486736,-0.030686012407236816,-0.01684374606823856,0.051072254546635304,0.04421121160240456,0.0024371115929922864,0.018065384829827565,-0.008011729853127333,-0.011501399463034783,-0.005974957630379179,0.008931615572476655,0.005752752475175969,0.02626674478583184,-0.008392172683334467,-0.008486386322285539
regime_liquidity_exposure,-0.027869477333817325,-0.0337646383247437,-0.00205331443647128,0.09025564129659501,0.09704665097612183,-0.03144919674073225,0.04258500173472206,0.07915422256511101,0.0735900702884527,0.07126036701809339,0.05412288607069103,-0.10604252632077048,-0.02836295578021021,-0.04241671832449032,-0.027492728678274958,0.09548989965396144,0.04438825618057074,0.08579046418293716,-0.061629225607181044,0.013973854418796552,0.03908927990645477,0.02922430200421741,0.005226844611884263,-0.0673922129913043,-0.04532871073301492,-0.013217893199094517,-0.027394694791514136,-0.02775868510585022,-0.0011126152065829714,-0.07765158234689842,0.019433305428737172,-0.047072363862905274,-0.04059300006241597,0.06722490193547366,-0.021239664994281444,0.04081117106673431,0.08290060016209684,-0.058305613051632024,-0.03357322082501602,0.25231611261979653,-0.06583270310676856,-0.0032997685926456745,-0.049549685782263084,0.03432108403343748,-0.018681900025942368,-0.0970246605337225,-0.23222709463492225,-0.13015499758491705,0.016470332497213525,-0.12389917458833083,0.019066486962315762,0.07125977352111616,0.06958717318270659,0.05243337417937894,0.013313266684760515,0.05877536064475419,0.07341568709904928,0.02775378315516888,-0.011507370843873503,0.07600871847978927,0.018640265119318895,-0.027622452935441556,0.07794572513815254,0.17680321484551137,0.04877118397780427,-0.05025029164846899,-0.06749729516737396,-0.06988033995553382,-0.00044855096880200984,-0.050310963165931685,0.36545190332719085,0.7733775728266602,0.4093043337271957,-0.24123574016457916,0.3578775715293543,-0.04932022531093777,0.04711849703915297,0.011627882820246906,0.11162929396112697,0.002049041393406846,0.0188553013357938,,-0.026835202428414823,-0.004565030418232833,0.007002127149815492,-0.000938668132541476,1.0,-0.08326889241049311,-0.058691956098378975,-0.022396116952841747,-0.002527859184845826,-0.004368522473819156,-0.05534088225919631,0.016304249327453495,0.028522732952205834,0.08019355517909192,0.4102615098960544,0.35128974911269145,0.07985094762576576,0.043611905560669066,0.04439584277792478,4.4878843304138874e-05,-0.01445345958277784,0.0036357278799264282,0.005661194028236297,-0.010874504958596029,-0.027786176844586508,0.01717676318376812,-0.024731970243188135,-0.03694353222017828,0.008268419951997232,-0.0033236849653894515,-0.028602598578421762,-0.012993329154826707,0.11240506078621375,0.07955626880085831,0.07306946901218606,0.07168425494748959,0.03296183179474359,0.05549399964727029,0.05411473158638343,0.05302818345303689,-0.024069802120399032,-0.009864844680001756,-0.027542935215356855,-0.019244300402158385,0.101784348038505,0.09964038607620547,0.014195817597030815,-0.008149769007706826,0.11035419798033759,0.10242864777784744
regime_geo_exposure,-0.06216428894213405,-0.06973068527490216,-0.07353294539350336,-0.08219402740064156,0.0033183216457716,-0.08814522733685327,-0.10689299447237685,-0.046784398184304125,0.08331022067384056,0.05995811901170346,0.05355676869056144,0.04343284510480847,-0.14245727721695228,-0.05310835407774996,-0.023725193206318707,0.09158030508479606,0.055273065168223695,-0.05678963309626253,-0.07732114533770733,0.06868331895920252,0.014289251645833285,-0.04058570753031977,0.5769952259256418,0.4588081226101912,0.049687231575546,0.6259554367092683,-0.05600913770257095,-0.0864877471667899,-0.0901224224752054,-0.05176027971748075,-0.04216815151318156,-0.09225656733331752,-0.02171257033590896,0.1282411384238064,-0.13323700348434958,-0.02835171581562665,0.022080852668752992,-0.14381160088239386,0.22347708066319524,-0.019202434952413083,0.06795448928602316,0.08430012878165033,0.05221767747678051,-0.00870245942309537,0.08089328553139627,-0.034635452674971465,-0.05994140041296717,-0.16182222302693602,-0.14640876663403818,-0.07325757282356966,0.03542931527358322,0.037540149457923125,-0.034027667504394656,-0.028111896067189165,0.07393260357527785,-0.07101744706850109,-0.05689461929196815,0.03594328861541305,-0.07154269278047697,0.09058118835942214,0.028884893421261604,0.0832210509738509,0.01693932576974763,-0.03827553391182651,-0.04654832166070631,0.4123843534085852,0.7729256744012956,0.48904566170804764,0.12346834969007106,0.44417753032883867,-0.00879732302272435,-0.06745785528383703,0.024668768519938922,0.17793881443869897,0.052897498706107195,-0.05773380466514843,0.055156481687250764,-0.25562652140225856,-0.22370627612675242,-0.07198009847547857,-0.05039683978273143,,-0.06199241142492636,0.09321097027435328,0.008196625999969379,-0.0010987963308742154,-0.08326889241049311,1.0,0.054254366502423414,0.0886249786477596,-0.002959088841926385,-0.00511375245325275,0.05646097099616038,-0.03511273320281794,0.036842532047198465,0.09546286141024206,0.029749635207684175,0.0626416556142688,-0.6336035117469742,-0.5643227524632192,0.03628865687645142,0.07337035991886029,-0.013817718303134224,-0.0007691402952650324,0.15208721294329972,0.037101563154356025,-0.025796319372590203,0.005466932974819647,0.06082120451591229,0.07273799480058556,-0.05607251447107711,-0.05377741526749551,-0.1447613369385299,-0.12776875723161013,-0.15488391729798326,-0.12568332539090896,-0.0652238063326235,-0.03552286598034533,0.043176226942162485,0.05432152234947551,0.044450687681622914,0.05121129130624822,-0.07909527151445343,-0.10948568543978596,-0.11246868803322173,-0.11146238268926416,-0.13614945752559507,-0.10922158335165187,-0.20273852546015347,-0.13841381615300513,-0.14404595231652664,-0.130956615681755
regime_growth_chg60_exposure,0.08713697206352984,0.13428206716390315,0.15423473318358535,0.11709920753870692,0.16015669916276348,0.15083353317041925,0.17271515352200245,0.1412840303166242,-0.10681578865673617,-0.1168769834393118,-0.14692225713442789,-0.027011527636504676,0.24125155585215488,0.08356246319494129,0.04314676662687572,-0.18183701718473896,0.017879355441399538,0.14548201876076802,0.16747742528191475,-0.008473754031126574,0.12244380167983004,0.1050370517339711,-0.019055663797568113,-0.05952918688986641,0.07488578211724321,0.006391910940120838,0.07343887757832895,0.17251558021777222,-0.1622787337852062,0.060015593698819356,0.10976098487620789,0.12190733477027275,-0.09281535297020964,0.1253309723956201,-0.21604927093770734,-0.08763851028882969,-0.029885196637270278,-0.0014861239818347804,0.05133727807507231,0.08816828857858224,0.13802684160386,0.23150642048314637,0.4462294939158449,-0.09402755517763828,0.3514640260092022,-0.00369416330089902,-0.015785605635805135,-0.030048179871347763,-0.07524323487293753,-0.010896604893400458,0.06172114106140815,0.12636401837209435,0.08354795448780378,-0.09090420278913154,0.15920665481575993,0.011015613510631433,0.03876859949255401,0.051520174444354284,-0.05722702050360308,0.0021881369969182773,-0.03832280567378336,-0.07358809255390547,-0.12265086979968971,-0.056718515092470986,-0.16861872680027956,0.013995024644502438,0.03014658273833786,0.030934085365445448,-0.036405758782599676,-0.0004849963303322877,-0.0037570532060315727,-0.02858956864949601,-0.10153526618715786,-0.04855188178276203,-0.05614720967309948,0.04967935812253295,-0.06538329464825197,0.1293545893056299,0.07588587544164853,0.15980161605773352,0.24871383263893185,,0.13184569629982984,0.5187170739860727,-0.1501402821820803,-0.04174273124105831,-0.058691956098378975,0.054254366502423414,1.0,0.7875101248917559,-0.029233456830743347,-0.0047040876694677,-0.19822603785110887,-0.33266839618668326,0.10170308484653075,-0.004103410151686374,-0.2089433677324964,-0.12464155686315682,-0.04915890611697653,0.020361715158687375,-0.08337957537570251,-0.0380518980149301,-0.05641650464110166,-0.15573790122660092,0.06413899683970109,0.01681475926355281,-0.059946108157873754,-0.0493553518766859,0.012248226169642927,0.15266954888112488,0.054367240057431904,0.050961942069583904,0.10837985100341392,0.0909392950585889,0.08388187826028252,0.07901441225325427,0.06732764860187597,0.07440660667650481,-0.024558017251453453,-0.06319010268468488,0.03903200022376074,0.012070103667451404,0.07198890561894546,0.08016005638320885,0.10800263330999697,0.09425554925752458,0.04943284424853457,0.05473117027937698,0.11408251847870454,0.0722977392222516,0.06547761747894702,0.06663365105094145
regime_growth_z252_exposure,0.061902745346376596,0.09320062631545468,0.1133856772898787,0.0506773161493988,0.11015091071952064,0.10742077242790257,0.09759005456059829,0.09183161511480269,-0.050046864391882724,-0.06749430438028482,-0.10204513952013755,0.021176321942005062,0.13607969078921364,-0.004427906128585059,-0.05647940605053785,-0.14309053556131768,0.030085156221071503,0.08352951366118226,0.18211442687319485,0.03655146764294542,0.042004357184262826,0.03511550645090946,0.007294787494647184,-0.041113706083326436,0.021855793032497416,0.013827603944837372,0.10137836763022949,0.19069525108809074,-0.22696607511027214,0.08183371376012694,0.08143230414510744,0.0780791033110458,-0.08607258009172605,0.21908613192009754,-0.20961245786011806,-0.10357459763910155,-0.09562893492415593,-0.006987005033410072,0.09969462572222634,0.07785639310826303,0.12332967327562655,0.23892656322462352,0.35208613507060166,-0.12074485804969841,0.4470193426374335,0.021460709472622175,0.03200526061247041,0.07416459859772569,-0.0680709028375603,0.11765907844764965,0.021753385725539545,0.028776679141102542,-0.008800149966450227,-0.08820886495380943,0.12271414728257278,0.010682738496322449,0.02760897083096628,0.008501138703932924,-0.08476668944581728,-0.028184332707034083,-0.025531079604650328,-0.05054540450362777,-0.05903686054488476,-0.12674624677376278,-0.17615043423608218,0.020686090069108373,0.04678439922446214,0.07462427415129946,-0.059091293517765944,0.03443042714336734,0.0008030877128206596,-0.01079830985826508,-0.09217817649760603,-0.055644767380135136,-0.10017517279994832,0.022081654399978248,-0.029061794888605476,0.09004027614069708,0.0059173951815728295,0.11350341871994798,0.18343551417443577,,0.1902950747104743,0.5346800586320501,-0.036755132288962634,-0.03015142396709469,-0.022396116952841747,0.0886249786477596,0.7875101248917559,1.0,0.08459169647946001,0.1337584386713118,0.008343083363788945,-0.2443748894067426,0.016415238574890127,-0.05951838043021702,-0.18614673741990467,-0.19866417156176133,-0.13815242574922734,-0.05451988382850755,-0.04123102746511163,0.02577785768422272,-0.06296261368833343,-0.18893396065627613,0.21868857975670675,0.10853628654390292,-0.022103846619025678,0.012813393004777874,0.08782379430771219,0.31010156397770855,0.0017461365512155414,-0.0018923262220413857,0.02885375562763517,0.016831216875368902,-0.02215655545528017,-0.023313902393831867,-0.013227936693513706,0.024467440872724736,0.017083167674786744,-0.013358987085662239,0.05379137399021681,0.03114599172027614,0.005776329500561578,0.014213703237782795,0.019692708856452076,0.008037183265123317,-0.040697342747797655,-0.010274541171721397,0.009007322427974465,-0.009872470025893356,-0.0315824989826502,-0.023821647705493592
regime_inflation_chg60_exposure,-0.0006292685544924563,-0.0008259714433894661,-0.0011491816387655307,-0.0020313447860163605,-0.0003759605636367499,-0.0004787167214442477,-0.0008081505961991019,-0.0004608253842588924,-0.042848063898021954,-0.04579094804931274,-0.0503236868200188,0.0015442335122096752,0.03344378410760371,0.007396053685776253,0.008693994081308986,-0.04332773647358328,0.016130152125236812,0.00036622506287007614,-0.026101250182408546,0.0736510692281601,0.005870032479012543,0.00799060927395862,0.0968338199143304,0.08671509629194883,0.009974430806061144,0.1087409711729406,-0.010021094240791884,-0.0054580919562543856,0.03147389839583683,-0.006355055179454952,-0.023406387996163024,-0.009755802000714488,0.00019863344502966954,-0.09014409476147232,-0.14644710722368368,0.052847764292242826,0.13609271229168807,-0.0034325195323491025,-0.12023567662494268,0.01034804872699949,0.0017477671571359261,-0.00798370475289394,0.030032759251655324,0.09831336472382449,-0.07399556170974465,-0.09715022942875905,-0.1980284716609465,-0.446000490516944,0.04210161718330005,-0.3154900957275909,0.021431217979700927,0.03752672713057744,0.037354388170695474,0.014560554372546814,-0.012762694321690278,0.009851413785469967,0.06140820539909673,0.18625419335306803,0.12176738152994111,0.10191504406961778,0.010469898537073787,0.0034119752216951746,-0.10599615377955385,0.09141311693631454,-0.037481669507394746,0.05721758252548217,0.09337610747949318,-0.0442032678658389,0.020518733056075725,-0.07890443977941629,0.03365069389155453,0.07505931747404727,0.13136074127663305,0.09364458732771205,0.07878739912610751,0.031022162272922236,-0.06942808845686281,-0.010133895357880184,-0.016048245371508355,-8.515039101874228e-05,0.029678485189272505,,-0.006554517928503218,0.010020346597884021,0.06714244205953454,0.1392734154634211,-0.002527859184845826,-0.002959088841926385,-0.029233456830743347,0.08459169647946001,1.0,0.7090895575733119,0.017068623148115858,-0.04769970597385076,-0.18786986943236303,-0.11153194748478122,-0.13991218207971,-0.09748944140436838,0.007357403609225994,0.014410823703413334,-0.04992639781559216,-0.05518948063128512,-0.015552427944161337,0.009811633487365795,0.035780079298648036,-0.0013522814288730253,0.0009266370700516675,-0.013984115384704201,-0.1849071305630735,-0.028533161667589617,-0.014862798078331234,0.006631142561396685,-0.022214299728441297,0.012432787194794218,0.0141213945548469,0.031165872250597717,0.03851121835980394,0.04057875395992035,-0.05963206046140218,-0.049669466997446704,0.07938893920174936,0.0714337441496005,0.04178943815831761,0.0513643871705866,-0.017999563936649005,0.013695150235200718,0.017341484295387982,0.029101335832507885,0.07215767745938555,0.04616323862511594,0.014828276730698142,0.028558192514586363
regime_inflation_z252_exposure,-0.0013251944443357585,-0.0019502347980446676,-0.0029305540245632344,-0.005436871221938028,-0.004580345155147752,-0.0015028689427735134,-0.0029960945602033923,-0.003441041139740905,-0.07477407178608683,-0.07990564286996199,-0.08742289112619224,0.004235461320256663,0.05785893674358168,0.023816488606256864,0.040515900756747845,-0.07528689084208315,-0.011733317500930563,-0.0018443551375344372,0.014788529797107482,0.0894465656747585,0.08466759255986911,0.11192301324125703,0.027966765907122347,0.009602804189932288,0.08385195287929795,0.059902063566343255,-0.06862055951475343,-0.0631486756121949,0.07987053780261451,-0.0636321303450993,0.0006366611530999828,0.019746210662301155,-0.006367766186818703,-0.25180467035040044,-0.2364483008314764,0.03513749049850306,0.18770570500517478,0.05587365525964647,-0.17020817183611694,0.06687136222135065,-0.000980639160984292,-0.012795934188028244,0.010831925905852906,0.0465785763902472,-0.11675402882640948,-0.11439988910350961,-0.20871587842257006,-0.3137784708823448,0.0268632069997345,-0.4435808091041227,0.0448622940360366,0.09022642348426575,0.14198105323484708,0.022736460916150013,0.05858899496454354,0.00497883956912277,0.038288091298657435,0.10548516844931555,0.13368603838283175,0.08681116982182197,-0.014974783795324935,-0.05094189745993474,-0.124468652556894,0.11096114541735035,-0.11071521629355015,0.031308455963020815,0.042042403949453376,-0.1185009371901674,-0.03759654474248268,-0.15179144387700153,0.026915389393204894,0.07106399001247375,0.08909268675196427,0.026874881309519837,0.11133228233723204,0.05361098192816942,-0.11998222312237183,-0.011894280231728975,-0.00859069695926356,0.004163595154347302,0.005422673914404818,,-0.011327196960721281,0.016197555444543623,0.17157970845151002,0.08905947120083658,-0.004368522473819156,-0.00511375245325275,-0.0047040876694677,0.1337584386713118,0.7090895575733119,1.0,0.11078376362294369,-0.007523110304642597,-0.1083325523977283,-0.10437924949139396,-0.10507276526926553,-0.14483609049272356,0.012714704683133824,0.02490407993926553,-0.12009067136388626,-0.09551622276131676,0.044008653604257444,0.0175231074689475,0.07602684852847946,-0.0035477206403366018,-0.028504145480229403,-0.024380612715587023,-0.21854559286191474,-0.04821846374849514,-0.02222471065077637,-0.0049724082531257055,-0.024962157887875105,0.006860701497705236,0.0027383248334216883,0.03611570788987247,0.03631805451274231,0.057573374529873954,-0.10112137670340642,-0.08822750441287262,0.03770941152369885,0.036299508985913165,0.10214723243296733,0.09519508719014125,-0.02329203659571803,0.0015227055299679075,0.0028177380978888352,0.0399306184356256,0.0840994517319663,0.08811898728099078,-0.0025498329707056796,0.021111051646595783
regime_rate_chg60_exposure,-0.009464724145470962,-0.03226651537113956,-0.07824734649535353,-0.1675893816418568,-0.1253997293461089,-0.05247716372984536,-0.1667257764760615,-0.1482065118828716,0.30751890727296094,0.31528442915432037,0.3558513074726591,0.13907352698499226,-0.352924323206757,-0.36320450354101314,-0.32694676850236065,0.2961565904260353,-0.0022717462880116487,-0.1958479427827755,-0.10962449725986151,0.10053727412529812,-0.2189414251539537,-0.3833864577243587,0.06564532904938788,0.12069710164279783,-0.04329931081460148,0.061827860554876136,-0.004860304867085741,0.08571513761768562,-0.07770979494986402,-0.008403714237766006,-0.0693528048499372,-0.11498399447386382,0.07470092957216722,0.06316898956695381,0.10254121869589711,-0.020082483466637685,-0.13983732013690417,0.08981926396124194,-0.053662833410748366,-0.10718058672468743,0.03660534766921321,0.0440532908981549,-0.07862559276863126,-0.058030981049955584,0.008267041937541983,0.008338077158444026,0.020489271413458673,0.03517164445237501,0.06887926566696408,0.1344138522220931,-0.10064833187324167,-0.22397968052473963,-0.41993916769202416,0.08504126996521547,-0.3161939822041832,-0.008198231233365154,-0.015574191785205065,-0.05386450692152185,0.008269989303993565,-0.08588914788880055,0.012223920433364479,0.06771882321656726,0.10719689877711673,-0.018591503302965242,0.09714878122913287,0.0008133811339328474,0.01848761251379705,-0.0150558769481651,-0.057194630574668066,0.0032586478184512325,-0.01552191466435646,-0.03778539825195622,-0.015409586291054838,0.08350790896757983,-0.13566456569512464,-0.25766070679544634,0.3391087676723053,-0.09556275013954248,-0.1855794185703768,-0.09445426254306737,-0.17379199268353857,,0.03662172346350845,0.09264215879612482,0.30650579739801226,0.009181842704963469,-0.05534088225919631,0.05646097099616038,-0.19822603785110887,0.008343083363788945,0.017068623148115858,0.11078376362294369,1.0,0.7787994073764462,-0.10090227593424282,-0.12621521152521956,0.009087045854665103,-0.16657657613969531,-0.022795635960358395,-0.10696922172499783,0.3083259738589542,0.3592792115783498,-0.1645267903272841,-0.09520531673393035,-0.017063016296163386,0.004348853723373053,0.034060798893888515,0.08962408581367244,0.19748649167881607,0.2990902454001703,-0.0303483332422926,-0.02112779517605604,-0.13853672749849547,-0.1183004531899191,-0.2553381686170567,-0.2242709046039106,-0.127496278422664,-0.10173245487676434,0.38486253155326855,0.3593370962891995,-0.0023762648238663656,0.008290914252248715,-0.3533347967810422,-0.3411882804856843,-0.09565563156874594,-0.07867573099740693,-0.18447973499166603,-0.1346752908778086,-0.4485656987010512,-0.3744531955199069,-0.24919968168405082,-0.20316936960394177
regime_rate_z252_exposure,-0.03757156040119001,-0.07005797870060648,-0.10876243298386053,-0.16527762738431218,-0.269404043814385,-0.09359598540361799,-0.1829650208437455,-0.23326308988826164,0.437418521948392,0.4659116949441939,0.5143697463077285,0.11488985407081265,-0.4807061959787109,-0.5055790306642418,-0.4563495352352688,0.4624347938140229,0.010085343452913079,-0.24288435618711254,-0.23655291525085648,0.09610490776569323,-0.18769009088893282,-0.2730543188290914,0.00583773503178206,0.06943649541094658,-0.01574507346419292,0.008038803518760003,-0.007124864744797954,0.024727490322990247,0.0014814829557361605,-0.01240698895048373,-0.08380125823048974,-0.12080725713021508,0.08599499460361519,-0.010595375195103998,0.13138860235332253,0.06733510287262624,-0.14654524787585896,0.08806564507077869,-0.1622457912930477,-0.10503088470605848,-0.00992244350285974,-0.03238986413962121,-0.13256269697842096,0.016136743533261767,-0.10199683701921866,-0.01640547969614366,-0.032271982062771064,-0.0106322558117423,0.06813931591054631,0.04907515560994113,-0.1051764265484242,-0.1911348238098284,-0.2797599894827345,0.10007020051588832,-0.3715509584273003,-0.0028742035178570217,-0.014105365698235808,-0.07769885135234379,0.024571200599916583,-0.14852745868761716,0.020541126794573483,0.047618573211450695,0.08998427558469368,0.025934109748173336,0.11290832490722304,-0.020940029914111105,-0.03553993692692114,-0.09032447808892448,-0.10668099894739957,-0.05461440919207322,-0.003015755865390193,-0.006396044015656617,0.015980683920406188,0.06638481456295577,-0.10352793060086983,-0.41700649258021066,0.5488246910790713,-0.11020461242176302,-0.15794782719541337,-0.12184700069055222,-0.2177699519303737,,0.06068988416067563,-0.08188286988105635,0.30849573727721513,0.0024541897281704496,0.016304249327453495,-0.03511273320281794,-0.33266839618668326,-0.2443748894067426,-0.04769970597385076,-0.007523110304642597,0.7787994073764462,1.0,-0.14435392709404776,-0.22311187217070327,0.09583369397487493,-0.04858829636647009,0.08912002149560799,-0.06323620796688434,0.4862521171747203,0.5167444601898951,-0.304105804659372,-0.18205483499821773,-0.19114016431814312,-0.14189179030955684,0.15625501201168096,0.18033650776348142,0.21361548037818198,0.319484677127108,-0.05483494923883939,-0.04598332466738146,-0.16048146036304545,-0.12929237303283936,-0.2235642524260901,-0.21481060637459065,-0.2605405085851588,-0.22616299901279016,0.5687615256789382,0.5469336522361561,-0.0029304661649178923,0.006507669470888447,-0.5158186137030574,-0.4711254652060742,-0.12506030881679775,-0.10875307756325195,-0.239223547581911,-0.21231122271165837,-0.5633782039205611,-0.5135470779142238,-0.26250070944882953,-0.22593574390580815
regime_credit_chg60_exposure,0.07244918934780195,0.1278183321929084,0.19082982371133653,0.2525519625825953,0.20327415520960126,0.14991311406513444,0.2509547666534213,0.2565960389584014,0.11424633796746758,0.12976098479465975,0.15281350130628313,-0.1581957655332169,0.04469427196962122,0.07147779002281851,0.0679225419832356,0.06982290136552331,-0.022468978507098173,0.2615774405259597,0.10227672485375171,-0.008602987377796396,0.013228876172183329,0.025329454465790567,0.012429416427902726,-0.015113502262558105,-0.007767394196855626,0.00947132930596952,-0.028472960928423427,0.03455931977332792,0.004874104287352131,-0.039936975307188864,0.14177217317339488,0.19087308539143086,-0.1133510167884785,0.10562719144309914,-0.04537099093220756,-0.09426277717130797,0.27686651488146174,-0.03975320813036563,0.03626970816061264,-0.05709865507661015,-0.006323893565558919,0.00976573081427785,0.06925631809224767,-0.07143446506592192,0.011407517216840649,-0.054345345504982524,-0.14098102427172174,-0.2505019259702677,-0.09092839303476638,-0.14264580305719204,0.013206951371321368,0.05310821956972831,0.07694079188845289,0.1633740848173777,0.12544014834457595,0.18623184803994586,0.3668657152306521,0.5998467999396501,0.293383402660596,0.43163225483047774,0.013139162532687336,-0.000489685621666945,-0.09220860569323802,0.06119399983080003,0.031629203120177606,0.016199032554611064,0.027894618291679017,-0.025292902574591134,0.0682256970291152,-0.03922250037991925,0.02172221352571634,0.021526378054899202,0.10550082093751134,0.15731688977856467,0.056678390063525895,-0.009523601279474362,0.02131396987231782,0.16418163445857947,0.23717125913420242,0.19185324644903096,0.20993079116944133,,-0.034355518515819,0.014219448107220317,-0.03414590849889366,-0.2739610102916737,0.028522732952205834,0.036842532047198465,0.10170308484653075,0.016415238574890127,-0.18786986943236303,-0.1083325523977283,-0.10090227593424282,-0.14435392709404776,1.0,0.715030953745188,0.17727904902157138,0.09685392833455395,0.029956387475585412,0.043554329321438025,0.020910301393160365,-0.01843157407038285,-0.040411708072148195,-0.09973200121512027,0.08462379764049299,0.08554579997426294,0.008644816205453341,0.20380755309565513,-0.10058337939695372,-0.032991540034836946,0.061827747634684876,0.05681103144325556,0.13691068729677844,0.12083896050466783,0.19059306688607192,0.16257765385051406,0.2015546434033009,0.159048827815454,0.07235565070454203,0.03206871173742411,-0.01733674264322414,-0.0070642996872789555,0.025463397990182206,0.05636295075466523,0.11274710242527909,0.09982112523225015,0.22388482862267023,0.1742512782407109,0.04512531123444578,0.018070473265251297,0.2232713290397774,0.17514972022959974
regime_credit_z252_exposure,0.027748535405345904,0.05585704472005307,0.09857919268237558,0.21797026488052673,0.3743547035497458,0.06945711751990724,0.1661766857505586,0.2823726440999885,0.1472646454180649,0.15252876458288683,0.163345934637677,-0.1831306741938896,0.0297520720863785,-0.044501871942124405,-0.00652227729641978,0.13970615807505019,0.02356600896794713,0.26189141762362056,-0.12869523135031607,-0.020451265821442466,0.03720804123296905,0.08557605191269604,0.032592281517940525,0.022298123821370527,-0.011571805300316063,0.02511311476671688,-0.03996016419924162,0.00767931159125391,0.014596110594371818,-0.04968664505845831,0.061353373784477874,0.11990641072512476,-0.011349728699853002,0.1689717317309093,-0.02781358101679045,-0.10180507923815137,0.4012983694565854,-0.24250183014007848,0.09761827584835607,-0.007389397103487031,-0.01484644000434557,-0.0012683192748012425,0.002910918701556744,-0.13648483136627712,-0.03742788447931157,-0.05205497095960403,-0.125785695691793,-0.13564906333349097,-0.04821695624218334,-0.11617607475281225,-0.012505019188170768,0.04002146943476102,0.12141315648179106,0.08746125025302726,0.23730243981164106,0.17635621574855784,0.3103036814264264,0.42715685833742656,0.17551452088509345,0.5936272641316197,-0.006536530647864156,-0.05020075207954942,-0.11899675293758595,-0.023783201259216707,0.008891678487318552,0.025786918134169678,0.06956873708360796,0.11698301994764151,0.1464487355296397,0.04994106408515268,0.026239899290526225,0.058342586062320304,0.12569813163205767,0.11266987631201886,0.18812948792575956,-0.061264114698631696,0.1371100549699783,0.08597291206642454,0.18581579038560428,0.10317053214831219,0.084312273226759,,-0.038095805392443075,-0.00405404088825117,0.0004334211018842988,-0.23517329033996837,0.08019355517909192,0.09546286141024206,-0.004103410151686374,-0.05951838043021702,-0.11153194748478122,-0.10437924949139396,-0.12621521152521956,-0.22311187217070327,0.715030953745188,1.0,0.22681973589640655,0.3429500460626703,-0.16352869244154644,-0.08954890067890732,0.11493551429640032,0.06041692333802817,0.07231657290544811,0.1112848220090886,0.19059260750630969,0.13269618035353448,-0.20808108642313525,-0.03225845435558298,-0.10137111264240874,-0.039692428033176345,0.05492531585582439,0.05558523634733179,0.11415480322740663,0.10137604310718643,0.20403848665928698,0.1757180764444287,0.33914569147346174,0.2953947303022363,0.09811756328232861,0.08390191260974401,0.03701636431327509,0.04851247175957554,-0.09546537250270962,-0.036557663023122994,0.083311268266086,0.07798176310914452,0.2770600549692657,0.22688152760394234,0.020023296744720507,-0.05866143831804646,0.26474485276502013,0.2080107710772825
regime_liquidity_chg60_exposure,0.002876269391611045,-0.002062514905462773,0.011029809977522554,0.053319674542046856,0.13145135472366504,0.0035884082271391304,0.010208989775176163,0.0777551010220392,0.11034766675773258,0.11567837728635959,0.12383408291519739,-0.054018196774134775,-0.09485518644555183,-0.08264066096964352,-0.05976299645031985,0.12834469348078373,-0.008141253842447472,0.05254839461801639,-0.14185261212965342,-0.007696062807330155,-0.014127589301646303,0.0043288982514656845,0.08555548906205857,0.10943738627777137,-0.10453252550273477,0.04828212660074392,0.005162139197060272,-0.009528666816085383,0.00822638333568832,-0.0034705063683500206,0.02013554040825516,-0.07677595396880837,0.00248176205698921,0.020361830053314406,-0.008106600260419625,0.05601744730061467,0.18203961364662322,-0.07821342056902864,-0.035831147649415196,0.2624874148082603,-0.061251868982263716,-0.08110521397918279,-0.13533453143842125,0.025491374582651743,-0.12264554595813176,-0.016795913998303585,-0.07723487067276158,-0.17517827201095323,0.084956754576874,-0.1194591145102812,1.546261202344267e-05,-0.02581641300108864,0.021825016459648315,0.07290260718076814,-0.025581556163625126,0.046016847192604286,0.0957724640287747,0.10460813915224353,-0.005129436162884357,0.12594037069746297,0.025616834233618792,-0.009667119408131718,0.04217794441227624,0.09579130368208488,0.08194102358817068,0.024345933852344587,0.018982775872747538,-0.04171910748683901,-0.04320875366937549,-0.015772837992434938,0.16024605844435616,0.31477827643522943,0.5947712724935189,-0.032314101043022486,0.39232040574854504,-0.055519970697665,0.12425457009759759,0.005103376427592184,0.08101407571808457,0.011632131341092332,0.023618881495173334,,0.01832399298399992,-0.12284777463142085,0.04569650315628302,-0.07495839078224319,0.4102615098960544,0.029749635207684175,-0.2089433677324964,-0.18614673741990467,-0.13991218207971,-0.10507276526926553,0.009087045854665103,0.09583369397487493,0.17727904902157138,0.22681973589640655,1.0,0.6628800214117067,0.03996933784603264,-0.006496971889004413,0.11927093459210895,0.02038356513528987,-0.050467759127212526,-0.01314172332813386,0.0008696608784821703,-0.04299039256495457,-0.09959703307792761,-0.04096447465127321,-0.06990166071068436,-0.061976696236537836,0.025189843217536676,0.020353586150335126,0.0073560512766390855,0.010429317292861883,0.04835418221295136,0.041231510139593246,0.13429965460579452,0.1528058273413894,0.09393349448081267,0.11795320418221203,0.006715031285512831,0.03723411577169406,-0.10587269017834071,-0.09093290333361412,0.012782757322250642,0.021791029164393693,0.10420031115231665,0.09772258281114783,-0.09628001125495667,-0.11172845570312803,0.0663336727352062,0.05750144926843878
regime_liquidity_z252_exposure,-0.04995483705377397,-0.07027682262329008,-0.08458268377160887,-0.02152378287801721,0.08722353160636379,-0.0807020582947851,-0.06377425947295792,-0.019363196608452548,0.19968386597014856,0.19396924670420806,0.17220515098188513,-0.03466370857345578,-0.12894281870111213,-0.24208924584094865,-0.22062287759032198,0.2277562059048685,0.07049033565005298,-0.012101064817874251,-0.3709208716570148,0.025800758143572987,0.11743143687920879,0.17424023218208456,0.10551817853467658,0.0966859954060782,-0.10395546740034124,0.06861856310049254,-0.04526237993525018,-0.04977886566223484,0.08975199272637051,-0.05326771103884171,-0.006169711031492394,-0.08245656997442778,-0.044803522718928124,-0.05733826441669455,-0.08095054798135246,0.052566244121635936,0.2937515498128385,-0.12671344303857843,0.09493773313910155,0.4424764890218675,-0.048482982051677004,-0.04966264394099485,-0.07189517654127546,0.022157939665264442,-0.1280452973367403,-0.002343804775018373,-0.059223251577758755,-0.10093720529474555,0.06180582906709474,-0.14340959582334467,0.05043922796173529,0.10197024507552821,0.1845907328337633,-0.04327711892630331,0.15920950622482943,0.015565404883726987,0.038668011926796954,0.05398921434890759,-0.012675534505201301,0.1810809993562867,-0.009801455018828493,-0.06458544425049499,-0.0798328939697626,0.13280415191531306,0.015323120598986235,0.016953432012265297,0.039104546286022196,0.036960959863977946,0.12245287900750108,0.050765982657374496,0.13708768487729167,0.26440688279834557,0.3768953350081989,-0.047764863890460627,0.5713863329948119,-0.12860139315888003,0.28781194622606104,-0.07896194088892002,0.005724699126499485,-0.07385346100937407,-0.023896017510115972,,-0.030640818838407583,-0.07856369887407681,-0.012195552633531446,-0.03715048861377377,0.35128974911269145,0.0626416556142688,-0.12464155686315682,-0.19866417156176133,-0.09748944140436838,-0.14483609049272356,-0.16657657613969531,-0.04858829636647009,0.09685392833455395,0.3429500460626703,0.6628800214117067,1.0,-0.07757631683550571,-0.12183837055176927,0.2633367718201644,0.1803184268415443,-0.08787974245613443,0.04189530423136828,0.0912128025948413,-0.0077390372346489746,-0.2903310816883965,-0.24136083543744483,-0.03251677264879262,-0.01075301667051932,0.005889728381455962,0.0017107149604879846,-0.028188980126843195,-0.034957309504844686,0.03943297463680076,0.016178429097326398,0.10058632414542452,0.10414475080119619,0.15019030700394287,0.20403048642866403,0.05555664974088452,0.06880315192732393,-0.27907565263319584,-0.23149128476669129,-0.016320313480303918,-0.02154937172746319,0.06350730921630555,0.03413811064281748,-0.10585952187848824,-0.20414326118381917,0.06585718922451476,0.02910541235586823
regime_geo_chg60_exposure,0.022197697494572257,0.02591114447857774,0.029876713588552855,0.10175492017378122,-0.030609355211007428,0.033001005323008384,0.07452343251442001,0.04787376369155409,-0.14254403955790365,-0.147235323360447,-0.15631304683852396,-0.09686705268012467,0.15420361795384824,0.07619383514001803,0.0577396319441933,-0.15174629362936634,-0.023971358214873832,0.061160612723544026,0.07993099987121838,0.05546205409927174,-0.05556824470182788,-2.5509956478416834e-05,-0.3592121700916889,-0.38057134952617994,0.09064763009985864,-0.3429778788932732,0.016984984173687687,0.11836285474856977,0.07052047820988443,0.012497812854619154,0.012159425048627314,0.07867267171245237,0.018252409642157602,-0.2941576706803313,0.0009969332603701666,0.07647064294875058,-0.05216276127515166,0.2370379847358732,-0.49400164004645397,0.04225740800270187,-0.03172055109391743,-0.025247184887716132,-0.052977390576706224,0.01333780939143547,-0.12757493618230317,-0.10782760724079957,-0.2108440723984253,-0.07574092351257534,0.08016713849343321,-0.20415526840148182,-0.05689846584743882,-0.09104751932090066,-0.027398780233236587,0.14361941491147373,-0.1857798595937672,0.03762072275754841,0.0735405605663934,0.03222329003170265,0.19934948144779266,-0.15059846490712417,-0.053793788940899895,-0.11488959637204274,-0.13026700187172088,0.09784964131669346,-0.04494976812522781,-0.23602481122955718,-0.48352978624689863,-0.7642079572338822,-0.31770057110823335,-0.5827616658319226,0.015735423035849357,0.06905179788578795,0.05360392370074603,-0.04497574189292338,-0.04943390838035799,0.14354787081728285,-0.13713968019081343,0.11884420898632604,0.275445575834949,0.025691022203285487,0.02183634190555261,,-0.002041698184797329,-0.025672599849949948,-0.020379883449660526,0.0027320193892236737,0.07985094762576576,-0.6336035117469742,-0.04915890611697653,-0.13815242574922734,0.007357403609225994,0.012714704683133824,-0.022795635960358395,0.08912002149560799,0.029956387475585412,-0.16352869244154644,0.03996933784603264,-0.07757631683550571,1.0,0.7650413051537474,-0.10958027611328557,-0.1934483624451291,-0.10290840382119339,-0.18388436643117032,-0.310206609044261,-0.08475823721552812,0.3070713879204295,0.18370570443870915,-0.10238258990680033,-0.16646123657628317,-0.012451585354545044,-0.006776139642709167,0.0115075669580389,0.01953433012003794,0.14397952460638888,0.13152019812843707,0.06589132201608919,0.03733074392891716,-0.07643892245986347,-0.12101682096892817,-0.014653633224887873,-0.01832321463620138,0.11030208003619071,0.10391853805814537,0.002379038495624113,0.009661223687579566,0.11088200302575134,0.08257779184533001,0.15097675016018366,0.15156281207949188,0.1032418277296662,0.09561731504586413
regime_geo_z252_exposure,0.030822351386826888,0.022245058958845258,0.036577120714374384,0.06569352385522717,-0.022859286967268494,0.03798265007233954,0.06736517110945395,0.04115056652642602,-0.27498382878079747,-0.26736261099610664,-0.2590127939664666,-0.05035428148703942,0.23605432519607528,0.1692387090280813,0.13486967185724785,-0.27039979156273275,-0.08870624549773787,0.054794281946466156,0.14746026370733817,0.08565316825246919,-0.053334556891997335,0.024591976779321414,-0.36100966248022864,-0.40103277638787443,0.061628587849447684,-0.36393491180300963,0.08655009217832868,0.08765837431866226,0.1104452760998114,0.07645579358987263,0.04004319028103345,0.08399307310660087,-0.02855317781819521,-0.34865669220220813,-0.12912229127481026,0.047776440395820255,0.026942939920241982,0.2718631983585599,-0.44573917005741176,0.07138248231819502,-0.005790133648516987,-0.010822623259592535,0.0007977035721259178,0.08628705126380062,-0.056529800297603086,-0.09009460885362305,-0.13278744488862876,-0.1298456666766339,0.12226888732968744,-0.251151571271719,-0.09689814304884,-0.08927077929694309,0.005695244840403207,0.07510972281722784,-0.10788230331941166,0.037576434730712836,0.06275610991958806,0.04799061172030562,0.24977800484271356,-0.06174549956678411,-0.1219182562613514,-0.2130320894573223,-0.2638272051037523,0.1290326526448778,-0.2084819365602956,-0.2589566665504482,-0.4217743916578923,-0.5596812746154872,-0.2531596045246217,-0.7339413497031813,0.012234432704911015,0.04774549651848671,0.019463512345316836,-0.0809639713965971,-0.06520851423812399,0.28116481971359925,-0.26861320364347896,0.12455864929770495,0.19932148073488304,0.03251891144220616,0.0608849444990273,,0.06405641659581664,-0.007102635856438552,-0.03991773770856969,0.005351160798496831,0.043611905560669066,-0.5643227524632192,0.020361715158687375,-0.05451988382850755,0.014410823703413334,0.02490407993926553,-0.10696922172499783,-0.06323620796688434,0.043554329321438025,-0.08954890067890732,-0.006496971889004413,-0.12183837055176927,0.7650413051537474,1.0,-0.18992052608989488,-0.3132763060695312,-0.07369147543663647,-0.1964752681307992,-0.23046251824598804,-0.04116758045530185,0.21300905167567227,0.13532291796352677,-0.08211574183411102,-0.2228361047523978,-0.004411756507384804,-0.00048463650801472435,0.03412421061436726,0.027723481939789154,0.10991904348496638,0.10348802274334075,0.07941011950712336,0.05090382138021761,-0.2397330363189721,-0.2765621174948036,-0.03728455014825124,-0.047522193063474265,0.203628135850517,0.17294698880290105,0.025095715728910915,0.028622849817299248,0.11187820952723408,0.07967218908450724,0.2703473622071789,0.2575789438225838,0.11638772534858932,0.0920136795600378
corr60_csi300,0.012549816786682854,0.01502643231467016,0.016912679649918074,0.000518294761021546,-0.05124827559171976,0.00952600972493586,-0.0005735767618278602,-0.035430931694964606,0.5765470646623714,0.621905198329701,0.6904872537030184,0.011318080694197867,-0.4513714128516432,-0.7796503153104533,-0.7366326825662194,0.581027979441206,0.011902625880869698,-0.04008072650435752,-0.5686225253947582,0.1389936721954086,0.0002668289246232506,0.02505144183293765,-0.009481073584808763,-0.01844032597183621,0.014424702076832285,-0.005342218085273476,0.021663096098158075,0.008665066667022337,-0.011516828304040869,0.016677830487034043,0.03716023993091447,0.07296030276758972,-0.039222489797457426,-0.045109375246600684,-0.11043060242113929,-0.05979329720979777,0.010525839830423416,0.06437536193478113,0.050535289192919906,0.014809228564619642,-0.00600282744362259,0.011078364302013064,0.034470717109228464,-0.001128408577690635,0.052145083359243616,-0.002580632729303163,-0.011367305495396168,-0.018400396288434213,-0.016293321409037616,-0.04614398149147029,-0.005218216658502675,-0.005111880614871435,0.026992579498685453,-0.008953481103825272,0.05029547914302846,-0.012959531082340202,-0.01425458940347183,0.01337168878998916,0.043934491408548715,0.005703938985389421,0.018109392696411097,0.018472670230663114,-0.0008995846220046955,0.011309639359787722,-0.04240338264570972,-0.001144573025216065,0.0006541518874969073,0.00699813835253194,0.031003055823990006,-0.028292485840726453,0.01088162930195172,0.005408939446242095,-0.029237574972766096,-0.022816462350259754,-0.0300635821177226,-0.5571627041766272,0.8988910764255189,-0.0008696915246931985,-0.04276095362332647,0.016719078440643825,-0.03937339871670944,,0.09751356622360467,-0.010216681893867827,0.18391637555588777,-0.04917702628643811,0.04439584277792478,0.03628865687645142,-0.08337957537570251,-0.04123102746511163,-0.04992639781559216,-0.12009067136388626,0.3083259738589542,0.4862521171747203,0.020910301393160365,0.11493551429640032,0.11927093459210895,0.2633367718201644,-0.10958027611328557,-0.18992052608989488,1.0,0.7725276402655681,-0.5496796818617236,-0.2417298092661436,0.11953351793813782,0.1169476647417788,0.17306775583881098,0.24996783000481052,0.19439784302955715,0.35022941036208177,0.005272106209174837,0.00883007619086901,-0.048809392635162575,-0.035314216499668205,-0.07484662072123724,-0.07882088058512722,-0.0951011000265094,-0.10708520111753816,0.700122158333075,0.6823556777819496,0.03184036377516368,0.05059623966047672,-0.862867641417736,-0.6787391343223683,-0.02434346238193,-0.0215758372609972,-0.07572556352509842,-0.08013631593528907,-0.5276799745555528,-0.6526518066202495,-0.07995104008055211,-0.06576870368432368
beta60_csi300,0.013502899263645559,0.009329614124639882,0.0050470230800233875,-0.02503411292801589,-0.03418690227061308,-0.0011226971597107019,-0.02520627293508385,-0.056446255689784994,0.7323189125536191,0.786904038199817,0.874145969421007,0.0325682916881545,-0.567373601653716,-0.6621639286957313,-0.6231974375705467,0.7395676368615959,0.022887792113263576,-0.07126202615360389,-0.47138804035672677,-0.022422360535711065,-0.011883435189891994,-0.022415280754495365,0.0005047126547659117,-0.03562123305794156,0.0151983436689154,0.0022584408397085818,0.010437242862023034,0.004388425942238653,0.018840195602537795,0.01318128041579304,0.02483301582920517,0.024138687908839926,-0.05277547798163148,0.011626511142870041,-0.036000983620577104,-0.16877341512379557,-0.1461681121842789,0.04919430117879608,0.1332777760785971,-0.014633146310168491,0.006784719723281859,0.01658556695424813,0.02357009271633474,-0.026995198181065484,0.05454807164309093,0.023403254471376936,0.050966062687981525,0.07754333904562907,-0.09152898035884789,0.09824703474249494,-0.006696483044024271,-0.014764803996902102,-0.03332588785093069,0.03657925134575396,0.010116406185995816,0.0014178827069135556,-0.010624149575589145,-0.03560468193798499,-0.04318721809462805,-0.04930124857361169,-0.012798103556273874,-0.019716206168096734,-0.029314955386900106,0.024976606365465472,-0.06279968301048337,0.002799118344202226,0.02685997494493739,0.06906007292018339,0.03307998501707706,0.05292143388815669,-0.016990858361367274,-0.038208655549166956,-0.07979989541560217,-0.033696984180188926,-0.05151542672854905,-0.6560645077974484,0.8728951929854588,-0.0023157932630361085,-0.0495961159565769,0.003220992752849987,-0.02731344459425024,,0.13287164378397864,0.001444981183497287,0.15329278183447612,-0.021169160224206385,4.4878843304138874e-05,0.07337035991886029,-0.0380518980149301,0.02577785768422272,-0.05518948063128512,-0.09551622276131676,0.3592792115783498,0.5167444601898951,-0.01843157407038285,0.06041692333802817,0.02038356513528987,0.1803184268415443,-0.1934483624451291,-0.3132763060695312,0.7725276402655681,1.0,-0.4687604766595581,-0.30009684900072386,0.17565199091768516,0.19631937280145723,0.08083885977956382,0.2708377741240629,0.17719776465628423,0.5314437290522029,0.00932066364666367,0.008270948596058236,-0.055162503948568205,-0.043981441777472347,-0.11359812232085832,-0.1098572820809553,-0.10461111308790151,-0.0950813066804522,0.8872557509007041,0.8967560948976173,0.02191219215990444,0.04697141674818911,-0.7213057668658984,-0.6019086810175923,-0.027900153772678665,-0.03044193854034095,-0.10930172420587585,-0.09167163790349162,-0.6780449106886457,-0.748047178529402,-0.11954373442937569,-0.09749538356011761
corr60_bond_gov,-0.06785462237886178,-0.09924657740250178,-0.12874518474105598,-0.17058697288430888,-0.05647583474948525,-0.10742487735327,-0.16367704566007374,-0.13989019846964884,-0.3300445312905362,-0.36831808934612414,-0.4188601258271304,0.10696048452553286,0.18325574088816285,0.3529821675219723,0.37605910107683055,-0.3001444758725081,0.030836640658954292,-0.13722064307038595,0.3395339266434893,-0.1530477189109108,-0.025929203401354364,-0.03167791552304794,0.07715290094271453,0.1393176365183248,-0.1842174847790368,0.019401531654114738,-0.13585026811398185,-0.20384352419848134,0.14238042054472916,-0.10468109122638629,-0.21889092337042818,-0.2919200527095017,0.20475739781750266,0.16859298864514513,0.4836623113065907,0.4129340052510919,0.25743125952227075,-0.20819106687896763,0.11908812395938212,-0.09218789864926788,-0.027361523465558518,-0.0853668812571634,-0.18071568989188716,0.11236136600792032,-0.1782823192783454,0.03552391012679685,0.09325725322732335,0.14486952218975616,0.2761322745986132,0.24419509546960685,-0.010434031828329972,-0.023284338215682942,-0.018025751015149753,-0.26126085029162915,0.04580931935062807,-0.07513079669711094,-0.11315601870243247,-0.10747394111592229,-0.1403656034789643,0.095087467751977,0.025517582440057696,0.09479076703190473,0.25196100907958036,-0.0325577311105211,0.38673877706237625,-0.0072660076674951135,0.004794137267974176,0.1587972166680639,0.2434721183875986,0.211959881999459,0.0027064230550744024,-0.0021669056295071645,-0.02101108797504369,0.04458251329962091,0.0776213505000903,0.29123679326575513,-0.4483625948372071,-0.025205157539737098,-0.06351573324546723,-0.1283396541503518,-0.09545151214811073,,-0.1511885650033403,-0.06183407456684563,-0.09199239222441039,-0.038397042400670836,-0.01445345958277784,-0.013817718303134224,-0.05641650464110166,-0.06296261368833343,-0.015552427944161337,0.044008653604257444,-0.1645267903272841,-0.304105804659372,-0.040411708072148195,0.07231657290544811,-0.050467759127212526,-0.08787974245613443,-0.10290840382119339,-0.07369147543663647,-0.5496796818617236,-0.4687604766595581,1.0,0.8295451605608805,-0.001405143685020882,-0.08396521094978553,-0.27903921719432523,-0.41117426680895447,-0.2958708038182264,-0.3679418502712593,-0.006381472123435477,-0.0020817016693083054,0.04478570557119543,0.02370312651496004,0.03545372008073609,0.04590555472791655,0.020916185724108746,0.026225577962573247,-0.43310695217807343,-0.3963609107071352,0.003111929149978906,-0.027777439459067615,0.4156924809263473,0.3259183670057551,0.015475525463125818,0.013937097327939105,0.01029860709174356,0.018608421226277195,0.31298588621348844,0.35323865356652967,0.037673537666033194,0.03676831602012009
beta60_bond_gov,-0.06451411732408344,-0.10039477404223929,-0.13457918517313705,-0.20661153847151265,-0.019815849387118382,-0.10852010635100891,-0.18951593488447713,-0.15848591607270202,-0.20437260863560358,-0.2367472630151039,-0.26989845145401115,0.1445973116427865,0.07952155053817317,0.11513454014619351,0.16507066356827835,-0.1487262757985335,0.027329523347653862,-0.1638807043275677,0.02241446267873105,-0.1087122479019611,-0.010962202203713972,-0.011483927364084224,0.08081385461145794,0.14116928636444714,-0.1969985176695161,0.01787283849657933,-0.14737221474265738,-0.2132014750678396,0.16593645876384197,-0.11341968482260818,-0.17458579072028774,-0.25170816328117934,0.1910096897063588,0.21155086649983568,0.49869684221311017,0.37176645820843335,0.2630839587898507,-0.2911234652621475,0.15240655568377356,-0.12714899337189248,-0.035735703456642634,-0.10922274527050166,-0.1830175876006572,0.09152220786748248,-0.21086020521166826,0.03579180802529415,0.08523935208501666,0.1340054302093724,0.2485831772197994,0.23806887862861129,0.004037775925462911,-0.002738958328104539,0.02009346332149966,-0.26980099710137523,0.0717521989538288,-0.08193408007274774,-0.11782259231743691,-0.0982119103522516,-0.1971363777353596,0.1319973308915085,0.035840031135647064,0.09812084088765385,0.23718990516843588,-0.051694131408777384,0.38592628158750186,-0.002238836567425865,0.012265525297856393,0.19165999498558792,0.22371146521816188,0.24630636483641424,0.0030033212519091773,0.01253006060880708,0.004837886642235811,0.04103173172915333,0.08951708233169443,0.19208101406376457,-0.18413627608857144,-0.055523695156244446,-0.136558761420842,-0.1325074315589667,-0.1512597893030812,,-0.18424775113210262,-0.09847967149208521,-0.028930136015648325,0.002466329065268442,0.0036357278799264282,-0.0007691402952650324,-0.15573790122660092,-0.18893396065627613,0.009811633487365795,0.0175231074689475,-0.09520531673393035,-0.18205483499821773,-0.09973200121512027,0.1112848220090886,-0.01314172332813386,0.04189530423136828,-0.18388436643117032,-0.1964752681307992,-0.2417298092661436,-0.30009684900072386,0.8295451605608805,1.0,0.03305995387165706,-0.04617093809979844,-0.2872181935530411,-0.45636755806222085,-0.19933157656466052,-0.3324596363735,-0.010040253877987983,-0.0016768304442907214,0.028194445198324244,0.00826227921204585,-0.008106735145949017,0.011110371196794318,0.045340391966696834,0.046671821124379696,-0.2942904795030678,-0.2530413225573865,0.0263862928669947,-0.0006488213129954814,0.13720898968171483,0.11869814923411214,0.0052703614413847355,0.006091052839004721,-0.004796223346994061,0.012602068137211186,0.21702882697895445,0.18833557310226873,0.018310114719580932,0.032125003505005745
corr60_gold_au,0.028979152486566673,0.03417428296401467,0.048920190288216855,0.11238946122071387,0.17578401131727803,0.04037654931082358,0.08933132047389603,0.14999414708707096,0.1056796575502599,0.10286532122938422,0.10100802927862057,-0.09577087594229108,0.03768347460169919,-0.0627510239868391,-0.037468865603764744,0.09083253247007711,0.039134794160932865,0.14301621137884105,-0.1249458170969867,-0.04631176831015631,0.017849490705995296,0.19105928268692735,0.09828336006100351,-0.022139331892602396,-0.08679208710824865,0.053754838052668404,0.08428889426473889,0.05362590308973728,0.0343956535095409,0.06441234589389054,0.11122886655230713,0.22726847121078406,-0.12208653599480497,0.18031110654580554,-0.10627733690783543,-0.4197238726265413,0.03995615278155787,-0.16448859043916622,0.5552320150375277,0.07867263905809248,0.01752254231722679,0.03819282086693609,0.1354014929670805,-0.0023903186496597277,0.2337859137140897,0.05475080229588795,0.0953290564154905,0.13247240599861426,-0.15985895433360892,0.24443819459644284,-0.02798430549951042,-0.04068633690920126,0.1209966068970876,-0.017262905443590437,0.4305050782086531,0.06694031772705057,0.08180057946296876,0.13387153196481744,-0.17072991249313263,0.29448371842262266,-0.01584932564803894,-0.06213793467342451,-0.17620955785796805,0.007509641495423192,-0.2307779166057476,0.031012026781578144,0.14457923665951378,0.286403096006602,0.21693858483409278,0.1940057776121295,0.026217569990241715,0.013373181895095397,0.03175425479803988,-0.1402045934875478,0.137184047974584,-0.06449891791119242,0.061294452510847613,-0.005380229375898196,-0.014760058031206192,0.05088456058191564,0.06009942810732104,,0.09212258905398743,-0.0005005990006566115,0.08029842528340744,0.04624662528827253,0.005661194028236297,0.15208721294329972,0.06413899683970109,0.21868857975670675,0.035780079298648036,0.07602684852847946,-0.017063016296163386,-0.19114016431814312,0.08462379764049299,0.19059260750630969,0.0008696608784821703,0.0912128025948413,-0.310206609044261,-0.23046251824598804,0.11953351793813782,0.17565199091768516,-0.001405143685020882,0.03305995387165706,1.0,0.800806184224432,-0.1542277499569308,-0.02267275864923872,0.18270766384923767,0.17097256784230672,0.013110011583829446,0.002240248306846741,0.012489404710118595,6.034495677377902e-05,-0.01406828374815685,0.0025650720398247197,-0.022691628654067833,0.008945086000863793,-0.01933484491239461,-0.00042768364603196397,0.05157707008111443,0.059983719294648304,-0.050366095597429626,-0.03716171288104404,0.017348754430246326,-0.0010454304913068895,-0.010578672290316279,0.0030708490584412337,0.028359485324601103,-0.03250960068718297,-0.002398309824639035,-0.0021484679848269225
beta60_gold_au,0.04242541930705429,0.060037715914454406,0.09913825441887503,0.16906205369690322,0.1345003027030347,0.07169418906094285,0.1438919011741995,0.17765333859902335,0.1589088431759657,0.1631214164187447,0.16155091168481664,-0.12605791416758738,0.02485037650715971,-0.006598799265331074,0.010505804839573965,0.15458155564024434,0.039684497801045125,0.17951688979102676,-0.17097576103260587,-0.05585423643258552,-0.09200439744154741,0.08019238184094697,-0.002286032073852419,-0.09408245862746102,-0.05700040155306208,-0.03600467518878066,0.10873436247818706,0.08697784719894582,0.07261828336890752,0.07358405034892633,0.14404711921460195,0.25999005852936524,-0.1440656578318671,0.0625723100944614,-0.059384625460420774,-0.3947516097115122,-0.10074717510593259,-0.0590718521517457,0.3457482447428073,-0.03649726087658027,-0.02265130192560467,-0.00963737475847603,0.040308717503433865,0.033546206221918826,0.13291075287449092,0.03849468694140913,0.060554871762025134,0.09595054578203752,-0.11917694898426595,0.19945198378071344,-0.08465104961151529,-0.14642374236681682,0.0025594510953838084,0.07792877078687145,0.22077141596970468,0.040662917536822156,0.023329625544101344,0.08636583332546321,-0.08623304350269552,0.1301313582924294,0.0003011274106088722,-0.02442777991777161,-0.18216251090589564,0.02636830699097541,-0.22940904495749437,-0.03865919094431643,0.02420907588078515,0.054898021162997794,0.09463402180537045,0.0030310227177891198,0.014697569729296155,-0.0035322368735942896,-0.04857628740372643,-0.13302772116164982,-0.021857093418580314,-0.03463115274169946,0.049009168416464445,0.05422493730589706,0.11128478640578542,0.09192804261228275,0.11872569725232483,,0.11849994843929583,-0.01968392115621966,0.011012107489980284,0.0005631300136427115,-0.010874504958596029,0.037101563154356025,0.01681475926355281,0.10853628654390292,-0.0013522814288730253,-0.0035477206403366018,0.004348853723373053,-0.14189179030955684,0.08554579997426294,0.13269618035353448,-0.04299039256495457,-0.0077390372346489746,-0.08475823721552812,-0.04116758045530185,0.1169476647417788,0.19631937280145723,-0.08396521094978553,-0.04617093809979844,0.800806184224432,1.0,0.023340797454319225,0.18139927875021059,0.22612999813659582,0.23809813915385547,0.028562505159193705,0.014579501600166895,0.04170874619704109,0.02407992751149414,0.04919396614691032,0.06514424461891256,0.03542156409221675,0.03670502455855018,0.05045556771317399,0.030166951575789566,0.054874188208458206,0.06372618370291573,-0.0257456624425714,-0.024034677170121328,0.046812002436630584,0.018741388375664338,0.05849971286144668,0.05188818931011946,-0.006541315214356132,-0.03500399481922998,0.05949590656178066,0.05722531301638065
corr60_crude_sc,0.05778112986596698,0.07902892223470599,0.1020274279937512,0.14294830256328953,-0.13058217305985906,0.08561765525417986,0.1401937248782135,0.052635753494524186,0.07454573602968911,0.10507147939421706,0.17388235202925456,-0.09375913280820065,-0.04411424796797395,-0.13817224520366647,-0.12192320189113261,0.08551565763040841,-0.09519642810893081,0.07672362203789763,-0.0968246252079024,0.060992173246281416,-0.1846967338357349,-0.06339638055545901,-0.04603794289090012,-0.08403883574547759,0.24235358076142335,0.043516477952428384,-0.03641279104820475,-0.1020011702748619,0.08590239638988408,-0.03810658485843259,0.08643951736481359,0.1974118829354049,-0.013822279633717002,-0.24026230971392876,0.026362031801853765,0.10681933692233792,-0.08445429380699367,0.15933872595344697,-0.38369936616806344,-0.2583449599287859,-0.013253946266533837,-0.04000645084251083,-0.1204000045820644,0.1587082421335783,-0.1392354518407946,-0.05875790604271132,-0.11501176472706412,-0.16703814970428363,-0.062150396575403874,-0.2603994103189414,-0.08008412671876479,-0.11810772815597458,-0.003101465869485974,0.16458257530683243,-0.1134299560642758,0.03572550818765427,0.04020318893366535,0.07538052242501021,0.2166396928575675,-0.14601379756418814,0.07439187298804886,0.09200329648181424,0.0622622509841762,0.048509383843708676,-0.01225888915426433,0.021784027703365443,-0.02111818284595119,-0.3161445305126229,-0.24499093257966642,-0.24566145378025686,0.001339809716597458,-0.017455427276481236,-0.04016079216954033,0.18317039883550468,-0.26604016334154357,-0.07963766227681505,0.13532534460466036,0.017381882422048838,0.09821014225417335,0.09058075747849151,0.019664885334121605,,-0.012593347861981125,-0.0032226656085856554,0.056217471811695674,0.05249929580456648,-0.027786176844586508,-0.025796319372590203,-0.059946108157873754,-0.022103846619025678,0.0009266370700516675,-0.028504145480229403,0.034060798893888515,0.15625501201168096,0.008644816205453341,-0.20808108642313525,-0.09959703307792761,-0.2903310816883965,0.3070713879204295,0.21300905167567227,0.17306775583881098,0.08083885977956382,-0.27903921719432523,-0.2872181935530411,-0.1542277499569308,0.023340797454319225,1.0,0.7648629035653546,-0.004219878855409952,0.04225896758476953,-0.0069030660569324555,-0.0031048217665956045,-0.04645464233391089,-0.03576768119730772,0.017684257272849623,0.002764493535167406,-0.08261535552491635,-0.12842292550512402,0.13182157960698612,0.10787188965022146,-0.10478164642051865,-0.07818828175962622,-0.14510135936196494,-0.10111237463208475,-0.021936409938887576,-0.02816689574474856,-0.016476408469312993,-0.04386383618618319,-0.13929647775297999,-0.11713641368657209,-0.023669537547298735,-0.03257617832161041
beta60_crude_sc,0.1079007398136971,0.16178934244854715,0.2209056483996731,0.3504058001944708,-0.009805849626555927,0.17914041690902352,0.31493923771801063,0.2296501527676059,0.28404603769621317,0.33695326396691405,0.459981234887271,-0.250401611493784,-0.10787843463244792,-0.13738308743352728,-0.1308934359527282,0.27124562708654826,-0.12173063384439155,0.253227437634061,-0.05839878995701578,0.013228029613893062,-0.23385314504137109,-0.07006802367339887,-0.0717162053837971,-0.1409500022323616,0.1970362241805025,-0.004394942377961791,0.03186826047056843,0.021576600194661667,-0.015184416901943892,0.015118999518062724,0.1761772632532008,0.3566184547221994,-0.11287302472488843,-0.07525011992555823,-0.07587679199959647,-0.10666865008486512,-0.1715329341846196,0.1327918214644604,-0.21519709267840745,-0.26278751294122227,-0.014652479593869954,-0.019935263676428863,-0.031938508855502805,0.052263571179682146,0.021605943378844923,-0.03544758694359622,-0.09070555375361429,-0.14527762117155044,-0.17949287172406622,-0.13806134234773854,-0.11391166986505216,-0.15531776702491767,-0.0059759525346286015,0.21957178579033101,-0.06052442041872205,0.07389895620697147,0.10572592180461125,0.20030080308864978,0.23888247565224313,-0.059921155393820716,0.09048371070021424,0.11068089638279642,0.04706082512077794,0.001960446168820686,-0.07210895287425574,0.003949842267306036,-0.012468333749813409,-0.21218540897284274,-0.20216260607013428,-0.20520196355582734,0.02225834406674284,0.005879639407641127,-0.06596297637205388,0.1778715368559279,-0.31420349424960076,-0.1638037435931018,0.22458387695742263,0.13918448540264264,0.2710373642176902,0.2049527369428428,0.15726519250043447,,0.062431305842126826,-0.028536620806219246,0.03965457021157284,-0.004463824616138009,0.01717676318376812,0.005466932974819647,-0.0493553518766859,0.012813393004777874,-0.013984115384704201,-0.024380612715587023,0.08962408581367244,0.18033650776348142,0.20380755309565513,-0.03225845435558298,-0.04096447465127321,-0.24136083543744483,0.18370570443870915,0.13532291796352677,0.24996783000481052,0.2708377741240629,-0.41117426680895447,-0.45636755806222085,-0.02267275864923872,0.18139927875021059,0.7648629035653546,1.0,0.07902353582124336,0.26111229714699413,0.03975717109330021,0.03526289763654691,0.040046186778370255,0.023882969344660675,0.14718627060243633,0.10166866440326802,-0.009078030071165435,-0.04678368058684703,0.31659001236706047,0.26989706642729755,-0.11451563053558039,-0.0794025745813965,-0.1764588305260688,-0.13954941055433595,0.04858512041602021,0.02630849616944813,0.09589218694060796,0.051623072178129094,-0.23041272381753905,-0.21483969091035196,0.10407407768499966,0.06785082814335378
corr60_spx,-0.02066642431793658,-0.018635364070643166,-0.03374384548515027,-0.07650605771595598,-0.09518679063458256,-0.028699702656006805,-0.07341088469936977,-0.0880815482270664,0.09484742942501248,0.09527125716465525,0.08113931836476686,0.06488138615571577,-0.10537924883263,-0.09205414252723244,-0.09444417102096941,0.1044542271172524,-0.00128182573075907,-0.0811563418283635,-0.22526494819466336,-0.027526757837400807,-0.020767136916490434,0.043548944607571985,0.07299102682030725,0.08443437463090038,-0.05936959831245136,0.056032450348696916,0.14374107675492978,0.18780126821071236,-0.1454625260418567,0.12147228011467774,0.002306822905912985,0.040481945093876995,-0.03950595661056519,0.2261907534993352,-0.28581563451576525,-0.2655962995960331,-0.16242777307078896,-0.24860271565629874,0.17760387278816311,0.029945697835886555,0.036839441292173064,0.10017817879670811,0.17754917878118648,-0.11219732682902797,0.315451806728422,0.03975603258764647,0.06266413644805029,0.025415485315156354,-0.058752393392006164,0.10511826581090887,-0.02744480145743475,-0.0562884121731585,-0.02792644830599143,-0.12234992389263591,0.05752660853990061,-0.04436848361816903,-0.11788701967020483,-0.1205185238102448,-0.27123698347959424,-0.04215848167437359,-0.005364075138702389,-0.02622831855381907,-0.19943063173099262,-0.19760344400729093,-0.3420314942867331,0.015620120137480466,0.0714588862263382,0.1836024758156603,0.019329552417912562,0.1450884078996478,-0.0066132014190729465,-0.043049758956065554,-0.11896164549422503,-0.10791604027729798,-0.04617577972018603,-0.013704264034650703,0.12136326101052375,-0.060558525423558995,-0.14178780130737703,-0.03511709849394519,-0.03247154577660884,,0.11850328409683106,0.0644259839506448,0.12761936957829506,-0.05070816111397966,-0.024731970243188135,0.06082120451591229,0.012248226169642927,0.08782379430771219,-0.1849071305630735,-0.21854559286191474,0.19748649167881607,0.21361548037818198,-0.10058337939695372,-0.10137111264240874,-0.06990166071068436,-0.03251677264879262,-0.10238258990680033,-0.08211574183411102,0.19439784302955715,0.17719776465628423,-0.2958708038182264,-0.19933157656466052,0.18270766384923767,0.22612999813659582,-0.004219878855409952,0.07902353582124336,1.0,0.7000806212773425,-0.030415093968696925,-0.02702142283105007,-0.07057443351878462,-0.045022226611597486,-0.16222083195701142,-0.14194636007797726,-0.22477698785095168,-0.1774471007898471,0.12873197509906445,0.13041889916891797,-0.0022335807073447867,0.0008677621513618562,-0.1323490497785994,-0.12476595823538146,-0.04864770332917756,-0.03957597255646256,-0.20057088953396274,-0.1558049368006909,-0.17893019772265373,-0.1462475554112098,-0.19260671345909874,-0.1613218503979981
beta60_spx,0.0005996358178353328,0.025561742912800594,0.030117441283774263,0.0067576368669376285,-0.07713736032602275,0.016701625978778792,-0.005911821493503099,-0.038988541324684094,0.45042426277028536,0.47907020349118945,0.4646421138073673,0.013393102459861797,-0.3196182994145489,-0.3233100803053512,-0.3100775566404761,0.4321438015825748,0.09511652105494708,-0.03629239677217332,-0.23100486704172626,-0.04449209005473048,-0.10436264225738227,-0.0894630003256611,0.07251338138105339,0.09725271794265862,-0.008890780973572859,0.07711004135082214,0.10673934448718066,0.2343962976119125,-0.18520051418051883,0.08373303460110124,0.06276650953843549,0.074157743295549,-0.1092240355705636,0.25448629654986155,-0.22211947047863856,-0.2231348097372774,-0.22308866832342206,-0.13984290215274472,0.12023918338566161,-0.008795901484738486,0.044762382346578346,0.11865237931158223,0.19692256317771328,-0.13711743973106588,0.3438719036588264,0.04144527430986676,0.05447500979353125,0.008439561650497302,-0.04448078937564723,0.1496622516152587,-0.04243241265037036,-0.10426199068713762,-0.14924538557569253,-0.015092530776503438,-0.06871640689869446,-0.012672082241318262,-0.037926211072525404,-0.04173008269943341,-0.17492569717950496,-0.0924909735001647,0.052740203937632985,0.08242769449141786,-0.07877851693380625,-0.18447421604671094,-0.22023340530601151,0.016749650842839026,0.05159802585568875,0.11961964929875626,-0.008046662096144363,0.11684320155490993,-0.01317097864370985,-0.041793740529482634,-0.11050002793126247,-0.02019855531572236,-0.12632992776797114,-0.21977861465373325,0.4109930521371163,-0.021087523877288274,-0.05825823841616962,0.021487697592451813,0.038161807566596644,,0.17553991222742407,0.10709638410178628,0.07493837444716024,-0.01090025510089533,-0.03694353222017828,0.07273799480058556,0.15266954888112488,0.31010156397770855,-0.028533161667589617,-0.04821846374849514,0.2990902454001703,0.319484677127108,-0.032991540034836946,-0.039692428033176345,-0.061976696236537836,-0.01075301667051932,-0.16646123657628317,-0.2228361047523978,0.35022941036208177,0.5314437290522029,-0.3679418502712593,-0.3324596363735,0.17097256784230672,0.23809813915385547,0.04225896758476953,0.26111229714699413,0.7000806212773425,1.0,-0.030118589459543325,-0.028861629155293986,-0.07288314072027113,-0.06010225911237549,-0.12045367351506289,-0.12581893653677806,-0.17877667780688847,-0.1432213127757767,0.5446777588067883,0.5117897126615396,0.08154262958817642,0.08355170710472554,-0.37254732901768123,-0.3280883877187474,-0.0519685560849713,-0.04856978040206566,-0.17303276887971178,-0.14616280795205674,-0.47142551946490635,-0.4485288212421031,-0.16690035659551297,-0.15802288902980374
ret_5d_cs_z,0.6738391564833814,0.48477582667796815,0.36620920763709836,0.19210361754323066,0.17912897040780928,0.5370519951725953,0.341759932121011,0.2630708852085996,0.032215543275148965,0.061808070852323545,0.04911704527930322,0.03545020398513251,0.2401912071630332,0.1303328684533285,0.1380494785986568,-0.030035902749006818,-0.013408356640881103,0.11020258100531671,-0.005240127912058654,-0.005163907201630914,0.05207318737339639,0.029462033769258412,-0.09263477133678855,-0.09319707573093572,-0.02883260200216971,-0.11240713444473642,-0.010539042983622295,-0.020484505876326463,0.016937086145406184,-0.0359345650467776,0.1266854932011445,0.07787335499455984,-0.05013148652278152,0.01265451930954438,0.0444157095733963,-0.028909280746091153,0.023696807378686346,-0.0101186831493182,0.026170420314162675,-0.028445512559618462,-0.013648883217237185,0.009813458417121666,0.0018634594170128939,-0.004360539607258473,-0.01984413181851955,0.03741570991447765,0.030332257374458375,0.051766726618813846,0.0017192479363710201,0.02442162167159559,0.050162401459559094,0.04820096707947396,0.021273829455070142,0.044492129349223045,0.032830154543431,0.017212109204316827,0.015903656522442234,0.04052336264803179,0.01965836197117023,0.03307041839455497,-0.005263876078650813,-0.0028837675452922456,0.014863007704198093,0.03402055417957681,0.021761016194374563,-0.14840494918043542,-0.07704838481239022,-0.006006665205667197,0.023782727784187968,-0.007828469459043677,0.010543038515522572,0.022141357293897695,0.013846431482334392,-0.035051791626918384,0.0036984247286897,0.03832199181078655,0.004844719969219078,0.43793604904896916,0.22576338498332765,0.3646518868112863,0.25940247056654697,,0.03402261607779214,0.07856625775331545,-0.008426909831712636,-0.0029955959819578624,0.008268419951997232,-0.05607251447107711,0.054367240057431904,0.0017461365512155414,-0.014862798078331234,-0.02222471065077637,-0.0303483332422926,-0.05483494923883939,0.061827747634684876,0.05492531585582439,0.025189843217536676,0.005889728381455962,-0.012451585354545044,-0.004411756507384804,0.005272106209174837,0.00932066364666367,-0.006381472123435477,-0.010040253877987983,0.013110011583829446,0.028562505159193705,-0.0069030660569324555,0.03975717109330021,-0.030415093968696925,-0.030118589459543325,1.0,0.9119957719145841,0.4498876954651963,0.4126225862712859,0.22102672983497676,0.20171778327772086,0.21766481827288672,0.18001831188217288,0.01649444461155274,0.01267837292407846,-0.028404252136729098,-0.01717567288919014,0.1008190967594067,0.22832333961734336,0.702678333373878,0.6494186764515059,0.31026964619229735,0.27038217026323047,0.23014862223144997,0.2209183797901041,0.13146953093736038,0.12585391799887413
ret_5d_cs_rank,0.6332395112577539,0.45133561736367,0.3346647969360631,0.18328924699702193,0.1675914915343705,0.497396402709547,0.319187336587279,0.24486595841097972,0.02755425287066334,0.050062182786999476,0.043712945124930555,0.02343499482080915,0.2333185949639636,0.12174879170737125,0.13591133896105106,-0.0297864440085846,-0.007240420773604229,0.10288084872289008,-0.014044575985232063,-0.0068773542213789885,0.05451678513927626,0.0335455389595978,-0.06428036031000196,-0.05856089803688709,-0.01965159423085856,-0.07732863535198266,-0.011301428317465384,-0.017978136670620218,0.015508148101814492,-0.030339706710473736,0.10995019320357864,0.06937797110743682,-0.038426312666015115,0.007785352969251081,0.0291165698967642,-0.023505845649067502,0.028072440370438528,-0.019433839995834413,0.02283123005626546,-0.022090371040356813,-0.007701181403918627,0.004089896936871256,0.003823521653051267,-0.010565690920449126,-0.022020098104175236,0.02865323568921508,0.022406242916269678,0.032115715701748496,-0.00598499694758433,0.007308023007245218,0.06094078432860016,0.04834104882454153,0.02806894621434981,0.03423054807051535,0.036698263818067615,-0.0023065540690401856,0.0037430408686308487,0.036578906534229925,0.013165246810003839,0.03154986689890118,-0.0013241839994087392,0.001726697057548361,0.009908823239259425,0.027776432748743505,0.016034449063809852,-0.09532714190209847,-0.052470247343663484,0.00044481746973885916,0.022588282977940063,0.006040414405874078,0.007108014753552752,0.015006689725003556,0.009907126123116656,-0.022839835687061376,0.008082559784336956,0.03796199670966431,0.006488244744334912,0.3959176623655325,0.2129743070338605,0.3337028365789302,0.24243226092690626,,0.038973948142771164,0.07180870741206583,0.014930561571715061,-0.012354351279148568,-0.0033236849653894515,-0.05377741526749551,0.050961942069583904,-0.0018923262220413857,0.006631142561396685,-0.0049724082531257055,-0.02112779517605604,-0.04598332466738146,0.05681103144325556,0.05558523634733179,0.020353586150335126,0.0017107149604879846,-0.006776139642709167,-0.00048463650801472435,0.00883007619086901,0.008270948596058236,-0.0020817016693083054,-0.0016768304442907214,0.002240248306846741,0.014579501600166895,-0.0031048217665956045,0.03526289763654691,-0.02702142283105007,-0.028861629155293986,0.9119957719145841,1.0,0.41350385661455397,0.39994003569545944,0.2160271166942603,0.2071119373812387,0.20546556791085588,0.1764766933467979,0.01614823972014718,0.010504413257280104,-0.01742035160425782,-0.008540409288635678,0.09636104240998634,0.22021979875309244,0.6458805431213912,0.6423029272957661,0.2941790631143307,0.27118440882434935,0.23357441848696814,0.22138850419894068,0.12680537632577815,0.12720989329239643
ret_20d_cs_z,0.33793980536358476,0.5063094086924121,0.7365823955294176,0.4004496596950075,0.33640687602012365,0.6185972372639185,0.6292687692638119,0.49999442794746324,-0.058266360690278254,-0.01840135850196004,0.0184169977119373,0.055011821899886106,0.4623628985383873,0.27198885896902414,0.29910526333114007,-0.1922336338461888,-0.09114125983442257,0.4753541749242337,0.0417693360552332,-0.042734496723283465,0.10945644770855988,0.08383659480960147,-0.17548352181173563,-0.162237753797001,-0.08278580238425523,-0.21988461998224212,0.0002732557694945806,-0.03158174722695897,0.02742840629389592,-0.005770023370516262,0.2380411928276139,0.15924595121372903,-0.10334345620943415,0.048209042219379834,0.0922777792493767,-0.04995158178240975,0.04268967757453893,-0.04161563636211523,0.02976791836617455,-0.07318567263031234,-0.02349359928247331,-0.0008728309035173325,-0.0013992463728416595,-0.020526514271178815,-0.028570588897142663,0.023777535885046417,0.053602978360757246,0.1074666677076359,-0.009064881645684678,0.06678359014617745,0.08176290276397749,0.11329424537421104,0.08671841563726637,0.08001616814042577,0.08636181065609412,0.03067809964856132,0.038339101171489365,0.08646718807210338,0.025953407494257917,0.07619928310946639,0.003949130412896891,-0.013065098779913976,0.0162149572862312,0.03336910856439312,0.023258925404831605,-0.10939518046592696,-0.18691125283024823,-0.03582539974775038,0.02794197585449709,-0.04491056786815646,0.00502255958038451,-0.0029345174466403746,-0.0042701336794649285,-0.06496752393546341,-0.024175932380572276,0.09745441201930491,-0.040143714114080416,0.8881052594149477,0.47523861702846737,0.7339722742880764,0.5428063530537587,,0.09710480468461732,0.14976731070580554,-0.04286078250142785,-0.009405947085219926,-0.028602598578421762,-0.1447613369385299,0.10837985100341392,0.02885375562763517,-0.022214299728441297,-0.024962157887875105,-0.13853672749849547,-0.16048146036304545,0.13691068729677844,0.11415480322740663,0.0073560512766390855,-0.028188980126843195,0.0115075669580389,0.03412421061436726,-0.048809392635162575,-0.055162503948568205,0.04478570557119543,0.028194445198324244,0.012489404710118595,0.04170874619704109,-0.04645464233391089,0.040046186778370255,-0.07057443351878462,-0.07288314072027113,0.4498876954651963,0.41350385661455397,1.0,0.9142229229137382,0.4886699409466794,0.4463196057493426,0.40181748440232895,0.3457017570094719,-0.05891494169697796,-0.05849609641634025,-0.09558398366158125,-0.08033826933632675,0.24816530791411498,0.5140287763042872,0.8182915070220638,0.7523487389397902,0.6012665235581804,0.5266915098486749,0.45511545247236695,0.36833299656698204,0.5533820164615543,0.5134084577536454
ret_20d_cs_rank,0.30290861160336424,0.45726631095475156,0.6810951064452472,0.36495805421539895,0.3044096816469957,0.564939813446028,0.5745208341969049,0.4539674819845302,-0.047326343528897474,-0.02040881152197559,0.016076780468051853,0.05703929099979656,0.4327062632313575,0.25327799885783114,0.28352651899506065,-0.1828908110181927,-0.07814727649207824,0.43290370402116135,0.023415625423585953,-0.04127421493512168,0.11114017106504588,0.08076154294767737,-0.11722460243899743,-0.11042216374968035,-0.061648680198583605,-0.14903830314229116,-0.016801591826865046,-0.0344546969909356,0.021569589127732058,-0.024780493290985365,0.20104511112512163,0.13915152741969955,-0.08324300578430473,0.04328919981999132,0.07121773324434508,-0.04419734617437492,0.042537590520804414,-0.05363412631223484,0.021941687616885926,-0.059345212245215995,-0.01931011858523944,-0.005659317624729775,-0.002494204820114181,-0.018613618146613824,-0.03655431989116945,0.018034386612309834,0.042198171169591604,0.07590935205247094,-0.02776298713807392,0.03948504214890303,0.08462968972951149,0.11610983997349679,0.0844566602744892,0.06522752055329685,0.07926457192492822,0.009756333266897888,0.012126605728881548,0.07353460809371386,0.012114465568831808,0.06993980244350326,0.006439954615236943,-0.002780183292022105,0.007010563962237587,0.024336744935133804,0.01849943081997506,-0.06729466588523873,-0.127069655395162,-0.018722989223314127,0.026285052599894068,-0.014951027075894073,0.012038976400356057,0.00826517792371779,-0.00045649424117905784,-0.05284313020193319,-0.004916581642729458,0.09881333839435144,-0.036876395858097634,0.8179132038176227,0.4259611434387602,0.679432418559403,0.5112769907548823,,0.08885631752678935,0.14346296780926177,-0.013438045127124518,-0.028823409163382715,-0.012993329154826707,-0.12776875723161013,0.0909392950585889,0.016831216875368902,0.012432787194794218,0.006860701497705236,-0.1183004531899191,-0.12929237303283936,0.12083896050466783,0.10137604310718643,0.010429317292861883,-0.034957309504844686,0.01953433012003794,0.027723481939789154,-0.035314216499668205,-0.043981441777472347,0.02370312651496004,0.00826227921204585,6.034495677377902e-05,0.02407992751149414,-0.03576768119730772,0.023882969344660675,-0.045022226611597486,-0.06010225911237549,0.4126225862712859,0.39994003569545944,0.9142229229137382,1.0,0.4492056866443134,0.42565475499829675,0.3557146011855303,0.3144178590897241,-0.04887840506285005,-0.04551470470294688,-0.08807794705233143,-0.07009827113200044,0.235627174272254,0.518753040061158,0.7501184814782433,0.7517655729665838,0.5528523545628619,0.5064872992204777,0.4368242291778334,0.3599878762779216,0.5089930804636702,0.4926984422384404
ret_60d_cs_z,0.17757002922969725,0.2688343134472489,0.4026898234460346,0.7671805262583725,0.48065238633477436,0.3328506861698244,0.6425514757031473,0.6834050161371679,-0.020551601247639568,-0.013399099483905979,0.00825888164197632,-0.6052866122978565,0.4878792646759464,0.1284722798645334,0.179823742648397,-0.08422096152021302,0.010739269805531393,0.7001502466081002,0.020614879081291154,0.01839271109281133,0.03534653380258882,0.13082922632106628,-0.1024106086685995,-0.14581156282097693,-0.01458002611199343,-0.1173168160106754,0.015476947955626616,0.0019247718958665795,0.021714640634871267,-0.0015650159277343007,0.12965027535645784,0.2582644863996221,-0.02850759019185053,-0.023272370806455927,0.05487973060108891,-0.030129325592347166,0.11277414633106045,-0.06194509874112184,-0.042435638220819,-0.03158754048460619,-0.0524618210579755,-0.06868985579336988,-0.05898105735298172,-0.003800172267098753,-0.12090803805590639,-0.061788540085509124,-0.1097596987821655,-0.017823156142875777,-0.08653007983527258,-0.062306015995194086,0.025845999334263705,0.04233024537119313,0.15294480413423614,0.1102729021998348,0.10324320807833673,0.033723780251802095,0.07589054994813206,0.1504623957403149,0.08345106871477895,0.13446659268670597,0.019329970436050094,-0.0030949333049898457,-0.019621167540885394,0.03502764307360645,0.03054676069377614,-0.06346370559943185,-0.14449297107070028,-0.16471576304616553,-0.01039290858619787,-0.09187506353126601,0.053054180356497234,0.10742728088338258,0.07799146556913565,-0.034874327091357675,0.07039757104058683,0.14993374939675488,-0.034600488131808584,0.47250843542316723,0.9091210507144302,0.4020831307951288,0.297599319239527,,0.06824069680099477,-0.018432336765768668,-0.02977405324521085,0.008484791520408073,0.11240506078621375,-0.15488391729798326,0.08388187826028252,-0.02215655545528017,0.0141213945548469,0.0027383248334216883,-0.2553381686170567,-0.2235642524260901,0.19059306688607192,0.20403848665928698,0.04835418221295136,0.03943297463680076,0.14397952460638888,0.10991904348496638,-0.07484662072123724,-0.11359812232085832,0.03545372008073609,-0.008106735145949017,-0.01406828374815685,0.04919396614691032,0.017684257272849623,0.14718627060243633,-0.16222083195701142,-0.12045367351506289,0.22102672983497676,0.2160271166942603,0.4886699409466794,0.4492056866443134,1.0,0.9098597932823386,0.5900994748896131,0.5710023113785124,-0.040650397593288645,-0.032685706461940904,0.020760161744228983,0.018656304092336512,0.11877902289233022,0.2499287197523203,0.4020483493628024,0.37838129940898224,0.8487312842628775,0.781489430623432,0.4900994249561604,0.36803847521301386,0.8736577472994348,0.7994233882092395
ret_60d_cs_rank,0.15364991082198082,0.2322604724889277,0.35116429977010066,0.7146485887553735,0.4884388899800207,0.2888676865112094,0.5813369876056232,0.6467869087220649,-0.018907127344745676,-0.019444240494044366,-0.011919555641784377,-0.5807194931643291,0.455564312314474,0.12158533831289295,0.1731948564932409,-0.07195864245456397,0.02811728770062764,0.6570292710772421,0.014749663237780146,0.009452579725878358,0.04534281605366921,0.13330065371549674,-0.05324862077671603,-0.1170051857694947,-0.0007505612269470263,-0.06332928712660749,-0.009120335411156482,-0.02668035013129701,0.03471088999041156,-0.017511298905478513,0.09099375818811825,0.21594161486420715,-0.008817105799344298,-0.006878862658558826,0.04815033380275448,-0.0535916039601913,0.07357903381434,-0.08207259683817744,-0.025625604828621865,-0.0363806388744447,-0.05542071732720856,-0.08357743513308458,-0.06009596446371676,0.0035754553871233624,-0.11994455044891407,-0.04471882630666223,-0.08200292611320414,-0.006189471320620518,-0.10845886425405324,-0.048410955042072656,0.0255101837662969,0.05716404622674299,0.15650511043062906,0.10391468889986953,0.1083399768262347,0.012388127711943838,0.03237362818169896,0.09561103082817723,0.030705349176840317,0.11544836084090618,0.008246695118900943,-0.013827052642160751,-0.02485921960655044,0.03770220161792037,0.012235491303829601,-0.039294703821304545,-0.07975297990544142,-0.10467945632145893,-0.013331663819292993,-0.04736936545798149,0.05100383527783273,0.09788746942176976,0.07167532350522139,-0.045089748312201555,0.07482788774718131,0.1538347314662051,-0.045103267889479756,0.4156614954266702,0.8400225864655247,0.3518874468383056,0.2860152181208934,,0.042690083211444574,-0.018562559280016946,0.0008134070559123138,-0.00719824178365557,0.07955626880085831,-0.12568332539090896,0.07901441225325427,-0.023313902393831867,0.031165872250597717,0.03611570788987247,-0.2242709046039106,-0.21481060637459065,0.16257765385051406,0.1757180764444287,0.041231510139593246,0.016178429097326398,0.13152019812843707,0.10348802274334075,-0.07882088058512722,-0.1098572820809553,0.04590555472791655,0.011110371196794318,0.0025650720398247197,0.06514424461891256,0.002764493535167406,0.10166866440326802,-0.14194636007797726,-0.12581893653677806,0.20171778327772086,0.2071119373812387,0.4463196057493426,0.42565475499829675,0.9098597932823386,1.0,0.5708271438750577,0.5802799010720225,-0.05627737573807964,-0.05439696435393986,0.029726154732163088,0.02698116700030141,0.1160980380017832,0.24211407481791708,0.36953697529775686,0.36165239532976834,0.7868143072614663,0.8023275184138244,0.4618553872700302,0.37159742935075857,0.8051335626765637,0.8135838084932598
ret_120d_cs_z,0.15752461982765154,0.23338915271977223,0.3211012812418941,0.5141169059964188,0.8054676796691981,0.2812534313717588,0.4642463633130412,0.6729399342995431,-0.013851214378285865,-0.008760400717104159,0.017004207095473893,-0.3695132590217397,0.34682488889131236,0.1051867871797806,0.17175317753543545,-0.05121765636831782,-0.016978676228203878,0.5989028841421404,-0.03859278461798336,0.05737813923033343,0.07371605668520377,0.06731678701613338,-0.09833074887045232,-0.11054806232090393,0.05138780664595183,-0.08871061572148344,-0.03460477875553243,0.011840137402173665,0.0321165680529746,-0.03636343236857646,0.10426555602290744,0.16600719206351322,-0.01391062566340867,-0.05619952681237726,0.019337911321566016,-0.10634497603965593,0.15210662657381105,-0.0363689081264386,-0.05409346466159357,-0.0012983753250516467,-0.0032282925860011645,-0.004507700086155977,-0.029003112643072003,-0.08334954779803654,-0.13022044238112437,-0.03876326560324934,-0.05116693322855138,-0.05422544527034073,-0.04004402186084866,-0.11851121420744358,0.06673087567209453,0.09163010984087043,0.08987018326596484,0.1641451963231649,0.13723356399066794,0.05322200107987922,0.08232597108002421,0.15707297688304292,0.08764860489674414,0.2212919518413028,-0.021627609489042483,-0.03347295746739071,-0.006573161309683223,0.062339538175720924,0.013209618231245052,-0.04265564152149631,-0.08547265048036817,-0.11700174668514661,-0.011597510415169845,-0.10152896866670316,0.03785826325976749,0.06937884961533987,0.11048621099938573,-0.0038308912900030826,0.10831161386746573,0.18315766978890177,-0.03167037554919464,0.3738689228645585,0.5995367387463456,0.3239331031056611,0.22024615859638916,,-0.008992991721240368,0.05484886099192477,-0.048861445766618196,-0.015150376692190179,0.07306946901218606,-0.0652238063326235,0.06732764860187597,-0.013227936693513706,0.03851121835980394,0.03631805451274231,-0.127496278422664,-0.2605405085851588,0.2015546434033009,0.33914569147346174,0.13429965460579452,0.10058632414542452,0.06589132201608919,0.07941011950712336,-0.0951011000265094,-0.10461111308790151,0.020916185724108746,0.045340391966696834,-0.022691628654067833,0.03542156409221675,-0.08261535552491635,-0.009078030071165435,-0.22477698785095168,-0.17877667780688847,0.21766481827288672,0.20546556791085588,0.40181748440232895,0.3557146011855303,0.5900994748896131,0.5708271438750577,1.0,0.9228742685752943,-0.0015392538278148629,-0.02221323636879395,-0.009898918980897333,0.011030720029002485,0.10290662422024244,0.21112111158188607,0.351543337325553,0.3279786783078203,0.820068755789189,0.7653551226385908,0.31964484652922054,0.24526315950871547,0.7175187061009215,0.6766670436063064
ret_120d_cs_rank,0.12580028194179302,0.19204664803473284,0.2664115622321258,0.48802294751980063,0.7456922705365463,0.23180027301247405,0.4141363731389261,0.6221748699330937,-0.01658916414663911,-0.0186807954975634,-0.004226313747841893,-0.3778144763047701,0.32042693018058926,0.09714044315768883,0.16495655669219988,-0.04884291680503752,-0.008553951640606178,0.5559540261754277,-0.03324073511894974,0.050422940235442124,0.045067971480194285,0.06983803868248911,-0.04286512641869295,-0.05954807575407269,0.032086562449337226,-0.03814733020646294,-0.024931944443404692,-0.001320597433820904,0.043264318010876206,-0.025535640017278514,0.061371336325464994,0.11819935313856512,0.008360210251491012,-0.02153660713201406,0.02559166514767709,-0.1064902311125291,0.1179338756336833,-0.08225358273724057,-0.005650069003696972,0.00975974519005024,0.008961603551134468,-6.894837589957194e-05,-0.03691167804471763,-0.05557171470625607,-0.11347235211885891,-0.039100087856582665,-0.04076830903326811,-0.03468223246555456,-0.05936473709641205,-0.06948457495898014,0.04179992407753222,0.05253888895119315,0.07870351446587974,0.12057708674607148,0.11953336600531088,0.04286460196358576,0.06556365927735262,0.11414189336968779,0.02422520264628138,0.18901231587681372,-0.0263646062264722,-0.04650194021827914,-0.026218812837305608,0.050493836819632015,-0.003916456698460464,-0.01679502839671855,-0.02961875532060172,-0.05174497280473539,0.0002878588108235175,-0.02942757633949505,0.035643577159331134,0.056688333067149044,0.10557010341039286,0.004031681553488458,0.12720258349898655,0.18037761784896025,-0.04725684765359537,0.316173250710288,0.5804798041497472,0.2677967912389512,0.18857881065103632,,0.012836253966337901,0.04054204921860164,-0.0288683728840049,-0.036816361206486736,0.07168425494748959,-0.03552286598034533,0.07440660667650481,0.024467440872724736,0.04057875395992035,0.057573374529873954,-0.10173245487676434,-0.22616299901279016,0.159048827815454,0.2953947303022363,0.1528058273413894,0.10414475080119619,0.03733074392891716,0.05090382138021761,-0.10708520111753816,-0.0950813066804522,0.026225577962573247,0.046671821124379696,0.008945086000863793,0.03670502455855018,-0.12842292550512402,-0.04678368058684703,-0.1774471007898471,-0.1432213127757767,0.18001831188217288,0.1764766933467979,0.3457017570094719,0.3144178590897241,0.5710023113785124,0.5802799010720225,0.9228742685752943,1.0,-0.018030323880434726,-0.02972696037878131,-0.00025733392232158586,0.020688181910742648,0.10165261267294479,0.20257977710719166,0.29944896156943845,0.28620779533467877,0.7652143736340445,0.7736431909662035,0.3113072950518048,0.2524120987253719,0.6789837900189598,0.6813566266200649
vol_20d_cs_z,0.02964295440579399,0.03875455693709977,0.028719897038045592,0.04743139671283898,0.02198513678988372,0.026227229298108053,0.016445718588345926,0.011699359350416634,0.7860420903705764,0.8472189303928532,0.8698283799577553,-0.03472780793764318,-0.5730199836946787,-0.6530793122870234,-0.5936035988697581,0.7950062215471202,0.13077871001483354,-0.01763881259135734,-0.39099989790322887,0.03750474836525136,-0.044756728924982746,-0.07350377506398464,-0.00048689101987984407,0.01834507578534637,0.03787975328211323,0.014883935172676064,-0.005835690914375747,0.05713745154727276,-0.060846090713486636,-0.010175039183366907,0.04176684698074144,0.03694595423723562,-0.04748613533119414,0.04933212228328796,-0.0020743890287841134,-0.03875799570409951,-0.0727422151804471,0.020868159649588946,-0.02331458279652549,-0.029510605625617064,-0.008615936366474234,-0.0054896617391504915,0.013868497100469071,-0.052893033286083455,0.026890595398332766,0.002534252493954196,-0.007318159248446744,-0.001026876678404094,-0.02209679152021901,0.03510663294129338,-0.010509592989329063,-0.0342549207065034,-0.07366443176506093,0.08463649753266762,-0.07679265508445808,0.009756598079888278,0.026015581994553505,0.03145716883931611,0.026049338832538578,-0.02235148446989784,0.016163965763283977,0.0415635970829651,0.04487641006836517,-0.034099157642456565,0.030410316545193,-0.0018983046649251264,0.012374729875432493,-0.015616922288039028,-0.054821720934292655,0.012355926835017404,-0.003068170960303514,-0.004921483159224685,0.004986214974300106,0.03160080572569202,-0.05328491046618139,-0.5560219089581653,0.8464491627310347,0.00778112220881864,0.034495744852188044,0.024905685210448933,-0.003175815084630971,,0.0973476975123071,-0.01137758928786392,0.14647445739342943,-0.030686012407236816,0.03296183179474359,0.043176226942162485,-0.024558017251453453,0.017083167674786744,-0.05963206046140218,-0.10112137670340642,0.38486253155326855,0.5687615256789382,0.07235565070454203,0.09811756328232861,0.09393349448081267,0.15019030700394287,-0.07643892245986347,-0.2397330363189721,0.700122158333075,0.8872557509007041,-0.43310695217807343,-0.2942904795030678,-0.01933484491239461,0.05045556771317399,0.13182157960698612,0.31659001236706047,0.12873197509906445,0.5446777588067883,0.01649444461155274,0.01614823972014718,-0.05891494169697796,-0.04887840506285005,-0.040650397593288645,-0.05627737573807964,-0.0015392538278148629,-0.018030323880434726,1.0,0.9448235000247865,0.13193002416896224,0.14658109040276623,-0.7173524319468169,-0.6015426446818682,-0.022035396360647292,-0.019388832203216636,-0.02857414601275739,-0.024820358142006265,-0.7294452583358361,-0.7642855333430653,-0.05568551791445653,-0.041291080293392124
vol_20d_cs_rank,0.013325357038727552,0.017059501542295498,0.014991594350960848,0.03227445492042698,-0.00024129222709663297,0.005256556893888713,0.003947094526852552,-0.009291967727756523,0.7629244805065388,0.8152841877469464,0.8531439186409878,-0.02683734680840216,-0.5635550729073645,-0.6404836190541627,-0.5842979533912873,0.7688968758914917,0.11285095075924592,-0.028035169714234136,-0.4143170785487246,0.023416118595592988,-0.03177834701346709,-0.051768879279639975,0.008537241898576896,0.024739593430226255,0.010289255203721781,0.014235997039663443,-0.0006630779055085475,0.03054714010002751,-0.05494824341085478,-0.005762025874480343,0.014729587398220573,0.005116017487101591,-0.018510267927835916,0.04282924843236993,0.0039180757655444915,-0.0055399290197856894,-0.03875160277509169,0.007058477388070742,-0.012379240152184785,-0.007772643566940273,-0.013927907179882262,-0.009733107201431624,0.0015897183795824607,-0.025062199107902916,0.01677366837726888,-0.0004361023711523329,-0.00991123401535316,-0.01038240069860754,0.00016247797869369072,0.023764124483465425,-0.007678211699876717,-0.021941925576649642,-0.048367275163780366,0.04854139043117829,-0.05584728323654741,0.009205873776526154,0.024505147479648593,0.01922938857517455,0.017166727083074786,-0.018986544235886006,0.013755298925908386,0.03655383676194992,0.03816706720440264,-0.023132714548529693,0.030945937281618836,-0.004939236808930232,0.012479577141088577,4.082540917424612e-05,-0.02942622033290335,0.0240647001373662,0.010206005158648598,0.015498283294005837,0.0247651669985918,0.020106218330846616,-0.014560326496580435,-0.577441062439506,0.8472245702421336,0.006562524117386777,0.03032831292473779,0.012606952504961879,-0.044123714155850896,,0.11787499901698105,-0.02193841683377933,0.15116283502091812,-0.01684374606823856,0.05549399964727029,0.05432152234947551,-0.06319010268468488,-0.013358987085662239,-0.049669466997446704,-0.08822750441287262,0.3593370962891995,0.5469336522361561,0.03206871173742411,0.08390191260974401,0.11795320418221203,0.20403048642866403,-0.12101682096892817,-0.2765621174948036,0.6823556777819496,0.8967560948976173,-0.3963609107071352,-0.2530413225573865,-0.00042768364603196397,0.030166951575789566,0.10787188965022146,0.26989706642729755,0.13041889916891797,0.5117897126615396,0.01267837292407846,0.010504413257280104,-0.05849609641634025,-0.04551470470294688,-0.032685706461940904,-0.05439696435393986,-0.02221323636879395,-0.02972696037878131,0.9448235000247865,1.0,0.11776860164065706,0.13927445238461883,-0.6987179625452932,-0.5817816803187014,-0.0273110660928778,-0.023344458102329414,-0.028347022761984902,-0.02226784347635656,-0.698476827047541,-0.7471105098592701,-0.048340104103372465,-0.039433464313839005
vol_ratio_10_60_cs_z,-0.00824634305116366,-0.07842921362963647,-0.06252052371374196,-0.04332395601990513,-0.003956510126843861,-0.07463028349582032,-0.07600938459152122,-0.040712234470869545,0.2782977222439901,0.1399248919812767,-0.0183717153255417,0.006147759298677432,-0.11946693539380913,-0.09098645166078709,-0.06622183141835992,0.14981133578510916,0.7370764023747711,-0.052900480453036594,-0.04330038745416034,0.05068218068276588,-0.015494560129020151,-0.03358026164562849,0.05841832070237671,0.09270599736608512,-0.06132734043176934,0.042995420566489265,0.057396819974041995,0.0929606100737239,-0.09864025494670527,0.01943702107671347,-0.02920153833446862,-0.09097483967236863,0.023430654904231,0.03604409198659963,-0.032336503991689476,0.0027953437470215298,0.02873780267847064,-0.05211136927219496,0.027641063890832495,0.03512708661397218,-0.0008248878054272652,0.03543103884780782,0.027063258776939828,-0.03884967778480826,0.04441814969813234,-0.04255109101382009,-0.07422363480698596,-0.042952141749457634,0.13189866699021627,0.0017357340403598232,-0.010484665779417625,-0.049690422012922016,-0.08655103501995302,-0.009378187577018107,-0.06204296654144273,0.020553739434770023,0.044177756264626326,0.0035111481053104513,-0.06924750230300682,0.02729210959543011,0.023297240296203187,0.024671748213419522,0.0013093955767222347,-0.041387276781737585,-0.0414561868703781,0.012919814355346407,0.05131595422074729,0.008328148230291491,0.024937630562034675,0.05007854503568056,0.03977196567289174,0.042256921373213,0.07314414191144375,-0.054627632408794716,0.053149045705183424,-0.02743558424178032,0.061216817838475567,-0.07789199433846544,-0.012060106721734899,-0.06309378951083515,-0.047590751092682064,,0.0161208496357238,-0.05294199818050795,-0.07837212803091567,0.051072254546635304,0.05411473158638343,0.044450687681622914,0.03903200022376074,0.05379137399021681,0.07938893920174936,0.03770941152369885,-0.0023762648238663656,-0.0029304661649178923,-0.01733674264322414,0.03701636431327509,0.006715031285512831,0.05555664974088452,-0.014653633224887873,-0.03728455014825124,0.03184036377516368,0.02191219215990444,0.003111929149978906,0.0263862928669947,0.05157707008111443,0.054874188208458206,-0.10478164642051865,-0.11451563053558039,-0.0022335807073447867,0.08154262958817642,-0.028404252136729098,-0.01742035160425782,-0.09558398366158125,-0.08807794705233143,0.020760161744228983,0.029726154732163088,-0.009898918980897333,-0.00025733392232158586,0.13193002416896224,0.11776860164065706,1.0,0.9306660361204715,-0.09444419492365132,-0.08124494039022413,-0.10353660464258062,-0.09340829752756764,-0.018594544731347563,0.00840648097585881,-0.07681097195182142,-0.07611402758872496,-0.017606441266671217,-0.0009665978494557233
vol_ratio_10_60_cs_rank,0.0006871277074350561,-0.06546222502979553,-0.04375273513314464,-0.02257223788602954,0.018373146668673873,-0.05690064092384655,-0.05096774647345293,-0.014390909754906667,0.28531307940287276,0.1524343216189065,0.015173268995592076,-0.004674947515728431,-0.11867580271760744,-0.08254432868840449,-0.05934529816966001,0.15995026875073098,0.6662121053254573,-0.02874625416278279,-0.07321399257415198,0.04194678748028665,-0.016283635410049405,-0.03017132417301033,0.055913358381095915,0.08240158192148703,-0.05494729754974709,0.04190630600496726,0.05921913196036832,0.08182410914463971,-0.08228517493801009,0.022835403748682714,-0.022652704495832923,-0.06799047263455321,0.025514523730358098,0.029589877777800994,-0.03310765227762416,-0.01630375970619478,0.019208138343721107,-0.053780611673080986,0.020549131746530655,0.019535565275641847,-0.003658243797176503,0.020335413726926155,0.013432697249542644,-0.03974998412057365,0.028661684670097554,-0.04435295112998524,-0.07797150032386291,-0.042840140028312206,0.09776868018789238,-0.009384228366935534,-0.011986968711055658,-0.04952788294123644,-0.07318410528369595,-0.005047698706003827,-0.05321438847943391,0.027778963716709335,0.04686970309528102,0.009434662158055588,-0.06702715994452586,0.03534246798541797,0.006115455768188128,0.007914375956253094,-0.005853375706788605,-0.038019027292655466,-0.04613277161061524,0.020642700867548016,0.050915440672078656,0.006817166377582023,0.00869596221313429,0.0436136124346987,0.04029184519471811,0.0404666169025293,0.07578524370797475,-0.03942397612969376,0.04557382559123733,-0.043984680249030655,0.07686800409107958,-0.05879347308293913,-0.0008388396667026665,-0.04442972342685462,-0.03376946737818695,,0.029172791820282016,-0.05577571666490913,-0.07559760430506643,0.04421121160240456,0.05302818345303689,0.05121129130624822,0.012070103667451404,0.03114599172027614,0.0714337441496005,0.036299508985913165,0.008290914252248715,0.006507669470888447,-0.0070642996872789555,0.04851247175957554,0.03723411577169406,0.06880315192732393,-0.01832321463620138,-0.047522193063474265,0.05059623966047672,0.04697141674818911,-0.027777439459067615,-0.0006488213129954814,0.059983719294648304,0.06372618370291573,-0.07818828175962622,-0.0794025745813965,0.0008677621513618562,0.08355170710472554,-0.01717567288919014,-0.008540409288635678,-0.08033826933632675,-0.07009827113200044,0.018656304092336512,0.02698116700030141,0.011030720029002485,0.020688181910742648,0.14658109040276623,0.13927445238461883,0.9306660361204715,1.0,-0.0955519941458139,-0.07867954567439762,-0.08167941939632514,-0.07046061111274965,-0.005773959102547864,0.022788315481123724,-0.08443227543394365,-0.083886900826311,-0.014720086539942199,0.00031541901599637295
risk_adj_mom_20d_cs_z,0.09507804202019203,0.13672293357037513,0.20589053869749488,0.1066892153306847,0.10249609470536962,0.17671368986123562,0.18611958896036804,0.1565825273018648,-0.5793801630231651,-0.6127632174097853,-0.6530364534690419,0.021455347240570063,0.5677966238870816,0.9371465709833376,0.8839818061701896,-0.6258711514925724,-0.09754366723319008,0.15985448287644932,0.6028573723148806,-0.18222726600076858,0.07802164846499675,0.05587284350800775,-0.05739971420723144,-0.0692750888889442,-0.00772373818184305,-0.06576513678612339,0.017813977202675954,0.008387484702706515,-0.004398005360702856,0.01159803964991438,0.1230279589102567,0.09647837441971845,-0.061973458245185055,0.007568658597343078,-0.011319274495026694,-0.06575287287031042,-0.004561087240521592,-0.012811633690678198,0.024108985291910218,-0.015025244215776353,0.0056130162381154355,0.021792042977566383,0.031207107639192384,-0.022250764832355826,0.01243651215694723,0.001598001841809197,0.00843581753164127,0.03671151569480526,-0.04665092769909878,0.005668752452787919,0.05182275420481826,0.07036865337078174,0.053285452111825865,0.031941304037439056,0.06685433921471565,0.0005703959657628469,-0.006891310218118224,0.024144701077837553,-0.008113600469572503,0.025441175588137903,-0.0036603827448866036,-0.028644054737667207,-0.027319727538118052,0.01759273091712788,-0.03386983223951341,-0.0252950838262138,-0.042755513261924505,-0.012638943418175995,-0.012409582711657355,-0.015868685783506215,0.010690593889803727,0.005472958281651795,-0.010046754850410905,-0.033533487390969306,-0.010843781680976763,0.43444042506765584,-0.8961125699984717,0.21105436800401037,0.09828312208254464,0.20786853753080436,0.1490540614110689,,-0.07715456802458683,0.027696530005050558,-0.19872022924812266,0.0024371115929922864,-0.024069802120399032,-0.07909527151445343,0.07198890561894546,0.005776329500561578,0.04178943815831761,0.10214723243296733,-0.3533347967810422,-0.5158186137030574,0.025463397990182206,-0.09546537250270962,-0.10587269017834071,-0.27907565263319584,0.11030208003619071,0.203628135850517,-0.862867641417736,-0.7213057668658984,0.4156924809263473,0.13720898968171483,-0.050366095597429626,-0.0257456624425714,-0.14510135936196494,-0.1764588305260688,-0.1323490497785994,-0.37254732901768123,0.1008190967594067,0.09636104240998634,0.24816530791411498,0.235627174272254,0.11877902289233022,0.1160980380017832,0.10290662422024244,0.10165261267294479,-0.7173524319468169,-0.6987179625452932,-0.09444419492365132,-0.0955519941458139,1.0,0.8743580414719788,0.20102034684920844,0.1951768043769028,0.13338109934246237,0.12395211260208101,0.6505468954895343,0.7642758327809369,0.12946885534669206,0.11614061678735238
risk_adj_mom_20d_cs_rank,0.194648860537453,0.27743860707103873,0.40533380132758934,0.215453042402888,0.19998341090101415,0.3451098272160271,0.3555213334037146,0.29056596888948427,-0.4868738922839075,-0.5084100681632754,-0.533372129257525,0.03596293559736926,0.6107104245175197,0.8156227525777762,0.8032089534517177,-0.5724119173836593,-0.09223339286231752,0.28256568957750117,0.466414528015962,-0.13785532026162914,0.11084287760656736,0.0766977380834136,-0.09159935990203565,-0.09276075536510861,-0.013529090507661863,-0.1033061244960951,0.0016029294878690714,-0.019505670719202957,0.008891538289160431,-0.005682286063461739,0.17922208215705093,0.1334146312384177,-0.06790432265226194,0.01760768922278963,0.01745231568887516,-0.06353361653522252,0.03620427717234122,-0.037933308031305596,0.0058002691045668095,-0.05399200253671846,-0.0014204662748944518,0.019521886838312158,0.030463832114771213,-0.033937886076087796,-0.021717527862201304,-0.0013435280669086022,0.005096790466345153,0.029815068512307853,-0.05090499620000338,-0.013904007117766832,0.07961299875749886,0.11593993252855248,0.08407784599350063,0.05834186006668961,0.08287507559733216,0.01191003559443581,0.006065799636587092,0.07352054582870823,0.004344200533364728,0.06899438164269495,-0.00275736421379354,-0.02628785754420563,-0.018694444169021125,0.036750005812186334,-0.012798915676019991,-0.044302143471678795,-0.08162624293909458,-0.027191258155752032,-0.004187588321429103,-0.019363618925346736,0.017728567776133148,0.010511543861286297,-0.00127809600272639,-0.04278710702728646,-0.010013246795272837,0.4085132672311689,-0.7247020760931304,0.4435057257910254,0.22295344530981007,0.4073689505286527,0.21070954613220771,,-0.08119629855747648,0.03237400331959313,-0.14584807962522156,0.018065384829827565,-0.009864844680001756,-0.10948568543978596,0.08016005638320885,0.014213703237782795,0.0513643871705866,0.09519508719014125,-0.3411882804856843,-0.4711254652060742,0.05636295075466523,-0.036557663023122994,-0.09093290333361412,-0.23149128476669129,0.10391853805814537,0.17294698880290105,-0.6787391343223683,-0.6019086810175923,0.3259183670057551,0.11869814923411214,-0.03716171288104404,-0.024034677170121328,-0.10111237463208475,-0.13954941055433595,-0.12476595823538146,-0.3280883877187474,0.22832333961734336,0.22021979875309244,0.5140287763042872,0.518753040061158,0.2499287197523203,0.24211407481791708,0.21112111158188607,0.20257977710719166,-0.6015426446818682,-0.5817816803187014,-0.08124494039022413,-0.07867954567439762,0.8743580414719788,1.0,0.42296868869410303,0.4227962533635437,0.30354549791599955,0.28446467838005735,0.6900218474871763,0.7637987870932054,0.2846030143163156,0.2719054113389267
ma_dev_20d_cs_z,0.508016819603125,0.6535120700832004,0.6366517425428915,0.3341659206070504,0.2897920659768357,0.7168293309159665,0.5607012197074261,0.43318733874069665,-0.025512795926065483,0.03650087059902946,0.03509348806973402,0.061403520544822385,0.40950092090117596,0.23684186395855977,0.2525795900204603,-0.11814591369064421,-0.08473855249550433,0.32519562295427906,0.018519424548512433,-0.014807950732438674,0.07822384688756881,0.06278212952136532,-0.14946070060443273,-0.14034105332646213,-0.06567157084662252,-0.18605834881575906,0.001682921471046883,-0.02195359624718402,0.022076543680005452,-0.020381934317770044,0.21417435283415165,0.14106720513961024,-0.0957016553438475,0.026356143251137904,0.07191633103272736,-0.04990812341353477,0.0379340096058603,-0.028285076932956937,0.03325214139205125,-0.05687983325443336,-0.01627250135082911,0.015384057435038798,0.009371364894768247,-0.015790549536130617,-0.025692370709312632,0.04024272121155931,0.054326772821690114,0.08807579587033068,-0.002559162660360261,0.04809089055942151,0.06841648256038138,0.0862383197912392,0.05832229069657417,0.06923681127232775,0.07031601288314147,0.018465344790543844,0.025594952074037777,0.07255691942679217,0.03035983625035675,0.05668497435533246,-0.0014778578608740413,-0.010157655409131518,0.006578287413954289,0.035232942906974624,0.014601944651391238,-0.1389732364419759,-0.14549864112836253,-0.02272163647497416,0.04251976853498707,-0.037122251616519074,-0.021976573404744487,0.0029486706743688555,-0.005133588439633254,-0.06562287816151977,-0.013680959591548742,0.08276281908711203,-0.023714583992230476,0.7620435115776328,0.39361272476437414,0.6331242381689975,0.46680819220133946,,0.08411245794736902,0.15058544461417134,-0.028831393424376864,-0.008011729853127333,-0.027542935215356855,-0.11246868803322173,0.10800263330999697,0.019692708856452076,-0.017999563936649005,-0.02329203659571803,-0.09565563156874594,-0.12506030881679775,0.11274710242527909,0.083311268266086,0.012782757322250642,-0.016320313480303918,0.002379038495624113,0.025095715728910915,-0.02434346238193,-0.027900153772678665,0.015475525463125818,0.0052703614413847355,0.017348754430246326,0.046812002436630584,-0.021936409938887576,0.04858512041602021,-0.04864770332917756,-0.0519685560849713,0.702678333373878,0.6458805431213912,0.8182915070220638,0.7501184814782433,0.4020483493628024,0.36953697529775686,0.351543337325553,0.29944896156943845,-0.022035396360647292,-0.0273110660928778,-0.10353660464258062,-0.08167941939632514,0.20102034684920844,0.42296868869410303,1.0,0.9152760537575714,0.5165247093294009,0.4489659071184935,0.4031983839707803,0.3442469640344163,0.37323551032467467,0.3499399291140219
ma_dev_20d_cs_rank,0.47140875346830646,0.6104999230368311,0.5869380835330608,0.31048318536671193,0.27392180676660854,0.6663986369522575,0.5144972526471105,0.399525434032781,-0.021681986514060114,0.029402095055386362,0.027711553429714975,0.05381471796214687,0.38687448899716653,0.22311864070299972,0.24499119587405627,-0.11460858326318424,-0.07178954411906609,0.2954231657447783,0.017049390044905566,-0.022859364233668664,0.08398038796198605,0.05715344972244134,-0.10956842070420555,-0.09908309299633668,-0.049348767612389176,-0.13682585339041548,-0.011049698317621783,-0.020489079999740922,0.015890578815234528,-0.027698441041950954,0.18782742804142297,0.12350919936655741,-0.08282068080705214,0.0322730506065007,0.05816077623477732,-0.03992634796704801,0.041246276354329044,-0.03850433794339648,0.025556810439012527,-0.04773989027889509,-0.008158028113636848,0.011810577156242091,0.013736297470095533,-0.01749663698250632,-0.025986996495950807,0.03685273018584634,0.04581474284360652,0.06459580710683187,-0.01280658160678963,0.03382880625258041,0.07841974611755959,0.0930769311524891,0.054817589348976556,0.06270354090306239,0.06368889296937769,0.004507315774251053,0.012921040079549998,0.06921638718449295,0.02059184505863004,0.05522779677248835,-0.0018725196734348255,-0.0032458184076734485,0.004152577844105481,0.029539617414959855,0.015360355959769416,-0.09897919130159231,-0.10759633043792559,-0.010953904137972564,0.037232505550008996,-0.01594541365114404,-0.01708189262279499,0.0076250160008802595,-0.003257913837185777,-0.0474387002887173,-0.003720018491402631,0.08972437463866564,-0.027032862587697524,0.6992787146007937,0.36188097532624763,0.5844483928745353,0.43097551673375195,,0.07107062547606861,0.13395413126131323,0.003908900633888461,-0.011501399463034783,-0.019244300402158385,-0.11146238268926416,0.09425554925752458,0.008037183265123317,0.013695150235200718,0.0015227055299679075,-0.07867573099740693,-0.10875307756325195,0.09982112523225015,0.07798176310914452,0.021791029164393693,-0.02154937172746319,0.009661223687579566,0.028622849817299248,-0.0215758372609972,-0.03044193854034095,0.013937097327939105,0.006091052839004721,-0.0010454304913068895,0.018741388375664338,-0.02816689574474856,0.02630849616944813,-0.03957597255646256,-0.04856978040206566,0.6494186764515059,0.6423029272957661,0.7523487389397902,0.7517655729665838,0.37838129940898224,0.36165239532976834,0.3279786783078203,0.28620779533467877,-0.019388832203216636,-0.023344458102329414,-0.09340829752756764,-0.07046061111274965,0.1951768043769028,0.4227962533635437,0.9152760537575714,1.0,0.4841203283625006,0.4406944815128014,0.3948059265823735,0.33580694658829047,0.34931698292178137,0.34103321309132995
ma_dev_120d_cs_z,0.22648810877742412,0.3292891173664715,0.4704969800049328,0.6898964181951651,0.6526809414259163,0.4012574342210242,0.6617612123924596,0.7669092065498596,-0.02689630200374384,-0.015605518722454798,0.02729815558220737,-0.4679384234118579,0.4872680396333672,0.13523372354134627,0.20507842701396964,-0.10211212280046189,-0.03298908683263176,0.7327474471217339,-0.022385686260183033,0.04120315294521064,0.07543910901408757,0.11712202978851222,-0.12785649530927784,-0.16580103500999782,-0.022458118753302756,-0.14741117178811136,-0.003290102307236132,0.007864999129607262,0.021082985788464265,-0.01495995498737537,0.1365569102751853,0.23629295315705878,-0.02227630146746478,-0.057452810780552796,0.06077351299029789,-0.06519808917523932,0.1407559331857005,-0.04208607124570913,-0.04444227212257815,-0.024000663481278703,-0.0366590881980379,-0.07156231651946755,-0.07368502262567644,-0.01779084468812985,-0.15304210832542656,-0.03561939331066818,-0.05409335994175201,-0.0247879199382684,-0.05353627614702149,-0.07818691009723734,0.048246091201832375,0.08077877647321514,0.13875772053560836,0.12828715754030634,0.12743604042872347,0.049582001727303225,0.07673353291526473,0.17047758302412847,0.09351610234365185,0.1702895709995638,0.009736667954009938,0.007822611532009525,-0.005679521123174411,0.053478716714781466,0.03204173580027085,-0.08150472974527297,-0.1624700163513117,-0.1542013322043115,-0.0023693582939865957,-0.11854679041249615,0.06314334769263337,0.10423390185715208,0.10921478424125285,-0.056010041226034084,0.09305295807623631,0.1732611168134682,-0.02235522145037189,0.5698782622714808,0.8148430320773784,0.47191353177310125,0.3389749990771073,,0.048485597914867826,0.016073125817825638,-0.02282963905865391,-0.005974957630379179,0.101784348038505,-0.13614945752559507,0.04943284424853457,-0.040697342747797655,0.017341484295387982,0.0028177380978888352,-0.18447973499166603,-0.239223547581911,0.22388482862267023,0.2770600549692657,0.10420031115231665,0.06350730921630555,0.11088200302575134,0.11187820952723408,-0.07572556352509842,-0.10930172420587585,0.01029860709174356,-0.004796223346994061,-0.010578672290316279,0.05849971286144668,-0.016476408469312993,0.09589218694060796,-0.20057088953396274,-0.17303276887971178,0.31026964619229735,0.2941790631143307,0.6012665235581804,0.5528523545628619,0.8487312842628775,0.7868143072614663,0.820068755789189,0.7652143736340445,-0.02857414601275739,-0.028347022761984902,-0.018594544731347563,-0.005773959102547864,0.13338109934246237,0.30354549791599955,0.5165247093294009,0.4841203283625006,1.0,0.9175022673196297,0.48005676884414683,0.3693362320185182,0.9330638908279802,0.8633233143492292
ma_dev_120d_cs_rank,0.19905090776027376,0.284347571106451,0.4092206366213773,0.6353753502667262,0.6321645243386318,0.34932833575748484,0.5944275289883771,0.7178882590488854,-0.015070394239265072,-0.009438528496708811,0.016060492566723424,-0.4479377481306528,0.4388744670331388,0.12116873407385646,0.19518039014022862,-0.0808946870239714,-0.0073951222105640355,0.6794837578335432,-0.01601156463877932,0.011011127589717663,0.06396400693494855,0.10282002644948099,-0.06212870743913608,-0.10591962083510797,-0.01753066604498978,-0.07696906985871158,-0.005665523479601193,-0.006984249768590547,0.018219900244187702,-0.008895950889936183,0.0990681326633687,0.18019251564424255,-0.0031886753582940058,-0.015318119097358028,0.057258488757743774,-0.07391758900760392,0.09947557039297669,-0.07832149303877832,-0.008002446532586312,-0.017636129712856878,-0.034472834078764114,-0.07059930917391023,-0.08181801511242211,-0.013539789026005259,-0.1349592274180055,-0.02643019121716015,-0.03890831366770684,-0.005729066012850624,-0.07413309670355345,-0.03711480341261232,0.032394762296713994,0.06767167284505798,0.12117919207754167,0.1086496982099273,0.11304494441334531,0.02830635470658802,0.04377005981759293,0.11461881770524701,0.038928605014248344,0.14529963803357815,0.002057823634193605,-0.001754506338352418,-0.0030260824875324825,0.04692188656490132,0.018830833208610814,-0.03746417766243455,-0.08725777580532768,-0.07952833617460081,0.0024737798633859367,-0.045242157616134114,0.061532878515344704,0.10300928774110411,0.11081165284642759,-0.05303357754063308,0.106217975116955,0.15952762318875935,-0.027069441920704054,0.49146482728557356,0.746551827771634,0.4104405966274995,0.31160671677497265,,0.050449981851441394,0.015889042032562247,-0.00011153898895331868,0.008931615572476655,0.09964038607620547,-0.10922158335165187,0.05473117027937698,-0.010274541171721397,0.029101335832507885,0.0399306184356256,-0.1346752908778086,-0.21231122271165837,0.1742512782407109,0.22688152760394234,0.09772258281114783,0.03413811064281748,0.08257779184533001,0.07967218908450724,-0.08013631593528907,-0.09167163790349162,0.018608421226277195,0.012602068137211186,0.0030708490584412337,0.05188818931011946,-0.04386383618618319,0.051623072178129094,-0.1558049368006909,-0.14616280795205674,0.27038217026323047,0.27118440882434935,0.5266915098486749,0.5064872992204777,0.781489430623432,0.8023275184138244,0.7653551226385908,0.7736431909662035,-0.024820358142006265,-0.02226784347635656,0.00840648097585881,0.022788315481123724,0.12395211260208101,0.28446467838005735,0.4489659071184935,0.4406944815128014,0.9175022673196297,1.0,0.4353568303550712,0.3544373548075608,0.8594231591676066,0.8901126296806952
dd_60d_cs_z,0.18088181355799265,0.23311161131452232,0.30592821342526255,0.3494365321564379,0.2704497835350538,0.292489447955493,0.4151924591869012,0.3851599933542269,-0.5923555575105989,-0.6187399076164519,-0.6329260546008003,-0.18936114883585636,0.8033945257937177,0.6028369341469584,0.582368314305752,-0.649172120225066,-0.09792320264423185,0.398212989608381,0.3091027832408161,-0.03838209796707519,0.09898267336698664,0.16172412155908955,-0.11056971532477601,-0.1511911824546552,-0.046366817618623705,-0.1389315977174952,0.01977895921854438,-0.02287317317354184,0.055424856733686,0.014644624949309933,0.1050314519973665,0.15520563169680648,-0.0318256640229922,-0.04148219479464817,0.007721986706827182,-0.05236545313656545,0.09009451919871045,-0.03854852870180241,0.05570917548510342,0.015812396933996,-0.010185042806260333,0.0037639840875743017,0.016244034499720807,0.01507096058422839,-0.036943794986855315,-0.004360847960249966,-0.004978293499461136,0.05797385982652659,-0.042395663686384574,-0.014571084038489234,0.050162178980187065,0.09061300010734157,0.1640470154275175,-0.019545330735528197,0.15451313597333205,0.0089259992943259,0.018856623571138244,0.052209233842724294,0.007746157738064644,0.08720317897182425,-0.014270880945812841,-0.04960731299354623,-0.05765364968168772,0.048060408659688,-0.04135475801301168,-0.07072305080209564,-0.11467786089620106,-0.04224102332039848,0.0479776431005866,-0.06249392277696643,0.01383581806981073,0.03907691787401458,-0.017006133279559257,-0.09412197005172486,0.05941098981866368,0.49856728435913567,-0.6442468979390095,0.3804333038152929,0.41101827607481234,0.30968688114375803,0.24282862430799868,,-0.031726889903608446,0.05715442769309045,-0.1351050937600448,0.005752752475175969,0.014195817597030815,-0.20273852546015347,0.11408251847870454,0.009007322427974465,0.07215767745938555,0.0840994517319663,-0.4485656987010512,-0.5633782039205611,0.04512531123444578,0.020023296744720507,-0.09628001125495667,-0.10585952187848824,0.15097675016018366,0.2703473622071789,-0.5276799745555528,-0.6780449106886457,0.31298588621348844,0.21702882697895445,0.028359485324601103,-0.006541315214356132,-0.13929647775297999,-0.23041272381753905,-0.17893019772265373,-0.47142551946490635,0.23014862223144997,0.23357441848696814,0.45511545247236695,0.4368242291778334,0.4900994249561604,0.4618553872700302,0.31964484652922054,0.3113072950518048,-0.7294452583358361,-0.698476827047541,-0.07681097195182142,-0.08443227543394365,0.6505468954895343,0.6900218474871763,0.4031983839707803,0.3948059265823735,0.48005676884414683,0.4353568303550712,1.0,0.8870347233997625,0.5008280895929846,0.45812646737421775
dd_60d_cs_rank,0.16798931344847567,0.2008127512898973,0.2397656418029295,0.26016315470088214,0.19485226142417386,0.2478096671488446,0.32208292231878927,0.2989365184622786,-0.616690923932812,-0.651502245959853,-0.6854971534797846,-0.13253012423560753,0.7282621254227164,0.7023661370433045,0.6784119088406366,-0.6629837936824053,-0.08658261907051829,0.2965511648568578,0.41638724072302274,-0.05237478834884199,0.06469632397778888,0.08839159126829865,-0.06846621504091906,-0.09119957457184798,-0.0319154848201208,-0.0861094393305269,-0.0035988932780690085,-0.026210735148457384,0.03898211071065691,-0.007989270089951471,0.06403831457356962,0.1076709793530573,0.005337959977833733,-0.035440547565615814,0.0235373305949329,-0.02777649007159183,0.04613953827555805,-0.01693498564498263,0.0047157972778452545,-0.02719702904952147,-0.010695644976517527,-0.00741477572851842,-3.7279033944765564e-05,0.01794952507521378,-0.04567790341608624,-0.009470114411471216,-0.010421836463959836,0.029258024281908386,-0.0321938813355986,-0.01847413759638913,0.05110218908234262,0.06791448753884073,0.0904401481838699,0.006724883383373242,0.0755920476101115,-0.0009684112980109365,-0.006528505341451089,0.03238732048749925,0.006374347082404436,0.04430184235622399,-0.003968751482082462,-0.01527694766178373,-0.020218418716392416,0.04476025634668306,-0.013897720839372393,-0.04205287947893763,-0.07484725698888303,-0.042770968741454314,0.02076945717637458,-0.044894096850906874,0.009520428305973425,0.027569452862350904,-0.022141776457521783,-0.06235041241474371,0.012080933820535563,0.5295577808358688,-0.7585763083493894,0.2969185415321202,0.3022494061409736,0.24161321682414003,0.1571047110277723,,-0.06932076955140233,0.018760167323149533,-0.13894418619725746,0.02626674478583184,-0.008149769007706826,-0.13841381615300513,0.0722977392222516,-0.009872470025893356,0.04616323862511594,0.08811898728099078,-0.3744531955199069,-0.5135470779142238,0.018070473265251297,-0.05866143831804646,-0.11172845570312803,-0.20414326118381917,0.15156281207949188,0.2575789438225838,-0.6526518066202495,-0.748047178529402,0.35323865356652967,0.18833557310226873,-0.03250960068718297,-0.03500399481922998,-0.11713641368657209,-0.21483969091035196,-0.1462475554112098,-0.4485288212421031,0.2209183797901041,0.22138850419894068,0.36833299656698204,0.3599878762779216,0.36803847521301386,0.37159742935075857,0.24526315950871547,0.2524120987253719,-0.7642855333430653,-0.7471105098592701,-0.07611402758872496,-0.083886900826311,0.7642758327809369,0.7637987870932054,0.3442469640344163,0.33580694658829047,0.3693362320185182,0.3544373548075608,0.8870347233997625,1.0,0.37097605034089387,0.36093235803157714
ema_trend_20_60_cs_z,0.08816835765232531,0.21640438183517438,0.4299051740309963,0.7023684668658989,0.5797522068030623,0.29129611533264316,0.6627892754906478,0.7274448866728598,-0.04904397505524648,-0.044381086582272924,0.009970756228604969,-0.5109979414527626,0.5005562394092731,0.12399445310616705,0.18887041348675357,-0.11482973879263304,-0.033229929557275724,0.7707256157822726,-0.010176276389547786,0.013162572249976367,0.07942025307302436,0.14682796294046266,-0.11901523052126102,-0.1647928286732947,-0.029851821678689907,-0.1403070170354612,0.0021006578884055264,-0.00017130944827391882,0.026917565544600744,-0.0015147669693337392,0.12314761128556193,0.24483939289499937,-0.021917568546626066,-0.03901654295422289,0.058656781614592785,-0.04775452767312748,0.1394161371062172,-0.05629349307856154,-0.035245933780001015,-0.01256163656031369,-0.051540448085899464,-0.09100063303976143,-0.0598616462558271,-0.008020985399945006,-0.1354595067925521,-0.05447326922674636,-0.06420213546478681,-0.006320090996363177,-0.06885277830854251,-0.05876215699441973,0.02776240078010239,0.08877122633242364,0.17794136951787703,0.09524943204428772,0.14651676863452456,0.045823635641420744,0.07771385138887302,0.16811992203554932,0.0860845663139891,0.1709222082909787,0.004783760981053348,-0.00035801947354468535,-0.01996230819612425,0.04137190100457813,0.025371734432320932,-0.05196815806467329,-0.1597118895678608,-0.14341479785419844,-0.009554759646706542,-0.11598178130679361,0.061052542152558086,0.11149794400525925,0.08590726145621862,-0.05973780819964046,0.08956156625725267,0.17483179358958456,-0.03173907699682031,0.5251280159888918,0.8304261676682385,0.43236206808299116,0.31993677559155437,,0.04521564009500183,-0.01889340024721734,-0.030296685694313957,-0.008392172683334467,0.11035419798033759,-0.14404595231652664,0.06547761747894702,-0.0315824989826502,0.014828276730698142,-0.0025498329707056796,-0.24919968168405082,-0.26250070944882953,0.2232713290397774,0.26474485276502013,0.0663336727352062,0.06585718922451476,0.1032418277296662,0.11638772534858932,-0.07995104008055211,-0.11954373442937569,0.037673537666033194,0.018310114719580932,-0.002398309824639035,0.05949590656178066,-0.023669537547298735,0.10407407768499966,-0.19260671345909874,-0.16690035659551297,0.13146953093736038,0.12680537632577815,0.5533820164615543,0.5089930804636702,0.8736577472994348,0.8051335626765637,0.7175187061009215,0.6789837900189598,-0.05568551791445653,-0.048340104103372465,-0.017606441266671217,-0.014720086539942199,0.12946885534669206,0.2846030143163156,0.37323551032467467,0.34931698292178137,0.9330638908279802,0.8594231591676066,0.5008280895929846,0.37097605034089387,1.0,0.9159336755929494
ema_trend_20_60_cs_rank,0.07810618089634822,0.1952522765597801,0.3901788529554505,0.646799919936756,0.5635266051507819,0.26424141145883057,0.6052013937210068,0.6835529171479624,-0.0324311616967413,-0.028971367472307,0.007484385957570777,-0.4745966073481748,0.4527786163638813,0.11290462922525198,0.17970494326308376,-0.09240095769549624,-0.009512196598676447,0.7152399095196493,-0.008052023539871046,-0.013392695713664157,0.06598335815027663,0.12107318811267719,-0.06350881534121275,-0.10813930807318908,-0.02714558522580949,-0.0808662938275837,-0.0009740066764059477,-0.008410475723555683,0.02081195626476253,-0.0015636033925706383,0.0895059098155313,0.19281650296241257,-0.0016210141036340738,-0.007698615761770708,0.06634426227855311,-0.04832301277419593,0.10197431087528017,-0.08748950458191136,-0.010452606686589556,-0.022097411868395835,-0.0516049685074294,-0.08857157540089054,-0.07347418797314416,0.000312016794063492,-0.13284949277258745,-0.032219901201062565,-0.04437343166699108,-0.001261595420541411,-0.07686779345360677,-0.031144310445282472,0.014976522282879061,0.0755731424387664,0.14639256671781398,0.08156393879532316,0.1234409508103778,0.025447072767847176,0.03738463173170241,0.1056738492012673,0.03551274646808563,0.14001233244727862,0.010181824153163918,0.00557098412076733,-0.00023628045688378548,0.026213836761226097,0.02586494377749007,-0.025134554814689847,-0.09349229439780794,-0.07557223163750099,0.004273621878752567,-0.047252507515391486,0.05365222927061413,0.10881754298778393,0.08993760860314023,-0.05151319381782128,0.09229693612079938,0.15521385830988552,-0.02395327252155986,0.47543423546054975,0.7584111193658143,0.39190736850630303,0.3113514575234761,,0.03939081463647042,-0.01835426268435764,-0.027473234551007475,-0.008486386322285539,0.10242864777784744,-0.130956615681755,0.06663365105094145,-0.023821647705493592,0.028558192514586363,0.021111051646595783,-0.20316936960394177,-0.22593574390580815,0.17514972022959974,0.2080107710772825,0.05750144926843878,0.02910541235586823,0.09561731504586413,0.0920136795600378,-0.06576870368432368,-0.09749538356011761,0.03676831602012009,0.032125003505005745,-0.0021484679848269225,0.05722531301638065,-0.03257617832161041,0.06785082814335378,-0.1613218503979981,-0.15802288902980374,0.12585391799887413,0.12720989329239643,0.5134084577536454,0.4926984422384404,0.7994233882092395,0.8135838084932598,0.6766670436063064,0.6813566266200649,-0.041291080293392124,-0.039433464313839005,-0.0009665978494557233,0.00031541901599637295,0.11614061678735238,0.2719054113389267,0.3499399291140219,0.34103321309132995,0.8633233143492292,0.8901126296806952,0.45812646737421775,0.36093235803157714,0.9159336755929494,1.0
