,dd_60d,ma_dev_60d,ma_dev_120d_cs_z,dd_60d_cs_rank,risk_adj_mom_20d_cs_rank,ma_dev_20d,rel_strength_20d,ret_120d,downside_vol_20d,regime_rate_z252_exposure,ret_60d_cs_rank,equity_bond_spread_60d,ma_dev_20d_cs_z,beta60_csi300,equity_bond_spread_20d,corr60_bond_gov,regime_equity_exposure,beta60_spx,ret_120d_cs_rank,corr60_csi300,ext_rate_z252,regime_geo_z252_exposure,beta60_crude_sc,inflation_proxy_level_z,regime_rate_chg60_exposure,ext_growth_z252,ext_fx_z252,ext_geo_z252,ext_credit_z252,ext_inflation_z252,mom_20_60,ext_rate,ext_geo_chg60,ext_growth_chg60,ext_credit_chg60,ext_rate_chg60,return_skew_60d,regime_geo_chg60_exposure,ext_inflation,ret_5d,regime_credit_z252_exposure,ext_credit,ext_growth,inflation_proxy_oil_gold,spx_ret_60d,ext_fx_chg60,ext_liquidity_z252,ext_geo,ext_rate_vol20,regime_liquidity_z252_exposure,ext_geo_chg20,corr60_spx,regime_credit_chg60_exposure,asset_id,ext_credit_vol20,ext_fx,regime_geo_exposure,ext_inflation_vol20,corr60_crude_sc,spx_vol_20d,ext_rate_chg20,ret_5d_cs_z,ext_fx_chg20,regime_global_risk_exposure,regime_growth_chg60_exposure,ext_inflation_chg60,corr60_gold_au,spx_ret_20d,ext_geo_vol20,ext_liquidity,ext_growth_chg20,ext_credit_chg20,ext_inflation_chg20,ext_fx_vol20,ext_liquidity_chg60,regime_growth_z252_exposure,ext_growth_vol20,ext_liquidity_vol20,regime_liquidity_chg60_exposure,gold_ret_20d,regime_growth_exposure,ext_liquidity_chg20,regime_rate_exposure,ext_rate_chg5,vol_ratio_10_60,regime_inflation_z252_exposure,regime_liquidity_exposure,ext_geo_chg5,vol_ratio_10_60_cs_z,return_autocorr_20d,regime_inflation_chg60_exposure,ext_credit_chg5,ext_growth_chg5,ext_fx_chg5,ext_inflation_chg5,ext_liquidity_chg5,regime_credit_exposure,regime_inflation_exposure
dd_60d,1.0,0.6658411799651881,0.4872680396333672,0.7282621254227164,0.6107104245175197,0.4922461115108429,0.43742417312815324,0.4375111262134933,0.7040629017015212,0.4807061959787109,0.455564312314474,0.44155077758046973,0.40950092090117596,0.567373601653716,0.340893347344876,0.18325574088816285,0.36310110387481204,0.3196182994145489,0.32042693018058926,0.4513714128516432,0.1928490077013273,0.23605432519607528,0.10787843463244792,0.10537535484112422,0.352924323206757,0.1181185973054598,0.1694736369339709,0.08095661460224134,0.0969164371759184,0.02355834165510878,0.2955912915518078,0.10310896400356657,0.07843569375010265,0.20504984325955164,0.054918214348521135,0.15236421136327016,0.296359630770546,0.15420361795384824,0.09544378266047525,0.31772364143302945,0.0297520720863785,0.07676085829503186,0.061075391211450863,0.11162505121451984,0.1993010377049224,0.1464690255097343,0.010453749688798732,0.05240633071482188,0.0018653507832560668,0.12894281870111213,0.09455529850811574,0.10537924883263,0.04469427196962122,0.3860197679549612,0.04640468068586551,0.15305759461088644,0.14245727721695228,0.15534148179361143,0.04411424796797395,0.1742604779059929,0.1256741802783619,0.2401912071630332,0.14554254295448193,0.11298316249575535,0.24125155585215488,0.09270117944476641,0.03768347460169919,0.16975044683323479,0.14806246818052976,0.028976206935061342,0.14804568473338428,0.01138632945618877,0.03099522110656697,0.07320027125046008,0.03522476640225607,0.13607969078921364,0.14162378232224648,0.014025389747672883,0.09485518644555183,0.08361212439300417,0.15267699412264082,0.0073838605370920045,0.09291621231446329,0.10587726379496959,0.21020310705722692,0.05785893674358168,0.02836295578021021,0.030549254794771132,0.11946693539380913,0.08806646831940558,0.03344378410760371,0.026225641463704673,0.05712044077651486,0.033185131426228684,0.019752970733543956,0.0028941558402106136,0.012332972679979378,
ma_dev_60d,0.6658411799651881,1.0,0.6617612123924596,0.32208292231878927,0.3555213334037146,0.7518490855940909,0.6886627848619585,0.5510000644933825,0.15287956191545937,0.1829650208437455,0.5813369876056232,0.6193950651339245,0.5607012197074261,0.02520627293508385,0.5669225649658793,0.16367704566007374,0.5662227992620259,0.005911821493503099,0.4141363731389261,0.0005735767618278602,0.18587543917702284,0.06736517110945395,0.31493923771801063,0.13939677602971254,0.1667257764760615,0.08987402614970041,0.12072551877447643,0.04709632040471478,0.16444824937257627,0.01356270844196188,0.3792883600192252,0.2096863801180685,0.06330743409655504,0.16975410682058986,0.24832921731004404,0.1474637313879965,0.10051444585271918,0.07452343251442001,0.062164885926061564,0.468779782235845,0.1661766857505586,0.027821658634472096,0.12609845466997088,0.1213497205231165,0.20811907280192687,0.07216810712794511,0.06942653455224299,0.0005092230862781378,0.175634770977509,0.06377425947295792,0.08833630090013615,0.07341088469936977,0.2509547666534213,0.06397994694058629,0.10908426594339544,0.13109725830548816,0.10689299447237685,0.2382341915002432,0.1401937248782135,0.19267751940715291,0.16615260506374635,0.341759932121011,0.036323757034671535,0.2041214474056758,0.17271515352200245,0.039020528459555746,0.08933132047389603,0.18583481839439434,0.09813901818025934,0.1135769249502991,0.08492852285642462,0.1086568160063786,0.08366910825275257,0.03679306988579235,0.008296900852633907,0.09759005456059829,0.1564243620049931,0.015519256722209064,0.010208989775176163,0.13036046326693218,0.08499381419273916,0.04126298240092213,0.004243206569318606,0.1322295659159818,0.12632866199892342,0.0029960945602033923,0.04258500173472206,0.029053187919810625,0.07600938459152122,0.02503043835788079,0.0008081505961991019,0.04007321940573315,0.007525495870630306,0.020159425440070856,0.04987023630732211,0.04805420408143347,0.0019896011886497943,
ma_dev_120d_cs_z,0.4872680396333672,0.6617612123924596,1.0,0.3693362320185182,0.30354549791599955,0.4012574342210242,0.5698782622714808,0.6526809414259163,0.10211212280046189,0.239223547581911,0.7868143072614663,0.23629295315705878,0.5165247093294009,0.10930172420587585,0.1365569102751853,0.01029860709174356,0.3389749990771073,0.17303276887971178,0.7652143736340445,0.07572556352509842,0.12743604042872347,0.11187820952723408,0.09589218694060796,0.16580103500999782,0.18447973499166603,0.15304210832542656,0.03204173580027085,0.11854679041249615,0.1702895709995638,0.07818691009723734,0.4679384234118579,0.06519808917523932,0.1542013322043115,0.07368502262567644,0.17047758302412847,0.13875772053560836,0.022385686260183033,0.11088200302575134,0.06077351299029789,0.22648810877742412,0.2770600549692657,0.1407559331857005,0.057452810780552796,0.12785649530927784,0.007864999129607262,0.005679521123174411,0.09305295807623631,0.04444227212257815,0.12828715754030634,0.06350730921630555,0.1624700163513117,0.20057088953396274,0.22388482862267023,0.1732611168134682,0.09351610234365185,0.04208607124570913,0.13614945752559507,0.05353627614702149,0.016476408469312993,0.021082985788464265,0.08077877647321514,0.31026964619229735,0.007822611532009525,0.048485597914867826,0.04943284424853457,0.0247879199382684,0.010578672290316279,0.003290102307236132,0.0023693582939865957,0.024000663481278703,0.07156231651946755,0.07673353291526473,0.05409335994175201,0.053478716714781466,0.10921478424125285,0.040697342747797655,0.01779084468812985,0.056010041226034084,0.10420031115231665,0.022458118753302756,0.016073125817825638,0.10423390185715208,0.02282963905865391,0.048246091201832375,0.03298908683263176,0.0028177380978888352,0.101784348038505,0.08150472974527297,0.018594544731347563,0.04120315294521064,0.017341484295387982,0.049582001727303225,0.0366590881980379,0.009736667954009938,0.03561939331066818,0.06314334769263337,0.005974957630379179,
dd_60d_cs_rank,0.7282621254227164,0.32208292231878927,0.3693362320185182,1.0,0.7637987870932054,0.2478096671488446,0.2969185415321202,0.19485226142417386,0.6629837936824053,0.5135470779142238,0.37159742935075857,0.1076709793530573,0.3442469640344163,0.748047178529402,0.06403831457356962,0.35323865356652967,0.1571047110277723,0.4485288212421031,0.2524120987253719,0.6526518066202495,0.0755920476101115,0.2575789438225838,0.21483969091035196,0.09119957457184798,0.3744531955199069,0.04567790341608624,0.013897720839372393,0.044894096850906874,0.04430184235622399,0.01847413759638913,0.13253012423560753,0.02777649007159183,0.042770968741454314,3.7279033944765564e-05,0.03238732048749925,0.0904401481838699,0.41638724072302274,0.15156281207949188,0.0235373305949329,0.16798931344847567,0.05866143831804646,0.04613953827555805,0.035440547565615814,0.06846621504091906,0.026210735148457384,0.020218418716392416,0.012080933820535563,0.0047157972778452545,0.006724883383373242,0.20414326118381917,0.07484725698888303,0.1462475554112098,0.018070473265251297,0.5295577808358688,0.006374347082404436,0.01693498564498263,0.13841381615300513,0.0321938813355986,0.11713641368657209,0.03898211071065691,0.06791448753884073,0.2209183797901041,0.01527694766178373,0.06932076955140233,0.0722977392222516,0.029258024281908386,0.03250960068718297,0.0035988932780690085,0.02076945717637458,0.02719702904952147,0.00741477572851842,0.006528505341451089,0.010421836463959836,0.04476025634668306,0.022141776457521783,0.009872470025893356,0.01794952507521378,0.06235041241474371,0.11172845570312803,0.0319154848201208,0.018760167323149533,0.027569452862350904,0.13894418619725746,0.05110218908234262,0.08658261907051829,0.08811898728099078,0.008149769007706826,0.04205287947893763,0.07611402758872496,0.05237478834884199,0.04616323862511594,0.0009684112980109365,0.010695644976517527,0.003968751482082462,0.009470114411471216,0.009520428305973425,0.02626674478583184,
risk_adj_mom_20d_cs_rank,0.6107104245175197,0.3555213334037146,0.30354549791599955,0.7637987870932054,1.0,0.3451098272160271,0.4435057257910254,0.19998341090101415,0.5724119173836593,0.4711254652060742,0.24211407481791708,0.1334146312384177,0.42296868869410303,0.6019086810175923,0.17922208215705093,0.3259183670057551,0.21070954613220771,0.3280883877187474,0.20257977710719166,0.6787391343223683,0.08287507559733216,0.17294698880290105,0.13954941055433595,0.09276075536510861,0.3411882804856843,0.021717527862201304,0.012798915676019991,0.019363618925346736,0.06899438164269495,0.013904007117766832,0.03596293559736926,0.06353361653522252,0.027191258155752032,0.030463832114771213,0.07352054582870823,0.08407784599350063,0.466414528015962,0.10391853805814537,0.01745231568887516,0.194648860537453,0.036557663023122994,0.03620427717234122,0.01760768922278963,0.09159935990203565,0.019505670719202957,0.018694444169021125,0.010013246795272837,0.0058002691045668095,0.05834186006668961,0.23149128476669129,0.08162624293909458,0.12476595823538146,0.05636295075466523,0.4085132672311689,0.004344200533364728,0.037933308031305596,0.10948568543978596,0.05090499620000338,0.10111237463208475,0.008891538289160431,0.11593993252855248,0.22832333961734336,0.02628785754420563,0.08119629855747648,0.08016005638320885,0.029815068512307853,0.03716171288104404,0.0016029294878690714,0.004187588321429103,0.05399200253671846,0.019521886838312158,0.006065799636587092,0.005096790466345153,0.036750005812186334,0.00127809600272639,0.014213703237782795,0.033937886076087796,0.04278710702728646,0.09093290333361412,0.013529090507661863,0.03237400331959313,0.010511543861286297,0.14584807962522156,0.07961299875749886,0.09223339286231752,0.09519508719014125,0.009864844680001756,0.044302143471678795,0.08124494039022413,0.13785532026162914,0.0513643871705866,0.01191003559443581,0.0014204662748944518,0.00275736421379354,0.0013435280669086022,0.017728567776133148,0.018065384829827565,
ma_dev_20d,0.4922461115108429,0.7518490855940909,0.4012574342210242,0.2478096671488446,0.3451098272160271,1.0,0.7119931094502688,0.336903644994161,0.12914844900223724,0.09359598540361799,0.2888676865112094,0.36315476068081765,0.7168293309159665,0.0011226971597107019,0.5903758078261059,0.10742487735327,0.5889580641120767,0.016701625978778792,0.23180027301247405,0.00952600972493586,0.09310328745243109,0.03798265007233954,0.17914041690902352,0.09052230170867737,0.05247716372984536,0.1038698542264959,0.1379774607224179,0.034937210205388536,0.06840784462866245,0.044290810525664935,0.08310186569799392,0.12531592704377087,0.03158798117846887,0.14936154791788647,0.14823076009076103,0.03968246181378334,0.08741643981765804,0.033001005323008384,0.004271274726571222,0.7663587974231125,0.06945711751990724,0.00727684021687818,0.10762629191304546,0.1545431899889324,0.14190825870180673,0.10357731211139845,0.08530210911427549,0.007282807834607193,0.16951138705152055,0.0807020582947851,0.0832690877263012,0.028699702656006805,0.14991311406513444,0.032168383659511426,0.06411204836487418,0.09765449443757797,0.08814522733685327,0.09482616567857498,0.08561765525417986,0.07357574115180915,0.10932083696359504,0.5370519951725953,0.1391554828309884,0.26704922289578487,0.15083353317041925,0.07660502197485451,0.04037654931082358,0.24780634280660604,0.02774709156468226,0.091899186222178,0.21126665656806648,0.09560913224133943,0.004185911579708611,0.016809306453503314,0.0031713282293647886,0.10742077242790257,0.07609376085186668,0.023641357689106825,0.0035884082271391304,0.12311949161574552,0.209387495657111,0.029326193739971227,0.004404523351902725,0.19151376401152093,0.09486028519197807,0.0015028689427735134,0.03144919674073225,0.030363679092248238,0.07463028349582032,0.029809957301012942,0.0004787167214442477,0.046540979035483175,0.12122645507626778,0.05353157591020454,0.010438022864962102,0.017048306052302748,0.0015987416230241823,
rel_strength_20d,0.43742417312815324,0.6886627848619585,0.5698782622714808,0.2969185415321202,0.4435057257910254,0.7119931094502688,1.0,0.32172002458849047,0.15446754636565294,0.11020461242176302,0.4156614954266702,0.19390421280756578,0.7620435115776328,0.0023157932630361085,0.32076070244424376,0.025205157539737098,0.6609854636268236,0.021087523877288274,0.316173250710288,0.0008696915246931985,0.05762158908562997,0.12455864929770495,0.13918448540264264,0.2528292121673331,0.09556275013954248,0.006877225855519156,0.010030622639231893,0.14915523895946772,0.05053261789022109,0.0683414654363343,0.11048919024610557,0.052571241093812913,0.14398592952754635,0.029701143345176102,0.09918030395729789,0.06829845022019836,0.0748931923434503,0.11884420898632604,0.07692913834889396,0.4115563632377885,0.08597291206642454,0.026406041653190507,0.0351689803329553,0.321925394621715,0.031043431475150995,0.010628283087930922,0.06347714315620805,0.025356326072137145,0.10005642445896838,0.07896194088892002,0.299471352687182,0.060558525423558995,0.16418163445857947,0.042666729646523724,0.07457175890521439,0.0024214570851913957,0.25562652140225856,0.0252041713826038,0.017381882422048838,0.0006714526894843237,0.10869365568348395,0.43793604904896916,0.05786037779834792,0.15727518393270248,0.1293545893056299,0.12144039475601143,0.005380229375898196,0.055918580264685346,0.04376155885678492,0.06135892716394439,0.03151174527065657,0.07346249188892783,0.035074165295066184,0.03358355065479117,0.003924309680282575,0.09004027614069708,0.04171568125940737,0.07180399346127565,0.005103376427592184,0.04822024512753815,0.16616527678028406,0.01107571194677837,0.05845213928959325,0.08274519924478357,0.10748204874946825,0.011894280231728975,0.011627882820246906,0.16602083857819097,0.07789199433846544,0.038473270918072344,0.010133895357880184,0.04060754530970126,0.016612802190424485,0.01605263269530211,0.007482964898202167,0.009720867137762667,0.03606648021686542,
ret_120d,0.4375111262134933,0.5510000644933825,0.6526809414259163,0.19485226142417386,0.19998341090101415,0.336903644994161,0.32172002458849047,1.0,0.08134785897725473,0.269404043814385,0.4884388899800207,0.3808615681118821,0.2897920659768357,0.03418690227061308,0.21804913554448824,0.05647583474948525,0.22627394925352937,0.07713736032602275,0.7456922705365463,0.05124827559171976,0.2976634813562113,0.022859286967268494,0.009805849626555927,0.1275574538280901,0.1253997293461089,0.09409964618291851,0.10823447987198716,0.05274187567022434,0.3707784641339737,0.013190606116786805,0.44778014188327186,0.3907335136677325,0.039711891093932576,0.15032563325304119,0.20120983438642814,0.1236278919192956,0.020592021543000424,0.030609355211007428,0.11529843066343416,0.19360702170766014,0.3743547035497458,0.07392162197677492,0.21163326009981237,0.07917856440298493,0.1535451321803027,0.02364398488187374,0.08046030676326954,0.0737058391870101,0.23629703803042373,0.08722353160636379,0.01184608714281256,0.09518679063458256,0.20327415520960126,0.11795946458984201,0.06641542450252565,0.2119020965439552,0.0033183216457716,0.27441100230198107,0.13058217305985906,0.1872055162066384,0.16821029440795712,0.17912897040780928,0.10676547856433656,0.055493884651796235,0.16015669916276348,0.021341323495691036,0.17578401131727803,0.047183727092449716,0.12861241431440182,0.0494771508130651,0.09799934391770798,0.09627689631716917,0.02015334940912165,0.04683725462071467,0.12834750169802098,0.11015091071952064,0.29504430546293253,0.02295038904777704,0.13145135472366504,0.16926175979196836,0.10066585674226389,0.0950306609666042,0.0018531424226219723,0.12436557914363473,0.022188011304022412,0.004580345155147752,0.09704665097612183,0.014684149256629836,0.003956510126843861,0.0167452405180845,0.0003759605636367499,0.04976640535154964,0.05532680183509956,0.06411801359438066,0.025029966209441746,0.060236663149161644,0.0009258048434309581,
downside_vol_20d,0.7040629017015212,0.15287956191545937,0.10211212280046189,0.6629837936824053,0.5724119173836593,0.12914844900223724,0.15446754636565294,0.08134785897725473,1.0,0.4624347938140229,0.07195864245456397,0.075951121632362,0.11814591369064421,0.7395676368615959,0.07651247208901592,0.3001444758725081,0.12224773625825405,0.4321438015825748,0.04884291680503752,0.581027979441206,0.06693237098492644,0.27039979156273275,0.27124562708654826,0.05706814728101531,0.2961565904260353,0.12413203761172495,0.13205072999073794,0.07750030387186728,0.054032819302198276,0.0383395369592451,0.03929101443862553,0.035692547515609865,0.05726677795366415,0.13400612485213834,0.057037847460861005,0.037839266164079226,0.4299560620993706,0.15174629362936634,0.08952744603560646,0.06233110804027922,0.13970615807505019,0.00870685427273377,0.027212049551387656,0.05404508910022391,0.16046881385796938,0.07879987438493388,0.048339744137150815,0.09894525423650322,0.15145142389734387,0.2277562059048685,0.05516154912360377,0.1044542271172524,0.06982290136552331,0.43610388812231315,0.10034440065066924,0.007723753807067209,0.09158030508479606,0.006965905837170685,0.08551565763040841,0.23494177382324113,0.08549822256084837,0.030035902749006818,0.12945098341891634,0.08798366954735656,0.18183701718473896,0.04248523693765397,0.09083253247007711,0.16448467571137462,0.13544890042008695,0.047646698734474434,0.1418206774331994,0.061142052812519124,0.039256005316973916,0.0836389026511307,0.050562212449827525,0.14309053556131768,0.11842401325762149,0.034220956801997986,0.12834469348078373,0.02973332539568694,0.14680309657476212,0.060360923332987246,0.12217849293246687,0.05179878416688329,0.25347159360671073,0.07528689084208315,0.09548989965396144,0.011264980568193713,0.14981133578510916,0.09720303805270901,0.04332773647358328,0.03410628894897261,0.0720530080950539,0.03152782764668649,0.014902715050837474,0.005668899109874753,0.015507644462278142,
regime_rate_z252_exposure,0.4807061959787109,0.1829650208437455,0.239223547581911,0.5135470779142238,0.4711254652060742,0.09359598540361799,0.11020461242176302,0.269404043814385,0.4624347938140229,1.0,0.21481060637459065,0.12080725713021508,0.12506030881679775,0.5167444601898951,0.08380125823048974,0.304105804659372,0.2177699519303737,0.319484677127108,0.22616299901279016,0.4862521171747203,0.3715509584273003,0.06323620796688434,0.18033650776348142,0.06943649541094658,0.7787994073764462,0.10199683701921866,0.11290832490722304,0.05461440919207322,0.14852745868761716,0.04907515560994113,0.11488985407081265,0.06733510287262624,0.09032447808892448,0.13256269697842096,0.07769885135234379,0.2797599894827345,0.23655291525085648,0.08912002149560799,0.13138860235332253,0.03757156040119001,0.22311187217070327,0.14654524787585896,0.010595375195103998,0.00583773503178206,0.024727490322990247,0.08998427558469368,0.10352793060086983,0.1622457912930477,0.10007020051588832,0.04858829636647009,0.03553993692692114,0.21361548037818198,0.14435392709404776,0.41700649258021066,0.024571200599916583,0.08806564507077869,0.03511273320281794,0.06813931591054631,0.15625501201168096,0.0014814829557361605,0.1911348238098284,0.05483494923883939,0.047618573211450695,0.06068988416067563,0.33266839618668326,0.0106322558117423,0.19114016431814312,0.007124864744797954,0.10668099894739957,0.10503088470605848,0.03238986413962121,0.014105365698235808,0.032271982062771064,0.025934109748173336,0.015980683920406188,0.2443748894067426,0.016136743533261767,0.06638481456295577,0.09583369397487493,0.01574507346419292,0.08188286988105635,0.006396044015656617,0.30849573727721513,0.1051764265484242,0.010085343452913079,0.007523110304642597,0.016304249327453495,0.020940029914111105,0.0029304661649178923,0.09610490776569323,0.04769970597385076,0.0028742035178570217,0.00992244350285974,0.020541126794573483,0.01640547969614366,0.003015755865390193,0.0024541897281704496,
ret_60d_cs_rank,0.455564312314474,0.5813369876056232,0.7868143072614663,0.37159742935075857,0.24211407481791708,0.2888676865112094,0.4156614954266702,0.4884388899800207,0.07195864245456397,0.21481060637459065,1.0,0.21594161486420715,0.36953697529775686,0.1098572820809553,0.09099375818811825,0.04590555472791655,0.2860152181208934,0.12581893653677806,0.5802799010720225,0.07882088058512722,0.1083399768262347,0.10348802274334075,0.10166866440326802,0.1170051857694947,0.2242709046039106,0.11994455044891407,0.012235491303829601,0.04736936545798149,0.11544836084090618,0.048410955042072656,0.5807194931643291,0.0535916039601913,0.10467945632145893,0.06009596446371676,0.09561103082817723,0.15650511043062906,0.014749663237780146,0.13152019812843707,0.04815033380275448,0.15364991082198082,0.1757180764444287,0.07357903381434,0.006878862658558826,0.05324862077671603,0.02668035013129701,0.02485921960655044,0.07482788774718131,0.025625604828621865,0.10391468889986953,0.016178429097326398,0.07975297990544142,0.14194636007797726,0.16257765385051406,0.1538347314662051,0.030705349176840317,0.08207259683817744,0.12568332539090896,0.10845886425405324,0.002764493535167406,0.03471088999041156,0.05716404622674299,0.20171778327772086,0.013827052642160751,0.042690083211444574,0.07901441225325427,0.006189471320620518,0.0025650720398247197,0.009120335411156482,0.013331663819292993,0.0363806388744447,0.08357743513308458,0.03237362818169896,0.08200292611320414,0.03770220161792037,0.07167532350522139,0.023313902393831867,0.0035754553871233624,0.045089748312201555,0.041231510139593246,0.0007505612269470263,0.018562559280016946,0.09788746942176976,0.0008134070559123138,0.0255101837662969,0.02811728770062764,0.03611570788987247,0.07955626880085831,0.039294703821304545,0.029726154732163088,0.009452579725878358,0.031165872250597717,0.012388127711943838,0.05542071732720856,0.008246695118900943,0.04471882630666223,0.05100383527783273,0.00719824178365557,
equity_bond_spread_60d,0.44155077758046973,0.6193950651339245,0.23629295315705878,0.1076709793530573,0.1334146312384177,0.36315476068081765,0.19390421280756578,0.3808615681118821,0.075951121632362,0.12080725713021508,0.21594161486420715,1.0,0.14106720513961024,0.024138687908839926,0.5469182797216604,0.2919200527095017,0.24421763803534613,0.074157743295549,0.11819935313856512,0.07296030276758972,0.3251431718587603,0.08399307310660087,0.3566184547221994,0.20026429810667776,0.11498399447386382,0.17466605102673002,0.19100887759651827,0.11444112413147053,0.20198939295776588,0.04451547555039989,0.523851963986247,0.4031610758790576,0.10294667958864817,0.27319425639145223,0.3182030568649093,0.27381107388913795,0.0893082519476566,0.07867267171245237,0.24047787946156446,0.21434964981473523,0.11990641072512476,0.00759618432978093,0.05527059848715578,0.12322259675887508,0.37368722623895634,0.1341423960991953,0.1443096644301002,0.08737329390483112,0.18139247889132767,0.08245656997442778,0.11936020550071512,0.040481945093876995,0.19087308539143086,6.052239502588671e-16,0.07634412243455933,0.07221312556069212,0.09225656733331752,0.38945724678583943,0.1974118829354049,0.24398212577493616,0.0654078463936764,0.07787335499455984,0.0320283006255997,0.15730155470505156,0.12190733477027275,0.021873971460001716,0.22726847121078406,0.20525720413839682,0.11112783412530292,0.08681089016781329,0.06969525797415928,0.09175426222505516,0.018229916625651,0.1732599467743945,0.12908483902884654,0.0780791033110458,0.2021075909337385,0.041572402976569334,0.07677595396880837,0.1290728022661937,0.031164156958665132,0.060865954117156694,0.028636839616353646,0.04167238037378607,0.1565320053729367,0.019746210662301155,0.047072363862905274,0.03667546811652145,0.09097483967236863,0.04889024383075563,0.009755802000714488,0.039167872643284064,0.03545011296231571,0.06955888439067295,0.007479702617715935,0.013858799159323225,0.041018423774281575,
ma_dev_20d_cs_z,0.40950092090117596,0.5607012197074261,0.5165247093294009,0.3442469640344163,0.42296868869410303,0.7168293309159665,0.7620435115776328,0.2897920659768357,0.11814591369064421,0.12506030881679775,0.36953697529775686,0.14106720513961024,1.0,0.027900153772678665,0.21417435283415165,0.015475525463125818,0.46680819220133946,0.0519685560849713,0.29944896156943845,0.02434346238193,0.07031601288314147,0.025095715728910915,0.04858512041602021,0.14034105332646213,0.09565563156874594,0.025692370709312632,0.014601944651391238,0.037122251616519074,0.05668497435533246,0.04809089055942151,0.061403520544822385,0.04990812341353477,0.02272163647497416,0.009371364894768247,0.07255691942679217,0.05832229069657417,0.018519424548512433,0.002379038495624113,0.07191633103272736,0.508016819603125,0.083311268266086,0.0379340096058603,0.026356143251137904,0.14946070060443273,0.02195359624718402,0.006578287413954289,0.013680959591548742,0.03325214139205125,0.06923681127232775,0.016320313480303918,0.14549864112836253,0.04864770332917756,0.11274710242527909,0.08276281908711203,0.03035983625035675,0.028285076932956937,0.11246868803322173,0.002559162660360261,0.021936409938887576,0.022076543680005452,0.0862383197912392,0.702678333373878,0.010157655409131518,0.08411245794736902,0.10800263330999697,0.08807579587033068,0.017348754430246326,0.001682921471046883,0.04251976853498707,0.05687983325443336,0.015384057435038798,0.025594952074037777,0.054326772821690114,0.035232942906974624,0.005133588439633254,0.019692708856452076,0.015790549536130617,0.06562287816151977,0.012782757322250642,0.06567157084662252,0.15058544461417134,0.0029486706743688555,0.028831393424376864,0.06841648256038138,0.08473855249550433,0.02329203659571803,0.027542935215356855,0.1389732364419759,0.10353660464258062,0.014807950732438674,0.017999563936649005,0.018465344790543844,0.01627250135082911,0.0014778578608740413,0.04024272121155931,0.021976573404744487,0.008011729853127333,
beta60_csi300,0.567373601653716,0.02520627293508385,0.10930172420587585,0.748047178529402,0.6019086810175923,0.0011226971597107019,0.0023157932630361085,0.03418690227061308,0.7395676368615959,0.5167444601898951,0.1098572820809553,0.024138687908839926,0.027900153772678665,1.0,0.02483301582920517,0.4687604766595581,0.02731344459425024,0.5314437290522029,0.0950813066804522,0.7725276402655681,0.010116406185995816,0.3132763060695312,0.2708377741240629,0.03562123305794156,0.3592792115783498,0.05454807164309093,0.06279968301048337,0.05292143388815669,0.04930124857361169,0.09824703474249494,0.0325682916881545,0.16877341512379557,0.06906007292018339,0.02357009271633474,0.03560468193798499,0.03332588785093069,0.47138804035672677,0.1934483624451291,0.036000983620577104,0.013502899263645559,0.06041692333802817,0.1461681121842789,0.011626511142870041,0.0005047126547659117,0.004388425942238653,0.029314955386900106,0.05151542672854905,0.1332777760785971,0.03657925134575396,0.1803184268415443,0.02685997494493739,0.17719776465628423,0.01843157407038285,0.6560645077974484,0.04318721809462805,0.04919430117879608,0.07337035991886029,0.09152898035884789,0.08083885977956382,0.018840195602537795,0.014764803996902102,0.00932066364666367,0.019716206168096734,0.13287164378397864,0.0380518980149301,0.07754333904562907,0.17565199091768516,0.010437242862023034,0.03307998501707706,0.014633146310168491,0.01658556695424813,0.010624149575589145,0.050966062687981525,0.024976606365465472,0.07979989541560217,0.02577785768422272,0.026995198181065484,0.033696984180188926,0.02038356513528987,0.0151983436689154,0.001444981183497287,0.038208655549166956,0.15329278183447612,0.006696483044024271,0.022887792113263576,0.09551622276131676,4.4878843304138874e-05,0.002799118344202226,0.02191219215990444,0.022422360535711065,0.05518948063128512,0.0014178827069135556,0.006784719723281859,0.012798103556273874,0.023403254471376936,0.016990858361367274,0.021169160224206385,
equity_bond_spread_20d,0.340893347344876,0.5669225649658793,0.1365569102751853,0.06403831457356962,0.17922208215705093,0.5903758078261059,0.32076070244424376,0.21804913554448824,0.07651247208901592,0.08380125823048974,0.09099375818811825,0.5469182797216604,0.21417435283415165,0.02483301582920517,1.0,0.21889092337042818,0.44653405653150396,0.06276650953843549,0.061371336325464994,0.03716023993091447,0.22554445448129992,0.04004319028103345,0.1761772632532008,0.12796149896856437,0.0693528048499372,0.18216729429347012,0.24229357564864967,0.054559114699325714,0.10335336244070266,0.0014352765945530805,0.10215801827315998,0.22710230242848892,0.015911146872428797,0.2459742943322973,0.23634730265737636,0.16514964591442746,0.07826312074612107,0.012159425048627314,0.13258362236725504,0.3507929874212439,0.061353373784477874,0.0026069734298650353,0.10383916217296485,0.1353864263398059,0.19724848227977362,0.20833481221801503,0.010797792448333307,0.09486236585796025,0.23405793286176688,0.006169711031492394,0.054556541346416756,0.002306822905912985,0.14177217317339488,2.7132225032558334e-16,0.18514965236318776,0.09743028558251399,0.04216815151318156,0.13236632264057982,0.08643951736481359,0.15478975034377493,0.2923400743692528,0.1266854932011445,0.16415933106031186,0.22616554564372282,0.10976098487620789,0.052480632855433626,0.11122886655230713,0.295115376693568,0.0072397536257734615,0.05214593118116648,0.2850874671488192,0.20541319623134327,0.03649503904494447,0.01891783490138563,0.033854258501488495,0.08143230414510744,0.13535225132125128,0.008938301116767645,0.02013554040825516,0.12560435631302452,0.12747654333194638,0.025127836792201336,0.12799222547028444,0.2528989203815778,0.07269582512436804,0.0006366611530999828,0.019433305428737172,0.021206380305402305,0.02920153833446862,0.03195564179409133,0.023406387996163024,0.057566850057808365,0.0357518612184007,0.026897534433065595,0.018412827945988065,0.06105899545979983,0.0918292548762507,
corr60_bond_gov,0.18325574088816285,0.16367704566007374,0.01029860709174356,0.35323865356652967,0.3259183670057551,0.10742487735327,0.025205157539737098,0.05647583474948525,0.3001444758725081,0.304105804659372,0.04590555472791655,0.2919200527095017,0.015475525463125818,0.4687604766595581,0.21889092337042818,1.0,0.09545151214811073,0.3679418502712593,0.026225577962573247,0.5496796818617236,0.04580931935062807,0.07369147543663647,0.41117426680895447,0.1393176365183248,0.1645267903272841,0.1782823192783454,0.38673877706237625,0.211959881999459,0.095087467751977,0.24419509546960685,0.10696048452553286,0.4129340052510919,0.1587972166680639,0.18071568989188716,0.10747394111592229,0.018025751015149753,0.3395339266434893,0.10290840382119339,0.4836623113065907,0.06785462237886178,0.07231657290544811,0.25743125952227075,0.16859298864514513,0.07715290094271453,0.20384352419848134,0.25196100907958036,0.0776213505000903,0.11908812395938212,0.26126085029162915,0.08787974245613443,0.004794137267974176,0.2958708038182264,0.040411708072148195,0.29123679326575513,0.1403656034789643,0.20819106687896763,0.013817718303134224,0.2761322745986132,0.27903921719432523,0.14238042054472916,0.023284338215682942,0.006381472123435477,0.09479076703190473,0.1511885650033403,0.05641650464110166,0.14486952218975616,0.001405143685020882,0.13585026811398185,0.2434721183875986,0.09218789864926788,0.0853668812571634,0.11315601870243247,0.09325725322732335,0.0325577311105211,0.02101108797504369,0.06296261368833343,0.11236136600792032,0.04458251329962091,0.050467759127212526,0.1842174847790368,0.06183407456684563,0.0021669056295071645,0.09199239222441039,0.010434031828329972,0.030836640658954292,0.044008653604257444,0.01445345958277784,0.0072660076674951135,0.003111929149978906,0.1530477189109108,0.015552427944161337,0.07513079669711094,0.027361523465558518,0.025517582440057696,0.03552391012679685,0.0027064230550744024,0.038397042400670836,
regime_equity_exposure,0.36310110387481204,0.5662227992620259,0.3389749990771073,0.1571047110277723,0.21070954613220771,0.5889580641120767,0.6609854636268236,0.22627394925352937,0.12224773625825405,0.2177699519303737,0.2860152181208934,0.24421763803534613,0.46680819220133946,0.02731344459425024,0.44653405653150396,0.09545151214811073,1.0,0.038161807566596644,0.18857881065103632,0.03937339871670944,0.10071328018772055,0.0608849444990273,0.15726519250043447,0.05713916721428499,0.17379199268353857,0.08134390088823158,0.10819233320591447,0.02436250280745743,0.046150796186817764,0.0006408998800104459,0.09720905252407915,0.1014089123510383,0.007104868957014329,0.10983589945067523,0.10553711980587821,0.07374494132491104,0.11032297084016766,0.02183634190555261,0.059203102725291896,0.3499097927698953,0.084312273226759,0.0011641024209075425,0.046367722311926575,0.06045465015281735,0.08807816493707023,0.0930285888164396,0.004821582063539567,0.042359277038730714,0.10451483822414402,0.023896017510115972,0.02436135371774418,0.03247154577660884,0.20993079116944133,0.04128926992061553,0.08267562533513212,0.04350594065018283,0.05039683978273143,0.059106070996856316,0.019664885334121605,0.06911889513050479,0.13053979929482468,0.25940247056654697,0.07330273201586007,0.24511583682669608,0.24871383263893185,0.023434389878277288,0.06009942810732104,0.1317790662998025,0.0032327965548052118,0.02328493418193878,0.1273012631722549,0.09172398777828414,0.016296277828014682,0.008447457559308938,0.015117079379536096,0.18343551417443577,0.060439389843150254,0.003991255856170255,0.023618881495173334,0.05608662274248344,0.2855504915315856,0.01122043489468324,0.15271319854223384,0.11292798081042404,0.04819471119208757,0.005422673914404818,0.0188553013357938,0.009469371022121255,0.047590751092682064,0.019998281704024456,0.029678485189272505,0.02570555907805408,0.015964423618403834,0.012010665161092738,0.008221954754938655,0.027264920930403357,0.10119433511214525,
beta60_spx,0.3196182994145489,0.005911821493503099,0.17303276887971178,0.4485288212421031,0.3280883877187474,0.016701625978778792,0.021087523877288274,0.07713736032602275,0.4321438015825748,0.319484677127108,0.12581893653677806,0.074157743295549,0.0519685560849713,0.5314437290522029,0.06276650953843549,0.3679418502712593,0.038161807566596644,1.0,0.1432213127757767,0.35022941036208177,0.06871640689869446,0.2228361047523978,0.26111229714699413,0.09725271794265862,0.2990902454001703,0.3438719036588264,0.22023340530601151,0.11684320155490993,0.0924909735001647,0.1496622516152587,0.013393102459861797,0.2231348097372774,0.11961964929875626,0.19692256317771328,0.04173008269943341,0.14924538557569253,0.23100486704172626,0.16646123657628317,0.22211947047863856,0.0005996358178353328,0.039692428033176345,0.22308866832342206,0.25448629654986155,0.07251338138105339,0.2343962976119125,0.07877851693380625,0.12632992776797114,0.12023918338566161,0.015092530776503438,0.01075301667051932,0.05159802585568875,0.7000806212773425,0.032991540034836946,0.21977861465373325,0.17492569717950496,0.13984290215274472,0.07273799480058556,0.04448078937564723,0.04225896758476953,0.18520051418051883,0.10426199068713762,0.030118589459543325,0.08242769449141786,0.17553991222742407,0.15266954888112488,0.008439561650497302,0.17097256784230672,0.10673934448718066,0.008046662096144363,0.008795901484738486,0.11865237931158223,0.037926211072525404,0.05447500979353125,0.18447421604671094,0.11050002793126247,0.31010156397770855,0.13711743973106588,0.02019855531572236,0.061976696236537836,0.008890780973572859,0.10709638410178628,0.041793740529482634,0.07493837444716024,0.04243241265037036,0.09511652105494708,0.04821846374849514,0.03694353222017828,0.016749650842839026,0.08154262958817642,0.04449209005473048,0.028533161667589617,0.012672082241318262,0.044762382346578346,0.052740203937632985,0.04144527430986676,0.01317097864370985,0.01090025510089533,
ret_120d_cs_rank,0.32042693018058926,0.4141363731389261,0.7652143736340445,0.2524120987253719,0.20257977710719166,0.23180027301247405,0.316173250710288,0.7456922705365463,0.04884291680503752,0.22616299901279016,0.5802799010720225,0.11819935313856512,0.29944896156943845,0.0950813066804522,0.061371336325464994,0.026225577962573247,0.18857881065103632,0.1432213127757767,1.0,0.10708520111753816,0.11953336600531088,0.05090382138021761,0.04678368058684703,0.05954807575407269,0.10173245487676434,0.11347235211885891,0.003916456698460464,0.02942757633949505,0.18901231587681372,0.06948457495898014,0.3778144763047701,0.1064902311125291,0.05174497280473539,0.03691167804471763,0.11414189336968779,0.07870351446587974,0.03324073511894974,0.03733074392891716,0.02559166514767709,0.12580028194179302,0.2953947303022363,0.1179338756336833,0.02153660713201406,0.04286512641869295,0.001320597433820904,0.026218812837305608,0.12720258349898655,0.005650069003696972,0.12057708674607148,0.10414475080119619,0.02961875532060172,0.1774471007898471,0.159048827815454,0.18037761784896025,0.02422520264628138,0.08225358273724057,0.03552286598034533,0.05936473709641205,0.12842292550512402,0.043264318010876206,0.05253888895119315,0.18001831188217288,0.04650194021827914,0.012836253966337901,0.07440660667650481,0.03468223246555456,0.008945086000863793,0.024931944443404692,0.0002878588108235175,0.00975974519005024,6.894837589957194e-05,0.06556365927735262,0.04076830903326811,0.050493836819632015,0.10557010341039286,0.024467440872724736,0.05557171470625607,0.004031681553488458,0.1528058273413894,0.032086562449337226,0.04054204921860164,0.056688333067149044,0.0288683728840049,0.04179992407753222,0.008553951640606178,0.057573374529873954,0.07168425494748959,0.01679502839671855,0.00025733392232158586,0.050422940235442124,0.04057875395992035,0.04286460196358576,0.008961603551134468,0.0263646062264722,0.039100087856582665,0.035643577159331134,0.036816361206486736,
corr60_csi300,0.4513714128516432,0.0005735767618278602,0.07572556352509842,0.6526518066202495,0.6787391343223683,0.00952600972493586,0.0008696915246931985,0.05124827559171976,0.581027979441206,0.4862521171747203,0.07882088058512722,0.07296030276758972,0.02434346238193,0.7725276402655681,0.03716023993091447,0.5496796818617236,0.03937339871670944,0.35022941036208177,0.10708520111753816,1.0,0.05029547914302846,0.18992052608989488,0.24996783000481052,0.01844032597183621,0.3083259738589542,0.052145083359243616,0.04240338264570972,0.028292485840726453,0.005703938985389421,0.04614398149147029,0.011318080694197867,0.05979329720979777,0.00699813835253194,0.034470717109228464,0.01337168878998916,0.026992579498685453,0.5686225253947582,0.10958027611328557,0.11043060242113929,0.012549816786682854,0.11493551429640032,0.010525839830423416,0.045109375246600684,0.009481073584808763,0.008665066667022337,0.0008995846220046955,0.0300635821177226,0.050535289192919906,0.008953481103825272,0.2633367718201644,0.0006541518874969073,0.19439784302955715,0.020910301393160365,0.5571627041766272,0.043934491408548715,0.06437536193478113,0.03628865687645142,0.016293321409037616,0.17306775583881098,0.011516828304040869,0.005111880614871435,0.005272106209174837,0.018472670230663114,0.09751356622360467,0.08337957537570251,0.018400396288434213,0.11953351793813782,0.021663096098158075,0.031003055823990006,0.014809228564619642,0.011078364302013064,0.01425458940347183,0.011367305495396168,0.011309639359787722,0.029237574972766096,0.04123102746511163,0.001128408577690635,0.022816462350259754,0.11927093459210895,0.014424702076832285,0.010216681893867827,0.005408939446242095,0.18391637555588777,0.005218216658502675,0.011902625880869698,0.12009067136388626,0.04439584277792478,0.001144573025216065,0.03184036377516368,0.1389936721954086,0.04992639781559216,0.012959531082340202,0.00600282744362259,0.018109392696411097,0.002580632729303163,0.01088162930195172,0.04917702628643811,
ext_rate_z252,0.1928490077013273,0.18587543917702284,0.12743604042872347,0.0755920476101115,0.08287507559733216,0.09310328745243109,0.05762158908562997,0.2976634813562113,0.06693237098492644,0.3715509584273003,0.1083399768262347,0.3251431718587603,0.07031601288314147,0.010116406185995816,0.22554445448129992,0.04580931935062807,0.10071328018772055,0.06871640689869446,0.11953336600531088,0.05029547914302846,1.0,0.10788230331941166,0.06052442041872205,0.1868828321823129,0.3161939822041832,0.2745164147899139,0.3038838209034408,0.1469903601466805,0.399749900568965,0.1320818975078566,0.12311784817974973,0.18122710046999255,0.24310118448153048,0.3567820078826648,0.2091203093143057,0.7529518714388524,0.03410086544971254,0.1857798595937672,0.3536220251172659,0.03836480740325735,0.23730243981164106,0.39441493704162717,0.02851661381779703,0.01571180183868156,0.06655208326646968,0.24218555636507888,0.27863723199391727,0.43667170710526876,0.26933102511554485,0.15920950622482943,0.09565292760205617,0.05752660853990061,0.12544014834457595,3.2871784095553665e-16,0.06613144184561011,0.23702171417762655,0.07393260357527785,0.18339157621599547,0.1134299560642758,0.003987294130545783,0.5144242518411557,0.032830154543431,0.12816162125650463,0.01469578685631417,0.15920665481575993,0.02861587507874151,0.4305050782086531,0.019176009597596085,0.2871234659142282,0.28268231402398447,0.08717475599234302,0.037963475475722354,0.08685748571170934,0.06979960395727987,0.04301074605768544,0.12271414728257278,0.04343076815510129,0.17866947469049557,0.025581556163625126,0.04237661916104007,0.03898009502434147,0.017214446284110854,0.22522503960873505,0.28307402837450507,0.05711967640359572,0.05858899496454354,0.013313266684760515,0.05635843331624272,0.06204296654144273,0.03763022723916604,0.012762694321690278,0.007735691303349055,0.02670547142405289,0.05528481713926905,0.044154050269671515,0.008116668244256886,0.0169714396611702,
regime_geo_z252_exposure,0.23605432519607528,0.06736517110945395,0.11187820952723408,0.2575789438225838,0.17294698880290105,0.03798265007233954,0.12455864929770495,0.022859286967268494,0.27039979156273275,0.06323620796688434,0.10348802274334075,0.08399307310660087,0.025095715728910915,0.3132763060695312,0.04004319028103345,0.07369147543663647,0.0608849444990273,0.2228361047523978,0.05090382138021761,0.18992052608989488,0.10788230331941166,1.0,0.13532291796352677,0.40103277638787443,0.10696922172499783,0.056529800297603086,0.2084819365602956,0.7339413497031813,0.06174549956678411,0.251151571271719,0.05035428148703942,0.047776440395820255,0.5596812746154872,0.0007977035721259178,0.04799061172030562,0.005695244840403207,0.14746026370733817,0.7650413051537474,0.12912229127481026,0.030822351386826888,0.08954890067890732,0.026942939920241982,0.34865669220220813,0.36100966248022864,0.08765837431866226,0.2638272051037523,0.06520851423812399,0.44573917005741176,0.07510972281722784,0.12183837055176927,0.4217743916578923,0.08211574183411102,0.043554329321438025,0.28116481971359925,0.24977800484271356,0.2718631983585599,0.5643227524632192,0.12226888732968744,0.21300905167567227,0.1104452760998114,0.08927077929694309,0.004411756507384804,0.2130320894573223,0.06405641659581664,0.020361715158687375,0.1298456666766339,0.23046251824598804,0.08655009217832868,0.2531596045246217,0.07138248231819502,0.010822623259592535,0.06275610991958806,0.13278744488862876,0.1290326526448778,0.019463512345316836,0.05451988382850755,0.08628705126380062,0.0809639713965971,0.006496971889004413,0.061628587849447684,0.007102635856438552,0.04774549651848671,0.03991773770856969,0.09689814304884,0.08870624549773787,0.02490407993926553,0.043611905560669066,0.2589566665504482,0.03728455014825124,0.08565316825246919,0.014410823703413334,0.037576434730712836,0.005790133648516987,0.1219182562613514,0.09009460885362305,0.012234432704911015,0.005351160798496831,
beta60_crude_sc,0.10787843463244792,0.31493923771801063,0.09589218694060796,0.21483969091035196,0.13954941055433595,0.17914041690902352,0.13918448540264264,0.009805849626555927,0.27124562708654826,0.18033650776348142,0.10166866440326802,0.3566184547221994,0.04858512041602021,0.2708377741240629,0.1761772632532008,0.41117426680895447,0.15726519250043447,0.26111229714699413,0.04678368058684703,0.24996783000481052,0.06052442041872205,0.13532291796352677,1.0,0.1409500022323616,0.08962408581367244,0.021605943378844923,0.07210895287425574,0.20520196355582734,0.059921155393820716,0.13806134234773854,0.250401611493784,0.10666865008486512,0.21218540897284274,0.031938508855502805,0.20030080308864978,0.0059759525346286015,0.05839878995701578,0.18370570443870915,0.07587679199959647,0.1079007398136971,0.03225845435558298,0.1715329341846196,0.07525011992555823,0.0717162053837971,0.021576600194661667,0.04706082512077794,0.31420349424960076,0.21519709267840745,0.21957178579033101,0.24136083543744483,0.012468333749813409,0.07902353582124336,0.20380755309565513,0.1638037435931018,0.23888247565224313,0.1327918214644604,0.005466932974819647,0.17949287172406622,0.7648629035653546,0.015184416901943892,0.15531776702491767,0.03975717109330021,0.11068089638279642,0.062431305842126826,0.0493553518766859,0.14527762117155044,0.02267275864923872,0.03186826047056843,0.20216260607013428,0.26278751294122227,0.019935263676428863,0.10572592180461125,0.09070555375361429,0.001960446168820686,0.06596297637205388,0.012813393004777874,0.052263571179682146,0.1778715368559279,0.04096447465127321,0.1970362241805025,0.028536620806219246,0.005879639407641127,0.03965457021157284,0.11391166986505216,0.12173063384439155,0.024380612715587023,0.01717676318376812,0.003949842267306036,0.11451563053558039,0.013228029613893062,0.013984115384704201,0.07389895620697147,0.014652479593869954,0.09048371070021424,0.03544758694359622,0.02225834406674284,0.004463824616138009,
inflation_proxy_level_z,0.10537535484112422,0.13939677602971254,0.16580103500999782,0.09119957457184798,0.09276075536510861,0.09052230170867737,0.2528292121673331,0.1275574538280901,0.05706814728101531,0.06943649541094658,0.1170051857694947,0.20026429810667776,0.14034105332646213,0.03562123305794156,0.12796149896856437,0.1393176365183248,0.05713916721428499,0.09725271794265862,0.05954807575407269,0.01844032597183621,0.1868828321823129,0.40103277638787443,0.1409500022323616,1.0,0.12069710164279783,0.0919729912373671,0.26618275115237694,0.5464098412632831,0.03756249951556559,0.02164837610835064,0.0412761260769946,0.21575475953051917,0.4979944868719905,0.13340486835030477,0.025195603717613573,0.28741568048092764,0.022015452966773544,0.38057134952617994,0.054353425316635846,0.04418770460407586,0.022298123821370527,0.20277315655719852,0.13386430639544195,0.7595498319369922,0.0801367377708898,0.2739382898883041,0.1692129997217757,0.20327819163220498,0.10365749593942092,0.0966859954060782,0.5935992784371932,0.08443437463090038,0.015113502262558105,3.2491923330603885e-16,0.130518249295372,0.1590006220027725,0.4588081226101912,0.12180782941342089,0.08403883574547759,0.08029285073079599,0.1398384313000277,0.09319707573093572,0.33239076650182414,0.08676188897781467,0.05952918688986641,0.1944282531874363,0.022139331892602396,0.11321250314877042,0.21704670133372325,0.025000195429365452,0.03200246230698021,0.13964923128136247,0.0658060441361345,0.09817952235226547,0.1839991124974234,0.041113706083326436,0.014070241420856866,0.2841817034665836,0.10943738627777137,0.25851764615294576,0.01430986536800354,0.08714011804737096,0.061224011340151915,0.008085921874787873,0.053401458807166055,0.009602804189932288,0.0673922129913043,0.38759614365404216,0.09270599736608512,0.02130249378034177,0.08671509629194883,0.1222013627683533,0.0022288092294215343,0.20548525769182466,0.07150388155597756,0.04973959223310986,0.06242970309544226,
regime_rate_chg60_exposure,0.352924323206757,0.1667257764760615,0.18447973499166603,0.3744531955199069,0.3411882804856843,0.05247716372984536,0.09556275013954248,0.1253997293461089,0.2961565904260353,0.7787994073764462,0.2242709046039106,0.11498399447386382,0.09565563156874594,0.3592792115783498,0.0693528048499372,0.1645267903272841,0.17379199268353857,0.2990902454001703,0.10173245487676434,0.3083259738589542,0.3161939822041832,0.10696922172499783,0.08962408581367244,0.12069710164279783,1.0,0.008267041937541983,0.09714878122913287,0.0032586478184512325,0.08588914788880055,0.1344138522220931,0.13907352698499226,0.020082483466637685,0.0150558769481651,0.07862559276863126,0.05386450692152185,0.41993916769202416,0.10962449725986151,0.022795635960358395,0.10254121869589711,0.009464724145470962,0.12621521152521956,0.13983732013690417,0.06316898956695381,0.06564532904938788,0.08571513761768562,0.10719689877711673,0.13566456569512464,0.053662833410748366,0.08504126996521547,0.16657657613969531,0.01848761251379705,0.19748649167881607,0.10090227593424282,0.25766070679544634,0.008269989303993565,0.08981926396124194,0.05646097099616038,0.06887926566696408,0.034060798893888515,0.07770979494986402,0.22397968052473963,0.0303483332422926,0.06771882321656726,0.03662172346350845,0.19822603785110887,0.03517164445237501,0.017063016296163386,0.004860304867085741,0.057194630574668066,0.10718058672468743,0.0440532908981549,0.015574191785205065,0.020489271413458673,0.018591503302965242,0.015409586291054838,0.008343083363788945,0.058030981049955584,0.08350790896757983,0.009087045854665103,0.04329931081460148,0.09264215879612482,0.03778539825195622,0.30650579739801226,0.10064833187324167,0.0022717462880116487,0.11078376362294369,0.05534088225919631,0.0008133811339328474,0.0023762648238663656,0.10053727412529812,0.017068623148115858,0.008198231233365154,0.03660534766921321,0.012223920433364479,0.008338077158444026,0.01552191466435646,0.009181842704963469,
ext_growth_z252,0.1181185973054598,0.08987402614970041,0.15304210832542656,0.04567790341608624,0.021717527862201304,0.1038698542264959,0.006877225855519156,0.09409964618291851,0.12413203761172495,0.10199683701921866,0.11994455044891407,0.17466605102673002,0.025692370709312632,0.05454807164309093,0.18216729429347012,0.1782823192783454,0.08134390088823158,0.3438719036588264,0.11347235211885891,0.052145083359243616,0.2745164147899139,0.056529800297603086,0.021605943378844923,0.0919729912373671,0.008267041937541983,1.0,0.39405550819520546,0.0770222311639266,0.06304947016553024,0.26320802530256476,0.03008764736112469,0.23170048308873148,0.16693746116446082,0.7876306492539608,0.01901738446881504,0.019686284523011622,0.2722992138806843,0.12757493618230317,0.46891138227575346,0.05991053376791138,0.03742788447931157,0.21392572043961375,0.49010436691056614,0.01631872896507733,0.4265928403969694,0.13206779866966115,0.22409583488918028,0.22302083201595518,0.19732672960720885,0.1280452973367403,0.10465855671576094,0.315451806728422,0.011407517216840649,5.325074620918824e-16,0.18962644646580648,0.015630207391445387,0.08089328553139627,0.15227730960351404,0.1392354518407946,0.5077321123760802,0.06437457263329784,0.01984413181851955,0.11307207470130344,0.17380152569778723,0.3514640260092022,0.16590914871860166,0.2337859137140897,0.22678742944789024,0.132189567389019,0.17416783946955583,0.5344881986872096,0.06176236282768462,0.0715970374428046,0.2835363812804028,0.20620623696896556,0.4470193426374335,0.270111036666328,0.12447955171655026,0.12264554595813176,0.04889227589917488,0.23899580259274217,0.024156247455768824,0.028184452072852084,0.04866318669163954,0.04019275707764285,0.11675402882640948,0.018681900025942368,0.04627560397511976,0.04441814969813234,0.07261218274801201,0.07399556170974465,0.023897709735095266,0.2758933708505218,0.05711403773719407,0.04800845830518864,0.00179653906715188,0.027610649471007366,
ext_fx_z252,0.1694736369339709,0.12072551877447643,0.03204173580027085,0.013897720839372393,0.012798915676019991,0.1379774607224179,0.010030622639231893,0.10823447987198716,0.13205072999073794,0.11290832490722304,0.012235491303829601,0.19100887759651827,0.014601944651391238,0.06279968301048337,0.24229357564864967,0.38673877706237625,0.10819233320591447,0.22023340530601151,0.003916456698460464,0.04240338264570972,0.3038838209034408,0.2084819365602956,0.07210895287425574,0.26618275115237694,0.09714878122913287,0.39405550819520546,1.0,0.2840580335807615,0.014978554767570642,0.24959424308088632,0.038777370934583735,0.44300297234950353,0.0588187648397784,0.37787445495944727,0.05272880195970043,0.23134012900739936,0.07321718255107527,0.04494976812522781,0.6692033076176086,0.10133521733757549,0.008891678487318552,0.1824129965558501,0.12333787669761077,0.13849890603141046,0.3023036963478492,0.7672383643812896,0.026817443320130713,0.06223448154156418,0.009766047083994927,0.015323120598986235,0.06022354180013791,0.3420314942867331,0.031629203120177606,4.2416430233916456e-16,0.10714514394116176,0.18484713175304876,0.04654832166070631,0.22525806329766823,0.01225888915426433,0.13317481434891135,0.08573801384830974,0.021761016194374563,0.5305617193304345,0.21597997188993362,0.16861872680027956,0.08403952530175654,0.2307779166057476,0.2818245837629555,0.23615629114372946,0.13588263258800512,0.2783975729906357,0.026143567303743804,0.10096708142475248,0.05713188449155079,0.13776896662248173,0.17615043423608218,0.14490276979629416,0.23659258758060753,0.08194102358817068,0.2809299443203349,0.12448516461203675,0.06306257860510243,0.037537786167442605,0.043579240551037686,0.008566080526990661,0.11071521629355015,0.04877118397780427,0.042770816475243646,0.0414561868703781,0.0008168196678807468,0.037481669507394746,0.03240869248886295,0.14138700743542423,0.2926094025290404,0.06275630697035729,0.033106051279874885,0.011687390826663889,
ext_geo_z252,0.08095661460224134,0.04709632040471478,0.11854679041249615,0.044894096850906874,0.019363618925346736,0.034937210205388536,0.14915523895946772,0.05274187567022434,0.07750030387186728,0.05461440919207322,0.04736936545798149,0.11444112413147053,0.037122251616519074,0.05292143388815669,0.054559114699325714,0.211959881999459,0.02436250280745743,0.11684320155490993,0.02942757633949505,0.028292485840726453,0.1469903601466805,0.7339413497031813,0.20520196355582734,0.5464098412632831,0.0032586478184512325,0.0770222311639266,0.2840580335807615,1.0,0.0841286563180492,0.34219569639084907,0.020778727264160544,0.06509571972629888,0.7625694816647546,0.001086876454704312,0.06538752958899743,0.007759809203701219,0.010864782257826774,0.5827616658319226,0.17592998585926492,0.03082992772008607,0.04994106408515268,0.03670993592490443,0.47504707609567304,0.49187808075703454,0.11943512155857125,0.35946633230359404,0.08884703697985591,0.6073226017823851,0.10233749992094626,0.050765982657374496,0.5746704308572651,0.1450884078996478,0.03922250037991925,1.8953442302010523e-16,0.34032420294036736,0.37041542688459633,0.44417753032883867,0.16659217712578084,0.24566145378025686,0.15048242770962203,0.12163203413058227,0.007828469459043677,0.290257647349446,0.09037343394383238,0.0004849963303322877,0.17691558968457888,0.1940057776121295,0.11792507972650844,0.34493165513430135,0.09725910980088939,0.014745896608726739,0.08550561968605232,0.1809237821827722,0.1758078526261808,0.02651916580689721,0.03443042714336734,0.11756668472037483,0.11031395278293045,0.015772837992434938,0.08396936332088577,0.006593611240824898,0.06505355848637763,0.05325289312606184,0.1320243682796005,0.11665646197140632,0.15179144387700153,0.050310963165931685,0.35283019093443063,0.05007854503568056,0.12452972711123333,0.07890443977941629,0.051198143756186275,0.007889095839686115,0.16611443994899214,0.1227545074140578,0.016669496424828612,0.038224989862185324,
ext_credit_z252,0.0969164371759184,0.16444824937257627,0.1702895709995638,0.04430184235622399,0.06899438164269495,0.06840784462866245,0.05053261789022109,0.3707784641339737,0.054032819302198276,0.14852745868761716,0.11544836084090618,0.20198939295776588,0.05668497435533246,0.04930124857361169,0.10335336244070266,0.095087467751977,0.046150796186817764,0.0924909735001647,0.18901231587681372,0.005703938985389421,0.399749900568965,0.06174549956678411,0.059921155393820716,0.03756249951556559,0.08588914788880055,0.06304947016553024,0.014978554767570642,0.0841286563180492,1.0,0.1957054228679318,0.18010830390305274,0.17149663667667955,0.1970647694538906,0.0049036135592848635,0.7195708218730245,0.20452759470102638,0.04174451954401981,0.15059846490712417,0.04685361117548621,0.026539621256853062,0.5936272641316197,0.6760106782555222,0.2846428086117095,0.05490361290197434,0.012936251508743767,0.20045702097537524,0.3169151743745505,0.16444372040619795,0.1473336141003724,0.1810809993562867,0.11719262454256729,0.04215848167437359,0.43163225483047774,8.443501432127805e-17,0.29566452130840437,0.408508579023609,0.09058118835942214,0.08122429537113197,0.14601379756418814,0.024588005767766572,0.06741851638722415,0.03307041839455497,0.08456611600039136,0.05158792159976495,0.0021881369969182773,0.22850881610352625,0.29448371842262266,0.06731524411651918,0.24670149836172078,0.012447873522616783,0.002136558327819675,0.5227247806421957,0.21189339387198944,0.040064199702835576,0.2117458870692772,0.028184332707034083,0.22991671645326495,0.18979902561725628,0.12594037069746297,0.01949338583234313,0.0009553596760371307,0.09828151364925282,0.029517150424633026,0.021065439449556977,0.007476354054393116,0.08681116982182197,0.07600871847978927,0.04343957849020258,0.02729210959543011,0.08437820863267598,0.10191504406961778,0.29708240575260325,0.025009700364863535,0.01101116987513361,0.08768965663285751,0.04420265185917793,0.23368229496640094,
ext_inflation_z252,0.02355834165510878,0.01356270844196188,0.07818691009723734,0.01847413759638913,0.013904007117766832,0.044290810525664935,0.0683414654363343,0.013190606116786805,0.0383395369592451,0.04907515560994113,0.048410955042072656,0.04451547555039989,0.04809089055942151,0.09824703474249494,0.0014352765945530805,0.24419509546960685,0.0006408998800104459,0.1496622516152587,0.06948457495898014,0.04614398149147029,0.1320818975078566,0.251151571271719,0.13806134234773854,0.02164837610835064,0.1344138522220931,0.26320802530256476,0.24959424308088632,0.34219569639084907,0.1957054228679318,1.0,0.09446730260419889,0.07921327924323143,0.26714622174367214,0.02441928434128947,0.23780372433685484,0.32007934139801564,0.1854665292624593,0.20415526840148182,0.533044477981405,0.027240546149950425,0.11617607475281225,0.423160112323786,0.5676635805299092,0.06304773636083444,0.14236115340456945,0.28059972388859045,0.2509853448396124,0.38371401183896536,0.05125663791016927,0.14340959582334467,0.09477958262974559,0.10511826581090887,0.14264580305719204,5.692264041916325e-16,0.3013792202887027,0.1259604881746165,0.07325757282356966,0.06055989449586025,0.2603994103189414,0.1800585962317114,0.2034047046951645,0.02442162167159559,0.1148424287399178,0.1185539728564554,0.010896604893400458,0.7073761182682081,0.24443819459644284,0.15469686268290758,0.08475692358831785,0.1507535061230616,0.02884690664114046,0.08631593277442749,0.47052504107223103,0.2501486609428675,0.2008488305251539,0.11765907844764965,0.10500584207941702,0.06058621283413419,0.1194591145102812,0.18903422140522622,0.012898862167491766,0.16020528515649232,0.08905457413333062,0.10113668832211783,0.05188972527851765,0.4435808091041227,0.12389917458833083,0.07058117781572422,0.0017357340403598232,0.19139670775582052,0.3154900957275909,0.011224199665396475,0.0022107339651705514,0.03375886307067424,0.25790089822541623,0.06067753347482403,0.03858723750979109,
mom_20_60,0.2955912915518078,0.3792883600192252,0.4679384234118579,0.13253012423560753,0.03596293559736926,0.08310186569799392,0.11048919024610557,0.44778014188327186,0.03929101443862553,0.11488985407081265,0.5807194931643291,0.523851963986247,0.061403520544822385,0.0325682916881545,0.10215801827315998,0.10696048452553286,0.09720905252407915,0.013393102459861797,0.3778144763047701,0.011318080694197867,0.12311784817974973,0.05035428148703942,0.250401611493784,0.0412761260769946,0.13907352698499226,0.03008764736112469,0.038777370934583735,0.020778727264160544,0.18010830390305274,0.09446730260419889,1.0,0.1941125109951255,0.07656446174640354,0.02439169395344776,0.15599685260509955,0.13120711194000378,0.033979687077666486,0.09686705268012467,0.1063237707431204,0.04535506787653895,0.1831306741938896,0.032414618148438296,0.03098059823328781,0.06121070157852414,0.17708639450587618,0.04974103438458554,0.029328634175269774,0.018927293119028295,0.0943312751569647,0.03466370857345578,0.019961842395939716,0.06488138615571577,0.1581957655332169,0.054320536595116625,0.01741868404976301,0.06523668996555365,0.04343284510480847,0.2690250978862245,0.09375913280820065,0.13724511088040078,0.09065364494805471,0.03545020398513251,0.13172806068678788,0.03653076199322893,0.027011527636504676,0.09610382791674205,0.09577087594229108,0.04488668701850638,0.1084597468393098,0.052581227314496444,0.15627118806730195,0.011396807678948255,0.11499641347186956,0.10085674773152427,0.0504038357847911,0.021176321942005062,0.07490723878058347,0.07076667380112946,0.054018196774134775,0.01400802851167147,0.1528689792519794,0.1005993679167546,0.0014966959817820783,0.09087927203654839,0.009532079495772814,0.004235461320256663,0.10604252632077048,0.007966903890960582,0.006147759298677432,0.023710373483267783,0.0015442335122096752,0.013267799664200223,0.034837875401029145,0.056731359880813716,0.03142542732048497,0.035074428653789846,0.0010282001130522934,
ext_rate,0.10310896400356657,0.2096863801180685,0.06519808917523932,0.02777649007159183,0.06353361653522252,0.12531592704377087,0.052571241093812913,0.3907335136677325,0.035692547515609865,0.06733510287262624,0.0535916039601913,0.4031610758790576,0.04990812341353477,0.16877341512379557,0.22710230242848892,0.4129340052510919,0.1014089123510383,0.2231348097372774,0.1064902311125291,0.05979329720979777,0.18122710046999255,0.047776440395820255,0.10666865008486512,0.21575475953051917,0.020082483466637685,0.23170048308873148,0.44300297234950353,0.06509571972629888,0.17149663667667955,0.07921327924323143,0.1941125109951255,1.0,0.10006522730480726,0.19639784344993924,0.15714475292823454,0.047822363360413296,0.06326660942008633,0.07647064294875058,0.4388326892239239,0.0736140742048587,0.10180507923815137,0.39485159872063036,0.06140882406029884,0.09764183173279994,0.24526911157752668,0.25515306968082113,0.09199772743271459,0.3766953085240089,0.393436948271328,0.052566244121635936,0.036681037717614516,0.2655962995960331,0.09426277717130797,1.1088050550284255e-15,0.08335473619954294,0.0651673280648552,0.02835171581562665,0.5188837997379798,0.10681933692233792,0.10660710211238908,0.023734944630736908,0.028909280746091153,0.14999978743087336,0.0798714061874805,0.08763851028882969,0.11849261473006237,0.4197238726265413,0.10422135722297396,0.07465455647958236,0.04425993041544292,0.10570306727192846,0.12823838703925397,0.1061938674609998,0.010440022420885152,0.09418317577069077,0.10357459763910155,0.3888187788536409,0.17801182729331813,0.05601744730061467,0.16874060202334298,0.04726500877141556,0.052770047258509374,0.01039162486106775,0.006265158366266609,0.0406313175162002,0.03513749049850306,0.04081117106673431,0.013818457559986735,0.0027953437470215298,0.05098195673932336,0.052847764292242826,0.08317433814589967,0.05126853143879554,0.07952455550031186,0.049961067981967734,0.0274345104538555,0.05732852486791691,
ext_geo_chg60,0.07843569375010265,0.06330743409655504,0.1542013322043115,0.042770968741454314,0.027191258155752032,0.03158798117846887,0.14398592952754635,0.039711891093932576,0.05726677795366415,0.09032447808892448,0.10467945632145893,0.10294667958864817,0.02272163647497416,0.06906007292018339,0.015911146872428797,0.1587972166680639,0.007104868957014329,0.11961964929875626,0.05174497280473539,0.00699813835253194,0.24310118448153048,0.5596812746154872,0.21218540897284274,0.4979944868719905,0.0150558769481651,0.16693746116446082,0.0588187648397784,0.7625694816647546,0.1970647694538906,0.26714622174367214,0.07656446174640354,0.10006522730480726,1.0,0.06932326479360763,0.04216560391275899,0.03585251890389759,0.04907822464943781,0.7642079572338822,0.0013045313791009816,0.02217269246566095,0.11698301994764151,0.06825728622868459,0.38491835618286413,0.47004505343269126,0.15488304410882378,0.17046014849574823,0.06468646120787366,0.6464230519589651,0.18793237305630367,0.036960959863977946,0.6327201668994339,0.1836024758156603,0.025292902574591134,1.2366765665639045e-16,0.26085763640744525,0.31017471421503046,0.48904566170804764,0.10490225564204424,0.3161445305126229,0.09227917289050391,0.11913971643327963,0.006006665205667197,0.15033813150532324,0.01703288433153773,0.030934085365445448,0.09911035706396737,0.286403096006602,0.022225604971670823,0.41572528537674325,0.05529569222971147,0.03303706098416026,0.09623108457621914,0.27589881838131264,0.12804059469737522,0.07014311116933376,0.07462427415129946,0.0174531150391482,0.05885275266658681,0.04171910748683901,0.11861644365489923,0.01477248501390283,0.09035733955941397,0.05216170749458416,0.07445416566112152,0.02470308038901271,0.1185009371901674,0.06988033995553382,0.3088489317539565,0.008328148230291491,0.11817562922580634,0.0442032678658389,0.049228383977732826,0.04150774771926314,0.07039155825544004,0.14109720557096897,0.020590498812398,0.0430197716344149,
ext_growth_chg60,0.20504984325955164,0.16975410682058986,0.07368502262567644,3.7279033944765564e-05,0.030463832114771213,0.14936154791788647,0.029701143345176102,0.15032563325304119,0.13400612485213834,0.13256269697842096,0.06009596446371676,0.27319425639145223,0.009371364894768247,0.02357009271633474,0.2459742943322973,0.18071568989188716,0.10983589945067523,0.19692256317771328,0.03691167804471763,0.034470717109228464,0.3567820078826648,0.0007977035721259178,0.031938508855502805,0.13340486835030477,0.07862559276863126,0.7876306492539608,0.37787445495944727,0.001086876454704312,0.0049036135592848635,0.02441928434128947,0.02439169395344776,0.19639784344993924,0.06932326479360763,1.0,0.11545667677016166,0.18723091061201957,0.1991569105113675,0.052977390576706224,0.4841662729233504,0.08622480792039461,0.002910918701556744,0.06697270584921504,0.28086662603986734,0.04270372993579335,0.3866073008843015,0.27486051789938704,0.12582585964989712,0.11504680612786686,0.2037162581778509,0.07189517654127546,0.06755847192840087,0.17754917878118648,0.06925631809224767,3.9793030147755667e-16,0.12824571500510423,0.0033304028579416176,0.05221767747678051,0.1686200394614163,0.1204000045820644,0.3636665348162998,0.28318168138820043,0.0018634594170128939,0.16491086662188076,0.1261253442730197,0.4462294939158449,0.06733795116871977,0.1354014929670805,0.16457647596054895,0.08158528129354345,0.1975850762460148,0.5188057348060616,0.08688040575790695,0.03537553176344356,0.12710615471591372,0.22754046420406987,0.35208613507060166,0.21071568880960478,0.1088047348836124,0.13533453143842125,0.16781898807290924,0.23198340633944348,0.06406920438765956,0.12398250117263054,0.1383170361953894,0.0019460872224940544,0.010831925905852906,0.049549685782263084,0.031362840949150456,0.027063258776939828,0.021237415565830777,0.030032759251655324,0.02468598257359688,0.30931806051773664,0.08588138210561871,0.008278617507958304,0.008419553743661956,0.03883958319362121,
ext_credit_chg60,0.054918214348521135,0.24832921731004404,0.17047758302412847,0.03238732048749925,0.07352054582870823,0.14823076009076103,0.09918030395729789,0.20120983438642814,0.057037847460861005,0.07769885135234379,0.09561103082817723,0.3182030568649093,0.07255691942679217,0.03560468193798499,0.23634730265737636,0.10747394111592229,0.10553711980587821,0.04173008269943341,0.11414189336968779,0.01337168878998916,0.2091203093143057,0.04799061172030562,0.20030080308864978,0.025195603717613573,0.05386450692152185,0.01901738446881504,0.05272880195970043,0.06538752958899743,0.7195708218730245,0.23780372433685484,0.15599685260509955,0.15714475292823454,0.04216560391275899,0.11545667677016166,1.0,0.12826740410417098,0.08019692003914368,0.03222329003170265,0.07563763103641166,0.07136472234182607,0.42715685833742656,0.46156204369068465,0.17609028080791067,0.020720984806709523,0.05761357696132578,0.15372025941042894,0.0944881094126516,0.06046495232492998,0.27235968389564535,0.05398921434890759,0.04650290423235637,0.1205185238102448,0.5998467999396501,2.0224818354582368e-17,0.4890972206405256,0.06627226840980972,0.03594328861541305,0.15158602670534385,0.07538052242501021,0.008125581878310485,0.088536305561806,0.04052336264803179,0.000816351144519318,0.0363770009911385,0.051520174444354284,0.41760983970485704,0.13387153196481744,0.0474670548068077,0.11373853629956744,0.095188729992983,0.01628037494783725,0.6115990203958158,0.23502838439065832,0.10201604782580698,0.17587960950717155,0.008501138703932924,0.11908784888593041,0.26226178049860843,0.10460813915224353,0.012948963298023926,0.007279751520662019,0.03588645977117035,0.0387629332318612,0.0220172073480262,0.03031710635202231,0.10548516844931555,0.02775378315516888,0.027005282942646217,0.0035111481053104513,0.14105586265653233,0.18625419335306803,0.3104656856695456,0.010542514465685549,0.02190419709500721,0.09059870872104384,0.03621293558272211,0.27341321471255464,
ext_rate_chg60,0.15236421136327016,0.1474637313879965,0.13875772053560836,0.0904401481838699,0.08407784599350063,0.03968246181378334,0.06829845022019836,0.1236278919192956,0.037839266164079226,0.2797599894827345,0.15650511043062906,0.27381107388913795,0.05832229069657417,0.03332588785093069,0.16514964591442746,0.018025751015149753,0.07374494132491104,0.14924538557569253,0.07870351446587974,0.026992579498685453,0.7529518714388524,0.005695244840403207,0.0059759525346286015,0.28741568048092764,0.41993916769202416,0.019686284523011622,0.23134012900739936,0.007759809203701219,0.20452759470102638,0.32007934139801564,0.13120711194000378,0.047822363360413296,0.03585251890389759,0.18723091061201957,0.12826740410417098,1.0,0.03885330489748572,0.027398780233236587,0.2441811257079472,0.0032449555932813454,0.12141315648179106,0.3329942308202554,0.15042414336850005,0.15632104385540607,0.20411322451481245,0.255267684046402,0.3230576619959836,0.12778715952045724,0.20250854530335916,0.1845907328337633,0.04402450149007113,0.02792644830599143,0.07694079188845289,4.536170186608104e-17,0.019693303078742192,0.21388636943509368,0.034027667504394656,0.16402200834354888,0.003101465869485974,0.18505012375234,0.5333622051873066,0.021273829455070142,0.1612586498867167,0.008869757259434534,0.08354795448780378,0.0837541414526239,0.1209966068970876,0.01157383078553468,0.13619741851899284,0.255228840200235,0.104903982022612,0.03708678061825125,0.048791046393855536,0.04427189634428123,0.03669480600189204,0.008800149966450227,0.13818901763532251,0.19885715692236394,0.021825016459648315,0.10310853129650527,0.0469076986924102,0.08997826627990872,0.23351644748312844,0.23967359945585234,0.06424722825826888,0.14198105323484708,0.06958717318270659,0.0019369022861171396,0.08655103501995302,5.619240528492787e-06,0.037354388170695474,0.019522425779958726,0.08716821503075259,0.029108788543223643,0.019855440501703805,0.036962293252293006,0.016579516274589153,
return_skew_60d,0.296359630770546,0.10051444585271918,0.022385686260183033,0.41638724072302274,0.466414528015962,0.08741643981765804,0.0748931923434503,0.020592021543000424,0.4299560620993706,0.23655291525085648,0.014749663237780146,0.0893082519476566,0.018519424548512433,0.47138804035672677,0.07826312074612107,0.3395339266434893,0.11032297084016766,0.23100486704172626,0.03324073511894974,0.5686225253947582,0.03410086544971254,0.14746026370733817,0.05839878995701578,0.022015452966773544,0.10962449725986151,0.2722992138806843,0.07321718255107527,0.010864782257826774,0.04174451954401981,0.1854665292624593,0.033979687077666486,0.06326660942008633,0.04907822464943781,0.1991569105113675,0.08019692003914368,0.03885330489748572,1.0,0.07993099987121838,0.002136638195580818,0.060413287978508014,0.12869523135031607,0.06034434194301102,0.14523732229143066,0.015504685378742064,0.13587430351745078,0.13200466480870937,0.16407590683589043,0.05981810029345078,0.001348500521474473,0.3709208716570148,0.021947404995866098,0.22526494819466336,0.10227672485375171,0.17799735765374458,0.08511748912178185,0.1434883656139689,0.07732114533770733,0.015204011731954507,0.0968246252079024,0.19245553681104136,0.024957441984101207,0.005240127912058654,0.06233444626295266,0.0523815473928114,0.16747742528191475,0.13164498444425654,0.1249458170969867,0.004198813189263442,0.01689133245705464,0.0033700330044207747,0.07412343732752291,0.06123810305609539,0.07826735318630137,0.059618248657105466,0.12409440008359683,0.18211442687319485,0.11113423047128156,0.030901403106315197,0.14185261212965342,0.004094822405964723,0.029320721992262305,0.058350331029378845,0.10339256021668664,0.02294374633417116,0.031917769990857624,0.014788529797107482,0.061629225607181044,0.0008693123741132155,0.04330038745416034,0.06954931406603682,0.026101250182408546,0.018047931385351067,0.030230043807238566,0.03744499194212783,0.03663907822225637,0.023123547283913207,0.006612092977448933,
regime_geo_chg60_exposure,0.15420361795384824,0.07452343251442001,0.11088200302575134,0.15156281207949188,0.10391853805814537,0.033001005323008384,0.11884420898632604,0.030609355211007428,0.15174629362936634,0.08912002149560799,0.13152019812843707,0.07867267171245237,0.002379038495624113,0.1934483624451291,0.012159425048627314,0.10290840382119339,0.02183634190555261,0.16646123657628317,0.03733074392891716,0.10958027611328557,0.1857798595937672,0.7650413051537474,0.18370570443870915,0.38057134952617994,0.022795635960358395,0.12757493618230317,0.04494976812522781,0.5827616658319226,0.15059846490712417,0.20415526840148182,0.09686705268012467,0.07647064294875058,0.7642079572338822,0.052977390576706224,0.03222329003170265,0.027398780233236587,0.07993099987121838,1.0,0.0009969332603701666,0.022197697494572257,0.16352869244154644,0.05216276127515166,0.2941576706803313,0.3592121700916889,0.11836285474856977,0.13026700187172088,0.04943390838035799,0.49400164004645397,0.14361941491147373,0.07757631683550571,0.48352978624689863,0.10238258990680033,0.029956387475585412,0.14354787081728285,0.19934948144779266,0.2370379847358732,0.6336035117469742,0.08016713849343321,0.3070713879204295,0.07052047820988443,0.09104751932090066,0.012451585354545044,0.11488959637204274,0.002041698184797329,0.04915890611697653,0.07574092351257534,0.310206609044261,0.016984984173687687,0.31770057110823335,0.04225740800270187,0.025247184887716132,0.0735405605663934,0.2108440723984253,0.09784964131669346,0.05360392370074603,0.13815242574922734,0.01333780939143547,0.04497574189292338,0.03996933784603264,0.09064763009985864,0.025672599849949948,0.06905179788578795,0.020379883449660526,0.05689846584743882,0.023971358214873832,0.012714704683133824,0.07985094762576576,0.23602481122955718,0.014653633224887873,0.05546205409927174,0.007357403609225994,0.03762072275754841,0.03172055109391743,0.053793788940899895,0.10782760724079957,0.015735423035849357,0.0027320193892236737,
ext_inflation,0.09544378266047525,0.062164885926061564,0.06077351299029789,0.0235373305949329,0.01745231568887516,0.004271274726571222,0.07692913834889396,0.11529843066343416,0.08952744603560646,0.13138860235332253,0.04815033380275448,0.24047787946156446,0.07191633103272736,0.036000983620577104,0.13258362236725504,0.4836623113065907,0.059203102725291896,0.22211947047863856,0.02559166514767709,0.11043060242113929,0.3536220251172659,0.12912229127481026,0.07587679199959647,0.054353425316635846,0.10254121869589711,0.46891138227575346,0.6692033076176086,0.17592998585926492,0.04685361117548621,0.533044477981405,0.1063237707431204,0.4388326892239239,0.0013045313791009816,0.4841662729233504,0.07563763103641166,0.2441811257079472,0.002136638195580818,0.0009969332603701666,1.0,0.0014884517852450634,0.02781358101679045,0.02585715245750235,0.2285267774567526,0.052173997800527734,0.2760419783034593,0.44177146252506544,0.1416739311160375,0.048905451250544435,0.05749256093496933,0.08095054798135246,0.1723800979797361,0.28581563451576525,0.04537099093220756,3.571847265436499e-16,0.012565756654647046,0.131197642278529,0.13323700348434958,0.2022082827212349,0.026362031801853765,0.24598568555895325,0.148413460369654,0.0444157095733963,0.18317071338378496,0.07187139544491478,0.21604927093770734,0.32835638152313046,0.10627733690783543,0.09378242773384736,0.14914981729747245,0.4206960363456748,0.19499956942262284,0.03519449196987927,0.1582586253130662,0.02301348543521405,0.013629777757142279,0.20961245786011806,0.21014093588719204,0.15672769425306202,0.008106600260419625,0.1891364721783229,0.08719384022671829,0.02746351295997778,0.06497832746140887,0.07031846282731344,0.014546920545548693,0.2364483008314764,0.021239664994281444,0.09681499751711536,0.032336503991689476,0.08176850916154861,0.14644710722368368,0.04461401480724074,0.09315191341602318,0.06173323390929486,0.0787040711702027,0.003514940869833635,0.015733575216376694,
ret_5d,0.31772364143302945,0.468779782235845,0.22648810877742412,0.16798931344847567,0.194648860537453,0.7663587974231125,0.4115563632377885,0.19360702170766014,0.06233110804027922,0.03757156040119001,0.15364991082198082,0.21434964981473523,0.508016819603125,0.013502899263645559,0.3507929874212439,0.06785462237886178,0.3499097927698953,0.0005996358178353328,0.12580028194179302,0.012549816786682854,0.03836480740325735,0.030822351386826888,0.1079007398136971,0.04418770460407586,0.009464724145470962,0.05991053376791138,0.10133521733757549,0.03082992772008607,0.026539621256853062,0.027240546149950425,0.04535506787653895,0.0736140742048587,0.02217269246566095,0.08622480792039461,0.07136472234182607,0.0032449555932813454,0.060413287978508014,0.022197697494572257,0.0014884517852450634,1.0,0.027748535405345904,0.009374761829724118,0.055893654065919035,0.10376144939915387,0.0906260780249256,0.08325320842637643,0.05384224221102248,0.001914120992774043,0.09690462258923785,0.04995483705377397,0.0589425496818534,0.02066642431793658,0.07244918934780195,0.013912695480170132,0.017732378738588517,0.05983065480981077,0.06216428894213405,0.04145140551160913,0.05778112986596698,0.006413307667303191,0.03301956123756233,0.6738391564833814,0.09159165983800314,0.1473423937696264,0.08713697206352984,0.042333606790034894,0.028979152486566673,0.1374973946311406,0.022709934945393685,0.06322492247093033,0.125092647047194,0.04323385560695649,0.002147268773948376,0.018964219350883847,0.0021432806798954507,0.061902745346376596,0.013743599533040678,0.013430642389197327,0.002876269391611045,0.0810648592963062,0.12381072864734827,0.02569233984527081,0.0022110768902136087,0.17813579574408786,0.005418757015778597,0.0013251944443357585,0.027869477333817325,0.04790027892210782,0.00824634305116366,0.03892675455791428,0.0006292685544924563,0.00030551620132864915,0.13614095080734973,0.10248536467400848,0.021702044531009494,0.0018501313469670832,0.0009964788851355279,
regime_credit_z252_exposure,0.0297520720863785,0.1661766857505586,0.2770600549692657,0.05866143831804646,0.036557663023122994,0.06945711751990724,0.08597291206642454,0.3743547035497458,0.13970615807505019,0.22311187217070327,0.1757180764444287,0.11990641072512476,0.083311268266086,0.06041692333802817,0.061353373784477874,0.07231657290544811,0.084312273226759,0.039692428033176345,0.2953947303022363,0.11493551429640032,0.23730243981164106,0.08954890067890732,0.03225845435558298,0.022298123821370527,0.12621521152521956,0.03742788447931157,0.008891678487318552,0.04994106408515268,0.5936272641316197,0.11617607475281225,0.1831306741938896,0.10180507923815137,0.11698301994764151,0.002910918701556744,0.42715685833742656,0.12141315648179106,0.12869523135031607,0.16352869244154644,0.02781358101679045,0.027748535405345904,1.0,0.4012983694565854,0.1689717317309093,0.032592281517940525,0.00767931159125391,0.11899675293758595,0.18812948792575956,0.09761827584835607,0.08746125025302726,0.3429500460626703,0.06956873708360796,0.10137111264240874,0.715030953745188,0.061264114698631696,0.17551452088509345,0.24250183014007848,0.09546286141024206,0.04821695624218334,0.20808108642313525,0.014596110594371818,0.04002146943476102,0.05492531585582439,0.05020075207954942,0.038095805392443075,0.004103410151686374,0.13564906333349097,0.19059260750630969,0.03996016419924162,0.1464487355296397,0.007389397103487031,0.0012683192748012425,0.3103036814264264,0.125785695691793,0.023783201259216707,0.12569813163205767,0.05951838043021702,0.13648483136627712,0.11266987631201886,0.22681973589640655,0.011571805300316063,0.00405404088825117,0.058342586062320304,0.0004334211018842988,0.012505019188170768,0.02356600896794713,0.10437924949139396,0.08019355517909192,0.025786918134169678,0.03701636431327509,0.020451265821442466,0.11153194748478122,0.17635621574855784,0.01484644000434557,0.006536530647864156,0.05205497095960403,0.026239899290526225,0.23517329033996837,
ext_credit,0.07676085829503186,0.027821658634472096,0.1407559331857005,0.04613953827555805,0.03620427717234122,0.00727684021687818,0.026406041653190507,0.07392162197677492,0.00870685427273377,0.14654524787585896,0.07357903381434,0.00759618432978093,0.0379340096058603,0.1461681121842789,0.0026069734298650353,0.25743125952227075,0.0011641024209075425,0.22308866832342206,0.1179338756336833,0.010525839830423416,0.39441493704162717,0.026942939920241982,0.1715329341846196,0.20277315655719852,0.13983732013690417,0.21392572043961375,0.1824129965558501,0.03670993592490443,0.6760106782555222,0.423160112323786,0.032414618148438296,0.39485159872063036,0.06825728622868459,0.06697270584921504,0.46156204369068465,0.3329942308202554,0.06034434194301102,0.05216276127515166,0.02585715245750235,0.009374761829724118,0.4012983694565854,1.0,0.10488062851101174,0.10293433898260221,0.19172667954286735,0.041081203864805044,0.5141032132728743,0.0500421062786773,0.19460004500243566,0.2937515498128385,0.028567886150057904,0.16242777307078896,0.27686651488146174,6.129140219023013e-16,0.26898084294582447,0.21709770696204472,0.022080852668752992,0.30938957098026826,0.08445429380699367,0.18647981776899253,0.14962487378348005,0.023696807378686346,0.04237547357127733,0.09861556192755763,0.029885196637270278,0.30514027492200374,0.03995615278155787,0.12867993939246902,0.3424913606148657,0.2693404508878781,0.03866527908066977,0.2433164225804261,0.16450740177020906,0.07766007611310079,0.30606658738482734,0.09562893492415593,0.09337005361540067,0.13430784059860768,0.18203961364662322,0.13928060607464354,0.017289136465602196,0.107192919829701,0.06550870804345713,0.04604521663090611,0.010766867292509029,0.18770570500517478,0.08290060016209684,0.0077230864651578746,0.02873780267847064,0.13118779257553176,0.13609271229168807,0.11151830961421957,0.03806011389963513,0.04742018852964262,0.05466358122718222,0.04749514764399389,0.10877376037492369,
ext_growth,0.061075391211450863,0.12609845466997088,0.057452810780552796,0.035440547565615814,0.01760768922278963,0.10762629191304546,0.0351689803329553,0.21163326009981237,0.027212049551387656,0.010595375195103998,0.006878862658558826,0.05527059848715578,0.026356143251137904,0.011626511142870041,0.10383916217296485,0.16859298864514513,0.046367722311926575,0.25448629654986155,0.02153660713201406,0.045109375246600684,0.02851661381779703,0.34865669220220813,0.07525011992555823,0.13386430639544195,0.06316898956695381,0.49010436691056614,0.12333787669761077,0.47504707609567304,0.2846428086117095,0.5676635805299092,0.03098059823328781,0.06140882406029884,0.38491835618286413,0.28086662603986734,0.17609028080791067,0.15042414336850005,0.14523732229143066,0.2941576706803313,0.2285267774567526,0.055893654065919035,0.1689717317309093,0.10488062851101174,1.0,0.11927227660842935,0.26850145346092735,0.09987262402231055,0.10034938028035506,0.1979380134951318,0.004160035429470339,0.05733826441669455,0.16591652039911978,0.2261907534993352,0.10562719144309914,4.1031537845991546e-16,0.21175917188869178,0.5914715817647056,0.1282411384238064,0.1798948759548192,0.24026230971392876,0.4197281814754515,0.023996703436907865,0.01265451930954438,0.03696726556054186,0.08457733925873769,0.1253309723956201,0.20211658210731953,0.18031110654580554,0.11036196191616891,0.023344639403379535,0.19680721294619397,0.2457267547061283,0.15413700012499598,0.03873221500867741,0.3819634004559892,0.034234723489500435,0.21908613192009754,0.31186906696376343,0.11625080415721552,0.020361830053314406,0.08516139067095338,0.10987644461326893,0.08692377992003364,0.010506228006772887,0.0008047965736905437,0.08829620556484692,0.25180467035040044,0.06722490193547366,0.06779574353048452,0.03604409198659963,0.12308842060131861,0.09014409476147232,0.06522338184275672,0.12928292539647288,0.03232317780095417,0.04272009171913497,0.0610032450277184,0.06890640976345935,
inflation_proxy_oil_gold,0.11162505121451984,0.1213497205231165,0.12785649530927784,0.06846621504091906,0.09159935990203565,0.1545431899889324,0.321925394621715,0.07917856440298493,0.05404508910022391,0.00583773503178206,0.05324862077671603,0.12322259675887508,0.14946070060443273,0.0005047126547659117,0.1353864263398059,0.07715290094271453,0.06045465015281735,0.07251338138105339,0.04286512641869295,0.009481073584808763,0.01571180183868156,0.36100966248022864,0.0717162053837971,0.7595498319369922,0.06564532904938788,0.01631872896507733,0.13849890603141046,0.49187808075703454,0.05490361290197434,0.06304773636083444,0.06121070157852414,0.09764183173279994,0.47004505343269126,0.04270372993579335,0.020720984806709523,0.15632104385540607,0.015504685378742064,0.3592121700916889,0.052173997800527734,0.10376144939915387,0.032592281517940525,0.10293433898260221,0.11927227660842935,1.0,0.06858938758189341,0.15638109873108133,0.18467046277012394,0.26080762459175694,0.12526398341687656,0.10551817853467658,0.7465080343884023,0.07299102682030725,0.012429416427902726,1.302285323848308e-16,0.1236711780540719,0.11618623380255308,0.5769952259256418,0.056073331076442016,0.04603794289090012,0.12968096529791956,0.028192582404046856,0.09263477133678855,0.29527283373695296,0.1089322956275151,0.019055663797568113,0.217115949361611,0.09828336006100351,0.14214187827199493,0.264026692538618,0.05624519402147596,0.03853957011562422,0.09095909419850232,0.07884686069822454,0.07291227358944115,0.14384603463340717,0.007294787494647184,0.009172934421185231,0.20024151266133172,0.08555548906205857,0.33298258205015685,0.017232925841928957,0.006758464164896971,0.012343266216353658,0.017723508012438497,0.06816020350747877,0.027966765907122347,0.005226844611884263,0.38974000456799557,0.05841832070237671,0.010764500327901829,0.0968338199143304,0.08970366649944624,0.029229821563783544,0.1432075574546718,0.03968853770750607,0.0061774859471137745,0.0406629466738836,
spx_ret_60d,0.1993010377049224,0.20811907280192687,0.007864999129607262,0.026210735148457384,0.019505670719202957,0.14190825870180673,0.031043431475150995,0.1535451321803027,0.16046881385796938,0.024727490322990247,0.02668035013129701,0.37368722623895634,0.02195359624718402,0.004388425942238653,0.19724848227977362,0.20384352419848134,0.08807816493707023,0.2343962976119125,0.001320597433820904,0.008665066667022337,0.06655208326646968,0.08765837431866226,0.021576600194661667,0.0801367377708898,0.08571513761768562,0.4265928403969694,0.3023036963478492,0.11943512155857125,0.012936251508743767,0.14236115340456945,0.17708639450587618,0.24526911157752668,0.15488304410882378,0.3866073008843015,0.05761357696132578,0.20411322451481245,0.13587430351745078,0.11836285474856977,0.2760419783034593,0.0906260780249256,0.00767931159125391,0.19172667954286735,0.26850145346092735,0.06858938758189341,1.0,0.25487121295039594,0.0871194545402016,0.10660185679181092,0.07265432810463925,0.04977886566223484,0.11189658984194363,0.18780126821071236,0.03455931977332792,5.69240588522754e-16,0.08846067757656292,0.20776097535587357,0.0864877471667899,0.09984247317145468,0.1020011702748619,0.6670868373662978,0.19279418661941733,0.020484505876326463,0.06719814309750861,0.3715678734745556,0.17251558021777222,0.01223786088200972,0.05362590308973728,0.484845702892389,0.21681806930387384,0.13854568600661615,0.2754456278927011,0.08602246340402242,0.01438913987404689,0.40766981064678576,0.01602072469999636,0.19069525108809074,0.4697213268305558,0.07540595745868728,0.009528666816085383,0.011477608638851802,0.12316520565013024,0.035892798137904774,0.08440908095269947,0.08569210538234112,0.013821440876385201,0.0631486756121949,0.02775868510585022,0.015705130843726673,0.0929606100737239,0.006900316920890349,0.0054580919562543856,0.01744451713396035,0.1867360765007162,0.0202968523006567,0.02932216936758576,0.032614003668683854,0.038456043048540715,
ext_fx_chg60,0.1464690255097343,0.07216810712794511,0.005679521123174411,0.020218418716392416,0.018694444169021125,0.10357731211139845,0.010628283087930922,0.02364398488187374,0.07879987438493388,0.08998427558469368,0.02485921960655044,0.1341423960991953,0.006578287413954289,0.029314955386900106,0.20833481221801503,0.25196100907958036,0.0930285888164396,0.07877851693380625,0.026218812837305608,0.0008995846220046955,0.24218555636507888,0.2638272051037523,0.04706082512077794,0.2739382898883041,0.10719689877711673,0.13206779866966115,0.7672383643812896,0.35946633230359404,0.20045702097537524,0.28059972388859045,0.04974103438458554,0.25515306968082113,0.17046014849574823,0.27486051789938704,0.15372025941042894,0.255267684046402,0.13200466480870937,0.13026700187172088,0.44177146252506544,0.08325320842637643,0.11899675293758595,0.041081203864805044,0.09987262402231055,0.15638109873108133,0.25487121295039594,1.0,0.13971789201070667,0.15658845721263767,0.033378339628970924,0.0798328939697626,0.021915853400611612,0.19943063173099262,0.09220860569323802,2.1461910566217905e-16,0.12023945319685224,0.2579522806855067,0.01693932576974763,0.16215011865235165,0.0622622509841762,0.05260648066804085,0.06568778372782776,0.014863007704198093,0.5983192490616746,0.19557224704891968,0.12265086979968971,0.23765927624137326,0.17620955785796805,0.2551952694402443,0.10579768763924169,0.1753810791892555,0.17136471840208742,0.15117393518345595,0.2212497415041958,0.03261689240226451,0.0709145622239782,0.05903686054488476,0.04969501528269552,0.12514742688501607,0.04217794441227624,0.2018843914117963,0.07662554292345346,0.10078612035937942,0.02875940167859407,0.03523704226874145,0.018028924196418404,0.124468652556894,0.07794572513815254,0.003336117522899528,0.0013093955767222347,0.07992136383856754,0.10599615377955385,0.04767807852791493,0.10063129383384822,0.29970934851517195,0.09861413750178362,0.058282964848389233,0.0675817818879207,
ext_liquidity_z252,0.010453749688798732,0.06942653455224299,0.09305295807623631,0.012080933820535563,0.010013246795272837,0.08530210911427549,0.06347714315620805,0.08046030676326954,0.048339744137150815,0.10352793060086983,0.07482788774718131,0.1443096644301002,0.013680959591548742,0.05151542672854905,0.010797792448333307,0.0776213505000903,0.004821582063539567,0.12632992776797114,0.12720258349898655,0.0300635821177226,0.27863723199391727,0.06520851423812399,0.31420349424960076,0.1692129997217757,0.13566456569512464,0.22409583488918028,0.026817443320130713,0.08884703697985591,0.3169151743745505,0.2509853448396124,0.029328634175269774,0.09199772743271459,0.06468646120787366,0.12582585964989712,0.0944881094126516,0.3230576619959836,0.16407590683589043,0.04943390838035799,0.1416739311160375,0.05384224221102248,0.18812948792575956,0.5141032132728743,0.10034938028035506,0.18467046277012394,0.0871194545402016,0.13971789201070667,1.0,0.16615331459102842,0.07574055665537947,0.5713863329948119,0.06843801475100621,0.04617577972018603,0.056678390063525895,9.268702374418362e-19,0.02218382515165373,0.22176491757237832,0.052897498706107195,0.1081681963640097,0.26604016334154357,0.15707759801665472,0.1784611202390333,0.0036984247286897,0.11303288251922726,0.06070747135359897,0.05614720967309948,0.17665316698371392,0.137184047974584,0.0792150202438612,0.214308379351125,0.7743910966555898,0.08691605149303684,0.06767402315019551,0.10364835166313971,0.2324244460297897,0.6596155932410429,0.10017517279994832,0.038779260870884624,0.08359469089873087,0.39232040574854504,0.1819355161252772,0.03886441559568785,0.4627462498315368,0.07813378302169664,0.08827517399194262,0.08612101480588345,0.11133228233723204,0.3578775715293543,0.02967069919822395,0.053149045705183424,0.09785298938346215,0.07878739912610751,0.027241472161477685,0.08485149058004705,0.01715381424588172,0.004101961562037341,0.23992118285149108,0.030253436655363314,
ext_geo,0.05240633071482188,0.0005092230862781378,0.04444227212257815,0.0047157972778452545,0.0058002691045668095,0.007282807834607193,0.025356326072137145,0.0737058391870101,0.09894525423650322,0.1622457912930477,0.025625604828621865,0.08737329390483112,0.03325214139205125,0.1332777760785971,0.09486236585796025,0.11908812395938212,0.042359277038730714,0.12023918338566161,0.005650069003696972,0.050535289192919906,0.43667170710526876,0.44573917005741176,0.21519709267840745,0.20327819163220498,0.053662833410748366,0.22302083201595518,0.06223448154156418,0.6073226017823851,0.16444372040619795,0.38371401183896536,0.018927293119028295,0.3766953085240089,0.6464230519589651,0.11504680612786686,0.06046495232492998,0.12778715952045724,0.05981810029345078,0.49400164004645397,0.048905451250544435,0.001914120992774043,0.09761827584835607,0.0500421062786773,0.1979380134951318,0.26080762459175694,0.10660185679181092,0.15658845721263767,0.16615331459102842,1.0,0.138432970407223,0.09493773313910155,0.28913139783627784,0.17760387278816311,0.03626970816061264,5.354613694017916e-16,0.23049077535035498,0.007099185322126488,0.22347708066319524,0.13007915473084833,0.38369936616806344,0.07658109681954652,0.11974017511162226,0.026170420314162675,0.13864223632724987,0.011826962250506317,0.05133727807507231,0.2695864223951456,0.5552320150375277,0.015432582402259719,0.5791138766266234,0.14889211298212796,0.04471028075833845,0.014223121659752832,0.2515880508478867,0.06380412332776415,0.06024357481018986,0.09969462572222634,0.04897804566003525,0.14539420945533385,0.035831147649415196,0.24525781178098205,0.019992152231295954,0.04341116422901602,0.052424600095641115,0.08989511010746845,0.011633563632673033,0.17020817183611694,0.03357322082501602,0.1415340370087944,0.027641063890832495,0.15187501673349654,0.12023567662494268,0.00925220459394328,0.02035165588470641,0.07597569074748092,0.1300104421209768,0.0028100455328744904,0.00635839706499867,
ext_rate_vol20,0.0018653507832560668,0.175634770977509,0.12828715754030634,0.006724883383373242,0.05834186006668961,0.16951138705152055,0.10005642445896838,0.23629703803042373,0.15145142389734387,0.10007020051588832,0.10391468889986953,0.18139247889132767,0.06923681127232775,0.03657925134575396,0.23405793286176688,0.26126085029162915,0.10451483822414402,0.015092530776503438,0.12057708674607148,0.008953481103825272,0.26933102511554485,0.07510972281722784,0.21957178579033101,0.10365749593942092,0.08504126996521547,0.19732672960720885,0.009766047083994927,0.10233749992094626,0.1473336141003724,0.05125663791016927,0.0943312751569647,0.393436948271328,0.18793237305630367,0.2037162581778509,0.27235968389564535,0.20250854530335916,0.001348500521474473,0.14361941491147373,0.05749256093496933,0.09690462258923785,0.08746125025302726,0.19460004500243566,0.004160035429470339,0.12526398341687656,0.07265432810463925,0.033378339628970924,0.07574055665537947,0.138432970407223,1.0,0.04327711892630331,0.03637076241381728,0.12234992389263591,0.1633740848173777,3.3793407324082505e-16,0.37530651407748555,0.12281398711203649,0.028111896067189165,0.2280136166665847,0.16458257530683243,0.12252935276794466,0.10163165497288422,0.044492129349223045,0.05045770909138782,0.10266938550412982,0.09090420278913154,0.03264694699252513,0.017262905443590437,0.13396962959901418,0.20585741249686593,0.21917869690676733,0.010452139869838098,0.3693977480129757,0.14470649488209966,0.22186645234282154,0.12257250905063255,0.08820886495380943,0.0797061654717359,0.12808611862459351,0.07290260718076814,0.24879674611609282,0.0046736626985199765,0.06779789849314774,0.04449633436768271,0.03850310243425138,0.10449306353673203,0.022736460916150013,0.05243337417937894,0.03297006500456884,0.009378187577018107,0.09057672208406084,0.014560554372546814,0.25207345133724113,0.029266565803579364,0.0023193613424913138,0.07105883909323277,0.031675907130912645,0.16513797835457913,
regime_liquidity_z252_exposure,0.12894281870111213,0.06377425947295792,0.06350730921630555,0.20414326118381917,0.23149128476669129,0.0807020582947851,0.07896194088892002,0.08722353160636379,0.2277562059048685,0.04858829636647009,0.016178429097326398,0.08245656997442778,0.016320313480303918,0.1803184268415443,0.006169711031492394,0.08787974245613443,0.023896017510115972,0.01075301667051932,0.10414475080119619,0.2633367718201644,0.15920950622482943,0.12183837055176927,0.24136083543744483,0.0966859954060782,0.16657657613969531,0.1280452973367403,0.015323120598986235,0.050765982657374496,0.1810809993562867,0.14340959582334467,0.03466370857345578,0.052566244121635936,0.036960959863977946,0.07189517654127546,0.05398921434890759,0.1845907328337633,0.3709208716570148,0.07757631683550571,0.08095054798135246,0.04995483705377397,0.3429500460626703,0.2937515498128385,0.05733826441669455,0.10551817853467658,0.04977886566223484,0.0798328939697626,0.5713863329948119,0.09493773313910155,0.04327711892630331,1.0,0.039104546286022196,0.03251677264879262,0.09685392833455395,0.12860139315888003,0.012675534505201301,0.12671344303857843,0.0626416556142688,0.06180582906709474,0.2903310816883965,0.08975199272637051,0.10197024507552821,0.005889728381455962,0.06458544425049499,0.030640818838407583,0.12464155686315682,0.10093720529474555,0.0912128025948413,0.04526237993525018,0.12245287900750108,0.4424764890218675,0.04966264394099485,0.038668011926796954,0.059223251577758755,0.13280415191531306,0.3768953350081989,0.19866417156176133,0.022157939665264442,0.047764863890460627,0.6628800214117067,0.10395546740034124,0.07856369887407681,0.26440688279834557,0.012195552633531446,0.05043922796173529,0.07049033565005298,0.14483609049272356,0.35128974911269145,0.016953432012265297,0.05555664974088452,0.025800758143572987,0.09748944140436838,0.015565404883726987,0.048482982051677004,0.009801455018828493,0.002343804775018373,0.13708768487729167,0.03715048861377377,
ext_geo_chg20,0.09455529850811574,0.08833630090013615,0.1624700163513117,0.07484725698888303,0.08162624293909458,0.0832690877263012,0.299471352687182,0.01184608714281256,0.05516154912360377,0.03553993692692114,0.07975297990544142,0.11936020550071512,0.14549864112836253,0.02685997494493739,0.054556541346416756,0.004794137267974176,0.02436135371774418,0.05159802585568875,0.02961875532060172,0.0006541518874969073,0.09565292760205617,0.4217743916578923,0.012468333749813409,0.5935992784371932,0.01848761251379705,0.10465855671576094,0.06022354180013791,0.5746704308572651,0.11719262454256729,0.09477958262974559,0.019961842395939716,0.036681037717614516,0.6327201668994339,0.06755847192840087,0.04650290423235637,0.04402450149007113,0.021947404995866098,0.48352978624689863,0.1723800979797361,0.0589425496818534,0.06956873708360796,0.028567886150057904,0.16591652039911978,0.7465080343884023,0.11189658984194363,0.021915853400611612,0.06843801475100621,0.28913139783627784,0.03637076241381728,0.039104546286022196,1.0,0.0714588862263382,0.027894618291679017,4.739632972845599e-17,0.09256089576257553,0.18606135834960968,0.7729256744012956,0.18942153363898162,0.02111818284595119,0.11659907991155001,0.048568899573689844,0.07704838481239022,0.10767018580190575,0.05553359119897629,0.03014658273833786,0.20936323942438853,0.14457923665951378,0.07246380804461577,0.15974155572682777,0.024843831157875872,0.10906628098096019,0.07360943125099037,0.07755131236829059,0.049520329288420505,0.03191609405270055,0.04678439922446214,0.011259115476836572,0.23021465107434513,0.018982775872747538,0.06428461781145209,0.0487688660345977,0.08727599239873797,0.0212644180189519,0.045837932995338206,0.07287601445356838,0.042042403949453376,0.06749729516737396,0.5335368807977744,0.05131595422074729,0.023684963518129168,0.09337610747949318,0.09188134049695086,0.08791853025022138,0.03737085515193377,0.044810845107195844,0.011381848622816994,0.032906840201397176,
corr60_spx,0.10537924883263,0.07341088469936977,0.20057088953396274,0.1462475554112098,0.12476595823538146,0.028699702656006805,0.060558525423558995,0.09518679063458256,0.1044542271172524,0.21361548037818198,0.14194636007797726,0.040481945093876995,0.04864770332917756,0.17719776465628423,0.002306822905912985,0.2958708038182264,0.03247154577660884,0.7000806212773425,0.1774471007898471,0.19439784302955715,0.05752660853990061,0.08211574183411102,0.07902353582124336,0.08443437463090038,0.19748649167881607,0.315451806728422,0.3420314942867331,0.1450884078996478,0.04215848167437359,0.10511826581090887,0.06488138615571577,0.2655962995960331,0.1836024758156603,0.17754917878118648,0.1205185238102448,0.02792644830599143,0.22526494819466336,0.10238258990680033,0.28581563451576525,0.02066642431793658,0.10137111264240874,0.16242777307078896,0.2261907534993352,0.07299102682030725,0.18780126821071236,0.19943063173099262,0.04617577972018603,0.17760387278816311,0.12234992389263591,0.03251677264879262,0.0714588862263382,1.0,0.10058337939695372,0.013704264034650703,0.27123698347959424,0.24860271565629874,0.06082120451591229,0.058752393392006164,0.004219878855409952,0.1454625260418567,0.0562884121731585,0.030415093968696925,0.02622831855381907,0.11850328409683106,0.012248226169642927,0.025415485315156354,0.18270766384923767,0.14374107675492978,0.019329552417912562,0.029945697835886555,0.10017817879670811,0.11788701967020483,0.06266413644805029,0.19760344400729093,0.11896164549422503,0.08782379430771219,0.11219732682902797,0.10791604027729798,0.06990166071068436,0.05936959831245136,0.0644259839506448,0.043049758956065554,0.12761936957829506,0.02744480145743475,0.00128182573075907,0.21854559286191474,0.024731970243188135,0.015620120137480466,0.0022335807073447867,0.027526757837400807,0.1849071305630735,0.04436848361816903,0.036839441292173064,0.005364075138702389,0.03975603258764647,0.0066132014190729465,0.05070816111397966,
regime_credit_chg60_exposure,0.04469427196962122,0.2509547666534213,0.22388482862267023,0.018070473265251297,0.05636295075466523,0.14991311406513444,0.16418163445857947,0.20327415520960126,0.06982290136552331,0.14435392709404776,0.16257765385051406,0.19087308539143086,0.11274710242527909,0.01843157407038285,0.14177217317339488,0.040411708072148195,0.20993079116944133,0.032991540034836946,0.159048827815454,0.020910301393160365,0.12544014834457595,0.043554329321438025,0.20380755309565513,0.015113502262558105,0.10090227593424282,0.011407517216840649,0.031629203120177606,0.03922250037991925,0.43163225483047774,0.14264580305719204,0.1581957655332169,0.09426277717130797,0.025292902574591134,0.06925631809224767,0.5998467999396501,0.07694079188845289,0.10227672485375171,0.029956387475585412,0.04537099093220756,0.07244918934780195,0.715030953745188,0.27686651488146174,0.10562719144309914,0.012429416427902726,0.03455931977332792,0.09220860569323802,0.056678390063525895,0.03626970816061264,0.1633740848173777,0.09685392833455395,0.027894618291679017,0.10058337939695372,1.0,0.009523601279474362,0.293383402660596,0.03975320813036563,0.036842532047198465,0.09092839303476638,0.008644816205453341,0.004874104287352131,0.05310821956972831,0.061827747634684876,0.000489685621666945,0.034355518515819,0.10170308484653075,0.2505019259702677,0.08462379764049299,0.028472960928423427,0.0682256970291152,0.05709865507661015,0.00976573081427785,0.3668657152306521,0.14098102427172174,0.06119399983080003,0.10550082093751134,0.016415238574890127,0.07143446506592192,0.15731688977856467,0.17727904902157138,0.007767394196855626,0.014219448107220317,0.021526378054899202,0.03414590849889366,0.013206951371321368,0.022468978507098173,0.1083325523977283,0.028522732952205834,0.016199032554611064,0.01733674264322414,0.008602987377796396,0.18786986943236303,0.18623184803994586,0.006323893565558919,0.013139162532687336,0.054345345504982524,0.02172221352571634,0.2739610102916737,
asset_id,0.3860197679549612,0.06397994694058629,0.1732611168134682,0.5295577808358688,0.4085132672311689,0.032168383659511426,0.042666729646523724,0.11795946458984201,0.43610388812231315,0.41700649258021066,0.1538347314662051,6.052239502588671e-16,0.08276281908711203,0.6560645077974484,2.7132225032558334e-16,0.29123679326575513,0.04128926992061553,0.21977861465373325,0.18037761784896025,0.5571627041766272,3.2871784095553665e-16,0.28116481971359925,0.1638037435931018,3.2491923330603885e-16,0.25766070679544634,5.325074620918824e-16,4.2416430233916456e-16,1.8953442302010523e-16,8.443501432127805e-17,5.692264041916325e-16,0.054320536595116625,1.1088050550284255e-15,1.2366765665639045e-16,3.9793030147755667e-16,2.0224818354582368e-17,4.536170186608104e-17,0.17799735765374458,0.14354787081728285,3.571847265436499e-16,0.013912695480170132,0.061264114698631696,6.129140219023013e-16,4.1031537845991546e-16,1.302285323848308e-16,5.69240588522754e-16,2.1461910566217905e-16,9.268702374418362e-19,5.354613694017916e-16,3.3793407324082505e-16,0.12860139315888003,4.739632972845599e-17,0.013704264034650703,0.009523601279474362,1.0,3.6590931932406945e-16,1.1411631390065798e-16,0.05773380466514843,6.600768000814446e-16,0.07963766227681505,4.3391034565617176e-16,3.1628947594456036e-17,0.03832199181078655,1.2490037119972804e-16,0.12788303358680725,0.04967935812253295,4.744903404994577e-16,0.06449891791119242,2.3616112785616687e-16,1.8794061808720926e-16,1.832522181030266e-16,1.6547530372310424e-16,4.396294861495552e-17,2.917299359095189e-16,2.309568697073452e-16,4.5097285105562517e-17,0.022081654399978248,5.785489493789295e-16,2.6365854761516767e-16,0.055519970697665,9.185655790140427e-17,0.012745696190957523,4.911335032443349e-17,0.08593086434538125,8.518373436318809e-19,0.015833842985639317,0.05361098192816942,0.04932022531093777,2.540924197692211e-17,0.02743558424178032,0.069247874253027,0.031022162272922236,4.4209942631041407e-17,1.0451262641112227e-16,9.181022753861579e-17,1.3493445647764178e-16,5.5091655698588566e-17,0.011519437199148542,
ext_credit_vol20,0.04640468068586551,0.10908426594339544,0.09351610234365185,0.006374347082404436,0.004344200533364728,0.06411204836487418,0.07457175890521439,0.06641542450252565,0.10034440065066924,0.024571200599916583,0.030705349176840317,0.07634412243455933,0.03035983625035675,0.04318721809462805,0.18514965236318776,0.1403656034789643,0.08267562533513212,0.17492569717950496,0.02422520264628138,0.043934491408548715,0.06613144184561011,0.24977800484271356,0.23888247565224313,0.130518249295372,0.008269989303993565,0.18962644646580648,0.10714514394116176,0.34032420294036736,0.29566452130840437,0.3013792202887027,0.01741868404976301,0.08335473619954294,0.26085763640744525,0.12824571500510423,0.4890972206405256,0.019693303078742192,0.08511748912178185,0.19934948144779266,0.012565756654647046,0.017732378738588517,0.17551452088509345,0.26898084294582447,0.21175917188869178,0.1236711780540719,0.08846067757656292,0.12023945319685224,0.02218382515165373,0.23049077535035498,0.37530651407748555,0.012675534505201301,0.09256089576257553,0.27123698347959424,0.293383402660596,3.6590931932406945e-16,1.0,0.291182052227113,0.07154269278047697,0.07455297337194347,0.2166396928575675,0.12122435837841625,0.029786512530724146,0.01965836197117023,0.022035427197971004,0.048629247347285486,0.05722702050360308,0.27302073454853076,0.17072991249313263,0.06345457531283807,0.08696980788249152,0.050063689636468504,0.04323937833444082,0.40776763557355744,0.2618977731642144,0.19624852541426827,0.008624216400666457,0.08476668944581728,0.10894826493021123,0.24586769635198477,0.005129436162884357,0.1323299849219843,0.01933443985111922,0.014879369725986094,0.01304112012706955,0.007202414905728946,0.07848444288934539,0.13368603838283175,0.011507370843873503,0.06903008414650211,0.06924750230300682,0.19832540311927002,0.12176738152994111,0.18491978861275607,0.05581239724746877,0.031292392099924966,0.11499034446073052,0.07892819218827127,0.18229110312464178,
ext_fx,0.15305759461088644,0.13109725830548816,0.04208607124570913,0.01693498564498263,0.037933308031305596,0.09765449443757797,0.0024214570851913957,0.2119020965439552,0.007723753807067209,0.08806564507077869,0.08207259683817744,0.07221312556069212,0.028285076932956937,0.04919430117879608,0.09743028558251399,0.20819106687896763,0.04350594065018283,0.13984290215274472,0.08225358273724057,0.06437536193478113,0.23702171417762655,0.2718631983585599,0.1327918214644604,0.1590006220027725,0.08981926396124194,0.015630207391445387,0.18484713175304876,0.37041542688459633,0.408508579023609,0.1259604881746165,0.06523668996555365,0.0651673280648552,0.31017471421503046,0.0033304028579416176,0.06627226840980972,0.21388636943509368,0.1434883656139689,0.2370379847358732,0.131197642278529,0.05983065480981077,0.24250183014007848,0.21709770696204472,0.5914715817647056,0.11618623380255308,0.20776097535587357,0.2579522806855067,0.22176491757237832,0.007099185322126488,0.12281398711203649,0.12671344303857843,0.18606135834960968,0.24860271565629874,0.03975320813036563,1.1411631390065798e-16,0.291182052227113,1.0,0.14381160088239386,0.06051353940408865,0.15933872595344697,0.20263521933748896,0.04168083304818665,0.0101186831493182,0.13811153274013976,0.11415611293655475,0.0014861239818347804,0.007696223670899163,0.16448859043916622,0.1489582516879707,0.010736760190846665,0.1104039498729962,0.0700917345496123,0.07469262481718165,0.11387526725966904,0.36945553014644583,0.13150167835296894,0.006987005033410072,0.18219933720517187,0.07648268484398704,0.07821342056902864,0.004584823041525724,0.031341441017681486,0.07539087646222777,0.01824868722771957,0.02456465548925404,0.08454768451350102,0.05587365525964647,0.058305613051632024,0.09012987891576729,0.05211136927219496,0.08587522542253759,0.0034325195323491025,0.02889758478458159,0.04008419119425041,0.06726156691652684,0.04240559574754527,0.04001344128308137,0.03339107811743641,
regime_geo_exposure,0.14245727721695228,0.10689299447237685,0.13614945752559507,0.13841381615300513,0.10948568543978596,0.08814522733685327,0.25562652140225856,0.0033183216457716,0.09158030508479606,0.03511273320281794,0.12568332539090896,0.09225656733331752,0.11246868803322173,0.07337035991886029,0.04216815151318156,0.013817718303134224,0.05039683978273143,0.07273799480058556,0.03552286598034533,0.03628865687645142,0.07393260357527785,0.5643227524632192,0.005466932974819647,0.4588081226101912,0.05646097099616038,0.08089328553139627,0.04654832166070631,0.44417753032883867,0.09058118835942214,0.07325757282356966,0.04343284510480847,0.02835171581562665,0.48904566170804764,0.05221767747678051,0.03594328861541305,0.034027667504394656,0.07732114533770733,0.6336035117469742,0.13323700348434958,0.06216428894213405,0.09546286141024206,0.022080852668752992,0.1282411384238064,0.5769952259256418,0.0864877471667899,0.01693932576974763,0.052897498706107195,0.22347708066319524,0.028111896067189165,0.0626416556142688,0.7729256744012956,0.06082120451591229,0.036842532047198465,0.05773380466514843,0.07154269278047697,0.14381160088239386,1.0,0.14640876663403818,0.025796319372590203,0.0901224224752054,0.037540149457923125,0.05607251447107711,0.0832210509738509,0.06199241142492636,0.054254366502423414,0.16182222302693602,0.15208721294329972,0.05600913770257095,0.12346834969007106,0.019202434952413083,0.08430012878165033,0.05689461929196815,0.05994140041296717,0.03827553391182651,0.024668768519938922,0.0886249786477596,0.00870245942309537,0.17793881443869897,0.029749635207684175,0.049687231575546,0.09321097027435328,0.06745785528383703,0.008196625999969379,0.03542931527358322,0.055273065168223695,0.00511375245325275,0.08326889241049311,0.4123843534085852,0.044450687681622914,0.06868331895920252,0.002959088841926385,0.07101744706850109,0.06795448928602316,0.028884893421261604,0.034635452674971465,0.00879732302272435,0.0010987963308742154,
ext_inflation_vol20,0.15534148179361143,0.2382341915002432,0.05353627614702149,0.0321938813355986,0.05090499620000338,0.09482616567857498,0.0252041713826038,0.27441100230198107,0.006965905837170685,0.06813931591054631,0.10845886425405324,0.38945724678583943,0.002559162660360261,0.09152898035884789,0.13236632264057982,0.2761322745986132,0.059106070996856316,0.04448078937564723,0.05936473709641205,0.016293321409037616,0.18339157621599547,0.12226888732968744,0.17949287172406622,0.12180782941342089,0.06887926566696408,0.15227730960351404,0.22525806329766823,0.16659217712578084,0.08122429537113197,0.06055989449586025,0.2690250978862245,0.5188837997379798,0.10490225564204424,0.1686200394614163,0.15158602670534385,0.16402200834354888,0.015204011731954507,0.08016713849343321,0.2022082827212349,0.04145140551160913,0.04821695624218334,0.30938957098026826,0.1798948759548192,0.056073331076442016,0.09984247317145468,0.16215011865235165,0.1081681963640097,0.13007915473084833,0.2280136166665847,0.06180582906709474,0.18942153363898162,0.058752393392006164,0.09092839303476638,6.600768000814446e-16,0.07455297337194347,0.06051353940408865,0.14640876663403818,1.0,0.062150396575403874,0.061477687531104434,0.09316683552683881,0.0017192479363710201,0.1979152601334176,0.07552259823463611,0.07524323487293753,0.09439814098522979,0.15985895433360892,0.09854675239526253,0.19463154217508138,0.11351082908883722,0.06223875417683647,0.07180891991131338,0.0171812174166801,0.06955155487952569,0.14283937121021512,0.0680709028375603,0.28695586166475406,0.025591066917507937,0.084956754576874,0.2627112347238021,0.027829989592661444,0.021296625446500957,0.04079027018390259,0.0455864861850517,0.12138563271199017,0.0268632069997345,0.016470332497213525,0.11808431533876533,0.13189866699021627,0.05814318723043379,0.04210161718330005,0.03648811462386106,0.052055933686582845,0.09844742993305261,0.02414396850008526,0.016674050612654586,0.03210192786980297,
corr60_crude_sc,0.04411424796797395,0.1401937248782135,0.016476408469312993,0.11713641368657209,0.10111237463208475,0.08561765525417986,0.017381882422048838,0.13058217305985906,0.08551565763040841,0.15625501201168096,0.002764493535167406,0.1974118829354049,0.021936409938887576,0.08083885977956382,0.08643951736481359,0.27903921719432523,0.019664885334121605,0.04225896758476953,0.12842292550512402,0.17306775583881098,0.1134299560642758,0.21300905167567227,0.7648629035653546,0.08403883574547759,0.034060798893888515,0.1392354518407946,0.01225888915426433,0.24566145378025686,0.14601379756418814,0.2603994103189414,0.09375913280820065,0.10681933692233792,0.3161445305126229,0.1204000045820644,0.07538052242501021,0.003101465869485974,0.0968246252079024,0.3070713879204295,0.026362031801853765,0.05778112986596698,0.20808108642313525,0.08445429380699367,0.24026230971392876,0.04603794289090012,0.1020011702748619,0.0622622509841762,0.26604016334154357,0.38369936616806344,0.16458257530683243,0.2903310816883965,0.02111818284595119,0.004219878855409952,0.008644816205453341,0.07963766227681505,0.2166396928575675,0.15933872595344697,0.025796319372590203,0.062150396575403874,1.0,0.08590239638988408,0.11810772815597458,0.0069030660569324555,0.09200329648181424,0.012593347861981125,0.059946108157873754,0.16703814970428363,0.1542277499569308,0.03641279104820475,0.24499093257966642,0.2583449599287859,0.04000645084251083,0.04020318893366535,0.11501176472706412,0.048509383843708676,0.04016079216954033,0.022103846619025678,0.1587082421335783,0.18317039883550468,0.09959703307792761,0.24235358076142335,0.0032226656085856554,0.017455427276481236,0.056217471811695674,0.08008412671876479,0.09519642810893081,0.028504145480229403,0.027786176844586508,0.021784027703365443,0.10478164642051865,0.060992173246281416,0.0009266370700516675,0.03572550818765427,0.013253946266533837,0.07439187298804886,0.05875790604271132,0.001339809716597458,0.05249929580456648,
spx_vol_20d,0.1742604779059929,0.19267751940715291,0.021082985788464265,0.03898211071065691,0.008891538289160431,0.07357574115180915,0.0006714526894843237,0.1872055162066384,0.23494177382324113,0.0014814829557361605,0.03471088999041156,0.24398212577493616,0.022076543680005452,0.018840195602537795,0.15478975034377493,0.14238042054472916,0.06911889513050479,0.18520051418051883,0.043264318010876206,0.011516828304040869,0.003987294130545783,0.1104452760998114,0.015184416901943892,0.08029285073079599,0.07770979494986402,0.5077321123760802,0.13317481434891135,0.15048242770962203,0.024588005767766572,0.1800585962317114,0.13724511088040078,0.10660710211238908,0.09227917289050391,0.3636665348162998,0.008125581878310485,0.18505012375234,0.19245553681104136,0.07052047820988443,0.24598568555895325,0.006413307667303191,0.014596110594371818,0.18647981776899253,0.4197281814754515,0.12968096529791956,0.6670868373662978,0.05260648066804085,0.15707759801665472,0.07658109681954652,0.12252935276794466,0.08975199272637051,0.11659907991155001,0.1454625260418567,0.004874104287352131,4.3391034565617176e-16,0.12122435837841625,0.20263521933748896,0.0901224224752054,0.061477687531104434,0.08590239638988408,1.0,0.03137741329207022,0.016937086145406184,0.14888051794100232,0.2514332081060777,0.1622787337852062,0.07056920130145278,0.0343956535095409,0.32808625076954484,0.2547952456091239,0.04249968631039148,0.21305497081347116,0.007447546949658748,0.04279785541973279,0.5087250375392383,0.013831171268914443,0.22696607511027214,0.4570677111053604,0.011252369310441136,0.00822638333568832,0.05260007465922509,0.09526729284389189,0.0014386442608056735,0.013737647722153579,0.0067945757684187745,0.009166879211504313,0.07987053780261451,0.0011126152065829714,0.0699305996188496,0.09864025494670527,0.02451267047494499,0.03147389839583683,0.03729479202740205,0.06207166239600487,0.11849957149706969,0.006593028923196472,0.004598750855336508,0.003329399958670674,
ext_rate_chg20,0.1256741802783619,0.16615260506374635,0.08077877647321514,0.06791448753884073,0.11593993252855248,0.10932083696359504,0.10869365568348395,0.16821029440795712,0.08549822256084837,0.1911348238098284,0.05716404622674299,0.0654078463936764,0.0862383197912392,0.014764803996902102,0.2923400743692528,0.023284338215682942,0.13053979929482468,0.10426199068713762,0.05253888895119315,0.005111880614871435,0.5144242518411557,0.08927077929694309,0.15531776702491767,0.1398384313000277,0.22397968052473963,0.06437457263329784,0.08573801384830974,0.12163203413058227,0.06741851638722415,0.2034047046951645,0.09065364494805471,0.023734944630736908,0.11913971643327963,0.28318168138820043,0.088536305561806,0.5333622051873066,0.024957441984101207,0.09104751932090066,0.148413460369654,0.03301956123756233,0.04002146943476102,0.14962487378348005,0.023996703436907865,0.028192582404046856,0.19279418661941733,0.06568778372782776,0.1784611202390333,0.11974017511162226,0.10163165497288422,0.10197024507552821,0.048568899573689844,0.0562884121731585,0.05310821956972831,3.1628947594456036e-17,0.029786512530724146,0.04168083304818665,0.037540149457923125,0.09316683552683881,0.11810772815597458,0.03137741329207022,1.0,0.04820096707947396,0.053823578642833644,0.06629411792904365,0.12636401837209435,0.08414055125159493,0.04068633690920126,0.08650483666516223,0.14179597993917234,0.13957224310828986,0.0871562920261508,0.057795917619705754,0.07371183297739263,0.15750516266978012,0.0434056152255903,0.028776679141102542,0.0641251688185206,0.027468023758587364,0.02581641300108864,0.030361391793254578,0.03897183888242834,0.09214098782392276,0.4378196377846495,0.5387224993340981,0.036921902694636244,0.09022642348426575,0.07125977352111616,0.012497473181271023,0.049690422012922016,0.007442231084541665,0.03752672713057744,0.019961940334144005,0.0004588318535222189,0.056504202593003885,0.056028483180733474,0.0361912678162156,0.02583746393746497,
ret_5d_cs_z,0.2401912071630332,0.341759932121011,0.31026964619229735,0.2209183797901041,0.22832333961734336,0.5370519951725953,0.43793604904896916,0.17912897040780928,0.030035902749006818,0.05483494923883939,0.20171778327772086,0.07787335499455984,0.702678333373878,0.00932066364666367,0.1266854932011445,0.006381472123435477,0.25940247056654697,0.030118589459543325,0.18001831188217288,0.005272106209174837,0.032830154543431,0.004411756507384804,0.03975717109330021,0.09319707573093572,0.0303483332422926,0.01984413181851955,0.021761016194374563,0.007828469459043677,0.03307041839455497,0.02442162167159559,0.03545020398513251,0.028909280746091153,0.006006665205667197,0.0018634594170128939,0.04052336264803179,0.021273829455070142,0.005240127912058654,0.012451585354545044,0.0444157095733963,0.6738391564833814,0.05492531585582439,0.023696807378686346,0.01265451930954438,0.09263477133678855,0.020484505876326463,0.014863007704198093,0.0036984247286897,0.026170420314162675,0.044492129349223045,0.005889728381455962,0.07704838481239022,0.030415093968696925,0.061827747634684876,0.03832199181078655,0.01965836197117023,0.0101186831493182,0.05607251447107711,0.0017192479363710201,0.0069030660569324555,0.016937086145406184,0.04820096707947396,1.0,0.0028837675452922456,0.03402261607779214,0.054367240057431904,0.051766726618813846,0.013110011583829446,0.010539042983622295,0.023782727784187968,0.028445512559618462,0.009813458417121666,0.015903656522442234,0.030332257374458375,0.03402055417957681,0.013846431482334392,0.0017461365512155414,0.004360539607258473,0.035051791626918384,0.025189843217536676,0.02883260200216971,0.07856625775331545,0.022141357293897695,0.008426909831712636,0.050162401459559094,0.013408356640881103,0.02222471065077637,0.008268419951997232,0.14840494918043542,0.028404252136729098,0.005163907201630914,0.014862798078331234,0.017212109204316827,0.013648883217237185,0.005263876078650813,0.03741570991447765,0.010543038515522572,0.0029955959819578624,
ext_fx_chg20,0.14554254295448193,0.036323757034671535,0.007822611532009525,0.01527694766178373,0.02628785754420563,0.1391554828309884,0.05786037779834792,0.10676547856433656,0.12945098341891634,0.047618573211450695,0.013827052642160751,0.0320283006255997,0.010157655409131518,0.019716206168096734,0.16415933106031186,0.09479076703190473,0.07330273201586007,0.08242769449141786,0.04650194021827914,0.018472670230663114,0.12816162125650463,0.2130320894573223,0.11068089638279642,0.33239076650182414,0.06771882321656726,0.11307207470130344,0.5305617193304345,0.290257647349446,0.08456611600039136,0.1148424287399178,0.13172806068678788,0.14999978743087336,0.15033813150532324,0.16491086662188076,0.000816351144519318,0.1612586498867167,0.06233444626295266,0.11488959637204274,0.18317071338378496,0.09159165983800314,0.05020075207954942,0.04237547357127733,0.03696726556054186,0.29527283373695296,0.06719814309750861,0.5983192490616746,0.11303288251922726,0.13864223632724987,0.05045770909138782,0.06458544425049499,0.10767018580190575,0.02622831855381907,0.000489685621666945,1.2490037119972804e-16,0.022035427197971004,0.13811153274013976,0.0832210509738509,0.1979152601334176,0.09200329648181424,0.14888051794100232,0.053823578642833644,0.0028837675452922456,1.0,0.25187592679735776,0.07358809255390547,0.007650160244757706,0.06213793467342451,0.3286639386440406,0.1974038786756641,0.14327965300115458,0.346453636151916,0.08977340018372544,0.21453544396299454,0.2521327658181097,0.01625350761747996,0.05054540450362777,0.11057561298391236,0.010586781289102657,0.009667119408131718,0.26586303162263325,0.15491635743627938,0.035716645925589534,0.023565019705679133,0.047120757376703334,0.11012473243361659,0.05094189745993474,0.027622452935441556,0.042434399219691166,0.024671748213419522,0.016206768050685338,0.0034119752216951746,0.08918202147740624,0.13642692002403753,0.5272571966851223,0.1631489166546882,0.07995031462249431,0.04013288628883604,
regime_global_risk_exposure,0.11298316249575535,0.2041214474056758,0.048485597914867826,0.06932076955140233,0.08119629855747648,0.26704922289578487,0.15727518393270248,0.055493884651796235,0.08798366954735656,0.06068988416067563,0.042690083211444574,0.15730155470505156,0.08411245794736902,0.13287164378397864,0.22616554564372282,0.1511885650033403,0.24511583682669608,0.17553991222742407,0.012836253966337901,0.09751356622360467,0.01469578685631417,0.06405641659581664,0.062431305842126826,0.08676188897781467,0.03662172346350845,0.17380152569778723,0.21597997188993362,0.09037343394383238,0.05158792159976495,0.1185539728564554,0.03653076199322893,0.0798714061874805,0.01703288433153773,0.1261253442730197,0.0363770009911385,0.008869757259434534,0.0523815473928114,0.002041698184797329,0.07187139544491478,0.1473423937696264,0.038095805392443075,0.09861556192755763,0.08457733925873769,0.1089322956275151,0.3715678734745556,0.19557224704891968,0.06070747135359897,0.011826962250506317,0.10266938550412982,0.030640818838407583,0.05553359119897629,0.11850328409683106,0.034355518515819,0.12788303358680725,0.048629247347285486,0.11415611293655475,0.06199241142492636,0.07552259823463611,0.012593347861981125,0.2514332081060777,0.06629411792904365,0.03402261607779214,0.25187592679735776,1.0,0.13184569629982984,0.017219257320337484,0.09212258905398743,0.7663631362677512,0.013043280437430334,0.04208081003366112,0.2674903736006472,0.02998038724793939,0.04756989551825439,0.11185922781880259,0.0066514194075384305,0.1902950747104743,0.06689892290189649,0.10608663790695601,0.01832399298399992,0.01920542937107451,0.2967478590942932,0.027146228382068795,0.01815590370550009,0.03430601143960651,0.10785859438861706,0.011327196960721281,0.026835202428414823,0.019316364476054507,0.0161208496357238,0.008884452909436406,0.006554517928503218,0.02961194703832431,0.14854825459221702,0.11092533926409706,0.0017637784866053959,0.05745529096057948,0.0024338844270049213,
regime_growth_chg60_exposure,0.24125155585215488,0.17271515352200245,0.04943284424853457,0.0722977392222516,0.08016005638320885,0.15083353317041925,0.1293545893056299,0.16015669916276348,0.18183701718473896,0.33266839618668326,0.07901441225325427,0.12190733477027275,0.10800263330999697,0.0380518980149301,0.10976098487620789,0.05641650464110166,0.24871383263893185,0.15266954888112488,0.07440660667650481,0.08337957537570251,0.15920665481575993,0.020361715158687375,0.0493553518766859,0.05952918688986641,0.19822603785110887,0.3514640260092022,0.16861872680027956,0.0004849963303322877,0.0021881369969182773,0.010896604893400458,0.027011527636504676,0.08763851028882969,0.030934085365445448,0.4462294939158449,0.051520174444354284,0.08354795448780378,0.16747742528191475,0.04915890611697653,0.21604927093770734,0.08713697206352984,0.004103410151686374,0.029885196637270278,0.1253309723956201,0.019055663797568113,0.17251558021777222,0.12265086979968971,0.05614720967309948,0.05133727807507231,0.09090420278913154,0.12464155686315682,0.03014658273833786,0.012248226169642927,0.10170308484653075,0.04967935812253295,0.05722702050360308,0.0014861239818347804,0.054254366502423414,0.07524323487293753,0.059946108157873754,0.1622787337852062,0.12636401837209435,0.054367240057431904,0.07358809255390547,0.13184569629982984,1.0,0.030048179871347763,0.06413899683970109,0.07343887757832895,0.036405758782599676,0.08816828857858224,0.23150642048314637,0.03876859949255401,0.015785605635805135,0.056718515092470986,0.10153526618715786,0.7875101248917559,0.09402755517763828,0.04855188178276203,0.2089433677324964,0.07488578211724321,0.5187170739860727,0.02858956864949601,0.1501402821820803,0.06172114106140815,0.017879355441399538,0.0047040876694677,0.058691956098378975,0.013995024644502438,0.03903200022376074,0.008473754031126574,0.029233456830743347,0.011015613510631433,0.13802684160386,0.03832280567378336,0.00369416330089902,0.0037570532060315727,0.04174273124105831,
ext_inflation_chg60,0.09270117944476641,0.039020528459555746,0.0247879199382684,0.029258024281908386,0.029815068512307853,0.07660502197485451,0.12144039475601143,0.021341323495691036,0.04248523693765397,0.0106322558117423,0.006189471320620518,0.021873971460001716,0.08807579587033068,0.07754333904562907,0.052480632855433626,0.14486952218975616,0.023434389878277288,0.008439561650497302,0.03468223246555456,0.018400396288434213,0.02861587507874151,0.1298456666766339,0.14527762117155044,0.1944282531874363,0.03517164445237501,0.16590914871860166,0.08403952530175654,0.17691558968457888,0.22850881610352625,0.7073761182682081,0.09610382791674205,0.11849261473006237,0.09911035706396737,0.06733795116871977,0.41760983970485704,0.0837541414526239,0.13164498444425654,0.07574092351257534,0.32835638152313046,0.042333606790034894,0.13564906333349097,0.30514027492200374,0.20211658210731953,0.217115949361611,0.01223786088200972,0.23765927624137326,0.17665316698371392,0.2695864223951456,0.03264694699252513,0.10093720529474555,0.20936323942438853,0.025415485315156354,0.2505019259702677,4.744903404994577e-16,0.27302073454853076,0.007696223670899163,0.16182222302693602,0.09439814098522979,0.16703814970428363,0.07056920130145278,0.08414055125159493,0.051766726618813846,0.007650160244757706,0.017219257320337484,0.030048179871347763,1.0,0.13247240599861426,0.022468796456203064,0.046006077330303874,0.023201877457590725,0.01790066361505514,0.13768640776139268,0.4440095378178152,0.2049619201771747,0.2945304861086104,0.07416459859772569,0.22043331075683978,0.20996521151618527,0.17517827201095323,0.02236417003600193,0.008004261793114656,0.16829424870598012,0.036838385671974304,0.04805200540219253,0.014428113341887108,0.3137784708823448,0.13015499758491705,0.1282904026835564,0.042952141749457634,0.15963978750683624,0.446000490516944,0.02208834742323184,0.003918756132106869,0.023475083009299992,0.21782538695452125,0.07544990332309147,0.06155222966822675,
corr60_gold_au,0.03768347460169919,0.08933132047389603,0.010578672290316279,0.03250960068718297,0.03716171288104404,0.04037654931082358,0.005380229375898196,0.17578401131727803,0.09083253247007711,0.19114016431814312,0.0025650720398247197,0.22726847121078406,0.017348754430246326,0.17565199091768516,0.11122886655230713,0.001405143685020882,0.06009942810732104,0.17097256784230672,0.008945086000863793,0.11953351793813782,0.4305050782086531,0.23046251824598804,0.02267275864923872,0.022139331892602396,0.017063016296163386,0.2337859137140897,0.2307779166057476,0.1940057776121295,0.29448371842262266,0.24443819459644284,0.09577087594229108,0.4197238726265413,0.286403096006602,0.1354014929670805,0.13387153196481744,0.1209966068970876,0.1249458170969867,0.310206609044261,0.10627733690783543,0.028979152486566673,0.19059260750630969,0.03995615278155787,0.18031110654580554,0.09828336006100351,0.05362590308973728,0.17620955785796805,0.137184047974584,0.5552320150375277,0.017262905443590437,0.0912128025948413,0.14457923665951378,0.18270766384923767,0.08462379764049299,0.06449891791119242,0.17072991249313263,0.16448859043916622,0.15208721294329972,0.15985895433360892,0.1542277499569308,0.0343956535095409,0.04068633690920126,0.013110011583829446,0.06213793467342451,0.09212258905398743,0.06413899683970109,0.13247240599861426,1.0,0.08428889426473889,0.21693858483409278,0.07867263905809248,0.03819282086693609,0.08180057946296876,0.0953290564154905,0.007509641495423192,0.03175425479803988,0.21868857975670675,0.0023903186496597277,0.1402045934875478,0.0008696608784821703,0.08679208710824865,0.0005005990006566115,0.013373181895095397,0.08029842528340744,0.02798430549951042,0.039134794160932865,0.07602684852847946,0.005661194028236297,0.031012026781578144,0.05157707008111443,0.04631176831015631,0.035780079298648036,0.06694031772705057,0.01752254231722679,0.01584932564803894,0.05475080229588795,0.026217569990241715,0.04624662528827253,
spx_ret_20d,0.16975044683323479,0.18583481839439434,0.003290102307236132,0.0035988932780690085,0.0016029294878690714,0.24780634280660604,0.055918580264685346,0.047183727092449716,0.16448467571137462,0.007124864744797954,0.009120335411156482,0.20525720413839682,0.001682921471046883,0.010437242862023034,0.295115376693568,0.13585026811398185,0.1317790662998025,0.10673934448718066,0.024931944443404692,0.021663096098158075,0.019176009597596085,0.08655009217832868,0.03186826047056843,0.11321250314877042,0.004860304867085741,0.22678742944789024,0.2818245837629555,0.11792507972650844,0.06731524411651918,0.15469686268290758,0.04488668701850638,0.10422135722297396,0.022225604971670823,0.16457647596054895,0.0474670548068077,0.01157383078553468,0.004198813189263442,0.016984984173687687,0.09378242773384736,0.1374973946311406,0.03996016419924162,0.12867993939246902,0.11036196191616891,0.14214187827199493,0.484845702892389,0.2551952694402443,0.0792150202438612,0.015432582402259719,0.13396962959901418,0.04526237993525018,0.07246380804461577,0.14374107675492978,0.028472960928423427,2.3616112785616687e-16,0.06345457531283807,0.1489582516879707,0.05600913770257095,0.09854675239526253,0.03641279104820475,0.32808625076954484,0.08650483666516223,0.010539042983622295,0.3286639386440406,0.7663631362677512,0.07343887757832895,0.022468796456203064,0.08428889426473889,1.0,0.017019712744733857,0.054909752364392495,0.3490386749333295,0.03912034103564302,0.062072264788104715,0.14596112798896568,0.008679200620128119,0.10137836763022949,0.08729402516370931,0.13842868072126402,0.005162139197060272,0.025060481724899324,0.1560722546475077,0.03542214793142682,0.03787351625536192,0.04476469419794815,0.11613771368070493,0.06862055951475343,0.027394694791514136,0.025205236997863176,0.057396819974041995,0.011682872561275644,0.010021094240791884,0.03863957651008171,0.19383533414153886,0.14474253002866472,0.002301491816523465,0.07497136571624688,0.01748861238574955,
ext_geo_vol20,0.14806246818052976,0.09813901818025934,0.0023693582939865957,0.02076945717637458,0.004187588321429103,0.02774709156468226,0.04376155885678492,0.12861241431440182,0.13544890042008695,0.10668099894739957,0.013331663819292993,0.11112783412530292,0.04251976853498707,0.03307998501707706,0.0072397536257734615,0.2434721183875986,0.0032327965548052118,0.008046662096144363,0.0002878588108235175,0.031003055823990006,0.2871234659142282,0.2531596045246217,0.20216260607013428,0.21704670133372325,0.057194630574668066,0.132189567389019,0.23615629114372946,0.34493165513430135,0.24670149836172078,0.08475692358831785,0.1084597468393098,0.07465455647958236,0.41572528537674325,0.08158528129354345,0.11373853629956744,0.13619741851899284,0.01689133245705464,0.31770057110823335,0.14914981729747245,0.022709934945393685,0.1464487355296397,0.3424913606148657,0.023344639403379535,0.264026692538618,0.21681806930387384,0.10579768763924169,0.214308379351125,0.5791138766266234,0.20585741249686593,0.12245287900750108,0.15974155572682777,0.019329552417912562,0.0682256970291152,1.8794061808720926e-16,0.08696980788249152,0.010736760190846665,0.12346834969007106,0.19463154217508138,0.24499093257966642,0.2547952456091239,0.14179597993917234,0.023782727784187968,0.1974038786756641,0.013043280437430334,0.036405758782599676,0.046006077330303874,0.21693858483409278,0.017019712744733857,1.0,0.09742736968462537,0.014791794534883485,0.07781974457088466,0.09664499779711883,0.11856569496080784,0.07264768099546445,0.059091293517765944,0.1386709932198794,0.041486754524613714,0.04320875366937549,0.24509303259731344,0.006614134447373012,0.0005799896254588729,0.062081064576287925,0.059735755049079985,0.05128693956802296,0.03759654474248268,0.00044855096880200984,0.08330978410877687,0.024937630562034675,0.020939836945517612,0.020518733056075725,0.05878019738442246,0.06392295232968853,0.10352726823497956,0.0695121980565318,0.018927378426984862,0.03478904612611282,
ext_liquidity,0.028976206935061342,0.1135769249502991,0.024000663481278703,0.02719702904952147,0.05399200253671846,0.091899186222178,0.06135892716394439,0.0494771508130651,0.047646698734474434,0.10503088470605848,0.0363806388744447,0.08681089016781329,0.05687983325443336,0.014633146310168491,0.05214593118116648,0.09218789864926788,0.02328493418193878,0.008795901484738486,0.00975974519005024,0.014809228564619642,0.28268231402398447,0.07138248231819502,0.26278751294122227,0.025000195429365452,0.10718058672468743,0.17416783946955583,0.13588263258800512,0.09725910980088939,0.012447873522616783,0.1507535061230616,0.052581227314496444,0.04425993041544292,0.05529569222971147,0.1975850762460148,0.095188729992983,0.255228840200235,0.0033700330044207747,0.04225740800270187,0.4206960363456748,0.06322492247093033,0.007389397103487031,0.2693404508878781,0.19680721294619397,0.05624519402147596,0.13854568600661615,0.1753810791892555,0.7743910966555898,0.14889211298212796,0.21917869690676733,0.4424764890218675,0.024843831157875872,0.029945697835886555,0.05709865507661015,1.832522181030266e-16,0.050063689636468504,0.1104039498729962,0.019202434952413083,0.11351082908883722,0.2583449599287859,0.04249968631039148,0.13957224310828986,0.028445512559618462,0.14327965300115458,0.04208081003366112,0.08816828857858224,0.023201877457590725,0.07867263905809248,0.054909752364392495,0.09742736968462537,1.0,0.08343451810982222,0.03739360972845956,0.054244383912116334,0.10530265292344984,0.4413249713756449,0.07785639310826303,0.041452852592454015,0.18702031648769876,0.2624874148082603,0.13198271547396767,0.03730765182200958,0.326252171623744,0.06110746892246281,0.06260923747588314,0.02826211207591085,0.06687136222135065,0.25231611261979653,0.01351814430915949,0.03512708661397218,0.08752704299689996,0.01034804872699949,0.02740134808006521,0.017052217602805068,0.042410552926370956,0.0656014459555559,0.15740062780552644,0.01671668316104879,
ext_growth_chg20,0.14804568473338428,0.08492852285642462,0.07156231651946755,0.00741477572851842,0.019521886838312158,0.21126665656806648,0.03151174527065657,0.09799934391770798,0.1418206774331994,0.03238986413962121,0.08357743513308458,0.06969525797415928,0.015384057435038798,0.01658556695424813,0.2850874671488192,0.0853668812571634,0.1273012631722549,0.11865237931158223,6.894837589957194e-05,0.011078364302013064,0.08717475599234302,0.010822623259592535,0.019935263676428863,0.03200246230698021,0.0440532908981549,0.5344881986872096,0.2783975729906357,0.014745896608726739,0.002136558327819675,0.02884690664114046,0.15627118806730195,0.10570306727192846,0.03303706098416026,0.5188057348060616,0.01628037494783725,0.104903982022612,0.07412343732752291,0.025247184887716132,0.19499956942262284,0.125092647047194,0.0012683192748012425,0.03866527908066977,0.2457267547061283,0.03853957011562422,0.2754456278927011,0.17136471840208742,0.08691605149303684,0.04471028075833845,0.010452139869838098,0.04966264394099485,0.10906628098096019,0.10017817879670811,0.00976573081427785,1.6547530372310424e-16,0.04323937833444082,0.0700917345496123,0.08430012878165033,0.06223875417683647,0.04000645084251083,0.21305497081347116,0.0871562920261508,0.009813458417121666,0.346453636151916,0.2674903736006472,0.23150642048314637,0.01790066361505514,0.03819282086693609,0.3490386749333295,0.014791794534883485,0.08343451810982222,1.0,0.1315982367862814,0.06885541453980755,0.05597992006886402,0.13636370438531234,0.23892656322462352,0.1413233618791825,0.027174506371008367,0.08110521397918279,0.1701151646342,0.4471488859431396,0.00426669806390292,0.03815873620554255,0.09469587787135794,0.006183935025804823,0.012795934188028244,0.0032997685926456745,0.04447469484279025,0.03543103884780782,0.036298566829575316,0.00798370475289394,0.07379062274310112,0.4833453527454304,0.17856574092254288,0.03949773989544083,0.07445401289038234,0.058830534010592225,
ext_credit_chg20,0.01138632945618877,0.1086568160063786,0.07673353291526473,0.006528505341451089,0.006065799636587092,0.09560913224133943,0.07346249188892783,0.09627689631716917,0.061142052812519124,0.014105365698235808,0.03237362818169896,0.09175426222505516,0.025594952074037777,0.010624149575589145,0.20541319623134327,0.11315601870243247,0.09172398777828414,0.037926211072525404,0.06556365927735262,0.01425458940347183,0.037963475475722354,0.06275610991958806,0.10572592180461125,0.13964923128136247,0.015574191785205065,0.06176236282768462,0.026143567303743804,0.08550561968605232,0.5227247806421957,0.08631593277442749,0.011396807678948255,0.12823838703925397,0.09623108457621914,0.08688040575790695,0.6115990203958158,0.03708678061825125,0.06123810305609539,0.0735405605663934,0.03519449196987927,0.04323385560695649,0.3103036814264264,0.2433164225804261,0.15413700012499598,0.09095909419850232,0.08602246340402242,0.15117393518345595,0.06767402315019551,0.014223121659752832,0.3693977480129757,0.038668011926796954,0.07360943125099037,0.11788701967020483,0.3668657152306521,4.396294861495552e-17,0.40776763557355744,0.07469262481718165,0.05689461929196815,0.07180891991131338,0.04020318893366535,0.007447546949658748,0.057795917619705754,0.015903656522442234,0.08977340018372544,0.02998038724793939,0.03876859949255401,0.13768640776139268,0.08180057946296876,0.03912034103564302,0.07781974457088466,0.03739360972845956,0.1315982367862814,1.0,0.29570312823865647,0.005987070346689174,0.16102402462590099,0.02760897083096628,0.10700419001305768,0.16713613362850385,0.0957724640287747,0.007935454147525936,0.05884400497106731,0.09492864763419238,0.02530418771769125,0.07431067338644787,0.061075777096221195,0.038288091298657435,0.07341568709904928,0.05222804480107859,0.044177756264626326,0.1248363784882936,0.06140820539909673,0.5659010203586763,0.03687664050056006,0.03588744876698891,0.13770753635650626,0.028712791727195576,0.4470465216500936,
ext_inflation_chg20,0.03099522110656697,0.08366910825275257,0.05409335994175201,0.010421836463959836,0.005096790466345153,0.004185911579708611,0.035074165295066184,0.02015334940912165,0.039256005316973916,0.032271982062771064,0.08200292611320414,0.018229916625651,0.054326772821690114,0.050966062687981525,0.03649503904494447,0.09325725322732335,0.016296277828014682,0.05447500979353125,0.04076830903326811,0.011367305495396168,0.08685748571170934,0.13278744488862876,0.09070555375361429,0.0658060441361345,0.020489271413458673,0.0715970374428046,0.10096708142475248,0.1809237821827722,0.21189339387198944,0.47052504107223103,0.11499641347186956,0.1061938674609998,0.27589881838131264,0.03537553176344356,0.23502838439065832,0.048791046393855536,0.07826735318630137,0.2108440723984253,0.1582586253130662,0.002147268773948376,0.125785695691793,0.16450740177020906,0.03873221500867741,0.07884686069822454,0.01438913987404689,0.2212497415041958,0.10364835166313971,0.2515880508478867,0.14470649488209966,0.059223251577758755,0.07755131236829059,0.06266413644805029,0.14098102427172174,2.917299359095189e-16,0.2618977731642144,0.11387526725966904,0.05994140041296717,0.0171812174166801,0.11501176472706412,0.04279785541973279,0.07371183297739263,0.030332257374458375,0.21453544396299454,0.04756989551825439,0.015785605635805135,0.4440095378178152,0.0953290564154905,0.062072264788104715,0.09664499779711883,0.054244383912116334,0.06885541453980755,0.29570312823865647,1.0,0.23380496159678357,0.1298564242165934,0.03200526061247041,0.034988947742275865,0.18421583904765632,0.07723487067276158,0.08131334010437993,0.03078862190262803,0.30027647916675665,0.032272488014604646,0.021795937070343625,0.05287637978545937,0.20871587842257006,0.23222709463492225,0.05858231807702524,0.07422363480698596,0.1147017458064371,0.1980284716609465,0.17390882794888948,0.047487162923585194,0.04739663034194844,0.5749866192108939,0.15818421618551617,0.1321930549201423,
ext_fx_vol20,0.07320027125046008,0.03679306988579235,0.053478716714781466,0.04476025634668306,0.036750005812186334,0.016809306453503314,0.03358355065479117,0.04683725462071467,0.0836389026511307,0.025934109748173336,0.03770220161792037,0.1732599467743945,0.035232942906974624,0.024976606365465472,0.01891783490138563,0.0325577311105211,0.008447457559308938,0.18447421604671094,0.050493836819632015,0.011309639359787722,0.06979960395727987,0.1290326526448778,0.001960446168820686,0.09817952235226547,0.018591503302965242,0.2835363812804028,0.05713188449155079,0.1758078526261808,0.040064199702835576,0.2501486609428675,0.10085674773152427,0.010440022420885152,0.12804059469737522,0.12710615471591372,0.10201604782580698,0.04427189634428123,0.059618248657105466,0.09784964131669346,0.02301348543521405,0.018964219350883847,0.023783201259216707,0.07766007611310079,0.3819634004559892,0.07291227358944115,0.40766981064678576,0.03261689240226451,0.2324244460297897,0.06380412332776415,0.22186645234282154,0.13280415191531306,0.049520329288420505,0.19760344400729093,0.06119399983080003,2.309568697073452e-16,0.19624852541426827,0.36945553014644583,0.03827553391182651,0.06955155487952569,0.048509383843708676,0.5087250375392383,0.15750516266978012,0.03402055417957681,0.2521327658181097,0.11185922781880259,0.056718515092470986,0.2049619201771747,0.007509641495423192,0.14596112798896568,0.11856569496080784,0.10530265292344984,0.05597992006886402,0.005987070346689174,0.23380496159678357,1.0,0.16105570008532805,0.12674624677376278,0.3103475105183158,0.004739254329915679,0.09579130368208488,0.08347125180715124,0.02503135889397863,0.22861176876296513,0.06895885326929588,0.09350851519291649,0.07964078280266097,0.11096114541735035,0.17680321484551137,0.03720054104823941,0.041387276781737585,0.050906341540946844,0.09141311693631454,0.05240904651986368,0.026622621815046755,0.14876544073738893,0.12146095594096293,0.18825051631493178,0.0026764989733617894,
ext_liquidity_chg60,0.03522476640225607,0.008296900852633907,0.10921478424125285,0.022141776457521783,0.00127809600272639,0.0031713282293647886,0.003924309680282575,0.12834750169802098,0.050562212449827525,0.015980683920406188,0.07167532350522139,0.12908483902884654,0.005133588439633254,0.07979989541560217,0.033854258501488495,0.02101108797504369,0.015117079379536096,0.11050002793126247,0.10557010341039286,0.029237574972766096,0.04301074605768544,0.019463512345316836,0.06596297637205388,0.1839991124974234,0.015409586291054838,0.20620623696896556,0.13776896662248173,0.02651916580689721,0.2117458870692772,0.2008488305251539,0.0504038357847911,0.09418317577069077,0.07014311116933376,0.22754046420406987,0.17587960950717155,0.03669480600189204,0.12409440008359683,0.05360392370074603,0.013629777757142279,0.0021432806798954507,0.12569813163205767,0.30606658738482734,0.034234723489500435,0.14384603463340717,0.01602072469999636,0.0709145622239782,0.6596155932410429,0.06024357481018986,0.12257250905063255,0.3768953350081989,0.03191609405270055,0.11896164549422503,0.10550082093751134,4.5097285105562517e-17,0.008624216400666457,0.13150167835296894,0.024668768519938922,0.14283937121021512,0.04016079216954033,0.013831171268914443,0.0434056152255903,0.013846431482334392,0.01625350761747996,0.0066514194075384305,0.10153526618715786,0.2945304861086104,0.03175425479803988,0.008679200620128119,0.07264768099546445,0.4413249713756449,0.13636370438531234,0.16102402462590099,0.1298564242165934,0.16105570008532805,1.0,0.09217817649760603,0.042859122088700886,0.05433029895265231,0.5947712724935189,0.1757524788722438,0.06097487849897223,0.5292425693587255,0.019003830735887996,2.5997577116726914e-05,0.03669004431655227,0.08909268675196427,0.4093043337271957,0.04093327128977949,0.07314414191144375,0.07678101097164934,0.13136074127663305,0.07736898085155086,0.10298390627622514,0.04307005973274858,0.028239282519292155,0.26942467777998186,0.0719852301111081,
regime_growth_z252_exposure,0.13607969078921364,0.09759005456059829,0.040697342747797655,0.009872470025893356,0.014213703237782795,0.10742077242790257,0.09004027614069708,0.11015091071952064,0.14309053556131768,0.2443748894067426,0.023313902393831867,0.0780791033110458,0.019692708856452076,0.02577785768422272,0.08143230414510744,0.06296261368833343,0.18343551417443577,0.31010156397770855,0.024467440872724736,0.04123102746511163,0.12271414728257278,0.05451988382850755,0.012813393004777874,0.041113706083326436,0.008343083363788945,0.4470193426374335,0.17615043423608218,0.03443042714336734,0.028184332707034083,0.11765907844764965,0.021176321942005062,0.10357459763910155,0.07462427415129946,0.35208613507060166,0.008501138703932924,0.008800149966450227,0.18211442687319485,0.13815242574922734,0.20961245786011806,0.061902745346376596,0.05951838043021702,0.09562893492415593,0.21908613192009754,0.007294787494647184,0.19069525108809074,0.05903686054488476,0.10017517279994832,0.09969462572222634,0.08820886495380943,0.19866417156176133,0.04678439922446214,0.08782379430771219,0.016415238574890127,0.022081654399978248,0.08476668944581728,0.006987005033410072,0.0886249786477596,0.0680709028375603,0.022103846619025678,0.22696607511027214,0.028776679141102542,0.0017461365512155414,0.05054540450362777,0.1902950747104743,0.7875101248917559,0.07416459859772569,0.21868857975670675,0.10137836763022949,0.059091293517765944,0.07785639310826303,0.23892656322462352,0.02760897083096628,0.03200526061247041,0.12674624677376278,0.09217817649760603,1.0,0.12074485804969841,0.055644767380135136,0.18614673741990467,0.021855793032497416,0.5346800586320501,0.01079830985826508,0.036755132288962634,0.021753385725539545,0.030085156221071503,0.1337584386713118,0.022396116952841747,0.020686090069108373,0.05379137399021681,0.03655146764294542,0.08459169647946001,0.010682738496322449,0.12332967327562655,0.025531079604650328,0.021460709472622175,0.0008030877128206596,0.03015142396709469,
ext_growth_vol20,0.14162378232224648,0.1564243620049931,0.01779084468812985,0.01794952507521378,0.033937886076087796,0.07609376085186668,0.04171568125940737,0.29504430546293253,0.11842401325762149,0.016136743533261767,0.0035754553871233624,0.2021075909337385,0.015790549536130617,0.026995198181065484,0.13535225132125128,0.11236136600792032,0.060439389843150254,0.13711743973106588,0.05557171470625607,0.001128408577690635,0.04343076815510129,0.08628705126380062,0.052263571179682146,0.014070241420856866,0.058030981049955584,0.270111036666328,0.14490276979629416,0.11756668472037483,0.22991671645326495,0.10500584207941702,0.07490723878058347,0.3888187788536409,0.0174531150391482,0.21071568880960478,0.11908784888593041,0.13818901763532251,0.11113423047128156,0.01333780939143547,0.21014093588719204,0.013743599533040678,0.13648483136627712,0.09337005361540067,0.31186906696376343,0.009172934421185231,0.4697213268305558,0.04969501528269552,0.038779260870884624,0.04897804566003525,0.0797061654717359,0.022157939665264442,0.011259115476836572,0.11219732682902797,0.07143446506592192,5.785489493789295e-16,0.10894826493021123,0.18219933720517187,0.00870245942309537,0.28695586166475406,0.1587082421335783,0.4570677111053604,0.0641251688185206,0.004360539607258473,0.11057561298391236,0.06689892290189649,0.09402755517763828,0.22043331075683978,0.0023903186496597277,0.08729402516370931,0.1386709932198794,0.041452852592454015,0.1413233618791825,0.10700419001305768,0.034988947742275865,0.3103475105183158,0.042859122088700886,0.12074485804969841,1.0,0.03344375563815957,0.025491374582651743,0.05491488153106606,0.06319258382201574,0.0443781734037044,0.028075258185004153,0.04030835812505796,0.053207292296274473,0.0465785763902472,0.03432108403343748,0.04337381390191553,0.03884967778480826,0.004827466124417671,0.09831336472382449,0.01362151508219496,0.015915168874587236,0.02088179971721104,0.007544517370717764,0.000726400339275429,0.047835850947323046,
ext_liquidity_vol20,0.014025389747672883,0.015519256722209064,0.056010041226034084,0.06235041241474371,0.04278710702728646,0.023641357689106825,0.07180399346127565,0.02295038904777704,0.034220956801997986,0.06638481456295577,0.045089748312201555,0.041572402976569334,0.06562287816151977,0.033696984180188926,0.008938301116767645,0.04458251329962091,0.003991255856170255,0.02019855531572236,0.004031681553488458,0.022816462350259754,0.17866947469049557,0.0809639713965971,0.1778715368559279,0.2841817034665836,0.08350790896757983,0.12447955171655026,0.23659258758060753,0.11031395278293045,0.18979902561725628,0.06058621283413419,0.07076667380112946,0.17801182729331813,0.05885275266658681,0.1088047348836124,0.26226178049860843,0.19885715692236394,0.030901403106315197,0.04497574189292338,0.15672769425306202,0.013430642389197327,0.11266987631201886,0.13430784059860768,0.11625080415721552,0.20024151266133172,0.07540595745868728,0.12514742688501607,0.08359469089873087,0.14539420945533385,0.12808611862459351,0.047764863890460627,0.23021465107434513,0.10791604027729798,0.15731688977856467,2.6365854761516767e-16,0.24586769635198477,0.07648268484398704,0.17793881443869897,0.025591066917507937,0.18317039883550468,0.011252369310441136,0.027468023758587364,0.035051791626918384,0.010586781289102657,0.10608663790695601,0.04855188178276203,0.20996521151618527,0.1402045934875478,0.13842868072126402,0.041486754524613714,0.18702031648769876,0.027174506371008367,0.16713613362850385,0.18421583904765632,0.004739254329915679,0.05433029895265231,0.055644767380135136,0.03344375563815957,1.0,0.032314101043022486,0.03786574248786566,0.01215105024985098,0.3119249234017409,0.012026040212645023,0.011816379222881219,0.08454485264213972,0.026874881309519837,0.24123574016457916,0.15936282876519506,0.054627632408794716,0.03509936432380309,0.09364458732771205,0.08169753505175764,0.01798500611645411,0.03003684181301463,0.08215307551034386,0.1302394004856029,0.07471762718066802,
regime_liquidity_chg60_exposure,0.09485518644555183,0.010208989775176163,0.10420031115231665,0.11172845570312803,0.09093290333361412,0.0035884082271391304,0.005103376427592184,0.13145135472366504,0.12834469348078373,0.09583369397487493,0.041231510139593246,0.07677595396880837,0.012782757322250642,0.02038356513528987,0.02013554040825516,0.050467759127212526,0.023618881495173334,0.061976696236537836,0.1528058273413894,0.11927093459210895,0.025581556163625126,0.006496971889004413,0.04096447465127321,0.10943738627777137,0.009087045854665103,0.12264554595813176,0.08194102358817068,0.015772837992434938,0.12594037069746297,0.1194591145102812,0.054018196774134775,0.05601744730061467,0.04171910748683901,0.13533453143842125,0.10460813915224353,0.021825016459648315,0.14185261212965342,0.03996933784603264,0.008106600260419625,0.002876269391611045,0.22681973589640655,0.18203961364662322,0.020361830053314406,0.08555548906205857,0.009528666816085383,0.04217794441227624,0.39232040574854504,0.035831147649415196,0.07290260718076814,0.6628800214117067,0.018982775872747538,0.06990166071068436,0.17727904902157138,0.055519970697665,0.005129436162884357,0.07821342056902864,0.029749635207684175,0.084956754576874,0.09959703307792761,0.00822638333568832,0.02581641300108864,0.025189843217536676,0.009667119408131718,0.01832399298399992,0.2089433677324964,0.17517827201095323,0.0008696608784821703,0.005162139197060272,0.04320875366937549,0.2624874148082603,0.08110521397918279,0.0957724640287747,0.07723487067276158,0.09579130368208488,0.5947712724935189,0.18614673741990467,0.025491374582651743,0.032314101043022486,1.0,0.10453252550273477,0.12284777463142085,0.31477827643522943,0.04569650315628302,1.546261202344267e-05,0.008141253842447472,0.10507276526926553,0.4102615098960544,0.024345933852344587,0.006715031285512831,0.007696062807330155,0.13991218207971,0.046016847192604286,0.061251868982263716,0.025616834233618792,0.016795913998303585,0.16024605844435616,0.07495839078224319,
gold_ret_20d,0.08361212439300417,0.13036046326693218,0.022458118753302756,0.0319154848201208,0.013529090507661863,0.12311949161574552,0.04822024512753815,0.16926175979196836,0.02973332539568694,0.01574507346419292,0.0007505612269470263,0.1290728022661937,0.06567157084662252,0.0151983436689154,0.12560435631302452,0.1842174847790368,0.05608662274248344,0.008890780973572859,0.032086562449337226,0.014424702076832285,0.04237661916104007,0.061628587849447684,0.1970362241805025,0.25851764615294576,0.04329931081460148,0.04889227589917488,0.2809299443203349,0.08396936332088577,0.01949338583234313,0.18903422140522622,0.01400802851167147,0.16874060202334298,0.11861644365489923,0.16781898807290924,0.012948963298023926,0.10310853129650527,0.004094822405964723,0.09064763009985864,0.1891364721783229,0.0810648592963062,0.011571805300316063,0.13928060607464354,0.08516139067095338,0.33298258205015685,0.011477608638851802,0.2018843914117963,0.1819355161252772,0.24525781178098205,0.24879674611609282,0.10395546740034124,0.06428461781145209,0.05936959831245136,0.007767394196855626,9.185655790140427e-17,0.1323299849219843,0.004584823041525724,0.049687231575546,0.2627112347238021,0.24235358076142335,0.05260007465922509,0.030361391793254578,0.02883260200216971,0.26586303162263325,0.01920542937107451,0.07488578211724321,0.02236417003600193,0.08679208710824865,0.025060481724899324,0.24509303259731344,0.13198271547396767,0.1701151646342,0.007935454147525936,0.08131334010437993,0.08347125180715124,0.1757524788722438,0.021855793032497416,0.05491488153106606,0.03786574248786566,0.10453252550273477,1.0,0.0760668063482164,0.058611359219198196,0.013292813557560578,0.018287250411383297,0.030932021172540694,0.08385195287929795,0.04532871073301492,0.11343246649010152,0.06132734043176934,0.05977909726124852,0.009974430806061144,0.012079138500227338,0.0450477531375009,0.1013545811460643,0.054118572788917046,0.014778940621300717,0.0035475171743652666,
regime_growth_exposure,0.15267699412264082,0.08499381419273916,0.016073125817825638,0.018760167323149533,0.03237400331959313,0.209387495657111,0.16616527678028406,0.10066585674226389,0.14680309657476212,0.08188286988105635,0.018562559280016946,0.031164156958665132,0.15058544461417134,0.001444981183497287,0.12747654333194638,0.06183407456684563,0.2855504915315856,0.10709638410178628,0.04054204921860164,0.010216681893867827,0.03898009502434147,0.007102635856438552,0.028536620806219246,0.01430986536800354,0.09264215879612482,0.23899580259274217,0.12448516461203675,0.006593611240824898,0.0009553596760371307,0.012898862167491766,0.1528689792519794,0.04726500877141556,0.01477248501390283,0.23198340633944348,0.007279751520662019,0.0469076986924102,0.029320721992262305,0.025672599849949948,0.08719384022671829,0.12381072864734827,0.00405404088825117,0.017289136465602196,0.10987644461326893,0.017232925841928957,0.12316520565013024,0.07662554292345346,0.03886441559568785,0.019992152231295954,0.0046736626985199765,0.07856369887407681,0.0487688660345977,0.0644259839506448,0.014219448107220317,0.012745696190957523,0.01933443985111922,0.031341441017681486,0.09321097027435328,0.027829989592661444,0.0032226656085856554,0.09526729284389189,0.03897183888242834,0.07856625775331545,0.15491635743627938,0.2967478590942932,0.5187170739860727,0.008004261793114656,0.0005005990006566115,0.1560722546475077,0.006614134447373012,0.03730765182200958,0.4471488859431396,0.05884400497106731,0.03078862190262803,0.02503135889397863,0.06097487849897223,0.5346800586320501,0.06319258382201574,0.01215105024985098,0.12284777463142085,0.0760668063482164,1.0,0.0019078492859299595,0.04569134253784054,0.042343156293585114,0.04475338607143858,0.016197555444543623,0.004565030418232833,0.01988681025161469,0.05294199818050795,0.02409621250988436,0.010020346597884021,0.032995394752628436,0.2161273360059138,0.07984547212112682,0.017661370391518345,0.033292028917931,0.06535819660926283,
ext_liquidity_chg20,0.0073838605370920045,0.04126298240092213,0.10423390185715208,0.027569452862350904,0.010511543861286297,0.029326193739971227,0.01107571194677837,0.0950306609666042,0.060360923332987246,0.006396044015656617,0.09788746942176976,0.060865954117156694,0.0029486706743688555,0.038208655549166956,0.025127836792201336,0.0021669056295071645,0.01122043489468324,0.041793740529482634,0.056688333067149044,0.005408939446242095,0.017214446284110854,0.04774549651848671,0.005879639407641127,0.08714011804737096,0.03778539825195622,0.024156247455768824,0.06306257860510243,0.06505355848637763,0.09828151364925282,0.16020528515649232,0.1005993679167546,0.052770047258509374,0.09035733955941397,0.06406920438765956,0.03588645977117035,0.08997826627990872,0.058350331029378845,0.06905179788578795,0.02746351295997778,0.02569233984527081,0.058342586062320304,0.107192919829701,0.08692377992003364,0.006758464164896971,0.035892798137904774,0.10078612035937942,0.4627462498315368,0.04341116422901602,0.06779789849314774,0.26440688279834557,0.08727599239873797,0.043049758956065554,0.021526378054899202,4.911335032443349e-17,0.014879369725986094,0.07539087646222777,0.06745785528383703,0.021296625446500957,0.017455427276481236,0.0014386442608056735,0.09214098782392276,0.022141357293897695,0.035716645925589534,0.027146228382068795,0.02858956864949601,0.16829424870598012,0.013373181895095397,0.03542214793142682,0.0005799896254588729,0.326252171623744,0.00426669806390292,0.09492864763419238,0.30027647916675665,0.22861176876296513,0.5292425693587255,0.01079830985826508,0.0443781734037044,0.3119249234017409,0.31477827643522943,0.058611359219198196,0.0019078492859299595,1.0,0.04034113391418987,0.02465352970170663,0.03931651078861104,0.07106399001247375,0.7733775728266602,0.06497510842576733,0.042256921373213,0.05296957752768788,0.07505931747404727,0.07599827394778559,0.08512362579400014,0.024102412294152296,0.12545574625225037,0.4725400841292585,0.04243752172981334,
regime_rate_exposure,0.09291621231446329,0.004243206569318606,0.02282963905865391,0.13894418619725746,0.14584807962522156,0.004404523351902725,0.05845213928959325,0.0018531424226219723,0.12217849293246687,0.30849573727721513,0.0008134070559123138,0.028636839616353646,0.028831393424376864,0.15329278183447612,0.12799222547028444,0.09199239222441039,0.15271319854223384,0.07493837444716024,0.0288683728840049,0.18391637555588777,0.22522503960873505,0.03991773770856969,0.03965457021157284,0.061224011340151915,0.30650579739801226,0.028184452072852084,0.037537786167442605,0.05325289312606184,0.029517150424633026,0.08905457413333062,0.0014966959817820783,0.01039162486106775,0.05216170749458416,0.12398250117263054,0.0387629332318612,0.23351644748312844,0.10339256021668664,0.020379883449660526,0.06497832746140887,0.0022110768902136087,0.0004334211018842988,0.06550870804345713,0.010506228006772887,0.012343266216353658,0.08440908095269947,0.02875940167859407,0.07813378302169664,0.052424600095641115,0.04449633436768271,0.012195552633531446,0.0212644180189519,0.12761936957829506,0.03414590849889366,0.08593086434538125,0.01304112012706955,0.01824868722771957,0.008196625999969379,0.04079027018390259,0.056217471811695674,0.013737647722153579,0.4378196377846495,0.008426909831712636,0.023565019705679133,0.01815590370550009,0.1501402821820803,0.036838385671974304,0.08029842528340744,0.03787351625536192,0.062081064576287925,0.06110746892246281,0.03815873620554255,0.02530418771769125,0.032272488014604646,0.06895885326929588,0.019003830735887996,0.036755132288962634,0.028075258185004153,0.012026040212645023,0.04569650315628302,0.013292813557560578,0.04569134253784054,0.04034113391418987,1.0,0.23586328952489663,0.04373199281703843,0.17157970845151002,0.007002127149815492,0.005471639181447473,0.07837212803091567,0.1675509005792079,0.06714244205953454,0.008739729486573708,0.000200885595913073,0.024738649512579633,0.02453037021181215,0.015845247766262824,0.06213337624094295,
ext_rate_chg5,0.10587726379496959,0.1322295659159818,0.048246091201832375,0.05110218908234262,0.07961299875749886,0.19151376401152093,0.08274519924478357,0.12436557914363473,0.05179878416688329,0.1051764265484242,0.0255101837662969,0.04167238037378607,0.06841648256038138,0.006696483044024271,0.2528989203815778,0.010434031828329972,0.11292798081042404,0.04243241265037036,0.04179992407753222,0.005218216658502675,0.28307402837450507,0.09689814304884,0.11391166986505216,0.008085921874787873,0.10064833187324167,0.04866318669163954,0.043579240551037686,0.1320243682796005,0.021065439449556977,0.10113668832211783,0.09087927203654839,0.006265158366266609,0.07445416566112152,0.1383170361953894,0.0220172073480262,0.23967359945585234,0.02294374633417116,0.05689846584743882,0.07031846282731344,0.17813579574408786,0.012505019188170768,0.04604521663090611,0.0008047965736905437,0.017723508012438497,0.08569210538234112,0.03523704226874145,0.08827517399194262,0.08989511010746845,0.03850310243425138,0.05043922796173529,0.045837932995338206,0.02744480145743475,0.013206951371321368,8.518373436318809e-19,0.007202414905728946,0.02456465548925404,0.03542931527358322,0.0455864861850517,0.08008412671876479,0.0067945757684187745,0.5387224993340981,0.050162401459559094,0.047120757376703334,0.03430601143960651,0.06172114106140815,0.04805200540219253,0.02798430549951042,0.04476469419794815,0.059735755049079985,0.06260923747588314,0.09469587787135794,0.07431067338644787,0.021795937070343625,0.09350851519291649,2.5997577116726914e-05,0.021753385725539545,0.04030835812505796,0.011816379222881219,1.546261202344267e-05,0.018287250411383297,0.042343156293585114,0.02465352970170663,0.23586328952489663,1.0,0.016524107030981828,0.0448622940360366,0.019066486962315762,0.1756856231871037,0.010484665779417625,0.005170176979983898,0.021431217979700927,0.2961914633875477,0.06375116653406254,0.003436947396548059,0.07199719591572551,0.10033857769564733,0.03322032805888783,
vol_ratio_10_60,0.21020310705722692,0.12632866199892342,0.03298908683263176,0.08658261907051829,0.09223339286231752,0.09486028519197807,0.10748204874946825,0.022188011304022412,0.25347159360671073,0.010085343452913079,0.02811728770062764,0.1565320053729367,0.08473855249550433,0.022887792113263576,0.07269582512436804,0.030836640658954292,0.04819471119208757,0.09511652105494708,0.008553951640606178,0.011902625880869698,0.05711967640359572,0.08870624549773787,0.12173063384439155,0.053401458807166055,0.0022717462880116487,0.04019275707764285,0.008566080526990661,0.11665646197140632,0.007476354054393116,0.05188972527851765,0.009532079495772814,0.0406313175162002,0.02470308038901271,0.0019460872224940544,0.03031710635202231,0.06424722825826888,0.031917769990857624,0.023971358214873832,0.014546920545548693,0.005418757015778597,0.02356600896794713,0.010766867292509029,0.08829620556484692,0.06816020350747877,0.013821440876385201,0.018028924196418404,0.08612101480588345,0.011633563632673033,0.10449306353673203,0.07049033565005298,0.07287601445356838,0.00128182573075907,0.022468978507098173,0.015833842985639317,0.07848444288934539,0.08454768451350102,0.055273065168223695,0.12138563271199017,0.09519642810893081,0.009166879211504313,0.036921902694636244,0.013408356640881103,0.11012473243361659,0.10785859438861706,0.017879355441399538,0.014428113341887108,0.039134794160932865,0.11613771368070493,0.05128693956802296,0.02826211207591085,0.006183935025804823,0.061075777096221195,0.05287637978545937,0.07964078280266097,0.03669004431655227,0.030085156221071503,0.053207292296274473,0.08454485264213972,0.008141253842447472,0.030932021172540694,0.04475338607143858,0.03931651078861104,0.04373199281703843,0.016524107030981828,1.0,0.011733317500930563,0.04438825618057074,0.01622376707269455,0.7370764023747711,0.11215788878741595,0.016130152125236812,0.06413841941096124,0.030955388959302586,0.0353415496797112,0.012735061049143149,0.0787169595121045,0.03425680995573749,
regime_inflation_z252_exposure,0.05785893674358168,0.0029960945602033923,0.0028177380978888352,0.08811898728099078,0.09519508719014125,0.0015028689427735134,0.011894280231728975,0.004580345155147752,0.07528689084208315,0.007523110304642597,0.03611570788987247,0.019746210662301155,0.02329203659571803,0.09551622276131676,0.0006366611530999828,0.044008653604257444,0.005422673914404818,0.04821846374849514,0.057573374529873954,0.12009067136388626,0.05858899496454354,0.02490407993926553,0.024380612715587023,0.009602804189932288,0.11078376362294369,0.11675402882640948,0.11071521629355015,0.15179144387700153,0.08681116982182197,0.4435808091041227,0.004235461320256663,0.03513749049850306,0.1185009371901674,0.010831925905852906,0.10548516844931555,0.14198105323484708,0.014788529797107482,0.012714704683133824,0.2364483008314764,0.0013251944443357585,0.10437924949139396,0.18770570500517478,0.25180467035040044,0.027966765907122347,0.0631486756121949,0.124468652556894,0.11133228233723204,0.17020817183611694,0.022736460916150013,0.14483609049272356,0.042042403949453376,0.21854559286191474,0.1083325523977283,0.05361098192816942,0.13368603838283175,0.05587365525964647,0.00511375245325275,0.0268632069997345,0.028504145480229403,0.07987053780261451,0.09022642348426575,0.02222471065077637,0.05094189745993474,0.011327196960721281,0.0047040876694677,0.3137784708823448,0.07602684852847946,0.06862055951475343,0.03759654474248268,0.06687136222135065,0.012795934188028244,0.038288091298657435,0.20871587842257006,0.11096114541735035,0.08909268675196427,0.1337584386713118,0.0465785763902472,0.026874881309519837,0.10507276526926553,0.08385195287929795,0.016197555444543623,0.07106399001247375,0.17157970845151002,0.0448622940360366,0.011733317500930563,1.0,0.004368522473819156,0.031308455963020815,0.03770941152369885,0.0894465656747585,0.7090895575733119,0.00497883956912277,0.000980639160984292,0.014974783795324935,0.11439988910350961,0.026915389393204894,0.08905947120083658,
regime_liquidity_exposure,0.02836295578021021,0.04258500173472206,0.101784348038505,0.008149769007706826,0.009864844680001756,0.03144919674073225,0.011627882820246906,0.09704665097612183,0.09548989965396144,0.016304249327453495,0.07955626880085831,0.047072363862905274,0.027542935215356855,4.4878843304138874e-05,0.019433305428737172,0.01445345958277784,0.0188553013357938,0.03694353222017828,0.07168425494748959,0.04439584277792478,0.013313266684760515,0.043611905560669066,0.01717676318376812,0.0673922129913043,0.05534088225919631,0.018681900025942368,0.04877118397780427,0.050310963165931685,0.07600871847978927,0.12389917458833083,0.10604252632077048,0.04081117106673431,0.06988033995553382,0.049549685782263084,0.02775378315516888,0.06958717318270659,0.061629225607181044,0.07985094762576576,0.021239664994281444,0.027869477333817325,0.08019355517909192,0.08290060016209684,0.06722490193547366,0.005226844611884263,0.02775868510585022,0.07794572513815254,0.3578775715293543,0.03357322082501602,0.05243337417937894,0.35128974911269145,0.06749729516737396,0.024731970243188135,0.028522732952205834,0.04932022531093777,0.011507370843873503,0.058305613051632024,0.08326889241049311,0.016470332497213525,0.027786176844586508,0.0011126152065829714,0.07125977352111616,0.008268419951997232,0.027622452935441556,0.026835202428414823,0.058691956098378975,0.13015499758491705,0.005661194028236297,0.027394694791514136,0.00044855096880200984,0.25231611261979653,0.0032997685926456745,0.07341568709904928,0.23222709463492225,0.17680321484551137,0.4093043337271957,0.022396116952841747,0.03432108403343748,0.24123574016457916,0.4102615098960544,0.04532871073301492,0.004565030418232833,0.7733775728266602,0.007002127149815492,0.019066486962315762,0.04438825618057074,0.004368522473819156,1.0,0.05025029164846899,0.05411473158638343,0.013973854418796552,0.002527859184845826,0.05877536064475419,0.06583270310676856,0.018640265119318895,0.0970246605337225,0.36545190332719085,0.000938668132541476,
ext_geo_chg5,0.030549254794771132,0.029053187919810625,0.08150472974527297,0.04205287947893763,0.044302143471678795,0.030363679092248238,0.16602083857819097,0.014684149256629836,0.011264980568193713,0.020940029914111105,0.039294703821304545,0.03667546811652145,0.1389732364419759,0.002799118344202226,0.021206380305402305,0.0072660076674951135,0.009469371022121255,0.016749650842839026,0.01679502839671855,0.001144573025216065,0.05635843331624272,0.2589566665504482,0.003949842267306036,0.38759614365404216,0.0008133811339328474,0.04627560397511976,0.042770816475243646,0.35283019093443063,0.04343957849020258,0.07058117781572422,0.007966903890960582,0.013818457559986735,0.3088489317539565,0.031362840949150456,0.027005282942646217,0.0019369022861171396,0.0008693123741132155,0.23602481122955718,0.09681499751711536,0.04790027892210782,0.025786918134169678,0.0077230864651578746,0.06779574353048452,0.38974000456799557,0.015705130843726673,0.003336117522899528,0.02967069919822395,0.1415340370087944,0.03297006500456884,0.016953432012265297,0.5335368807977744,0.015620120137480466,0.016199032554611064,2.540924197692211e-17,0.06903008414650211,0.09012987891576729,0.4123843534085852,0.11808431533876533,0.021784027703365443,0.0699305996188496,0.012497473181271023,0.14840494918043542,0.042434399219691166,0.019316364476054507,0.013995024644502438,0.1282904026835564,0.031012026781578144,0.025205236997863176,0.08330978410877687,0.01351814430915949,0.04447469484279025,0.05222804480107859,0.05858231807702524,0.03720054104823941,0.04093327128977949,0.020686090069108373,0.04337381390191553,0.15936282876519506,0.024345933852344587,0.11343246649010152,0.01988681025161469,0.06497510842576733,0.005471639181447473,0.1756856231871037,0.01622376707269455,0.031308455963020815,0.05025029164846899,1.0,0.012919814355346407,0.0006922804766584763,0.05721758252548217,0.12026811713368929,0.10190692421694986,0.0971556446564632,0.13373250032491124,0.013685356407407982,0.023348365760907572,
vol_ratio_10_60_cs_z,0.11946693539380913,0.07600938459152122,0.018594544731347563,0.07611402758872496,0.08124494039022413,0.07463028349582032,0.07789199433846544,0.003956510126843861,0.14981133578510916,0.0029304661649178923,0.029726154732163088,0.09097483967236863,0.10353660464258062,0.02191219215990444,0.02920153833446862,0.003111929149978906,0.047590751092682064,0.08154262958817642,0.00025733392232158586,0.03184036377516368,0.06204296654144273,0.03728455014825124,0.11451563053558039,0.09270599736608512,0.0023762648238663656,0.04441814969813234,0.0414561868703781,0.05007854503568056,0.02729210959543011,0.0017357340403598232,0.006147759298677432,0.0027953437470215298,0.008328148230291491,0.027063258776939828,0.0035111481053104513,0.08655103501995302,0.04330038745416034,0.014653633224887873,0.032336503991689476,0.00824634305116366,0.03701636431327509,0.02873780267847064,0.03604409198659963,0.05841832070237671,0.0929606100737239,0.0013093955767222347,0.053149045705183424,0.027641063890832495,0.009378187577018107,0.05555664974088452,0.05131595422074729,0.0022335807073447867,0.01733674264322414,0.02743558424178032,0.06924750230300682,0.05211136927219496,0.044450687681622914,0.13189866699021627,0.10478164642051865,0.09864025494670527,0.049690422012922016,0.028404252136729098,0.024671748213419522,0.0161208496357238,0.03903200022376074,0.042952141749457634,0.05157707008111443,0.057396819974041995,0.024937630562034675,0.03512708661397218,0.03543103884780782,0.044177756264626326,0.07422363480698596,0.041387276781737585,0.07314414191144375,0.05379137399021681,0.03884967778480826,0.054627632408794716,0.006715031285512831,0.06132734043176934,0.05294199818050795,0.042256921373213,0.07837212803091567,0.010484665779417625,0.7370764023747711,0.03770941152369885,0.05411473158638343,0.012919814355346407,1.0,0.05068218068276588,0.07938893920174936,0.020553739434770023,0.0008248878054272652,0.023297240296203187,0.04255109101382009,0.03977196567289174,0.051072254546635304,
return_autocorr_20d,0.08806646831940558,0.02503043835788079,0.04120315294521064,0.05237478834884199,0.13785532026162914,0.029809957301012942,0.038473270918072344,0.0167452405180845,0.09720303805270901,0.09610490776569323,0.009452579725878358,0.04889024383075563,0.014807950732438674,0.022422360535711065,0.03195564179409133,0.1530477189109108,0.019998281704024456,0.04449209005473048,0.050422940235442124,0.1389936721954086,0.03763022723916604,0.08565316825246919,0.013228029613893062,0.02130249378034177,0.10053727412529812,0.07261218274801201,0.0008168196678807468,0.12452972711123333,0.08437820863267598,0.19139670775582052,0.023710373483267783,0.05098195673932336,0.11817562922580634,0.021237415565830777,0.14105586265653233,5.619240528492787e-06,0.06954931406603682,0.05546205409927174,0.08176850916154861,0.03892675455791428,0.020451265821442466,0.13118779257553176,0.12308842060131861,0.010764500327901829,0.006900316920890349,0.07992136383856754,0.09785298938346215,0.15187501673349654,0.09057672208406084,0.025800758143572987,0.023684963518129168,0.027526757837400807,0.008602987377796396,0.069247874253027,0.19832540311927002,0.08587522542253759,0.06868331895920252,0.05814318723043379,0.060992173246281416,0.02451267047494499,0.007442231084541665,0.005163907201630914,0.016206768050685338,0.008884452909436406,0.008473754031126574,0.15963978750683624,0.04631176831015631,0.011682872561275644,0.020939836945517612,0.08752704299689996,0.036298566829575316,0.1248363784882936,0.1147017458064371,0.050906341540946844,0.07678101097164934,0.03655146764294542,0.004827466124417671,0.03509936432380309,0.007696062807330155,0.05977909726124852,0.02409621250988436,0.05296957752768788,0.1675509005792079,0.005170176979983898,0.11215788878741595,0.0894465656747585,0.013973854418796552,0.0006922804766584763,0.05068218068276588,1.0,0.0736510692281601,0.03349482227988459,0.003130625459321708,0.02273382329282138,0.03983328627721579,0.031437854034945846,0.10106657095512453,
regime_inflation_chg60_exposure,0.03344378410760371,0.0008081505961991019,0.017341484295387982,0.04616323862511594,0.0513643871705866,0.0004787167214442477,0.010133895357880184,0.0003759605636367499,0.04332773647358328,0.04769970597385076,0.031165872250597717,0.009755802000714488,0.017999563936649005,0.05518948063128512,0.023406387996163024,0.015552427944161337,0.029678485189272505,0.028533161667589617,0.04057875395992035,0.04992639781559216,0.012762694321690278,0.014410823703413334,0.013984115384704201,0.08671509629194883,0.017068623148115858,0.07399556170974465,0.037481669507394746,0.07890443977941629,0.10191504406961778,0.3154900957275909,0.0015442335122096752,0.052847764292242826,0.0442032678658389,0.030032759251655324,0.18625419335306803,0.037354388170695474,0.026101250182408546,0.007357403609225994,0.14644710722368368,0.0006292685544924563,0.11153194748478122,0.13609271229168807,0.09014409476147232,0.0968338199143304,0.0054580919562543856,0.10599615377955385,0.07878739912610751,0.12023567662494268,0.014560554372546814,0.09748944140436838,0.09337610747949318,0.1849071305630735,0.18786986943236303,0.031022162272922236,0.12176738152994111,0.0034325195323491025,0.002959088841926385,0.04210161718330005,0.0009266370700516675,0.03147389839583683,0.03752672713057744,0.014862798078331234,0.0034119752216951746,0.006554517928503218,0.029233456830743347,0.446000490516944,0.035780079298648036,0.010021094240791884,0.020518733056075725,0.01034804872699949,0.00798370475289394,0.06140820539909673,0.1980284716609465,0.09141311693631454,0.13136074127663305,0.08459169647946001,0.09831336472382449,0.09364458732771205,0.13991218207971,0.009974430806061144,0.010020346597884021,0.07505931747404727,0.06714244205953454,0.021431217979700927,0.016130152125236812,0.7090895575733119,0.002527859184845826,0.05721758252548217,0.07938893920174936,0.0736510692281601,1.0,0.009851413785469967,0.0017477671571359261,0.010469898537073787,0.09715022942875905,0.03365069389155453,0.1392734154634211,
ext_credit_chg5,0.026225641463704673,0.04007321940573315,0.049582001727303225,0.0009684112980109365,0.01191003559443581,0.046540979035483175,0.04060754530970126,0.04976640535154964,0.03410628894897261,0.0028742035178570217,0.012388127711943838,0.039167872643284064,0.018465344790543844,0.0014178827069135556,0.057566850057808365,0.07513079669711094,0.02570555907805408,0.012672082241318262,0.04286460196358576,0.012959531082340202,0.007735691303349055,0.037576434730712836,0.07389895620697147,0.1222013627683533,0.008198231233365154,0.023897709735095266,0.03240869248886295,0.051198143756186275,0.29708240575260325,0.011224199665396475,0.013267799664200223,0.08317433814589967,0.049228383977732826,0.02468598257359688,0.3104656856695456,0.019522425779958726,0.018047931385351067,0.03762072275754841,0.04461401480724074,0.00030551620132864915,0.17635621574855784,0.11151830961421957,0.06522338184275672,0.08970366649944624,0.01744451713396035,0.04767807852791493,0.027241472161477685,0.00925220459394328,0.25207345133724113,0.015565404883726987,0.09188134049695086,0.04436848361816903,0.18623184803994586,4.4209942631041407e-17,0.18491978861275607,0.02889758478458159,0.07101744706850109,0.03648811462386106,0.03572550818765427,0.03729479202740205,0.019961940334144005,0.017212109204316827,0.08918202147740624,0.02961194703832431,0.011015613510631433,0.02208834742323184,0.06694031772705057,0.03863957651008171,0.05878019738442246,0.02740134808006521,0.07379062274310112,0.5659010203586763,0.17390882794888948,0.05240904651986368,0.07736898085155086,0.010682738496322449,0.01362151508219496,0.08169753505175764,0.046016847192604286,0.012079138500227338,0.032995394752628436,0.07599827394778559,0.008739729486573708,0.2961914633875477,0.06413841941096124,0.00497883956912277,0.05877536064475419,0.12026811713368929,0.020553739434770023,0.03349482227988459,0.009851413785469967,1.0,0.01792198760301556,0.055687406607801165,0.06559385505414879,0.024566274757098515,0.25298408274958684,
ext_growth_chg5,0.05712044077651486,0.007525495870630306,0.0366590881980379,0.010695644976517527,0.0014204662748944518,0.12122645507626778,0.016612802190424485,0.05532680183509956,0.0720530080950539,0.00992244350285974,0.05542071732720856,0.03545011296231571,0.01627250135082911,0.006784719723281859,0.0357518612184007,0.027361523465558518,0.015964423618403834,0.044762382346578346,0.008961603551134468,0.00600282744362259,0.02670547142405289,0.005790133648516987,0.014652479593869954,0.0022288092294215343,0.03660534766921321,0.2758933708505218,0.14138700743542423,0.007889095839686115,0.025009700364863535,0.0022107339651705514,0.034837875401029145,0.05126853143879554,0.04150774771926314,0.30931806051773664,0.010542514465685549,0.08716821503075259,0.030230043807238566,0.03172055109391743,0.09315191341602318,0.13614095080734973,0.01484644000434557,0.03806011389963513,0.12928292539647288,0.029229821563783544,0.1867360765007162,0.10063129383384822,0.08485149058004705,0.02035165588470641,0.029266565803579364,0.048482982051677004,0.08791853025022138,0.036839441292173064,0.006323893565558919,1.0451262641112227e-16,0.05581239724746877,0.04008419119425041,0.06795448928602316,0.052055933686582845,0.013253946266533837,0.06207166239600487,0.0004588318535222189,0.013648883217237185,0.13642692002403753,0.14854825459221702,0.13802684160386,0.003918756132106869,0.01752254231722679,0.19383533414153886,0.06392295232968853,0.017052217602805068,0.4833453527454304,0.03687664050056006,0.047487162923585194,0.026622621815046755,0.10298390627622514,0.12332967327562655,0.015915168874587236,0.01798500611645411,0.061251868982263716,0.0450477531375009,0.2161273360059138,0.08512362579400014,0.000200885595913073,0.06375116653406254,0.030955388959302586,0.000980639160984292,0.06583270310676856,0.10190692421694986,0.0008248878054272652,0.003130625459321708,0.0017477671571359261,0.01792198760301556,1.0,0.2691504918357751,0.07068716661932023,0.05378257631641479,0.01648557386591631,
ext_fx_chg5,0.033185131426228684,0.020159425440070856,0.009736667954009938,0.003968751482082462,0.00275736421379354,0.05353157591020454,0.01605263269530211,0.06411801359438066,0.03152782764668649,0.020541126794573483,0.008246695118900943,0.06955888439067295,0.0014778578608740413,0.012798103556273874,0.026897534433065595,0.025517582440057696,0.012010665161092738,0.052740203937632985,0.0263646062264722,0.018109392696411097,0.05528481713926905,0.1219182562613514,0.09048371070021424,0.20548525769182466,0.012223920433364479,0.05711403773719407,0.2926094025290404,0.16611443994899214,0.01101116987513361,0.03375886307067424,0.056731359880813716,0.07952455550031186,0.07039155825544004,0.08588138210561871,0.02190419709500721,0.029108788543223643,0.03744499194212783,0.053793788940899895,0.06173323390929486,0.10248536467400848,0.006536530647864156,0.04742018852964262,0.03232317780095417,0.1432075574546718,0.0202968523006567,0.29970934851517195,0.01715381424588172,0.07597569074748092,0.0023193613424913138,0.009801455018828493,0.03737085515193377,0.005364075138702389,0.013139162532687336,9.181022753861579e-17,0.031292392099924966,0.06726156691652684,0.028884893421261604,0.09844742993305261,0.07439187298804886,0.11849957149706969,0.056504202593003885,0.005263876078650813,0.5272571966851223,0.11092533926409706,0.03832280567378336,0.023475083009299992,0.01584932564803894,0.14474253002866472,0.10352726823497956,0.042410552926370956,0.17856574092254288,0.03588744876698891,0.04739663034194844,0.14876544073738893,0.04307005973274858,0.025531079604650328,0.02088179971721104,0.03003684181301463,0.025616834233618792,0.1013545811460643,0.07984547212112682,0.024102412294152296,0.024738649512579633,0.003436947396548059,0.0353415496797112,0.014974783795324935,0.018640265119318895,0.0971556446564632,0.023297240296203187,0.02273382329282138,0.010469898537073787,0.055687406607801165,0.2691504918357751,1.0,0.09145368680931043,0.015034763778673898,0.016043359142178335,
ext_inflation_chg5,0.019752970733543956,0.04987023630732211,0.03561939331066818,0.009470114411471216,0.0013435280669086022,0.010438022864962102,0.007482964898202167,0.025029966209441746,0.014902715050837474,0.01640547969614366,0.04471882630666223,0.007479702617715935,0.04024272121155931,0.023403254471376936,0.018412827945988065,0.03552391012679685,0.008221954754938655,0.04144527430986676,0.039100087856582665,0.002580632729303163,0.044154050269671515,0.09009460885362305,0.03544758694359622,0.07150388155597756,0.008338077158444026,0.04800845830518864,0.06275630697035729,0.1227545074140578,0.08768965663285751,0.25790089822541623,0.03142542732048497,0.049961067981967734,0.14109720557096897,0.008278617507958304,0.09059870872104384,0.019855440501703805,0.03663907822225637,0.10782760724079957,0.0787040711702027,0.021702044531009494,0.05205497095960403,0.05466358122718222,0.04272009171913497,0.03968853770750607,0.02932216936758576,0.09861413750178362,0.004101961562037341,0.1300104421209768,0.07105883909323277,0.002343804775018373,0.044810845107195844,0.03975603258764647,0.054345345504982524,1.3493445647764178e-16,0.11499034446073052,0.04240559574754527,0.034635452674971465,0.02414396850008526,0.05875790604271132,0.006593028923196472,0.056028483180733474,0.03741570991447765,0.1631489166546882,0.0017637784866053959,0.00369416330089902,0.21782538695452125,0.05475080229588795,0.002301491816523465,0.0695121980565318,0.0656014459555559,0.03949773989544083,0.13770753635650626,0.5749866192108939,0.12146095594096293,0.028239282519292155,0.021460709472622175,0.007544517370717764,0.08215307551034386,0.016795913998303585,0.054118572788917046,0.017661370391518345,0.12545574625225037,0.02453037021181215,0.07199719591572551,0.012735061049143149,0.11439988910350961,0.0970246605337225,0.13373250032491124,0.04255109101382009,0.03983328627721579,0.09715022942875905,0.06559385505414879,0.07068716661932023,0.09145368680931043,1.0,0.11440241511131252,0.06156167513318011,
ext_liquidity_chg5,0.0028941558402106136,0.04805420408143347,0.06314334769263337,0.009520428305973425,0.017728567776133148,0.017048306052302748,0.009720867137762667,0.060236663149161644,0.005668899109874753,0.003015755865390193,0.05100383527783273,0.013858799159323225,0.021976573404744487,0.016990858361367274,0.06105899545979983,0.0027064230550744024,0.027264920930403357,0.01317097864370985,0.035643577159331134,0.01088162930195172,0.008116668244256886,0.012234432704911015,0.02225834406674284,0.04973959223310986,0.01552191466435646,0.00179653906715188,0.033106051279874885,0.016669496424828612,0.04420265185917793,0.06067753347482403,0.035074428653789846,0.0274345104538555,0.020590498812398,0.008419553743661956,0.03621293558272211,0.036962293252293006,0.023123547283913207,0.015735423035849357,0.003514940869833635,0.0018501313469670832,0.026239899290526225,0.04749514764399389,0.0610032450277184,0.0061774859471137745,0.032614003668683854,0.058282964848389233,0.23992118285149108,0.0028100455328744904,0.031675907130912645,0.13708768487729167,0.011381848622816994,0.0066132014190729465,0.02172221352571634,5.5091655698588566e-17,0.07892819218827127,0.04001344128308137,0.00879732302272435,0.016674050612654586,0.001339809716597458,0.004598750855336508,0.0361912678162156,0.010543038515522572,0.07995031462249431,0.05745529096057948,0.0037570532060315727,0.07544990332309147,0.026217569990241715,0.07497136571624688,0.018927378426984862,0.15740062780552644,0.07445401289038234,0.028712791727195576,0.15818421618551617,0.18825051631493178,0.26942467777998186,0.0008030877128206596,0.000726400339275429,0.1302394004856029,0.16024605844435616,0.014778940621300717,0.033292028917931,0.4725400841292585,0.015845247766262824,0.10033857769564733,0.0787169595121045,0.026915389393204894,0.36545190332719085,0.013685356407407982,0.03977196567289174,0.031437854034945846,0.03365069389155453,0.024566274757098515,0.05378257631641479,0.015034763778673898,0.11440241511131252,1.0,0.012835953668506426,
regime_credit_exposure,0.012332972679979378,0.0019896011886497943,0.005974957630379179,0.02626674478583184,0.018065384829827565,0.0015987416230241823,0.03606648021686542,0.0009258048434309581,0.015507644462278142,0.0024541897281704496,0.00719824178365557,0.041018423774281575,0.008011729853127333,0.021169160224206385,0.0918292548762507,0.038397042400670836,0.10119433511214525,0.01090025510089533,0.036816361206486736,0.04917702628643811,0.0169714396611702,0.005351160798496831,0.004463824616138009,0.06242970309544226,0.009181842704963469,0.027610649471007366,0.011687390826663889,0.038224989862185324,0.23368229496640094,0.03858723750979109,0.0010282001130522934,0.05732852486791691,0.0430197716344149,0.03883958319362121,0.27341321471255464,0.016579516274589153,0.006612092977448933,0.0027320193892236737,0.015733575216376694,0.0009964788851355279,0.23517329033996837,0.10877376037492369,0.06890640976345935,0.0406629466738836,0.038456043048540715,0.0675817818879207,0.030253436655363314,0.00635839706499867,0.16513797835457913,0.03715048861377377,0.032906840201397176,0.05070816111397966,0.2739610102916737,0.011519437199148542,0.18229110312464178,0.03339107811743641,0.0010987963308742154,0.03210192786980297,0.05249929580456648,0.003329399958670674,0.02583746393746497,0.0029955959819578624,0.04013288628883604,0.0024338844270049213,0.04174273124105831,0.06155222966822675,0.04624662528827253,0.01748861238574955,0.03478904612611282,0.01671668316104879,0.058830534010592225,0.4470465216500936,0.1321930549201423,0.0026764989733617894,0.0719852301111081,0.03015142396709469,0.047835850947323046,0.07471762718066802,0.07495839078224319,0.0035475171743652666,0.06535819660926283,0.04243752172981334,0.06213337624094295,0.03322032805888783,0.03425680995573749,0.08905947120083658,0.000938668132541476,0.023348365760907572,0.051072254546635304,0.10106657095512453,0.1392734154634211,0.25298408274958684,0.01648557386591631,0.016043359142178335,0.06156167513318011,0.012835953668506426,1.0,
regime_inflation_exposure,,,,,,,,,,,,,,,,,,,,,,,,,,,,,,,,,,,,,,,,,,,,,,,,,,,,,,,,,,,,,,,,,,,,,,,,,,,,,,,,,,,,,,,,,,,,,,,,,,
