date,asset,score,decayed_score,weight,signal_confidence,view_confidence,optimizer_used,optimizer_status,cvar_95,turnover,cost
2017-03-01,sse50,0.5555555555555556,0.5555555555555556,0.008198922673750898,0.0,0.5196531857861052,cvar,optimal,0.002237981782287593,0.5,0.0005
2017-03-01,csi300,0.625,0.625,9.45279569058101e-09,0.0,0.574263247464365,cvar,optimal,0.002237981782287593,0.5,0.0005
2017-03-01,csi500,0.625,0.625,5.622705664724897e-09,0.0,0.5766433292222346,cvar,optimal,0.002237981782287593,0.5,0.0005
2017-03-01,csi1000,0.7361111111111112,0.7361111111111112,4.029866852580023e-09,0.0,0.6490196260452087,cvar,optimal,0.002237981782287593,0.5,0.0005
2017-03-01,bond_gov,0.18055555555555555,0.18055555555555555,0.3499999979867811,0.0,0.8,cvar,optimal,0.002237981782287593,0.5,0.0005
2017-03-01,bond_corp,0.18055555555555555,0.18055555555555555,0.34999999818050415,0.0,0.8,cvar,optimal,0.002237981782287593,0.5,0.0005
2017-03-01,csi_cb,0.7361111111111112,0.7361111111111112,0.12314931656643963,0.0,0.4812548303687966,cvar,optimal,0.002237981782287593,0.5,0.0005
2017-03-01,crude_sc,,0.0,0.0,0.0,,cvar,optimal,0.002237981782287593,0.5,0.0005
2017-03-01,gold_au,0.6805555555555556,0.6805555555555556,0.060244155361986886,0.0,0.5848429058788022,cvar,optimal,0.002237981782287593,0.5,0.0005
2017-03-01,spx,0.6805555555555556,0.6805555555555556,0.10840759012516923,0.0,0.6991277670090682,cvar,optimal,0.002237981782287593,0.5,0.0005
2017-03-29,sse50,0.513888888888889,0.5253388711670554,3.958185075242495e-09,0.6551514406577218,0.6024959247949628,cvar,optimal,0.002071404305506272,0.009027134205075584,9.027134205075584e-06
2017-03-29,csi300,0.45833333333333337,0.5041332624459992,1.8608242924422798e-09,0.6551514406577218,0.47842329188269334,cvar,optimal,0.002071404305506272,0.009027134205075584,9.027134205075584e-06
2017-03-29,csi500,0.5694444444444444,0.5847110874819997,9.078168403857091e-09,0.6551514406577218,0.7159212069600648,cvar,optimal,0.002071404305506272,0.009027134205075584,9.027134205075584e-06
2017-03-29,csi1000,0.6388888888888888,0.6656055142046107,0.007510980286002808,0.6551514406577218,0.8,cvar,optimal,0.002071404305506272,0.009027134205075584,9.027134205075584e-06
2017-03-29,bond_gov,0.6388888888888888,0.5129390838290577,0.34999999940250254,0.6551514406577218,0.49997114120343505,cvar,optimal,0.002071404305506272,0.009027134205075584,9.027134205075584e-06
2017-03-29,bond_corp,0.6388888888888888,0.5129390838290577,0.3499999995475778,0.6551514406577218,0.5345054730566359,cvar,optimal,0.002071404305506272,0.009027134205075584,9.027134205075584e-06
2017-03-29,csi_cb,0.45833333333333337,0.5346665485211098,0.122401923442287,0.6551514406577218,0.38214007014784146,cvar,optimal,0.002071404305506272,0.009027134205075584,9.027134205075584e-06
2017-03-29,crude_sc,,0.0,0.0,0.6551514406577218,,cvar,optimal,0.002071404305506272,0.009027134205075584,9.027134205075584e-06
2017-03-29,gold_au,0.5694444444444444,0.599977730519555,0.06016334058860117,0.6551514406577218,0.6971884136297377,cvar,optimal,0.002071404305506272,0.009027134205075584,9.027134205075584e-06
2017-03-29,spx,0.513888888888889,0.5596888180015548,0.10992374183585103,0.6551514406577218,0.6961679802951725,cvar,optimal,0.002071404305506272,0.009027134205075584,9.027134205075584e-06
2017-04-28,sse50,0.763888888888889,0.6857059278210532,0.013035986704676539,0.013970217181004387,0.7278575889422172,cvar,optimal,0.0020066616596783175,0.01303598355831173,1.303598355831173e-05
2017-04-28,csi300,0.5138888888888888,0.5106915562302672,9.929106577610383e-10,0.013970217181004387,0.6081026329386989,cvar,optimal,0.0020066616596783175,0.01303598355831173,1.303598355831173e-05
2017-04-28,csi500,0.3055555555555556,0.39704666627903457,5.344402971142356e-09,0.013970217181004387,0.6236683983243958,cvar,optimal,0.0020066616596783175,0.01303598355831173,1.303598355831173e-05
2017-04-28,csi1000,0.375,0.4702437556707753,7.309856932828464e-09,0.013970217181004387,0.5021826706958303,cvar,optimal,0.0020066616596783175,0.01303598355831173,1.303598355831173e-05
2017-04-28,bond_gov,0.6805555555555556,0.6256205267994401,0.3499999998780689,0.013970217181004387,0.5116663620819586,cvar,optimal,0.0020066616596783175,0.01303598355831173,1.303598355831173e-05
2017-04-28,bond_corp,0.6805555555555556,0.6256205267994401,0.3499999998838316,0.013970217181004387,0.5101637122043624,cvar,optimal,0.0020066616596783175,0.01303598355831173,1.303598355831173e-05
2017-04-28,csi_cb,0.763888888888889,0.6887630034079256,0.12141521772635415,0.013970217181004387,0.5861650479482137,cvar,optimal,0.0020066616596783175,0.01303598355831173,1.303598355831173e-05
2017-04-28,crude_sc,,0.0,0.0,0.013970217181004387,,cvar,optimal,0.0020066616596783175,0.01303598355831173,1.303598355831173e-05
2017-04-28,gold_au,0.2916666666666667,0.39271328209849254,0.060006456529384404,0.013970217181004387,0.7443964082295246,cvar,optimal,0.0020066616596783175,0.01303598355831173,1.303598355831173e-05
2017-04-28,spx,0.625,0.6035947548935712,0.10554232563051376,0.013970217181004387,0.48067481791369093,cvar,optimal,0.0020066616596783175,0.01303598355831173,1.303598355831173e-05
2017-05-31,sse50,0.3194444444444444,0.43369278132387473,0.020934578741781916,0.0,0.37431348592479025,cvar,optimal,0.0020694644534805877,0.021203083062981104,2.1203083062981105e-05
2017-05-31,csi300,0.4027777777777778,0.4318864541889354,9.923716767357408e-10,0.0,0.4245843783102262,cvar,optimal,0.0020694644534805877,0.021203083062981104,2.1203083062981105e-05
2017-05-31,csi500,0.4305555555555556,0.413659468140703,7.2564439213075e-09,0.0,0.608338520467961,cvar,optimal,0.0020694644534805877,0.021203083062981104,2.1203083062981105e-05
2017-05-31,csi1000,0.763888888888889,0.6674744433628372,0.012785462092645035,0.0,0.8,cvar,optimal,0.0020694644534805877,0.021203083062981104,2.1203083062981105e-05
2017-05-31,bond_gov,0.7499999999999999,0.7257945631387265,0.3499999998311962,0.0,0.4890453065853853,cvar,optimal,0.0020694644534805877,0.021203083062981104,2.1203083062981105e-05
2017-05-31,bond_corp,0.7499999999999999,0.7257945631387265,0.34999999979592766,0.0,0.43352083926312013,cvar,optimal,0.0020694644534805877,0.021203083062981104,2.1203083062981105e-05
2017-05-31,csi_cb,0.5833333333333334,0.6136905745711646,0.1050392157318661,0.0,0.5707659853404234,cvar,optimal,0.0020694644534805877,0.021203083062981104,2.1203083062981105e-05
2017-05-31,crude_sc,,0.0,0.0,0.0,,cvar,optimal,0.0020694644534805877,0.021203083062981104,2.1203083062981105e-05
2017-05-31,gold_au,0.5416666666666667,0.48819717295016196,0.060525490860431096,0.0,0.4899621286738152,cvar,optimal,0.0020694644534805877,0.021203083062981104,2.1203083062981105e-05
2017-05-31,spx,0.4583333333333333,0.49980997918486975,0.10071524469733639,0.0,0.7222329218638456,cvar,optimal,0.0020694644534805877,0.021203083062981104,2.1203083062981105e-05
2017-06-28,sse50,0.2222222222222222,0.29039868205416497,0.0126931596652496,0.17152274055019964,0.6892011531675859,cvar,optimal,0.0019730075457873473,0.021026706784600564,2.1026706784600564e-05
2017-06-28,csi300,0.2222222222222222,0.2913268309751298,1.9710098604324928e-08,0.17152274055019964,0.8,cvar,optimal,0.0019730075457873473,0.021026706784600564,2.1026706784600564e-05
2017-06-28,csi500,0.5277777777777778,0.48532053872509273,0.011596765422325286,0.17152274055019964,0.49350796966101584,cvar,optimal,0.0019730075457873473,0.021026706784600564,2.1026706784600564e-05
2017-06-28,csi1000,0.5277777777777778,0.5751366126699452,1.8351637882903655e-07,0.17152274055019964,0.46001296795942237,cvar,optimal,0.0019730075457873473,0.021026706784600564,2.1026706784600564e-05
2017-06-28,bond_gov,0.6805555555555556,0.6981024178457305,0.3499999959140953,0.17152274055019964,0.6550458631653667,cvar,optimal,0.0019730075457873473,0.021026706784600564,2.1026706784600564e-05
2017-06-28,bond_corp,0.6805555555555556,0.6981024178457305,0.3499999945812265,0.17152274055019964,0.5699642115517638,cvar,optimal,0.0019730075457873473,0.021026706784600564,2.1026706784600564e-05
2017-06-28,csi_cb,0.5555555555555556,0.5793477053276632,0.109148020986274,0.17152274055019964,0.5251008151595655,cvar,optimal,0.0019730075457873473,0.021026706784600564,2.1026706784600564e-05
2017-06-28,crude_sc,,0.0,0.0,0.17152274055019964,,cvar,optimal,0.0019730075457873473,0.021026706784600564,2.1026706784600564e-05
2017-06-28,gold_au,0.8888888888888888,0.7530708168507063,0.06329624570475299,0.17152274055019964,0.5402057078799711,cvar,optimal,0.0019730075457873473,0.021026706784600564,2.1026706784600564e-05
2017-06-28,spx,0.6944444444444444,0.629193977705837,0.10326561449959887,0.17152274055019964,0.4154606322441926,cvar,optimal,0.0019730075457873473,0.021026706784600564,2.1026706784600564e-05
2017-07-26,sse50,0.4444444444444444,0.3773483623933976,0.016011428636037613,0.2304164839411668,0.710522471514186,cvar,optimal,0.001942701452674435,0.0058477316980591835,5.847731698059183e-06
2017-07-26,csi300,0.4444444444444444,0.38520746169873665,1.1235510598800904e-08,0.2304164839411668,0.7256004498023853,cvar,optimal,0.001942701452674435,0.0058477316980591835,5.847731698059183e-06
2017-07-26,csi500,0.8888888888888888,0.7557892639333367,0.01284717938940132,0.2304164839411668,0.7212052532825586,cvar,optimal,0.001942701452674435,0.0058477316980591835,5.847731698059183e-06
2017-07-26,csi1000,0.9444444444444444,0.8237149589000963,8.090338227706633e-08,0.2304164839411668,0.8,cvar,optimal,0.001942701452674435,0.0058477316980591835,5.847731698059183e-06
2017-07-26,bond_gov,0.375,0.48641366737695346,0.3499999942957325,0.2304164839411668,0.5183288549473295,cvar,optimal,0.001942701452674435,0.0058477316980591835,5.847731698059183e-06
2017-07-26,bond_corp,0.375,0.48641366737695346,0.3499999952823479,0.2304164839411668,0.46132644110331544,cvar,optimal,0.001942701452674435,0.0058477316980591835,5.847731698059183e-06
2017-07-26,csi_cb,0.4444444444444444,0.4851966598331954,0.10415324160066884,0.2304164839411668,0.5226784226648425,cvar,optimal,0.001942701452674435,0.0058477316980591835,5.847731698059183e-06
2017-07-26,crude_sc,,0.0,0.0,0.2304164839411668,,cvar,optimal,0.001942701452674435,0.0058477316980591835,5.847731698059183e-06
2017-07-26,gold_au,0.5694444444444444,0.6463291797472405,0.06457529376382672,0.2304164839411668,0.4611929329749418,cvar,optimal,0.001942701452674435,0.0058477316980591835,5.847731698059183e-06
2017-07-26,spx,0.5138888888888888,0.5535867787400897,0.10241277489309221,0.2304164839411668,0.6032905560306706,cvar,optimal,0.001942701452674435,0.0058477316980591835,5.847731698059183e-06
2017-08-23,sse50,0.7916666666666666,0.651544957205644,0.04025243334700178,0.10882744821129192,0.5363389062499728,cvar,optimal,0.0019864823065997056,0.029717116741060683,2.9717116741060683e-05
2017-08-23,csi300,0.736111111111111,0.6150556594602408,6.816973330016349e-09,0.10882744821129192,0.6389576477560596,cvar,optimal,0.0019864823065997056,0.029717116741060683,2.9717116741060683e-05
2017-08-23,csi500,0.19444444444444442,0.39871657008154526,3.2382904585480776e-08,0.10882744821129192,0.7840794213706178,cvar,optimal,0.0019864823065997056,0.029717116741060683,2.9717116741060683e-05
2017-08-23,csi1000,0.25,0.44903272610020817,1.0429765470431452e-08,0.10882744821129192,0.7539982003162282,cvar,optimal,0.0019864823065997056,0.029717116741060683,2.9717116741060683e-05
2017-08-23,bond_gov,0.6805555555555556,0.604507835052628,0.3499999971709143,0.10882744821129192,0.568693058289608,cvar,optimal,0.0019864823065997056,0.029717116741060683,2.9717116741060683e-05
2017-08-23,bond_corp,0.6527777777777777,0.5862631861799262,0.34999999418045213,0.10882744821129192,0.47022431153446015,cvar,optimal,0.0019864823065997056,0.029717116741060683,2.9717116741060683e-05
2017-08-23,csi_cb,0.7638888888888888,0.6647367055542986,0.0916635652911129,0.10882744821129192,0.5107301396268829,cvar,optimal,0.0019864823065997056,0.029717116741060683,2.9717116741060683e-05
2017-08-23,crude_sc,,0.0,0.0,0.10882744821129192,,cvar,optimal,0.0019864823065997056,0.029717116741060683,2.9717116741060683e-05
2017-08-23,gold_au,0.7083333333333333,0.6907942361450856,0.07005140291874147,0.10882744821129192,0.621357655433212,cvar,optimal,0.0019864823065997056,0.029717116741060683,2.9717116741060683e-05
2017-08-23,spx,0.2222222222222222,0.33934812422042304,0.09803255746213407,0.10882744821129192,0.8,cvar,optimal,0.0019864823065997056,0.029717116741060683,2.9717116741060683e-05
2017-09-20,sse50,0.75,0.7315534462520347,0.04114871644004839,0.045722211187583635,0.6203543543427492,cvar,optimal,0.001983106609302179,0.004020085929426471,4.020085929426471e-06
2017-09-20,csi300,0.6805555555555556,0.672114965797021,5.1510326874443e-10,0.045722211187583635,0.5864570364043978,cvar,optimal,0.001983106609302179,0.004020085929426471,4.020085929426471e-06
2017-09-20,csi500,0.19444444444444445,0.2599369386556034,1.2561317621668212e-09,0.045722211187583635,0.8,cvar,optimal,0.001983106609302179,0.004020085929426471,4.020085929426471e-06
2017-09-20,csi1000,0.19444444444444445,0.2790031964657557,6.390967731861913e-10,0.045722211187583635,0.8,cvar,optimal,0.001983106609302179,0.004020085929426471,4.020085929426471e-06
2017-09-20,bond_gov,0.6527777777777777,0.6334942092299439,0.3499999998735748,0.045722211187583635,0.5233786426458595,cvar,optimal,0.001983106609302179,0.004020085929426471,4.020085929426471e-06
2017-09-20,bond_corp,0.7083333333333333,0.6630700778387173,0.34999999983012126,0.045722211187583635,0.5500663692974568,cvar,optimal,0.001983106609302179,0.004020085929426471,4.020085929426471e-06
2017-09-20,csi_cb,0.75,0.7246400171154049,0.08881658035168631,0.045722211187583635,0.5280788766105718,cvar,optimal,0.001983106609302179,0.004020085929426471,4.020085929426471e-06
2017-09-20,crude_sc,,0.0,0.0,0.045722211187583635,,cvar,optimal,0.001983106609302179,0.004020085929426471,4.020085929426471e-06
2017-09-20,gold_au,0.7916666666666666,0.7499687811092064,0.06887834914805312,0.045722211187583635,0.49581477686765424,cvar,optimal,0.001983106609302179,0.004020085929426471,4.020085929426471e-06
2017-09-20,spx,0.2777777777777778,0.28621836753631225,0.10115635194618428,0.045722211187583635,0.7602903466581523,cvar,optimal,0.001983106609302179,0.004020085929426471,4.020085929426471e-06
2017-10-25,sse50,0.2777777777777778,0.41840985285516824,0.015162749787186973,0.10028741885473666,0.7442192310357635,cvar,optimal,0.0018110765969794435,0.027146476549226507,2.7146476549226506e-05
2017-10-25,csi300,0.3194444444444444,0.4288796860944581,9.656710014543333e-08,0.10028741885473666,0.6901698319881577,cvar,optimal,0.0018110765969794435,0.027146476549226507,2.7146476549226506e-05
2017-10-25,csi500,0.2777777777777778,0.25354785618886183,1.933957259221475e-07,0.10028741885473666,0.8,cvar,optimal,0.0018110765969794435,0.027146476549226507,2.7146476549226506e-05
2017-10-25,csi1000,0.8333333333333334,0.6520095159163556,1.4405752072955664e-07,0.10028741885473666,0.5991446279045107,cvar,optimal,0.0018110765969794435,0.027146476549226507,2.7146476549226506e-05
2017-10-25,bond_gov,0.7222222222222223,0.7042500782804813,0.3499999911752042,0.10028741885473666,0.5633979342027688,cvar,optimal,0.0018110765969794435,0.027146476549226507,2.7146476549226506e-05
2017-10-25,bond_corp,0.7777777777777778,0.75314726168897,0.3499999905475132,0.10028741885473666,0.6310455844215315,cvar,optimal,0.0018110765969794435,0.027146476549226507,2.7146476549226506e-05
2017-10-25,csi_cb,0.75,0.7511097286911779,0.10025441824458126,0.10028741885473666,0.5594346000406407,cvar,optimal,0.0018110765969794435,0.027146476549226507,2.7146476549226506e-05
2017-10-25,crude_sc,,0.0,0.0,0.10028741885473666,,cvar,optimal,0.0018110765969794435,0.027146476549226507,2.7146476549226506e-05
2017-10-25,gold_au,0.8055555555555556,0.7948588631436695,0.08458655619436971,0.10028741885473666,0.5896543912575674,cvar,optimal,0.0018110765969794435,0.027146476549226507,2.7146476549226506e-05
2017-10-25,spx,0.2361111111111111,0.24378715714085786,0.09999586003079786,0.10028741885473666,0.7831723703744427,cvar,optimal,0.0018110765969794435,0.027146476549226507,2.7146476549226506e-05
2017-11-22,sse50,0.4305555555555555,0.4158701612093097,0.013903786070698788,0.8609601286376561,0.7039298897175772,cvar,optimal,0.001836172486063579,0.03491705441856439,3.4917054418564386e-05
2017-11-22,csi300,0.4305555555555555,0.42121035779491994,4.583200009939638e-08,0.8609601286376561,0.7357913261413818,cvar,optimal,0.001836172486063579,0.03491705441856439,3.4917054418564386e-05
2017-11-22,csi500,0.7499999999999999,0.5880745809139726,4.880276451046633e-08,0.8609601286376561,0.35293062613618137,cvar,optimal,0.001836172486063579,0.03491705441856439,3.4917054418564386e-05
2017-11-22,csi1000,0.9444444444444444,0.859571352611367,3.071294777802393e-09,0.8609601286376561,0.8,cvar,optimal,0.001836172486063579,0.03491705441856439,3.4917054418564386e-05
2017-11-22,bond_gov,0.375,0.4841898808217598,0.3499999994509973,0.8609601286376561,0.5655745851218918,cvar,optimal,0.001836172486063579,0.03491705441856439,3.4917054418564386e-05
2017-11-22,bond_corp,0.4722222222222222,0.5676799182281005,0.34999999946200483,0.8609601286376561,0.5401965921595736,cvar,optimal,0.001836172486063579,0.03491705441856439,3.4917054418564386e-05
2017-11-22,csi_cb,0.5694444444444444,0.6289505786465976,0.06659666385679248,0.8609601286376561,0.3911689171726423,cvar,optimal,0.001836172486063579,0.03491705441856439,3.4917054418564386e-05
2017-11-22,crude_sc,,0.0,0.0,0.8609601286376561,,cvar,optimal,0.001836172486063579,0.03491705441856439,3.4917054418564386e-05
2017-11-22,gold_au,0.5138888888888888,0.6089651840712755,0.0995311248727505,0.8609601286376561,0.46835302039663385,cvar,optimal,0.001836172486063579,0.03491705441856439,3.4917054418564386e-05
2017-11-22,spx,0.5138888888888888,0.42548798570269714,0.11996832858069673,0.8609601286376561,0.6269142619785195,cvar,optimal,0.001836172486063579,0.03491705441856439,3.4917054418564386e-05
2017-12-20,sse50,0.7777777777777777,0.6442053177378709,0.020762496139510207,0.5567315782718908,0.4826475945429876,cvar,optimal,0.0016457770457503687,0.030403295341116132,3.0403295341116133e-05
2017-12-20,csi300,0.5972222222222222,0.52954464971798,6.2103123172898765e-09,0.5567315782718908,0.41524321272495035,cvar,optimal,0.0016457770457503687,0.030403295341116132,3.0403295341116133e-05
2017-12-20,csi500,0.3055555555555556,0.4135507219731857,0.010601648449730773,0.5567315782718908,0.5899330874086881,cvar,optimal,0.0016457770457503687,0.030403295341116132,3.0403295341116133e-05
2017-12-20,csi1000,0.9166666666666666,0.9157209964979574,6.645874174627457e-09,0.5567315782718908,0.7402829371199179,cvar,optimal,0.0016457770457503687,0.030403295341116132,3.0403295341116133e-05
2017-12-20,bond_gov,0.4027777777777778,0.4259908959782811,0.34999999819632166,0.5567315782718908,0.5046333134092067,cvar,optimal,0.0016457770457503687,0.030403295341116132,3.0403295341116133e-05
2017-12-20,bond_corp,0.5694444444444444,0.5648951907295878,0.34999999652064373,0.5567315782718908,0.483894053837205,cvar,optimal,0.0016457770457503687,0.030403295341116132,3.0403295341116133e-05
2017-12-20,csi_cb,0.16666666666666666,0.321925084285172,0.03867036885038779,0.5567315782718908,0.5911529252134984,cvar,optimal,0.0016457770457503687,0.030403295341116132,3.0403295341116133e-05
2017-12-20,crude_sc,,0.0,0.0,0.5567315782718908,,cvar,optimal,0.0016457770457503687,0.030403295341116132,3.0403295341116133e-05
2017-12-20,gold_au,0.7916666666666666,0.7238422251845921,0.11247410692350959,0.5567315782718908,0.5550760635819817,cvar,optimal,0.0016457770457503687,0.030403295341116132,3.0403295341116133e-05
2017-12-20,spx,0.4722222222222222,0.46032491789537283,0.11749137206370985,0.5567315782718908,0.4260983746423116,cvar,optimal,0.0016457770457503687,0.030403295341116132,3.0403295341116133e-05
2018-01-18,sse50,0.19444444444444442,0.35810319750886255,0.01893758054428249,0.10392451580353339,0.7457991893670599,cvar,optimal,0.0014158970869005995,0.02654059726531942,2.654059726531942e-05
2018-01-18,csi300,0.2222222222222222,0.33264365375674776,1.04629998110595e-08,0.10392451580353339,0.8,cvar,optimal,0.0014158970869005995,0.02654059726531942,2.654059726531942e-05
2018-01-18,csi500,0.6805555555555556,0.5957380762679052,0.0045502147799406515,0.10392451580353339,0.6082518588931511,cvar,optimal,0.0014158970869005995,0.02654059726531942,2.654059726531942e-05
2018-01-18,csi1000,0.736111111111111,0.799234078094112,4.809188245909235e-09,0.10392451580353339,0.8,cvar,optimal,0.0014158970869005995,0.02654059726531942,2.654059726531942e-05
2018-01-18,bond_gov,0.625,0.5479010549189268,0.34999999934007936,0.10392451580353339,0.4802571820780994,cvar,optimal,0.0014158970869005995,0.02654059726531942,2.654059726531942e-05
2018-01-18,bond_corp,0.6527777777777777,0.6158644382952267,0.34999999800781156,0.10392451580353339,0.4697455751913623,cvar,optimal,0.0014158970869005995,0.02654059726531942,2.654059726531942e-05
2018-01-18,csi_cb,0.7638888888888888,0.6006922669078216,0.06521095923209418,0.10392451580353339,0.5295481966681296,cvar,optimal,0.0014158970869005995,0.02654059726531942,2.654059726531942e-05
2018-01-18,crude_sc,,0.0,0.0,0.10392451580353339,,cvar,optimal,0.0014158970869005995,0.02654059726531942,2.654059726531942e-05
2018-01-18,gold_au,0.7916666666666666,0.7660627144197913,0.10317903920566689,0.10392451580353339,0.5903319633863737,cvar,optimal,0.0014158970869005995,0.02654059726531942,2.654059726531942e-05
2018-01-18,spx,0.3333333333333333,0.38376051983060566,0.1081221936179369,0.10392451580353339,0.5857466995892967,cvar,optimal,0.0014158970869005995,0.02654059726531942,2.654059726531942e-05
2018-02-22,sse50,0.3888888888888889,0.37787258697956694,0.010434340623148498,0.3279868458174701,0.6965248509391366,cvar,optimal,0.002134441446203691,0.07207667931766917,7.207667931766918e-05
2018-02-22,csi300,0.8055555555555556,0.6660962337113482,4.2582497333092034e-08,0.3279868458174701,0.39513229669560823,cvar,optimal,0.002134441446203691,0.07207667931766917,7.207667931766918e-05
2018-02-22,csi500,0.3611111111111111,0.4243531342885109,0.012230459747920381,0.3279868458174701,0.5596751529668033,cvar,optimal,0.002134441446203691,0.07207667931766917,7.207667931766918e-05
2018-02-22,csi1000,0.3333333333333333,0.46363808466407025,4.8251207096395754e-08,0.3279868458174701,0.3717229771908198,cvar,optimal,0.002134441446203691,0.07207667931766917,7.207667931766918e-05
2018-02-22,bond_gov,0.5694444444444444,0.5682925485235079,0.34999999476324617,0.3279868458174701,0.3441221903433572,cvar,optimal,0.002134441446203691,0.07207667931766917,7.207667931766918e-05
2018-02-22,bond_corp,0.7083333333333333,0.6858384701173272,0.34999999437592044,0.3279868458174701,0.6673129971521119,cvar,optimal,0.002134441446203691,0.07207667931766917,7.207667931766918e-05
2018-02-22,csi_cb,0.625,0.6188957021335302,0.08633881800085846,0.3279868458174701,0.5020815478446263,cvar,optimal,0.002134441446203691,0.07207667931766917,7.207667931766918e-05
2018-02-22,crude_sc,,0.0,0.0,0.3279868458174701,,cvar,optimal,0.002134441446203691,0.07207667931766917,7.207667931766918e-05
2018-02-22,gold_au,0.7638888888888888,0.7719117624327634,0.1464475392250757,0.3279868458174701,0.7087888971232617,cvar,optimal,0.002134441446203691,0.07207667931766917,7.207667931766918e-05
2018-02-22,spx,0.4444444444444444,0.4231014771493749,0.04454876243012603,0.3279868458174701,0.7575162123663286,cvar,optimal,0.002134441446203691,0.07207667931766917,7.207667931766918e-05
2018-03-22,sse50,0.7083333333333333,0.5883672703419336,0.00023819303905188525,0.10798695323188617,0.6110480171097808,cvar,optimal,0.0021688190808255934,0.015055552848520965,1.5055552848520965e-05
2018-03-22,csi300,0.7083333333333333,0.6963171596947991,1.3761395824555145e-08,0.10798695323188617,0.677814212098693,cvar,optimal,0.0021688190808255934,0.015055552848520965,1.5055552848520965e-05
2018-03-22,csi500,0.7083333333333333,0.618025426029684,0.023108595439008037,0.10798695323188617,0.6404392023851629,cvar,optimal,0.0021688190808255934,0.015055552848520965,1.5055552848520965e-05
2018-03-22,csi1000,0.7083333333333333,0.6151646273251331,9.3248252280171e-08,0.10798695323188617,0.6155846714461932,cvar,optimal,0.0021688190808255934,0.015055552848520965,1.5055552848520965e-05
2018-03-22,bond_gov,0.25,0.3594760777035606,0.34999999743357674,0.10798695323188617,0.7147674821400957,cvar,optimal,0.0021688190808255934,0.015055552848520965,1.5055552848520965e-05
2018-03-22,bond_corp,0.25,0.39685803885956106,0.3499999965269038,0.10798695323188617,0.654938005843202,cvar,optimal,0.0021688190808255934,0.015055552848520965,1.5055552848520965e-05
2018-03-22,csi_cb,0.7083333333333333,0.6913589489894093,0.08147944155753555,0.10798695323188617,0.6520781804542143,cvar,optimal,0.0021688190808255934,0.015055552848520965,1.5055552848520965e-05
2018-03-22,crude_sc,,0.0,0.0,0.10798695323188617,,cvar,optimal,0.0021688190808255934,0.015055552848520965,1.5055552848520965e-05
2018-03-22,gold_au,0.7083333333333333,0.7287409101454099,0.15023913919541784,0.10798695323188617,0.6535118522626147,cvar,optimal,0.0021688190808255934,0.015055552848520965,1.5055552848520965e-05
2018-03-22,spx,0.25,0.3056915409105091,0.04493452979885803,0.10798695323188617,0.5443050605072058,cvar,optimal,0.0021688190808255934,0.015055552848520965,1.5055552848520965e-05
2018-04-23,sse50,0.75,0.709526637741699,0.00037038965375681555,0.30956886468666617,0.505146402621837,cvar,optimal,0.0021823095999932117,0.0005514601811263941,5.514601811263941e-07
2018-04-23,csi300,0.6625,0.6851832278110385,4.1522202015532266e-08,0.30956886468666617,0.35787538980000466,cvar,optimal,0.0021823095999932117,0.0005514601811263941,5.514601811263941e-07
2018-04-23,csi500,0.6375,0.6298139032628692,0.02264859488460387,0.30956886468666617,0.5963206456618065,cvar,optimal,0.0021823095999932117,0.0005514601811263941,5.514601811263941e-07
2018-04-23,csi1000,0.9375,0.8336302962117333,0.00041465440584520096,0.30956886468666617,0.6173735800270251,cvar,optimal,0.0021823095999932117,0.0005514601811263941,5.514601811263941e-07
2018-04-23,bond_gov,0.2625,0.2860377931326446,0.3499999933294903,0.30956886468666617,0.7693668821080097,cvar,optimal,0.0021823095999932117,0.0005514601811263941,5.514601811263941e-07
2018-04-23,bond_corp,0.3375,0.34952158765770064,0.349999991609808,0.30956886468666617,0.533267164127087,cvar,optimal,0.0021823095999932117,0.0005514601811263941,5.514601811263941e-07
2018-04-23,csi_cb,0.35000000000000003,0.45487547699645553,0.08142143932989522,0.30956886468666617,0.6259276830929432,cvar,optimal,0.0021823095999932117,0.0005514601811263941,5.514601811263941e-07
2018-04-23,crude_sc,0.7749999999999999,0.532691087894455,0.0,0.30956886468666617,,cvar,optimal,0.0021823095999932117,0.0005514601811263941,5.514601811263941e-07
2018-04-23,gold_au,0.6,0.6386443558847755,0.1502056908175182,0.30956886468666617,0.4323628868491955,cvar,optimal,0.0021823095999932117,0.0005514601811263941,5.514601811263941e-07
2018-04-23,spx,0.1875,0.22374730301595425,0.04493920444688039,0.30956886468666617,0.6043020599556617,cvar,optimal,0.0021823095999932117,0.0005514601811263941,5.514601811263941e-07
2018-05-23,sse50,0.7750000000000001,0.763699287653033,5.468331547684397e-09,0.03978483768645565,0.7960289826205811,cvar,optimal,0.0020793210107859844,0.03592372283800692,3.592372283800692e-05
2018-05-23,csi300,0.7875000000000001,0.7511594012820282,1.4729491514621033e-08,0.03978483768645565,0.6503161466106484,cvar,optimal,0.0020793210107859844,0.03592372283800692,3.592372283800692e-05
2018-05-23,csi500,0.2875,0.40505350644648697,0.041509970376183425,0.03978483768645565,0.44390968540199405,cvar,optimal,0.0020793210107859844,0.03592372283800692,3.592372283800692e-05
2018-05-23,csi1000,0.22499999999999998,0.434686573597847,2.1041190575592872e-08,0.03978483768645565,0.5013825230003405,cvar,optimal,0.0020793210107859844,0.03592372283800692,3.592372283800692e-05
2018-05-23,bond_gov,0.32500000000000007,0.30402010743374613,0.34999999757161737,0.03978483768645565,0.6007753311890813,cvar,optimal,0.0020793210107859844,0.03592372283800692,3.592372283800692e-05
2018-05-23,bond_corp,0.35000000000000003,0.3390609977893061,0.3499999973564532,0.03978483768645565,0.5787165631713098,cvar,optimal,0.0020793210107859844,0.03592372283800692,3.592372283800692e-05
2018-05-23,csi_cb,0.6625000000000001,0.5909851152786206,0.06095485738906729,0.03978483768645565,0.7048392980374778,cvar,optimal,0.0020793210107859844,0.03592372283800692,3.592372283800692e-05
2018-05-23,crude_sc,0.975,0.8495570212277439,0.0,0.03978483768645565,,cvar,optimal,0.0020793210107859844,0.03592372283800692,3.592372283800692e-05
2018-05-23,gold_au,0.37500000000000006,0.45555182697386387,0.16726802817517333,0.03978483768645565,0.5658319803537908,cvar,optimal,0.0020793210107859844,0.03592372283800692,3.592372283800692e-05
2018-05-23,spx,0.7375,0.5665613170382474,0.030267107892491873,0.03978483768645565,0.4802560171488235,cvar,optimal,0.0020793210107859844,0.03592372283800692,3.592372283800692e-05
2018-06-21,sse50,0.7750000000000001,0.7728366062715611,2.0938854527333285e-09,0.17330995968562166,0.7547165728964115,cvar,optimal,0.002294993270324387,0.020637835646678454,2.0637835646678454e-05
2018-06-21,csi300,0.875,0.8351946480476906,2.907679166946657e-09,0.17330995968562166,0.8,cvar,optimal,0.002294993270324387,0.020637835646678454,2.0637835646678454e-05
2018-06-21,csi500,0.375,0.3762991288880301,0.020995266406980788,0.17330995968562166,0.4189949641730532,cvar,optimal,0.002294993270324387,0.020637835646678454,2.0637835646678454e-05
2018-06-21,csi1000,0.325,0.3535271403346638,6.151251626312579e-09,0.17330995968562166,0.31405866767945556,cvar,optimal,0.002294993270324387,0.020637835646678454,2.0637835646678454e-05
2018-06-21,bond_gov,0.2875,0.2945151085260947,0.3499999993863772,0.17330995968562166,0.6723112160821128,cvar,optimal,0.002294993270324387,0.020637835646678454,2.0637835646678454e-05
2018-06-21,bond_corp,0.4125,0.39071231505712706,0.3499999993182459,0.17330995968562166,0.5734905736856207,cvar,optimal,0.002294993270324387,0.020637835646678454,2.0637835646678454e-05
2018-06-21,csi_cb,0.6499999999999999,0.6270987760102441,0.06760088388674863,0.17330995968562166,0.6456190691064181,cvar,optimal,0.002294993270324387,0.020637835646678454,2.0637835646678454e-05
2018-06-21,crude_sc,0.8,0.8406696167927182,0.0,0.17330995968562166,,cvar,optimal,0.002294993270324387,0.020637835646678454,2.0637835646678454e-05
2018-06-21,gold_au,0.5249999999999999,0.49477617216718195,0.18125983354761793,0.17330995968562166,0.47619588702572224,cvar,optimal,0.002294993270324387,0.020637835646678454,2.0637835646678454e-05
2018-06-21,spx,0.475,0.514370487904688,0.030144006301213444,0.17330995968562166,0.5400935907204939,cvar,optimal,0.002294993270324387,0.020637835646678454,2.0637835646678454e-05
2018-07-19,sse50,0.825,0.8079462082342648,6.403052506591719e-09,0.1891436712547245,0.7734580539509484,cvar,optimal,0.0022949933534228946,2.427592904110106e-07,2.4275929041101063e-10
2018-07-19,csi300,0.8875,0.8752399036791939,9.031408734158833e-09,0.1891436712547245,0.8,cvar,optimal,0.0022949933534228946,2.427592904110106e-07,2.4275929041101063e-10
2018-07-19,csi500,0.7749999999999999,0.6305730174947449,0.02099530778699498,0.1891436712547245,0.6278157690367387,cvar,optimal,0.0022949933534228946,2.427592904110106e-07,2.4275929041101063e-10
2018-07-19,csi1000,0.7749999999999999,0.6123768473890993,1.2903952113747903e-08,0.1891436712547245,0.5924546013614521,cvar,optimal,0.0022949933534228946,2.427592904110106e-07,2.4275929041101063e-10
2018-07-19,bond_gov,0.35000000000000003,0.3321098953125618,0.3499999984643887,0.1891436712547245,0.6746422600967892,cvar,optimal,0.0022949933534228946,2.427592904110106e-07,2.4275929041101063e-10
2018-07-19,bond_corp,0.37500000000000006,0.38207845212474995,0.34999999844823443,0.1891436712547245,0.6566742363715243,cvar,optimal,0.0022949933534228946,2.427592904110106e-07,2.4275929041101063e-10
2018-07-19,csi_cb,0.32500000000000007,0.4369920248171902,0.06760072888071501,0.1891436712547245,0.5516486284129694,cvar,optimal,0.0022949933534228946,2.427592904110106e-07,2.4275929041101063e-10
2018-07-19,crude_sc,0.30000000000000004,0.48653121441609803,0.0,0.1891436712547245,,cvar,optimal,0.0022949933534228946,2.427592904110106e-07,2.4275929041101063e-10
2018-07-19,gold_au,0.48750000000000004,0.48658180374537763,0.181260017741297,0.1891436712547245,0.4517268210113742,cvar,optimal,0.0022949933534228946,2.427592904110106e-07,2.4275929041101063e-10
2018-07-19,spx,0.4,0.4495706327867198,0.030143920339956595,0.1891436712547245,0.594961536627842,cvar,optimal,0.0022949933534228946,2.427592904110106e-07,2.4275929041101063e-10
2018-08-16,sse50,0.7374999999999999,0.7628138964677864,7.273383698615806e-10,0.19639789441161387,0.6223559351797203,cvar,optimal,0.0022345301963950727,0.01370763292118291,1.3707632921182911e-05
2018-08-16,csi300,0.825,0.8452706751406205,1.0393975208286392e-09,0.19639789441161387,0.8,cvar,optimal,0.0022345301963950727,0.01370763292118291,1.3707632921182911e-05
2018-08-16,csi500,0.7374999999999999,0.712646047356225,0.02414288551935981,0.19639789441161387,0.6057878787763669,cvar,optimal,0.0022345301963950727,0.01370763292118291,1.3707632921182911e-05
2018-08-16,csi1000,0.7374999999999999,0.7079305877730216,2.178633990630256e-09,0.19639789441161387,0.580929171700348,cvar,optimal,0.0022345301963950727,0.01370763292118291,1.3707632921182911e-05
2018-08-16,bond_gov,0.18750000000000003,0.23737447961569114,0.3499999997139892,0.19639789441161387,0.8,cvar,optimal,0.0022345301963950727,0.01370763292118291,1.3707632921182911e-05
2018-08-16,bond_corp,0.18750000000000003,0.2553852147966666,0.3499999996915449,0.19639789441161387,0.7866612422981345,cvar,optimal,0.0022345301963950727,0.01370763292118291,1.3707632921182911e-05
2018-08-16,csi_cb,0.5625,0.5116422351524214,0.05841602915323638,0.19639789441161387,0.5406416588361381,cvar,optimal,0.0022345301963950727,0.01370763292118291,1.3707632921182911e-05
2018-08-16,crude_sc,0.6375,0.5688270796353594,0.0,0.19639789441161387,,cvar,optimal,0.0022345301963950727,0.01370763292118291,1.3707632921182911e-05
2018-08-16,gold_au,0.3375,0.3925154907748138,0.1918200704372041,0.19639789441161387,0.4413693973359601,cvar,optimal,0.0022345301963950727,0.01370763292118291,1.3707632921182911e-05
2018-08-16,spx,0.55,0.505594293287394,0.025621011539295795,0.19639789441161387,0.30253754031157054,cvar,optimal,0.0022345301963950727,0.01370763292118291,1.3707632921182911e-05
2018-09-13,sse50,0.7499999999999999,0.7539621462633216,5.089112183937787e-10,0.36484860533439945,0.7112289525948118,cvar,optimal,0.0022670323697441914,0.009166665807659291,9.16666580765929e-06
2018-09-13,csi300,0.975,0.9294154283915932,6.670168910274269e-10,0.36484860533439945,0.8,cvar,optimal,0.0022670323697441914,0.009166665807659291,9.16666580765929e-06
2018-09-13,csi500,0.7625,0.757456778672834,0.020681698800910378,0.36484860533439945,0.6408874995390105,cvar,optimal,0.0022670323697441914,0.009166665807659291,9.16666580765929e-06
2018-09-13,csi1000,0.7124999999999999,0.7246164107019709,2.8378855754717115e-08,0.36484860533439945,0.5177620466044682,cvar,optimal,0.0022670323697441914,0.009166665807659291,9.16666580765929e-06
2018-09-13,bond_gov,0.26249999999999996,0.25208579560170563,0.3499999997635875,0.36484860533439945,0.7139205825478129,cvar,optimal,0.0022670323697441914,0.009166665807659291,9.16666580765929e-06
2018-09-13,bond_corp,0.26249999999999996,0.25444352539330733,0.34999999976079815,0.36484860533439945,0.6892947386851618,cvar,optimal,0.0022670323697441914,0.009166665807659291,9.16666580765929e-06
2018-09-13,csi_cb,0.35,0.4005300031036161,0.06538426151896226,0.36484860533439945,0.5976263538227339,cvar,optimal,0.0022670323697441914,0.009166665807659291,9.16666580765929e-06
2018-09-13,crude_sc,0.625,0.5974605558206609,0.0,0.36484860533439945,,cvar,optimal,0.0022670323697441914,0.009166665807659291,9.16666580765929e-06
2018-09-13,gold_au,0.35,0.3598564707423261,0.186114591938802,0.36484860533439945,0.5936811684125652,cvar,optimal,0.0022670323697441914,0.009166665807659291,9.16666580765929e-06
2018-09-13,spx,0.44999999999999996,0.47017288530866375,0.027819418662155898,0.36484860533439945,0.30507473370457416,cvar,optimal,0.0022670323697441914,0.009166665807659291,9.16666580765929e-06
2018-10-19,sse50,0.55,0.605758462802393,7.603353106730324e-09,0.4223096139342548,0.4706319030069449,cvar,optimal,0.0018356690490949738,0.046070236913866976,4.6070236913866974e-05
2018-10-19,csi300,0.975,0.963307378133247,4.02930482171412e-09,0.4223096139342548,0.8,cvar,optimal,0.0018356690490949738,0.046070236913866976,4.6070236913866974e-05
2018-10-19,csi500,0.7875,0.77845962369413,1.3790791781998046e-09,0.4223096139342548,0.6774344945937342,cvar,optimal,0.0018356690490949738,0.046070236913866976,4.6070236913866974e-05
2018-10-19,csi1000,0.8125,0.7860823463321476,1.113157768703936e-09,0.4223096139342548,0.7043708931329582,cvar,optimal,0.0018356690490949738,0.046070236913866976,4.6070236913866974e-05
2018-10-19,bond_gov,0.32500000000000007,0.3014246740797623,0.3499999982166334,0.4223096139342548,0.5954848967764028,cvar,optimal,0.0018356690490949738,0.046070236913866976,4.6070236913866974e-05
2018-10-19,bond_corp,0.5,0.426783432116551,0.34999999825685796,0.4223096139342548,0.4725099739931674,cvar,optimal,0.0018356690490949738,0.046070236913866976,4.6070236913866974e-05
2018-10-19,csi_cb,0.37500000000000006,0.38447294164982243,0.057836117013424344,0.4223096139342548,0.6240063890310005,cvar,optimal,0.0018356690490949738,0.046070236913866976,4.6070236913866974e-05
2018-10-19,crude_sc,0.35000000000000003,0.42898205109775195,2.358267377381259e-06,0.4223096139342548,0.5729448088405569,cvar,optimal,0.0018356690490949738,0.046070236913866976,4.6070236913866974e-05
2018-10-19,gold_au,0.4,0.38484240285494825,0.16827422726889638,0.4223096139342548,0.6630457300782973,cvar,optimal,0.0018356690490949738,0.046070236913866976,4.6070236913866974e-05
2018-10-19,spx,0.42500000000000004,0.43988668723924657,0.07388728685191566,0.4223096139342548,0.55787036396725,cvar,optimal,0.0018356690490949738,0.046070236913866976,4.6070236913866974e-05
2018-11-16,sse50,0.6125,0.6066384671546667,1.8787081219117706e-09,0.30443923121175587,0.5084969423554595,cvar,optimal,0.0018153662136217177,0.04267825435003955,4.267825435003955e-05
2018-11-16,csi300,0.55,0.6893333341103356,5.136362545786133e-10,0.30443923121175587,0.7242552242610469,cvar,optimal,0.0018153662136217177,0.04267825435003955,4.267825435003955e-05
2018-11-16,csi500,0.4625,0.5672204372836008,1.6189844930934128e-10,0.30443923121175587,0.5997424847605185,cvar,optimal,0.0018153662136217177,0.04267825435003955,4.267825435003955e-05
2018-11-16,csi1000,0.4625,0.5699307670054183,1.457552857480547e-10,0.30443923121175587,0.5770148549300649,cvar,optimal,0.0018153662136217177,0.04267825435003955,4.267825435003955e-05
2018-11-16,bond_gov,0.4125,0.3792422680341741,0.3499999998201622,0.30443923121175587,0.7018093322360225,cvar,optimal,0.0018153662136217177,0.04267825435003955,4.267825435003955e-05
2018-11-16,bond_corp,0.4125,0.4238147369447812,0.3499999998237708,0.30443923121175587,0.6318729168945538,cvar,optimal,0.0018153662136217177,0.04267825435003955,4.267825435003955e-05
2018-11-16,csi_cb,0.55,0.4907988677420298,0.09253298882579009,0.30443923121175587,0.6447726234533017,cvar,optimal,0.0018153662136217177,0.04267825435003955,4.267825435003955e-05
2018-11-16,crude_sc,0.925,0.7566046071298175,0.00798373763460954,0.30443923121175587,0.7451602456418958,cvar,optimal,0.0018153662136217177,0.04267825435003955,4.267825435003955e-05
2018-11-16,gold_au,0.5,0.46355852025484495,0.14793742671184903,0.30443923121175587,0.7353333992816791,cvar,optimal,0.0018153662136217177,0.04267825435003955,4.267825435003955e-05
2018-11-16,spx,0.6125,0.5528579943403312,0.051545844483820207,0.30443923121175587,0.43111969878588224,cvar,optimal,0.0018153662136217177,0.04267825435003955,4.267825435003955e-05
2018-12-14,sse50,0.325,0.41777355968853386,2.252549099544358e-09,0.3965221899917057,0.30542428488121953,cvar,optimal,0.0017701228180565635,5.354665566169758e-08,5.354665566169758e-11
2018-12-14,csi300,0.32499999999999996,0.442299750588346,1.5389267881461554e-09,0.3965221899917057,0.6531394199082331,cvar,optimal,0.0017701228180565635,5.354665566169758e-08,5.354665566169758e-11
2018-12-14,csi500,0.7500000000000001,0.6819826031232845,8.268071878198159e-10,0.3965221899917057,0.6639350292315445,cvar,optimal,0.0017701228180565635,5.354665566169758e-08,5.354665566169758e-11
2018-12-14,csi1000,0.275,0.3723568371916881,6.921728983223109e-10,0.3965221899917057,0.568282461797874,cvar,optimal,0.0017701228180565635,5.354665566169758e-08,5.354665566169758e-11
2018-12-14,bond_gov,0.35000000000000003,0.3631974857658153,0.3499999988036921,0.3965221899917057,0.6320852881398521,cvar,optimal,0.0017701228180565635,5.354665566169758e-08,5.354665566169758e-11
2018-12-14,bond_corp,0.5875,0.5356933421686263,0.3499999988095922,0.3965221899917057,0.6297103379876984,cvar,optimal,0.0017701228180565635,5.354665566169758e-08,5.354665566169758e-11
2018-12-14,csi_cb,0.5999999999999999,0.5663362594296507,0.0925329399883397,0.3965221899917057,0.5140432883243209,cvar,optimal,0.0017701228180565635,5.354665566169758e-08,5.354665566169758e-11
2018-12-14,crude_sc,0.975,0.9036125827640233,0.00798375280395376,0.3965221899917057,0.8,cvar,optimal,0.0017701228180565635,5.354665566169758e-08,5.354665566169758e-11
2018-12-14,gold_au,0.43750000000000006,0.4495186208700145,0.14793746247870265,0.3965221899917057,0.4579115961949373,cvar,optimal,0.0017701228180565635,5.354665566169758e-08,5.354665566169758e-11
2018-12-14,spx,0.875,0.7672289584100175,0.05154584180526368,0.3965221899917057,0.7069233287864715,cvar,optimal,0.0017701228180565635,5.354665566169758e-08,5.354665566169758e-11
2019-01-15,sse50,0.5,0.46998648561643436,1.1804093834687165e-08,0.8250540908354763,0.682829233809606,cvar,optimal,0.0017347794458193611,0.011211809047845335,1.1211809047845335e-05
2019-01-15,csi300,0.5,0.46461661577878854,9.028280937836446e-09,0.8250540908354763,0.6914678324054178,cvar,optimal,0.0017347794458193611,0.011211809047845335,1.1211809047845335e-05
2019-01-15,csi500,0.5,0.5534627639421668,4.9789233395709174e-09,0.8250540908354763,0.6930110955696575,cvar,optimal,0.0017347794458193611,0.011211809047845335,1.1211809047845335e-05
2019-01-15,csi1000,0.5,0.4457618608371337,4.4192114623449875e-09,0.8250540908354763,0.6742587347699529,cvar,optimal,0.0017347794458193611,0.011211809047845335,1.1211809047845335e-05
2019-01-15,bond_gov,0.5,0.4584713707204435,0.34999999284373445,0.8250540908354763,0.6488542424865239,cvar,optimal,0.0017347794458193611,0.011211809047845335,1.1211809047845335e-05
2019-01-15,bond_corp,0.5,0.51232182227296,0.3499999929861764,0.8250540908354763,0.6689772659574518,cvar,optimal,0.0017347794458193611,0.011211809047845335,1.1211809047845335e-05
2019-01-15,csi_cb,0.5,0.5269697702080183,0.08602773199036375,0.8250540908354763,0.6773078452882806,cvar,optimal,0.0017347794458193611,0.011211809047845335,1.1211809047845335e-05
2019-01-15,crude_sc,0.875,0.9019697702080183,0.011390421193635808,0.8250540908354763,0.6015472574670195,cvar,optimal,0.0017347794458193611,0.011211809047845335,1.1211809047845335e-05
2019-01-15,gold_au,0.5,0.4858288285388115,0.15574257821681228,0.8250540908354763,0.6137659319842902,cvar,optimal,0.0017347794458193611,0.011211809047845335,1.1211809047845335e-05
2019-01-15,spx,0.625,0.6806107118772251,0.04683925253876768,0.8250540908354763,0.4903123694356265,cvar,optimal,0.0017347794458193611,0.011211809047845335,1.1211809047845335e-05
2019-02-19,sse50,0.525,0.5056165719125258,1.2820847504235978e-08,0.32565165273205476,0.6451220614998067,cvar,optimal,0.0016764796681081038,0.020168930631320376,2.0168930631320376e-05
2019-02-19,csi300,0.825,0.720612572942208,6.445833904711766e-09,0.32565165273205476,0.5456195664429823,cvar,optimal,0.0016764796681081038,0.020168930631320376,2.0168930631320376e-05
2019-02-19,csi500,0.22499999999999998,0.3204914202560499,2.3694625902390142e-09,0.32565165273205476,0.6591907008864708,cvar,optimal,0.0016764796681081038,0.020168930631320376,2.0168930631320376e-05
2019-02-19,csi1000,0.22499999999999998,0.28710635330952533,2.0088952608310915e-09,0.32565165273205476,0.6847643379288052,cvar,optimal,0.0016764796681081038,0.020168930631320376,2.0168930631320376e-05
2019-02-19,bond_gov,0.45,0.4536246804417645,0.34999999566589296,0.32565165273205476,0.473983458777946,cvar,optimal,0.0016764796681081038,0.020168930631320376,2.0168930631320376e-05
2019-02-19,bond_corp,0.6000000000000001,0.5778152144298679,0.34999999559979533,0.32565165273205476,0.561270984529936,cvar,optimal,0.0016764796681081038,0.020168930631320376,2.0168930631320376e-05
2019-02-19,csi_cb,0.95,0.8295224366911599,0.10619665616915297,0.32565165273205476,0.8,cvar,optimal,0.0016764796681081038,0.020168930631320376,2.0168930631320376e-05
2019-02-19,crude_sc,0.6000000000000001,0.6849487675360949,0.0027050267216008053,0.32565165273205476,0.6635686682398501,cvar,optimal,0.0016764796681081038,0.020168930631320376,2.0168930631320376e-05
2019-02-19,gold_au,0.45,0.4597745611950717,0.14846848718103867,0.32565165273205476,0.4962839405323526,cvar,optimal,0.0016764796681081038,0.020168930631320376,2.0168930631320376e-05
2019-02-19,spx,0.65,0.6604874212857321,0.042629815017479866,0.32565165273205476,0.571066863281798,cvar,optimal,0.0016764796681081038,0.020168930631320376,2.0168930631320376e-05
2019-03-19,sse50,0.375,0.4225476679853624,5.947193574002821e-09,0.24095711737727435,0.6132300344282572,cvar,optimal,0.0016953991405734541,0.01672748981228219,1.6727489812282193e-05
2019-03-19,csi300,0.375,0.4987610304379768,5.421179496657747e-09,0.24095711737727435,0.5526845869031604,cvar,optimal,0.0016953991405734541,0.01672748981228219,1.6727489812282193e-05
2019-03-19,csi500,0.375,0.346334305532748,3.920743750483601e-09,0.24095711737727435,0.6756196678190471,cvar,optimal,0.0016953991405734541,0.01672748981228219,1.6727489812282193e-05
2019-03-19,csi1000,0.375,0.346334305532748,3.6665259775877792e-09,0.24095711737727435,0.6873760099723603,cvar,optimal,0.0016953991405734541,0.01672748981228219,1.6727489812282193e-05
2019-03-19,bond_gov,0.6500000000000001,0.5878619075873909,0.34999999084374755,0.24095711737727435,0.3321794278774309,cvar,optimal,0.0016953991405734541,0.01672748981228219,1.6727489812282193e-05
2019-03-19,bond_corp,0.6500000000000001,0.6259685888136981,0.34999998990527464,0.24095711737727435,0.40290880824796005,cvar,optimal,0.0016953991405734541,0.01672748981228219,1.6727489812282193e-05
2019-03-19,csi_cb,0.7500000000000001,0.7819269347836325,0.08947679765276571,0.24095711737727435,0.7652550845942525,cvar,optimal,0.0016953991405734541,0.01672748981228219,1.6727489812282193e-05
2019-03-19,crude_sc,0.6500000000000001,0.6542915490908638,0.002697413840680408,0.24095711737727435,0.4659437350411281,cvar,optimal,0.0016953991405734541,0.01672748981228219,1.6727489812282193e-05
2019-03-19,gold_au,0.8375000000000001,0.713567075915924,0.16351202285371993,0.24095711737727435,0.6573504462635451,cvar,optimal,0.0016953991405734541,0.01672748981228219,1.6727489812282193e-05
2019-03-19,spx,0.46249999999999997,0.5224066343196557,0.04431376594816902,0.24095711737727435,0.40987106389514205,cvar,optimal,0.0016953991405734541,0.01672748981228219,1.6727489812282193e-05
2019-04-17,sse50,0.6125,0.5466630590543005,1.9346176916440127e-09,0.171950230057433,0.5269412271151576,cvar,optimal,0.001710063180205799,0.013662898394236584,1.3662898394236585e-05
2019-04-17,csi300,0.6625000000000001,0.6075441537632391,2.00679597162304e-09,0.171950230057433,0.528024551309902,cvar,optimal,0.001710063180205799,0.013662898394236584,1.3662898394236585e-05
2019-04-17,csi500,0.5625,0.48578196434536197,1.6824011203711956e-09,0.171950230057433,0.7291824623885892,cvar,optimal,0.001710063180205799,0.013662898394236584,1.3662898394236585e-05
2019-04-17,csi1000,0.5125000000000001,0.4525531380630488,1.3320512786657247e-09,0.171950230057433,0.7593489836838153,cvar,optimal,0.001710063180205799,0.013662898394236584,1.3662898394236585e-05
2019-04-17,bond_gov,0.43750000000000006,0.4903426426824186,0.3499999989681074,0.171950230057433,0.5165800977964536,cvar,optimal,0.001710063180205799,0.013662898394236584,1.3662898394236585e-05
2019-04-17,bond_corp,0.5875,0.603855255742671,0.3499999990834258,0.171950230057433,0.6196583598310037,cvar,optimal,0.001710063180205799,0.013662898394236584,1.3662898394236585e-05
2019-04-17,csi_cb,0.5375000000000001,0.6272123339179191,0.10176192813817403,0.171950230057433,0.7706691452921797,cvar,optimal,0.001710063180205799,0.013662898394236584,1.3662898394236585e-05
2019-04-17,crude_sc,0.4625,0.5207831900368879,5.172520424370366e-09,0.171950230057433,0.5608997328260268,cvar,optimal,0.001710063180205799,0.013662898394236584,1.3662898394236585e-05
2019-04-17,gold_au,0.48750000000000004,0.5691807026394164,0.15254654512741994,0.171950230057433,0.4872705810629575,cvar,optimal,0.001710063180205799,0.013662898394236584,1.3662898394236585e-05
2019-04-17,spx,0.6375000000000001,0.5960835597547371,0.04569151655448618,0.171950230057433,0.6008841047390352,cvar,optimal,0.001710063180205799,0.013662898394236584,1.3662898394236585e-05
2019-05-20,sse50,0.7375,0.6802925629477842,5.041207060664635e-10,0.021907997012126437,0.48400647195291296,cvar,optimal,0.0016623237900165655,0.016150432654933013,1.6150432654933015e-05
2019-05-20,csi300,0.7125,0.6739745902300568,4.724521923833897e-10,0.021907997012126437,0.5378202273106888,cvar,optimal,0.0016623237900165655,0.016150432654933013,1.6150432654933015e-05
2019-05-20,csi500,0.7625,0.6866105356655116,4.935781024314174e-10,0.021907997012126437,0.313162782632166,cvar,optimal,0.0016623237900165655,0.016150432654933013,1.6150432654933015e-05
2019-05-20,csi1000,0.7874999999999999,0.6929285083832389,4.3524319096501184e-10,0.021907997012126437,0.37579623266880174,cvar,optimal,0.0016623237900165655,0.016150432654933013,1.6150432654933015e-05
2019-05-20,bond_gov,0.24999999999999997,0.32413011649298906,0.34999999946674526,0.021907997012126437,0.7196240236720105,cvar,optimal,0.0016623237900165655,0.016150432654933013,1.6150432654933015e-05
2019-05-20,bond_corp,0.375,0.4445228719427115,0.3499999995696492,0.021907997012126437,0.6014930182733789,cvar,optimal,0.0016623237900165655,0.016150432654933013,1.6150432654933015e-05
2019-05-20,csi_cb,0.6125,0.6070226255968014,0.08642758007841092,0.021907997012126437,0.5987757975888327,cvar,optimal,0.0016623237900165655,0.016150432654933013,1.6150432654933015e-05
2019-05-20,crude_sc,0.275,0.34709863143467,2.514882973410536e-09,0.021907997012126437,0.5090171372778755,cvar,optimal,0.0016623237900165655,0.016150432654933013,1.6150432654933015e-05
2019-05-20,gold_au,0.32499999999999996,0.40272161851410704,0.16869697679749177,0.021907997012126437,0.6797035848101334,cvar,optimal,0.0016623237900165655,0.016150432654933013,1.6150432654933015e-05
2019-05-20,spx,0.6625000000000001,0.6406979387921296,0.04487543966742571,0.021907997012126437,0.6905840595535422,cvar,optimal,0.0016623237900165655,0.016150432654933013,1.6150432654933015e-05
2019-06-18,sse50,0.4625,0.5421885418163107,5.216449722404976e-10,0.1493579897059007,0.5094957662714037,cvar,optimal,0.0017215607101199503,0.005174954574838266,5.174954574838266e-06
2019-06-18,csi300,0.23750000000000002,0.388194682830758,4.054022753417064e-10,0.1493579897059007,0.47435545079887614,cvar,optimal,0.0017215607101199503,0.005174954574838266,5.174954574838266e-06
2019-06-18,csi500,0.2375,0.39267190695776805,4.1056200469661023e-10,0.1493579897059007,0.684197688708682,cvar,optimal,0.0017215607101199503,0.005174954574838266,5.174954574838266e-06
2019-06-18,csi1000,0.2375,0.39491051902127305,3.712156243027714e-10,0.1493579897059007,0.6959862038962296,cvar,optimal,0.0017215607101199503,0.005174954574838266,5.174954574838266e-06
2019-06-18,bond_gov,0.5499999999999999,0.46708956381451,0.3499999990184822,0.1493579897059007,0.5694582675514159,cvar,optimal,0.0017215607101199503,0.005174954574838266,5.174954574838266e-06
2019-06-18,bond_corp,0.6749999999999999,0.5940561284258583,0.3499999992060052,0.1493579897059007,0.5462635069752098,cvar,optimal,0.0017215607101199503,0.005174954574838266,5.174954574838266e-06
2019-06-18,csi_cb,0.7250000000000001,0.6824779296269788,0.08729665077817743,0.1493579897059007,0.4433898395292092,cvar,optimal,0.0017215607101199503,0.005174954574838266,5.174954574838266e-06
2019-06-18,crude_sc,0.95,0.7450149753512563,0.0032984950289061607,0.1493579897059007,0.6902434749734536,cvar,optimal,0.0017215607101199503,0.005174954574838266,5.174954574838266e-06
2019-06-18,gold_au,0.575,0.5063996109982621,0.1635220232486541,0.1493579897059007,0.5277551686835501,cvar,optimal,0.0017215607101199503,0.005174954574838266,5.174954574838266e-06
2019-06-18,spx,0.8500000000000001,0.7869961411570248,0.045882831010950004,0.1493579897059007,0.8,cvar,optimal,0.0017215607101199503,0.005174954574838266,5.174954574838266e-06
2019-07-16,sse50,0.6,0.5782343961222549,4.878293639488943e-10,0.5273979414878949,0.45659531397533004,cvar,optimal,0.0016690620146060883,0.028367656763895646,2.8367656763895646e-05
2019-07-16,csi300,0.6,0.5197703866150111,4.079288001151438e-10,0.5273979414878949,0.4372124862942325,cvar,optimal,0.0016690620146060883,0.028367656763895646,2.8367656763895646e-05
2019-07-16,csi500,0.125,0.21135092174913805,2.904321853683516e-10,0.5273979414878949,0.7346193335955313,cvar,optimal,0.0016690620146060883,0.028367656763895646,2.8367656763895646e-05
2019-07-16,csi1000,0.7250000000000001,0.6089901772401346,3.243558452755729e-10,0.5273979414878949,0.31824245383564403,cvar,optimal,0.0016690620146060883,0.028367656763895646,2.8367656763895646e-05
2019-07-16,bond_gov,0.5,0.4896367116078876,0.34999999940021975,0.5273979414878949,0.649231695506863,cvar,optimal,0.0016690620146060883,0.028367656763895646,2.8367656763895646e-05
2019-07-16,bond_corp,0.55,0.5652173992564906,0.3499999991477318,0.5273979414878949,0.5687679685426501,cvar,optimal,0.0016690620146060883,0.028367656763895646,2.8367656763895646e-05
2019-07-16,csi_cb,0.425,0.5170413455352192,0.10099029332248302,0.5273979414878949,0.5040791457597413,cvar,optimal,0.0016690620146060883,0.028367656763895646,2.8367656763895646e-05
2019-07-16,crude_sc,0.85,0.8224191531763133,0.012010155565832173,0.5273979414878949,0.5071860738520946,cvar,optimal,0.0016690620146060883,0.028367656763895646,2.8367656763895646e-05
2019-07-16,gold_au,0.525,0.5192062249675289,0.1351543667438371,0.5273979414878949,0.544287263527162,cvar,optimal,0.0016690620146060883,0.028367656763895646,2.8367656763895646e-05
2019-07-16,spx,0.6,0.668133283730022,0.05184518430934998,0.5273979414878949,0.6080226124046066,cvar,optimal,0.0016690620146060883,0.028367656763895646,2.8367656763895646e-05
2019-08-13,sse50,0.8500000000000001,0.7512343260005053,3.587377523677935e-09,0.03982428429649399,0.6618186838887361,cvar,optimal,0.0017798262170092617,0.009596017422175241,9.596017422175242e-06
2019-08-13,csi300,0.5125000000000001,0.5083422740727649,2.582290330464468e-09,0.03982428429649399,0.4242515869442081,cvar,optimal,0.0017798262170092617,0.009596017422175241,9.596017422175242e-06
2019-08-13,csi500,0.35000000000000003,0.283391439931091,1.8294591563867349e-09,0.03982428429649399,0.6889927512518654,cvar,optimal,0.0017798262170092617,0.009596017422175241,9.596017422175242e-06
2019-08-13,csi1000,0.45000000000000007,0.49840224522402027,1.945291641786921e-09,0.03982428429649399,0.5438696924555336,cvar,optimal,0.0017798262170092617,0.009596017422175241,9.596017422175242e-06
2019-08-13,bond_gov,0.6250000000000001,0.5868163795103608,0.34999999273902044,0.03982428429649399,0.30037465665491286,cvar,optimal,0.0017798262170092617,0.009596017422175241,9.596017422175242e-06
2019-08-13,bond_corp,0.8125000000000001,0.7342005808050391,0.349999994586253,0.03982428429649399,0.7693004476653058,cvar,optimal,0.0017798262170092617,0.009596017422175241,9.596017422175242e-06
2019-08-13,csi_cb,0.7000000000000001,0.6339147813389668,0.11044312733242483,0.03982428429649399,0.513019420909391,cvar,optimal,0.0017798262170092617,0.009596017422175241,9.596017422175242e-06
2019-08-13,crude_sc,0.2,0.4325061355451886,0.0077930821516169905,0.03982428429649399,0.5097805941981209,cvar,optimal,0.0017798262170092617,0.009596017422175241,9.596017422175242e-06
2019-08-13,gold_au,0.22500000000000003,0.3326732517580258,0.12977543395855518,0.03982428429649399,0.7132039245208932,cvar,optimal,0.0017798262170092617,0.009596017422175241,9.596017422175242e-06
2019-08-13,spx,0.7750000000000001,0.7385185858140377,0.051988359287711026,0.03982428429649399,0.8,cvar,optimal,0.0017798262170092617,0.009596017422175241,9.596017422175242e-06
2019-09-10,sse50,0.6,0.662220862229668,8.294809313577293e-11,0.07865975135139294,0.6568609401871912,cvar,optimal,0.002135026157318342,0.006641201389672424,6.641201389672424e-06
2019-09-10,csi300,0.6,0.5782226982196161,6.531397578811639e-11,0.07865975135139294,0.595682176976122,cvar,optimal,0.002135026157318342,0.006641201389672424,6.641201389672424e-06
2019-09-10,csi500,0.6,0.49298227172989917,4.545569255784262e-11,0.07865975135139294,0.6425381762951586,cvar,optimal,0.002135026157318342,0.006641201389672424,6.641201389672424e-06
2019-09-10,csi1000,0.6,0.5744561316202077,4.5221165095409054e-11,0.07865975135139294,0.6088841524909371,cvar,optimal,0.002135026157318342,0.006641201389672424,6.641201389672424e-06
2019-09-10,bond_gov,0.49999999999999994,0.531110431114834,0.3499999999134248,0.07865975135139294,0.44028706141205,cvar,optimal,0.002135026157318342,0.006641201389672424,6.641201389672424e-06
2019-09-10,bond_corp,0.49999999999999994,0.5824915373702885,0.34999999990634034,0.07865975135139294,0.45054659631672916,cvar,optimal,0.002135026157318342,0.006641201389672424,6.641201389672424e-06
2019-09-10,csi_cb,0.7,0.674064972292381,0.11143365561490402,0.07865975135139294,0.5115273458229586,cvar,optimal,0.002135026157318342,0.006641201389672424,6.641201389672424e-06
2019-09-10,crude_sc,0.225,0.2777211585670763,0.01344374276431849,0.07865975135139294,0.5753754194771271,cvar,optimal,0.002135026157318342,0.006641201389672424,6.641201389672424e-06
2019-09-10,gold_au,0.49999999999999994,0.4339147813389668,0.12421157677806414,0.07865975135139294,0.5405216357249947,cvar,optimal,0.002135026157318342,0.006641201389672424,6.641201389672424e-06
2019-09-10,spx,0.6749999999999999,0.692815155517062,0.050911024784009294,0.07865975135139294,0.6758885963522732,cvar,optimal,0.002135026157318342,0.006641201389672424,6.641201389672424e-06
2019-10-16,sse50,0.55,0.5836709151007441,4.279364680211963e-09,0.11890424312888671,0.3609097236075496,cvar,optimal,0.0021977863625386846,0.01763629395001656,1.7636293950016558e-05
2019-10-16,csi300,0.8125,0.7454006529557328,2.908786106649924e-09,0.11890424312888671,0.7010529833493481,cvar,optimal,0.0021977863625386846,0.01763629395001656,1.7636293950016558e-05
2019-10-16,csi500,0.275,0.34770317482042284,1.3210427815351362e-09,0.11890424312888671,0.6283144970157939,cvar,optimal,0.0021977863625386846,0.01763629395001656,1.7636293950016558e-05
2019-10-16,csi1000,0.225,0.3196814680544139,1.1286051870979997e-09,0.11890424312888671,0.5832200379716694,cvar,optimal,0.0021977863625386846,0.01763629395001656,1.7636293950016558e-05
2019-10-16,bond_gov,0.6625,0.6261484125897885,0.3499999965569795,0.11890424312888671,0.33690634665258157,cvar,optimal,0.0021977863625386846,0.01763629395001656,1.7636293950016558e-05
2019-10-16,bond_corp,0.8624999999999999,0.7840313419652742,0.34999999653215286,0.11890424312888671,0.8,cvar,optimal,0.0021977863625386846,0.01763629395001656,1.7636293950016558e-05
2019-10-16,csi_cb,0.7374999999999999,0.7268625910078833,0.1234070713059338,0.11890424312888671,0.5701342079001287,cvar,optimal,0.0021977863625386846,0.01763629395001656,1.7636293950016558e-05
2019-10-16,crude_sc,0.425,0.36631838173091874,0.019106611624445453,0.11890424312888671,0.5275517631428808,cvar,optimal,0.0021977863625386846,0.01763629395001656,1.7636293950016558e-05
2019-10-16,gold_au,0.5249999999999999,0.49647192058287476,0.1150082181530329,0.11890424312888671,0.538681385483775,cvar,optimal,0.0021977863625386846,0.01763629395001656,1.7636293950016558e-05
2019-10-16,spx,0.425,0.5037111411919466,0.04247809618965676,0.11890424312888671,0.6478803875034521,cvar,optimal,0.0021977863625386846,0.01763629395001656,1.7636293950016558e-05
2019-11-13,sse50,0.7625,0.6964904987816729,1.9473314509618007e-09,0.04571867142265112,0.6310807757047189,cvar,optimal,0.0021753396674535227,0.02101498444958293,2.101498444958293e-05
2019-11-13,csi300,0.35000000000000003,0.4860844970193801,1.2790092418112824e-09,0.04571867142265112,0.4040499239452213,cvar,optimal,0.0021753396674535227,0.02101498444958293,2.101498444958293e-05
2019-11-13,csi500,0.36249999999999993,0.35758530326969007,7.950118559565246e-10,0.04571867142265112,0.7104911661812495,cvar,optimal,0.0021753396674535227,0.02101498444958293,2.101498444958293e-05
2019-11-13,csi1000,0.36249999999999993,0.3448503121523737,7.738332629987603e-10,0.04571867142265112,0.734345139566546,cvar,optimal,0.0021753396674535227,0.02101498444958293,2.101498444958293e-05
2019-11-13,bond_gov,0.7625,0.7178298971219532,0.34999999886883926,0.04571867142265112,0.6360582692599152,cvar,optimal,0.0021753396674535227,0.02101498444958293,2.101498444958293e-05
2019-11-13,bond_corp,0.7625,0.7687698615912186,0.3499999985922399,0.04571867142265112,0.695120885456398,cvar,optimal,0.0021753396674535227,0.02101498444958293,2.101498444958293e-05
2019-11-13,csi_cb,0.7625,0.7515610471452908,0.12955893041948482,0.04571867142265112,0.6744692475062529,cvar,optimal,0.0021753396674535227,0.02101498444958293,2.101498444958293e-05
2019-11-13,crude_sc,0.1,0.19192035685465814,0.013805515380674427,0.04571867142265112,0.8,cvar,optimal,0.0021753396674535227,0.02101498444958293,2.101498444958293e-05
2019-11-13,gold_au,0.6625,0.6155929854576475,0.09929433478983392,0.04571867142265112,0.48895488853108465,cvar,optimal,0.0021753396674535227,0.02101498444958293,2.101498444958293e-05
2019-11-13,spx,0.6125,0.5693152406061147,0.05734121715374184,0.04571867142265112,0.49644823564006674,cvar,optimal,0.0021753396674535227,0.02101498444958293,2.101498444958293e-05
2019-12-11,sse50,0.7749999999999999,0.7506693887641009,1.0421106327094065e-09,0.2547021628451146,0.5380179655555688,cvar,optimal,0.00214414338004877,2.2700767051896066e-07,2.2700767051896067e-10
2019-12-11,csi300,0.46249999999999997,0.4675088290790735,8.62464550221729e-10,0.2547021628451146,0.5065061346575405,cvar,optimal,0.00214414338004877,2.2700767051896066e-07,2.2700767051896067e-10
2019-12-11,csi500,0.33749999999999997,0.33782776174396245,6.715014428717399e-10,0.2547021628451146,0.7347430010609095,cvar,optimal,0.00214414338004877,2.2700767051896066e-07,2.2700767051896067e-10
2019-12-11,csi1000,0.25,0.27564165821174885,6.009871901290791e-10,0.2547021628451146,0.7180025103014064,cvar,optimal,0.00214414338004877,2.2700767051896066e-07,2.2700767051896067e-10
2019-12-11,bond_gov,0.575,0.629917700942857,0.34999999916039937,0.2547021628451146,0.37385412295790144,cvar,optimal,0.00214414338004877,2.2700767051896066e-07,2.2700767051896067e-10
2019-12-11,bond_corp,0.6499999999999999,0.6980400912319651,0.3499999988383747,0.2547021628451146,0.5637034086623661,cvar,optimal,0.00214414338004877,2.2700767051896066e-07,2.2700767051896067e-10
2019-12-11,csi_cb,0.5499999999999999,0.6205707063322307,0.12955890436918177,0.2547021628451146,0.34152458633126304,cvar,optimal,0.00214414338004877,2.2700767051896066e-07,2.2700767051896067e-10
2019-12-11,crude_sc,0.225,0.21275140721797978,0.013805411085546586,0.2547021628451146,0.5637435787452185,cvar,optimal,0.00214414338004877,2.2700767051896066e-07,2.2700767051896067e-10
2019-12-11,gold_au,0.975,0.8547847859640839,0.0992942397457163,0.2547021628451146,0.7003367097689712,cvar,optimal,0.00214414338004877,2.2700767051896066e-07,2.2700767051896067e-10
2019-12-11,spx,0.7,0.6522876705119972,0.05734144362371748,0.2547021628451146,0.7255795131777837,cvar,optimal,0.00214414338004877,2.2700767051896066e-07,2.2700767051896067e-10
2020-01-09,sse50,0.47500000000000003,0.5744748644550112,4.543245935637712e-09,0.15669391484613315,0.48169126855342986,cvar,optimal,0.0020785913050393756,0.018904734383922782,1.890473438392278e-05
2020-01-09,csi300,0.525,0.49366643219290707,3.5092825505004386e-09,0.15669391484613315,0.6274409569375172,cvar,optimal,0.0020785913050393756,0.018904734383922782,1.890473438392278e-05
2020-01-09,csi500,0.35,0.34811156227279705,3.012591336200259e-09,0.15669391484613315,0.6414143580413277,cvar,optimal,0.0020785913050393756,0.018904734383922782,1.890473438392278e-05
2020-01-09,csi1000,0.375,0.3434416663657675,2.6492157627113858e-09,0.15669391484613315,0.4301629377120917,cvar,optimal,0.0020785913050393756,0.018904734383922782,1.890473438392278e-05
2020-01-09,bond_gov,0.775,0.7251979728958937,0.34999999559806416,0.15669391484613315,0.45881676953188577,cvar,optimal,0.0020785913050393756,0.018904734383922782,1.890473438392278e-05
2020-01-09,bond_corp,0.6499999999999999,0.6603696006599844,0.3499999934662463,0.15669391484613315,0.5602519841398979,cvar,optimal,0.0020785913050393756,0.018904734383922782,1.890473438392278e-05
2020-01-09,csi_cb,0.5875,0.5945086431805945,0.12963216796131855,0.15669391484613315,0.3351549679028693,cvar,optimal,0.0020785913050393756,0.018904734383922782,1.890473438392278e-05
2020-01-09,crude_sc,0.15000000000000002,0.16363498206543628,0.020735378669508118,0.15669391484613315,0.7176713227815237,cvar,optimal,0.0020785913050393756,0.018904734383922782,1.890473438392278e-05
2020-01-09,gold_au,0.8,0.829894661734169,0.08038951429625718,0.15669391484613315,0.39252745189295596,cvar,optimal,0.0020785913050393756,0.018904734383922782,1.890473438392278e-05
2020-01-09,spx,0.8125,0.766699614177439,0.06924293629427024,0.15669391484613315,0.6834373595791965,cvar,optimal,0.0020785913050393756,0.018904734383922782,1.890473438392278e-05
2020-02-14,sse50,0.675,0.6412973764245327,1.7824311700622204e-09,0.2225291142614741,0.4197042246876517,cvar,optimal,0.0023042857169834788,0.02654903212685051,2.654903212685051e-05
2020-02-14,csi300,0.675,0.6280179365135999,1.353105212296297e-09,0.2225291142614741,0.4260768585125527,cvar,optimal,0.0023042857169834788,0.02654903212685051,2.654903212685051e-05
2020-02-14,csi500,0.7375,0.6273754254865329,1.0731135036313803e-09,0.2225291142614741,0.5179614512245952,cvar,optimal,0.0023042857169834788,0.02654903212685051,2.654903212685051e-05
2020-02-14,csi1000,0.3,0.31169478402320033,1.026050018485549e-09,0.2225291142614741,0.7873526161734595,cvar,optimal,0.0023042857169834788,0.02654903212685051,2.654903212685051e-05
2020-02-14,bond_gov,0.5125,0.5713620406156006,0.3499999985483178,0.2225291142614741,0.5622599270957858,cvar,optimal,0.0023042857169834788,0.02654903212685051,2.654903212685051e-05
2020-02-14,bond_corp,0.5625,0.5871537458990667,0.3499999985258128,0.2225291142614741,0.4551321854200626,cvar,optimal,0.0023042857169834788,0.02654903212685051,2.654903212685051e-05
2020-02-14,csi_cb,0.8875,0.8001417717503997,0.12381852298361176,0.2225291142614741,0.5370683123835494,cvar,optimal,0.0023042857169834788,0.02654903212685051,2.654903212685051e-05
2020-02-14,crude_sc,0.275,0.24544256190693306,0.0,0.2225291142614741,0.483867906915296,cvar,optimal,0.0023042857169834788,0.02654903212685051,2.654903212685051e-05
2020-02-14,gold_au,0.17500000000000002,0.3643099824397337,0.0912099595081258,0.2225291142614741,0.732504058817748,cvar,optimal,0.0023042857169834788,0.02654903212685051,2.654903212685051e-05
2020-02-14,spx,0.7,0.7232043749404002,0.08497151519943186,0.2225291142614741,0.5832801037605927,cvar,optimal,0.0023042857169834788,0.02654903212685051,2.654903212685051e-05
2020-03-13,sse50,0.5249999999999999,0.5595478075151081,2.2230721777274574e-09,0.3512026581279244,0.5146292714024635,cvar,optimal,0.0028888775839917284,0.08497151306744703,8.497151306744703e-05
2020-03-13,csi300,0.825,0.7648520316270063,1.560868892188886e-09,0.3512026581279244,0.49732593964033317,cvar,optimal,0.0028888775839917284,0.08497151306744703,8.497151306744703e-05
2020-03-13,csi500,0.675,0.6671471609571804,9.257044251203219e-10,0.3512026581279244,0.4801647104552669,cvar,optimal,0.0028888775839917284,0.08497151306744703,8.497151306744703e-05
2020-03-13,csi1000,0.75,0.6079563361678472,8.751365537942401e-10,0.3512026581279244,0.39936791883665684,cvar,optimal,0.0028888775839917284,0.08497151306744703,8.497151306744703e-05
2020-03-13,bond_gov,0.4375,0.4812883560746498,0.3499999988806459,0.3512026581279244,0.3985176037344678,cvar,optimal,0.0028888775839917284,0.08497151306744703,8.497151306744703e-05
2020-03-13,bond_corp,0.3375,0.4176647465081784,0.3499999988683798,0.3512026581279244,0.6020160866758746,cvar,optimal,0.0028888775839917284,0.08497151306744703,8.497151306744703e-05
2020-03-13,csi_cb,0.5999999999999999,0.6723119074653586,0.1836727752372833,0.3512026581279244,0.5321726782794953,cvar,optimal,0.0028888775839917284,0.08497151306744703,8.497151306744703e-05
2020-03-13,crude_sc,0.6,0.4843080652058768,2.794308930784087e-09,0.3512026581279244,0.47068642344673584,cvar,optimal,0.0028888775839917284,0.08497151306744703,8.497151306744703e-05
2020-03-13,gold_au,0.275,0.2879302590521956,0.11632721620429258,0.3512026581279244,0.5202733703699562,cvar,optimal,0.0028888775839917284,0.08497151306744703,8.497151306744703e-05
2020-03-13,spx,0.47500000000000003,0.5569933294265988,2.4303073449295868e-09,0.3512026581279244,0.5461884224815816,cvar,optimal,0.0028888775839917284,0.08497151306744703,8.497151306744703e-05
2020-04-13,sse50,0.5625,0.5636909469939663,2.1758242114641304e-10,0.20156862408788664,0.665356062480138,cvar,optimal,0.00348461168954331,0.01538032863879129,1.538032863879129e-05
2020-04-13,csi300,0.7500000000000001,0.7608147729581494,1.4184319181929702e-10,0.20156862408788664,0.6895523051254746,cvar,optimal,0.00348461168954331,0.01538032863879129,1.538032863879129e-05
2020-04-13,csi500,0.7500000000000001,0.731487171323303,8.485934033231058e-11,0.20156862408788664,0.6280408867875624,cvar,optimal,0.00348461168954331,0.01538032863879129,1.538032863879129e-05
2020-04-13,csi1000,0.7500000000000001,0.7104099991617543,7.088946539199183e-11,0.20156862408788664,0.6229740061773152,cvar,optimal,0.00348461168954331,0.01538032863879129,1.538032863879129e-05
2020-04-13,bond_gov,0.4125,0.4271021467744513,0.3499999998730274,0.20156862408788664,0.4488965115372199,cvar,optimal,0.00348461168954331,0.01538032863879129,1.538032863879129e-05
2020-04-13,bond_corp,0.2625,0.306306440323354,0.3499999998691955,0.20156862408788664,0.7516402697851103,cvar,optimal,0.00348461168954331,0.01538032863879129,1.538032863879129e-05
2020-04-13,csi_cb,0.43750000000000006,0.5148183981058245,0.1990531018828775,0.20156862408788664,0.44936825079138254,cvar,optimal,0.00348461168954331,0.01538032863879129,1.538032863879129e-05
2020-04-13,crude_sc,1.0,0.8433462087942563,4.356263018392108e-10,0.20156862408788664,0.7650580491945506,cvar,optimal,0.00348461168954331,0.01538032863879129,1.538032863879129e-05
2020-04-13,gold_au,0.125,0.16422510184440778,0.1009468954686278,0.20156862408788664,0.8,cvar,optimal,0.00348461168954331,0.01538032863879129,1.538032863879129e-05
2020-04-13,spx,0.45000000000000007,0.4777988137205333,1.955471189207962e-09,0.20156862408788664,0.6192388096305776,cvar,optimal,0.00348461168954331,0.01538032863879129,1.538032863879129e-05
2020-05-14,sse50,0.48749999999999993,0.50806514714512,1.1200469100034737e-10,1.0,0.4302525276200436,cvar,optimal,0.00347721733979658,1.4765162746766887e-08,1.4765162746766886e-11
2020-05-14,csi300,0.43749999999999994,0.5416846223070471,7.961593701205895e-11,1.0,0.48110407453891907,cvar,optimal,0.00347721733979658,1.4765162746766887e-08,1.4765162746766886e-11
2020-05-14,csi500,0.33749999999999997,0.46110632803464635,5.596500539865907e-11,1.0,0.6343058055689816,cvar,optimal,0.00347721733979658,1.4765162746766887e-08,1.4765162746766886e-11
2020-05-14,csi1000,0.46249999999999997,0.5528308941010163,5.1875285905047096e-11,1.0,0.4090157322965748,cvar,optimal,0.00347721733979658,1.4765162746766887e-08,1.4765162746766886e-11
2020-05-14,bond_gov,0.6500000000000001,0.5773784492286775,0.34999999987962965,1.0,0.41389874685987743,cvar,optimal,0.00347721733979658,1.4765162746766887e-08,1.4765162746766886e-11
2020-05-14,bond_corp,0.7000000000000001,0.5685388116087436,0.34999999988866864,1.0,0.4769182306488772,cvar,optimal,0.00347721733979658,1.4765162746766887e-08,1.4765162746766886e-11
2020-05-14,csi_cb,0.2875,0.34762670914673877,0.19905308912691927,1.0,0.6589133203128078,cvar,optimal,0.00347721733979658,1.4765162746766887e-08,1.4765162746766886e-11
2020-05-14,crude_sc,0.875,0.8822803399194739,2.20853195503915e-10,1.0,0.5774956225037892,cvar,optimal,0.00347721733979658,1.4765162746766887e-08,1.4765162746766886e-11
2020-05-14,gold_au,0.7500000000000001,0.5656262267835884,0.10094691020771511,1.0,0.5566432286767693,cvar,optimal,0.00347721733979658,1.4765162746766887e-08,1.4765162746766886e-11
2020-05-14,spx,0.5125,0.49486247172494824,3.7675326687358253e-10,1.0,0.4291569893115728,cvar,optimal,0.00347721733979658,1.4765162746766887e-08,1.4765162746766886e-11
2020-06-11,sse50,0.7249999999999999,0.6513927948614278,3.75083515153681e-10,0.0171934060445852,0.6633026320875336,cvar,optimal,0.0032273928677336366,0.016855654948940823,1.6855654948940822e-05
2020-06-11,csi300,0.7249999999999999,0.6549182428645811,2.593854553020882e-10,0.0171934060445852,0.6581238747038907,cvar,optimal,0.0032273928677336366,0.016855654948940823,1.6855654948940822e-05
2020-06-11,csi500,0.3125,0.3563159826337454,1.5729714702944407e-10,0.0171934060445852,0.5485477339828317,cvar,optimal,0.0032273928677336366,0.016855654948940823,1.6855654948940822e-05
2020-06-11,csi1000,0.3125,0.3877188684805581,1.3305983476128808e-10,0.0171934060445852,0.5217200065122977,cvar,optimal,0.0032273928677336366,0.016855654948940823,1.6855654948940822e-05
2020-06-11,bond_gov,0.5999999999999999,0.5964745519968466,0.3499999997606976,0.0171934060445852,0.4644292821260546,cvar,optimal,0.0032273928677336366,0.016855654948940823,1.6855654948940822e-05
2020-06-11,bond_corp,0.5999999999999999,0.596166424462069,0.3499999997532898,0.0171934060445852,0.4674394739756364,cvar,optimal,0.0032273928677336366,0.016855654948940823,1.6855654948940822e-05
2020-06-11,csi_cb,0.5999999999999999,0.5075510633533402,0.21590874238945307,0.0171934060445852,0.5660263035927819,cvar,optimal,0.0032273928677336366,0.016855654948940823,1.6855654948940822e-05
2020-06-11,crude_sc,0.3,0.504509923638351,4.2337364641330783e-10,0.0171934060445852,0.7156274630875029,cvar,optimal,0.0032273928677336366,0.016855654948940823,1.6855654948940822e-05
2020-06-11,gold_au,0.5999999999999999,0.5969307370834166,0.08409125551308502,0.0171934060445852,0.459665622560114,cvar,optimal,0.0032273928677336366,0.016855654948940823,1.6855654948940822e-05
2020-06-11,spx,0.7249999999999999,0.6480214106256633,1.2352746966508345e-09,0.0171934060445852,0.7061493568869939,cvar,optimal,0.0032273928677336366,0.016855654948940823,1.6855654948940822e-05
2020-07-13,sse50,0.6124999999999999,0.6272683689548479,2.290837924185347e-09,0.045959944646896254,0.5454485550189758,cvar,optimal,0.003368967050288614,0.0020044061958656638,2.004406195865664e-06
2020-07-13,csi300,0.6875000000000001,0.6745232235261304,1.7898337728791844e-09,0.045959944646896254,0.5000779759503408,cvar,optimal,0.003368967050288614,0.0020044061958656638,2.004406195865664e-06
2020-07-13,csi500,0.23750000000000002,0.2630971974936594,1.25139321118157e-09,0.045959944646896254,0.7368453536272369,cvar,optimal,0.003368967050288614,0.0020044061958656638,2.004406195865664e-06
2020-07-13,csi1000,0.1625,0.222286186727552,1.0634617660655454e-09,0.045959944646896254,0.7151302551482632,cvar,optimal,0.003368967050288614,0.0020044061958656638,2.004406195865664e-06
2020-07-13,bond_gov,0.4625,0.5097861867275519,0.349999998192331,0.045959944646896254,0.572183467136965,cvar,optimal,0.003368967050288614,0.0020044061958656638,2.004406195865664e-06
2020-07-13,bond_corp,0.625,0.6257753752206994,0.3499999981540921,0.045959944646896254,0.45882542052619013,cvar,optimal,0.003368967050288614,0.0020044061958656638,2.004406195865664e-06
2020-07-13,csi_cb,0.475,0.48723273340943996,0.21390433936115186,0.045959944646896254,0.5030632955867591,cvar,optimal,0.003368967050288614,0.0020044061958656638,2.004406195865664e-06
2020-07-13,crude_sc,0.44999999999999996,0.4525043033891383,1.7777279569846e-09,0.045959944646896254,0.4470490251277883,cvar,optimal,0.003368967050288614,0.0020044061958656638,2.004406195865664e-06
2020-07-13,gold_au,0.9125,0.8276824811161784,0.08609555074040301,0.045959944646896254,0.6476649426144727,cvar,optimal,0.003368967050288614,0.0020044061958656638,2.004406195865664e-06
2020-07-13,spx,0.875,0.8098439434348023,1.0537876747257576e-07,0.045959944646896254,0.8,cvar,optimal,0.003368967050288614,0.0020044061958656638,2.004406195865664e-06
2020-08-10,sse50,0.85,0.7797701811787164,6.924247108546557e-10,0.12570215165980847,0.48342510294054203,cvar,optimal,0.003707249439612383,0.026851973371698812,2.6851973371698812e-05
2020-08-10,csi300,0.75,0.7321746446626387,5.22617878534602e-10,0.12570215165980847,0.4398732862237209,cvar,optimal,0.003707249439612383,0.026851973371698812,2.6851973371698812e-05
2020-08-10,csi500,0.27499999999999997,0.2686683567413757,3.969439244236843e-10,0.12570215165980847,0.7650287555253809,cvar,optimal,0.003707249439612383,0.026851973371698812,2.6851973371698812e-05
2020-08-10,csi1000,0.2,0.19990202808965088,3.391736904897036e-10,0.12570215165980847,0.6667688843917636,cvar,optimal,0.003707249439612383,0.026851973371698812,2.6851973371698812e-05
2020-08-10,bond_gov,0.4,0.43237058848333687,0.3499999994277256,0.12570215165980847,0.5693681359615105,cvar,optimal,0.003707249439612383,0.026851973371698812,2.6851973371698812e-05
2020-08-10,bond_corp,0.7749999999999999,0.7226608511229773,0.3499999994714402,0.12570215165980847,0.6039960458655368,cvar,optimal,0.003707249439612383,0.026851973371698812,2.6851973371698812e-05
2020-08-10,csi_cb,0.625,0.5851281938195276,0.18705237155153712,0.12570215165980847,0.6311774574025422,cvar,optimal,0.003707249439612383,0.026851973371698812,2.6851973371698812e-05
2020-08-10,crude_sc,0.8,0.6702563876390552,6.600102294798013e-10,0.12570215165980847,0.6919587756894066,cvar,optimal,0.003707249439612383,0.026851973371698812,2.6851973371698812e-05
2020-08-10,gold_au,0.30000000000000004,0.4792598412948775,0.11277405500269362,0.12570215165980847,0.5310064961807541,cvar,optimal,0.003707249439612383,0.026851973371698812,2.6851973371698812e-05
2020-08-10,spx,0.525,0.6298089269678443,0.00017357193543286555,0.12570215165980847,0.4802381743482361,cvar,optimal,0.003707249439612383,0.026851973371698812,2.6851973371698812e-05
2020-09-07,sse50,0.9,0.8604419349506466,4.640324822241104e-10,0.002416826100274172,0.6684833585606013,cvar,optimal,0.0041268251760284615,0.025170050653300496,2.5170050653300498e-05
2020-09-07,csi300,0.4,0.5142230997249551,3.557377966914274e-10,0.002416826100274172,0.647042575002245,cvar,optimal,0.0041268251760284615,0.025170050653300496,2.5170050653300498e-05
2020-09-07,csi500,0.2,0.222202853356303,2.4229827145059524e-10,0.002416826100274172,0.7973003247040742,cvar,optimal,0.0041268251760284615,0.025170050653300496,2.5170050653300498e-05
2020-09-07,csi1000,0.15000000000000002,0.16362303734173447,2.064181008198148e-10,0.002416826100274172,0.7440641781947925,cvar,optimal,0.0041268251760284615,0.025170050653300496,2.5170050653300498e-05
2020-09-07,bond_gov,0.6250000000000001,0.5536759803478876,0.349999999640119,0.002416826100274172,0.36535970932451894,cvar,optimal,0.0041268251760284615,0.025170050653300496,2.5170050653300498e-05
2020-09-07,bond_corp,0.925,0.8593747251629784,0.34999999963362166,0.002416826100274172,0.8,cvar,optimal,0.0041268251760284615,0.025170050653300496,2.5170050653300498e-05
2020-09-07,csi_cb,0.7,0.6601141732066841,0.20362953684915638,0.002416826100274172,0.7293361571733925,cvar,optimal,0.0041268251760284615,0.025170050653300496,2.5170050653300498e-05
2020-09-07,crude_sc,0.6749999999999999,0.6848908629904186,3.986878881073753e-10,0.002416826100274172,0.6137003504834745,cvar,optimal,0.0041268251760284615,0.025170050653300496,2.5170050653300498e-05
2020-09-07,gold_au,0.5,0.489125851777694,0.08760400529338912,0.002416826100274172,0.6552713409690886,cvar,optimal,0.0041268251760284615,0.025170050653300496,2.5170050653300498e-05
2020-09-07,spx,0.425,0.4923274811406982,0.008766456916539317,0.002416826100274172,0.4814456415423392,cvar,optimal,0.0041268251760284615,0.025170050653300496,2.5170050653300498e-05
2020-10-13,sse50,0.5125,0.6185223522962882,9.55003281235088e-10,0.20702680903630266,0.5042106029443031,cvar,optimal,0.004131583813050536,8.085617737923977e-09,8.085617737923977e-12
2020-10-13,csi300,0.425,0.44519117836101274,8.319656013922978e-10,0.20702680903630266,0.4768361572903457,cvar,optimal,0.004131583813050536,8.085617737923977e-09,8.085617737923977e-12
2020-10-13,csi500,0.21250000000000002,0.2148005079360043,6.652965702525167e-10,0.20702680903630266,0.7935736492040953,cvar,optimal,0.004131583813050536,8.085617737923977e-09,8.085617737923977e-12
2020-10-13,csi1000,0.325,0.27925629865903984,5.796818924007895e-10,0.20702680903630266,0.4049972934867794,cvar,optimal,0.004131583813050536,8.085617737923977e-09,8.085617737923977e-12
2020-10-13,bond_gov,0.6625,0.6343236582077537,0.349999999109643,0.20702680903630266,0.3581174074336978,cvar,optimal,0.004131583813050536,8.085617737923977e-09,8.085617737923977e-12
2020-10-13,bond_corp,0.8125,0.832719605109597,0.34999999907499746,0.20702680903630266,0.7520409263024465,cvar,optimal,0.004131583813050536,8.085617737923977e-09,8.085617737923977e-12
2020-10-13,csi_cb,0.6749999999999999,0.6762452950613679,0.20362953332580586,0.20702680903630266,0.6456669040589267,cvar,optimal,0.004131583813050536,8.085617737923977e-09,8.085617737923977e-12
2020-10-13,crude_sc,0.6,0.631018669539861,8.015161930350977e-10,0.20702680903630266,0.5006940070388299,cvar,optimal,0.004131583813050536,8.085617737923977e-09,8.085617737923977e-12
2020-10-13,gold_au,0.875,0.7530357475898289,0.08760401121271788,0.20702680903630266,0.47118209232483155,cvar,optimal,0.004131583813050536,8.085617737923977e-09,8.085617737923977e-12
2020-10-13,spx,0.4,0.41488668723924654,0.00876645344337233,0.20702680903630266,0.7830474287667819,cvar,optimal,0.004131583813050536,8.085617737923977e-09,8.085617737923977e-12
2020-11-10,sse50,0.6,0.5996567605657411,7.857945605414537e-10,0.07996657688529574,0.7024743879127274,cvar,optimal,0.004135218466901511,0.004537938230294145,4.537938230294145e-06
2020-11-10,csi300,0.39999999999999997,0.40636749555865814,7.336576961398003e-10,0.07996657688529574,0.5227568702098496,cvar,optimal,0.004135218466901511,0.004537938230294145,4.537938230294145e-06
2020-11-10,csi500,0.32500000000000007,0.2872033553939364,6.389821894739858e-10,0.07996657688529574,0.6445772063620268,cvar,optimal,0.004135218466901511,0.004537938230294145,4.537938230294145e-06
2020-11-10,csi1000,0.25,0.26178815500229297,5.334233845886734e-10,0.07996657688529574,0.7420881374978511,cvar,optimal,0.004135218466901511,0.004537938230294145,4.537938230294145e-06
2020-11-10,bond_gov,0.6500000000000001,0.6513551648609087,0.34999999902159257,0.07996657688529574,0.5061663067954634,cvar,optimal,0.004135218466901511,0.004537938230294145,4.537938230294145e-06
2020-11-10,bond_corp,0.8250000000000001,0.8291305838943526,0.3499999990346621,0.07996657688529574,0.8,cvar,optimal,0.004135218466901511,0.004537938230294145,4.537938230294145e-06
2020-11-10,csi_cb,0.825,0.777652112055949,0.19909159585564232,0.07996657688529574,0.5203389163221713,cvar,optimal,0.004135218466901511,0.004537938230294145,4.537938230294145e-06
2020-11-10,crude_sc,0.325,0.4206426120031253,5.098608444552618e-10,0.07996657688529574,0.3516726926796968,cvar,optimal,0.004135218466901511,0.004537938230294145,4.537938230294145e-06
2020-11-10,gold_au,0.8,0.7971594916549298,0.09169312688762613,0.07996657688529574,0.8,cvar,optimal,0.004135218466901511,0.004537938230294145,4.537938230294145e-06
2020-11-10,spx,0.5,0.4690442690101062,0.009215275998758172,0.07996657688529574,0.7265646978251964,cvar,optimal,0.004135218466901511,0.004537938230294145,4.537938230294145e-06
2020-12-08,sse50,0.3375,0.41933601388236347,1.3185164494095192e-09,0.37542100101057735,0.6287713793103162,cvar,optimal,0.0041315839058220375,0.004537951549274072,4.537951549274072e-06
2020-12-08,csi300,0.25,0.3038366258790129,1.1216247080360333e-09,0.37542100101057735,0.687746319340444,cvar,optimal,0.0041315839058220375,0.004537951549274072,4.537951549274072e-06
2020-12-08,csi500,0.7125,0.5689030677119801,1.0686261319187929e-09,0.37542100101057735,0.2895867483418534,cvar,optimal,0.0041315839058220375,0.004537951549274072,4.537951549274072e-06
2020-12-08,csi1000,0.675,0.5362163171271402,9.56615843964468e-10,0.37542100101057735,0.43979091366896333,cvar,optimal,0.0041315839058220375,0.004537951549274072,4.537951549274072e-06
2020-12-08,bond_gov,0.6499999999999999,0.6511788648958009,0.3499999980679397,0.37542100101057735,0.6768710762786326,cvar,optimal,0.0041315839058220375,0.004537951549274072,4.537951549274072e-06
2020-12-08,bond_corp,0.7,0.7417202151770419,0.3499999980245715,0.37542100101057735,0.6466450672188141,cvar,optimal,0.0041315839058220375,0.004537951549274072,4.537951549274072e-06
2020-12-08,csi_cb,0.925,0.8765343571921155,0.20362954516637288,0.37542100101057735,0.7296297506615742,cvar,optimal,0.0041315839058220375,0.004537951549274072,4.537951549274072e-06
2020-12-08,crude_sc,0.225,0.28525429176589306,9.748790496947515e-10,0.37542100101057735,0.6056302784194842,cvar,optimal,0.0041315839058220375,0.004537951549274072,4.537951549274072e-06
2020-12-08,gold_au,0.575,0.6592915335059218,0.08760399068985456,0.37542100101057735,0.5513327870903353,cvar,optimal,0.0041315839058220375,0.004537951549274072,4.537951549274072e-06
2020-12-08,spx,0.44999999999999996,0.4577287128627301,0.008766462610999172,0.37542100101057735,0.4793856733241626,cvar,optimal,0.0041315839058220375,0.004537951549274072,4.537951549274072e-06
2021-01-06,sse50,0.7000000000000001,0.6026047254200682,5.053381608310976e-11,0.3886958883084132,0.511067193612615,cvar,optimal,0.004131583721866314,1.502649910364488e-08,1.5026499103644878e-11
2021-01-06,csi300,0.5,0.4299702656248789,3.915061232266593e-11,0.3886958883084132,0.4905518171737332,cvar,optimal,0.004131583721866314,1.502649910364488e-08,1.5026499103644878e-11
2021-01-06,csi500,0.3,0.4026446697865248,2.852077240654382e-11,0.3886958883084132,0.6611847060628836,cvar,optimal,0.004131583721866314,1.502649910364488e-08,1.5026499103644878e-11
2021-01-06,csi1000,0.275,0.369995342803775,2.2533161042657124e-11,0.3886958883084132,0.5869833685140907,cvar,optimal,0.004131583721866314,1.502649910364488e-08,1.5026499103644878e-11
2021-01-06,bond_gov,0.4125,0.4921630751590121,0.34999999996321024,0.3886958883084132,0.5514628848370284,cvar,optimal,0.004131583721866314,1.502649910364488e-08,1.5026499103644878e-11
2021-01-06,bond_corp,1.0,0.9108947362049732,0.34999999996198716,0.3886958883084132,0.8,cvar,optimal,0.004131583721866314,1.502649910364488e-08,1.5026499103644878e-11
2021-01-06,csi_cb,0.7,0.7662528589207153,0.20362954383552057,0.3886958883084132,0.7955008019883905,cvar,optimal,0.004131583721866314,1.502649910364488e-08,1.5026499103644878e-11
2021-01-06,crude_sc,0.30000000000000004,0.284060662232345,4.4147770947759295e-11,0.3886958883084132,0.40364718424396634,cvar,optimal,0.004131583721866314,1.502649910364488e-08,1.5026499103644878e-11
2021-01-06,gold_au,0.48749999999999993,0.5375887553259209,0.08760400188366746,0.3886958883084132,0.43664799686153655,cvar,optimal,0.004131583721866314,1.502649910364488e-08,1.5026499103644878e-11
2021-01-06,spx,0.8250000000000001,0.7038249085217868,0.00876645417072846,0.3886958883084132,0.6479473650465212,cvar,optimal,0.004131583721866314,1.502649910364488e-08,1.5026499103644878e-11
2021-02-03,sse50,0.975,0.8480751734310562,4.32721207571294e-10,0.4531130619066078,0.8,cvar,optimal,0.004159902450538023,0.0055622182582103765,5.5622182582103765e-06
2021-02-03,csi300,0.525,0.49362553731892594,3.015322399408162e-10,0.4531130619066078,0.44314503730571453,cvar,optimal,0.004159902450538023,0.0055622182582103765,5.5622182582103765e-06
2021-02-03,csi500,0.38749999999999996,0.3953543496270037,1.9834736224511172e-10,0.4531130619066078,0.5796188383601218,cvar,optimal,0.004159902450538023,0.0055622182582103765,5.5622182582103765e-06
2021-02-03,csi1000,0.2625,0.30331955481856415,1.649134884983319e-10,0.4531130619066078,0.7319990827185543,cvar,optimal,0.004159902450538023,0.0055622182582103765,5.5622182582103765e-06
2021-02-03,bond_gov,0.5375,0.5165707090439577,0.3499999997580787,0.4531130619066078,0.660750086281239,cvar,optimal,0.004159902450538023,0.0055622182582103765,5.5622182582103765e-06
2021-02-03,bond_corp,0.475,0.6266477333823735,0.34999999973986834,0.4531130619066078,0.5269382707041169,cvar,optimal,0.004159902450538023,0.0055622182582103765,5.5622182582103765e-06
2021-02-03,csi_cb,0.6375,0.679380049825555,0.1980673260045605,0.4531130619066078,0.6167703952767645,cvar,optimal,0.004159902450538023,0.0055622182582103765,5.5622182582103765e-06
2021-02-03,crude_sc,0.30000000000000004,0.2931457299605381,2.3263200156693653e-10,0.4531130619066078,0.48048137241465383,cvar,optimal,0.004159902450538023,0.0055622182582103765,5.5622182582103765e-06
2021-02-03,gold_au,0.7250000000000001,0.6519911374921293,0.09212153221941177,0.4531130619066078,0.3579161042374012,cvar,optimal,0.004159902450538023,0.0055622182582103765,5.5622182582103765e-06
2021-02-03,spx,0.675,0.6918900250998965,0.009811140947934328,0.4531130619066078,0.5514533050383063,cvar,optimal,0.004159902450538023,0.0055622182582103765,5.5622182582103765e-06
2021-03-10,sse50,0.7000000000000001,0.7579861131581022,8.67859583069468e-11,0.20498605494387617,0.5696872565509165,cvar,optimal,0.004110243052169838,0.010719153713219277,1.0719153713219277e-05
2021-03-10,csi300,0.25,0.3279612295993026,5.5309083793175096e-11,0.20498605494387617,0.6395399920146279,cvar,optimal,0.004110243052169838,0.010719153713219277,1.0719153713219277e-05
2021-03-10,csi500,0.4125,0.398239732768905,4.4469685885188845e-11,0.20498605494387617,0.4817442594529579,cvar,optimal,0.004110243052169838,0.010719153713219277,1.0719153713219277e-05
2021-03-10,csi1000,0.48750000000000004,0.423077967531987,3.212638992060092e-11,0.20498605494387617,0.5583223041986777,cvar,optimal,0.004110243052169838,0.010719153713219277,1.0719153713219277e-05
2021-03-10,bond_gov,0.48749999999999993,0.4920503947327493,0.34999999996411385,0.20498605494387617,0.4901547372091231,cvar,optimal,0.004110243052169838,0.010719153713219277,1.0719153713219277e-05
2021-03-10,bond_corp,0.9375,0.8449716797080374,0.34999999996186415,0.20498605494387617,0.7508209998953632,cvar,optimal,0.004110243052169838,0.010719153713219277,1.0719153713219277e-05
2021-03-10,csi_cb,0.5625,0.5893007085403245,0.20784135741937665,0.20498605494387617,0.5505396990857478,cvar,optimal,0.004110243052169838,0.010719153713219277,1.0719153713219277e-05
2021-03-10,crude_sc,0.11250000000000002,0.1670173235750609,7.537952595827569e-11,0.20498605494387617,0.8,cvar,optimal,0.004110243052169838,0.010719153713219277,1.0719153713219277e-05
2021-03-10,gold_au,0.775,0.74148568642751,0.08140237954226813,0.20498605494387617,0.48670259980173186,cvar,optimal,0.004110243052169838,0.010719153713219277,1.0719153713219277e-05
2021-03-10,spx,0.7749999999999999,0.7579091639580211,0.0107562628183065,0.20498605494387617,0.6718442077004716,cvar,optimal,0.004110243052169838,0.010719153713219277,1.0719153713219277e-05
2021-04-08,sse50,0.3375,0.47450111925691935,2.0015608721997253e-09,0.12583744967709715,0.5016561932169056,cvar,optimal,0.0032040509719467075,0.037984276491779344,3.798427649177934e-05
2021-04-08,csi300,0.2125,0.24486396956181142,1.4849403358176546e-09,0.12583744967709715,0.7622205226920826,cvar,optimal,0.0032040509719467075,0.037984276491779344,3.798427649177934e-05
2021-04-08,csi500,0.4,0.4021799191857497,1.6913649657077766e-09,0.12583744967709715,0.41506668189974993,cvar,optimal,0.0032040509719467075,0.037984276491779344,3.798427649177934e-05
2021-04-08,csi1000,0.4,0.411570261156739,1.3410359185159492e-09,0.12583744967709715,0.4612188263687442,cvar,optimal,0.0032040509719467075,0.037984276491779344,3.798427649177934e-05
2021-04-08,bond_gov,0.625,0.5844196098109633,0.3499999981721808,0.12583744967709715,0.46793422205057295,cvar,optimal,0.0032040509719467075,0.037984276491779344,3.798427649177934e-05
2021-04-08,bond_corp,0.7125,0.7508162520576172,0.3499999978326714,0.12583744967709715,0.793339830802588,cvar,optimal,0.0032040509719467075,0.037984276491779344,3.798427649177934e-05
2021-04-08,csi_cb,0.7125,0.6697396906252135,0.18850479912006604,0.12583744967709715,0.6670297381547713,cvar,optimal,0.0032040509719467075,0.037984276491779344,3.798427649177934e-05
2021-04-08,crude_sc,0.625,0.47382966323048836,5.722640379114784e-09,0.12583744967709715,0.44539666160420155,cvar,optimal,0.0032040509719467075,0.037984276491779344,3.798427649177934e-05
2021-04-08,gold_au,0.6625,0.6950313786740284,0.06275466527092521,0.12583744967709715,0.5593457524567104,cvar,optimal,0.0032040509719467075,0.037984276491779344,3.798427649177934e-05
2021-04-08,spx,0.8125,0.7930481364404697,0.04874052736261402,0.12583744967709715,0.7515869540417154,cvar,optimal,0.0032040509719467075,0.037984276491779344,3.798427649177934e-05
2021-05-11,sse50,0.5875,0.5411398753492576,4.302998491655123e-09,0.027298397339039937,0.5140469578427089,cvar,optimal,0.0032068632661392303,0.0029514058012435904,2.9514058012435906e-06
2021-05-11,csi300,0.6625000000000001,0.5290772431940142,3.456920256838168e-09,0.027298397339039937,0.6257670686529643,cvar,optimal,0.0032068632661392303,0.0029514058012435904,2.9514058012435906e-06
2021-05-11,csi500,0.6875,0.601326585833335,3.214752073348439e-09,0.027298397339039937,0.5813434467829323,cvar,optimal,0.0032068632661392303,0.0029514058012435904,2.9514058012435906e-06
2021-05-11,csi1000,0.6375000000000001,0.5725843726075661,2.401613976317514e-09,0.027298397339039937,0.6583282270215945,cvar,optimal,0.0032068632661392303,0.0029514058012435904,2.9514058012435906e-06
2021-05-11,bond_gov,0.5125000000000001,0.5354443282776112,0.34999999730843623,0.027298397339039937,0.4152774868783712,cvar,optimal,0.0032068632661392303,0.0029514058012435904,2.9514058012435906e-06
2021-05-11,bond_corp,0.7125,0.7307833655248718,0.3499999964375161,0.027298397339039937,0.7237842196937698,cvar,optimal,0.0032068632661392303,0.0029514058012435904,2.9514058012435906e-06
2021-05-11,csi_cb,0.5375000000000001,0.578382750247544,0.18942396563195396,0.027298397339039937,0.4367529014734891,cvar,optimal,0.0032068632661392303,0.0029514058012435904,2.9514058012435906e-06
2021-05-11,crude_sc,0.2,0.28724287489828637,6.311370658008303e-09,0.027298397339039937,0.6677673741946675,cvar,optimal,0.0032068632661392303,0.0029514058012435904,2.9514058012435906e-06
2021-05-11,gold_au,0.7375,0.7238966853635251,0.06478689711416795,0.027298397339039937,0.5806618344216021,cvar,optimal,0.0032068632661392303,0.0029514058012435904,2.9514058012435906e-06
2021-05-11,spx,0.22500000000000003,0.40012191870398894,0.045789123820270325,0.027298397339039937,0.7407835733402501,cvar,optimal,0.0032068632661392303,0.0029514058012435904,2.9514058012435906e-06
2021-06-08,sse50,0.275,0.35899290176259874,3.729757448010394e-09,0.060359935041055385,0.6891161585148547,cvar,optimal,0.0031875645575008857,0.021381474581954548,2.138147458195455e-05
2021-06-08,csi300,0.275,0.36787947012236516,2.86830517284884e-09,0.060359935041055385,0.699598877122265,cvar,optimal,0.0031875645575008857,0.021381474581954548,2.138147458195455e-05
2021-06-08,csi500,0.36250000000000004,0.4476385283921057,2.322837363107982e-09,0.060359935041055385,0.5477907898105796,cvar,optimal,0.0031875645575008857,0.021381474581954548,2.138147458195455e-05
2021-06-08,csi1000,0.48750000000000004,0.5183563925072422,1.7963128739694226e-09,0.060359935041055385,0.6492391174434645,cvar,optimal,0.0031875645575008857,0.021381474581954548,2.138147458195455e-05
2021-06-08,bond_gov,0.7875,0.7049311695431977,0.3499999974790133,0.060359935041055385,0.5952600919192793,cvar,optimal,0.0031875645575008857,0.021381474581954548,2.138147458195455e-05
2021-06-08,bond_corp,0.8125,0.7791812839712501,0.34999999672002424,0.060359935041055385,0.6424955212041323,cvar,optimal,0.0031875645575008857,0.021381474581954548,2.138147458195455e-05
2021-06-08,csi_cb,0.6875,0.6516115860359466,0.18102751792472926,0.060359935041055385,0.5280015547076523,cvar,optimal,0.0031875645575008857,0.021381474581954548,2.138147458195455e-05
2021-06-08,crude_sc,0.125,0.1842067829278792,6.576492632664365e-09,0.060359935041055385,0.8,cvar,optimal,0.0031875645575008857,0.021381474581954548,2.138147458195455e-05
2021-06-08,gold_au,0.7375,0.7314615742518265,0.051801872898510064,0.060359935041055385,0.6535412747433614,cvar,optimal,0.0031875645575008857,0.021381474581954548,2.138147458195455e-05
2021-06-08,spx,0.95,0.7557403104855883,0.06717059768401774,0.060359935041055385,0.6597298159309339,cvar,optimal,0.0031875645575008857,0.021381474581954548,2.138147458195455e-05
2021-07-07,sse50,0.2875,0.312111652848313,3.884256565535385e-09,0.24736887421054732,0.5849060406091128,cvar,optimal,0.003059426205368444,0.004563184901687611,4.563184901687611e-06
2021-07-07,csi300,0.2875,0.31902471995496934,2.7326907692068962e-09,0.24736887421054732,0.5774689790860872,cvar,optimal,0.003059426205368444,0.004563184901687611,4.563184901687611e-06
2021-07-07,csi500,0.7499999999999999,0.6499800278167716,2.3485082905116052e-09,0.24736887421054732,0.6082122733931264,cvar,optimal,0.003059426205368444,0.004563184901687611,4.563184901687611e-06
2021-07-07,csi1000,0.6375,0.6010126130602523,1.9207977448355834e-09,0.24736887421054732,0.6132245799667255,cvar,optimal,0.003059426205368444,0.004563184901687611,4.563184901687611e-06
2021-07-07,bond_gov,0.7,0.7040016412815453,0.34999999787473696,0.24736887421054732,0.7057307911652917,cvar,optimal,0.003059426205368444,0.004563184901687611,4.563184901687611e-06
2021-07-07,bond_corp,0.7749999999999999,0.7783609574793898,0.34999999765622675,0.24736887421054732,0.6561044950428849,cvar,optimal,0.003059426205368444,0.004563184901687611,4.563184901687611e-06
2021-07-07,csi_cb,0.6375,0.640445039504374,0.18559069535934464,0.24736887421054732,0.5164963281437834,cvar,optimal,0.003059426205368444,0.004563184901687611,4.563184901687611e-06
2021-07-07,crude_sc,0.7875,0.5721950153473067,1.2406983779679443e-08,0.24736887421054732,0.26325878863719554,cvar,optimal,0.003059426205368444,0.004563184901687611,4.563184901687611e-06
2021-07-07,gold_au,0.26249999999999996,0.4218261503180243,0.04866324759637614,0.24736887421054732,0.6590151464399874,cvar,optimal,0.003059426205368444,0.004563184901687611,4.563184901687611e-06
2021-07-07,spx,0.37500000000000006,0.5010421823890533,0.06574603822007846,0.24736887421054732,0.6641669193813554,cvar,optimal,0.003059426205368444,0.004563184901687611,4.563184901687611e-06
2021-08-04,sse50,0.3625,0.33577693401148667,2.4985526925281646e-09,0.14529825212703543,0.4166206376343049,cvar,optimal,0.0028314973539260045,0.0038570607031324627,3.8570607031324626e-06
2021-08-04,csi300,0.2125,0.2369383093086927,1.648708198546907e-09,0.14529825212703543,0.7231558779943423,cvar,optimal,0.0028314973539260045,0.0038570607031324627,3.8570607031324626e-06
2021-08-04,csi500,0.625,0.6322207508771184,1.716642208622293e-09,0.14529825212703543,0.6431456158496782,cvar,optimal,0.0028314973539260045,0.0038570607031324627,3.8570607031324626e-06
2021-08-04,csi1000,0.39999999999999997,0.467296970808319,1.3501473767400858e-09,0.14529825212703543,0.624800981045748,cvar,optimal,0.0028314973539260045,0.0038570607031324627,3.8570607031324626e-06
2021-08-04,bond_gov,0.48749999999999993,0.5679752633837475,0.34999999826320966,0.14529825212703543,0.4267496711798341,cvar,optimal,0.0028314973539260045,0.0038570607031324627,3.8570607031324626e-06
2021-08-04,bond_corp,0.7125,0.7372443747269002,0.34999999819919964,0.14529825212703543,0.38997743643162297,cvar,optimal,0.0028314973539260045,0.0038570607031324627,3.8570607031324626e-06
2021-08-04,csi_cb,0.625,0.6338329613010751,0.18767561337749736,0.14529825212703543,0.5670614276374992,cvar,optimal,0.0028314973539260045,0.0038570607031324627,3.8570607031324626e-06
2021-08-04,crude_sc,0.875,0.7846098123947162,0.0017721541605179492,0.14529825212703543,0.520905847770004,cvar,optimal,0.0028314973539260045,0.0038570607031324627,3.8570607031324626e-06
2021-08-04,gold_au,0.5249999999999999,0.47887797014648165,0.04725116339157376,0.14529825212703543,0.5414678989347934,cvar,optimal,0.0028314973539260045,0.0038570607031324627,3.8570607031324626e-06
2021-08-04,spx,0.6749999999999999,0.6252266530414627,0.06330106539395129,0.14529825212703543,0.5358805230534893,cvar,optimal,0.0028314973539260045,0.0038570607031324627,3.8570607031324626e-06
2021-09-01,sse50,0.5875,0.5032084664940781,2.265697047946654e-10,0.12936854422210942,0.5783812322446428,cvar,optimal,0.00267984548244182,0.006687009567822488,6.687009567822488e-06
2021-09-01,csi300,0.5875,0.4658759491562773,1.3494236200275175e-10,0.12936854422210942,0.5808702770018133,cvar,optimal,0.00267984548244182,0.006687009567822488,6.687009567822488e-06
2021-09-01,csi500,0.6625000000000001,0.661418924936156,1.5959779785496614e-10,0.12936854422210942,0.7592147634812059,cvar,optimal,0.00267984548244182,0.006687009567822488,6.687009567822488e-06
2021-09-01,csi1000,0.25,0.3238773291076275,9.594585408047322e-11,0.12936854422210942,0.6622663871480112,cvar,optimal,0.00267984548244182,0.006687009567822488,6.687009567822488e-06
2021-09-01,bond_gov,0.5375000000000001,0.5403810711994776,0.34999999985546376,0.12936854422210942,0.3939699184304658,cvar,optimal,0.00267984548244182,0.006687009567822488,6.687009567822488e-06
2021-09-01,bond_corp,0.5125000000000001,0.5870328525955526,0.3499999998471748,0.12936854422210942,0.43010847445066636,cvar,optimal,0.00267984548244182,0.006687009567822488,6.687009567822488e-06
2021-09-01,csi_cb,0.6625000000000001,0.6508091408739481,0.18963382757632938,0.12936854422210942,0.6636724352162979,cvar,optimal,0.00267984548244182,0.006687009567822488,6.687009567822488e-06
2021-09-01,crude_sc,0.375,0.5383442660207645,0.0016210823566954046,0.12936854422210942,0.32824327187025404,cvar,optimal,0.00267984548244182,0.006687009567822488,6.687009567822488e-06
2021-09-01,gold_au,0.5875,0.5412942971517606,0.040715232224568576,0.12936854422210942,0.5182174555010205,cvar,optimal,0.00267984548244182,0.006687009567822488,6.687009567822488e-06
2021-09-01,spx,0.7375,0.687757702464358,0.06802985752271251,0.12936854422210942,0.6559851148664303,cvar,optimal,0.00267984548244182,0.006687009567822488,6.687009567822488e-06
2021-10-08,sse50,0.6,0.5794347732142322,0.0012240067597971097,0.4267161496756977,0.6576955958098992,cvar,optimal,0.0026698172945847577,0.02984259558036008,2.9842595580360078e-05
2021-10-08,csi300,0.6749999999999999,0.6222796215636233,8.900948662075053e-10,0.4267161496756977,0.5329553332144324,cvar,optimal,0.0026698172945847577,0.02984259558036008,2.9842595580360078e-05
2021-10-08,csi500,0.5375,0.569233244329432,3.6849106424624426e-10,0.4267161496756977,0.562435127511276,cvar,optimal,0.0026698172945847577,0.02984259558036008,2.9842595580360078e-05
2021-10-08,csi1000,0.48749999999999993,0.433194211993904,2.4839043277386923e-10,0.4267161496756977,0.6503009624796687,cvar,optimal,0.0026698172945847577,0.02984259558036008,2.9842595580360078e-05
2021-10-08,bond_gov,0.48749999999999993,0.49753224163407284,0.34999999969740087,0.4267161496756977,0.44776322657797807,cvar,optimal,0.0026698172945847577,0.02984259558036008,2.9842595580360078e-05
2021-10-08,bond_corp,0.575,0.5729138469126587,0.3499999996141055,0.4267161496756977,0.5981894168501439,cvar,optimal,0.0026698172945847577,0.02984259558036008,2.9842595580360078e-05
2021-10-08,csi_cb,0.5375,0.569233244329432,0.1602687629355387,0.4267161496756977,0.4563963071234025,cvar,optimal,0.0026698172945847577,0.02984259558036008,2.9842595580360078e-05
2021-10-08,crude_sc,0.275,0.34068258780014454,0.0026384616622115546,0.4267161496756977,0.5467182568524536,cvar,optimal,0.0026698172945847577,0.02984259558036008,2.9842595580360078e-05
2021-10-08,gold_au,0.625,0.6098728013524455,0.0683164408496947,0.4267161496756977,0.6074815755828551,cvar,optimal,0.0026698172945847577,0.02984259558036008,2.9842595580360078e-05
2021-10-08,spx,0.7,0.7056234268700546,0.06755232697427523,0.4267161496756977,0.6274732145069458,cvar,optimal,0.0026698172945847577,0.02984259558036008,2.9842595580360078e-05
2021-11-05,sse50,0.6125,0.6075375935653955,0.0012241176474618795,0.28449766934184045,0.6278612697833348,cvar,optimal,0.002625250198068698,2.7688424260959453e-07,2.7688424260959456e-10
2021-11-05,csi300,0.7250000000000001,0.7024943146025407,2.2689375251166964e-09,0.28449766934184045,0.6106258419837094,cvar,optimal,0.002625250198068698,2.7688424260959453e-07,2.7688424260959456e-10
2021-11-05,csi500,0.7125,0.6642747871878659,1.040464616138174e-09,0.28449766934184045,0.4180153790019203,cvar,optimal,0.002625250198068698,2.7688424260959453e-07,2.7688424260959456e-10
2021-11-05,csi1000,0.775,0.6644060648828175,1.0021742316798968e-09,0.28449766934184045,0.5885998940917536,cvar,optimal,0.002625250198068698,2.7688424260959453e-07,2.7688424260959456e-10
2021-11-05,bond_gov,0.37500000000000006,0.4152348918130388,0.3499999991392482,0.28449766934184045,0.6632705715449397,cvar,optimal,0.002625250198068698,2.7688424260959453e-07,2.7688424260959456e-10
2021-11-05,bond_corp,0.47500000000000003,0.5031896596209912,0.34999999888833444,0.28449766934184045,0.5486704744935519,cvar,optimal,0.002625250198068698,2.7688424260959453e-07,2.7688424260959456e-10
2021-11-05,csi_cb,0.3375,0.41158638363558997,0.1602686577512716,0.28449766934184045,0.5889698916647548,cvar,optimal,0.002625250198068698,2.7688424260959453e-07,2.7688424260959456e-10
2021-11-05,crude_sc,0.3125,0.30735166611267073,0.0026384265183361727,0.28449766934184045,0.5082467399785207,cvar,optimal,0.002625250198068698,2.7688424260959453e-07,2.7688424260959456e-10
2021-11-05,gold_au,0.35000000000000003,0.43703911106928983,0.0683163055775183,0.28449766934184045,0.4303006960366504,cvar,optimal,0.002625250198068698,2.7688424260959453e-07,2.7688424260959456e-10
2021-11-05,spx,0.8250000000000001,0.7868855275097999,0.06755249016625305,0.28449766934184045,0.7362685919131498,cvar,optimal,0.002625250198068698,2.7688424260959453e-07,2.7688424260959456e-10
2021-12-03,sse50,0.6375000000000001,0.6277413190896307,0.0030801956108592837,0.26355535515382433,0.6911208767976709,cvar,optimal,0.0025222338508745787,0.010960939573914577,1.0960939573914577e-05
2021-12-03,csi300,0.675,0.6874441724459336,3.804239615634332e-10,0.26355535515382433,0.6923649641338881,cvar,optimal,0.0025222338508745787,0.010960939573914577,1.0960939573914577e-05
2021-12-03,csi500,0.6125,0.6303151555170621,3.0499138586839687e-10,0.26355535515382433,0.6703263116750453,cvar,optimal,0.0025222338508745787,0.010960939573914577,1.0960939573914577e-05
2021-12-03,csi1000,0.15000000000000002,0.33738150776079334,2.503425512553326e-10,0.26355535515382433,0.8,cvar,optimal,0.0025222338508745787,0.010960939573914577,1.0960939573914577e-05
2021-12-03,bond_gov,0.5875,0.5251813479383753,0.3499999996390014,0.26355535515382433,0.5125619435868906,cvar,optimal,0.0025222338508745787,0.010960939573914577,1.0960939573914577e-05
2021-12-03,bond_corp,0.5375000000000001,0.5254813791299856,0.34999999964074774,0.26355535515382433,0.4837046063909847,cvar,optimal,0.0025222338508745787,0.010960939573914577,1.0960939573914577e-05
2021-12-03,csi_cb,0.5125000000000001,0.47130312623083415,0.1579000982332945,0.26355535515382433,0.4029572210167706,cvar,optimal,0.0025222338508745787,0.010960939573914577,1.0960939573914577e-05
2021-12-03,crude_sc,0.375,0.3500138652761761,0.00612989255951108,0.26355535515382433,0.5812284236176787,cvar,optimal,0.0025222338508745787,0.010960939573914577,1.0960939573914577e-05
2021-12-03,gold_au,0.675,0.5893974195182281,0.059723928897399324,0.26355535515382433,0.5801817152447504,cvar,optimal,0.0025222338508745787,0.010960939573914577,1.0960939573914577e-05
2021-12-03,spx,0.7375,0.7557407070929811,0.0731658844834288,0.26355535515382433,0.7163944140724072,cvar,optimal,0.0025222338508745787,0.010960939573914577,1.0960939573914577e-05
2021-12-31,sse50,0.5625,0.5858817182521038,0.0018970661034125457,0.5158354270406593,0.612972717541374,cvar,optimal,0.0025227168059476428,0.0038577867350043813,3.857786735004381e-06
2021-12-31,csi300,0.975,0.8767576674083811,9.844289213811903e-09,0.5158354270406593,0.775733856214336,cvar,optimal,0.0025227168059476428,0.0038577867350043813,3.857786735004381e-06
2021-12-31,csi500,0.3,0.4166786193485135,4.248657445425252e-09,0.5158354270406593,0.4748728981690687,cvar,optimal,0.0025227168059476428,0.0038577867350043813,3.857786735004381e-06
2021-12-31,csi1000,0.3,0.3074643487026319,3.425318179579202e-09,0.5158354270406593,0.5813932165947224,cvar,optimal,0.0025227168059476428,0.0038577867350043813,3.857786735004381e-06
2021-12-31,bond_gov,0.49999999999999994,0.5099886528223752,0.34999996654523124,0.5158354270406593,0.44946857512716204,cvar,optimal,0.0025227168059476428,0.0038577867350043813,3.857786735004381e-06
2021-12-31,bond_corp,0.49999999999999994,0.5069753995428484,0.3499999848841588,0.5158354270406593,0.4997507351168008,cvar,optimal,0.0025227168059476428,0.0038577867350043813,3.857786735004381e-06
2021-12-31,csi_cb,0.6,0.553466535407798,0.1579948007707728,0.5158354270406593,0.5876222268276857,cvar,optimal,0.0025227168059476428,0.0038577867350043813,3.857786735004381e-06
2021-12-31,crude_sc,0.49999999999999994,0.451206595448153,0.005654231948117725,0.5158354270406593,0.5553474263354892,cvar,optimal,0.0025227168059476428,0.0038577867350043813,3.857786735004381e-06
2021-12-31,gold_au,0.5625,0.5704586847747359,0.06348699651241851,0.5158354270406593,0.561103519506296,cvar,optimal,0.0025227168059476428,0.0038577867350043813,3.857786735004381e-06
2021-12-31,spx,0.7,0.7211217782924588,0.07096693571762366,0.5158354270406593,0.6278802754421051,cvar,optimal,0.0025227168059476428,0.0038577867350043813,3.857786735004381e-06
2022-02-07,sse50,0.9,0.8145052484282496,1.2341591777097884e-09,0.2135689989021609,0.8,cvar,optimal,0.0025347395749987056,0.006605052581997726,6.605052581997726e-06
2022-02-07,csi300,0.9,0.8979927735846076,5.616708376157367e-10,0.2135689989021609,0.8,cvar,optimal,0.0025347395749987056,0.006605052581997726,6.605052581997726e-06
2022-02-07,csi500,0.9,0.7612925744246125,3.1810450777371726e-10,0.2135689989021609,0.8,cvar,optimal,0.0025347395749987056,0.006605052581997726,6.605052581997726e-06
2022-02-07,csi1000,0.375,0.3436446603773867,2.435572312407681e-10,0.2135689989021609,0.6653602661730126,cvar,optimal,0.0025347395749987056,0.006605052581997726,6.605052581997726e-06
2022-02-07,bond_gov,0.375,0.4152113060795201,0.349999999700535,0.2135689989021609,0.5082205556316485,cvar,optimal,0.0025347395749987056,0.006605052581997726,6.605052581997726e-06
2022-02-07,bond_corp,0.5125,0.5119077997903985,0.3499999997100864,0.2135689989021609,0.5427229982345997,cvar,optimal,0.0025347395749987056,0.006605052581997726,6.605052581997726e-06
2022-02-07,csi_cb,0.47500000000000003,0.5022369748425181,0.1560445236776125,0.2135689989021609,0.5243206437667222,cvar,optimal,0.0025347395749987056,0.006605052581997726,6.605052581997726e-06
2022-02-07,crude_sc,0.21250000000000002,0.2807981436053422,0.00656970326059325,0.2135689989021609,0.6007966549530579,cvar,optimal,0.0025347395749987056,0.006605052581997726,6.605052581997726e-06
2022-02-07,gold_au,0.41250000000000003,0.4613096100627243,0.06917652980070935,0.2135689989021609,0.5435193325730202,cvar,optimal,0.0025347395749987056,0.006605052581997726,6.605052581997726e-06
2022-02-07,spx,0.4375,0.5111009088046404,0.06820924149297186,0.2135689989021609,0.6736506953710436,cvar,optimal,0.0025347395749987056,0.006605052581997726,6.605052581997726e-06
2022-03-07,sse50,0.5249999999999999,0.6235543635763481,0.0023136204123528174,0.15630969527958344,0.5520199078627919,cvar,optimal,0.0025898808168515167,0.017523503438428362,1.7523503438428364e-05
2022-03-07,csi300,0.5249999999999999,0.6518440469410305,2.1110828923912755e-10,0.15630969527958344,0.5506835390434544,cvar,optimal,0.0025898808168515167,0.017523503438428362,1.7523503438428364e-05
2022-03-07,csi500,0.6499999999999999,0.6899850150830057,1.0796898883033672e-10,0.15630969527958344,0.6743554682259505,cvar,optimal,0.0025898808168515167,0.017523503438428362,1.7523503438428364e-05
2022-03-07,csi1000,0.6499999999999999,0.5556094112316232,1.0595868466723286e-10,0.15630969527958344,0.6177918616602723,cvar,optimal,0.0025898808168515167,0.017523503438428362,1.7523503438428364e-05
2022-03-07,bond_gov,0.475,0.4511191731499771,0.3499999998126645,0.15630969527958344,0.43952662583136637,cvar,optimal,0.0025898808168515167,0.017523503438428362,1.7523503438428364e-05
2022-03-07,bond_corp,0.575,0.5538593255098282,0.3499999998726089,0.15630969527958344,0.5909788242013703,cvar,optimal,0.0025898808168515167,0.017523503438428362,1.7523503438428364e-05
2022-03-07,csi_cb,0.5249999999999999,0.5173459022363041,0.13852102093748075,0.15630969527958344,0.5074294069274052,cvar,optimal,0.0025898808168515167,0.017523503438428362,1.7523503438428364e-05
2022-03-07,crude_sc,0.225,0.24066036977046967,0.009679509314143598,0.15630969527958344,0.6574145123457452,cvar,optimal,0.0025898808168515167,0.017523503438428362,1.7523503438428364e-05
2022-03-07,gold_au,0.7,0.6169834653407774,0.0766407227798787,0.15630969527958344,0.43724770848999667,cvar,optimal,0.0025898808168515167,0.017523503438428362,1.7523503438428364e-05
2022-03-07,spx,0.6499999999999999,0.5990389271606357,0.0728451264458349,0.15630969527958344,0.6168274064253764,cvar,optimal,0.0025898808168515167,0.017523503438428362,1.7523503438428364e-05
2022-04-06,sse50,0.49999999999999994,0.5419673651271805,1.1320116081746515e-08,0.13667146740828015,0.5079660616867612,cvar,optimal,0.002482190505112091,0.02748193917599831,2.748193917599831e-05
2022-04-06,csi300,0.26249999999999996,0.382306190841556,8.684931207942669e-09,0.13667146740828015,0.49485046076527023,cvar,optimal,0.002482190505112091,0.02748193917599831,2.748193917599831e-05
2022-04-06,csi500,0.37499999999999994,0.48764503630042344,5.752447023507361e-09,0.13667146740828015,0.6591101284545519,cvar,optimal,0.002482190505112091,0.02748193917599831,2.748193917599831e-05
2022-04-06,csi1000,0.1875,0.31431341447583827,4.5897390809186204e-09,0.13667146740828015,0.7408041078621652,cvar,optimal,0.002482190505112091,0.02748193917599831,2.748193917599831e-05
2022-04-06,bond_gov,0.475,0.46599365212648874,0.34999999563320844,0.13667146740828015,0.42444638735917417,cvar,optimal,0.002482190505112091,0.02748193917599831,2.748193917599831e-05
2022-04-06,bond_corp,0.625,0.602983911376029,0.3499999956893747,0.13667146740828015,0.6535599324772005,cvar,optimal,0.002482190505112091,0.02748193917599831,2.748193917599831e-05
2022-04-06,csi_cb,0.37499999999999994,0.41965818967232354,0.11713036992004014,0.13667146740828015,0.6595788568221227,cvar,optimal,0.002482190505112091,0.02748193917599831,2.748193917599831e-05
2022-04-06,crude_sc,1.0,0.7448738278689017,0.005901838610512819,0.13667146740828015,0.8,cvar,optimal,0.002482190505112091,0.02748193917599831,2.748193917599831e-05
2022-04-06,gold_au,0.875,0.7917518256530625,0.08369408435029783,0.13667146740828015,0.7614008414089066,cvar,optimal,0.002482190505112091,0.02748193917599831,2.748193917599831e-05
2022-04-06,spx,0.8250000000000001,0.7485065865581961,0.09327368544933265,0.13667146740828015,0.8,cvar,optimal,0.002482190505112091,0.02748193917599831,2.748193917599831e-05
2022-05-09,sse50,0.6625000000000001,0.6155011639991521,1.6761059152159392e-09,0.4219200265287188,0.49524611721221196,cvar,optimal,0.0026167504030506572,0.0019609761861288195,1.9609761861288195e-06
2022-05-09,csi300,0.7500000000000001,0.6237614811625561,4.124340998910729e-10,0.4219200265287188,0.5553520866529034,cvar,optimal,0.0026167504030506572,0.0019609761861288195,1.9609761861288195e-06
2022-05-09,csi500,0.8125000000000001,0.702311983380597,1.6045287715353374e-10,0.4219200265287188,0.7793257436220142,cvar,optimal,0.0026167504030506572,0.0019609761861288195,1.9609761861288195e-06
2022-05-09,csi1000,0.8125000000000001,0.6605700865193185,1.7932191774284874e-10,0.4219200265287188,0.7009849585257679,cvar,optimal,0.0026167504030506572,0.0019609761861288195,1.9609761861288195e-06
2022-05-09,bond_gov,0.375,0.4051332725474017,0.3499999994463529,0.4219200265287188,0.5539061723832557,cvar,optimal,0.0026167504030506572,0.0019609761861288195,1.9609761861288195e-06
2022-05-09,bond_corp,0.375,0.4463977175911444,0.34999999957087924,0.4219200265287188,0.5505294254741795,cvar,optimal,0.0026167504030506572,0.0019609761861288195,1.9609761861288195e-06
2022-05-09,csi_cb,0.4375,0.43047309598995365,0.11644305106700654,0.4219200265287188,0.6078837107979638,cvar,optimal,0.0026167504030506572,0.0019609761861288195,1.9609761861288195e-06
2022-05-09,crude_sc,0.1375,0.33639978717226116,0.005476775388142817,0.4219200265287188,0.733448513162021,cvar,optimal,0.0026167504030506572,0.0019609761861288195,1.9609761861288195e-06
2022-05-09,gold_au,0.2875,0.4507588529952255,0.08565505284177764,0.4219200265287188,0.6346850213413109,cvar,optimal,0.0026167504030506572,0.0019609761861288195,1.9609761861288195e-06
2022-05-09,spx,0.8500000000000001,0.8286925586423899,0.09242511925752603,0.4219200265287188,0.7827962113302745,cvar,optimal,0.0026167504030506572,0.0019609761861288195,1.9609761861288195e-06
2022-06-07,sse50,0.6250000000000001,0.6244247888725609,4.038847974287686e-09,0.31713131997451083,0.4150487280789324,cvar,optimal,0.0028001737296056645,0.01159412821090405,1.159412821090405e-05
2022-06-07,csi300,0.7625000000000001,0.7200828371299312,2.3826209095867326e-09,0.31713131997451083,0.6409779264639367,cvar,optimal,0.0028001737296056645,0.01159412821090405,1.159412821090405e-05
2022-06-07,csi500,0.7125000000000001,0.7106383428916041,1.0949397641598341e-09,0.31713131997451083,0.6370807852115171,cvar,optimal,0.0028001737296056645,0.01159412821090405,1.159412821090405e-05
2022-06-07,csi1000,0.7625000000000001,0.7296124965113905,9.33486803432625e-10,0.31713131997451083,0.7036809639850106,cvar,optimal,0.0028001737296056645,0.01159412821090405,1.159412821090405e-05
2022-06-07,bond_gov,0.31249999999999994,0.34071202318926924,0.3499999981890785,0.31713131997451083,0.6542386009482395,cvar,optimal,0.0028001737296056645,0.01159412821090405,1.159412821090405e-05
2022-06-07,bond_corp,0.46249999999999997,0.4536815754720581,0.34999999817533134,0.31713131997451083,0.4657761090396037,cvar,optimal,0.0028001737296056645,0.01159412821090405,1.159412821090405e-05
2022-06-07,csi_cb,0.33749999999999997,0.36513681206183,0.11564875647791391,0.31713131997451083,0.7258597839836526,cvar,optimal,0.0028001737296056645,0.01159412821090405,1.159412821090405e-05
2022-06-07,crude_sc,0.30000000000000004,0.3149474907574434,0.0021220416978842862,0.31713131997451083,0.4542462093210323,cvar,optimal,0.0028001737296056645,0.01159412821090405,1.159412821090405e-05
2022-06-07,gold_au,0.37499999999999994,0.3927301977252616,0.09724917503110111,0.31713131997451083,0.6488413788259751,cvar,optimal,0.0028001737296056645,0.01159412821090405,1.159412821090405e-05
2022-06-07,spx,0.8500000000000001,0.8480334353886517,0.0849800219787955,0.31713131997451083,0.7764608845182186,cvar,optimal,0.0028001737296056645,0.01159412821090405,1.159412821090405e-05
2022-07-05,sse50,0.37500000000000006,0.4636960938484078,1.0667835212433365e-09,0.743238565513632,0.6487336258221692,cvar,optimal,0.0027747088184952823,0.004998442428644039,4.998442428644039e-06
2022-07-05,csi300,0.47500000000000003,0.571916924313068,5.899760697323823e-10,0.743238565513632,0.495146426299805,cvar,optimal,0.0027747088184952823,0.004998442428644039,4.998442428644039e-06
2022-07-05,csi500,0.4,0.5157252252551285,2.9833699048291684e-10,0.743238565513632,0.6856247492753983,cvar,optimal,0.0027747088184952823,0.004998442428644039,4.998442428644039e-06
2022-07-05,csi1000,0.42500000000000004,0.5446826077783549,2.2682422539256162e-10,0.743238565513632,0.6128593742538403,cvar,optimal,0.0027747088184952823,0.004998442428644039,4.998442428644039e-06
2022-07-05,bond_gov,0.6250000000000001,0.5241256931637057,0.34999999956874145,0.743238565513632,0.28282542800595223,cvar,optimal,0.0027747088184952823,0.004998442428644039,4.998442428644039e-06
2022-07-05,bond_corp,0.8,0.6768902572019142,0.34999999961298717,0.743238565513632,0.6854568235223468,cvar,optimal,0.0027747088184952823,0.004998442428644039,4.998442428644039e-06
2022-07-05,csi_cb,0.35000000000000003,0.35487557877784875,0.11478458142985187,0.743238565513632,0.6154084078729724,cvar,optimal,0.0027747088184952823,0.004998442428644039,4.998442428644039e-06
2022-07-05,crude_sc,0.225,0.23572976922976882,0.001505082963481468,0.743238565513632,0.5934017652753112,cvar,optimal,0.0027747088184952823,0.004998442428644039,4.998442428644039e-06
2022-07-05,gold_au,0.8250000000000001,0.6635192257290097,0.10224761464242636,0.743238565513632,0.6139632615490123,cvar,optimal,0.0027747088184952823,0.004998442428644039,4.998442428644039e-06
2022-07-05,spx,1.0,0.948838624702794,0.08146271960059094,0.743238565513632,0.8,cvar,optimal,0.0027747088184952823,0.004998442428644039,4.998442428644039e-06
2022-08-02,sse50,0.6499999999999999,0.5791993217557634,1.5512116788502107e-10,0.35596170457912296,0.5805503789035298,cvar,optimal,0.002810365972792596,0.0040151352668875385,4.015135266887539e-06
2022-08-02,csi300,0.6,0.5842148125305772,1.12189258887182e-10,0.35596170457912296,0.6218470651496061,cvar,optimal,0.002810365972792596,0.0040151352668875385,4.015135266887539e-06
2022-08-02,csi500,0.5249999999999999,0.5115725423221789,6.103479061203354e-11,0.35596170457912296,0.5684898775843565,cvar,optimal,0.002810365972792596,0.0040151352668875385,4.015135266887539e-06
2022-08-02,csi1000,0.5499999999999999,0.5389302721137805,5.461099757256127e-11,0.35596170457912296,0.569709432035866,cvar,optimal,0.002810365972792596,0.0040151352668875385,4.015135266887539e-06
2022-08-02,bond_gov,0.49999999999999994,0.513427457677821,0.3499999999066175,0.35596170457912296,0.4406004113579184,cvar,optimal,0.002810365972792596,0.0040151352668875385,4.015135266887539e-06
2022-08-02,bond_corp,0.625,0.6532293599153565,0.349999999913909,0.35596170457912296,0.610092860173666,cvar,optimal,0.002810365972792596,0.0040151352668875385,4.015135266887539e-06
2022-08-02,csi_cb,0.475,0.4309220550313565,0.11749672959075802,0.35596170457912296,0.47073697864274966,cvar,optimal,0.002810365972792596,0.0040151352668875385,4.015135266887539e-06
2022-08-02,crude_sc,0.2,0.2156530053893737,1.518755816278405e-10,0.35596170457912296,0.7120543261726828,cvar,optimal,0.002810365972792596,0.0040151352668875385,4.015135266887539e-06
2022-08-02,gold_au,0.6749999999999999,0.68403975983858,0.09973756398610925,0.35596170457912296,0.5428628014196554,cvar,optimal,0.002810365972792596,0.0040151352668875385,4.015135266887539e-06
2022-08-02,spx,0.7,0.788811413425212,0.08276570606777438,0.35596170457912296,0.6236253798377891,cvar,optimal,0.002810365972792596,0.0040151352668875385,4.015135266887539e-06
2022-08-30,sse50,0.6875,0.6486952482705283,6.214030675304938e-10,0.13480453351823074,0.6302923545710015,cvar,optimal,0.002734209169723723,0.011085594048416095,1.1085594048416095e-05
2022-08-30,csi300,0.6125,0.5964214430347071,3.858778779717701e-10,0.13480453351823074,0.5484327949886524,cvar,optimal,0.002734209169723723,0.011085594048416095,1.1085594048416095e-05
2022-08-30,csi500,0.5875,0.55426181100557,2.06550222191649e-10,0.13480453351823074,0.5647346586990781,cvar,optimal,0.002734209169723723,0.011085594048416095,1.1085594048416095e-05
2022-08-30,csi1000,0.26249999999999996,0.3493792352095294,1.67320363991336e-10,0.13480453351823074,0.5771683921269849,cvar,optimal,0.002734209169723723,0.011085594048416095,1.1085594048416095e-05
2022-08-30,bond_gov,0.5125000000000001,0.5199987409507244,0.3499999993903118,0.13480453351823074,0.37304383153264925,cvar,optimal,0.002734209169723723,0.011085594048416095,1.1085594048416095e-05
2022-08-30,bond_corp,0.5625,0.6004536485776334,0.34999999942847676,0.13480453351823074,0.44821750157934437,cvar,optimal,0.002734209169723723,0.011085594048416095,1.1085594048416095e-05
2022-08-30,csi_cb,0.16249999999999998,0.25795905122409796,0.12253674133547564,0.13480453351823074,0.7943298453225787,cvar,optimal,0.002734209169723723,0.011085594048416095,1.1085594048416095e-05
2022-08-30,crude_sc,0.6625000000000001,0.5061311335220839,4.774592257499749e-10,0.13480453351823074,0.7026275298865282,cvar,optimal,0.002734209169723723,0.011085594048416095,1.1085594048416095e-05
2022-08-30,gold_au,0.7125,0.7137766547277575,0.10578314496602884,0.13480453351823074,0.5953080507910072,cvar,optimal,0.002734209169723723,0.011085594048416095,1.1085594048416095e-05
2022-08-30,spx,0.7375,0.7529230334773679,0.07168011302109632,0.13480453351823074,0.6434158348226006,cvar,optimal,0.002734209169723723,0.011085594048416095,1.1085594048416095e-05
2022-09-28,sse50,0.6499999999999999,0.6591218467349368,4.554157367376918e-08,0.3451055763260519,0.6202678168145196,cvar,optimal,0.0027604868955302627,0.005224706956200708,5.224706956200708e-06
2022-09-28,csi300,0.625,0.619655028719469,7.051847914754684e-09,0.3451055763260519,0.5952240548512625,cvar,optimal,0.0027604868955302627,0.005224706956200708,5.224706956200708e-06
2022-09-28,csi500,0.6875,0.6481967633090795,2.153680017644664e-09,0.3451055763260519,0.5561142466220708,cvar,optimal,0.0027604868955302627,0.005224706956200708,5.224706956200708e-06
2022-09-28,csi1000,0.6875,0.5714451139751784,1.5922329291701379e-09,0.3451055763260519,0.5025609010605878,cvar,optimal,0.0027604868955302627,0.005224706956200708,5.224706956200708e-06
2022-09-28,bond_gov,0.5874999999999999,0.5611910615723604,0.3499999972307086,0.3451055763260519,0.5713594310635113,cvar,optimal,0.0027604868955302627,0.005224706956200708,5.224706956200708e-06
2022-09-28,bond_corp,0.5874999999999999,0.5848753023967035,0.3499999972854448,0.3451055763260519,0.5374437085544298,cvar,optimal,0.0027604868955302627,0.005224706956200708,5.224706956200708e-06
2022-09-28,csi_cb,0.49999999999999994,0.41559902368334894,0.12622672532762158,0.3451055763260519,0.5493808761694302,cvar,optimal,0.0027604868955302627,0.005224706956200708,5.224706956200708e-06
2022-09-28,crude_sc,0.17500000000000002,0.29588836325639867,2.7078102212396974e-09,0.3451055763260519,0.7186231270970963,cvar,optimal,0.0027604868955302627,0.005224706956200708,5.224706956200708e-06
2022-09-28,gold_au,0.775,0.7505794992995634,0.10731781074154954,0.3451055763260519,0.33206568032058204,cvar,optimal,0.0027604868955302627,0.005224706956200708,5.224706956200708e-06
2022-09-28,spx,0.22500000000000003,0.3934479970529612,0.06645541036753069,0.3451055763260519,0.7669620651655801,cvar,optimal,0.0027604868955302627,0.005224706956200708,5.224706956200708e-06
2022-11-02,sse50,0.7749999999999999,0.7417991713102804,2.898403554925715e-10,0.014913056361727172,0.6993589448142103,cvar,optimal,0.002683292947082316,0.0007775256956026904,7.775256956026904e-07
2022-11-02,csi300,0.8374999999999999,0.7751576499701216,8.070870244263587e-11,0.014913056361727172,0.8,cvar,optimal,0.002683292947082316,0.0007775256956026904,7.775256956026904e-07
2022-11-02,csi500,0.39999999999999997,0.4752978018251924,2.5715542486337017e-11,0.014913056361727172,0.5829537227176934,cvar,optimal,0.002683292947082316,0.0007775256956026904,7.775256956026904e-07
2022-11-02,csi1000,0.31249999999999994,0.3879183005881945,1.8868067079928486e-11,0.014913056361727172,0.6446871215773805,cvar,optimal,0.002683292947082316,0.0007775256956026904,7.775256956026904e-07
2022-11-02,bond_gov,0.2875,0.3683428297584131,0.34999999991860903,0.014913056361727172,0.5427624382015792,cvar,optimal,0.002683292947082316,0.0007775256956026904,7.775256956026904e-07
2022-11-02,bond_corp,0.33749999999999997,0.4077711270563932,0.34999999993572756,0.014913056361727172,0.5679247632091505,cvar,optimal,0.002683292947082316,0.0007775256956026904,7.775256956026904e-07
2022-11-02,csi_cb,0.39999999999999997,0.40276342443850705,0.12596805000166372,0.014913056361727172,0.5603764044014323,cvar,optimal,0.002683292947082316,0.0007775256956026904,7.775256956026904e-07
2022-11-02,crude_sc,0.5125,0.4527494157922288,6.866427352666056e-11,0.014913056361727172,0.35134828464985235,cvar,optimal,0.002683292947082316,0.0007775256956026904,7.775256956026904e-07
2022-11-02,gold_au,0.7749999999999999,0.7701631629038072,0.10679901893525252,0.014913056361727172,0.6959292437928195,cvar,optimal,0.002683292947082316,0.0007775256956026904,7.775256956026904e-07
2022-11-02,spx,0.8624999999999999,0.7180371163568615,0.06723293072495021,0.014913056361727172,0.8,cvar,optimal,0.002683292947082316,0.0007775256956026904,7.775256956026904e-07
2022-11-30,sse50,0.6375,0.6733752231333537,6.660705605046069e-09,0.10639963686952103,0.5734482999369097,cvar,optimal,0.0026853155224372165,0.0022276708244454075,2.2276708244454075e-06
2022-11-30,csi300,0.7000000000000001,0.7292665324020152,4.063353602491884e-09,0.10639963686952103,0.4330776348164843,cvar,optimal,0.0026853155224372165,0.0022276708244454075,2.2276708244454075e-06
2022-11-30,csi500,0.4625,0.4636159923220048,1.3598327456110126e-09,0.10639963686952103,0.5426596464489735,cvar,optimal,0.0026853155224372165,0.0022276708244454075,2.2276708244454075e-06
2022-11-30,csi1000,0.6125,0.5419512296028188,1.0301578770833024e-09,0.10639963686952103,0.5703622787536714,cvar,optimal,0.0026853155224372165,0.0022276708244454075,2.2276708244454075e-06
2022-11-30,bond_gov,0.25,0.2850173345560259,0.3499999968919018,0.10639963686952103,0.722333332558918,cvar,optimal,0.0026853155224372165,0.0022276708244454075,2.2276708244454075e-06
2022-11-30,bond_corp,0.55,0.4988478309571147,0.3499999968998338,0.10639963686952103,0.31646865622297177,cvar,optimal,0.0026853155224372165,0.0022276708244454075,2.2276708244454075e-06
2022-11-30,csi_cb,0.30000000000000004,0.34051003296535987,0.1252277755223819,0.10639963686952103,0.5849734362058228,cvar,optimal,0.0026853155224372165,0.0022276708244454075,2.2276708244454075e-06
2022-11-30,crude_sc,0.875,0.7300393278523817,1.3334884383071031e-09,0.10639963686952103,0.5628172964381936,cvar,optimal,0.0026853155224372165,0.0022276708244454075,2.2276708244454075e-06
2022-11-30,gold_au,0.325,0.4733075960115204,0.10531162865268996,0.10639963686952103,0.4299826077079944,cvar,optimal,0.0026853155224372165,0.0022276708244454075,2.2276708244454075e-06
2022-11-30,spx,0.7875,0.7640689001974051,0.06946058758565433,0.10639963686952103,0.8,cvar,optimal,0.0026853155224372165,0.0022276708244454075,2.2276708244454075e-06
2022-12-28,sse50,0.3125,0.43700512204320036,5.259047378553456e-09,0.3943461582202898,0.6100033158581684,cvar,optimal,0.0027249489232939106,0.0018781155407571692,1.8781155407571692e-06
2022-12-28,csi300,0.3875,0.507715214035916,2.534895419191013e-09,0.3943461582202898,0.39047322895273023,cvar,optimal,0.0027249489232939106,0.0018781155407571692,1.8781155407571692e-06
2022-12-28,csi500,0.2875,0.34166438762297535,9.859635945369988e-10,0.3943461582202898,0.7137409193046638,cvar,optimal,0.0027249489232939106,0.0018781155407571692,1.8781155407571692e-06
2022-12-28,csi1000,0.3625,0.4200054026464646,8.332102765141065e-10,0.3943461582202898,0.5461086557519687,cvar,optimal,0.0027249489232939106,0.0018781155407571692,1.8781155407571692e-06
2022-12-28,bond_gov,0.6250000000000001,0.49983935446887473,0.3499999984233776,0.3943461582202898,0.3436073682129785,cvar,optimal,0.0027249489232939106,0.0018781155407571692,1.8781155407571692e-06
2022-12-28,bond_corp,0.675,0.6120602166985427,0.34999999844997487,0.3943461582202898,0.41034423636502787,cvar,optimal,0.0027249489232939106,0.0018781155407571692,1.8781155407571692e-06
2022-12-28,csi_cb,0.6500000000000001,0.5393134949624475,0.12710588598028558,0.3943461582202898,0.3711371689249447,cvar,optimal,0.0027249489232939106,0.0018781155407571692,1.8781155407571692e-06
2022-12-28,crude_sc,0.525,0.6109303422257344,3.334725040768941e-09,0.3943461582202898,0.6189870209312482,cvar,optimal,0.0027249489232939106,0.0018781155407571692,1.8781155407571692e-06
2022-12-28,gold_au,0.8500000000000001,0.712262999942892,0.10355286871477586,0.3943461582202898,0.6494032684108096,cvar,optimal,0.0027249489232939106,0.0018781155407571692,1.8781155407571692e-06
2022-12-28,spx,0.8250000000000001,0.8192034653529524,0.06934123548374439,0.3943461582202898,0.8,cvar,optimal,0.0027249489232939106,0.0018781155407571692,1.8781155407571692e-06
2023-02-02,sse50,0.6124999999999999,0.5527347421076981,1.1009301341749142e-08,0.2132220655755182,0.6212920536699872,cvar,optimal,0.0027249482230425333,6.826380194575685e-07,6.826380194575685e-10
2023-02-02,csi300,0.6124999999999999,0.5730351749363688,4.3482947215894445e-09,0.2132220655755182,0.5970113331695798,cvar,optimal,0.0027249482230425333,6.826380194575685e-07,6.826380194575685e-10
2023-02-02,csi500,0.5625,0.49813372623568947,1.4646583899225871e-09,0.2132220655755182,0.6128868953989582,cvar,optimal,0.0027249482230425333,6.826380194575685e-07,6.826380194575685e-10
2023-02-02,csi1000,0.7,0.6237510221822048,1.2842634139810137e-09,0.2132220655755182,0.5409771422878034,cvar,optimal,0.0027249482230425333,6.826380194575685e-07,6.826380194575685e-10
2023-02-02,bond_gov,0.5625,0.5509974603199784,0.34999999811156224,0.2132220655755182,0.5634801100832271,cvar,optimal,0.0027249482230425333,6.826380194575685e-07,6.826380194575685e-10
2023-02-02,bond_corp,0.475,0.5219889964023281,0.34999999811018134,0.2132220655755182,0.3736276377176432,cvar,optimal,0.0027249482230425333,6.826380194575685e-07,6.826380194575685e-10
2023-02-02,csi_cb,0.5249999999999999,0.533175245617965,0.12710656012490382,0.2132220655755182,0.4958077150592453,cvar,optimal,0.0027249482230425333,6.826380194575685e-07,6.826380194575685e-10
2023-02-02,crude_sc,0.125,0.2657484802716687,1.4174647000252576e-09,0.2132220655755182,0.7580135994117646,cvar,optimal,0.0027249482230425333,6.826380194575685e-07,6.826380194575685e-10
2023-02-02,gold_au,0.6499999999999999,0.6658086714243199,0.10355255504765515,0.2132220655755182,0.6196661375307821,cvar,optimal,0.0027249482230425333,6.826380194575685e-07,6.826380194575685e-10
2023-02-02,spx,0.6749999999999999,0.7146264805017785,0.06934086908171484,0.2132220655755182,0.6592597940703833,cvar,optimal,0.0027249482230425333,6.826380194575685e-07,6.826380194575685e-10
2023-03-02,sse50,0.4875,0.506537397364348,1.888366896867413e-09,1.0,0.6205657731201417,cvar,optimal,0.002649622278042762,0.013267190048821322,1.3267190048821322e-05
2023-03-02,csi300,0.575,0.5708368714498343,1.3415010051642454e-09,1.0,0.5036796816575612,cvar,optimal,0.002649622278042762,0.013267190048821322,1.3267190048821322e-05
2023-03-02,csi500,0.4875,0.49197382332861134,6.812645652717905e-10,1.0,0.6114969832700392,cvar,optimal,0.002649622278042762,0.013267190048821322,1.3267190048821322e-05
2023-03-02,csi1000,0.625,0.6249023660325604,6.104235325509968e-10,1.0,0.49125975908162833,cvar,optimal,0.002649622278042762,0.013267190048821322,1.3267190048821322e-05
2023-03-02,bond_gov,0.425,0.47464988891998305,0.34999999885135885,1.0,0.5006900035503261,cvar,optimal,0.002649622278042762,0.013267190048821322,1.3267190048821322e-05
2023-03-02,bond_corp,0.525,0.5232365063932061,0.34999999883353045,1.0,0.5462189580177004,cvar,optimal,0.002649622278042762,0.013267190048821322,1.3267190048821322e-05
2023-03-02,csi_cb,0.45,0.4837311500233376,0.14037374644713257,1.0,0.5282663349402483,cvar,optimal,0.002649622278042762,0.013267190048821322,1.3267190048821322e-05
2023-03-02,crude_sc,0.6,0.4735318356302336,3.680911589127034e-09,1.0,0.44384450103739104,cvar,optimal,0.002649622278042762,0.013267190048821322,1.3267190048821322e-05
2023-03-02,gold_au,0.4,0.49658944811814876,0.0955656939466064,1.0,0.44278470557301686,cvar,optimal,0.002649622278042762,0.013267190048821322,1.3267190048821322e-05
2023-03-02,spx,0.925,0.8540107127397368,0.06406055371890418,1.0,0.7319346362133827,cvar,optimal,0.002649622278042762,0.013267190048821322,1.3267190048821322e-05
2023-03-30,sse50,0.475,0.4910785569652929,1.4150670988169144e-10,1.0,0.618127702027698,cvar,optimal,0.002437839588908087,0.04306899889875097,4.306899889875097e-05
2023-03-30,csi300,0.6,0.594956778672834,7.691538216562643e-11,1.0,0.47050008472376237,cvar,optimal,0.002437839588908087,0.04306899889875097,4.306899889875097e-05
2023-03-30,csi500,0.5,0.5027832813675209,3.1862850153339075e-11,1.0,0.6363795250313425,cvar,optimal,0.002437839588908087,0.04306899889875097,4.306899889875097e-05
2023-03-30,csi1000,0.575,0.5992328214039422,2.5780451650511725e-11,1.0,0.5552142368498321,cvar,optimal,0.002437839588908087,0.04306899889875097,4.306899889875097e-05
2023-03-30,bond_gov,0.4,0.421547329868378,0.34999999993964925,1.0,0.4698361733976567,cvar,optimal,0.002437839588908087,0.04306899889875097,4.306899889875097e-05
2023-03-30,bond_corp,0.45,0.4710239884605021,0.34999999994181985,1.0,0.5074812061472677,cvar,optimal,0.002437839588908087,0.04306899889875097,4.306899889875097e-05
2023-03-30,csi_cb,0.425,0.44065300538937363,0.18344274314930373,1.0,0.49629814344215367,cvar,optimal,0.002437839588908087,0.04306899889875097,4.306899889875097e-05
2023-03-30,crude_sc,0.55,0.5223627659887043,6.346635316162649e-11,1.0,0.539347524649019,cvar,optimal,0.002437839588908087,0.04306899889875097,4.306899889875097e-05
2023-03-30,gold_au,0.525,0.5056782178431746,0.07997486982091055,1.0,0.6030646670342236,cvar,optimal,0.002437839588908087,0.04306899889875097,4.306899889875097e-05
2023-03-30,spx,1.0,0.9506832540402772,0.036582386808784895,1.0,0.8,cvar,optimal,0.002437839588908087,0.04306899889875097,4.306899889875097e-05
2023-04-28,sse50,0.5874999999999999,0.5509170369863141,2.7957804625288674e-10,0.005320888587554646,0.675929589667973,cvar,optimal,0.0024308702370289775,0.011451108536103935,1.1451108536103935e-05
2023-04-28,csi300,0.7124999999999999,0.6724605034329859,1.3906130326767068e-10,0.005320888587554646,0.4150692089111352,cvar,optimal,0.0024308702370289775,0.011451108536103935,1.1451108536103935e-05
2023-04-28,csi500,0.825,0.7148351929839266,1.455385650455446e-10,0.005320888587554646,0.6670255572952956,cvar,optimal,0.0024308702370289775,0.011451108536103935,1.1451108536103935e-05
2023-04-28,csi1000,0.825,0.7457528428160036,1.7742896402799342e-10,0.005320888587554646,0.6956248990082563,cvar,optimal,0.0024308702370289775,0.011451108536103935,1.1451108536103935e-05
2023-04-28,bond_gov,0.18750000000000003,0.26108184400238754,0.3499999993991224,0.005320888587554646,0.7850104981249281,cvar,optimal,0.0024308702370289775,0.011451108536103935,1.1451108536103935e-05
2023-04-28,bond_corp,0.18750000000000003,0.2824617291245119,0.3499999996056975,0.005320888587554646,0.7456190620262175,cvar,optimal,0.0024308702370289775,0.011451108536103935,1.1451108536103935e-05
2023-04-28,csi_cb,0.7749999999999999,0.6599061396784114,0.18940294920279646,0.005320888587554646,0.5062653739250036,cvar,optimal,0.0024308702370289775,0.011451108536103935,1.1451108536103935e-05
2023-04-28,crude_sc,0.4,0.45492223255749786,1.0584526453072942e-10,0.005320888587554646,0.7285480277960235,cvar,optimal,0.0024308702370289775,0.011451108536103935,1.1451108536103935e-05
2023-04-28,gold_au,0.375,0.4137917426419664,0.0854657717956013,0.005320888587554646,0.4284376366577286,cvar,optimal,0.0024308702370289775,0.011451108536103935,1.1451108536103935e-05
2023-04-28,spx,0.625,0.7438707357759944,0.025131279149330103,0.005320888587554646,0.5157273135667108,cvar,optimal,0.0024308702370289775,0.011451108536103935,1.1451108536103935e-05
2023-05-31,sse50,0.4625,0.4912666462357487,4.097697862112811e-10,0.35386167117334993,0.5901111264297447,cvar,optimal,0.002227650966388631,0.016685610198038173,1.6685610198038172e-05
2023-05-31,csi300,0.5,0.555302476534478,2.2107971441263078e-10,0.35386167117334993,0.5530303022486939,cvar,optimal,0.002227650966388631,0.016685610198038173,1.6685610198038172e-05
2023-05-31,csi500,0.43750000000000006,0.5286065141362242,1.0178570471017587e-10,0.35386167117334993,0.494686848051527,cvar,optimal,0.002227650966388631,0.016685610198038173,1.6685610198038172e-05
2023-05-31,csi1000,0.5,0.5782468048120891,7.779699996212172e-11,0.35386167117334993,0.6418017306854336,cvar,optimal,0.002227650966388631,0.016685610198038173,1.6685610198038172e-05
2023-05-31,bond_gov,0.5625,0.4660426360011585,0.3499999999040378,0.35386167117334993,0.6920859081105901,cvar,optimal,0.002227650966388631,0.016685610198038173,1.6685610198038172e-05
2023-05-31,bond_corp,0.5375000000000001,0.4526872719174336,0.34999999987599734,0.35386167117334993,0.6914398604874006,cvar,optimal,0.002227650966388631,0.016685610198038173,1.6685610198038172e-05
2023-05-31,csi_cb,0.6125,0.6333400368811728,0.17324430637567959,0.35386167117334993,0.6229900744775353,cvar,optimal,0.002227650966388631,0.016685610198038173,1.6685610198038172e-05
2023-05-31,crude_sc,0.6375000000000001,0.5776630852533639,8.595894082938586e-11,0.35386167117334993,0.5346918126095351,cvar,optimal,0.002227650966388631,0.016685610198038173,1.6685610198038172e-05
2023-05-31,gold_au,0.5875,0.5352447510530007,0.08493880458795124,0.35386167117334993,0.5744923840122058,cvar,optimal,0.002227650966388631,0.016685610198038173,1.6685610198038172e-05
2023-05-31,spx,0.6625000000000001,0.6815997771753308,0.04181688835994298,0.35386167117334993,0.6589828536508895,cvar,optimal,0.002227650966388631,0.016685610198038173,1.6685610198038172e-05
2023-06-30,sse50,0.8,0.702289737346064,2.3628562461477176e-09,0.02556856065270361,0.7386262518066817,cvar,optimal,0.0021868367801723587,0.010360047402129192,1.0360047402129193e-05
2023-06-30,csi300,0.8,0.7209366543968864,3.94632178979814e-10,0.02556856065270361,0.7215436901680283,cvar,optimal,0.0021868367801723587,0.010360047402129192,1.0360047402129193e-05
2023-06-30,csi500,0.8,0.71450970722025,3.1667103644264643e-10,0.02556856065270361,0.7433895824529582,cvar,optimal,0.0021868367801723587,0.010360047402129192,1.0360047402129193e-05
2023-06-30,csi1000,0.8,0.7295805984685465,4.217090941023117e-10,0.02556856065270361,0.7599181790074183,cvar,optimal,0.0021868367801723587,0.010360047402129192,1.0360047402129193e-05
2023-06-30,bond_gov,0.27499999999999997,0.3376030321308721,0.34999999975290547,0.02556856065270361,0.7577211598406839,cvar,optimal,0.0021868367801723587,0.010360047402129192,1.0360047402129193e-05
2023-06-30,bond_corp,0.3125,0.35715082619202243,0.3499999995733199,0.02556856065270361,0.7398945213242298,cvar,optimal,0.0021868367801723587,0.010360047402129192,1.0360047402129193e-05
2023-06-30,csi_cb,0.425,0.4971049441900536,0.17994881824537526,0.02556856065270361,0.472563380467455,cvar,optimal,0.0021868367801723587,0.010360047402129192,1.0360047402129193e-05
2023-06-30,crude_sc,0.24999999999999997,0.3549647845016508,5.125966932008137e-11,0.02556856065270361,0.778165257163639,cvar,optimal,0.0021868367801723587,0.010360047402129192,1.0360047402129193e-05
2023-06-30,gold_au,0.3125,0.38361411264342626,0.07457875767433106,0.02556856065270361,0.7663984018347396,cvar,optimal,0.0021868367801723587,0.010360047402129192,1.0360047402129193e-05
2023-06-30,spx,0.7250000000000001,0.7022456029102282,0.045472421206940124,0.02556856065270361,0.606846515771572,cvar,optimal,0.0021868367801723587,0.010360047402129192,1.0360047402129193e-05
2023-07-28,sse50,0.42500000000000004,0.5222452151779315,0.007968322891749003,0.017645970253722543,0.6186032920706391,cvar,optimal,0.002053412667290495,0.041386432527826325,4.1386432527826326e-05
2023-07-28,csi300,0.42500000000000004,0.5255659471284103,7.021676583923399e-10,0.017645970253722543,0.5730044363031258,cvar,optimal,0.002053412667290495,0.041386432527826325,4.1386432527826326e-05
2023-07-28,csi500,0.8250000000000001,0.7844241376298898,2.8122386751038e-10,0.017645970253722543,0.7562321144487488,cvar,optimal,0.002053412667290495,0.041386432527826325,4.1386432527826326e-05
2023-07-28,csi1000,0.8250000000000001,0.7899586908806877,2.0811724050687155e-10,0.017645970253722543,0.771226333407361,cvar,optimal,0.002053412667290495,0.041386432527826325,4.1386432527826326e-05
2023-07-28,bond_gov,0.6500000000000001,0.5483271422214303,0.34999999986093944,0.017645970253722543,0.3398445387463064,cvar,optimal,0.002053412667290495,0.041386432527826325,4.1386432527826326e-05
2023-07-28,bond_corp,0.7750000000000001,0.6381285016664431,0.34999999986593544,0.017645970253722543,0.6139090382862757,cvar,optimal,0.002053412667290495,0.041386432527826325,4.1386432527826326e-05
2023-07-28,csi_cb,0.42500000000000004,0.4416036597523935,0.16121173053002133,0.017645970253722543,0.6387033339069499,cvar,optimal,0.002053412667290495,0.041386432527826325,4.1386432527826326e-05
2023-07-28,crude_sc,0.17500000000000002,0.23474059070139455,1.8752609948070777e-10,0.017645970253722543,0.8,cvar,optimal,0.002053412667290495,0.041386432527826325,4.1386432527826326e-05
2023-07-28,gold_au,0.675,0.5764579583290119,0.10799686882881318,0.017645970253722543,0.42042638424057066,cvar,optimal,0.002053412667290495,0.041386432527826325,4.1386432527826326e-05
2023-07-28,spx,0.30000000000000004,0.43854815651240736,0.02282307664350673,0.017645970253722543,0.3657143508749132,cvar,optimal,0.002053412667290495,0.041386432527826325,4.1386432527826326e-05
2023-08-25,sse50,0.5625,0.550676958793899,0.00781345817490607,0.22683576179985074,0.6533799508839481,cvar,optimal,0.0020538618050904124,0.0013264968336807275,1.3264968336807275e-06
2023-08-25,csi300,0.6125,0.583517326764762,3.4590410478571974e-10,0.22683576179985074,0.5514797038982157,cvar,optimal,0.0020538618050904124,0.0013264968336807275,1.3264968336807275e-06
2023-08-25,csi500,0.5125000000000001,0.6173899703905049,1.1687600499044113e-10,0.22683576179985074,0.6514762270950714,cvar,optimal,0.0020538618050904124,0.0013264968336807275,1.3264968336807275e-06
2023-08-25,csi1000,0.5875,0.6666505223467993,8.736936791288611e-11,0.22683576179985074,0.723709604573269,cvar,optimal,0.0020538618050904124,0.0013264968336807275,1.3264968336807275e-06
2023-08-25,bond_gov,0.43750000000000006,0.47506248924980665,0.3499999999052238,0.22683576179985074,0.5159787660536667,cvar,optimal,0.0020538618050904124,0.0013264968336807275,1.3264968336807275e-06
2023-08-25,bond_corp,0.4625,0.5261296990374748,0.34999999990026337,0.22683576179985074,0.49789489209802307,cvar,optimal,0.0020538618050904124,0.0013264968336807275,1.3264968336807275e-06
2023-08-25,csi_cb,0.48750000000000004,0.4660504599635787,0.1602177955173509,0.22683576179985074,0.6442867503123196,cvar,optimal,0.0020538618050904124,0.0013264968336807275,1.3264968336807275e-06
2023-08-25,crude_sc,0.5375000000000001,0.4201658571635616,7.019485647110482e-11,0.22683576179985074,0.8,cvar,optimal,0.0020538618050904124,0.0013264968336807275,1.3264968336807275e-06
2023-08-25,gold_au,0.6625000000000001,0.6326028260290593,0.10932336558388164,0.22683576179985074,0.5271076708422382,cvar,optimal,0.0020538618050904124,0.0013264968336807275,1.3264968336807275e-06
2023-08-25,spx,0.6375000000000001,0.5617538902605542,0.02264538029802991,0.22683576179985074,0.5146326957009371,cvar,optimal,0.0020538618050904124,0.0013264968336807275,1.3264968336807275e-06
2023-09-22,sse50,0.2375,0.3360700943355813,1.669299559276244e-09,0.6226361078351644,0.6340759942893097,cvar,optimal,0.002004524780189771,0.03680536544959057,3.6805365449590576e-05
2023-09-22,csi300,0.26249999999999996,0.3649344507669464,1.1939356461387285e-09,0.6226361078351644,0.5311843828854367,cvar,optimal,0.002004524780189771,0.03680536544959057,3.6805365449590576e-05
2023-09-22,csi500,0.36249999999999993,0.4434505184824327,7.974625767225482e-10,0.6226361078351644,0.6488325225046865,cvar,optimal,0.002004524780189771,0.03680536544959057,3.6805365449590576e-05
2023-09-22,csi1000,0.43749999999999994,0.5113773291076276,6.116276739798901e-10,0.6226361078351644,0.47796144498050314,cvar,optimal,0.002004524780189771,0.03680536544959057,3.6805365449590576e-05
2023-09-22,bond_gov,0.5125000000000001,0.5068012551849091,0.34999999936928583,0.6226361078351644,0.3668984537829593,cvar,optimal,0.002004524780189771,0.03680536544959057,3.6805365449590576e-05
2023-09-22,bond_corp,0.5625,0.5576523583367474,0.34999999935710674,0.6226361078351644,0.4620000645894425,cvar,optimal,0.002004524780189771,0.03680536544959057,3.6805365449590576e-05
2023-09-22,csi_cb,0.7625,0.6622276993607419,0.14938431512051178,0.6226361078351644,0.35057210144695156,cvar,optimal,0.002004524780189771,0.03680536544959057,3.6805365449590576e-05
2023-09-22,crude_sc,0.8,0.6757248498688055,5.982701600887431e-10,0.6226361078351644,0.7540576685224267,cvar,optimal,0.002004524780189771,0.03680536544959057,3.6805365449590576e-05
2023-09-22,gold_au,0.9624999999999999,0.8607210727209784,0.1461287284525205,0.6226361078351644,0.8,cvar,optimal,0.002004524780189771,0.03680536544959057,3.6805365449590576e-05
2023-09-22,spx,0.6,0.5810403718352295,0.0044869528299795736,0.6226361078351644,0.49855073438759534,cvar,optimal,0.002004524780189771,0.03680536544959057,3.6805365449590576e-05
2023-10-30,sse50,0.5,0.45327449161486405,6.471587398725309e-10,0.891794884818772,0.6151974153613745,cvar,optimal,0.0019260730534670692,0.017415895536959686,1.7415895536959684e-05
2023-10-30,csi300,0.5625,0.5075107253675586,3.970033751657579e-10,0.891794884818772,0.622987967192012,cvar,optimal,0.0019260730534670692,0.017415895536959686,1.7415895536959684e-05
2023-10-30,csi500,0.5,0.4740243008388809,3.199024741480555e-10,0.891794884818772,0.5397884834763705,cvar,optimal,0.0019260730534670692,0.017415895536959686,1.7415895536959684e-05
2023-10-30,csi1000,0.5875,0.558151886792779,2.498044046629539e-10,0.891794884818772,0.5559814906898534,cvar,optimal,0.0019260730534670692,0.017415895536959686,1.7415895536959684e-05
2023-10-30,bond_gov,0.43750000000000006,0.4521740566036106,0.34999999976325585,0.891794884818772,0.4366019075379689,cvar,optimal,0.0019260730534670692,0.017415895536959686,1.7415895536959684e-05
2023-10-30,bond_corp,0.6125,0.5915964402515912,0.3499999997615412,0.891794884818772,0.5427128489095123,cvar,optimal,0.0019260730534670692,0.017415895536959686,1.7415895536959684e-05
2023-10-30,csi_cb,0.4625,0.5230497023054422,0.1587150419234915,0.891794884818772,0.46586731120968616,cvar,optimal,0.0019260730534670692,0.017415895536959686,1.7415895536959684e-05
2023-10-30,crude_sc,0.30000000000000004,0.4154350649885729,2.5112168673746136e-10,0.891794884818772,0.37467693474325725,cvar,optimal,0.0019260730534670692,0.017415895536959686,1.7415895536959684e-05
2023-10-30,gold_au,0.875,0.8763651876307096,0.12871283592116575,0.891794884818772,0.596993113740998,cvar,optimal,0.0019260730534670692,0.017415895536959686,1.7415895536959684e-05
2023-10-30,spx,0.6625000000000001,0.648418143605991,0.012572120765555028,0.891794884818772,0.4954008461822181,cvar,optimal,0.0019260730534670692,0.017415895536959686,1.7415895536959684e-05
2023-11-27,sse50,0.5874999999999999,0.5411006983214026,2.3059061345204265e-08,0.14048216817293777,0.6550973259941797,cvar,optimal,0.001889635807878149,0.009779098507027656,9.779098507027656e-06
2023-11-27,csi300,0.5874999999999999,0.558812320282522,3.722627021255028e-09,0.14048216817293777,0.6268096879180644,cvar,optimal,0.001889635807878149,0.009779098507027656,9.779098507027656e-06
2023-11-27,csi500,0.5125,0.4990134232735241,2.404534310975262e-09,0.14048216817293777,0.48007937358443575,cvar,optimal,0.001889635807878149,0.009779098507027656,9.779098507027656e-06
2023-11-27,csi1000,0.625,0.6025427955980976,1.5812386597863964e-09,0.14048216817293777,0.591735667846174,cvar,optimal,0.001889635807878149,0.009779098507027656,9.779098507027656e-06
2023-11-27,bond_gov,0.13749999999999998,0.24000395331154017,0.3499999993626024,0.14048216817293777,0.7807537993049634,cvar,optimal,0.001889635807878149,0.009779098507027656,9.779098507027656e-06
2023-11-27,bond_corp,0.3125,0.40643132198890913,0.34999999920994984,0.14048216817293777,0.4055002823676613,cvar,optimal,0.001889635807878149,0.009779098507027656,9.779098507027656e-06
2023-11-27,csi_cb,0.5125,0.5168475860879875,0.1598207379266613,0.14048216817293777,0.48266521278211033,cvar,optimal,0.001889635807878149,0.009779098507027656,9.779098507027656e-06
2023-11-27,crude_sc,0.85,0.705796505340928,1.0837611755222169e-09,0.14048216817293777,0.5296737215893943,cvar,optimal,0.001889635807878149,0.009779098507027656,9.779098507027656e-06
2023-11-27,gold_au,0.6749999999999999,0.7459077582711493,0.11893373836638292,0.14048216817293777,0.6123932717778696,cvar,optimal,0.001889635807878149,0.009779098507027656,9.779098507027656e-06
2023-11-27,spx,0.7,0.6835436375239394,0.021245493283181052,0.14048216817293777,0.5320214465581699,cvar,optimal,0.001889635807878149,0.009779098507027656,9.779098507027656e-06
2023-12-25,sse50,0.37500000000000006,0.43967638185322644,1.3014414821951778e-10,0.018987447818878192,0.666162462654477,cvar,optimal,0.0018985276347719623,0.01950677384867337,1.950677384867337e-05
2023-12-25,csi300,0.925,0.8068147540117231,1.0634792471408298e-10,0.018987447818878192,0.6015938895071014,cvar,optimal,0.0018985276347719623,0.01950677384867337,1.950677384867337e-05
2023-12-25,csi500,0.7000000000000001,0.6344725149949352,8.84761524226865e-11,0.018987447818878192,0.43906298431876134,cvar,optimal,0.0018985276347719623,0.01950677384867337,1.950677384867337e-05
2023-12-25,csi1000,0.7749999999999999,0.7199845092251862,7.597251672220819e-11,0.018987447818878192,0.5143604665008175,cvar,optimal,0.0018985276347719623,0.01950677384867337,1.950677384867337e-05
2023-12-25,bond_gov,0.1,0.1411624815210735,0.3499999999356196,0.018987447818878192,0.7851583661100474,cvar,optimal,0.0018985276347719623,0.01950677384867337,1.950677384867337e-05
2023-12-25,bond_corp,0.30000000000000004,0.332582665506505,0.3499999999365447,0.018987447818878192,0.5551871841366973,cvar,optimal,0.0018985276347719623,0.01950677384867337,1.950677384867337e-05
2023-12-25,csi_cb,0.425,0.45031389646778636,0.1557305989928755,0.018987447818878192,0.5470083091905532,cvar,optimal,0.0018985276347719623,0.01950677384867337,1.950677384867337e-05
2023-12-25,crude_sc,0.875,0.8145501285701935,0.008643333025329507,0.018987447818878192,0.7697370251518821,cvar,optimal,0.0018985276347719623,0.01950677384867337,1.950677384867337e-05
2023-12-25,gold_au,0.575,0.6281811023910878,0.10351713381801597,0.018987447818878192,0.6105262898605485,cvar,optimal,0.0018985276347719623,0.01950677384867337,1.950677384867337e-05
2023-12-25,spx,0.44999999999999996,0.5322615654582826,0.032108933890674096,0.018987447818878192,0.3788055465157134,cvar,optimal,0.0018985276347719623,0.01950677384867337,1.950677384867337e-05
2024-01-23,sse50,0.7500000000000001,0.643803220586209,3.306193523455643e-10,0.21681577924591555,0.6056536250818341,cvar,optimal,0.001909883904150794,0.04772045393152104,4.772045393152104e-05
2024-01-23,csi300,0.8500000000000001,0.8440479585965767,2.7553079555780703e-10,0.21681577924591555,0.6867151069823985,cvar,optimal,0.001909883904150794,0.04772045393152104,4.772045393152104e-05
2024-01-23,csi500,0.22500000000000003,0.3670434825513835,1.5500649192409453e-10,0.21681577924591555,0.6224316470133318,cvar,optimal,0.001909883904150794,0.04772045393152104,4.772045393152104e-05
2024-01-23,csi1000,0.2,0.37904236354008514,1.2583014693959357e-10,0.21681577924591555,0.46681576420344084,cvar,optimal,0.001909883904150794,0.04772045393152104,4.772045393152104e-05
2024-01-23,bond_gov,0.2875,0.22806463211200279,0.34999999976147467,0.21681577924591555,0.6021649413235804,cvar,optimal,0.001909883904150794,0.04772045393152104,4.772045393152104e-05
2024-01-23,bond_corp,0.36249999999999993,0.34268821070400096,0.34999999975407065,0.21681577924591555,0.6946727167223855,cvar,optimal,0.001909883904150794,0.04772045393152104,4.772045393152104e-05
2024-01-23,csi_cb,0.49999999999999994,0.4829084843812355,0.10801014541797342,0.21681577924591555,0.44666996772080236,cvar,optimal,0.001909883904150794,0.04772045393152104,4.772045393152104e-05
2024-01-23,crude_sc,0.975,0.9391532968624077,0.01317598255729434,0.21681577924591555,0.8,cvar,optimal,0.001909883904150794,0.04772045393152104,4.772045393152104e-05
2024-01-23,gold_au,0.575,0.584217422808875,0.11756699459447105,0.21681577924591555,0.5156677559494569,cvar,optimal,0.001909883904150794,0.04772045393152104,4.772045393152104e-05
2024-01-23,spx,0.7749999999999999,0.6890309278572236,0.061246877027729185,0.21681577924591555,0.5570176900666499,cvar,optimal,0.001909883904150794,0.04772045393152104,4.772045393152104e-05
2024-02-28,sse50,0.48750000000000004,0.533150243169201,2.848517229977026e-09,0.01113570748816698,0.5794113055135615,cvar,optimal,0.0016927111525431521,0.01660032408235001,1.660032408235001e-05
2024-02-28,csi300,0.48750000000000004,0.5952991462017336,1.8545258105728856e-09,0.01113570748816698,0.5445538596593061,cvar,optimal,0.0016927111525431521,0.01660032408235001,1.660032408235001e-05
2024-02-28,csi500,0.75,0.6379381176743986,7.651076160090607e-10,0.01113570748816698,0.3544457884630904,cvar,optimal,0.0016927111525431521,0.01660032408235001,1.660032408235001e-05
2024-02-28,csi1000,0.825,0.6923120066162649,4.2120370999081244e-10,0.01113570748816698,0.31393058586497663,cvar,optimal,0.0016927111525431521,0.01660032408235001,1.660032408235001e-05
2024-02-28,bond_gov,0.32499999999999996,0.30027861163640024,0.3499999983170183,0.01113570748816698,0.42565846658191897,cvar,optimal,0.0016927111525431521,0.01660032408235001,1.660032408235001e-05
2024-02-28,bond_corp,0.26249999999999996,0.28595721051093353,0.34999999877273424,0.01113570748816698,0.5862919584629677,cvar,optimal,0.0016927111525431521,0.01660032408235001,1.660032408235001e-05
2024-02-28,csi_cb,0.48750000000000004,0.48535976479426685,0.09829590110879532,0.01113570748816698,0.588336532603031,cvar,optimal,0.0016927111525431521,0.01660032408235001,1.660032408235001e-05
2024-02-28,crude_sc,0.5875,0.6891312761550673,0.008281396305885997,0.01113570748816698,0.7026175092802839,cvar,optimal,0.0016927111525431521,0.01660032408235001,1.660032408235001e-05
2024-02-28,gold_au,0.625,0.6109121452005333,0.13416731367445345,0.01113570748816698,0.48842873252189034,cvar,optimal,0.0016927111525431521,0.01660032408235001,1.660032408235001e-05
2024-02-28,spx,0.6625000000000001,0.6696614780412007,0.05925538593175837,0.01113570748816698,0.46248547708229715,cvar,optimal,0.0016927111525431521,0.01660032408235001,1.660032408235001e-05
2024-03-27,sse50,0.425,0.4646903168361105,5.22540731434e-10,0.5685752943489663,0.5813778286431454,cvar,optimal,0.0016379886958783154,0.010738013527472914,1.0738013527472914e-05
2024-03-27,csi300,0.2,0.3207693548034991,4.071231429309487e-10,0.5685752943489663,0.6576971733618275,cvar,optimal,0.0016379886958783154,0.010738013527472914,1.0738013527472914e-05
2024-03-27,csi500,0.3,0.40912917130058585,2.3411153202976745e-10,0.5685752943489663,0.7502908302209924,cvar,optimal,0.0016379886958783154,0.010738013527472914,1.0738013527472914e-05
2024-03-27,csi1000,0.325,0.4432069965810614,1.5752448046551043e-10,0.5685752943489663,0.46858883765827486,cvar,optimal,0.0016379886958783154,0.010738013527472914,1.0738013527472914e-05
2024-03-27,bond_gov,0.6625,0.5491100661818089,0.34999999956508754,0.5685752943489663,0.2331945154808295,cvar,optimal,0.0016379886958783154,0.010738013527472914,1.0738013527472914e-05
2024-03-27,bond_corp,0.7875,0.6226966836550318,0.34999999957360883,0.5685752943489663,0.5133510138258797,cvar,optimal,0.0016379886958783154,0.010738013527472914,1.0738013527472914e-05
2024-03-27,csi_cb,0.6249999999999999,0.5808358598352781,0.08996818709397494,0.5685752943489663,0.5100555895160779,cvar,optimal,0.0016379886958783154,0.010738013527472914,1.0738013527472914e-05
2024-03-27,crude_sc,0.55,0.590637152951134,0.01033590691527173,0.5685752943489663,0.4573293978843036,cvar,optimal,0.0016379886958783154,0.010738013527472914,1.0738013527472914e-05
2024-03-27,gold_au,0.95,0.839793813961138,0.13175701872985543,0.5685752943489663,0.7320495744963246,cvar,optimal,0.0016379886958783154,0.010738013527472914,1.0738013527472914e-05
2024-03-27,spx,0.6749999999999999,0.6791305838943524,0.06793888680090174,0.5685752943489663,0.5519247205024166,cvar,optimal,0.0016379886958783154,0.010738013527472914,1.0738013527472914e-05
2024-04-26,sse50,0.7125,0.6239030205035426,1.9904143174262848e-09,0.16120657065748276,0.5691918328847866,cvar,optimal,0.001685925508862821,0.03806744304873239,3.806744304873239e-05
2024-04-26,csi300,0.6125,0.503199500211377,9.168665277186193e-10,0.16120657065748276,0.6251712074353806,cvar,optimal,0.001685925508862821,0.03806744304873239,3.806744304873239e-05
2024-04-26,csi500,0.37500000000000006,0.39094788362626115,2.5236946137020127e-10,0.16120657065748276,0.7050918444070908,cvar,optimal,0.001685925508862821,0.03806744304873239,3.806744304873239e-05
2024-04-26,csi1000,0.275,0.3364188605705828,9.496697284996508e-11,0.16120657065748276,0.4378822833043994,cvar,optimal,0.001685925508862821,0.03806744304873239,3.806744304873239e-05
2024-04-26,bond_gov,0.2375,0.3463941061526239,0.34999999961811823,0.16120657065748276,0.7118022230529084,cvar,optimal,0.001685925508862821,0.03806744304873239,3.806744304873239e-05
2024-04-26,bond_corp,0.2875,0.4040878856943299,0.34999999959589506,0.16120657065748276,0.6331892749858591,cvar,optimal,0.001685925508862821,0.03806744304873239,3.806744304873239e-05
2024-04-26,csi_cb,0.7000000000000001,0.6630355898693824,0.10569618628759063,0.16120657065748276,0.3412756979085968,cvar,optimal,0.001685925508862821,0.03806744304873239,3.806744304873239e-05
2024-04-26,crude_sc,0.625,0.6037966986480271,0.001836328842793069,0.16120657065748276,0.5143607793700515,cvar,optimal,0.001685925508862821,0.03806744304873239,3.806744304873239e-05
2024-04-26,gold_au,0.7500000000000001,0.786277854223194,0.10218915381615919,0.16120657065748276,0.7052680008357124,cvar,optimal,0.001685925508862821,0.03806744304873239,3.806744304873239e-05
2024-04-26,spx,0.925,0.841938600500679,0.09027832858482661,0.16120657065748276,0.6842484720492974,cvar,optimal,0.001685925508862821,0.03806744304873239,3.806744304873239e-05
2024-05-29,sse50,0.6125,0.6200043558275822,0.00806594175907294,0.04042492705410186,0.5676439546551834,cvar,optimal,0.001772791463228413,0.013477716057979436,1.3477716057979436e-05
2024-05-29,csi300,0.6375000000000001,0.5974991056999301,6.848805213791768e-10,0.04042492705410186,0.5112689195867375,cvar,optimal,0.001772791463228413,0.013477716057979436,1.3477716057979436e-05
2024-05-29,csi500,0.43750000000000006,0.41276350899183406,8.638683725950469e-11,0.04042492705410186,0.6593920398662383,cvar,optimal,0.001772791463228413,0.013477716057979436,1.3477716057979436e-05
2024-05-29,csi1000,0.5125000000000001,0.44486894147728073,3.5479339716136303e-11,0.04042492705410186,0.683630136922845,cvar,optimal,0.001772791463228413,0.013477716057979436,1.3477716057979436e-05
2024-05-29,bond_gov,0.5875,0.5154849881916532,0.3499999998328335,0.04042492705410186,0.6070786305742819,cvar,optimal,0.001772791463228413,0.013477716057979436,1.3477716057979436e-05
2024-05-29,bond_corp,0.4625,0.4491214108156462,0.34999999985476554,0.04042492705410186,0.5925496857722243,cvar,optimal,0.001772791463228413,0.013477716057979436,1.3477716057979436e-05
2024-05-29,csi_cb,0.5375000000000001,0.580563372223488,0.10546508396163826,0.04042492705410186,0.5900388014369783,cvar,optimal,0.001772791463228413,0.013477716057979436,1.3477716057979436e-05
2024-05-29,crude_sc,0.6625000000000001,0.6452968271286845,0.007248104658528169,0.04042492705410186,0.5663992680648937,cvar,optimal,0.001772791463228413,0.013477716057979436,1.3477716057979436e-05
2024-05-29,gold_au,0.48750000000000004,0.5823416955463694,0.09801509946583682,0.04042492705410186,0.5296980713928803,cvar,optimal,0.001772791463228413,0.013477716057979436,1.3477716057979436e-05
2024-05-29,spx,0.5625,0.6520557940975317,0.08120576966057819,0.04042492705410186,0.6862200984231135,cvar,optimal,0.001772791463228413,0.013477716057979436,1.3477716057979436e-05
2024-06-27,sse50,0.425,0.49390355267702046,0.008075676379547245,0.3928690011187786,0.4191581821810793,cvar,optimal,0.0019342506830624735,0.011721012670755407,1.1721012670755407e-05
2024-06-27,csi300,0.275,0.39103887090313033,1.1857768515379246e-09,0.3928690011187786,0.5812323113928977,cvar,optimal,0.0019342506830624735,0.011721012670755407,1.1721012670755407e-05
2024-06-27,csi500,0.825,0.6939398470596001,2.438093992908044e-10,0.3928690011187786,0.4359718689187123,cvar,optimal,0.0019342506830624735,0.011721012670755407,1.1721012670755407e-05
2024-06-27,csi1000,0.8250000000000001,0.7045888124728121,1.2363153703480152e-10,0.3928690011187786,0.6532402531206517,cvar,optimal,0.0019342506830624735,0.011721012670755407,1.1721012670755407e-05
2024-06-27,bond_gov,0.1,0.23116506044335228,0.3499999996835219,0.3928690011187786,0.7586608635062422,cvar,optimal,0.0019342506830624735,0.011721012670755407,1.1721012670755407e-05
2024-06-27,bond_corp,0.475,0.457164894771786,0.349999999577761,0.3928690011187786,0.5753605792103439,cvar,optimal,0.0019342506830624735,0.011721012670755407,1.1721012670755407e-05
2024-06-27,csi_cb,0.49999999999999994,0.52499012882009,0.10528192787676474,0.3928690011187786,0.4411048229840736,cvar,optimal,0.0019342506830624735,0.011721012670755407,1.1721012670755407e-05
2024-06-27,crude_sc,0.925,0.8365979411586999,0.018959381962338064,0.3928690011187786,0.8,cvar,optimal,0.0019342506830624735,0.011721012670755407,1.1721012670755407e-05
2024-06-27,gold_au,0.47500000000000003,0.49971808136793344,0.08656120228248981,0.3928690011187786,0.5104301822739635,cvar,optimal,0.0019342506830624735,0.011721012670755407,1.1721012670755407e-05
2024-06-27,spx,0.6749999999999999,0.6668928103255757,0.08112181068435928,0.3928690011187786,0.674636042359244,cvar,optimal,0.0019342506830624735,0.011721012670755407,1.1721012670755407e-05
2024-07-25,sse50,0.47500000000000003,0.4750818833329195,0.008923452144506511,0.30095620643091475,0.5485859739046637,cvar,optimal,0.0020644545395581424,0.02139349080198936,2.1393490801989362e-05
2024-07-25,csi300,0.44999999999999996,0.42344070067732564,4.860587347944985e-09,0.30095620643091475,0.439059948800157,cvar,optimal,0.0020644545395581424,0.02139349080198936,2.1393490801989362e-05
2024-07-25,csi500,0.575,0.6248552302914567,1.447607698741781e-09,0.30095620643091475,0.5936408726494203,cvar,optimal,0.0020644545395581424,0.02139349080198936,2.1393490801989362e-05
2024-07-25,csi1000,0.95,0.8788060620879036,9.901681882092875e-10,0.30095620643091475,0.6323761992547671,cvar,optimal,0.0020644545395581424,0.02139349080198936,2.1393490801989362e-05
2024-07-25,bond_gov,0.1,0.14455275525650257,0.3499999986520193,0.30095620643091475,0.7756190630110821,cvar,optimal,0.0020644545395581424,0.02139349080198936,2.1393490801989362e-05
2024-07-25,bond_corp,0.675,0.6056424545971484,0.349999997868488,0.30095620643091475,0.3760023844422128,cvar,optimal,0.0020644545395581424,0.02139349080198936,2.1393490801989362e-05
2024-07-25,csi_cb,0.575,0.552846447371128,0.12582763716864948,0.30095620643091475,0.4086622835576354,cvar,optimal,0.0020644545395581424,0.02139349080198936,2.1393490801989362e-05
2024-07-25,crude_sc,0.475,0.6044941807535015,0.017276644762902447,0.30095620643091475,0.6702644312708822,cvar,optimal,0.0020644545395581424,0.02139349080198936,2.1393490801989362e-05
2024-07-25,gold_au,0.4,0.4267230659885134,0.07081968627903891,0.30095620643091475,0.3401730087761272,cvar,optimal,0.0020644545395581424,0.02139349080198936,2.1393490801989362e-05
2024-07-25,spx,0.8250000000000001,0.7635572196436012,0.07715257582603213,0.30095620643091475,0.5614408538345557,cvar,optimal,0.0020644545395581424,0.02139349080198936,2.1393490801989362e-05
2024-08-22,sse50,0.5249999999999999,0.5031249083876594,0.014556987247420352,0.21170414696962653,0.49866409945424167,cvar,optimal,0.0023300905982597537,0.032631808732382875,3.2631808732382874e-05
2024-08-22,csi300,0.6250000000000001,0.5484371793568084,6.213656744191626e-09,0.21170414696962653,0.3189905417846763,cvar,optimal,0.0023300905982597537,0.032631808732382875,3.2631808732382874e-05
2024-08-22,csi500,0.875,0.7956195057411948,1.9187082989147045e-09,0.21170414696962653,0.555484443739062,cvar,optimal,0.0023300905982597537,0.032631808732382875,3.2631808732382874e-05
2024-08-22,csi1000,0.8500000000000001,0.8725306151002655,1.0760159515182124e-09,0.21170414696962653,0.7008298945988728,cvar,optimal,0.0023300905982597537,0.032631808732382875,3.2631808732382874e-05
2024-08-22,bond_gov,0.5,0.36272294376690356,0.34999999781719127,0.21170414696962653,0.4919017574189082,cvar,optimal,0.0023300905982597537,0.032631808732382875,3.2631808732382874e-05
2024-08-22,bond_corp,0.27499999999999997,0.3934152179002826,0.34999999848107693,0.21170414696962653,0.6051706059166794,cvar,optimal,0.0023300905982597537,0.032631808732382875,3.2631808732382874e-05
2024-08-22,csi_cb,0.6749999999999999,0.6336075465669206,0.15180229738783277,0.21170414696962653,0.6425395821952921,cvar,optimal,0.0023300905982597537,0.032631808732382875,3.2631808732382874e-05
2024-08-22,crude_sc,0.30000000000000004,0.40249784835081076,1.1746651222959664e-08,0.21170414696962653,0.40022703398524284,cvar,optimal,0.0023300905982597537,0.032631808732382875,3.2631808732382874e-05
2024-08-22,gold_au,0.25,0.30855208546221635,0.055464511397735346,0.21170414696962653,0.6710069653290924,cvar,optimal,0.0023300905982597537,0.032631808732382875,3.2631808732382874e-05
2024-08-22,spx,0.625,0.6794921493669379,0.07817618671371124,0.21170414696962653,0.48159389722689155,cvar,optimal,0.0023300905982597537,0.032631808732382875,3.2631808732382874e-05
2024-09-23,sse50,0.6,0.5722548545712823,0.014557031638103778,0.01944754498673866,0.4621647394904321,cvar,optimal,0.002330090425477633,1.32471876482517e-07,1.32471876482517e-10
2024-09-23,csi300,1.0,0.8677181166615865,2.7921042533924096e-09,0.01944754498673866,0.7422612937043538,cvar,optimal,0.002330090425477633,1.32471876482517e-07,1.32471876482517e-10
2024-09-23,csi500,0.7750000000000001,0.7804902908574355,7.493864123136373e-10,0.01944754498673866,0.6846263809736225,cvar,optimal,0.002330090425477633,1.32471876482517e-07,1.32471876482517e-10
2024-09-23,csi1000,0.8500000000000001,0.8585917917402333,3.9903022856891846e-10,0.01944754498673866,0.6386652841210116,cvar,optimal,0.002330090425477633,1.32471876482517e-07,1.32471876482517e-10
2024-09-23,bond_gov,0.2125,0.2680216230137051,0.34999999939051757,0.01944754498673866,0.6931198639989057,cvar,optimal,0.002330090425477633,1.32471876482517e-07,1.32471876482517e-10
2024-09-23,bond_corp,0.2375,0.28359179174023313,0.3499999994217346,0.01944754498673866,0.6959940616710963,cvar,optimal,0.002330090425477633,1.32471876482517e-07,1.32471876482517e-10
2024-09-23,csi_cb,0.6124999999999999,0.623449249558601,0.1518022301478063,0.01944754498673866,0.47016159497701093,cvar,optimal,0.002330090425477633,1.32471876482517e-07,1.32471876482517e-10
2024-09-23,crude_sc,0.1625,0.2205259264028434,2.6418647620132587e-09,0.01944754498673866,0.7746635829565206,cvar,optimal,0.002330090425477633,1.32471876482517e-07,1.32471876482517e-10
2024-09-23,gold_au,0.42500000000000004,0.38317277197361377,0.055464596964944435,0.01944754498673866,0.6949963529721138,cvar,optimal,0.002330090425477633,1.32471876482517e-07,1.32471876482517e-10
2024-09-23,spx,0.625,0.6421835834804662,0.07817613585450778,0.01944754498673866,0.5939026946645217,cvar,optimal,0.002330090425477633,1.32471876482517e-07,1.32471876482517e-10
2024-10-28,sse50,0.5874999999999999,0.5857705069304523,7.233199074343897e-07,0.16371864169682748,0.6324139093377886,cvar,optimal,0.0026444325204198382,0.02277877937143611,2.277877937143611e-05
2024-10-28,csi300,0.575,0.6690657000747291,1.0998841578739305e-08,0.16371864169682748,0.5313823793672487,cvar,optimal,0.0026444325204198382,0.02277877937143611,2.277877937143611e-05
2024-10-28,csi500,0.43750000000000006,0.5401579339882444,2.7043962310402858e-09,0.16371864169682748,0.5830392396650459,cvar,optimal,0.0026444325204198382,0.02277877937143611,2.277877937143611e-05
2024-10-28,csi1000,0.7,0.7425019994851589,1.124663410268919e-09,0.16371864169682748,0.6610719097471639,cvar,optimal,0.0026444325204198382,0.02277877937143611,2.277877937143611e-05
2024-10-28,bond_gov,0.1,0.15208325066044986,0.3499999980785905,0.16371864169682748,0.7960749304452052,cvar,optimal,0.0026444325204198382,0.02277877937143611,2.277877937143611e-05
2024-10-28,bond_corp,0.975,0.7686674990446241,0.3499999980681556,0.16371864169682748,0.5876474682272955,cvar,optimal,0.0026444325204198382,0.02277877937143611,2.277877937143611e-05
2024-10-28,csi_cb,0.27499999999999997,0.3750222708082555,0.14357976176007256,0.16371864169682748,0.6926418738544023,cvar,optimal,0.0026444325204198382,0.02277877937143611,2.277877937143611e-05
2024-10-28,crude_sc,0.25,0.23487126529361615,8.960151521377207e-09,0.16371864169682748,0.7599014054210874,cvar,optimal,0.0026444325204198382,0.02277877937143611,2.277877937143611e-05
2024-10-28,gold_au,0.675,0.5918635726847875,0.06337499723824822,0.16371864169682748,0.3791025980090291,cvar,optimal,0.0026444325204198382,0.02277877937143611,2.277877937143611e-05
2024-10-28,spx,0.925,0.8399960010296822,0.093044497746973,0.16371864169682748,0.695313520636582,cvar,optimal,0.0026444325204198382,0.02277877937143611,2.277877937143611e-05
2024-11-25,sse50,0.22500000000000003,0.3454141065740747,0.0037127509288650156,0.022559278124230343,0.6679364465458563,cvar,optimal,0.002742086278413685,0.007916847976454297,7.916847976454297e-06
2024-11-25,csi300,0.21250000000000002,0.364069362878957,2.1765121972394798e-09,0.022559278124230343,0.4936666709216264,cvar,optimal,0.002742086278413685,0.007916847976454297,7.916847976454297e-06
2024-11-25,csi500,0.32499999999999996,0.3875675632523292,7.250321099172843e-10,0.022559278124230343,0.6155224122634686,cvar,optimal,0.002742086278413685,0.007916847976454297,7.916847976454297e-06
2024-11-25,csi1000,0.925,0.8621753861051061,4.4273260994583045e-10,0.022559278124230343,0.6516087648804175,cvar,optimal,0.002742086278413685,0.007916847976454297,7.916847976454297e-06
2024-11-25,bond_gov,0.4,0.3096251574088028,0.349999999053132,0.022559278124230343,0.5023755712291196,cvar,optimal,0.002742086278413685,0.007916847976454297,7.916847976454297e-06
2024-11-25,bond_corp,0.875,0.8522554216796898,0.34999999901907913,0.022559278124230343,0.67937272472814,cvar,optimal,0.002742086278413685,0.007916847976454297,7.916847976454297e-06
2024-11-25,csi_cb,0.35000000000000003,0.3507727315808624,0.1468956832268616,0.022559278124230343,0.6205716454738126,cvar,optimal,0.002742086278413685,0.007916847976454297,7.916847976454297e-06
2024-11-25,crude_sc,0.7499999999999999,0.578605091478083,3.802314276922004e-09,0.022559278124230343,0.643490632095097,cvar,optimal,0.002742086278413685,0.007916847976454297,7.916847976454297e-06
2024-11-25,gold_au,0.5874999999999999,0.5974556145952407,0.055458165903255516,0.022559278124230343,0.6382534004390071,cvar,optimal,0.002742086278413685,0.007916847976454297,7.916847976454297e-06
2024-11-25,spx,0.8500000000000001,0.8520595644468543,0.09393339472221571,0.022559278124230343,0.7471825378044737,cvar,optimal,0.002742086278413685,0.007916847976454297,7.916847976454297e-06
2024-12-23,sse50,0.32499999999999996,0.32486781791995084,0.008891033894824532,0.1495200585932547,0.7387748841342187,cvar,optimal,0.002749640992115269,0.013297216316688317,1.3297216316688317e-05
2024-12-23,csi300,0.23750000000000002,0.26310726596365647,4.22891608969199e-09,0.1495200585932547,0.5685290152339365,cvar,optimal,0.002749640992115269,0.013297216316688317,1.3297216316688317e-05
2024-12-23,csi500,0.17500000000000002,0.23708868014961892,1.4295773743840473e-09,0.1495200585932547,0.7654599349569509,cvar,optimal,0.002749640992115269,0.013297216316688317,1.3297216316688317e-05
2024-12-23,csi1000,0.6124999999999999,0.698528132057691,8.829636685700889e-10,0.1495200585932547,0.6226295749130992,cvar,optimal,0.002749640992115269,0.013297216316688317,1.3297216316688317e-05
2024-12-23,bond_gov,0.6499999999999999,0.5359090823550939,0.3499999980076335,0.1495200585932547,0.5786522547568121,cvar,optimal,0.002749640992115269,0.013297216316688317,1.3297216316688317e-05
2024-12-23,bond_corp,0.9,0.9008511031518385,0.3499999980270862,0.1495200585932547,0.7109296369337279,cvar,optimal,0.002749640992115269,0.013297216316688317,1.3297216316688317e-05
2024-12-23,csi_cb,0.45,0.4086075465669207,0.15491503756213262,0.1495200585932547,0.6372714047458904,cvar,optimal,0.002749640992115269,0.013297216316688317,1.3297216316688317e-05
2024-12-23,crude_sc,0.95,0.8342068760514172,6.1564479683883925e-09,0.1495200585932547,0.7065875531399529,cvar,optimal,0.002749640992115269,0.013297216316688317,1.3297216316688317e-05
2024-12-23,gold_au,0.6500000000000001,0.6368025142341848,0.055557739367399314,0.1495200585932547,0.37438833520156045,cvar,optimal,0.002749640992115269,0.013297216316688317,1.3297216316688317e-05
2024-12-23,spx,0.55,0.6600309815496275,0.08063618044301876,0.1495200585932547,0.39600630876121184,cvar,optimal,0.002749640992115269,0.013297216316688317,1.3297216316688317e-05
2025-01-21,sse50,0.2125,0.24101771805592012,0.0013539583622177481,0.1795060490376994,0.7321851881202265,cvar,optimal,0.002756384929648276,0.007537080410558342,7.537080410558342e-06
2025-01-21,csi300,0.3125,0.2850388837212511,5.983474151965858e-09,0.1795060490376994,0.5093264989125373,cvar,optimal,0.002756384929648276,0.007537080410558342,7.537080410558342e-06
2025-01-21,csi500,0.5125,0.41312071161892694,2.07668787491694e-09,0.1795060490376994,0.5992292332394857,cvar,optimal,0.002756384929648276,0.007537080410558342,7.537080410558342e-06
2025-01-21,csi1000,0.5875,0.6246900331365781,1.3236273135946593e-09,0.1795060490376994,0.3787922082762923,cvar,optimal,0.002756384929648276,0.007537080410558342,7.537080410558342e-06
2025-01-21,bond_gov,0.775,0.7100285086835952,0.34999999515827357,0.1795060490376994,0.3381392494635754,cvar,optimal,0.002756384929648276,0.007537080410558342,7.537080410558342e-06
2025-01-21,bond_corp,0.7500000000000001,0.7980091654508417,0.3499999959984945,0.1795060490376994,0.5875984863661475,cvar,optimal,0.002756384929648276,0.007537080410558342,7.537080410558342e-06
2025-01-21,csi_cb,0.5249999999999999,0.49062581661459465,0.15819323634099253,0.1795060490376994,0.5267509502328176,cvar,optimal,0.002756384929648276,0.007537080410558342,7.537080410558342e-06
2025-01-21,crude_sc,0.6500000000000001,0.7321921966883704,8.418890438746325e-09,0.1795060490376994,0.4730816954540175,cvar,optimal,0.002756384929648276,0.007537080410558342,7.537080410558342e-06
2025-01-21,gold_au,0.7250000000000001,0.694082350167923,0.05808614194775272,0.1795060490376994,0.5610667858298397,cvar,optimal,0.002756384929648276,0.007537080410558342,7.537080410558342e-06
2025-01-21,spx,0.44999999999999996,0.5111946158619989,0.08236665438958908,0.1795060490376994,0.39129734220631346,cvar,optimal,0.002756384929648276,0.007537080410558342,7.537080410558342e-06
2025-02-26,sse50,0.1,0.14019097165719993,0.010240398572963855,0.23361925084455476,0.8,cvar,optimal,0.0026840364058830415,0.01553263124424815,1.553263124424815e-05
2025-02-26,csi300,0.55,0.4774204907969332,6.3767172491730814e-09,0.23361925084455476,0.5689252828743522,cvar,optimal,0.0026840364058830415,0.01553263124424815,1.553263124424815e-05
2025-02-26,csi500,0.4875,0.4690640323245339,2.1863835154102866e-09,0.23361925084455476,0.615391925764077,cvar,optimal,0.0026840364058830415,0.01553263124424815,1.553263124424815e-05
2025-02-26,csi1000,0.6,0.5983654359353332,1.1856605202690182e-09,0.23361925084455476,0.4653268856130097,cvar,optimal,0.0026840364058830415,0.01553263124424815,1.553263124424815e-05
2025-02-26,bond_gov,0.425,0.5141779854202673,0.34999999727785297,0.23361925084455476,0.5400142611253752,cvar,optimal,0.0026840364058830415,0.01553263124424815,1.553263124424815e-05
2025-02-26,bond_corp,0.525,0.5997197444088,0.3499999974797007,0.23361925084455476,0.5389194426643222,cvar,optimal,0.0026840364058830415,0.01553263124424815,1.553263124424815e-05
2025-02-26,csi_cb,0.4875,0.4924036921940001,0.16483941059412455,0.23361925084455476,0.6068458322031447,cvar,optimal,0.0026840364058830415,0.01553263124424815,1.553263124424815e-05
2025-02-26,crude_sc,0.95,0.8881216668255991,2.1095536205842162e-08,0.23361925084455476,0.7383670338389372,cvar,optimal,0.0026840364058830415,0.01553263124424815,1.553263124424815e-05
2025-02-26,gold_au,0.45,0.5218210024914672,0.04832352518515668,0.23361925084455476,0.5564847733746942,cvar,optimal,0.0026840364058830415,0.01553263124424815,1.553263124424815e-05
2025-02-26,spx,0.925,0.7987149779458659,0.0765966400459038,0.23361925084455476,0.7323388605626108,cvar,optimal,0.0026840364058830415,0.01553263124424815,1.553263124424815e-05
2025-03-26,sse50,0.17500000000000002,0.15864038770165612,0.014463477832445734,0.306480702994571,0.7173348292749389,cvar,optimal,0.002708655705287281,0.00835607062618372,8.35607062618372e-06
2025-03-26,csi300,0.35000000000000003,0.3981970900916348,1.4250496084773126e-10,0.306480702994571,0.43591392349328445,cvar,optimal,0.002708655705287281,0.00835607062618372,8.35607062618372e-06
2025-03-26,csi500,0.3875,0.42211289682673464,5.417988580956918e-11,0.306480702994571,0.5635486179622033,cvar,optimal,0.002708655705287281,0.00835607062618372,8.35607062618372e-06
2025-03-26,csi1000,0.5625,0.5738798262564077,3.808265187754199e-11,0.306480702994571,0.4207892034915765,cvar,optimal,0.002708655705287281,0.00835607062618372,8.35607062618372e-06
2025-03-26,bond_gov,0.75,0.6690511406558641,0.349999999904777,0.306480702994571,0.44778928802713236,cvar,optimal,0.002708655705287281,0.00835607062618372,8.35607062618372e-06
2025-03-26,bond_corp,0.6,0.5918690108345478,0.3499999999014789,0.306480702994571,0.5777297310454403,cvar,optimal,0.002708655705287281,0.00835607062618372,8.35607062618372e-06
2025-03-26,csi_cb,0.5499999999999999,0.5322526781849342,0.1587700936716339,0.306480702994571,0.35165158482587316,cvar,optimal,0.002708655705287281,0.00835607062618372,8.35607062618372e-06
2025-03-26,crude_sc,0.7750000000000001,0.8104295543185054,2.038097709113041e-09,0.306480702994571,0.7004441970571762,cvar,optimal,0.002708655705287281,0.00835607062618372,8.35607062618372e-06
2025-03-26,gold_au,0.35,0.40289872601093857,0.052456511503156195,0.306480702994571,0.6304080696227671,cvar,optimal,0.002708655705287281,0.00835607062618372,8.35607062618372e-06
2025-03-26,spx,1.0,0.940668689118777,0.07430991491364293,0.306480702994571,0.8,cvar,optimal,0.002708655705287281,0.00835607062618372,8.35607062618372e-06
2025-04-24,sse50,0.65,0.4837607825753194,0.008728545006226688,0.9918144975413733,0.49740932579158526,cvar,optimal,0.003541038549843318,0.020133423450538708,2.0133423450538707e-05
2025-04-24,csi300,0.65,0.5678078033116296,5.980193023096829e-09,0.9918144975413733,0.4750229049555902,cvar,optimal,0.003541038549843318,0.020133423450538708,2.0133423450538707e-05
2025-04-24,csi500,0.65,0.5711687607910196,2.233155703751944e-09,0.9918144975413733,0.43259296892041366,cvar,optimal,0.003541038549843318,0.020133423450538708,2.0133423450538707e-05
2025-04-24,csi1000,0.65,0.6241069795473763,1.2058322699586804e-09,0.9918144975413733,0.46841208664807127,cvar,optimal,0.003541038549843318,0.020133423450538708,2.0133423450538707e-05
2025-04-24,bond_gov,0.32499999999999996,0.43759835247149337,0.3499999978665454,0.9918144975413733,0.400910545639963,cvar,optimal,0.003541038549843318,0.020133423450538708,2.0133423450538707e-05
2025-04-24,bond_corp,0.32499999999999996,0.41032838834062085,0.3499999977878403,0.9918144975413733,0.3257533264935679,cvar,optimal,0.003541038549843318,0.020133423450538708,2.0133423450538707e-05
2025-04-24,csi_cb,0.38750000000000007,0.43624542532693505,0.1702402443324869,0.9918144975413733,0.6343699431074101,cvar,optimal,0.003541038549843318,0.020133423450538708,2.0133423450538707e-05
2025-04-24,crude_sc,0.47500000000000003,0.5917575322216521,6.3380356387437155e-09,0.9918144975413733,0.5046497741702856,cvar,optimal,0.003541038549843318,0.020133423450538708,2.0133423450538707e-05
2025-04-24,gold_au,0.55,0.49213272793812807,0.06111977080849048,0.9918144975413733,0.3825159453285283,cvar,optimal,0.003541038549843318,0.020133423450538708,2.0133423450538707e-05
2025-04-24,spx,0.8375,0.8850932474758257,0.05991142844119348,0.9918144975413733,0.5491238061771478,cvar,optimal,0.003541038549843318,0.020133423450538708,2.0133423450538707e-05
2025-05-27,sse50,0.7250000000000001,0.6636567864930268,0.00345380240499012,0.18945884717092254,0.5779096737813412,cvar,optimal,0.003579162454229266,0.02116955805033508,2.1169558050335082e-05
2025-05-27,csi300,0.8250000000000001,0.7475505187027126,7.390014776304472e-10,0.18945884717092254,0.7282904898338819,cvar,optimal,0.003579162454229266,0.02116955805033508,2.1169558050335082e-05
2025-05-27,csi500,0.9125,0.811561915991462,2.674304192463575e-10,0.18945884717092254,0.6158906755230269,cvar,optimal,0.003579162454229266,0.02116955805033508,2.1169558050335082e-05
2025-05-27,csi1000,0.3,0.39903312349079995,1.4789898497606414e-10,0.18945884717092254,0.7216107925365511,cvar,optimal,0.003579162454229266,0.02116955805033508,2.1169558050335082e-05
2025-05-27,bond_gov,0.36250000000000004,0.3856627472919691,0.3499999996995419,0.18945884717092254,0.6102528310737783,cvar,optimal,0.003579162454229266,0.02116955805033508,2.1169558050335082e-05
2025-05-27,bond_corp,0.4375,0.4257288395431438,0.3499999996923289,0.18945884717092254,0.6487573002120067,cvar,optimal,0.003579162454229266,0.02116955805033508,2.1169558050335082e-05
2025-05-27,csi_cb,0.7625000000000001,0.6619796658845204,0.18785032219946962,0.18945884717092254,0.6082693120400694,cvar,optimal,0.003579162454229266,0.02116955805033508,2.1169558050335082e-05
2025-05-27,crude_sc,0.7,0.6561428285030968,6.972316215195053e-10,0.18945884717092254,0.4848332041455307,cvar,optimal,0.003579162454229266,0.02116955805033508,2.1169558050335082e-05
2025-05-27,gold_au,0.2,0.28989144072836415,0.04522496926504618,0.18945884717092254,0.8,cvar,optimal,0.003579162454229266,0.02116955805033508,2.1169558050335082e-05
2025-05-27,spx,0.275,0.45879213337090463,0.06347090488706084,0.18945884717092254,0.4120058318105922,cvar,optimal,0.003579162454229266,0.02116955805033508,2.1169558050335082e-05
2025-06-25,sse50,0.3875,0.4914674357828832,3.967305306169276e-09,0.3917505578031759,0.5509778104796217,cvar,optimal,0.003488417784749579,0.01563979815908978,1.563979815908978e-05
2025-06-25,csi300,0.47500000000000003,0.5751703302862647,5.390473969849192e-10,0.3917505578031759,0.6023827016671861,cvar,optimal,0.003488417784749579,0.01563979815908978,1.563979815908978e-05
2025-06-25,csi500,0.3875,0.537755495429397,2.220179756248451e-10,0.3917505578031759,0.4692580992169162,cvar,optimal,0.003488417784749579,0.01563979815908978,1.563979815908978e-05
2025-06-25,csi1000,0.3875,0.3865478339174518,1.296874712348199e-10,0.3917505578031759,0.6048969366229711,cvar,optimal,0.003488417784749579,0.01563979815908978,1.563979815908978e-05
2025-06-25,bond_gov,0.875,0.7052148821831973,0.3499999997605864,0.3917505578031759,0.6740586548683516,cvar,optimal,0.003488417784749579,0.01563979815908978,1.563979815908978e-05
2025-06-25,bond_corp,0.875,0.7237301060418028,0.3499999997526179,0.3917505578031759,0.6757440559193811,cvar,optimal,0.003488417784749579,0.01563979815908978,1.563979815908978e-05
2025-06-25,csi_cb,0.47500000000000003,0.5390920486516019,0.17895641222608638,0.3917505578031759,0.5479777861697184,cvar,optimal,0.003488417784749579,0.01563979815908978,1.563979815908978e-05
2025-06-25,crude_sc,0.95,0.8509178595223618,1.1914878148157812e-09,0.3917505578031759,0.7308301241346413,cvar,optimal,0.003488417784749579,0.01563979815908978,1.563979815908978e-05
2025-06-25,gold_au,0.4375,0.38771799853215033,0.06086476680854619,0.3917505578031759,0.6906273084727993,cvar,optimal,0.003488417784749579,0.01563979815908978,1.563979815908978e-05
2025-06-25,spx,0.25,0.30238600965288936,0.06017881540261707,0.3917505578031759,0.5315973469727608,cvar,optimal,0.003488417784749579,0.01563979815908978,1.563979815908978e-05
2025-07-23,sse50,0.37500000000000006,0.4101076631190126,7.147890844420514e-10,0.06805099366273795,0.6111193718693633,cvar,optimal,0.0033613657927059584,0.004421556188376934,4.421556188376934e-06
2025-07-23,csi300,0.37500000000000006,0.4410941770489598,2.403694720243309e-10,0.06805099366273795,0.5842833965311535,cvar,optimal,0.0033613657927059584,0.004421556188376934,4.421556188376934e-06
2025-07-23,csi500,0.37500000000000006,0.4272433382176674,1.2438628511757855e-10,0.06805099366273795,0.5838777799141693,cvar,optimal,0.0033613657927059584,0.004421556188376934,4.421556188376934e-06
2025-07-23,csi1000,0.37500000000000006,0.37126679956206166,8.011351315662781e-11,0.06805099366273795,0.6468243493455039,cvar,optimal,0.0033613657927059584,0.004421556188376934,4.421556188376934e-06
2025-07-23,bond_gov,0.8624999999999999,0.8199259360051107,0.3499999998588532,0.06805099366273795,0.7743264464401763,cvar,optimal,0.0033613657927059584,0.004421556188376934,4.421556188376934e-06
2025-07-23,bond_corp,0.8875,0.8432533101617049,0.3499999998516333,0.06805099366273795,0.7734859899176139,cvar,optimal,0.0033613657927059584,0.004421556188376934,4.421556188376934e-06
2025-07-23,csi_cb,0.7124999999999999,0.6577691909306945,0.18337796821718116,0.06805099366273795,0.4392742774439729,cvar,optimal,0.0033613657927059584,0.004421556188376934,4.421556188376934e-06
2025-07-23,crude_sc,0.275,0.4823786220392208,3.0244436274496715e-10,0.06805099366273795,0.322043616175777,cvar,optimal,0.0033613657927059584,0.004421556188376934,4.421556188376934e-06
2025-07-23,gold_au,0.8125,0.6628913732986889,0.059437153193032645,0.06805099366273795,0.6523721387993542,cvar,optimal,0.0033613657927059584,0.004421556188376934,4.421556188376934e-06
2025-07-23,spx,0.45000000000000007,0.3840695896168793,0.05718487741719702,0.06805099366273795,0.5969508064737182,cvar,optimal,0.0033613657927059584,0.004421556188376934,4.421556188376934e-06
2025-08-20,sse50,0.5750000000000001,0.5075403367792527,2.6742168511584968e-09,0.03742842078468767,0.6132295993765929,cvar,optimal,0.003101946275267055,0.011231161276688693,1.1231161276688693e-05
2025-08-20,csi300,0.5750000000000001,0.5157923910498587,1.210793505320095e-09,0.03742842078468767,0.5935340705672679,cvar,optimal,0.003101946275267055,0.011231161276688693,1.1231161276688693e-05
2025-08-20,csi500,0.4625,0.43364950884481107,7.199352625887719e-10,0.03742842078468767,0.5986765725259215,cvar,optimal,0.003101946275267055,0.011231161276688693,1.1231161276688693e-05
2025-08-20,csi1000,0.4625,0.43364950884481107,5.025238294938246e-10,0.03742842078468767,0.6183122203893507,cvar,optimal,0.003101946275267055,0.011231161276688693,1.1231161276688693e-05
2025-08-20,bond_gov,0.5750000000000001,0.674846749063339,0.3499999990300883,0.03742842078468767,0.7622661287378072,cvar,optimal,0.003101946275267055,0.011231161276688693,1.1231161276688693e-05
2025-08-20,bond_corp,0.5750000000000001,0.6810688352863058,0.34999999893888745,0.03742842078468767,0.8,cvar,optimal,0.003101946275267055,0.011231161276688693,1.1231161276688693e-05
2025-08-20,csi_cb,0.4625,0.5258997271254688,0.17214680868200322,0.03742842078468767,0.45109712334249236,cvar,optimal,0.003101946275267055,0.011231161276688693,1.1231161276688693e-05
2025-08-20,crude_sc,0.5750000000000001,0.5357009121984242,2.2520017154229023e-09,0.03742842078468767,0.596491142093974,cvar,optimal,0.003101946275267055,0.011231161276688693,1.1231161276688693e-05
2025-08-20,gold_au,0.5750000000000001,0.6211423052643752,0.059776288210383936,0.03742842078468767,0.6957121266574864,cvar,optimal,0.003101946275267055,0.011231161276688693,1.1231161276688693e-05
2025-08-20,spx,0.6625000000000001,0.5707097255433538,0.06807689777916595,0.03742842078468767,0.49739798058269896,cvar,optimal,0.003101946275267055,0.011231161276688693,1.1231161276688693e-05
2025-09-17,sse50,0.6625,0.6136088056161964,1.194009933060704e-08,0.06583895063467113,0.4886996393439872,cvar,optimal,0.0033294558109278434,0.014353194208875455,1.4353194208875455e-05
2025-09-17,csi300,0.7125,0.6464491735870593,5.133318427365565e-10,0.06583895063467113,0.5929365352938183,cvar,optimal,0.0033294558109278434,0.014353194208875455,1.4353194208875455e-05
2025-09-17,csi500,0.6375,0.5691892336274142,2.2498070769741653e-10,0.06583895063467113,0.4110776244501213,cvar,optimal,0.0033294558109278434,0.014353194208875455,1.4353194208875455e-05
2025-09-17,csi1000,0.6875,0.6020296015982772,1.5350961361908247e-10,0.06583895063467113,0.5153000557589651,cvar,optimal,0.0033294558109278434,0.014353194208875455,1.4353194208875455e-05
2025-09-17,bond_gov,0.2375,0.3804414088000949,0.3499999998468262,0.06583895063467113,0.7347060647582401,cvar,optimal,0.0033294558109278434,0.014353194208875455,1.4353194208875455e-05
2025-09-17,bond_corp,0.3875,0.48132024250428557,0.34999999984328284,0.06583895063467113,0.44816787998699287,cvar,optimal,0.0033294558109278434,0.014353194208875455,1.4353194208875455e-05
2025-09-17,csi_cb,0.1,0.24798463012726094,0.15779361754035895,0.06583895063467113,0.8,cvar,optimal,0.0033294558109278434,0.014353194208875455,1.4353194208875455e-05
2025-09-17,crude_sc,0.7875,0.6862788063769468,7.262009038760799e-10,0.06583895063467113,0.6243505690549869,cvar,optimal,0.0033294558109278434,0.014353194208875455,1.4353194208875455e-05
2025-09-17,gold_au,0.7375,0.704129628925521,0.06726498359239351,0.06583895063467113,0.6614784155725013,cvar,optimal,0.0033294558109278434,0.014353194208875455,1.4353194208875455e-05
2025-09-17,spx,0.55,0.5685684688369438,0.074941385619016,0.06583895063467113,0.38977027075490506,cvar,optimal,0.0033294558109278434,0.014353194208875455,1.4353194208875455e-05
2025-10-23,sse50,0.6625,0.6556793039110607,0.009476740180134438,0.06058231183682452,0.29801455139869015,cvar,optimal,0.003213634435664134,0.07188778078449692,7.188778078449692e-05
2025-10-23,csi300,0.7625,0.7375985512993207,1.5678245371098612e-09,0.06058231183682452,0.5445711684716712,cvar,optimal,0.003213634435664134,0.07188778078449692,7.188778078449692e-05
2025-10-23,csi500,0.825,0.7581715628615379,7.368846220564211e-10,0.06058231183682452,0.6399636204613717,cvar,optimal,0.003213634435664134,0.07188778078449692,7.188778078449692e-05
2025-10-23,csi1000,0.6000000000000001,0.607281688181476,4.994870297949518e-10,0.06058231183682452,0.5274877690641739,cvar,optimal,0.003213634435664134,0.07188778078449692,7.188778078449692e-05
2025-10-23,bond_gov,0.1875,0.22799161118968342,0.34999999941449766,0.06058231183682452,0.7940000176925652,cvar,optimal,0.003213634435664134,0.07188778078449692,7.188778078449692e-05
2025-10-23,bond_corp,0.3375,0.3662989893229303,0.34999999938532234,0.06058231183682452,0.4265918939823507,cvar,optimal,0.003213634435664134,0.07188778078449692,7.188778078449692e-05
2025-10-23,csi_cb,0.7625,0.6028296106505917,0.20618346370827223,0.06058231183682452,0.4758353123610313,cvar,optimal,0.003213634435664134,0.07188778078449692,7.188778078449692e-05
2025-10-23,crude_sc,0.6625000000000001,0.6813934823291555,0.014021205190375452,0.06058231183682452,0.47659434024555736,cvar,optimal,0.003213634435664134,0.07188778078449692,7.188778078449692e-05
2025-10-23,gold_au,0.42500000000000004,0.50097806791199,0.029508108148577718,0.06058231183682452,0.6177914351024965,cvar,optimal,0.003213634435664134,0.07188778078449692,7.188778078449692e-05
2025-10-23,spx,0.27499999999999997,0.36177713234225395,0.040810481168624,0.06058231183682452,0.7353021029569055,cvar,optimal,0.003213634435664134,0.07188778078449692,7.188778078449692e-05
2025-11-20,sse50,0.2375,0.37683333411033554,0.0012972479061748026,0.08710277351550108,0.6202615300264511,cvar,optimal,0.0032665496023420223,0.009375192860891212,9.375192860891212e-06
2025-11-20,csi300,0.1875,0.372352639135966,7.149087015793894e-10,0.08710277351550108,0.7244458978825055,cvar,optimal,0.0032665496023420223,0.009375192860891212,9.375192860891212e-06
2025-11-20,csi500,0.6375,0.6852562166899362,3.7513538482320656e-10,0.08710277351550108,0.49890672186572843,cvar,optimal,0.0032665496023420223,0.009375192860891212,9.375192860891212e-06
2025-11-20,csi1000,0.5875,0.5979980794530106,2.946155121684516e-10,0.08710277351550108,0.3259160326912667,cvar,optimal,0.0032665496023420223,0.009375192860891212,9.375192860891212e-06
2025-11-20,bond_gov,0.44999999999999996,0.3675983418275159,0.3499999996500319,0.08710277351550108,0.6777252473396578,cvar,optimal,0.0032665496023420223,0.009375192860891212,9.375192860891212e-06
2025-11-20,bond_corp,0.44999999999999996,0.41677481268998723,0.3499999996271512,0.08710277351550108,0.6138561222385757,cvar,optimal,0.0032665496023420223,0.009375192860891212,9.375192860891212e-06
2025-11-20,csi_cb,0.75,0.705640591900399,0.21227852556239635,0.08710277351550108,0.7038122708211305,cvar,optimal,0.0032665496023420223,0.009375192860891212,9.375192860891212e-06
2025-11-20,crude_sc,0.75,0.730456639922327,0.012825506022980453,0.08710277351550108,0.7730317626108261,cvar,optimal,0.0032665496023420223,0.009375192860891212,9.375192860891212e-06
2025-11-20,gold_au,0.6375,0.5906906194250872,0.030542975760012626,0.08710277351550108,0.4292458407209111,cvar,optimal,0.0032665496023420223,0.009375192860891212,9.375192860891212e-06
2025-11-20,spx,0.8125,0.6563987248454353,0.043055744086593024,0.08710277351550108,0.5899780944148876,cvar,optimal,0.0032665496023420223,0.009375192860891212,9.375192860891212e-06
2025-12-18,sse50,0.6,0.5156740742459857,2.5949452480310824e-09,0.531778334129232,0.6106915534876735,cvar,optimal,0.003205223194356336,0.03151294566459568,3.1512945664595675e-05
2025-12-18,csi300,0.5249999999999999,0.4634002690101644,2.4681128062417484e-10,0.531778334129232,0.5211284169575829,cvar,optimal,0.003205223194356336,0.03151294566459568,3.1512945664595675e-05
2025-12-18,csi500,0.49999999999999994,0.5648719615171398,1.1144861790447458e-10,0.531778334129232,0.4874122973847953,cvar,optimal,0.003205223194356336,0.03151294566459568,3.1512945664595675e-05
2025-12-18,csi1000,0.625,0.613309140873948,9.115386820321621e-11,0.531778334129232,0.6064008998730953,cvar,optimal,0.003205223194356336,0.03151294566459568,3.1512945664595675e-05
2025-12-18,bond_gov,0.13749999999999998,0.21999153737028848,0.3499999998935461,0.531778334129232,0.8,cvar,optimal,0.003205223194356336,0.03151294566459568,3.1512945664595675e-05
2025-12-18,bond_corp,0.2375,0.2998186520616247,0.3499999998806193,0.531778334129232,0.6094286569472744,cvar,optimal,0.003205223194356336,0.03151294566459568,3.1512945664595675e-05
2025-12-18,csi_cb,0.5499999999999999,0.6198173930123491,0.19488833176145842,0.531778334129232,0.5164901963241925,cvar,optimal,0.003205223194356336,0.03151294566459568,3.1512945664595675e-05
2025-12-18,crude_sc,0.6749999999999999,0.6924873937730995,4.0579809765648043e-10,0.531778334129232,0.5737920137509683,cvar,optimal,0.003205223194356336,0.03151294566459568,3.1512945664595675e-05
2025-12-18,gold_au,0.6499999999999999,0.625669388764101,0.049423956533186354,0.531778334129232,0.555940032414012,cvar,optimal,0.003205223194356336,0.03151294566459568,3.1512945664595675e-05
2025-12-18,spx,1.0,0.8849601893712988,0.05568770848103275,0.531778334129232,0.8,cvar,optimal,0.003205223194356336,0.03151294566459568,3.1512945664595675e-05
2026-01-19,sse50,0.475,0.4829368375393233,7.309532005466005e-08,0.20281873481953935,0.5433546059520354,cvar,optimal,0.0032052219488144665,8.584309932998148e-06,8.584309932998148e-09
2026-01-19,csi300,0.5,0.47881911939624683,5.087939910493107e-09,0.20281873481953935,0.6142938890998078,cvar,optimal,0.0032052219488144665,8.584309932998148e-06,8.584309932998148e-09
2026-01-19,csi500,0.125,0.2540599614358262,2.052532539116701e-09,0.20281873481953935,0.719990309082062,cvar,optimal,0.0032052219488144665,8.584309932998148e-06,8.584309932998148e-09
2026-01-19,csi1000,0.55,0.5702273276560138,1.7020669354411034e-09,0.20281873481953935,0.5544425113952447,cvar,optimal,0.0032052219488144665,8.584309932998148e-06,8.584309932998148e-09
2026-01-19,bond_gov,0.2125,0.21590009962962745,0.3499999979439948,0.20281873481953935,0.741894917360365,cvar,optimal,0.0032052219488144665,8.584309932998148e-06,8.584309932998148e-09
2026-01-19,bond_corp,0.3375,0.3244918913698606,0.34999999789518144,0.20281873481953935,0.571248068799806,cvar,optimal,0.0032052219488144665,8.584309932998148e-06,8.584309932998148e-09
2026-01-19,csi_cb,0.7124999999999999,0.6788768761034971,0.19489682882293818,0.20281873481953935,0.4136851401506461,cvar,optimal,0.0032052219488144665,8.584309932998148e-06,8.584309932998148e-09
2026-01-19,crude_sc,1.0,0.9048304290512366,8.760750960733832e-09,0.20281873481953935,0.8,cvar,optimal,0.0032052219488144665,8.584309932998148e-06,8.584309932998148e-09
2026-01-19,gold_au,0.8374999999999999,0.777802902135968,0.04942326864967958,0.20281873481953935,0.742379415403763,cvar,optimal,0.0032052219488144665,8.584309932998148e-06,8.584309932998148e-09
2026-01-19,spx,0.7499999999999999,0.8120545556823998,0.055679815989595746,0.20281873481953935,0.7059950425922574,cvar,optimal,0.0032052219488144665,8.584309932998148e-06,8.584309932998148e-09
2026-02-24,sse50,0.6,0.5740237028522076,0.036806972781256685,0.47336682481887155,0.5881253283660286,cvar,optimal,0.0038830001129780837,0.04942327243519691,4.942327243519691e-05
2026-02-24,csi300,0.625,0.5921685169363876,2.477823886915936e-09,0.47336682481887155,0.5619724912103975,cvar,optimal,0.0038830001129780837,0.04942327243519691,4.942327243519691e-05
2026-02-24,csi500,0.2625,0.2502071396875006,6.897977258211974e-10,0.47336682481887155,0.774273147507301,cvar,optimal,0.0038830001129780837,0.04942327243519691,4.942327243519691e-05
2026-02-24,csi1000,0.3875,0.43755025284220234,5.862575570202596e-10,0.47336682481887155,0.4552084480381113,cvar,optimal,0.0038830001129780837,0.04942327243519691,4.942327243519691e-05
2026-02-24,bond_gov,0.32500000000000007,0.2887678589748246,0.34999999940455395,0.47336682481887155,0.678840779714062,cvar,optimal,0.0038830001129780837,0.04942327243519691,4.942327243519691e-05
2026-02-24,bond_corp,0.7000000000000001,0.592963503410735,0.34999999935319187,0.47336682481887155,0.44676228526033085,cvar,optimal,0.0038830001129780837,0.04942327243519691,4.942327243519691e-05
2026-02-24,csi_cb,0.7625,0.7375422110697657,0.1959064118193988,0.47336682481887155,0.3333205267355809,cvar,optimal,0.0038830001129780837,0.04942327243519691,4.942327243519691e-05
2026-02-24,crude_sc,0.9374999999999999,0.932493285544869,0.0068382033413570764,0.47336682481887155,0.8,cvar,optimal,0.0038830001129780837,0.04942327243519691,4.942327243519691e-05
2026-02-24,gold_au,0.2,0.3633274520749307,1.3031428058163513e-09,0.47336682481887155,0.5553034755928478,cvar,optimal,0.0038830001129780837,0.04942327243519691,4.942327243519691e-05
2026-02-24,spx,0.7,0.7309560766065765,0.0604484082432196,0.47336682481887155,0.535313724580671,cvar,optimal,0.0038830001129780837,0.04942327243519691,4.942327243519691e-05
2026-03-24,sse50,0.39999999999999997,0.4564257132245265,0.05392346094952179,0.057345677587406885,0.46325424746584526,cvar,optimal,0.0041171836984100225,0.041207640737401324,4.120764073740133e-05
2026-03-24,csi300,0.35,0.4310139486557622,2.1702147335723005e-09,0.057345677587406885,0.5782000857051279,cvar,optimal,0.0041171836984100225,0.041207640737401324,4.120764073740133e-05
2026-03-24,csi500,0.26249999999999996,0.25244279394868785,3.77265032498369e-10,0.057345677587406885,0.7452076546272617,cvar,optimal,0.0041171836984100225,0.041207640737401324,4.120764073740133e-05
2026-03-24,csi1000,0.26249999999999996,0.31536618135512534,3.4336841844202865e-10,0.057345677587406885,0.709033139685668,cvar,optimal,0.0041171836984100225,0.041207640737401324,4.120764073740133e-05
2026-03-24,bond_gov,0.725,0.5856341212338514,0.3499999997350188,0.057345677587406885,0.42960098304650646,cvar,optimal,0.0041171836984100225,0.041207640737401324,4.120764073740133e-05
2026-03-24,bond_corp,0.725,0.6902894692058258,0.34999999973243573,0.057345677587406885,0.4492370336561607,cvar,optimal,0.0041171836984100225,0.041207640737401324,4.120764073740133e-05
2026-03-24,csi_cb,0.8125,0.7924506772090021,0.15469877259073134,0.057345677587406885,0.6244141134356792,cvar,optimal,0.0041171836984100225,0.041207640737401324,4.120764073740133e-05
2026-03-24,crude_sc,0.39999999999999997,0.58078714455324,0.020602470283625957,0.057345677587406885,0.5141522408617121,cvar,optimal,0.0041171836984100225,0.041207640737401324,4.120764073740133e-05
2026-03-24,gold_au,0.7,0.5827072948781488,6.574399975236282e-10,0.057345677587406885,0.4221532293010294,cvar,optimal,0.0041171836984100225,0.041207640737401324,4.120764073740133e-05
2026-03-24,spx,0.8624999999999999,0.8128826557358302,0.07077529316037831,0.057345677587406885,0.7407168833047784,cvar,optimal,0.0041171836984100225,0.041207640737401324,4.120764073740133e-05
2026-04-22,sse50,0.575,0.5347357376058465,0.07983652103807701,0.08644576653813707,0.3448872159583548,cvar,optimal,0.003129840087187282,0.08133151784506648,8.133151784506648e-05
2026-04-22,csi300,0.6249999999999999,0.5581064572771293,0.01977569558240316,0.08644576653813707,0.4589879004370813,cvar,optimal,0.003129840087187282,0.08133151784506648,8.133151784506648e-05
2026-04-22,csi500,0.6749999999999999,0.5366378168290841,2.6478756864434424e-09,0.08644576653813707,0.5772540477235609,cvar,optimal,0.003129840087187282,0.08133151784506648,8.133151784506648e-05
2026-04-22,csi1000,0.7499999999999999,0.5980028347636478,4.398705472680928e-09,0.08644576653813707,0.5725879107963221,cvar,optimal,0.003129840087187282,0.08133151784506648,8.133151784506648e-05
2026-04-22,bond_gov,0.2125,0.34753483937078894,0.3499999989604139,0.08644576653813707,0.7040906498755052,cvar,optimal,0.003129840087187282,0.08133151784506648,8.133151784506648e-05
2026-04-22,bond_corp,0.3125,0.44855782746869705,0.3499999983129912,0.08644576653813707,0.548727350606746,cvar,optimal,0.003129840087187282,0.08133151784506648,8.133151784506648e-05
2026-04-22,csi_cb,0.37500000000000006,0.5171390586253217,0.07857278736986577,0.08644576653813707,0.5489667224613888,cvar,optimal,0.003129840087187282,0.08133151784506648,8.133151784506648e-05
2026-04-22,crude_sc,0.95,0.8150607367031492,0.01539693985347438,0.08644576653813707,0.7881692653153689,cvar,optimal,0.003129840087187282,0.08133151784506648,8.133151784506648e-05
2026-04-22,gold_au,0.25,0.35485344941480534,8.8009232603358e-10,0.08644576653813707,0.4616091424239843,cvar,optimal,0.003129840087187282,0.08133151784506648,8.133151784506648e-05
2026-04-22,spx,0.7749999999999999,0.7893712419415296,0.10641805095610105,0.08644576653813707,0.6588893013778646,cvar,optimal,0.003129840087187282,0.08133151784506648,8.133151784506648e-05
2026-05-25,sse50,0.4625,0.48239710069013253,0.06952234646440372,0.28677527671840464,0.428762006969081,cvar,optimal,0.0031596241172558623,0.039925681447051026,3.9925681447051024e-05
2026-05-25,csi300,0.5125000000000001,0.5242711604568562,0.019608317957927862,0.28677527671840464,0.549789211000429,cvar,optimal,0.0031596241172558623,0.039925681447051026,3.9925681447051024e-05
2026-05-25,csi500,0.1875,0.30182297963065496,2.0394626065744906e-10,0.28677527671840464,0.6330038672086311,cvar,optimal,0.0031596241172558623,0.039925681447051026,3.9925681447051024e-05
2026-05-25,csi1000,0.2875,0.38814685865606074,2.9617395846029736e-10,0.28677527671840464,0.4232767426539928,cvar,optimal,0.0031596241172558623,0.039925681447051026,3.9925681447051024e-05
2026-05-25,bond_gov,0.5375000000000001,0.4805837883002613,0.3499999998909515,0.28677527671840464,0.5971215414023098,cvar,optimal,0.0031596241172558623,0.039925681447051026,3.9925681447051024e-05
2026-05-25,bond_corp,0.8624999999999999,0.7292228558702526,0.3499999998903737,0.28677527671840464,0.7034786292462981,cvar,optimal,0.0031596241172558623,0.039925681447051026,3.9925681447051024e-05
2026-05-25,csi_cb,0.43750000000000006,0.4540968240214917,0.04912866547979226,0.28677527671840464,0.4064001437525279,cvar,optimal,0.0031596241172558623,0.039925681447051026,3.9925681447051024e-05
2026-05-25,crude_sc,1.0,0.9401439971177064,0.02105186537338745,0.28677527671840464,0.8,cvar,optimal,0.0031596241172558623,0.039925681447051026,3.9925681447051024e-05
2026-05-25,gold_au,0.375,0.37365840205155887,6.772437974951975e-11,0.28677527671840464,0.5316637482951837,cvar,optimal,0.0031596241172558623,0.039925681447051026,3.9925681447051024e-05
2026-05-25,spx,0.8374999999999999,0.8256560332050245,0.14068880437531897,0.28677527671840464,0.7206867894542913,cvar,optimal,0.0031596241172558623,0.039925681447051026,3.9925681447051024e-05
