日期,corp_wealth,cdb_wealth,wealth_ratio,wealth_diff,wealth_diff_cycle,hf_raw,hf_credit_factor,hf_mom_pct
2020-01-02,222.463000,196.148400,1.134157,26.314600,2.684936,-2.684936,0.929513,
2020-01-03,222.573000,196.086200,1.135077,26.486800,2.830374,-2.830374,0.925695,-0.410767
2020-01-06,222.729800,196.136600,1.135585,26.593200,2.910013,-2.910013,0.923604,-0.225853
2020-01-07,222.753900,196.202500,1.135327,26.551400,2.841451,-2.841451,0.925404,0.194879
2020-01-08,222.825100,196.210600,1.135643,26.614500,2.877790,-2.877790,0.924450,-0.103088
2020-01-09,222.885600,196.224000,1.135873,26.661600,2.898128,-2.898128,0.923916,-0.057757
2020-01-10,222.940700,196.370100,1.135309,26.570600,2.780367,-2.780367,0.927008,0.334613
2020-01-13,223.100000,196.410300,1.135887,26.689700,2.872705,-2.872705,0.924584,-0.261500
2020-01-14,223.144600,196.332000,1.136568,26.812600,2.968844,-2.968844,0.922060,-0.272975
2020-01-15,223.198400,196.324400,1.136886,26.874000,3.003482,-3.003482,0.921151,-0.098621
2020-01-16,223.229500,196.343400,1.136934,26.886100,2.988821,-2.988821,0.921535,0.041785
2020-01-17,223.270300,196.381600,1.136921,26.888700,2.964659,-2.964659,0.922170,0.068831
2020-01-19,223.324700,196.528800,1.136346,26.795900,2.845098,-2.845098,0.925309,0.340371
2020-01-20,223.410000,196.590600,1.136423,26.819400,2.841836,-2.841836,0.925394,0.009254
2020-01-21,223.462200,196.699500,1.136059,26.762700,2.758375,-2.758375,0.927585,0.236773
2020-01-22,223.536800,196.756600,1.136108,26.780200,2.749113,-2.749113,0.927828,0.026212
2020-01-23,223.590500,196.860700,1.135780,26.729800,2.671951,-2.671951,0.929854,0.218326
2020-02-03,224.645800,198.123100,1.133870,26.522700,2.438090,-2.438090,0.935994,0.660261
2020-02-04,224.615600,197.990500,1.134477,26.625100,2.513728,-2.513728,0.934008,-0.212149
2020-02-05,224.721500,198.029600,1.134787,26.691900,2.553767,-2.553767,0.932957,-0.112538
2020-02-06,224.782400,198.119000,1.134583,26.663400,2.498505,-2.498505,0.934407,0.155501
2020-02-07,224.876400,198.451400,1.133156,26.425000,2.233343,-2.233343,0.941369,0.744983
2020-02-10,225.067100,198.793300,1.132166,26.273800,2.055382,-2.055382,0.946041,0.496293
2020-02-11,225.102800,198.779700,1.132423,26.323100,2.077920,-2.077920,0.945449,-0.062544
2020-02-12,225.272500,198.776300,1.133297,26.496200,2.224258,-2.224258,0.941607,-0.406342
2020-02-13,225.331400,198.849200,1.133177,26.482200,2.183496,-2.183496,0.942677,0.113646
2020-02-14,225.432600,198.881100,1.133504,26.551500,2.226034,-2.226034,0.941561,-0.118464
2020-02-17,225.623000,198.782700,1.135023,26.840300,2.488073,-2.488073,0.934681,-0.730614
2020-02-18,225.704500,198.779200,1.135453,26.925300,2.546311,-2.546311,0.933152,-0.163574
2020-02-19,225.782200,198.827400,1.135569,26.954800,2.549049,-2.549049,0.933081,-0.007703
2020-02-20,225.869800,198.701100,1.136732,27.168700,2.736187,-2.736187,0.928168,-0.526519
2020-02-21,225.934200,198.749200,1.136780,27.185000,2.725725,-2.725725,0.928442,0.029591
2020-02-24,226.041400,199.034300,1.135691,27.007100,2.521062,-2.521062,0.933815,0.578701
2020-02-25,226.114000,199.075900,1.135818,27.038100,2.525300,-2.525300,0.933704,-0.011914
2020-02-26,226.195300,199.161000,1.135741,27.034300,2.494738,-2.494738,0.934506,0.085931
2020-02-27,226.235700,199.315400,1.135064,26.920300,2.353976,-2.353976,0.938202,0.395436
2020-02-28,226.309400,199.647600,1.133544,26.661800,2.068713,-2.068713,0.945691,0.798215
2020-03-02,226.417600,199.633300,1.134167,26.784300,2.164451,-2.164451,0.943177,-0.265769
2020-03-03,226.501100,199.630200,1.134603,26.870900,2.224288,-2.224288,0.941606,-0.166553
2020-03-04,226.650500,199.975600,1.133391,26.674900,2.001526,-2.001526,0.947454,0.621076
2020-03-05,226.691500,200.022700,1.133329,26.668800,1.968663,-1.968663,0.948317,0.091058
2020-03-06,226.720400,200.290200,1.131960,26.430200,1.703300,-1.703300,0.955284,0.734612
2020-03-09,226.920100,200.957200,1.129196,25.962900,1.209238,-1.209238,0.968254,1.357755
2020-03-10,226.862100,200.503800,1.131460,26.358300,1.577875,-1.577875,0.958576,-0.999497
2020-03-11,226.788500,200.469300,1.131288,26.319200,1.512012,-1.512012,0.960305,0.180379
2020-03-12,226.799000,200.414200,1.131651,26.384800,1.550848,-1.550848,0.959286,-0.106171
2020-03-13,226.578600,200.122700,1.132198,26.455900,1.595185,-1.595185,0.958122,-0.121335
2020-03-16,226.511900,200.199900,1.131429,26.312000,1.424522,-1.424522,0.962602,0.467618
2020-03-17,226.424200,200.180800,1.131098,26.243400,1.329158,-1.329158,0.965106,0.260080
2020-03-18,226.500300,200.188300,1.131436,26.312000,1.370995,-1.370995,0.964007,-0.113802
2020-03-19,226.442200,200.185400,1.131162,26.256800,1.289031,-1.289031,0.966159,0.223210
2020-03-20,226.424200,200.339300,1.130204,26.084900,1.090367,-1.090367,0.971375,0.539811
2020-03-23,226.513200,200.604600,1.129153,25.908600,0.887303,-0.887303,0.976706,0.548805
2020-03-24,226.638700,200.957800,1.127793,25.680900,0.632839,-0.632839,0.983386,0.683966
2020-03-25,226.650000,201.074900,1.127192,25.575100,0.500275,-0.500275,0.986866,0.353895
2020-03-26,226.682200,201.552000,1.124683,25.130200,0.028610,-0.028610,0.999249,1.254719
2020-03-27,226.782300,201.566500,1.125099,25.215800,0.087445,-0.087445,0.997704,-0.154574
2020-03-30,226.822500,201.728500,1.124395,25.094000,-0.061119,0.061119,1.001604,0.390918
2020-03-31,226.897000,202.153900,1.122397,24.743100,-0.438784,0.438784,1.011519,0.989879
2020-04-01,226.860400,202.476900,1.120426,24.383500,-0.825149,0.825149,1.021662,1.002757
2020-04-02,226.932000,202.452700,1.120914,24.479300,-0.756115,0.756115,1.019850,-0.177391
2020-04-03,226.908900,202.495800,1.120561,24.413100,-0.849080,0.849080,1.022290,0.239308
2020-04-07,227.177700,204.557800,1.110580,22.619900,-2.669046,2.669046,1.070069,4.673698
2020-04-08,227.348900,205.208900,1.107890,22.140000,-3.175712,3.175712,1.083370,1.243030
2020-04-09,227.489200,205.176100,1.108751,22.313100,-3.029378,3.029378,1.079529,-0.354601
2020-04-10,227.627800,205.058900,1.110061,22.568900,-2.800344,2.800344,1.073516,-0.556977
2020-04-13,227.706800,204.930300,1.111143,22.776500,-2.619510,2.619510,1.068768,-0.442224
2020-04-14,227.778200,205.054400,1.110818,22.723800,-2.698977,2.698977,1.070855,0.195197
2020-04-15,227.911100,205.330900,1.109970,22.580200,-2.869344,2.869344,1.075327,0.417663
2020-04-16,227.986400,205.449500,1.109696,22.536900,-2.939411,2.939411,1.077167,0.171059
2020-04-17,228.069700,205.424100,1.110238,22.645600,-2.857478,2.857478,1.075016,-0.199685
2020-04-20,228.107400,205.391600,1.110598,22.715800,-2.814046,2.814046,1.073876,-0.106065
2020-04-21,228.184100,205.540400,1.110167,22.643700,-2.912913,2.912913,1.076471,0.241698
2020-04-22,228.205200,205.847800,1.108611,22.357400,-3.225981,3.225981,1.084690,0.763498
2020-04-23,228.408700,206.126500,1.108100,22.282200,-3.327950,3.327950,1.087367,0.246792
2020-04-24,228.492500,206.059700,1.108866,22.432800,-3.204118,3.204118,1.084116,-0.298969
2020-04-26,228.593000,206.054000,1.109384,22.539000,-3.124687,3.124687,1.082031,-0.192348
2020-04-27,228.672100,206.055500,1.109760,22.616600,-3.073856,3.073856,1.080696,-0.123328
2020-04-28,228.706100,206.057600,1.109913,22.648500,-3.068725,3.068725,1.080561,-0.012464
2020-04-29,228.762900,206.197800,1.109434,22.565100,-3.178894,3.178894,1.083454,0.267660
2020-04-30,228.832200,206.178500,1.109874,22.653700,-3.117064,3.117064,1.081831,-0.149818
2020-05-06,229.037100,205.922900,1.112247,23.114200,-2.683334,2.683334,1.070444,-1.052524
2020-05-07,228.921600,205.213200,1.115531,23.708400,-2.115904,2.115904,1.055548,-1.391617
2020-05-08,228.800200,205.134800,1.115365,23.665400,-2.185675,2.185675,1.057379,0.173526
2020-05-09,228.761300,204.961600,1.116118,23.799700,-2.078145,2.078145,1.054556,-0.266973
2020-05-11,228.667400,204.199700,1.119822,24.467700,-1.436916,1.436916,1.037722,-1.596302
2020-05-12,228.606600,204.281700,1.119075,24.324900,-1.606487,1.606487,1.042174,0.428986
2020-05-13,228.666800,204.349500,1.118999,24.317300,-1.640859,1.640859,1.043076,0.086582
2020-05-14,228.602200,204.545200,1.117612,24.057000,-1.927931,1.927931,1.050613,0.722514
2020-05-15,228.643800,205.042200,1.115106,23.601600,-2.410103,2.410103,1.063271,1.204845
2020-05-18,228.753600,204.705300,1.117478,24.048300,-1.990175,1.990175,1.052247,-1.036817
2020-05-19,228.742500,204.503300,1.118527,24.239200,-1.826048,1.826048,1.047938,-0.409482
2020-05-20,228.760000,204.371200,1.119336,24.388800,-1.703221,1.703221,1.044714,-0.307702
2020-05-21,228.773700,204.258900,1.120018,24.514800,-1.603994,1.603994,1.042109,-0.249347
2020-05-22,228.844500,204.742500,1.117719,24.102000,-2.043567,2.043567,1.053648,1.107363
2020-05-25,228.933500,204.280100,1.120684,24.653400,-1.518941,1.518941,1.039876,-1.307151
2020-05-26,228.881100,203.408800,1.125227,25.472300,-0.726815,0.726815,1.019080,-1.999790
2020-05-27,228.823200,202.902400,1.127750,25.920800,-0.305089,0.305089,1.008009,-1.086409
2020-05-28,228.776700,203.064500,1.126621,25.712200,-0.540464,0.540464,1.014188,0.613009
2020-05-29,228.783100,203.017200,1.126915,25.765900,-0.513539,0.513539,1.013481,-0.069696
2020-06-01,228.825800,203.006700,1.127183,25.819100,-0.487114,0.487114,1.012788,-0.068449
2020-06-02,228.591800,201.473900,1.134598,27.117900,0.784910,-0.784910,0.979394,-3.297226
2020-06-03,228.125300,201.237700,1.133611,26.887600,0.527835,-0.527835,0.986143,0.689089
2020-06-04,227.965900,200.556000,1.136670,27.409900,1.023359,-1.023359,0.973134,-1.319157
2020-06-05,227.557700,200.355600,1.135769,27.202100,0.788782,-0.788782,0.979292,0.632824
2020-06-08,227.487100,200.634800,1.133837,26.852300,0.412206,-0.412206,0.989178,1.009515
2020-06-09,227.626200,200.914300,1.132952,26.711900,0.245029,-0.245029,0.993567,0.443684
2020-06-10,227.670900,200.887700,1.133324,26.783200,0.289551,-0.289551,0.992398,-0.117640
2020-06-11,227.772000,201.090400,1.132685,26.681600,0.161174,-0.161174,0.995768,0.339606
2020-06-12,227.900400,201.296700,1.132162,26.603700,0.056496,-0.056496,0.998516,0.275974
2020-06-15,228.069500,201.422400,1.132295,26.647100,0.073118,-0.073118,0.998080,-0.043701
2020-06-16,228.094700,200.867200,1.135550,27.227500,0.626739,-0.626739,0.983546,-1.456194
2020-06-17,228.087100,200.559600,1.137253,27.527500,0.899961,-0.899961,0.976373,-0.729275
2020-06-18,228.111200,200.539600,1.137487,27.571600,0.917282,-0.917282,0.975919,-0.046572
2020-06-19,228.161700,200.425200,1.138388,27.736500,1.055402,-1.055402,0.972293,-0.371549
2020-06-22,228.189400,199.842200,1.141848,28.347200,1.639323,-1.639323,0.956963,-1.576624
2020-06-23,227.933800,199.660300,1.141608,28.273500,1.538843,-1.538843,0.959601,0.275649
2020-06-24,227.961700,200.184300,1.138759,27.777400,1.015962,-1.015962,0.973328,1.430485
2020-06-28,228.089900,200.387900,1.138242,27.702000,0.913782,-0.913782,0.976011,0.275601
2020-06-29,228.157800,200.391000,1.138563,27.766800,0.951801,-0.951801,0.975012,-0.102263
2020-06-30,228.195300,200.682100,1.137098,27.513200,0.671419,-0.671419,0.982373,0.754937
2020-07-01,228.280900,200.614000,1.137911,27.666900,0.798338,-0.798338,0.979041,-0.339172
2020-07-02,228.393000,200.731800,1.137802,27.661200,0.765856,-0.765856,0.979894,0.087099
2020-07-03,228.457600,200.679800,1.138419,27.777800,0.855674,-0.855674,0.977536,-0.240633
2020-07-06,228.321800,199.584300,1.143987,28.737500,1.788591,-1.788591,0.953045,-2.505429
2020-07-07,228.032400,199.165600,1.144939,28.866800,1.891108,-1.891108,0.950353,-0.282394
2020-07-08,227.897200,198.769900,1.146538,29.127300,2.124825,-2.124825,0.944218,-0.645619
2020-07-09,227.493100,197.985100,1.149042,29.508000,2.478741,-2.478741,0.934926,-0.984012
2020-07-10,227.332400,198.132900,1.147373,29.199500,2.143458,-2.143458,0.943728,0.941471
2020-07-13,227.199200,197.422900,1.150825,29.776300,2.693473,-2.693473,0.929289,-1.530029
2020-07-14,227.146300,197.648200,1.149245,29.498100,2.388489,-2.388489,0.937296,0.861586
2020-07-15,227.178600,198.176200,1.146347,29.002400,1.866004,-1.866004,0.951012,1.463419
2020-07-16,227.297500,198.377700,1.145782,28.919800,1.756619,-1.756619,0.953884,0.301956
2020-07-17,227.408800,198.505100,1.145607,28.903700,1.713733,-1.713733,0.955010,0.118029
2020-07-20,227.600600,198.917400,1.144197,28.683200,1.466447,-1.466447,0.961502,0.679772
2020-07-21,227.800900,199.634900,1.141088,28.166000,0.922461,-0.922461,0.975783,1.485284
2020-07-22,227.980300,199.740500,1.141382,28.239800,0.969474,-0.969474,0.974548,-0.126485
2020-07-23,228.148900,199.684700,1.142546,28.464200,1.167087,-1.167087,0.969361,-0.532333
2020-07-24,228.350000,199.878100,1.142446,28.471900,1.148000,-1.148000,0.969862,0.051693
2020-07-27,228.511100,199.878400,1.143251,28.632700,1.282012,-1.282012,0.966344,-0.362749
2020-07-28,228.620500,199.640800,1.145159,28.979700,1.602224,-1.602224,0.957937,-0.869916
2020-07-29,228.601300,199.462800,1.146085,29.138500,1.734235,-1.734235,0.954472,-0.361782
2020-07-30,228.618100,199.407000,1.146490,29.211100,1.780047,-1.780047,0.953269,-0.126003
2020-07-31,228.618500,199.107200,1.148218,29.511300,2.053457,-2.053457,0.946091,-0.752960
2020-08-03,228.697300,199.157900,1.148322,29.539400,2.054768,-2.054768,0.946057,-0.003636
2020-08-04,228.734000,199.200100,1.148262,29.533900,2.022478,-2.022478,0.946904,0.089603
2020-08-05,228.822300,199.216700,1.148610,29.605600,2.067387,-2.067387,0.945725,-0.124510
2020-08-06,228.853900,199.262000,1.148507,29.591900,2.026897,-2.026897,0.946788,0.112399
2020-08-07,228.954000,199.227200,1.149211,29.726800,2.135005,-2.135005,0.943950,-0.299764
2020-08-10,229.096400,199.447900,1.148653,29.648500,2.029914,-2.029914,0.946709,0.292274
2020-08-11,229.173900,199.440600,1.149083,29.733300,2.087922,-2.087922,0.945186,-0.160858
2020-08-12,229.218900,199.394200,1.149577,29.824700,2.152530,-2.152530,0.943490,-0.179448
2020-08-13,229.334400,199.397700,1.150136,29.936700,2.237737,-2.237737,0.941253,-0.237089
2020-08-14,229.437300,199.474300,1.150210,29.963000,2.237244,-2.237244,0.941266,0.001376
2020-08-17,229.625300,199.585800,1.150509,30.039500,2.286950,-2.286950,0.939961,-0.138635
2020-08-18,229.729500,199.543900,1.151273,30.185600,2.406256,-2.406256,0.936829,-0.333214
2020-08-19,229.760800,199.425100,1.152116,30.335700,2.529562,-2.529562,0.933592,-0.345536
2020-08-20,229.776300,199.108000,1.154028,30.668300,2.835367,-2.835367,0.925564,-0.859922
2020-08-21,229.811800,199.112900,1.154178,30.698900,2.839171,-2.839171,0.925464,-0.010792
2020-08-24,229.880200,198.959400,1.155413,30.920800,3.034276,-3.034276,0.920342,-0.553451
2020-08-25,229.828900,198.501400,1.157820,31.327500,3.414179,-3.414179,0.910369,-1.083667
2020-08-26,229.727700,198.472400,1.157479,31.255300,3.315183,-3.315183,0.912968,0.285479
2020-08-27,229.636400,198.428800,1.157274,31.207600,3.240686,-3.240686,0.914923,0.214218
2020-08-28,229.552500,198.278200,1.157729,31.274300,3.280588,-3.280588,0.913876,-0.114495
2020-08-31,229.572400,198.546200,1.156267,31.026200,3.005690,-3.005690,0.921093,0.789689
2020-09-01,229.629700,198.490900,1.156878,31.138800,3.091492,-3.091492,0.918840,-0.244548
2020-09-02,229.604800,198.310700,1.157803,31.294100,3.219993,-3.219993,0.915467,-0.367146
2020-09-03,229.568500,198.193600,1.158304,31.374900,3.273993,-3.273993,0.914049,-0.154856
2020-09-04,229.556200,198.122500,1.158658,31.433700,3.305993,-3.305993,0.913209,-0.091908
2020-09-07,229.573600,197.934900,1.159844,31.638700,3.484193,-3.484193,0.908531,-0.512281
2020-09-08,229.627900,197.961600,1.159962,31.666300,3.484992,-3.484992,0.908510,-0.002309
2020-09-09,229.696500,198.336700,1.158114,31.359800,3.151691,-3.151691,0.917260,0.963117
2020-09-10,229.785900,198.565200,1.157231,31.220700,2.985789,-2.985789,0.921615,0.474822
2020-09-11,229.847300,198.404900,1.158476,31.442400,3.180686,-3.180686,0.916498,-0.555173
2020-09-14,229.948400,198.321200,1.159475,31.627200,3.338683,-3.338683,0.912351,-0.452573
2020-09-15,230.001700,198.645100,1.157852,31.356600,3.041280,-3.041280,0.920158,0.855768
2020-09-16,230.038700,198.791400,1.157186,31.247300,2.905176,-2.905176,0.923731,0.388311
2020-09-17,230.103000,198.722400,1.157912,31.380600,3.011671,-3.011671,0.920936,-0.302661
2020-09-18,230.143000,198.834200,1.157462,31.308800,2.913066,-2.913066,0.923524,0.281088
2020-09-21,230.303800,199.069100,1.156904,31.234700,2.812161,-2.812161,0.926173,0.286839
2020-09-22,230.355000,199.175500,1.156543,31.179500,2.730154,-2.730154,0.928326,0.232448
2020-09-23,230.402300,199.141000,1.156981,31.261300,2.785148,-2.785148,0.926882,-0.155518
2020-09-24,230.456500,199.132500,1.157302,31.324000,2.821040,-2.821040,0.925940,-0.101661
2020-09-25,230.527600,198.896000,1.159036,31.631600,3.101832,-3.101832,0.918569,-0.796111
2020-09-27,230.585500,198.936600,1.159090,31.648900,3.092324,-3.092324,0.918818,0.027175
2020-09-28,230.651900,198.948800,1.159353,31.703100,3.119715,-3.119715,0.918099,-0.078261
2020-09-29,230.739200,198.913300,1.159999,31.825900,3.215705,-3.215705,0.915579,-0.274479
2020-09-30,230.777800,198.890800,1.160324,31.887000,3.249995,-3.249995,0.914679,-0.098319
2020-10-09,231.105200,198.817000,1.162402,32.288200,3.624384,-3.624384,0.904850,-1.074548
2020-10-10,231.052700,198.825800,1.162086,32.226900,3.536272,-3.536272,0.907163,0.255640
2020-10-12,231.181800,198.876500,1.162439,32.305300,3.587860,-3.587860,0.905809,-0.149291
2020-10-13,231.226200,198.948600,1.162241,32.277600,3.533347,-3.533347,0.907240,0.157992
2020-10-14,231.266800,198.953600,1.162416,32.313200,3.542133,-3.542133,0.907010,-0.025425
2020-10-15,231.307000,198.935000,1.162727,32.372000,3.574119,-3.574119,0.906170,-0.092580
2020-10-16,231.368600,198.957900,1.162902,32.410700,3.586004,-3.586004,0.905858,-0.034432
2020-10-19,231.504900,199.178000,1.162302,32.326900,3.475388,-3.475388,0.908762,0.320574
2020-10-20,231.578400,199.255900,1.162216,32.322500,3.444172,-3.444172,0.909581,0.090178
2020-10-21,231.671000,199.418300,1.161734,32.252700,3.347555,-3.347555,0.912118,0.278858
2020-10-22,231.767800,199.604300,1.161136,32.163500,3.231537,-3.231537,0.915163,0.333922
2020-10-23,231.833800,199.641300,1.161252,32.192500,3.233719,-3.233719,0.915106,-0.006258
2020-10-26,231.957400,199.658000,1.161774,32.299400,3.313800,-3.313800,0.913004,-0.229736
2020-10-27,231.998700,199.836100,1.160945,32.162600,3.150180,-3.150180,0.917299,0.470473
2020-10-28,232.035300,199.924900,1.160612,32.110400,3.071159,-3.071159,0.919374,0.226152
2020-10-29,232.035500,200.008500,1.160128,32.027000,2.960938,-2.960938,0.922267,0.314735
2020-10-30,232.053000,200.031800,1.160081,32.021200,2.928316,-2.928316,0.923124,0.092860
2020-11-02,232.176400,200.213200,1.159646,31.963200,2.843493,-2.843493,0.925351,0.241227
2020-11-03,232.230400,200.361500,1.159057,31.868900,2.722369,-2.722369,0.928530,0.343633
2020-11-04,232.310300,200.485600,1.158738,31.824700,2.651344,-2.651344,0.930395,0.200809
2020-11-05,232.357900,200.440400,1.159237,31.917500,2.717319,-2.717319,0.928663,-0.186158
2020-11-06,232.384100,200.261100,1.160406,32.123000,2.895993,-2.895993,0.923972,-0.505096
2020-11-09,232.416400,200.212200,1.160850,32.204200,2.950365,-2.950365,0.922545,-0.154488
2020-11-10,232.385300,200.140900,1.161108,32.244400,2.963738,-2.963738,0.922194,-0.038052
2020-11-11,232.353600,200.204500,1.160581,32.149100,2.841609,-2.841609,0.925400,0.347670
2020-11-12,232.216200,200.134600,1.160300,32.081600,2.747279,-2.747279,0.927877,0.267603
2020-11-13,231.919700,199.912400,1.160107,32.007300,2.646149,-2.646149,0.930531,0.286130
2020-11-16,231.825000,200.027700,1.158964,31.797300,2.409317,-2.409317,0.936749,0.668159
2020-11-17,231.631800,200.005500,1.158127,31.626300,2.211485,-2.211485,0.941942,0.554429
2020-11-18,231.450600,199.872600,1.157991,31.578000,2.136352,-2.136352,0.943915,0.209401
2020-11-19,231.254900,199.678000,1.158139,31.576900,2.108417,-2.108417,0.944648,0.077692
2020-11-20,230.994400,199.660700,1.156935,31.333700,1.838382,-1.838382,0.951737,0.750450
2020-11-23,231.090300,199.978100,1.155578,31.112200,1.590046,-1.590046,0.958257,0.685006
2020-11-24,231.141200,200.023000,1.155573,31.118200,1.569209,-1.569209,0.958804,0.057085
2020-11-25,231.080700,200.162300,1.154467,30.918400,1.342571,-1.342571,0.964754,0.620547
2020-11-26,231.137400,200.237500,1.154316,30.899900,1.297232,-1.297232,0.965944,0.123375
2020-11-27,231.098500,200.282100,1.153865,30.816400,1.186892,-1.186892,0.968841,0.299884
2020-11-30,231.301300,200.784600,1.151987,30.516700,0.860351,-0.860351,0.977413,0.884824
2020-12-01,231.371400,200.684200,1.152913,30.687200,1.004009,-1.004009,0.973642,-0.385854
2020-12-02,231.366100,200.603500,1.153350,30.762600,1.052566,-1.052566,0.972367,-0.130925
2020-12-03,231.362000,200.584900,1.153437,30.777100,1.040222,-1.040222,0.972691,0.033327
2020-12-04,231.362400,200.680800,1.152888,30.681600,0.917877,-0.917877,0.975903,0.330205
2020-12-07,231.472300,200.731400,1.153144,30.740900,0.950330,-0.950330,0.975051,-0.087303
2020-12-08,231.449000,200.934400,1.151863,30.514600,0.697183,-0.697183,0.981697,0.681581
2020-12-09,231.469200,200.975500,1.151728,30.493700,0.649434,-0.649434,0.982950,0.127689
2020-12-10,231.537700,201.105300,1.151326,30.432400,0.561285,-0.561285,0.985264,0.235429
2020-12-11,231.511500,200.981300,1.151906,30.530200,0.632234,-0.632234,0.983402,-0.189046
2020-12-14,231.611800,201.051700,1.152001,30.560100,0.635282,-0.635282,0.983322,-0.008137
2020-12-15,231.649000,201.252300,1.151038,30.396700,0.445029,-0.445029,0.988316,0.507934
2020-12-16,231.704400,201.386000,1.150549,30.318400,0.339875,-0.339875,0.991077,0.279320
2020-12-17,231.752700,201.445400,1.150449,30.307300,0.301920,-0.301920,0.992073,0.100540
2020-12-18,231.799800,201.436100,1.150736,30.363700,0.331463,-0.331463,0.991298,-0.078179
2020-12-21,231.892100,201.760900,1.149341,30.131200,0.072106,-0.072106,0.998107,0.686858
2020-12-22,231.927200,201.961100,1.148376,29.966100,-0.119853,0.119853,1.003146,0.504897
2020-12-23,231.971800,202.121300,1.147686,29.850500,-0.262314,0.262314,1.006886,0.372821
2020-12-24,231.976900,202.049900,1.148117,29.927000,-0.212675,0.212675,1.005583,-0.129423
2020-12-25,231.979500,202.071400,1.148008,29.908100,-0.258438,0.258438,1.006784,0.119472
2020-12-28,232.082000,202.265200,1.147414,29.816800,-0.376602,0.376602,1.009886,0.308120
2020-12-29,232.080500,202.408000,1.146597,29.672500,-0.547767,0.547767,1.014380,0.444953
2020-12-30,232.208100,202.667300,1.145760,29.540800,-0.706333,0.706333,1.018543,0.410376
2020-12-31,232.250900,202.717200,1.145689,29.533700,-0.740301,0.740301,1.019434,0.087551
2021-01-04,232.457900,202.491600,1.147988,29.966300,-0.334570,0.334570,1.008783,-1.044841
2021-01-05,232.564500,202.610000,1.147843,29.954500,-0.373241,0.373241,1.009798,0.100636
2021-01-06,232.639100,202.678800,1.147822,29.960300,-0.394313,0.394313,1.010351,0.054782
2021-01-07,232.756800,202.857600,1.147390,29.899200,-0.482286,0.482286,1.012661,0.228586
2021-01-08,232.828200,202.775200,1.148208,30.053000,-0.355360,0.355360,1.009329,-0.329046
2021-01-11,232.945700,202.753400,1.148911,30.192300,-0.242936,0.242936,1.006377,-0.292414
2021-01-12,232.955200,202.793600,1.148731,30.161600,-0.300513,0.300513,1.007889,0.150197
2021-01-13,232.964200,203.025600,1.147462,29.938600,-0.550392,0.550392,1.014449,0.650861
2021-01-14,233.073900,203.169600,1.147189,29.904300,-0.611572,0.611572,1.016055,0.158326
2021-01-15,233.157000,202.870300,1.149291,30.286700,-0.256054,0.256054,1.006722,-0.918579
2021-01-18,233.171000,202.614900,1.150809,30.556100,-0.013537,0.013537,1.000355,-0.632418
2021-01-19,233.093400,202.579800,1.150625,30.513600,-0.082921,0.082921,1.002177,0.182087
2021-01-20,233.081200,202.746400,1.149619,30.334800,-0.288607,0.288607,1.007576,0.538805
2021-01-21,233.119600,202.950600,1.148652,30.169000,-0.481295,0.481295,1.012635,0.502050
2021-01-22,233.069400,202.976000,1.148261,30.093400,-0.583783,0.583783,1.015325,0.265702
2021-01-25,233.122000,202.959400,1.148614,30.162600,-0.541474,0.541474,1.014215,-0.109397
2021-01-26,232.953400,202.571600,1.149981,30.381800,-0.349166,0.349166,1.009166,-0.497782
2021-01-27,232.957400,202.524400,1.150268,30.433000,-0.324859,0.324859,1.008528,-0.063231
2021-01-28,232.817200,202.192000,1.151466,30.625200,-0.159554,0.159554,1.004188,-0.430298
2021-01-29,232.692600,202.195300,1.150831,30.497300,-0.314351,0.314351,1.008252,0.404686
2021-02-01,232.848700,202.543800,1.149621,30.304900,-0.533649,0.533649,1.014009,0.571002
2021-02-02,232.926200,202.544600,1.150000,30.381600,-0.483849,0.483849,1.012702,-0.128932
2021-02-03,232.908100,202.206800,1.151831,30.701300,-0.191050,0.191050,1.005015,-0.759030
2021-02-04,232.855400,201.911000,1.153258,30.944400,0.025147,-0.025147,0.999339,-0.564740
2021-02-05,232.786200,201.883500,1.153072,30.902700,-0.043457,0.043457,1.001140,0.180223
2021-02-07,232.881400,202.014100,1.152798,30.867300,-0.105763,0.105763,1.002776,0.163383
2021-02-08,232.794800,201.860200,1.153248,30.934600,-0.065371,0.065371,1.001716,-0.105746
2021-02-09,232.817200,201.968800,1.152738,30.848400,-0.178481,0.178481,1.004685,0.296433
2021-02-10,232.805500,202.001400,1.152494,30.804100,-0.249692,0.249692,1.006555,0.186076
2021-02-18,233.063100,201.806500,1.154884,31.256600,0.175896,-0.175896,0.995382,-1.110000
2021-02-19,233.051000,202.063600,1.153355,30.987400,-0.120219,0.120219,1.003156,0.780983
2021-02-20,233.079600,202.144400,1.153035,30.935200,-0.199335,0.199335,1.005233,0.207047
2021-02-22,233.139200,202.162500,1.153227,30.976700,-0.184753,0.184753,1.004850,-0.038083
2021-02-23,233.197000,202.249700,1.153015,30.947300,-0.241072,0.241072,1.006328,0.147140
2021-02-24,233.288100,202.395700,1.152634,30.892400,-0.322894,0.322894,1.008476,0.213451
2021-02-25,233.318200,202.403700,1.152737,30.914500,-0.327717,0.327717,1.008603,0.012555
2021-02-26,233.312400,202.385400,1.152812,30.927000,-0.342142,0.342142,1.008982,0.037546
2021-03-01,233.454500,202.531700,1.152681,30.922800,-0.373268,0.373268,1.009799,0.080988
2021-03-02,233.531000,202.560000,1.152898,30.971000,-0.351997,0.351997,1.009240,-0.055301
2021-03-03,233.607100,202.535600,1.153413,31.071500,-0.278427,0.278427,1.007309,-0.191371
2021-03-04,233.633300,202.504700,1.153718,31.128600,-0.248259,0.248259,1.006517,-0.078624
2021-03-05,233.669100,202.588900,1.153415,31.080200,-0.323593,0.323593,1.008495,0.196490
2021-03-08,233.785500,202.716900,1.153261,31.068600,-0.362129,0.362129,1.009506,0.100314
2021-03-09,233.851700,202.694900,1.153713,31.156800,-0.300866,0.300866,1.007898,-0.159315
2021-03-10,233.949500,202.751200,1.153875,31.198300,-0.286306,0.286306,1.007516,-0.037926
2021-03-11,233.972600,202.742300,1.154039,31.230300,-0.281247,0.281247,1.007383,-0.013181
2021-03-12,233.967000,202.717500,1.154153,31.249500,-0.288990,0.288990,1.007586,0.020179
2021-03-15,234.078900,202.664400,1.155007,31.414500,-0.150935,0.150935,1.003962,-0.359701
2021-03-16,234.152700,202.727900,1.155010,31.424800,-0.167582,0.167582,1.004399,0.043530
2021-03-17,234.189200,202.787200,1.154852,31.402000,-0.217331,0.217331,1.005705,0.130032
2021-03-18,234.182700,202.812100,1.154678,31.370600,-0.275682,0.275682,1.007237,0.152317
2021-03-19,234.192700,202.921400,1.154105,31.271300,-0.401935,0.401935,1.010551,0.329064
2021-03-22,234.346700,203.053100,1.154115,31.293600,-0.406589,0.406589,1.010674,0.012092
2021-03-23,234.434100,203.084000,1.154370,31.350100,-0.377046,0.377046,1.009898,-0.076740
2021-03-24,234.451700,203.294000,1.153264,31.157700,-0.596405,0.596405,1.015657,0.570228
2021-03-25,234.492200,203.351300,1.153138,31.140900,-0.640165,0.640165,1.016806,0.113112
2021-03-26,234.522400,203.299600,1.153580,31.222800,-0.585228,0.585228,1.015363,-0.141841
2021-03-29,234.630000,203.292700,1.154149,31.337300,-0.497693,0.497693,1.013065,-0.226325
2021-03-30,234.665600,203.330500,1.154109,31.335100,-0.526859,0.526859,1.013831,0.075583
2021-03-31,234.747900,203.438000,1.153904,31.309900,-0.579028,0.579028,1.015201,0.135088
2021-04-01,234.757300,203.431700,1.153986,31.325600,-0.590299,0.590299,1.015496,0.029146
2021-04-02,234.763100,203.520700,1.153510,31.242400,-0.700472,0.700472,1.018389,0.284818
2021-04-06,234.889900,203.548900,1.153973,31.341000,-0.628847,0.628847,1.016508,-0.184639
2021-04-07,234.937000,203.487300,1.154554,31.449700,-0.547124,0.547124,1.014363,-0.211059
2021-04-08,234.898700,203.516900,1.154198,31.381800,-0.642003,0.642003,1.016854,0.245555
2021-04-09,234.915200,203.621100,1.153688,31.294100,-0.756684,0.756684,1.019865,0.296078
2021-04-12,235.017000,203.774300,1.153320,31.242700,-0.835068,0.835068,1.021922,0.201768
2021-04-13,235.102300,204.124600,1.151759,30.977700,-1.127053,1.127053,1.029588,0.750093
2021-04-14,235.177300,204.138300,1.152049,31.039000,-1.092741,1.092741,1.028687,-0.087490
2021-04-15,235.266700,204.154800,1.152394,31.111900,-1.046831,1.046831,1.027482,-0.117165
2021-04-16,235.334200,204.188700,1.152533,31.145500,-1.040223,1.040223,1.027308,-0.016884
2021-04-19,235.524900,204.318500,1.152734,31.206400,-1.006317,1.006317,1.026418,-0.086645
2021-04-20,235.699600,204.480900,1.152673,31.218700,-1.021013,1.021013,1.026804,0.037589
2021-04-21,235.763300,204.623400,1.152182,31.139900,-1.126812,1.126812,1.029581,0.270498
2021-04-22,235.861400,204.616700,1.152699,31.244700,-1.049013,1.049013,1.027539,-0.198375
2021-04-23,235.901800,204.657100,1.152669,31.244700,-1.076016,1.076016,1.028248,0.068990
2021-04-25,235.920600,204.567700,1.153264,31.352900,-0.994821,0.994821,1.026116,-0.207301
2021-04-26,236.001200,204.372800,1.154758,31.628400,-0.746329,0.746329,1.019593,-0.635753
2021-04-27,236.049200,204.336100,1.155201,31.713100,-0.688638,0.688638,1.018078,-0.148541
2021-04-28,236.064100,204.409900,1.154856,31.654200,-0.774551,0.774551,1.020334,0.221536
2021-04-29,236.099200,204.533300,1.154331,31.565900,-0.889865,0.889865,1.023361,0.296697
2021-04-30,236.161500,204.628500,1.154099,31.533000,-0.949782,0.949782,1.024934,0.153706
2021-05-06,236.496600,204.864600,1.154404,31.632000,-0.877801,0.877801,1.023044,-0.184372
2021-05-07,236.554700,204.894700,1.154518,31.660000,-0.876822,0.876822,1.023018,-0.002512
2021-05-08,236.599300,204.891800,1.154752,31.707500,-0.856345,0.856345,1.022481,-0.052546
2021-05-10,236.683500,205.022400,1.154428,31.661100,-0.929771,0.929771,1.024408,0.188524
2021-05-11,236.769100,205.157500,1.154085,31.611600,-1.006300,1.006300,1.026418,0.196119
2021-05-12,236.939300,205.216600,1.154582,31.722700,-0.922230,0.922230,1.024211,-0.215023
2021-05-13,237.058700,205.127100,1.155667,31.931600,-0.740363,0.740363,1.019436,-0.466161
2021-05-14,237.151200,205.197900,1.155719,31.953300,-0.745699,0.745699,1.019576,0.013740
2021-05-17,237.274500,205.158000,1.156545,32.116500,-0.609537,0.609537,1.016002,-0.350597
2021-05-18,237.378600,205.192600,1.156858,32.186000,-0.567077,0.567077,1.014887,-0.109712
2021-05-19,237.446800,205.390700,1.156074,32.056100,-0.724019,0.724019,1.019007,0.405971
2021-05-20,237.509400,205.577400,1.155328,31.932000,-0.875164,0.875164,1.022975,0.389393
2021-05-21,237.579900,205.772600,1.154575,31.807300,-1.026912,1.026912,1.026959,0.389429
2021-05-24,237.757900,205.728700,1.155687,32.029200,-0.832062,0.832062,1.021843,-0.498103
2021-05-25,237.792100,205.744000,1.155767,32.048100,-0.840214,0.840214,1.022057,0.020945
2021-05-26,237.864700,205.834400,1.155612,32.030300,-0.885069,0.885069,1.023235,0.115214
2021-05-27,237.938000,205.802100,1.156150,32.135900,-0.806527,0.806527,1.021173,-0.201512
2021-05-28,237.965400,205.740500,1.156629,32.224900,-0.744586,0.744586,1.019547,-0.159237
2021-05-31,238.059400,205.825100,1.156610,32.234300,-0.762249,0.762249,1.020011,0.045479
2021-06-01,238.087900,205.929800,1.156160,32.158100,-0.865514,0.865514,1.022722,0.265778
2021-06-02,238.150800,205.831700,1.157017,32.319100,-0.731581,0.731581,1.019205,-0.343796
2021-06-03,238.270400,205.922100,1.157090,32.348300,-0.729451,0.729451,1.019150,-0.005487
2021-06-04,238.248800,205.792600,1.157713,32.456200,-0.648623,0.648623,1.017028,-0.208206
2021-06-07,238.311200,205.566100,1.159292,32.745100,-0.386798,0.386798,1.010154,-0.675849
2021-06-08,238.361100,205.579700,1.159458,32.781400,-0.377576,0.377576,1.009912,-0.023968
2021-06-09,238.353600,205.535800,1.159670,32.817800,-0.368256,0.368256,1.009667,-0.024227
2021-06-10,238.404900,205.660000,1.159219,32.744900,-0.468239,0.468239,1.012292,0.259967
2021-06-11,238.474000,205.577700,1.160019,32.896300,-0.343924,0.343924,1.009029,-0.322395
2021-06-15,238.713000,205.629200,1.160891,33.083800,-0.183512,0.183512,1.004817,-0.417355
2021-06-16,238.642600,205.607900,1.160668,33.034700,-0.259703,0.259703,1.006817,0.199061
2021-06-17,238.649600,205.555200,1.161000,33.094400,-0.227096,0.227096,1.005961,-0.085022
2021-06-18,238.650300,205.608000,1.160705,33.042300,-0.306292,0.306292,1.008041,0.206677
2021-06-21,238.737200,205.842100,1.159807,32.895100,-0.480590,0.480590,1.012616,0.453928
2021-06-22,238.749000,205.877300,1.159666,32.871700,-0.531091,0.531091,1.013942,0.130927
2021-06-23,238.804600,206.016200,1.159154,32.788400,-0.641495,0.641495,1.016841,0.285853
2021-06-24,238.888800,206.093200,1.159130,32.795600,-0.661402,0.661402,1.017363,0.051394
2021-06-25,238.894900,206.144800,1.158869,32.750100,-0.734011,0.734011,1.019269,0.187364
2021-06-28,239.051800,206.155500,1.159570,32.896300,-0.614923,0.614923,1.016143,-0.306726
2021-06-29,239.051000,206.195000,1.159344,32.856000,-0.682337,0.682337,1.017913,0.174169
2021-06-30,239.049700,206.351400,1.158459,32.698300,-0.867155,0.867155,1.022765,0.476654
2021-07-01,239.147000,206.340200,1.158994,32.806800,-0.785775,0.785775,1.020628,-0.208888
2021-07-02,239.250200,206.443800,1.158912,32.806400,-0.813297,0.813297,1.021351,0.070794
2021-07-05,239.313300,206.576600,1.158472,32.736700,-0.910123,0.910123,1.023893,0.248878
2021-07-06,239.408500,206.563400,1.159007,32.845100,-0.828851,0.828851,1.021759,-0.208380
2021-07-07,239.460600,206.704400,1.158469,32.756200,-0.944882,0.944882,1.024805,0.298124
2021-07-08,239.644300,207.243500,1.156342,32.400800,-1.327416,1.327416,1.034848,0.979941
2021-07-09,239.738200,207.133700,1.157408,32.604500,-1.150853,1.150853,1.030212,-0.447915
2021-07-12,240.039300,207.559100,1.156487,32.480200,-1.302292,1.302292,1.034188,0.385908
2021-07-13,240.231400,207.734000,1.156438,32.497400,-1.312234,1.312234,1.034449,0.025238
2021-07-14,240.409200,207.928400,1.156211,32.480800,-1.355979,1.355979,1.035598,0.111017
2021-07-15,240.449600,207.720400,1.157564,32.729200,-1.134727,1.134727,1.029789,-0.560878
2021-07-16,240.575000,207.820400,1.157610,32.754600,-1.136478,1.136478,1.029835,0.004463
2021-07-19,240.759900,207.934300,1.157865,32.825600,-1.092632,1.092632,1.028684,-0.111773
2021-07-20,240.862900,208.091800,1.157484,32.771100,-1.174288,1.174288,1.030828,0.208391
2021-07-21,240.941300,208.250900,1.156976,32.690400,-1.282147,1.282147,1.033659,0.274690
2021-07-22,240.999700,208.263500,1.157186,32.736200,-1.263509,1.263509,1.033170,-0.047336
2021-07-23,241.043500,208.467800,1.156263,32.575700,-1.451174,1.451174,1.038097,0.476852
2021-07-26,241.235700,208.767300,1.155524,32.468400,-1.585642,1.585642,1.041627,0.340058
2021-07-27,241.264700,208.590500,1.156643,32.674200,-1.407013,1.407013,1.036937,-0.450207
2021-07-28,241.294000,208.397300,1.157856,32.896700,-1.211687,1.211687,1.031809,-0.494515
2021-07-29,241.333200,208.586400,1.156994,32.746800,-1.388763,1.388763,1.036458,0.450540
2021-07-30,241.443700,208.877300,1.155912,32.566400,-1.596343,1.596343,1.041908,0.525780
2021-08-02,241.617500,209.161000,1.155175,32.456500,-1.733426,1.733426,1.045506,0.345402
2021-08-03,241.744000,209.048800,1.156400,32.695200,-1.521911,1.521911,1.039954,-0.531111
2021-08-04,241.794900,208.969300,1.157083,32.825600,-1.418699,1.418699,1.037244,-0.260547
2021-08-05,241.911700,209.200200,1.156365,32.711500,-1.559991,1.559991,1.040953,0.357607
2021-08-06,242.004800,209.196100,1.156832,32.808700,-1.489985,1.489985,1.039116,-0.176552
2021-08-09,242.139900,208.926200,1.158973,33.213700,-1.112183,1.112183,1.029197,-0.954493
2021-08-10,242.134500,208.866800,1.159277,33.267700,-1.085383,1.085383,1.028494,-0.068360
2021-08-11,242.237900,208.849100,1.159870,33.388800,-0.991486,0.991486,1.026029,-0.239674
2021-08-12,242.299400,209.013900,1.159250,33.285500,-1.121993,1.121993,1.029455,0.333921
2021-08-13,242.353900,208.975400,1.159725,33.378500,-1.056202,1.056202,1.027728,-0.167775
2021-08-16,242.498900,208.971700,1.160439,33.527200,-0.934715,0.934715,1.024538,-0.310331
2021-08-17,242.588600,208.994000,1.160744,33.594600,-0.894530,0.894530,1.023483,-0.102968
2021-08-18,242.646100,209.192400,1.159918,33.453700,-1.062648,1.062648,1.027897,0.431227
2021-08-19,242.711500,209.377000,1.159208,33.334500,-1.209070,1.209070,1.031741,0.373962
2021-08-20,242.747000,209.398600,1.159258,33.348400,-1.222395,1.222395,1.032091,0.033904
2021-08-23,242.850500,209.356800,1.159984,33.493700,-1.104322,1.104322,1.028991,-0.300332
2021-08-24,242.904600,209.385200,1.160085,33.519400,-1.105853,1.105853,1.029031,0.003905
2021-08-25,242.932400,209.524800,1.159445,33.407600,-1.244887,1.244887,1.032681,0.354702
2021-08-26,242.885100,209.292900,1.160503,33.592200,-1.087524,1.087524,1.028550,-0.400044
2021-08-27,242.871300,209.359600,1.160068,33.511700,-1.195264,1.195264,1.031378,0.274994
2021-08-30,243.023500,209.460400,1.160236,33.563100,-1.171107,1.171107,1.030744,-0.061489
2021-08-31,243.057000,209.537800,1.159967,33.519200,-1.242253,1.242253,1.032612,0.181206
2021-09-01,243.083900,209.693400,1.159235,33.390500,-1.398203,1.398203,1.036706,0.396477
2021-09-02,243.171300,209.730900,1.159444,33.440400,-1.375555,1.375555,1.036111,-0.057350
2021-09-03,243.195000,209.721400,1.159610,33.473600,-1.369611,1.369611,1.035955,-0.015062
2021-09-06,243.310400,209.770800,1.159887,33.539600,-1.330870,1.330870,1.034938,-0.098176
2021-09-07,243.340800,209.701100,1.160417,33.639700,-1.258032,1.258032,1.033026,-0.184763
2021-09-08,243.396300,209.625400,1.161101,33.770900,-1.154097,1.154097,1.030298,-0.264132
2021-09-09,243.371100,209.588700,1.161184,33.782400,-1.169865,1.169865,1.030712,0.040179
2021-09-10,243.327000,209.560600,1.161130,33.766400,-1.213136,1.213136,1.031848,0.110214
2021-09-13,243.484000,209.526600,1.162067,33.957400,-1.049411,1.049411,1.027549,-0.416555
2021-09-14,243.522600,209.361800,1.163166,34.160800,-0.873289,0.873289,1.022926,-0.449969
2021-09-15,243.518600,209.420500,1.162821,34.098100,-0.963270,0.963270,1.025288,0.230929
2021-09-16,243.561300,209.323000,1.163567,34.238300,-0.850354,0.850354,1.022324,-0.289121
2021-09-17,243.577800,209.469800,1.162830,34.108000,-1.007942,1.007942,1.026461,0.404674
2021-09-18,243.589100,209.459000,1.162944,34.130100,-1.013133,1.013133,1.026597,0.013276
2021-09-22,243.674000,209.648700,1.162297,34.025300,-1.145227,1.145227,1.030065,0.337796
2021-09-23,243.727600,209.674900,1.162407,34.052700,-1.145124,1.145124,1.030062,-0.000262
2021-09-24,243.734400,209.630800,1.162684,34.103600,-1.121524,1.121524,1.029442,-0.060147
2021-09-26,243.809400,209.671100,1.162818,34.138300,-1.114128,1.114128,1.029248,-0.018862
2021-09-27,243.767200,209.644600,1.162764,34.122600,-1.157135,1.157135,1.030377,0.109696
2021-09-28,243.773100,209.561800,1.163252,34.211300,-1.095745,1.095745,1.028766,-0.156412
2021-09-29,243.735800,209.624500,1.162726,34.111300,-1.223059,1.223059,1.032108,0.324885
2021-09-30,243.808400,209.773800,1.162244,34.034600,-1.327075,1.327075,1.034839,0.264576
2021-10-08,244.143500,209.792500,1.163738,34.351000,-1.037996,1.037996,1.027250,-0.733359
2021-10-09,244.096000,209.754400,1.163723,34.341600,-1.074719,1.074719,1.028214,0.093851
2021-10-11,244.027300,209.535700,1.164610,34.491600,-0.952046,0.952046,1.024993,-0.313212
2021-10-12,243.980000,209.468700,1.164756,34.511300,-0.959676,0.959676,1.025194,0.019542
2021-10-13,244.020400,209.370300,1.165497,34.650100,-0.848209,0.848209,1.022267,-0.285437
2021-10-14,244.086100,209.387900,1.165713,34.698200,-0.827446,0.827446,1.021722,-0.053322
2021-10-15,244.123200,209.328900,1.166218,34.794300,-0.758686,0.758686,1.019917,-0.176675
2021-10-18,244.183700,208.843800,1.169217,35.339900,-0.240429,0.240429,1.006311,-1.333987
2021-10-19,244.160400,208.792800,1.169391,35.367600,-0.240076,0.240076,1.006302,-0.000922
2021-10-20,244.248200,208.963900,1.168854,35.284300,-0.350726,0.350726,1.009207,0.288665
2021-10-21,244.289300,209.152300,1.167997,35.137000,-0.525379,0.525379,1.013792,0.454327
2021-10-22,244.351400,209.225400,1.167886,35.126000,-0.563736,0.563736,1.014799,0.099326
2021-10-25,244.548600,209.287300,1.168483,35.261300,-0.455796,0.455796,1.011965,-0.279237
2021-10-26,244.603200,209.371100,1.168276,35.232100,-0.512359,0.512359,1.013450,0.146738
2021-10-27,244.712700,209.464100,1.168280,35.248600,-0.523226,0.523226,1.013736,0.028150
2021-10-28,244.784800,209.531100,1.168250,35.253700,-0.545496,0.545496,1.014320,0.057673
2021-10-29,244.908000,209.585900,1.168533,35.322100,-0.504470,0.504470,1.013243,-0.106184
2021-11-01,245.052000,209.779500,1.168141,35.272500,-0.581447,0.581447,1.015264,0.199443
2021-11-02,245.132500,209.993400,1.167334,35.139100,-0.742227,0.742227,1.019485,0.415744
2021-11-03,245.290500,210.108700,1.167446,35.181800,-0.726911,0.726911,1.019083,-0.039440
2021-11-04,245.361000,210.189500,1.167332,35.171500,-0.764599,0.764599,1.020072,0.097086
2021-11-05,245.473400,210.473600,1.166291,34.999800,-0.963689,0.963689,1.025299,0.512379
2021-11-08,245.613800,210.545800,1.166558,35.068000,-0.922884,0.922884,1.024228,-0.104482
2021-11-09,245.599100,210.408900,1.167247,35.190200,-0.828081,0.828081,1.021739,-0.242993
2021-11-10,245.696700,210.499300,1.167209,35.197400,-0.848282,0.848282,1.022269,0.051905
2021-11-11,245.749500,210.401500,1.168003,35.348000,-0.725087,0.725087,1.019035,-0.316374
2021-11-12,245.749300,210.464100,1.167654,35.285200,-0.815295,0.815295,1.021403,0.232395
2021-11-15,245.927600,210.620600,1.167633,35.307000,-0.820906,0.820906,1.021551,0.014423
2021-11-16,245.984900,210.730600,1.167296,35.254300,-0.901021,0.901021,1.023654,0.205885
2021-11-17,246.021400,210.715600,1.167552,35.305800,-0.876939,0.876939,1.023022,-0.061760
2021-11-18,246.131300,210.805300,1.167576,35.326000,-0.884161,0.884161,1.023211,0.018533
2021-11-19,246.184000,210.819200,1.167749,35.364800,-0.872787,0.872787,1.022912,-0.029184
2021-11-22,246.262900,210.947200,1.167415,35.315700,-0.949316,0.949316,1.024922,0.196408
2021-11-23,246.331400,210.961500,1.167660,35.369900,-0.922548,0.922548,1.024219,-0.068563
2021-11-24,246.402900,211.128000,1.167078,35.274900,-1.044984,1.044984,1.027433,0.313825
2021-11-25,246.486600,211.243700,1.166835,35.242900,-1.104423,1.104423,1.028994,0.151877
2021-11-26,246.536900,211.407500,1.166169,35.129400,-1.245366,1.245366,1.032694,0.359586
2021-11-29,246.683000,211.455900,1.166593,35.227100,-1.175113,1.175113,1.030849,-0.178595
2021-11-30,246.635200,211.381700,1.166776,35.253500,-1.176163,1.176163,1.030877,0.002674
2021-12-01,246.702200,211.411600,1.166928,35.290600,-1.166516,1.166516,1.030624,-0.024566
2021-12-02,246.787700,211.352000,1.167662,35.435700,-1.048873,1.048873,1.027535,-0.299666
2021-12-03,246.807200,211.257300,1.168278,35.549900,-0.962134,0.962134,1.025258,-0.221611
2021-12-06,247.000200,211.635100,1.167104,35.365100,-1.174398,1.174398,1.030831,0.543520
2021-12-07,247.041000,211.601600,1.167482,35.439400,-1.127566,1.127566,1.029601,-0.119270
2021-12-08,247.046600,211.476500,1.168199,35.570100,-1.024337,1.024337,1.026891,-0.263210
2021-12-09,247.084200,211.506400,1.168211,35.577800,-1.044112,1.044112,1.027410,0.050555
2021-12-10,247.113200,211.645800,1.167579,35.467400,-1.181990,1.181990,1.031030,0.352309
2021-12-13,247.311100,211.742800,1.167979,35.568300,-1.108573,1.108573,1.029102,-0.186940
2021-12-14,247.285400,211.931100,1.166820,35.354300,-1.350058,1.350058,1.035442,0.616033
2021-12-15,247.338800,212.069300,1.166311,35.269500,-1.462347,1.462347,1.038390,0.284698
2021-12-16,247.343200,212.138500,1.165951,35.204700,-1.554640,1.554640,1.040813,0.233335
2021-12-17,247.409800,212.229200,1.165767,35.180600,-1.606237,1.606237,1.042167,0.130142
2021-12-20,247.544000,212.114100,1.167032,35.429900,-1.384437,1.384437,1.036345,-0.558722
2021-12-21,247.505200,212.039000,1.167263,35.466200,-1.375640,1.375640,1.036114,-0.022283
2021-12-22,247.466900,212.168000,1.166372,35.298900,-1.570448,1.570448,1.041228,0.493593
2021-12-23,247.549300,212.374900,1.165624,35.174400,-1.722459,1.722459,1.045219,0.383266
2021-12-24,247.524300,212.408600,1.165321,35.115700,-1.808673,1.808673,1.047482,0.216543
2021-12-27,247.627900,212.601300,1.164753,35.026600,-1.925291,1.925291,1.050543,0.292275
2021-12-28,247.659400,212.673100,1.164507,34.986300,-1.993113,1.993113,1.052324,0.169483
2021-12-29,247.774900,212.841300,1.164130,34.933600,-2.073339,2.073339,1.054430,0.200140
2021-12-30,247.871600,213.000500,1.163714,34.871100,-2.163368,2.163368,1.056794,0.224149
2021-12-31,247.898400,213.055600,1.163539,34.842800,-2.219200,2.219200,1.058259,0.138698
2022-01-04,248.219500,213.072800,1.164952,35.146700,-1.942837,1.942837,1.051004,-0.685583
2022-01-05,248.345500,213.101600,1.165385,35.243900,-1.873177,1.873177,1.049175,-0.174000
2022-01-06,248.391800,212.954500,1.166408,35.437300,-1.707321,1.707321,1.044821,-0.415007
2022-01-07,248.420500,212.985300,1.166374,35.435200,-1.736968,1.736968,1.045599,0.074493
2022-01-10,248.621600,213.209300,1.166092,35.412300,-1.787419,1.787419,1.046924,0.126671
2022-01-11,248.667900,213.323600,1.165684,35.344300,-1.882974,1.882974,1.049432,0.239612
2022-01-12,248.787100,213.408900,1.165777,35.378200,-1.876632,1.876632,1.049266,-0.015864
2022-01-13,248.884700,213.406500,1.166247,35.478200,-1.804195,1.804195,1.047364,-0.181239
2022-01-14,248.930200,213.432000,1.166321,35.498200,-1.811760,1.811760,1.047563,0.018964
2022-01-17,249.157500,213.590400,1.166520,35.567100,-1.770430,1.770430,1.046478,-0.103577
2022-01-18,249.253600,214.064900,1.164383,35.188700,-2.176403,2.176403,1.057136,1.018448
2022-01-19,249.445000,214.315600,1.163914,35.129400,-2.263280,2.263280,1.059417,0.215747
2022-01-20,249.504800,214.327900,1.164127,35.176900,-2.243361,2.243361,1.058894,-0.049361
2022-01-21,249.600900,214.558800,1.163322,35.042100,-2.405745,2.405745,1.063157,0.402590
2022-01-24,249.802800,214.985000,1.161955,34.817800,-2.657633,2.657633,1.069769,0.621988
2022-01-25,249.905900,214.918100,1.162796,34.987800,-2.515225,2.515225,1.066031,-0.349475
2022-01-26,249.972200,214.674200,1.164426,35.298000,-2.232621,2.232621,1.058612,-0.695955
2022-01-27,250.048400,214.616300,1.165095,35.432100,-2.126120,2.126120,1.055816,-0.264112
2022-01-28,250.103900,214.752300,1.164616,35.351600,-2.234223,2.234223,1.058654,0.268795
2022-01-29,250.149600,214.873800,1.164170,35.275800,-2.337629,2.337629,1.061368,0.256428
2022-01-30,250.256000,214.963700,1.164178,35.292300,-2.348740,2.348740,1.061660,0.027481
2022-02-07,250.628300,214.968700,1.165883,35.659600,-2.009054,2.009054,1.052742,-0.839970
2022-02-08,250.683400,215.066300,1.165610,35.617100,-2.079172,2.079172,1.054583,0.174855
2022-02-09,250.753400,214.988000,1.166360,35.765400,-1.958493,1.958493,1.051415,-0.300414
2022-02-10,250.784900,215.056200,1.166137,35.728700,-2.022819,2.022819,1.053104,0.160613
2022-02-11,250.717500,214.509000,1.168797,36.208500,-1.570648,1.570648,1.041233,-1.127205
2022-02-14,250.809000,214.485400,1.169352,36.323600,-1.483181,1.483181,1.038937,-0.220530
2022-02-15,250.787900,214.496000,1.169196,36.291900,-1.542517,1.542517,1.040495,0.149936
2022-02-16,250.797300,214.546200,1.168966,36.251100,-1.610958,1.610958,1.042291,0.172681
2022-02-17,250.852800,214.734600,1.168199,36.118200,-1.771502,1.771502,1.046506,0.404368
2022-02-18,250.893200,214.667500,1.168753,36.225700,-1.691650,1.691650,1.044410,-0.200316
2022-02-21,250.909500,214.315200,1.170750,36.594300,-1.350701,1.350701,1.035459,-0.857017
2022-02-22,250.909200,214.026000,1.172330,36.883200,-1.089457,1.089457,1.028601,-0.662348
2022-02-23,250.935700,214.118700,1.171947,36.817000,-1.183316,1.183316,1.031065,0.239553
2022-02-24,250.965300,214.192400,1.171682,36.772900,-1.255079,1.255079,1.032949,0.182720
2022-02-25,250.954400,214.158200,1.171818,36.796200,-1.259445,1.259445,1.033063,0.011098
2022-02-28,251.092400,214.354400,1.171389,36.738000,-1.345316,1.345316,1.035318,0.218217
2022-03-01,251.076100,214.214000,1.172081,36.862100,-1.248890,1.248890,1.032786,-0.244507
2022-03-02,251.085900,213.960800,1.173514,37.125100,-1.013568,1.013568,1.026608,-0.598169
2022-03-03,250.998500,213.623400,1.174958,37.375100,-0.791250,0.791250,1.020772,-0.568515
2022-03-04,250.889700,213.550600,1.174849,37.339100,-0.854935,0.854935,1.022444,0.163789
2022-03-07,250.949600,213.678000,1.174429,37.271600,-0.950124,0.950124,1.024943,0.244411
2022-03-08,250.879600,213.880800,1.172988,36.998800,-1.250617,1.250617,1.032832,0.769673
2022-03-09,250.726500,213.654100,1.173516,37.072400,-1.204714,1.204714,1.031626,-0.116677
2022-03-10,250.624900,213.601400,1.173330,37.023500,-1.281315,1.281315,1.033637,0.194931
2022-03-11,250.507300,213.901800,1.171132,36.605500,-1.727019,1.727019,1.045338,1.132010
2022-03-14,250.783900,214.344100,1.170006,36.439800,-1.920427,1.920427,1.050416,0.485724
2022-03-15,250.687900,213.778500,1.172653,36.909400,-1.478539,1.478539,1.038815,-1.104390
2022-03-16,250.649700,213.822600,1.172232,36.827100,-1.588555,1.588555,1.041703,0.278028
2022-03-17,250.643600,213.896800,1.171797,36.746800,-1.696575,1.696575,1.044539,0.272226
2022-03-18,250.673400,214.052700,1.171083,36.620700,-1.850398,1.850398,1.048577,0.386606
2022-03-21,250.658400,213.983700,1.171390,36.674700,-1.824125,1.824125,1.047888,-0.065778
2022-03-22,250.671000,213.769200,1.172624,36.901800,-1.624756,1.624756,1.042654,-0.499476
2022-03-23,250.704600,213.801300,1.172606,36.903300,-1.650991,1.650991,1.043342,0.066055
2022-03-24,250.723600,213.861300,1.172365,36.862300,-1.719729,1.719729,1.045147,0.172960
2022-03-25,250.756700,213.964200,1.171956,36.792500,-1.817271,1.817271,1.047708,0.245012
2022-03-28,250.902200,214.050700,1.172162,36.851500,-1.786017,1.786017,1.046887,-0.078314
2022-03-29,250.987000,214.020100,1.172726,36.966900,-1.698367,1.698367,1.044586,-0.219798
2022-03-30,251.015300,214.174400,1.172014,36.840900,-1.852121,1.852121,1.048623,0.386414
2022-03-31,251.077800,214.221500,1.172048,36.856300,-1.864478,1.864478,1.048947,0.030937
2022-04-01,251.173400,214.410800,1.171459,36.762600,-1.985939,1.985939,1.052136,0.303987
2022-04-02,251.280800,214.539900,1.171254,36.740900,-2.035404,2.035404,1.053434,0.123423
2022-04-06,251.505800,214.751600,1.171148,36.754200,-2.049873,2.049873,1.053814,0.036058
2022-04-07,251.618900,214.930200,1.170701,36.688700,-2.143146,2.143146,1.056263,0.232360
2022-04-08,251.750600,214.921600,1.171360,36.829000,-2.030622,2.030622,1.053309,-0.279668
2022-04-11,251.954300,214.816600,1.172881,37.137700,-1.749702,1.749702,1.045934,-0.700162
2022-04-12,252.061600,214.791600,1.173517,37.270000,-1.645186,1.645186,1.043190,-0.262331
2022-04-13,252.134900,214.867500,1.173444,37.267400,-1.675574,1.675574,1.043988,0.076473
2022-04-14,252.246300,215.117700,1.172597,37.128600,-1.842165,1.842165,1.048361,0.418918
2022-04-15,252.339100,215.227800,1.172428,37.111300,-1.887261,1.887261,1.049545,0.112926
2022-04-18,252.417200,214.987900,1.174100,37.429300,-1.597060,1.597060,1.041927,-0.725887
2022-04-19,252.480400,214.983800,1.174416,37.496600,-1.557563,1.557563,1.040890,-0.099518
2022-04-20,252.449400,214.865600,1.174918,37.583800,-1.498169,1.498169,1.039330,-0.149797
2022-04-21,252.471200,214.913000,1.174760,37.558200,-1.551580,1.551580,1.040733,0.134910
2022-04-22,252.556600,214.946000,1.174977,37.610600,-1.526994,1.526994,1.040087,-0.062018
2022-04-24,252.615700,214.957600,1.175189,37.658100,-1.507312,1.507312,1.039570,-0.049679
2022-04-25,252.679000,215.088600,1.174767,37.590400,-1.602834,1.602834,1.042078,0.241224
2022-04-26,252.770400,215.117800,1.175032,37.652600,-1.568460,1.568460,1.041176,-0.086598
2022-04-27,252.846600,214.995700,1.176054,37.850900,-1.397989,1.397989,1.036700,-0.429830
2022-04-28,252.883900,214.810200,1.177243,38.073700,-1.203022,1.203022,1.031582,-0.493718
2022-04-29,252.946600,214.896200,1.177064,38.050400,-1.254159,1.254159,1.032925,0.130138
2022-05-05,253.212100,215.081100,1.177287,38.131000,-1.201400,1.201400,1.031539,-0.134092
2022-05-06,253.307400,215.076900,1.177753,38.230500,-1.129745,1.129745,1.029658,-0.182362
2022-05-07,253.379100,215.138900,1.177747,38.240200,-1.147893,1.147893,1.030135,0.046272
2022-05-09,253.519900,215.230400,1.177900,38.289500,-1.126445,1.126445,1.029572,-0.054659
2022-05-10,253.612300,215.466600,1.177038,38.145700,-1.298101,1.298101,1.034078,0.437697
2022-05-11,253.716400,215.393300,1.177922,38.323100,-1.148561,1.148561,1.030152,-0.379644
2022-05-12,253.818000,215.496700,1.177828,38.321300,-1.178224,1.178224,1.030931,0.075595
2022-05-13,253.952700,215.538300,1.178225,38.414400,-1.112991,1.112991,1.029218,-0.166115
2022-05-16,254.164200,215.510800,1.179357,38.653400,-0.901862,0.901862,1.023676,-0.538533
2022-05-17,254.269000,215.686100,1.178884,38.582900,-1.000237,1.000237,1.026258,0.252286
2022-05-18,254.367200,215.855400,1.178415,38.511800,-1.099216,1.099216,1.028857,0.253195
2022-05-19,254.468000,215.975800,1.178225,38.492200,-1.146698,1.146698,1.030103,0.121157
2022-05-20,254.562200,215.863000,1.179277,38.699200,-0.967584,0.967584,1.025401,-0.456478
2022-05-23,254.750200,216.089500,1.178911,38.660700,-1.033974,1.033974,1.027144,0.169973
2022-05-24,254.878000,216.126000,1.179303,38.752000,-0.970567,0.970567,1.025479,-0.162059
2022-05-25,254.917000,216.092500,1.179666,38.824500,-0.925965,0.925965,1.024309,-0.114184
2022-05-26,255.029400,216.376800,1.178636,38.652600,-1.125766,1.125766,1.029554,0.512081
2022-05-27,255.111300,216.413200,1.178816,38.698100,-1.108170,1.108170,1.029092,-0.044866
2022-05-30,255.261000,216.316600,1.180034,38.944400,-0.889779,0.889779,1.023359,-0.557125
2022-05-31,255.249700,216.075800,1.181297,39.173900,-0.688191,0.688191,1.018066,-0.517139
2022-06-01,255.209900,216.014900,1.181446,39.195000,-0.695008,0.695008,1.018245,0.017576
2022-06-02,255.210100,215.908900,1.182027,39.301200,-0.616727,0.616727,1.016190,-0.201823
2022-06-06,255.220600,215.741500,1.182993,39.479100,-0.466751,0.466751,1.012253,-0.387453
2022-06-07,255.133600,215.718300,1.182717,39.415300,-0.558478,0.558478,1.014661,0.237893
2022-06-08,255.155000,215.812100,1.182302,39.342900,-0.658809,0.658809,1.017295,0.259589
2022-06-09,255.281500,215.890200,1.182460,39.391300,-0.638344,0.638344,1.016758,-0.052813
2022-06-10,255.383200,215.969000,1.182499,39.414200,-0.643383,0.643383,1.016890,0.013010
2022-06-13,255.472400,215.961600,1.182953,39.510800,-0.574725,0.574725,1.015088,-0.177250
2022-06-14,255.558200,215.908800,1.183640,39.649400,-0.464071,0.464071,1.012183,-0.286177
2022-06-15,255.625000,215.910200,1.183941,39.714800,-0.426621,0.426621,1.011200,-0.097133
2022-06-16,255.676600,216.010400,1.183631,39.666200,-0.503174,0.503174,1.013209,0.198747
2022-06-17,255.833900,216.121100,1.183753,39.712800,-0.484532,0.484532,1.012720,-0.048304
2022-06-20,255.969000,216.036700,1.184840,39.932300,-0.292993,0.292993,1.007691,-0.496523
2022-06-21,256.030700,216.008800,1.185279,40.021900,-0.231357,0.231357,1.006073,-0.160573
2022-06-22,256.118300,216.109000,1.185135,40.009300,-0.271926,0.271926,1.007138,0.105859
2022-06-23,256.218600,216.174900,1.185238,40.043700,-0.265498,0.265498,1.006970,-0.016755
2022-06-24,256.256600,216.106100,1.185791,40.150500,-0.186674,0.186674,1.004900,-0.205501
2022-06-27,256.354800,215.905300,1.187348,40.449500,0.084347,-0.084347,0.997785,-0.708028
2022-06-28,256.315700,215.836400,1.187546,40.479300,0.086164,-0.086164,0.997738,-0.004780
2022-06-29,256.374900,215.857900,1.187702,40.517000,0.095877,-0.095877,0.997483,-0.025557
2022-06-30,256.403000,216.028400,1.186895,40.374600,-0.074514,0.074514,1.001956,0.448448
2022-07-01,256.507600,216.150700,1.186707,40.356900,-0.120208,0.120208,1.003155,0.119725
2022-07-04,256.575000,215.985700,1.187926,40.589300,0.084194,-0.084194,0.997789,-0.534919
2022-07-05,256.602500,215.812300,1.189008,40.790200,0.257092,-0.257092,0.993250,-0.454908
2022-07-06,256.731100,215.964800,1.188764,40.766300,0.205186,-0.205186,0.994613,0.137191
2022-07-07,256.812400,215.970800,1.189107,40.841600,0.252477,-0.252477,0.993371,-0.124823
2022-07-08,256.854300,216.001800,1.189130,40.852500,0.235364,-0.235364,0.993821,0.045225
2022-07-11,257.030800,216.194900,1.188885,40.835900,0.190748,-0.190748,0.994992,0.117858
2022-07-12,257.113900,216.379900,1.188252,40.734000,0.060828,-0.060828,0.998403,0.342791
2022-07-13,257.289000,216.495500,1.188427,40.793500,0.092304,-0.092304,0.997576,-0.082765
2022-07-14,257.388300,216.639800,1.188093,40.748500,0.019276,-0.019276,0.999494,0.192182
2022-07-15,257.514600,216.731700,1.188172,40.782900,0.025645,-0.025645,0.999326,-0.016728
2022-07-18,257.704700,216.873100,1.188274,40.831600,0.046310,-0.046310,0.998784,-0.054288
2022-07-19,257.825200,216.883100,1.188775,40.942100,0.128771,-0.128771,0.996619,-0.216746
2022-07-20,257.952500,217.007600,1.188680,40.944900,0.103529,-0.103529,0.997282,0.066492
2022-07-21,258.073500,217.208800,1.188136,40.864700,-0.004717,0.004717,1.000123,0.284948
2022-07-22,258.173700,217.133200,1.189011,41.040500,0.143033,-0.143033,0.996245,-0.387835
2022-07-25,258.406600,217.238400,1.189507,41.168200,0.242680,-0.242680,0.993629,-0.262584
2022-07-26,258.555500,217.427300,1.189158,41.128200,0.174623,-0.174623,0.995415,0.179813
2022-07-27,258.669900,217.594800,1.188769,41.075100,0.093462,-0.093462,0.997546,0.214049
2022-07-28,258.726500,217.456500,1.189785,41.270000,0.260298,-0.260298,0.993166,-0.439064
2022-07-29,258.857100,217.719400,1.188948,41.137700,0.099930,-0.099930,0.997376,0.423904
2022-08-01,259.109400,218.056300,1.188268,41.053100,-0.012742,0.012742,1.000334,0.296570
2022-08-02,259.282100,218.238400,1.188068,41.043700,-0.050217,0.050217,1.001318,0.098349
2022-08-03,259.410300,218.468800,1.187402,40.941500,-0.180496,0.180496,1.004738,0.341565
2022-08-04,259.555800,218.742200,1.186583,40.813600,-0.336479,0.336479,1.008833,0.407563
2022-08-05,259.624900,218.621100,1.187556,41.003800,-0.174365,0.174365,1.004577,-0.421864
2022-08-08,259.796300,218.553600,1.188707,41.242700,0.036445,-0.036445,0.999043,-0.550909
2022-08-09,259.808000,218.369600,1.189763,41.438400,0.204052,-0.204052,0.994643,-0.440431
2022-08-10,259.882200,218.369000,1.190106,41.513200,0.250754,-0.250754,0.993417,-0.123267
2022-08-11,259.939500,218.247900,1.191029,41.691600,0.401054,-0.401054,0.989471,-0.397189
2022-08-12,260.023700,218.339000,1.190917,41.684700,0.366049,-0.366049,0.990390,0.092874
2022-08-15,260.285600,219.030600,1.188353,41.255000,-0.091759,0.091759,1.002409,1.213525
2022-08-16,260.436700,219.309000,1.187533,41.127700,-0.247171,0.247171,1.006488,0.407015
2022-08-17,260.503200,219.184600,1.188511,41.318600,-0.084386,0.084386,1.002215,-0.424596
2022-08-18,260.593400,219.429000,1.187598,41.164400,-0.266705,0.266705,1.007001,0.477576
2022-08-19,260.645500,219.436100,1.187797,41.209400,-0.249828,0.249828,1.006558,-0.043999
2022-08-22,260.732900,219.415400,1.188307,41.317500,-0.169854,0.169854,1.004459,-0.208584
2022-08-23,260.784900,219.209300,1.189662,41.575600,0.060116,-0.060116,0.998421,-0.601051
2022-08-24,260.794400,219.191000,1.189804,41.603400,0.059783,-0.059783,0.998430,0.000877
2022-08-25,260.678300,219.037700,1.190107,41.640600,0.068846,-0.068846,0.998192,-0.023830
2022-08-26,260.591700,218.916300,1.190371,41.675400,0.075505,-0.075505,0.998017,-0.017514
2022-08-29,260.712600,219.090800,1.189975,41.621800,-0.006239,0.006239,1.000163,0.215026
2022-08-30,260.718300,219.285900,1.188942,41.432400,-0.223787,0.223787,1.005875,0.571026
2022-08-31,260.746900,219.353400,1.188707,41.393500,-0.290839,0.290839,1.007635,0.174999
2022-09-01,260.809700,219.485600,1.188277,41.324100,-0.388394,0.388394,1.010196,0.254167
2022-09-02,260.887000,219.589500,1.188067,41.297500,-0.443153,0.443153,1.011634,0.142305
2022-09-05,261.063100,219.739800,1.188056,41.323300,-0.445515,0.445515,1.011696,0.006130
2022-09-06,261.177100,219.834700,1.188061,41.342400,-0.454581,0.454581,1.011934,0.023525
2022-09-07,261.210400,219.817600,1.188305,41.392800,-0.432350,0.432350,1.011350,-0.057672
2022-09-08,261.264800,219.784900,1.188730,41.479900,-0.373424,0.373424,1.009803,-0.152962
2022-09-09,261.293900,219.757700,1.189009,41.536200,-0.345300,0.345300,1.009065,-0.073114
2022-09-13,261.471100,219.708800,1.190080,41.762300,-0.147381,0.147381,1.003869,-0.514922
2022-09-14,261.493700,219.672200,1.190381,41.821500,-0.116365,0.116365,1.003054,-0.081111
2022-09-15,261.584300,219.752400,1.190359,41.831900,-0.134152,0.134152,1.003521,0.046555
2022-09-16,261.620800,219.607300,1.191312,42.013500,0.019257,-0.019257,0.999494,-0.401324
2022-09-19,261.687400,219.693200,1.191149,41.994200,-0.028238,0.028238,1.000741,0.124749
2022-09-20,261.691800,219.826600,1.190446,41.865200,-0.185436,0.185436,1.004868,0.412380
2022-09-21,261.738100,219.961100,1.189929,41.777000,-0.301838,0.301838,1.007924,0.304104
2022-09-22,261.765200,220.022100,1.189722,41.743100,-0.363943,0.363943,1.009554,0.161761
2022-09-23,261.736100,219.928300,1.190097,41.807800,-0.327452,0.327452,1.008596,-0.094892
2022-09-26,261.807300,219.661100,1.191869,42.146200,-0.017265,0.017265,1.000453,-0.807381
2022-09-27,261.728300,219.603100,1.191824,42.125200,-0.066481,0.066481,1.001745,0.129146
2022-09-28,261.643700,219.525300,1.191861,42.118400,-0.101501,0.101501,1.002664,0.091775
2022-09-29,261.647400,219.455500,1.192257,42.191900,-0.056224,0.056224,1.001476,-0.118547
2022-09-30,261.624700,219.337900,1.192793,42.286800,0.010449,-0.010449,0.999725,-0.174776
2022-10-08,261.914100,219.442300,1.193544,42.471800,0.167219,-0.167219,0.995610,-0.411674
2022-10-09,261.909300,219.605300,1.192637,42.304000,-0.028815,0.028815,1.000756,0.516909
2022-10-10,261.991700,219.811800,1.191891,42.179900,-0.181152,0.181152,1.004755,0.399623
2022-10-11,262.070600,219.920900,1.191658,42.149700,-0.239593,0.239593,1.006290,0.152696
2022-10-12,262.158700,219.890400,1.192224,42.268300,-0.149238,0.149238,1.003917,-0.235724
2022-10-13,262.179500,220.013000,1.191655,42.166500,-0.279286,0.279286,1.007332,0.340077
2022-10-14,262.241600,220.156200,1.191162,42.085400,-0.388638,0.388638,1.010202,0.284987
2022-10-17,262.437000,220.275300,1.191405,42.161700,-0.340593,0.340593,1.008941,-0.124856
2022-10-18,262.468800,220.251800,1.191676,42.217000,-0.313552,0.313552,1.008231,-0.070361
2022-10-19,262.557300,220.373600,1.191419,42.183700,-0.375114,0.375114,1.009847,0.160297
2022-10-20,262.643900,220.356300,1.191906,42.287600,-0.299480,0.299480,1.007862,-0.196623
2022-10-21,262.675100,220.339200,1.192140,42.335900,-0.279449,0.279449,1.007336,-0.052175
2022-10-24,262.805100,220.405600,1.192370,42.399500,-0.244122,0.244122,1.006408,-0.092067
2022-10-25,262.748600,220.335000,1.192496,42.413600,-0.258298,0.258298,1.006781,0.036980
2022-10-26,262.705000,220.416800,1.191856,42.288200,-0.411978,0.411978,1.010815,0.400732
2022-10-27,262.744600,220.569900,1.191208,42.174700,-0.553762,0.553762,1.014537,0.368235
2022-10-28,262.816200,220.637300,1.191168,42.178900,-0.577848,0.577848,1.015170,0.062328
2022-10-31,262.964000,220.815200,1.190878,42.148800,-0.636239,0.636239,1.016703,0.150999
2022-11-01,263.021600,220.711800,1.191697,42.309800,-0.503533,0.503533,1.013219,-0.342664
2022-11-02,263.059200,220.599400,1.192475,42.459800,-0.381830,0.381830,1.010024,-0.315332
2022-11-03,263.093000,220.608200,1.192580,42.484800,-0.385131,0.385131,1.010110,0.008580
2022-11-04,263.034100,220.473900,1.193040,42.560200,-0.338036,0.338036,1.008874,-0.122400
2022-11-07,263.104200,220.486300,1.193290,42.617900,-0.308644,0.308644,1.008102,-0.076483
2022-11-08,263.052800,220.330000,1.193904,42.722800,-0.232055,0.232055,1.006092,-0.199448
2022-11-09,263.077900,220.314500,1.194102,42.763400,-0.219770,0.219770,1.005769,-0.032056
2022-11-10,263.002500,220.217900,1.194283,42.784600,-0.226889,0.226889,1.005956,0.018581
2022-11-11,262.804700,219.899100,1.195115,42.905600,-0.134211,0.134211,1.003523,-0.241863
2022-11-14,262.019300,218.575800,1.198757,43.443500,0.375364,-0.375364,0.990145,-1.333067
2022-11-15,261.482200,218.491600,1.196761,42.990600,-0.105865,0.105865,1.002779,1.275923
2022-11-16,261.125700,218.113800,1.197199,43.011900,-0.112898,0.112898,1.002963,0.018411
2022-11-17,260.756100,218.670700,1.192460,42.085400,-1.067733,1.067733,1.028030,2.499282
2022-11-18,260.688100,218.822600,1.191322,41.865500,-1.315973,1.315973,1.034547,0.633923
2022-11-21,260.790900,219.174500,1.189878,41.616400,-1.593416,1.593416,1.041831,0.704036
2022-11-22,260.744000,219.180800,1.189630,41.563200,-1.674962,1.674962,1.043972,0.205484
2022-11-23,260.802300,219.452700,1.188421,41.349600,-1.916912,1.916912,1.050323,0.608427
2022-11-24,261.002400,219.672600,1.188143,41.329800,-1.965065,1.965065,1.051588,0.120358
2022-11-25,260.986400,219.474000,1.189145,41.512400,-1.810822,1.810822,1.047538,-0.385064
2022-11-28,260.988200,219.315400,1.190013,41.672800,-1.678782,1.678782,1.044072,-0.330907
2022-11-29,260.656200,218.721600,1.191726,41.934600,-1.445346,1.445346,1.037944,-0.586962
2022-11-30,260.423000,218.631400,1.191151,41.791600,-1.616713,1.616713,1.042442,0.433436
2022-12-01,260.202700,218.653200,1.190025,41.549500,-1.887183,1.887183,1.049543,0.681145
2022-12-02,260.093500,218.779000,1.188841,41.314500,-2.150557,2.150557,1.056457,0.658786
2022-12-05,260.003000,218.726600,1.188712,41.276400,-2.217035,2.217035,1.058202,0.165194
2022-12-06,259.598600,218.512600,1.188026,41.086000,-2.435816,2.435816,1.063946,0.542765
2022-12-07,258.980000,218.463800,1.185460,40.516200,-3.034000,3.034000,1.079650,1.476002
2022-12-08,258.714400,218.584500,1.183590,40.129900,-3.448688,3.448688,1.090536,1.008347
2022-12-09,258.379100,218.396500,1.183073,39.982600,-3.624379,3.624379,1.095149,0.422943
2022-12-12,258.213000,218.328400,1.182682,39.884600,-3.750773,3.750773,1.098467,0.302989
2022-12-13,257.643600,217.985500,1.181930,39.658100,-4.005671,4.005671,1.105159,0.609188
2022-12-14,257.600000,218.469600,1.179111,39.130400,-4.561773,4.561773,1.119758,1.320994
2022-12-15,257.539300,218.619000,1.178028,38.920300,-4.800278,4.800278,1.126019,0.559171
2022-12-16,257.536100,218.436300,1.178999,39.099800,-4.649186,4.649186,1.122053,-0.352263
2022-12-19,257.639800,218.805100,1.177485,38.834700,-4.942698,4.942698,1.129758,0.686726
2022-12-20,257.618800,218.774500,1.177554,38.844300,-4.961513,4.961513,1.130252,0.043721
2022-12-21,257.652900,218.748100,1.177852,38.904800,-4.929431,4.929431,1.129410,-0.074516
2022-12-22,257.644600,219.048600,1.176198,38.596000,-5.266653,5.266653,1.138263,0.783855
2022-12-23,257.673500,219.400300,1.174445,38.273200,-5.617878,5.617878,1.147483,0.810056
2022-12-26,257.781600,219.387800,1.175004,38.393800,-5.525707,5.525707,1.145064,-0.210873
2022-12-27,257.787800,219.134300,1.176392,38.653500,-5.294439,5.294439,1.138992,-0.530222
2022-12-28,257.792500,219.135400,1.176407,38.657100,-5.319274,5.319274,1.139644,0.057243
2022-12-29,257.947700,219.484000,1.175246,38.463700,-5.541113,5.541113,1.145468,0.511022
2022-12-30,258.024300,219.683300,1.174529,38.341000,-5.692255,5.692255,1.149436,0.346397
2022-12-31,258.070400,219.678600,1.174763,38.391800,-5.669900,5.669900,1.148849,-0.051057
2023-01-03,258.345700,219.814500,1.175290,38.531200,-5.558949,5.558949,1.145936,-0.253537
2023-01-04,258.544400,219.953000,1.175453,38.591400,-5.527201,5.527201,1.145103,-0.072732
2023-01-05,258.644200,219.876500,1.176316,38.767700,-5.379356,5.379356,1.141221,-0.338948
2023-01-06,258.728700,219.638000,1.177978,39.090700,-5.084815,5.084815,1.133489,-0.677560
2023-01-09,258.954700,219.651000,1.178937,39.303700,-4.900277,4.900277,1.128644,-0.427406
2023-01-10,258.925500,219.351500,1.180414,39.574000,-4.658442,4.658442,1.122296,-0.562514
2023-01-11,258.927300,219.341500,1.180476,39.585800,-4.675111,4.675111,1.122733,0.038991
2023-01-12,258.924500,219.445000,1.179906,39.479500,-4.809883,4.809883,1.126271,0.315133
2023-01-13,258.959300,219.295300,1.180870,39.664000,-4.653858,4.653858,1.122175,-0.363683
2023-01-16,258.998300,219.019700,1.182534,39.978600,-4.367736,4.367736,1.114664,-0.669363
2023-01-17,258.956300,219.068400,1.182080,39.887900,-4.486918,4.486918,1.117793,0.280697
2023-01-18,258.978000,219.164400,1.181661,39.813600,-4.589703,4.589703,1.120491,0.241401
2023-01-19,258.988500,219.075700,1.182187,39.912800,-4.518991,4.518991,1.118635,-0.165674
2023-01-20,258.964000,219.101200,1.181938,39.862800,-4.597482,4.597482,1.120695,0.184207
2023-01-28,259.351300,219.244600,1.182931,40.106700,-4.382077,4.382077,1.115040,-0.504592
2023-01-29,259.370400,219.266900,1.182898,40.103500,-4.413774,4.413774,1.115872,0.074629
2023-01-30,259.351000,219.201800,1.183161,40.149200,-4.396575,4.396575,1.115421,-0.040463
2023-01-31,259.376600,219.309300,1.182698,40.067300,-4.506980,4.506980,1.118319,0.259847
2023-02-01,259.393400,219.313900,1.182749,40.079500,-4.523287,4.523287,1.118747,0.038281
2023-02-02,259.535900,219.420800,1.182823,40.115100,-4.516197,4.516197,1.118561,-0.016636
2023-02-03,259.664500,219.600600,1.182440,40.063900,-4.595911,4.595911,1.120654,0.187087
2023-02-06,259.855800,219.606800,1.183278,40.249000,-4.439328,4.439328,1.116543,-0.366813
2023-02-07,259.965700,219.553800,1.184064,40.411900,-4.304948,4.304948,1.113016,-0.315959
2023-02-08,260.100900,219.577900,1.184550,40.523000,-4.222371,4.222371,1.110848,-0.194773
2023-02-09,260.215300,219.657300,1.184642,40.558000,-4.215897,4.215897,1.110678,-0.015300
2023-02-10,260.324400,219.745800,1.184662,40.578600,-4.223826,4.223826,1.110886,0.018742
2023-02-13,260.591900,219.811200,1.185526,40.780700,-4.050258,4.050258,1.106329,-0.410177
2023-02-14,260.741100,219.848800,1.186002,40.892300,-3.967194,3.967194,1.104149,-0.197108
2023-02-15,260.825100,219.837400,1.186446,40.987700,-3.900332,3.900332,1.102393,-0.158972
2023-02-16,260.988900,219.864000,1.187047,41.124900,-3.791674,3.791674,1.099541,-0.258761
2023-02-17,261.149200,219.867000,1.187760,41.282200,-3.662918,3.662918,1.096161,-0.307416
2023-02-20,261.284200,219.622700,1.189696,41.661500,-3.312166,3.312166,1.086952,-0.840036
2023-02-21,261.300000,219.482500,1.190528,41.817500,-3.184716,3.184716,1.083607,-0.307822
2023-02-22,261.399400,219.608700,1.190296,41.790700,-3.240070,3.240070,1.085060,0.134105
2023-02-23,261.527500,219.569000,1.191095,41.958500,-3.100827,3.100827,1.081404,-0.336894
2023-02-24,261.663300,219.546500,1.191835,42.116800,-2.971086,2.971086,1.077998,-0.314963
2023-02-27,261.925500,219.565900,1.192924,42.359600,-2.756848,2.756848,1.072374,-0.521734
2023-02-28,261.992300,219.561500,1.193252,42.430800,-2.714214,2.714214,1.071255,-0.104373
2023-03-01,262.149700,219.594200,1.193792,42.555500,-2.618082,2.618082,1.068731,-0.235584
2023-03-02,262.263800,219.558400,1.194506,42.705400,-2.496754,2.496754,1.065546,-0.298035
2023-03-03,262.374100,219.483600,1.195416,42.890500,-2.340228,2.340228,1.061437,-0.385643
2023-03-06,262.605400,219.788500,1.194810,42.816900,-2.442405,2.442405,1.064119,0.252715
2023-03-07,262.713000,219.916400,1.194604,42.796600,-2.491285,2.491285,1.065402,0.120590
2023-03-08,262.886300,219.972700,1.195086,42.913600,-2.402867,2.402867,1.063081,-0.217869
2023-03-09,263.033300,220.003300,1.195588,43.030000,-2.315053,2.315053,1.060776,-0.216856
2023-03-10,263.197800,220.104300,1.195787,43.093500,-2.280142,2.280142,1.059859,-0.086401
2023-03-13,263.420900,220.149300,1.196556,43.271600,-2.130633,2.130633,1.055934,-0.370331
2023-03-14,263.603500,220.185700,1.197187,43.417800,-2.013027,2.013027,1.052847,-0.292391
2023-03-15,263.737900,220.152300,1.197979,43.585600,-1.873824,1.873824,1.049192,-0.347101
2023-03-16,263.921300,220.275800,1.198140,43.645500,-1.842523,1.842523,1.048371,-0.078319
2023-03-17,264.102400,220.339100,1.198618,43.763300,-1.753326,1.753326,1.046029,-0.223362
2023-03-20,264.337700,220.640300,1.198048,43.697400,-1.847831,1.847831,1.048510,0.237183
2023-03-21,264.487300,220.662900,1.198603,43.824400,-1.749439,1.749439,1.045927,-0.246354
2023-03-22,264.584000,220.551200,1.199649,44.032800,-1.569649,1.569649,1.041207,-0.451268
2023-03-23,264.684700,220.612700,1.199771,44.072000,-1.559063,1.559063,1.040929,-0.026693
2023-03-24,264.743100,220.525600,1.200510,44.217500,-1.442179,1.442179,1.037860,-0.294785
2023-03-27,264.913900,220.627200,1.200731,44.286700,-1.401597,1.401597,1.036795,-0.102650
2023-03-28,264.980000,220.668000,1.200808,44.312000,-1.404919,1.404919,1.036882,0.008410
2023-03-29,265.049500,220.752000,1.200666,44.297500,-1.448042,1.448042,1.038014,0.109184
2023-03-30,265.158500,220.845100,1.200654,44.313400,-1.460769,1.460769,1.038349,0.032187
2023-03-31,265.270900,220.858200,1.201091,44.412700,-1.390098,1.390098,1.036493,-0.178677
2023-04-03,265.442000,220.939900,1.201422,44.502100,-1.329330,1.329330,1.034898,-0.153915
2023-04-04,265.519200,220.914400,1.201910,44.604800,-1.255264,1.255264,1.032954,-0.187885
2023-04-06,265.638800,220.886400,1.202604,44.752400,-1.136301,1.136301,1.029830,-0.302345
2023-04-07,265.765900,220.893100,1.203143,44.872800,-1.044541,1.044541,1.027421,-0.233917
2023-04-10,265.971400,221.040800,1.203268,44.930600,-1.015383,1.015383,1.026656,-0.074504
2023-04-11,266.069500,221.158800,1.203070,44.910700,-1.063927,1.063927,1.027930,0.124133
2023-04-12,266.200600,221.265900,1.203080,44.934700,-1.068574,1.068574,1.028052,0.011868
2023-04-13,266.258600,221.220800,1.203588,45.037800,-0.994124,0.994124,1.026098,-0.190118
2023-04-14,266.340600,221.201400,1.204064,45.139200,-0.921375,0.921375,1.024188,-0.186125
2023-04-17,266.508600,221.123000,1.205250,45.385600,-0.703630,0.703630,1.018472,-0.558138
2023-04-18,266.622800,221.148300,1.205629,45.474500,-0.643387,0.643387,1.016890,-0.155285
2023-04-19,266.714300,221.286400,1.205290,45.427900,-0.718646,0.718646,1.018866,0.194293
2023-04-20,266.843700,221.288300,1.205864,45.555400,-0.619808,0.619808,1.016271,-0.254671
2023-04-21,266.987000,221.330000,1.206285,45.657000,-0.546872,0.546872,1.014356,-0.188410
2023-04-23,267.092400,221.380800,1.206484,45.711600,-0.520938,0.520938,1.013676,-0.067119
2023-04-24,267.172200,221.449500,1.206470,45.722700,-0.538507,0.538507,1.014137,0.045500
2023-04-25,267.219700,221.502900,1.206394,45.716800,-0.573078,0.573078,1.015044,0.089493
2023-04-26,267.321300,221.635300,1.206131,45.686000,-0.632551,0.632551,1.016606,0.153819
2023-04-27,267.413400,221.877700,1.205229,45.535700,-0.811527,0.811527,1.021304,0.462182
2023-04-28,267.485100,221.877500,1.205553,45.607600,-0.768305,0.768305,1.020170,-0.111102
2023-05-04,267.839700,222.163700,1.205596,45.676000,-0.728585,0.728585,1.019127,-0.102213
2023-05-05,268.008100,222.384400,1.205157,45.623700,-0.809568,0.809568,1.021253,0.208610
2023-05-06,268.109100,222.481800,1.205083,45.627300,-0.834653,0.834653,1.021911,0.064484
2023-05-08,268.237200,222.379600,1.206213,45.857600,-0.633040,0.633040,1.016619,-0.517937
2023-05-09,268.305400,222.442200,1.206180,45.863200,-0.656129,0.656129,1.017225,0.059624
2023-05-10,268.450300,222.644200,1.205737,45.806100,-0.741920,0.741920,1.019477,0.221411
2023-05-11,268.533900,222.949600,1.204460,45.584300,-0.992414,0.992414,1.026053,0.645046
2023-05-12,268.664300,222.948900,1.205049,45.715400,-0.890010,0.890010,1.023365,-0.262011
2023-05-15,268.817000,222.967700,1.205632,45.849300,-0.784808,0.784808,1.020603,-0.269877
2023-05-16,268.851800,222.887800,1.206220,45.964000,-0.698808,0.698808,1.018345,-0.221214
2023-05-17,268.932800,222.877600,1.206639,46.055200,-0.636310,0.636310,1.016704,-0.161117
2023-05-18,268.938000,222.759400,1.207303,46.178600,-0.541614,0.541614,1.014218,-0.244516
2023-05-19,269.005100,222.903000,1.206826,46.102100,-0.646821,0.646821,1.016980,0.272322
2023-05-22,269.173800,223.131100,1.206348,46.042700,-0.734929,0.734929,1.019293,0.227445
2023-05-23,269.249100,223.382600,1.205327,45.866500,-0.939839,0.939839,1.024673,0.527760
2023-05-24,269.284000,223.338200,1.205723,45.945800,-0.889252,0.889252,1.023345,-0.129607
2023-05-25,269.310100,223.266900,1.206225,46.043200,-0.820566,0.820566,1.021542,-0.176204
2023-05-26,269.308100,223.215300,1.206495,46.092800,-0.799683,0.799683,1.020993,-0.053668
2023-05-29,269.407700,223.307300,1.206444,46.100400,-0.820801,0.820801,1.021548,0.054301
2023-05-30,269.453300,223.447800,1.205889,46.005500,-0.944422,0.944422,1.024793,0.317690
2023-05-31,269.542800,223.530000,1.205846,46.012800,-0.965844,0.965844,1.025355,0.054879
2023-06-01,269.591000,223.741400,1.204922,45.849600,-1.157769,1.157769,1.030394,0.491391
2023-06-02,269.609500,223.673200,1.205372,45.936300,-1.099795,1.099795,1.028872,-0.147707
2023-06-05,269.653900,223.731100,1.205259,45.922800,-1.142023,1.142023,1.029981,0.107749
2023-06-06,269.692500,223.909500,1.204471,45.783000,-1.310553,1.310553,1.034405,0.429556
2023-06-07,269.754500,224.028800,1.204106,45.725700,-1.396585,1.396585,1.036664,0.218344
2023-06-08,269.815000,223.941600,1.204845,45.873400,-1.277618,1.277618,1.033540,-0.301271
2023-06-09,269.895300,224.066900,1.204530,45.828400,-1.351354,1.351354,1.035476,0.187293
2023-06-12,270.040800,224.233500,1.204284,45.807300,-1.401191,1.401191,1.036784,0.126353
2023-06-13,270.103400,224.386200,1.203743,45.717200,-1.520031,1.520031,1.039904,0.300914
2023-06-14,270.175000,224.579200,1.203028,45.595800,-1.670171,1.670171,1.043846,0.379033
2023-06-15,270.206700,224.328000,1.204516,45.878700,-1.416014,1.416014,1.037174,-0.639202
2023-06-16,270.112200,224.045300,1.205614,46.066900,-1.256559,1.256559,1.032987,-0.403608
2023-06-19,270.072600,223.867500,1.206395,46.205100,-1.147105,1.147105,1.030114,-0.278168
2023-06-20,270.074100,223.953500,1.205938,46.120600,-1.260353,1.260353,1.033087,0.288613
2023-06-21,270.121300,224.143800,1.205125,45.977500,-1.432202,1.432202,1.037599,0.436700
2023-06-25,270.294800,224.291800,1.205103,46.003000,-1.435453,1.435453,1.037684,0.008226
2023-06-26,270.322200,224.321200,1.205068,46.001000,-1.466206,1.466206,1.038491,0.077802
2023-06-27,270.307500,224.219500,1.205549,46.088000,-1.407961,1.407961,1.036962,-0.147242
2023-06-28,270.311900,224.373400,1.204741,45.938500,-1.586217,1.586217,1.041642,0.451287
2023-06-29,270.361000,224.455600,1.204519,45.905400,-1.648075,1.648075,1.043266,0.155900
2023-06-30,270.439900,224.662500,1.203761,45.777400,-1.804834,1.804834,1.047381,0.394466
2023-07-03,270.559000,224.703300,1.204072,45.855700,-1.755295,1.755295,1.046081,-0.124169
2023-07-04,270.601600,224.781000,1.203846,45.820600,-1.819158,1.819158,1.047757,0.160270
2023-07-05,270.670900,224.812800,1.203983,45.858100,-1.810422,1.810422,1.047528,-0.021889
2023-07-06,270.771400,224.908200,1.203920,45.863200,-1.834087,1.834087,1.048149,0.059309
2023-07-07,270.855600,224.960500,1.204014,45.895100,-1.830954,1.830954,1.048067,-0.007847
2023-07-10,270.988500,224.992800,1.204432,45.995700,-1.759122,1.759122,1.046181,-0.179928
2023-07-11,271.071200,225.056000,1.204461,46.015200,-1.768392,1.768392,1.046424,0.023262
2023-07-12,271.149100,225.013800,1.205033,46.135300,-1.677064,1.677064,1.044027,-0.229124
2023-07-13,271.228900,224.979400,1.205572,46.249500,-1.591637,1.591637,1.041784,-0.214811
2023-07-14,271.278000,224.939900,1.206002,46.338100,-1.531811,1.531811,1.040214,-0.150759
2023-07-17,271.447700,225.087600,1.205965,46.360100,-1.538586,1.538586,1.040391,0.017100
2023-07-18,271.594000,225.195000,1.206039,46.399000,-1.528463,1.528463,1.040126,-0.025544
2023-07-19,271.634700,225.243900,1.205958,46.390800,-1.565442,1.565442,1.041096,0.093332
2023-07-20,271.703000,225.262500,1.206162,46.440500,-1.544521,1.544521,1.040547,-0.052753
2023-07-21,271.811200,225.371300,1.206060,46.439900,-1.573902,1.573902,1.041319,0.074127
2023-07-24,271.977100,225.461600,1.206312,46.515500,-1.527084,1.527084,1.040089,-0.118032
2023-07-25,271.838300,225.015100,1.208089,46.823200,-1.248168,1.248168,1.032767,-0.704004
2023-07-26,271.890500,225.076600,1.207991,46.813900,-1.286253,1.286253,1.033767,0.096810
2023-07-27,271.970600,225.296300,1.207169,46.674300,-1.454639,1.454639,1.038188,0.427617
2023-07-28,271.972800,225.238200,1.207490,46.734600,-1.423126,1.423126,1.037360,-0.079686
2023-07-31,271.962000,225.096300,1.208203,46.865700,-1.320814,1.320814,1.034674,-0.258921
2023-08-01,271.994100,225.254400,1.207497,46.739700,-1.475604,1.475604,1.038738,0.392744
2023-08-02,272.064200,225.326500,1.207422,46.737700,-1.506395,1.506395,1.039546,0.077819
2023-08-03,272.172200,225.552400,1.206692,46.619800,-1.653086,1.653086,1.043397,0.370454
2023-08-04,272.336300,225.578200,1.207281,46.758100,-1.543579,1.543579,1.040523,-0.275527
2023-08-07,272.477300,225.648600,1.207529,46.828700,-1.501773,1.501773,1.039425,-0.105477
2023-08-08,272.603900,225.685500,1.207893,46.918400,-1.440869,1.440869,1.037826,-0.153826
2023-08-09,272.680500,225.714400,1.208078,46.966100,-1.421965,1.421965,1.037330,-0.047818
2023-08-10,272.798200,225.679200,1.208788,47.119000,-1.297862,1.297862,1.034072,-0.314077
2023-08-11,272.935800,225.733400,1.209107,47.202400,-1.243260,1.243260,1.032638,-0.138620
2023-08-14,273.149500,225.928500,1.209009,47.221000,-1.253460,1.253460,1.032906,0.025929
2023-08-15,273.318900,226.104300,1.208818,47.214600,-1.288660,1.288660,1.033830,0.089466
2023-08-16,273.460800,226.298100,1.208410,47.162700,-1.369361,1.369361,1.035949,0.204929
2023-08-17,273.496300,226.288900,1.208616,47.207400,-1.353463,1.353463,1.035531,-0.040288
2023-08-18,273.559500,226.346700,1.208586,47.212800,-1.376866,1.376866,1.036146,0.059331
2023-08-21,273.743500,226.551200,1.208307,47.192300,-1.426170,1.426170,1.037440,0.124920
2023-08-22,273.905000,226.523100,1.209170,47.381900,-1.265375,1.265375,1.033219,-0.406894
2023-08-23,273.999100,226.474800,1.209844,47.524300,-1.151781,1.151781,1.030237,-0.288626
2023-08-24,274.081100,226.525800,1.209933,47.555300,-1.149588,1.149588,1.030179,-0.005589
2023-08-25,274.194800,226.440200,1.210893,47.754600,-0.979095,0.979095,1.025703,-0.434475
2023-08-28,274.207200,226.135200,1.212581,48.072000,-0.690503,0.690503,1.018127,-0.738642
2023-08-29,274.198500,226.109400,1.212681,48.089100,-0.702212,0.702212,1.018434,0.030192
2023-08-30,274.247400,226.239000,1.212202,48.008400,-0.811722,0.811722,1.021309,0.282287
2023-08-31,274.306500,226.439300,1.211391,47.867200,-0.981732,0.981732,1.025773,0.437009
2023-09-01,274.341700,226.239400,1.212617,48.102300,-0.775444,0.775444,1.020357,-0.527954
2023-09-04,274.263400,225.909300,1.214042,48.354100,-0.552455,0.552455,1.014503,-0.573722
2023-09-05,274.293300,225.982700,1.213780,48.310600,-0.624768,0.624768,1.016401,0.187125
2023-09-06,274.179300,225.766900,1.214435,48.412400,-0.551781,0.551781,1.014485,-0.188517
2023-09-07,273.929600,225.614800,1.214147,48.314800,-0.678195,0.678195,1.017804,0.327130
2023-09-08,273.634500,225.596400,1.212938,48.038100,-0.983710,0.983710,1.025825,0.788024
2023-09-11,273.440000,225.599500,1.212059,47.840500,-1.210125,1.210125,1.031768,0.579434
2023-09-12,273.459700,225.833400,1.210891,47.626300,-1.453140,1.453140,1.038148,0.618335
2023-09-13,273.652600,225.991400,1.210898,47.661200,-1.447056,1.447056,1.037989,-0.015385
2023-09-14,273.862200,226.059100,1.211463,47.803100,-1.333973,1.333973,1.035020,-0.286007
2023-09-15,274.021400,226.083900,1.212034,47.937500,-1.228390,1.228390,1.032248,-0.267803
2023-09-18,274.058700,225.822700,1.213601,48.236000,-0.958708,0.958708,1.025168,-0.685867
2023-09-19,274.055200,225.812900,1.213638,48.242300,-0.981226,0.981226,1.025759,0.057665
2023-09-20,274.105600,225.799800,1.213932,48.305800,-0.946545,0.946545,1.024849,-0.088761
2023-09-21,274.257700,225.934700,1.213880,48.323000,-0.958164,0.958164,1.025154,0.029764
2023-09-22,274.329500,225.912100,1.214320,48.417400,-0.892584,0.892584,1.023432,-0.167941
2023-09-25,274.442400,225.814000,1.215347,48.628400,-0.710404,0.710404,1.018650,-0.467319
2023-09-26,274.386600,225.668100,1.215886,48.718500,-0.649124,0.649124,1.017041,-0.157930
2023-09-27,274.408500,225.707700,1.215769,48.700800,-0.695644,0.695644,1.018262,0.120082
2023-09-28,274.503800,225.985800,1.214695,48.518000,-0.907265,0.907265,1.023818,0.545595
2023-10-07,274.871700,226.200500,1.215168,48.671200,-0.782887,0.782887,1.020552,-0.318930
2023-10-08,274.895800,226.243600,1.215043,48.652200,-0.830708,0.830708,1.021808,0.123015
2023-10-09,274.986800,226.191800,1.215724,48.795000,-0.716730,0.716730,1.018816,-0.292836
2023-10-10,275.011600,226.016600,1.216776,48.995000,-0.545552,0.545552,1.014322,-0.441087
2023-10-11,275.021900,225.797700,1.218001,49.224200,-0.345174,0.345174,1.009061,-0.518615
2023-10-12,275.024900,225.739900,1.218326,49.285000,-0.313197,0.313197,1.008222,-0.083195
2023-10-13,275.076300,225.937200,1.217490,49.139100,-0.487919,0.487919,1.012809,0.454951
2023-10-16,275.238700,226.014800,1.217791,49.223900,-0.431942,0.431942,1.011339,-0.145096
2023-10-17,275.251500,225.837300,1.218804,49.414200,-0.270465,0.270465,1.007100,-0.419166
2023-10-18,275.286000,225.774600,1.219296,49.511400,-0.202088,0.202088,1.005305,-0.178242
2023-10-19,275.228800,225.525900,1.220387,49.702900,-0.039411,0.039411,1.001034,-0.424815
2023-10-20,275.194000,225.495000,1.220400,49.699000,-0.072134,0.072134,1.001893,0.085818
2023-10-23,275.280600,225.747100,1.219420,49.533500,-0.266458,0.266458,1.006995,0.509184
2023-10-24,275.256000,225.643400,1.219872,49.612600,-0.216181,0.216181,1.005675,-0.131072
2023-10-25,275.305300,225.962700,1.218366,49.342600,-0.515004,0.515004,1.013520,0.780061
2023-10-26,275.355100,226.117800,1.217751,49.237300,-0.649127,0.649127,1.017041,0.347411
2023-10-27,275.442900,226.082300,1.218330,49.360600,-0.554650,0.554650,1.014561,-0.243870
2023-10-30,275.611400,226.247000,1.218188,49.364400,-0.579674,0.579674,1.015218,0.064749
2023-10-31,275.674200,226.398900,1.217648,49.275300,-0.697597,0.697597,1.018313,0.304938
2023-11-01,275.775100,226.364600,1.218278,49.410500,-0.591220,0.591220,1.015521,-0.274245
2023-11-02,275.892700,226.512900,1.218000,49.379800,-0.650743,0.650743,1.017083,0.153874
2023-11-03,275.996900,226.445600,1.218822,49.551300,-0.508065,0.508065,1.013338,-0.368273
2023-11-06,276.164600,226.451100,1.219533,49.713500,-0.374688,0.374688,1.009836,-0.345541
2023-11-07,276.258300,226.407900,1.220180,49.850400,-0.266610,0.266610,1.006999,-0.280968
2023-11-08,276.336700,226.335900,1.220914,50.000800,-0.145032,0.145032,1.003807,-0.316955
2023-11-09,276.464200,226.423800,1.221003,50.040400,-0.134254,0.134254,1.003524,-0.028188
2023-11-10,276.660900,226.444700,1.221759,50.216200,0.012724,-0.012724,0.999666,-0.384501
2023-11-13,276.889900,226.581100,1.222034,50.308800,0.076503,-0.076503,0.997991,-0.167491
2023-11-14,277.031300,226.554100,1.222804,50.477200,0.216082,-0.216082,0.994327,-0.367168
2023-11-15,277.137100,226.604200,1.223001,50.532900,0.242961,-0.242961,0.993621,-0.070967
2023-11-16,277.287100,226.720800,1.223033,50.566300,0.247541,-0.247541,0.993501,-0.012100
2023-11-17,277.437400,226.730400,1.223644,50.707000,0.359420,-0.359420,0.990564,-0.295635
2023-11-20,277.642800,226.743500,1.224480,50.899300,0.522901,-0.522901,0.986272,-0.433266
2023-11-21,277.780500,226.697300,1.225337,51.083200,0.677981,-0.677981,0.982201,-0.412793
2023-11-22,277.810000,226.600600,1.225990,51.209400,0.775363,-0.775363,0.979644,-0.260283
2023-11-23,277.827200,226.389100,1.227211,51.438100,0.975244,-0.975244,0.974397,-0.535644
2023-11-24,277.836800,226.394800,1.227223,51.442000,0.950326,-0.950326,0.975051,0.067135
2023-11-27,277.905500,226.313300,1.227968,51.592200,1.071709,-1.071709,0.971865,-0.326814
2023-11-28,277.955700,226.373100,1.227865,51.582600,1.033292,-1.033292,0.972873,0.103774
2023-11-29,277.997900,226.377700,1.228027,51.620200,1.042075,-1.042075,0.972642,-0.023702
2023-11-30,278.094300,226.523400,1.227663,51.570900,0.963960,-0.963960,0.974693,0.210842
2023-12-01,278.186800,226.497600,1.228211,51.689200,1.053444,-1.053444,0.972344,-0.241020
2023-12-04,278.312800,226.472800,1.228902,51.840000,1.175430,-1.175430,0.969142,-0.329351
2023-12-05,278.360100,226.397400,1.229520,51.962700,1.269315,-1.269315,0.966677,-0.254323
2023-12-06,278.350000,226.374800,1.229598,51.975200,1.253002,-1.253002,0.967105,0.044303
2023-12-07,278.417200,226.440000,1.229541,51.977200,1.226189,-1.226189,0.967809,0.072785
2023-12-08,278.465000,226.598800,1.228890,51.866200,1.086377,-1.086377,0.971479,0.379251
2023-12-11,278.587000,226.785300,1.228417,51.801700,0.993066,-0.993066,0.973929,0.252158
2023-12-12,278.629800,226.860100,1.228201,51.769700,0.932255,-0.932255,0.975526,0.163917
2023-12-13,278.738500,227.146200,1.227133,51.592300,0.726045,-0.726045,0.980939,0.554936
2023-12-14,278.873000,227.206400,1.227399,51.666600,0.771536,-0.771536,0.979745,-0.121746
2023-12-15,279.008000,227.329100,1.227331,51.678900,0.755028,-0.755028,0.980178,0.044235
2023-12-18,279.186900,227.452200,1.227453,51.734700,0.782020,-0.782020,0.979470,-0.072295
2023-12-19,279.291600,227.358700,1.228418,51.932900,0.951413,-0.951413,0.975023,-0.454022
2023-12-20,279.387300,227.332400,1.228981,52.054900,1.044607,-1.044607,0.972576,-0.250926
2023-12-21,279.491200,227.344800,1.229371,52.146400,1.107302,-1.107302,0.970930,-0.169231
2023-12-22,279.646800,227.548800,1.228953,52.098000,1.030098,-1.030098,0.972957,0.208749
2023-12-25,279.837500,227.700900,1.228970,52.136600,1.039895,-1.039895,0.972700,-0.026434
2023-12-26,279.977100,228.028600,1.227816,51.948500,0.822993,-0.822993,0.978394,0.585406
2023-12-27,280.145600,228.222600,1.227510,51.923000,0.768691,-0.768691,0.979820,0.145703
2023-12-28,280.372400,228.391200,1.227597,51.981200,0.798091,-0.798091,0.979048,-0.078771
2023-12-29,280.609300,228.303100,1.229109,52.306200,1.094291,-1.094291,0.971272,-0.794244
2023-12-31,280.678400,228.376300,1.229017,52.302100,1.061393,-1.061393,0.972135,0.088921
2024-01-02,280.842000,228.168300,1.230855,52.673700,1.404196,-1.404196,0.963136,-0.925740
2024-01-03,280.901400,228.051000,1.231748,52.850400,1.552099,-1.552099,0.959253,-0.403147
2024-01-04,281.046100,228.179200,1.231690,52.866900,1.539804,-1.539804,0.959576,0.033649
2024-01-05,281.182800,228.264500,1.231829,52.918300,1.562410,-1.562410,0.958982,-0.061846
2024-01-08,281.402400,228.307400,1.232559,53.095000,1.710317,-1.710317,0.955099,-0.404902
2024-01-09,281.582700,228.381800,1.232947,53.200900,1.787425,-1.787425,0.953075,-0.211945
2024-01-10,281.687400,228.320100,1.233739,53.367300,1.925034,-1.925034,0.949463,-0.379046
2024-01-11,281.793200,228.274500,1.234449,53.518700,2.047645,-2.047645,0.946244,-0.339017
2024-01-12,281.854700,228.210300,1.235066,53.644400,2.144556,-2.144556,0.943700,-0.268871
2024-01-15,281.983000,228.251300,1.235406,53.731700,2.203069,-2.203069,0.942163,-0.162776
2024-01-16,282.058800,228.213000,1.235945,53.845800,2.288383,-2.288383,0.939924,-0.237720
2024-01-17,282.163100,228.302500,1.235918,53.860600,2.274399,-2.274399,0.940291,0.039060
2024-01-18,282.277700,228.429000,1.235735,53.848700,2.233715,-2.233715,0.941359,0.113586
2024-01-19,282.390700,228.535100,1.235656,53.855600,2.211833,-2.211833,0.941933,0.061025
2024-01-22,282.577200,228.707800,1.235538,53.869400,2.196852,-2.196852,0.942327,0.041753
2024-01-23,282.659600,228.656800,1.236174,54.002800,2.301473,-2.301473,0.939580,-0.291465
2024-01-24,282.768500,228.686200,1.236491,54.082300,2.352195,-2.352195,0.938248,-0.141721
2024-01-25,282.904800,229.003500,1.235373,53.901300,2.142418,-2.142418,0.943756,0.586963
2024-01-26,283.010400,229.019100,1.235750,53.991300,2.203643,-2.203643,0.942148,-0.170309
2024-01-29,283.200600,229.156600,1.235839,54.044000,2.227569,-2.227569,0.941520,-0.066669
2024-01-30,283.398100,229.494800,1.234878,53.903300,2.058096,-2.058096,0.945969,0.472543
2024-01-31,283.615500,229.624800,1.235126,53.990700,2.116725,-2.116725,0.944430,-0.162707
2024-02-01,283.742100,229.564000,1.236004,54.178100,2.275356,-2.275356,0.940266,-0.440949
2024-02-02,283.869100,229.539500,1.236690,54.329600,2.398087,-2.398087,0.937044,-0.342672
2024-02-04,283.975400,229.783300,1.235840,54.192100,2.231821,-2.231821,0.941409,0.465819
2024-02-05,284.109900,229.705000,1.236847,54.404900,2.415856,-2.415856,0.936577,-0.513208
2024-02-06,284.094500,229.461400,1.238093,54.633100,2.615292,-2.615292,0.931342,-0.559027
2024-02-07,284.221400,229.503700,1.238418,54.717700,2.671130,-2.671130,0.929876,-0.157396
2024-02-08,284.296400,229.609200,1.238175,54.687200,2.611870,-2.611870,0.931431,0.167306
2024-02-09,284.340000,229.623100,1.238290,54.716900,2.612811,-2.612811,0.931407,-0.002653
2024-02-18,284.576900,229.723300,1.238781,54.853600,2.720754,-2.720754,0.928573,-0.304247
2024-02-19,284.651200,229.764200,1.238884,54.887000,2.725398,-2.725398,0.928451,-0.013131
2024-02-20,284.799800,229.943400,1.238565,54.856400,2.666044,-2.666044,0.930009,0.167827
2024-02-21,284.918900,230.097900,1.238251,54.821000,2.601892,-2.601892,0.931693,0.181091
2024-02-22,285.086000,230.260100,1.238104,54.825900,2.578041,-2.578041,0.932319,0.067205
2024-02-23,285.290600,230.527400,1.237556,54.763200,2.486592,-2.486592,0.934720,0.257505
2024-02-26,285.531300,230.586700,1.238282,54.944600,2.639245,-2.639245,0.930713,-0.428741
2024-02-27,285.673300,230.679600,1.238399,54.993700,2.659599,-2.659599,0.930178,-0.057414
2024-02-28,285.771700,230.721100,1.238602,55.050600,2.687756,-2.687756,0.929439,-0.079466
2024-02-29,285.939600,230.899300,1.238374,55.040300,2.648714,-2.648714,0.930464,0.110276
2024-03-01,285.925200,230.582600,1.240012,55.342600,2.922273,-2.922273,0.923282,-0.771835
2024-03-04,286.070700,230.660200,1.240226,55.410500,2.961435,-2.961435,0.922254,-0.111352
2024-03-05,286.145600,230.729900,1.240176,55.415700,2.937898,-2.937898,0.922872,0.066998
2024-03-06,286.211300,231.211200,1.237878,55.000100,2.493564,-2.493564,0.934537,1.263980
2024-03-07,286.313400,231.173900,1.238520,55.139500,2.604231,-2.604231,0.931632,-0.310881
2024-03-08,286.387900,231.053600,1.239487,55.334300,2.770300,-2.770300,0.927272,-0.467968
2024-03-11,286.517100,230.985400,1.240412,55.531700,2.938971,-2.938971,0.922844,-0.477534
2024-03-12,286.469700,230.665600,1.241926,55.804100,3.182643,-3.182643,0.916447,-0.693187
2024-03-13,286.379600,230.476300,1.242556,55.903300,3.253118,-3.253118,0.914597,-0.201882
2024-03-14,286.372300,230.482500,1.242490,55.889800,3.210895,-3.210895,0.915705,0.121198
2024-03-15,286.416300,230.528100,1.242436,55.888200,3.180573,-3.180573,0.916501,0.086929
2024-03-18,286.569700,230.835600,1.241445,55.734100,2.997754,-2.997754,0.921301,0.523674
2024-03-19,286.667500,231.025300,1.240849,55.642200,2.877136,-2.877136,0.924467,0.343701
2024-03-20,286.775600,230.978400,1.241569,55.797200,3.003421,-3.003421,0.921152,-0.358616
2024-03-21,286.871900,231.000400,1.241868,55.871500,3.049007,-3.049007,0.919955,-0.129920
2024-03-22,286.986400,231.085800,1.241904,55.900600,3.049395,-3.049395,0.919945,-0.001109
2024-03-25,287.095400,230.995400,1.242862,56.100000,3.220086,-3.220086,0.915464,-0.487101
2024-03-26,287.157900,231.023800,1.242980,56.134100,3.225479,-3.225479,0.915323,-0.015464
2024-03-27,287.249600,231.254200,1.242138,55.995400,3.058073,-3.058073,0.919717,0.480139
2024-03-28,287.350900,231.338800,1.242122,56.012100,3.046070,-3.046070,0.920032,0.034262
2024-03-29,287.468600,231.385900,1.242377,56.082700,3.087969,-3.087969,0.918933,-0.119556
2024-04-01,287.627800,231.335800,1.243335,56.292000,3.268570,-3.268570,0.914191,-0.515950
2024-04-02,287.758900,231.500700,1.243015,56.258200,3.206073,-3.206073,0.915832,0.179471
2024-04-03,287.934900,231.625500,1.243105,56.309400,3.228578,-3.228578,0.915241,-0.064512
2024-04-07,288.114900,231.673300,1.243626,56.441600,3.332085,-3.332085,0.912524,-0.296898
2024-04-08,288.222300,231.786700,1.243481,56.435600,3.297395,-3.297395,0.913435,0.099802
2024-04-09,288.412600,231.992400,1.243198,56.420200,3.253307,-3.253307,0.914592,0.126712
2024-04-10,288.583200,232.003800,1.243873,56.579400,3.383820,-3.383820,0.911166,-0.374629
2024-04-11,288.722900,232.192300,1.243465,56.530600,3.306337,-3.306337,0.913200,0.223247
2024-04-12,288.900200,232.455300,1.242820,56.444900,3.191955,-3.191955,0.916203,0.328823
2024-04-15,289.132000,232.423000,1.243990,56.709000,3.427375,-3.427375,0.910022,-0.674566
2024-04-16,289.218500,232.358800,1.244706,56.859700,3.549398,-3.549398,0.906819,-0.352015
2024-04-17,289.368400,232.469800,1.244757,56.898600,3.559623,-3.559623,0.906550,-0.029602
2024-04-18,289.523400,232.659700,1.244407,56.863700,3.496051,-3.496051,0.908219,0.184098
2024-04-19,289.680700,232.811000,1.244274,56.869700,3.473380,-3.473380,0.908815,0.065530
2024-04-22,289.914100,232.937100,1.244603,56.977000,3.552012,-3.552012,0.906750,-0.227141
2024-04-23,290.121800,233.132100,1.244452,56.989700,3.536046,-3.536046,0.907169,0.046225
2024-04-24,290.084300,232.909400,1.245481,57.174900,3.692583,-3.692583,0.903060,-0.453001
2024-04-25,290.061300,232.975700,1.245028,57.085600,3.574622,-3.574622,0.906157,0.342921
2024-04-26,289.977400,232.647600,1.246423,57.329800,3.790163,-3.790163,0.900498,-0.624451
2024-04-28,289.979700,232.340600,1.248080,57.639100,4.070807,-4.070807,0.893131,-0.818171
2024-04-29,289.725600,231.953100,1.249070,57.772500,4.175553,-4.175553,0.890381,-0.307889
2024-04-30,289.881100,232.467900,1.246973,57.413200,3.787601,-3.787601,0.900565,1.143862
2024-05-06,290.120700,232.781300,1.246323,57.339400,3.685152,-3.685152,0.903255,0.298652
2024-05-07,290.381000,233.039900,1.246057,57.341100,3.658205,-3.658205,0.903962,0.078319
2024-05-08,290.565500,232.990500,1.247113,57.575000,3.863460,-3.863460,0.898574,-0.596096
2024-05-09,290.603900,232.833000,1.248122,57.770900,4.030718,-4.030718,0.894183,-0.488658
2024-05-10,290.652000,232.819700,1.248400,57.832300,4.063479,-4.063479,0.893323,-0.096182
2024-05-11,290.667300,232.618200,1.249547,58.049100,4.251642,-4.251642,0.888383,-0.552964
2024-05-13,290.826500,232.995000,1.248209,57.831500,4.005407,-4.005407,0.894847,0.727647
2024-05-14,290.970300,233.179400,1.247839,57.790900,3.936175,-3.936175,0.896665,0.203110
2024-05-15,291.084400,233.167800,1.248390,57.916600,4.033245,-4.033245,0.894117,-0.284202
2024-05-16,291.097900,233.105500,1.248782,57.992400,4.080418,-4.080418,0.892878,-0.138506
2024-05-17,291.119000,233.120300,1.248793,57.998700,4.058093,-4.058093,0.893464,0.065640
2024-05-20,291.271600,233.242200,1.248795,58.029400,4.060171,-4.060171,0.893410,-0.006105
2024-05-21,291.314700,233.127800,1.249592,58.186900,4.189051,-4.189051,0.890026,-0.378711
2024-05-22,291.446500,233.224000,1.249642,58.222500,4.196034,-4.196034,0.889843,-0.020597
2024-05-23,291.568800,233.354000,1.249470,58.214800,4.159719,-4.159719,0.890796,0.107137
2024-05-24,291.617000,233.302800,1.249951,58.314200,4.230507,-4.230507,0.888938,-0.208618
2024-05-27,291.741200,233.305400,1.250469,58.435800,4.323498,-4.323498,0.886497,-0.274624
2024-05-28,291.833300,233.409000,1.250309,58.424300,4.283391,-4.283391,0.887550,0.118772
2024-05-29,291.966300,233.551700,1.250114,58.414600,4.245086,-4.245086,0.888555,0.113299
2024-05-30,292.076900,233.565400,1.250514,58.511500,4.313385,-4.313385,0.886762,-0.201788
2024-05-31,292.144200,233.547300,1.250899,58.596900,4.370185,-4.370185,0.885271,-0.168158
2024-06-03,292.304900,233.763000,1.250433,58.541900,4.286589,-4.286589,0.887466,0.247904
2024-06-04,292.378100,233.799300,1.250552,58.578800,4.294895,-4.294895,0.887248,-0.024570
2024-06-05,292.475800,233.934800,1.250245,58.541000,4.228503,-4.228503,0.888991,0.196444
2024-06-06,292.591100,233.996200,1.250410,58.594900,4.253814,-4.253814,0.888326,-0.074746
2024-06-07,292.689400,233.970700,1.250966,58.718700,4.349028,-4.349028,0.885827,-0.281384
2024-06-11,292.830400,234.075500,1.251008,58.754900,4.356645,-4.356645,0.885627,-0.022572
2024-06-12,292.901500,234.082700,1.251274,58.818800,4.391964,-4.391964,0.884699,-0.104696
2024-06-13,292.965000,234.087400,1.251520,58.877600,4.422185,-4.422185,0.883906,-0.089680
2024-06-14,293.071600,234.086200,1.251982,58.985400,4.501410,-4.501410,0.881826,-0.235301
2024-06-17,293.193000,234.106600,1.252391,59.086400,4.573837,-4.573837,0.879925,-0.215620
2024-06-18,293.271400,234.182900,1.252318,59.088500,4.547366,-4.547366,0.880620,0.078974
2024-06-19,293.291200,234.344100,1.251541,58.947100,4.377399,-4.377399,0.885082,0.506698
2024-06-20,293.348500,234.488200,1.251016,58.860300,4.262034,-4.262034,0.888110,0.342186
2024-06-21,293.373100,234.381300,1.251692,58.991800,4.364972,-4.364972,0.885408,-0.304284
2024-06-24,293.445300,234.491100,1.251413,58.954200,4.298812,-4.298812,0.887145,0.196165
2024-06-25,293.524200,234.693300,1.250671,58.830900,4.146955,-4.146955,0.891131,0.449378
2024-06-26,293.571400,234.809100,1.250256,58.762300,4.049801,-4.049801,0.893682,0.286214
2024-06-27,293.650300,234.975900,1.249704,58.674400,3.933350,-3.933350,0.896739,0.342085
2024-06-28,293.761700,235.057300,1.249745,58.704400,3.934801,-3.934801,0.896701,-0.004249
2024-07-01,293.829800,234.999500,1.250342,58.830300,4.032155,-4.032155,0.894145,-0.285021
2024-07-02,293.860200,235.018300,1.250372,58.841900,4.015211,-4.015211,0.894590,0.049746
2024-07-03,293.916900,235.241200,1.249428,58.675700,3.820471,-3.820471,0.899702,0.571484
2024-07-04,294.016800,235.234400,1.249889,58.782400,3.898633,-3.898633,0.897651,-0.228070
2024-07-05,294.062200,235.057600,1.251022,59.004600,4.092298,-4.092298,0.892566,-0.566389
2024-07-08,294.059400,234.746900,1.252666,59.312500,4.371665,-4.371665,0.885232,-0.821688
2024-07-09,294.133200,234.976400,1.251756,59.156800,4.187436,-4.187436,0.890069,0.546354
2024-07-10,294.233400,235.010900,1.251999,59.222500,4.224609,-4.224609,0.889093,-0.109642
2024-07-11,294.363300,235.075300,1.252209,59.288000,4.261585,-4.261585,0.888122,-0.109180
2024-07-12,294.469100,235.181600,1.252092,59.287500,4.232563,-4.232563,0.888884,0.085786
2024-07-15,294.630900,235.292100,1.252192,59.338800,4.255344,-4.255344,0.888286,-0.067283
2024-07-16,294.712700,235.342900,1.252269,59.369800,4.257828,-4.257828,0.888221,-0.007341
2024-07-17,294.771400,235.374900,1.252348,59.396500,4.256015,-4.256015,0.888268,0.005359
2024-07-18,294.826500,235.349200,1.252719,59.477300,4.308305,-4.308305,0.886896,-0.154541
2024-07-19,294.880500,235.392900,1.252716,59.487600,4.290097,-4.290097,0.887374,0.053896
2024-07-22,295.038300,235.788000,1.251286,59.250300,4.024292,-4.024292,0.894352,0.786372
2024-07-23,295.170100,236.040500,1.250506,59.129600,3.875090,-3.875090,0.898269,0.437964
2024-07-24,295.260600,236.061300,1.250779,59.199300,3.916291,-3.916291,0.897187,-0.120412
2024-07-25,295.404400,236.117500,1.251091,59.286900,3.975394,-3.975394,0.895635,-0.172942
2024-07-26,295.515400,236.125900,1.251516,59.389500,4.049500,-4.049500,0.893690,-0.217218
2024-07-29,295.677500,236.194700,1.251838,59.482800,4.114309,-4.114309,0.891988,-0.190379
2024-07-30,295.840300,236.258400,1.252190,59.581900,4.184921,-4.184921,0.890135,-0.207821
2024-07-31,295.951900,236.497500,1.251395,59.454400,4.028936,-4.028936,0.894230,0.460045
2024-08-01,296.102300,236.639700,1.251279,59.462600,4.008653,-4.008653,0.894762,0.059545
2024-08-02,296.211800,236.738700,1.251218,59.473100,3.990673,-3.990673,0.895234,0.052754
2024-08-05,296.381200,236.815500,1.251528,59.565700,4.054796,-4.054796,0.893551,-0.188039
2024-08-06,296.410800,236.697500,1.252277,59.713300,4.173922,-4.173922,0.890423,-0.349992
2024-08-07,296.490000,236.803000,1.252053,59.687000,4.119150,-4.119150,0.891861,0.161484
2024-08-08,296.433400,236.661700,1.252562,59.771700,4.175381,-4.175381,0.890385,-0.165520
2024-08-09,296.256500,236.380700,1.253302,59.875800,4.251015,-4.251015,0.888400,-0.223003
2024-08-12,295.908300,235.923000,1.254258,59.985300,4.332052,-4.332052,0.886272,-0.239467
2024-08-13,295.925700,236.144400,1.253156,59.781300,4.099591,-4.099591,0.892375,0.688579
2024-08-14,296.140100,236.472500,1.252324,59.667600,3.957434,-3.957434,0.896107,0.418210
2024-08-15,296.210800,236.226600,1.253927,59.984200,4.245579,-4.245579,0.888542,-0.844157
2024-08-16,296.266900,236.155900,1.254539,60.111000,4.343927,-4.343927,0.885960,-0.290575
2024-08-19,296.325300,236.181200,1.254652,60.144100,4.348577,-4.348577,0.885838,-0.013781
2024-08-20,296.295800,236.207300,1.254389,60.088500,4.264531,-4.264531,0.888045,0.249079
2024-08-21,296.177800,236.102200,1.254447,60.075600,4.223187,-4.223187,0.889130,0.122221
2024-08-22,296.154900,236.253200,1.253549,59.901700,4.020846,-4.020846,0.894442,0.597434
2024-08-23,296.009900,236.303000,1.252671,59.706900,3.797608,-3.797608,0.900303,0.655221
2024-08-26,295.847700,236.476400,1.251066,59.371300,3.433572,-3.433572,0.909860,1.061517
2024-08-27,295.527600,236.252500,1.250897,59.275100,3.308939,-3.308939,0.913131,0.359608
2024-08-28,295.529100,236.289500,1.250708,59.239600,3.245009,-3.245009,0.914810,0.183799
2024-08-29,295.597900,236.349400,1.250682,59.248500,3.225482,-3.225482,0.915322,0.056038
2024-08-30,295.669300,236.336900,1.251050,59.332400,3.280958,-3.280958,0.913866,-0.159111
2024-09-02,295.863900,236.734200,1.249773,59.129700,3.049836,-3.049836,0.919934,0.663941
2024-09-03,295.972800,236.876500,1.249481,59.096300,2.988017,-2.988017,0.921557,0.176415
2024-09-04,296.039100,237.015600,1.249028,59.023500,2.886801,-2.886801,0.924214,0.288336
2024-09-05,296.110400,237.060300,1.249093,59.050100,2.884988,-2.884988,0.924261,0.005151
2024-09-06,296.157000,237.032800,1.249435,59.124200,2.930677,-2.930677,0.923062,-0.129775
2024-09-09,296.253100,237.154600,1.249198,59.098500,2.876569,-2.876569,0.924482,0.153887
2024-09-10,296.235700,237.208400,1.248842,59.027300,2.776964,-2.776964,0.927097,0.282849
2024-09-11,296.207000,237.405700,1.247683,58.801300,2.522561,-2.522561,0.933776,0.720390
2024-09-12,296.175900,237.463500,1.247248,58.712400,2.405262,-2.405262,0.936855,0.329781
2024-09-13,296.161700,237.507000,1.246960,58.654700,2.319165,-2.319165,0.939116,0.241261
2024-09-14,296.235900,237.633000,1.246611,58.602900,2.238970,-2.238970,0.941221,0.224180
2024-09-18,296.317400,237.648000,1.246875,58.669400,2.277079,-2.277079,0.940220,-0.106292
2024-09-19,296.297100,237.608200,1.246999,58.688900,2.268190,-2.268190,0.940454,0.024819
2024-09-20,296.248900,237.594300,1.246869,58.654600,2.205504,-2.205504,0.942099,0.174987
2024-09-23,296.260300,237.711500,1.246302,58.548800,2.071320,-2.071320,0.945622,0.373916
2024-09-24,296.229100,237.731100,1.246068,58.498000,1.992140,-1.992140,0.947701,0.219823
2024-09-25,296.250000,238.043800,1.244519,58.206200,1.671962,-1.671962,0.956106,0.886935
2024-09-26,296.240100,238.178600,1.243773,58.061500,1.498886,-1.498886,0.960650,0.475226
2024-09-27,295.930900,237.332100,1.246906,58.598800,2.007814,-2.007814,0.947289,-1.390792
2024-09-29,295.243200,236.422300,1.248796,58.820900,2.201544,-2.201544,0.942203,-0.536891
2024-09-30,294.936600,237.135700,1.243746,57.800900,1.153177,-1.153177,0.969726,2.921059
2024-10-08,294.496300,236.774900,1.243782,57.721400,1.045312,-1.045312,0.972557,0.292012
2024-10-09,293.555000,236.741900,1.239979,56.813100,0.108650,-0.108650,0.997147,2.528362
2024-10-10,293.681900,237.271700,1.237745,56.410200,-0.322609,0.322609,1.008469,1.135405
2024-10-11,294.068400,237.620000,1.237557,56.448400,-0.312765,0.312765,1.008211,-0.025625
2024-10-12,294.554500,237.594700,1.239735,56.959800,0.170281,-0.170281,0.995529,-1.257792
2024-10-14,295.088800,237.750100,1.241172,57.338700,0.520829,-0.520829,0.986327,-0.924413
2024-10-15,295.501500,237.764000,1.242835,57.737500,0.891281,-0.891281,0.976601,-0.986012
2024-10-16,295.654000,237.769800,1.243446,57.884200,1.009635,-1.009635,0.973494,-0.318154
2024-10-17,295.832800,237.811400,1.243981,58.021400,1.118492,-1.118492,0.970636,-0.293558
2024-10-18,295.975700,237.842300,1.244420,58.133400,1.202151,-1.202151,0.968440,-0.226271
2024-10-21,296.050200,237.714400,1.245403,58.335800,1.376213,-1.376213,0.963871,-0.471849
2024-10-22,295.956300,237.530400,1.245972,58.425900,1.437978,-1.437978,0.962249,-0.168226
2024-10-23,295.673000,237.312300,1.245924,58.360700,1.344445,-1.344445,0.964704,0.255181
2024-10-24,295.631900,237.395900,1.245312,58.236000,1.191415,-1.191415,0.968722,0.416442
2024-10-25,295.511000,237.406700,1.244746,58.104300,1.031387,-1.031387,0.972923,0.433678
2024-10-28,295.415200,237.533800,1.243676,57.881400,0.780162,-0.780162,0.979518,0.677885
2024-10-29,295.296500,237.557100,1.243055,57.739400,0.609840,-0.609840,0.983990,0.456489
2024-10-30,295.198100,237.557900,1.242636,57.640200,0.482320,-0.482320,0.987337,0.340219
2024-10-31,295.181300,237.608900,1.242299,57.572400,0.386203,-0.386203,0.989861,0.255568
2024-11-01,295.305300,237.810200,1.241769,57.495100,0.280589,-0.280589,0.992633,0.280105
2024-11-04,295.433900,237.917000,1.241752,57.516900,0.274077,-0.274077,0.992804,0.017222
2024-11-05,295.401700,237.910300,1.241652,57.491400,0.220267,-0.220267,0.994217,0.142287
2024-11-06,295.441300,237.926700,1.241732,57.514600,0.215161,-0.215161,0.994351,0.013485
2024-11-07,295.488200,238.055100,1.241260,57.433100,0.105356,-0.105356,0.997234,0.289902
2024-11-08,295.525000,238.062600,1.241375,57.462400,0.106355,-0.106355,0.997208,-0.002628
2024-11-11,295.658500,238.123600,1.241618,57.534900,0.150556,-0.150556,0.996047,-0.116364
2024-11-12,295.778100,238.248700,1.241468,57.529400,0.116759,-0.116759,0.996934,0.089077
2024-11-13,295.909300,238.257400,1.241973,57.651900,0.210965,-0.210965,0.994461,-0.248075
2024-11-14,296.023300,238.262000,1.242428,57.761300,0.292074,-0.292074,0.992332,-0.214117
2024-11-15,296.142600,238.311200,1.242672,57.831400,0.333885,-0.333885,0.991234,-0.110613
2024-11-18,296.248100,238.262100,1.243371,57.986000,0.460198,-0.460198,0.987918,-0.334538
2024-11-19,296.338900,238.268000,1.243721,58.070900,0.516814,-0.516814,0.986432,-0.150450
2024-11-20,296.461500,238.307000,1.244032,58.154500,0.572133,-0.572133,0.984980,-0.147223
2024-11-21,296.553200,238.398800,1.243937,58.154400,0.543754,-0.543754,0.985725,0.075638
2024-11-22,296.719100,238.427500,1.244484,58.291600,0.652678,-0.652678,0.982865,-0.290094
2024-11-25,296.899800,238.532200,1.244695,58.367600,0.700404,-0.700404,0.981612,-0.127478
2024-11-26,297.060400,238.577500,1.245132,58.482900,0.787433,-0.787433,0.979327,-0.232752
2024-11-27,297.211600,238.597100,1.245663,58.614500,0.890764,-0.890764,0.976615,-0.276997
2024-11-28,297.324100,238.693000,1.245634,58.631100,0.879098,-0.879098,0.976921,0.031360
2024-11-29,297.501900,238.930700,1.245139,58.571200,0.790934,-0.790934,0.979236,0.236921
2024-12-02,297.875700,239.554700,1.243456,58.321000,0.512472,-0.512472,0.986546,0.746534
2024-12-03,298.037500,239.527000,1.244275,58.510500,0.673713,-0.673713,0.982313,-0.429072
2024-12-04,298.259000,239.658900,1.244515,58.600100,0.735057,-0.735057,0.980702,-0.163942
2024-12-05,298.405200,239.670800,1.245063,58.734400,0.841103,-0.841103,0.977919,-0.283876
2024-12-06,298.542500,239.662800,1.245677,58.879700,0.958151,-0.958151,0.974846,-0.314221
2024-12-09,298.691100,239.812700,1.245518,58.878400,0.928602,-0.928602,0.975621,0.079576
2024-12-10,298.971800,240.384100,1.243725,58.587700,0.609656,-0.609656,0.983995,0.858239
2024-12-11,299.011300,240.426000,1.243673,58.585300,0.579012,-0.579012,0.984799,0.081757
2024-12-12,299.090100,240.733800,1.242410,58.356300,0.321770,-0.321770,0.991552,0.685749
2024-12-13,299.287200,241.262200,1.240506,58.025000,-0.037769,0.037769,1.000991,0.951924
2024-12-16,299.495900,241.540700,1.239940,57.955200,-0.135806,0.135806,1.003565,0.257117
2024-12-17,299.465600,241.403800,1.240517,58.061800,-0.057441,0.057441,1.001508,-0.204999
2024-12-18,299.433200,241.429100,1.240253,58.004100,-0.143373,0.143373,1.003764,0.225254
2024-12-19,299.385500,241.550200,1.239434,57.835300,-0.340403,0.340403,1.008936,0.515314
2024-12-20,299.486400,241.981600,1.237641,57.504800,-0.699130,0.699130,1.018354,0.933410
2024-12-23,299.619300,242.222800,1.236957,57.396500,-0.835655,0.835655,1.021938,0.351953
2024-12-24,299.536600,242.148400,1.236996,57.388200,-0.872177,0.872177,1.022896,0.093823
2024-12-25,299.506800,241.900500,1.238140,57.606300,-0.682297,0.682297,1.017912,-0.487325
2024-12-26,299.492400,241.884100,1.238165,57.608300,-0.708515,0.708515,1.018600,0.067617
2024-12-27,299.626800,242.159300,1.237313,57.467500,-0.877531,0.877531,1.023037,0.435606
2024-12-30,299.700900,242.123600,1.237801,57.577300,-0.795944,0.795944,1.020895,-0.209364
2024-12-31,299.813600,242.142800,1.238169,57.670800,-0.730654,0.730654,1.019181,-0.167893
2025-01-02,300.091900,242.292900,1.238550,57.799000,-0.630662,0.630662,1.016556,-0.257563
2025-01-03,300.301000,242.508100,1.238313,57.792900,-0.664968,0.664968,1.017457,0.088595
2025-01-06,300.482400,242.487400,1.239167,57.995000,-0.491072,0.491072,1.012892,-0.448690
2025-01-07,300.543400,242.270600,1.240528,58.272800,-0.241473,0.241473,1.006339,-0.646921
2025-01-08,300.610900,242.131800,1.241518,58.479100,-0.063372,0.063372,1.001663,-0.464616
2025-01-09,300.602800,241.890000,1.242725,58.712800,0.142131,-0.142131,0.996268,-0.538603
2025-01-10,300.486600,241.686400,1.243291,58.800200,0.201337,-0.201337,0.994714,-0.156012
2025-01-13,300.450400,241.503800,1.244081,58.946600,0.319545,-0.319545,0.991611,-0.311975
2025-01-14,300.381700,241.760800,1.242475,58.620900,-0.034345,0.034345,1.000901,0.936911
2025-01-15,300.391500,241.908600,1.241756,58.482900,-0.200532,0.200532,1.005264,0.435891
2025-01-16,300.266400,241.708900,1.242265,58.557500,-0.154117,0.154117,1.004046,-0.121213
2025-01-17,300.209500,241.735800,1.241891,58.473700,-0.266100,0.266100,1.006985,0.292799
2025-01-20,300.142600,241.709000,1.241752,58.433600,-0.334380,0.334380,1.008778,0.178010
2025-01-21,300.141800,241.808400,1.241238,58.333400,-0.462759,0.462759,1.012148,0.334093
2025-01-22,300.176700,241.896200,1.240932,58.280500,-0.543835,0.543835,1.014277,0.210290
2025-01-23,300.141900,241.693200,1.241830,58.448700,-0.403808,0.403808,1.010601,-0.362431
2025-01-24,300.042400,241.534900,1.242232,58.507500,-0.373180,0.373180,1.009797,-0.079565
2025-01-26,300.093900,241.651100,1.241848,58.442800,-0.466049,0.466049,1.012235,0.241440
2025-01-27,300.323700,241.911800,1.241459,58.411900,-0.525116,0.525116,1.013785,0.153191
2025-02-05,300.549000,242.146200,1.241188,58.402800,-0.562380,0.562380,1.014764,0.096499
2025-02-06,300.705700,242.328600,1.240901,58.377100,-0.616243,0.616243,1.016178,0.139345
2025-02-07,300.805700,242.396100,1.240968,58.409600,-0.611903,0.611903,1.016064,-0.011212
2025-02-08,300.855400,242.317500,1.241575,58.537900,-0.511761,0.511761,1.013435,-0.258742
2025-02-10,300.843100,242.119900,1.242538,58.723200,-0.354616,0.354616,1.009309,-0.407075
2025-02-11,300.837800,242.006600,1.243098,58.831200,-0.274770,0.274770,1.007213,-0.207684
2025-02-12,300.886700,242.021000,1.243226,58.865700,-0.268421,0.268421,1.007046,-0.016548
2025-02-13,300.947900,241.904000,1.244080,59.043900,-0.118370,0.118370,1.003107,-0.391166
2025-02-14,300.878300,241.631800,1.245193,59.246500,0.056083,-0.056083,0.998527,-0.456566
2025-02-17,300.860700,241.474600,1.245931,59.386100,0.167539,-0.167539,0.995601,-0.293030
2025-02-18,300.705400,241.209300,1.246658,59.496100,0.249396,-0.249396,0.993452,-0.215847
2025-02-19,300.693900,241.374200,1.245758,59.319700,0.044856,-0.044856,0.998822,0.540509
2025-02-20,300.614600,241.210700,1.246274,59.403900,0.100918,-0.100918,0.997350,-0.147351
2025-02-21,300.423400,240.799800,1.247607,59.623600,0.292482,-0.292482,0.992321,-0.504241
2025-02-24,300.195800,240.403900,1.248714,59.791900,0.432649,-0.432649,0.988641,-0.370820
2025-02-25,300.036000,240.328500,1.248441,59.707500,0.320117,-0.320117,0.991596,0.298818
2025-02-26,300.074000,240.439300,1.248024,59.634700,0.219188,-0.219188,0.994245,0.267211
2025-02-27,299.927700,240.171300,1.248807,59.756400,0.312761,-0.312761,0.991789,-0.247074
2025-02-28,299.838300,240.192200,1.248327,59.646100,0.174336,-0.174336,0.995423,0.366410
2025-03-03,299.937500,240.642400,1.246403,59.295100,-0.204787,0.204787,1.005376,0.999871
2025-03-04,300.024200,240.808100,1.245906,59.216100,-0.311908,0.311908,1.008188,0.279716
2025-03-05,300.066000,240.784900,1.246199,59.281100,-0.275026,0.275026,1.007220,-0.096037
2025-03-06,300.053500,240.545800,1.247386,59.507700,-0.076543,0.076543,1.002009,-0.517335
2025-03-07,299.730200,240.089600,1.248410,59.640600,0.028243,-0.028243,0.999258,-0.274538
2025-03-10,299.660500,240.011700,1.248525,59.648800,0.008331,-0.008331,0.999781,0.052313
2025-03-11,299.462300,239.576500,1.249965,59.885800,0.217221,-0.217221,0.994297,-0.548510
2025-03-12,299.508700,239.870600,1.248626,59.638100,-0.058587,0.058587,1.001538,0.728219
2025-03-13,299.705500,240.083100,1.248341,59.622400,-0.102393,0.102393,1.002688,0.114825
2025-03-14,299.813600,240.174000,1.248318,59.639600,-0.113297,0.113297,1.002974,0.028548
2025-03-17,299.822400,239.972000,1.249406,59.850400,0.069402,-0.069402,0.998178,-0.478208
2025-03-18,299.898700,240.010400,1.249524,59.888300,0.079202,-0.079202,0.997920,-0.025776
2025-03-19,300.027900,240.084600,1.249676,59.943300,0.106105,-0.106105,0.997214,-0.070773
2025-03-20,300.239900,240.330200,1.249281,59.909700,0.044409,-0.044409,0.998834,0.162419
2025-03-21,300.414900,240.300000,1.250166,60.114900,0.221516,-0.221516,0.994184,-0.465493
2025-03-24,300.633100,240.285400,1.251150,60.347700,0.426225,-0.426225,0.988810,-0.540557
2025-03-25,300.788500,240.427100,1.251059,60.361400,0.411836,-0.411836,0.989188,0.038203
2025-03-26,300.948000,240.403200,1.251847,60.544800,0.567149,-0.567149,0.985111,-0.412193
2025-03-27,301.085600,240.495900,1.251937,60.589700,0.583964,-0.583964,0.984669,-0.044811
2025-03-28,301.179200,240.523300,1.252183,60.655900,0.622081,-0.622081,0.983668,-0.101625
2025-03-31,301.272100,240.553200,1.252414,60.718900,0.657000,-0.657000,0.982752,-0.093194
2025-04-01,301.306900,240.561200,1.252517,60.745700,0.655721,-0.655721,0.982785,0.003416
2025-04-02,301.407100,240.685800,1.252285,60.721300,0.603244,-0.603244,0.984163,0.140178
2025-04-03,301.779100,241.326000,1.250504,60.453100,0.306969,-0.306969,0.991941,0.790313
2025-04-07,302.267900,241.947100,1.249314,60.320800,0.146597,-0.146597,0.996151,0.424440
2025-04-08,302.242600,241.577400,1.251121,60.665200,0.462926,-0.462926,0.987847,-0.833654
2025-04-09,302.219300,241.552500,1.251154,60.666800,0.436457,-0.436457,0.988541,0.070342
2025-04-10,302.209200,241.603200,1.250849,60.606000,0.347590,-0.347590,0.990874,0.236002
2025-04-11,302.237200,241.895600,1.249453,60.341600,0.055126,-0.055126,0.998552,0.774866
2025-04-14,302.314500,241.808200,1.250224,60.506300,0.191763,-0.191763,0.994965,-0.359228
2025-04-15,302.325700,241.776100,1.250437,60.549600,0.207002,-0.207002,0.994565,-0.040209
2025-04-16,302.312800,241.806400,1.250227,60.506400,0.135743,-0.135743,0.996436,0.188095
2025-04-17,302.319500,241.798700,1.250294,60.520800,0.122087,-0.122087,0.996795,0.035981
2025-04-18,302.354200,241.720800,1.250841,60.633400,0.206632,-0.206632,0.994575,-0.222667
2025-04-21,302.391500,241.647700,1.251373,60.743800,0.288979,-0.288979,0.992413,-0.217362
2025-04-22,302.422600,241.693700,1.251264,60.728900,0.246028,-0.246028,0.993541,0.113619
2025-04-23,302.339900,241.586900,1.251475,60.753000,0.242079,-0.242079,0.993644,0.010434
2025-04-24,302.323800,241.601500,1.251332,60.722300,0.183332,-0.183332,0.995187,0.155212
2025-04-25,302.326700,241.599700,1.251354,60.727000,0.159988,-0.159988,0.995800,0.061583
2025-04-27,302.400100,241.595000,1.251682,60.805100,0.210044,-0.210044,0.994485,-0.131967
2025-04-28,302.390100,241.647600,1.251368,60.742500,0.119403,-0.119403,0.996865,0.239276
2025-04-29,302.450500,241.792900,1.250866,60.657600,0.006464,-0.006464,0.999830,0.297427
2025-04-30,302.495600,241.938200,1.250301,60.557400,-0.121773,0.121773,1.003196,0.336713
2025-05-06,302.655700,242.031200,1.250482,60.624500,-0.082708,0.082708,1.002171,-0.102228
2025-05-07,302.677500,242.117200,1.250128,60.560300,-0.174942,0.174942,1.004592,0.241612
2025-05-08,302.843700,242.360700,1.249558,60.483000,-0.280273,0.280273,1.007358,0.275258
2025-05-09,303.010700,242.494100,1.249559,60.516600,-0.274703,0.274703,1.007211,-0.014517
2025-05-12,303.088000,242.406500,1.250330,60.681500,-0.137831,0.137831,1.003618,-0.356752
2025-05-13,303.164900,242.410300,1.250627,60.754600,-0.092756,0.092756,1.002435,-0.117905
2025-05-14,303.247000,242.316600,1.251450,60.930400,0.055020,-0.055020,0.998555,-0.387008
2025-05-15,303.345200,242.188000,1.252520,61.157200,0.253798,-0.253798,0.993337,-0.522598
2025-05-16,303.348200,241.972500,1.253647,61.375700,0.444278,-0.444278,0.988336,-0.503413
2025-05-19,303.449400,242.097100,1.253420,61.352300,0.392859,-0.392859,0.989686,0.136579
2025-05-20,303.580100,242.191800,1.253470,61.388300,0.400843,-0.400843,0.989476,-0.021177
2025-05-21,303.658300,242.149400,1.254012,61.508900,0.493428,-0.493428,0.987046,-0.245646
2025-05-22,303.787200,242.202400,1.254270,61.584800,0.541316,-0.541316,0.985789,-0.127366
2025-05-23,303.883800,242.183200,1.254768,61.700600,0.629105,-0.629105,0.983484,-0.233791
2025-05-26,304.044200,242.283100,1.254913,61.761100,0.661596,-0.661596,0.982631,-0.086730
2025-05-27,304.109500,242.222900,1.255494,61.886600,0.759089,-0.759089,0.980072,-0.260468
2025-05-28,304.115600,242.124400,1.256030,61.991200,0.835683,-0.835683,0.978061,-0.205169
2025-05-29,304.028900,241.942400,1.256617,62.086500,0.902980,-0.902980,0.976294,-0.180633
2025-05-30,304.110900,242.121300,1.256027,61.989600,0.778078,-0.778078,0.979573,0.335861
2025-06-03,304.208800,242.128500,1.256394,62.080300,0.840778,-0.840778,0.977927,-0.168036
2025-06-04,304.223900,242.141300,1.256390,62.082600,0.815080,-0.815080,0.978602,0.068987
2025-06-05,304.279700,242.255300,1.256029,62.024400,0.728884,-0.728884,0.980865,0.231235
2025-06-06,304.345500,242.428200,1.255405,61.917300,0.593789,-0.593789,0.984411,0.361576
2025-06-09,304.468500,242.542800,1.255319,61.925700,0.574197,-0.574197,0.984925,0.052250
2025-06-10,304.559000,242.507200,1.255876,62.051800,0.672306,-0.672306,0.982350,-0.261504
2025-06-11,304.620400,242.530200,1.256010,62.090200,0.682717,-0.682717,0.982077,-0.027822
2025-06-12,304.647000,242.513500,1.256206,62.133500,0.698029,-0.698029,0.981675,-0.040933
2025-06-13,304.694500,242.489300,1.256528,62.205200,0.741744,-0.741744,0.980527,-0.116904
2025-06-16,304.799500,242.544100,1.256677,62.255400,0.763960,-0.763960,0.979944,-0.059481
2025-06-17,304.869800,242.642000,1.256459,62.227800,0.708378,-0.708378,0.981403,0.148904
2025-06-18,304.958500,242.724400,1.256398,62.234100,0.686698,-0.686698,0.981972,0.057995
2025-06-19,305.027800,242.763300,1.256482,62.264500,0.689119,-0.689119,0.981908,-0.006474
2025-06-20,305.084300,242.776500,1.256647,62.307800,0.704442,-0.704442,0.981506,-0.040968
2025-06-23,305.172500,242.843600,1.256663,62.328900,0.697567,-0.697567,0.981687,0.018389
2025-06-24,305.135800,242.783300,1.256824,62.352500,0.693194,-0.693194,0.981802,0.011695
2025-06-25,305.148600,242.787000,1.256857,62.361600,0.674322,-0.674322,0.982297,0.050461
2025-06-26,305.122900,242.798500,1.256692,62.324400,0.609152,-0.609152,0.984008,0.174171
2025-06-27,305.150500,242.866700,1.256453,62.283800,0.540584,-0.540584,0.985808,0.182935
2025-06-30,305.205600,242.854000,1.256745,62.351600,0.580418,-0.580418,0.984762,-0.106079
2025-07-01,305.303900,242.875700,1.257038,62.428200,0.629053,-0.629053,0.983485,-0.129655
2025-07-02,305.375300,242.994900,1.256715,62.380400,0.553290,-0.553290,0.985474,0.202238
2025-07-03,305.542000,243.075100,1.256986,62.466900,0.611828,-0.611828,0.983938,-0.155944
2025-07-04,305.681600,243.092900,1.257468,62.588700,0.705668,-0.705668,0.981474,-0.250376
2025-07-07,305.787900,243.105500,1.257840,62.682400,0.771410,-0.771410,0.979748,-0.175847
2025-07-08,305.773200,242.999000,1.258331,62.774200,0.835254,-0.835254,0.978072,-0.171070
2025-07-09,305.817200,242.939100,1.258822,62.878100,0.911199,-0.911199,0.976078,-0.203845
2025-07-10,305.781400,242.843900,1.259169,62.937500,0.942646,-0.942646,0.975253,-0.084579
2025-07-11,305.696000,242.730500,1.259405,62.965500,0.942694,-0.942694,0.975251,-0.000130
2025-07-14,305.710200,242.683500,1.259707,63.026700,0.975944,-0.975944,0.974379,-0.089505
2025-07-15,305.758100,242.859700,1.258991,62.898400,0.819696,-0.819696,0.978480,0.420978
2025-07-16,305.859100,242.903600,1.259179,62.955500,0.848849,-0.848849,0.977715,-0.078218
2025-07-17,305.903200,242.904200,1.259357,62.999000,0.864404,-0.864404,0.977307,-0.041767
2025-07-18,305.958200,242.878700,1.259716,63.079500,0.916961,-0.916961,0.975927,-0.141178
2025-07-21,305.947100,242.827800,1.259934,63.119300,0.928819,-0.928819,0.975616,-0.031899
2025-07-22,305.919800,242.749600,1.260228,63.170200,0.951779,-0.951779,0.975013,-0.061782
2025-07-23,305.759000,242.483900,1.260946,63.275100,1.028740,-1.028740,0.972993,-0.207221
2025-07-24,305.570300,242.231100,1.261483,63.339200,1.064903,-1.064903,0.972043,-0.097572
2025-07-25,305.442100,242.146700,1.261393,63.295400,0.993168,-0.993168,0.973926,0.193740
2025-07-28,305.557700,242.379800,1.260657,63.177900,0.847734,-0.847734,0.977744,0.392023
2025-07-29,305.464000,242.238500,1.261005,63.225500,0.867401,-0.867401,0.977228,-0.052808
2025-07-30,305.472200,242.238600,1.261038,63.233600,0.847571,-0.847571,0.977749,0.053274
2025-07-31,305.599000,242.498400,1.260210,63.100600,0.686641,-0.686641,0.981974,0.432095
2025-08-01,305.688600,242.495700,1.260594,63.192900,0.751014,-0.751014,0.980284,-0.172096
2025-08-04,305.774800,242.558500,1.260623,63.216300,0.746488,-0.746488,0.980402,0.012121
2025-08-05,305.884800,242.466300,1.261556,63.418500,0.920763,-0.920763,0.975827,-0.466663
2025-08-06,305.987700,242.525100,1.261674,63.462600,0.936940,-0.936940,0.975403,-0.043520
2025-08-07,306.030200,242.606600,1.261426,63.423600,0.870018,-0.870018,0.977159,0.180117
2025-08-08,306.058100,242.688100,1.261117,63.370000,0.788498,-0.788498,0.979300,0.219014
2025-08-11,306.081800,242.646400,1.261431,63.435400,0.825979,-0.825979,0.978316,-0.100478
2025-08-12,305.986800,242.483000,1.261890,63.503800,0.866462,-0.866462,0.977253,-0.108634
2025-08-13,305.974300,242.452900,1.261995,63.521400,0.856147,-0.856147,0.977524,0.027712
2025-08-14,305.935500,242.473500,1.261728,63.462000,0.768832,-0.768832,0.979816,0.234493
2025-08-15,305.895000,242.368700,1.262106,63.526300,0.805220,-0.805220,0.978861,-0.097494
2025-08-18,305.641700,241.928300,1.263357,63.713400,0.964408,-0.964408,0.974681,-0.426936
2025-08-19,305.496800,241.894300,1.262935,63.602500,0.825599,-0.825599,0.978326,0.373877
2025-08-20,305.478300,241.943400,1.262602,63.534900,0.730090,-0.730090,0.980833,0.256289
2025-08-21,305.474100,241.914500,1.262736,63.559600,0.726883,-0.726883,0.980917,0.008584
2025-08-22,305.473000,241.955200,1.262519,63.517800,0.657178,-0.657178,0.982747,0.186555
2025-08-25,305.574100,242.022900,1.262583,63.551200,0.662674,-0.662674,0.982603,-0.014681
2025-08-26,305.594300,242.157100,1.261967,63.437200,0.520771,-0.520771,0.986328,0.379127
2025-08-27,305.624100,242.103100,1.262372,63.521000,0.576670,-0.576670,0.984861,-0.148783
2025-08-28,305.632900,242.079000,1.262534,63.553900,0.581670,-0.581670,0.984729,-0.013328
2025-08-29,305.643500,242.065900,1.262646,63.577600,0.577472,-0.577472,0.984840,0.011193
2025-09-01,305.727100,242.169800,1.262449,63.557300,0.529274,-0.529274,0.986105,0.128477
2025-09-02,305.721100,242.288000,1.261809,63.433100,0.377179,-0.377179,0.990098,0.404917
2025-09-03,305.804300,242.463100,1.261241,63.341200,0.257384,-0.257384,0.993243,0.317636
2025-09-04,305.907000,242.580800,1.261052,63.326200,0.214491,-0.214491,0.994369,0.113371
2025-09-05,305.936700,242.398200,1.262124,63.538500,0.398900,-0.398900,0.989527,-0.486861
2025-09-08,305.923200,242.221500,1.262989,63.701700,0.534209,-0.534209,0.985975,-0.358982
2025-09-09,305.907000,242.108600,1.263511,63.798400,0.603020,-0.603020,0.984169,-0.183216
2025-09-10,305.867900,241.909800,1.264388,63.958100,0.734833,-0.734833,0.980708,-0.351608
2025-09-11,305.828400,241.839300,1.264593,63.989100,0.737947,-0.737947,0.980627,-0.008335
2025-09-12,305.821500,241.923600,1.264124,63.897900,0.618862,-0.618862,0.983753,0.318805
2025-09-15,305.923600,242.090800,1.263673,63.832800,0.525878,-0.525878,0.986194,0.248137
2025-09-16,305.950400,242.157700,1.263435,63.792700,0.457895,-0.457895,0.987979,0.180970
2025-09-17,305.980400,242.378900,1.262405,63.601500,0.238814,-0.238814,0.993730,0.582142
2025-09-18,305.986100,242.383600,1.262404,63.602500,0.211935,-0.211935,0.994436,0.071012
2025-09-19,305.972300,242.318500,1.262687,63.653800,0.235356,-0.235356,0.993821,-0.061831
2025-09-22,306.009700,242.366200,1.262592,63.643500,0.197179,-0.197179,0.994823,0.100848
2025-09-23,305.922300,242.275500,1.262704,63.646800,0.172603,-0.172603,0.995468,0.064854
2025-09-24,305.806000,242.123600,1.263016,63.682400,0.180328,-0.180328,0.995266,-0.020373
2025-09-25,305.615600,241.953900,1.263115,63.661700,0.131754,-0.131754,0.996541,0.128125
2025-09-26,305.623900,242.077600,1.262504,63.546300,-0.011518,0.011518,1.000302,0.377432
2025-09-28,305.647200,242.165700,1.262141,63.481500,-0.104189,0.104189,1.002735,0.243212
2025-09-29,305.651800,242.166300,1.262157,63.485500,-0.128059,0.128059,1.003361,0.062494
2025-09-30,305.642300,242.242800,1.261719,63.399500,-0.241928,0.241928,1.006351,0.297933
2025-10-09,305.889000,242.435800,1.261732,63.453200,-0.216095,0.216095,1.005673,-0.067389
2025-10-10,305.901100,242.443800,1.261740,63.457300,-0.239861,0.239861,1.006297,0.062041
2025-10-11,306.037200,242.630100,1.261332,63.407100,-0.317927,0.317927,1.008346,0.203658
2025-10-13,306.105700,242.548800,1.262038,63.556900,-0.195990,0.195990,1.005145,-0.317464
2025-10-14,306.142100,242.444000,1.262733,63.698100,-0.082653,0.082653,1.002169,-0.296016
2025-10-15,306.180100,242.474800,1.262730,63.705300,-0.103315,0.103315,1.002712,0.054125
2025-10-16,306.250400,242.470400,1.263042,63.780000,-0.056475,0.056475,1.001482,-0.122633
2025-10-17,306.370900,242.573500,1.263002,63.797400,-0.066935,0.066935,1.001757,0.027418
2025-10-20,306.475900,242.544700,1.263585,63.931200,0.039007,-0.039007,0.998976,-0.277637
2025-10-21,306.585600,242.548800,1.264016,64.036800,0.116750,-0.116750,0.996935,-0.204304
2025-10-22,306.693600,242.601800,1.264185,64.091800,0.143894,-0.143894,0.996222,-0.071479
2025-10-23,306.797500,242.610200,1.264570,64.187300,0.211540,-0.211540,0.994446,-0.178259
2025-10-24,306.886200,242.595200,1.265013,64.291000,0.287386,-0.287386,0.992455,-0.200228
2025-10-27,306.994300,242.674800,1.265044,64.319500,0.288033,-0.288033,0.992438,-0.001713
2025-10-28,307.190100,242.992100,1.264198,64.198000,0.138682,-0.138682,0.996359,0.395073
2025-10-29,307.339800,243.054300,1.264490,64.285500,0.198331,-0.198331,0.994793,-0.157168
2025-10-30,307.452500,243.193900,1.264228,64.258600,0.143582,-0.143582,0.996230,0.144483
2025-10-31,307.596200,243.366900,1.263920,64.229300,0.086434,-0.086434,0.997731,0.150597
2025-11-03,307.744200,243.427000,1.264216,64.317200,0.146486,-0.146486,0.996154,-0.158012
2025-11-04,307.832500,243.372900,1.264859,64.459600,0.261040,-0.261040,0.993147,-0.301894
2025-11-05,307.885600,243.410900,1.264880,64.474700,0.248295,-0.248295,0.993481,0.033690
2025-11-06,307.907200,243.306000,1.265514,64.601200,0.346951,-0.346951,0.990891,-0.260696
2025-11-07,307.915800,243.197800,1.266113,64.718000,0.435908,-0.435908,0.988556,-0.235681
2025-11-10,307.984600,243.206800,1.266349,64.777800,0.467866,-0.467866,0.987717,-0.084869
2025-11-11,308.037200,243.315800,1.265998,64.721400,0.383625,-0.383625,0.989928,0.223905
2025-11-12,308.070600,243.389200,1.265753,64.681400,0.315785,-0.315785,0.991709,0.179910
2025-11-13,308.099100,243.445500,1.265577,64.653600,0.260146,-0.260146,0.993170,0.147288
2025-11-14,308.115200,243.488500,1.265420,64.626700,0.205407,-0.205407,0.994607,0.144690
2025-11-17,308.181600,243.592800,1.265151,64.588800,0.139670,-0.139670,0.996333,0.173513
2025-11-18,308.249800,243.588700,1.265452,64.661100,0.184134,-0.184134,0.995166,-0.117159
2025-11-19,308.286200,243.580600,1.265643,64.705600,0.200799,-0.200799,0.994728,-0.043962
2025-11-20,308.283000,243.616200,1.265445,64.666800,0.134165,-0.134165,0.996477,0.175859
2025-11-21,308.253400,243.629200,1.265256,64.624200,0.063731,-0.063731,0.998327,0.185559
2025-11-24,308.261900,243.658900,1.265137,64.603000,0.014699,-0.014699,0.999614,0.128938
2025-11-25,308.239500,243.627300,1.265209,64.612200,-0.003932,0.003932,1.000103,0.048931
2025-11-26,308.161600,243.483600,1.265636,64.678000,0.034037,-0.034037,0.999106,-0.099669
2025-11-27,308.068800,243.432400,1.265521,64.636400,-0.035393,0.035393,1.000929,0.182434
2025-11-28,308.094700,243.461100,1.265478,64.633600,-0.066021,0.066021,1.001733,0.080334
2025-12-01,308.143000,243.560800,1.265158,64.582200,-0.145249,0.145249,1.003813,0.207634
2025-12-02,308.151000,243.542800,1.265285,64.608200,-0.147076,0.147076,1.003861,0.004778
2025-12-03,308.120400,243.489600,1.265436,64.630800,-0.152302,0.152302,1.003998,0.013667
2025-12-04,307.968100,243.281200,1.265894,64.686900,-0.124027,0.124027,1.003256,-0.073933
2025-12-05,307.946100,243.262000,1.265903,64.684100,-0.154652,0.154652,1.004060,0.080136
2025-12-08,307.938700,243.333300,1.265502,64.605400,-0.261175,0.261175,1.006856,0.278521
2025-12-09,307.980700,243.431700,1.265163,64.549000,-0.345398,0.345398,1.009067,0.219600
2025-12-10,307.996400,243.497500,1.264885,64.498900,-0.423320,0.423320,1.011113,0.202727
2025-12-11,308.063900,243.643700,1.264403,64.420200,-0.529841,0.529841,1.013909,0.276571
2025-12-12,308.102300,243.666000,1.264445,64.436300,-0.541561,0.541561,1.014217,0.030346
2025-12-15,308.123700,243.555800,1.265105,64.567900,-0.437780,0.437780,1.011492,-0.268632
2025-12-16,308.138000,243.539800,1.265247,64.598200,-0.435299,0.435299,1.011427,-0.006440
2025-12-17,308.174200,243.665300,1.264744,64.508900,-0.552417,0.552417,1.014502,0.303990
2025-12-18,308.200100,243.770400,1.264305,64.429700,-0.659434,0.659434,1.017311,0.276931
2025-12-19,308.266000,243.870300,1.264057,64.395700,-0.721250,0.721250,1.018934,0.159522
2025-12-22,308.344600,243.918500,1.264130,64.426100,-0.718665,0.718665,1.018866,-0.006659
2025-12-23,308.391400,243.967400,1.264068,64.424000,-0.748580,0.748580,1.019652,0.077079
2025-12-24,308.422900,244.015500,1.263948,64.407400,-0.792994,0.792994,1.020818,0.114351
2025-12-25,308.488300,244.030200,1.264140,64.458100,-0.770107,0.770107,1.020217,-0.058859
2025-12-26,308.508000,244.022700,1.264259,64.485300,-0.770719,0.770719,1.020233,0.001576
2025-12-29,308.550700,243.982200,1.264644,64.568500,-0.715331,0.715331,1.018779,-0.142525
2025-12-30,308.566500,243.874900,1.265266,64.691600,-0.620042,0.620042,1.016277,-0.245547
2025-12-31,308.588000,243.835800,1.265557,64.752200,-0.587252,0.587252,1.015416,-0.084703
2026-01-04,308.723900,243.985400,1.265338,64.738500,-0.628762,0.628762,1.016506,0.107319
2026-01-05,308.706900,243.911400,1.265652,64.795500,-0.599571,0.599571,1.015740,-0.075390
2026-01-06,308.693300,243.697400,1.266707,64.995900,-0.426979,0.426979,1.011209,-0.446077
2026-01-07,308.704600,243.603800,1.267240,65.100800,-0.349886,0.349886,1.009185,-0.200144
2026-01-08,308.737900,243.700100,1.266876,65.037800,-0.440693,0.440693,1.011569,0.236221
2026-01-09,308.751300,243.756200,1.266640,64.995100,-0.511199,0.511199,1.013420,0.182980
2026-01-12,308.829500,243.862200,1.266410,64.967300,-0.566805,0.566805,1.014880,0.144045
2026-01-13,308.875200,243.894100,1.266432,64.981100,-0.580809,0.580809,1.015247,0.036227
2026-01-14,308.910000,243.938000,1.266346,64.972000,-0.617714,0.617714,1.016216,0.095428
2026-01-15,308.948900,244.040300,1.265975,64.908600,-0.708917,0.708917,1.018611,0.235612
2026-01-16,309.040700,244.095800,1.266063,64.944900,-0.700420,0.700420,1.018387,-0.021900
2026-01-19,309.153900,244.201100,1.265981,64.952800,-0.720322,0.720322,1.018910,0.051305
2026-01-20,309.222000,244.252600,1.265993,64.969400,-0.731524,0.731524,1.019204,0.028861
2026-01-21,309.334600,244.295700,1.266230,65.038900,-0.689825,0.689825,1.018109,-0.107408
2026-01-22,309.397300,244.289000,1.266522,65.108300,-0.648225,0.648225,1.017017,-0.107267
2026-01-23,309.489200,244.333800,1.266666,65.155400,-0.628925,0.628925,1.016511,-0.049820
2026-01-26,309.624500,244.410300,1.266823,65.214200,-0.597924,0.597924,1.015697,-0.080063
2026-01-27,309.684200,244.379800,1.267225,65.304400,-0.535523,0.535523,1.014058,-0.161288
2026-01-28,309.731700,244.403100,1.267299,65.328600,-0.539121,0.539121,1.014153,0.009315
2026-01-29,309.755800,244.480800,1.266994,65.275000,-0.620519,0.620519,1.016290,0.210707
2026-01-30,309.803900,244.463300,1.267282,65.340600,-0.582716,0.582716,1.015297,-0.097652
2026-02-02,309.877100,244.540200,1.267183,65.336900,-0.614212,0.614212,1.016124,0.081440
2026-02-03,309.911200,244.536800,1.267340,65.374400,-0.604508,0.604508,1.015869,-0.025072
2026-02-04,309.949300,244.575500,1.267295,65.373800,-0.632903,0.632903,1.016615,0.073381
2026-02-05,309.985600,244.649400,1.267061,65.336200,-0.698298,0.698298,1.018332,0.168872
2026-02-06,310.052100,244.780200,1.266655,65.271900,-0.790393,0.790393,1.020749,0.237419
2026-02-09,310.165900,244.903400,1.266483,65.262500,-0.827586,0.827586,1.021726,0.095658
2026-02-10,310.241500,244.907200,1.266772,65.334300,-0.783580,0.783580,1.020571,-0.113072
2026-02-11,310.270600,244.924200,1.266803,65.346400,-0.799272,0.799272,1.020983,0.040367
2026-02-12,310.327300,244.954000,1.266880,65.373300,-0.800165,0.800165,1.021006,0.002294
2026-02-13,310.400400,244.988900,1.266998,65.411500,-0.789756,0.789756,1.020733,-0.026762
2026-02-14,310.426900,244.917700,1.267474,65.509200,-0.719848,0.719848,1.018897,-0.179800
2026-02-24,310.669300,245.111400,1.267462,65.557900,-0.698939,0.698939,1.018349,-0.053874
2026-02-25,310.707300,245.060600,1.267879,65.646700,-0.637929,0.637929,1.016747,-0.157280
2026-02-26,310.689100,244.944200,1.268408,65.744900,-0.567519,0.567519,1.014898,-0.181800
2026-02-27,310.714900,244.946100,1.268503,65.768800,-0.571408,0.571408,1.015001,0.010061
2026-02-28,310.743900,245.030200,1.268186,65.713700,-0.654297,0.654297,1.017177,0.214389
2026-03-02,310.829100,245.124800,1.268044,65.704300,-0.691486,0.691486,1.018153,0.095981
2026-03-03,310.875500,245.221700,1.267732,65.653800,-0.769774,0.769774,1.020208,0.201862
2026-03-04,310.921700,245.329800,1.267362,65.591900,-0.859462,0.859462,1.022563,0.230789
2026-03-05,310.961500,245.395600,1.267184,65.565900,-0.913249,0.913249,1.023975,0.138090
2026-03-06,311.036600,245.375100,1.267596,65.661500,-0.845436,0.845436,1.022194,-0.173858
2026-03-09,311.033300,245.261900,1.268168,65.771400,-0.763323,0.763323,1.020039,-0.210888
2026-03-10,311.059200,245.232900,1.268424,65.826300,-0.736209,0.736209,1.019327,-0.069783
2026-03-11,311.083300,245.244900,1.268460,65.838400,-0.751895,0.751895,1.019739,0.040398
2026-03-12,311.090000,245.321800,1.268090,65.768200,-0.849880,0.849880,1.022311,0.252257
2026-03-13,311.155700,245.468000,1.267602,65.687700,-0.958165,0.958165,1.025154,0.278072
2026-03-16,311.183000,245.474200,1.267681,65.708800,-0.964850,0.964850,1.025329,0.017118
2026-03-17,311.247600,245.546600,1.267570,65.701000,-1.000434,1.000434,1.026264,0.091110
2026-03-18,311.330800,245.670800,1.267268,65.660000,-1.069218,1.069218,1.028069,0.175954
2026-03-19,311.442800,245.778300,1.267170,65.664500,-1.092501,1.092501,1.028681,0.059456
2026-03-20,311.485000,245.795100,1.267255,65.689900,-1.094884,1.094884,1.028743,0.006082
2026-03-23,311.538200,245.798500,1.267454,65.739700,-1.072867,1.072867,1.028165,-0.056186
2026-03-24,311.618900,245.784900,1.267852,65.834000,-1.006350,1.006350,1.026419,-0.169842
2026-03-25,311.665500,245.773800,1.268099,65.891700,-0.976432,0.976432,1.025633,-0.076520
2026-03-26,311.736900,245.800000,1.268254,65.936900,-0.959014,0.959014,1.025176,-0.044584
2026-03-27,311.805600,245.842200,1.268316,65.963400,-0.960295,0.960295,1.025210,0.003282
2026-03-30,311.888000,246.036400,1.267650,65.851600,-1.099877,1.099877,1.028874,0.357426
2026-03-31,311.960000,246.074000,1.267749,65.886000,-1.093257,1.093257,1.028700,-0.016889
2026-04-01,312.009500,245.988300,1.268392,66.021200,-0.985838,0.985838,1.025880,-0.274135
2026-04-02,312.075500,245.985900,1.268672,66.089600,-0.945219,0.945219,1.024814,-0.103947
2026-04-03,312.164300,246.119500,1.268344,66.044800,-1.017799,1.017799,1.026719,0.185928
2026-04-07,312.289700,246.216700,1.268353,66.073000,-1.017378,1.017378,1.026708,-0.001074
2026-04-08,312.396600,246.134600,1.269210,66.262000,-0.856158,0.856158,1.022476,-0.412235
2026-04-09,312.417600,246.082300,1.269566,66.335300,-0.810637,0.810637,1.021281,-0.116877
2026-04-10,312.485700,246.060400,1.269955,66.425300,-0.748416,0.748416,1.019647,-0.159942
2026-04-13,312.535900,246.113000,1.269888,66.422900,-0.778595,0.778595,1.020440,0.077700
2026-04-14,312.565500,246.126500,1.269938,66.439000,-0.790273,0.790273,1.020746,0.030045
2026-04-15,312.596600,246.211500,1.269626,66.385100,-0.871952,0.871952,1.022891,0.210068
2026-04-16,312.630800,246.341800,1.269094,66.289000,-0.995830,0.995830,1.026143,0.317934
2026-04-17,312.639700,246.455800,1.268543,66.183900,-1.128707,1.128707,1.029631,0.339951
2026-04-20,312.728200,246.563900,1.268345,66.164300,-1.176085,1.176085,1.030875,0.120799
2026-04-21,312.791500,246.592900,1.268453,66.198600,-1.169562,1.169562,1.030704,-0.016611
2026-04-22,312.841400,246.695400,1.268128,66.146000,-1.249939,1.249939,1.032814,0.204725
2026-04-23,312.854100,246.709000,1.268110,66.145100,-1.278616,1.278616,1.033567,0.072892
2026-04-24,312.873900,246.695100,1.268262,66.178800,-1.272693,1.272693,1.033411,-0.015045
2026-04-27,312.915300,246.598300,1.268927,66.317000,-1.162270,1.162270,1.030512,-0.280518
2026-04-28,312.973500,246.676200,1.268762,66.297300,-1.209746,1.209746,1.031759,0.120947
2026-04-29,313.021000,246.807400,1.268280,66.213600,-1.321222,1.321222,1.034685,0.283645
2026-04-30,313.033400,246.781700,1.268463,66.251700,-1.310898,1.310898,1.034414,-0.026195
2026-05-06,313.075700,246.747400,1.268811,66.328300,-1.262074,1.262074,1.033132,-0.123912
2026-05-07,313.057200,246.831800,1.268302,66.225400,-1.392749,1.392749,1.036563,0.332055
2026-05-08,313.070900,246.924800,1.267880,66.146100,-1.499825,1.499825,1.039374,0.271185
2026-05-09,313.030700,246.947500,1.267600,66.083200,-1.590500,1.590500,1.041754,0.229028
2026-05-11,313.077700,246.999000,1.267526,66.078700,-1.622775,1.622775,1.042602,0.081334
2026-05-12,313.170500,247.126100,1.267250,66.044400,-1.684850,1.684850,1.044231,0.156304
2026-05-13,313.215200,247.226800,1.266914,65.988400,-1.768625,1.768625,1.046431,0.210615
2026-05-14,313.261000,247.265400,1.266902,65.995600,-1.789200,1.789200,1.046971,0.051617
2026-05-15,313.339900,247.280500,1.267144,66.059400,-1.753174,1.753174,1.046025,-0.090333
2026-05-18,313.453900,247.321800,1.267393,66.132100,-1.708249,1.708249,1.044846,-0.112752
2026-05-19,313.496500,247.419900,1.267063,66.076600,-1.791523,1.791523,1.047032,0.209233
2026-05-20,313.567200,247.467100,1.267107,66.100100,-1.795797,1.795797,1.047144,0.010717
2026-05-21,313.630900,247.441100,1.267497,66.189800,-1.733871,1.733871,1.045518,-0.155252
2026-05-22,313.670000,247.378200,1.267978,66.291800,-1.659645,1.659645,1.043570,-0.186379
2026-05-25,313.763100,247.464300,1.267913,66.298800,-1.680419,1.680419,1.044115,0.052260
2026-05-26,313.847600,247.598800,1.267565,66.248800,-1.758192,1.758192,1.046157,0.195549
2026-05-27,313.897200,247.816100,1.266654,66.081100,-1.953666,1.953666,1.051288,0.490527
2026-05-28,313.963900,247.942500,1.266277,66.021400,-2.041139,2.041139,1.053585,0.218437
2026-05-29,314.054000,247.946100,1.266622,66.107900,-1.982413,1.982413,1.052043,-0.146331
2026-06-01,314.149700,248.027900,1.266590,66.121800,-1.996286,1.996286,1.052407,0.034619
2026-06-02,314.242800,248.017300,1.267020,66.225500,-1.920359,1.920359,1.050414,-0.189401
2026-06-03,314.310400,247.972600,1.267521,66.337800,-1.835832,1.835832,1.048195,-0.211254
2026-06-04,314.384200,248.001400,1.267671,66.382800,-1.818606,1.818606,1.047743,-0.043146
2026-06-05,314.442200,247.982500,1.268002,66.459700,-1.769478,1.769478,1.046453,-0.123094
2026-06-08,314.454700,247.924600,1.268348,66.530100,-1.726851,1.726851,1.045334,-0.106939
2026-06-09,314.387100,247.843200,1.268492,66.543900,-1.740824,1.740824,1.045701,0.035091
2026-06-10,314.352600,247.771800,1.268718,66.580800,-1.731697,1.731697,1.045461,-0.022914
2026-06-11,314.215400,247.636600,1.268857,66.578800,-1.761470,1.761470,1.046243,0.074762
2026-06-12,314.178600,247.599200,1.268900,66.579400,-1.788642,1.788642,1.046956,0.068182
2026-06-15,314.230500,247.619100,1.269008,66.611400,-1.784415,1.784415,1.046845,-0.010600
2026-06-16,314.258900,247.720600,1.268602,66.538300,-1.885287,1.885287,1.049493,0.252966
2026-06-17,314.319800,247.882200,1.268021,66.437600,-2.013760,2.013760,1.052866,0.321368
2026-06-18,314.373400,247.986200,1.267705,66.387200,-2.091932,2.091932,1.054918,0.194918
2026-06-22,314.456600,248.036600,1.267783,66.420000,-2.086905,2.086905,1.054786,-0.012512
2026-06-23,314.433900,247.980900,1.267976,66.453000,-2.081677,2.081677,1.054649,-0.013011
2026-06-24,314.475000,248.018300,1.267951,66.456700,-2.105749,2.105749,1.055281,0.059921
2026-06-25,314.533300,248.140800,1.267560,66.392500,-2.197722,2.197722,1.057695,0.228802
2026-06-26,314.573700,248.191200,1.267465,66.382500,-2.235494,2.235494,1.058687,0.093753
2026-06-29,314.645000,248.358000,1.266901,66.287000,-2.358766,2.358766,1.061923,0.305682
2026-06-30,314.652400,248.392300,1.266756,66.260100,-2.413438,2.413438,1.063359,0.135159
2026-07-01,314.564000,248.220000,1.267279,66.344000,-2.357310,2.357310,1.061885,-0.138570
2026-07-02,314.580900,248.196800,1.267466,66.384100,-2.344983,2.344983,1.061561,-0.030478
2026-07-03,314.608200,248.220300,1.267456,66.387900,-2.368955,2.368955,1.062191,0.059283
2026-07-06,314.672500,248.340900,1.267099,66.331600,-2.453027,2.453027,1.064398,0.207788
2026-07-07,314.717700,248.354300,1.267213,66.363400,-2.448999,2.448999,1.064292,-0.009935
2026-07-08,314.742300,248.349500,1.267336,66.392800,-2.447371,2.447371,1.064249,-0.004016
2026-07-09,314.761700,248.347600,1.267424,66.414100,-2.453843,2.453843,1.064419,0.015965
2026-07-10,314.811600,248.307400,1.267830,66.504200,-2.391515,2.391515,1.062783,-0.153724
2026-07-13,314.861400,248.312200,1.268006,66.549200,-2.374287,2.374287,1.062331,-0.042556
2026-07-14,314.889900,248.297600,1.268196,66.592300,-2.358959,2.358959,1.061928,-0.037879
2026-07-15,314.905600,248.343300,1.268025,66.562300,-2.416731,2.416731,1.063445,0.142822
2026-07-16,314.931700,248.329400,1.268201,66.602300,-2.404503,2.404503,1.063124,-0.030186
2026-07-17,314.999600,248.316400,1.268541,66.683200,-2.351375,2.351375,1.061729,-0.131193
2026-07-20,315.045300,248.350800,1.268550,66.694500,-2.367847,2.367847,1.062162,0.040729
2026-07-21,315.066900,248.352600,1.268627,66.714300,-2.375819,2.375819,1.062371,0.019704
2026-07-22,315.098000,248.395600,1.268533,66.702400,-2.415491,2.415491,1.063412,0.098035
2026-07-23,315.132600,248.390700,1.268697,66.741900,-2.403763,2.403763,1.063105,-0.028953
2026-07-24,315.151600,248.343000,1.269017,66.808600,-2.364835,2.364835,1.062083,-0.096130
2026-07-27,315.211600,248.370800,1.269117,66.840800,-2.360407,2.360407,1.061966,-0.010945
2026-07-28,315.199300,248.345400,1.269197,66.853900,-2.375079,2.375079,1.062352,0.036270
2026-07-29,315.218200,248.358700,1.269205,66.859500,-2.397251,2.397251,1.062934,0.054791
2026-07-30,315.229000,248.414900,1.268962,66.814100,-2.470423,2.470423,1.064855,0.180722
2026-07-31,315.271700,248.475100,1.268826,66.796600,-2.515695,2.515695,1.066043,0.111612
