date,hf_mom_pct,hf_growth_factor,hf_yoy
2016-08-03,0.000000,100.000000,
2016-08-04,-0.580789,99.419211,
2016-08-05,-0.577147,98.845416,
2016-08-08,0.208912,99.051916,
2016-08-09,-0.523345,98.533533,
2016-08-10,0.731694,99.254496,
2016-08-11,0.415017,99.666419,
2016-08-12,-1.543592,98.127977,
2016-08-15,0.324137,98.446046,
2016-08-16,0.660256,99.096042,
2016-08-17,-0.611753,98.489819,
2016-08-18,0.547585,99.029135,
2016-08-19,-0.016050,99.013241,
2016-08-22,-0.806792,98.214410,
2016-08-23,-0.848107,97.381446,
2016-08-24,-1.273222,96.141564,
2016-08-25,-0.033352,96.109499,
2016-08-26,-0.108494,96.005226,
2016-08-29,0.000000,96.005226,
2016-08-30,-0.192326,95.820583,
2016-08-31,0.150557,95.964847,
2016-09-01,0.116897,96.077027,
2016-09-02,-0.449286,95.645366,
2016-09-05,0.047342,95.690647,
2016-09-06,-0.127265,95.568867,
2016-09-07,0.210467,95.770008,
2016-09-08,0.424164,96.176229,
2016-09-09,-0.370241,95.820146,
2016-09-12,-0.197636,95.630770,
2016-09-13,-0.597029,95.059827,
2016-09-14,1.657339,96.635291,
2016-09-15,0.331249,96.955394,
2016-09-16,-0.297312,96.667134,
2016-09-19,0.004045,96.671044,
2016-09-20,0.310046,96.970769,
2016-09-21,-0.149848,96.825461,
2016-09-22,1.362177,98.144395,
2016-09-23,0.430763,98.567164,
2016-09-26,-0.124470,98.444478,
2016-09-27,-0.839808,97.617733,
2016-09-28,0.602343,98.205726,
2016-09-29,-0.403618,97.809351,
2016-09-30,1.222871,99.005432,
2016-10-03,-0.721488,98.291120,
2016-10-04,-0.683844,97.618962,
2016-10-05,0.029291,97.647556,
2016-10-06,-0.589776,97.071655,
2016-10-07,0.439274,97.498065,
2016-10-10,1.007211,98.480076,
2016-10-11,-0.126591,98.355409,
2016-10-12,-0.357326,98.003960,
2016-10-13,-1.477635,96.555819,
2016-10-14,-0.649275,95.928906,
2016-10-17,-0.024764,95.905150,
2016-10-18,-0.089748,95.819077,
2016-10-19,-0.105267,95.718212,
2016-10-20,-0.426282,95.310182,
2016-10-21,-0.492198,94.841067,
2016-10-24,0.233140,95.062180,
2016-10-25,1.822942,96.795109,
2016-10-26,0.036721,96.830653,
2016-10-27,0.531717,97.345518,
2016-10-28,0.872806,98.195156,
2016-10-31,0.171443,98.363505,
2016-11-01,0.872956,99.222175,
2016-11-02,-0.422143,98.803316,
2016-11-03,0.766304,99.560450,
2016-11-04,0.460783,100.019207,
2016-11-07,1.750527,101.770070,
2016-11-08,2.371273,104.183317,
2016-11-09,2.317390,106.597650,
2016-11-10,2.654395,109.427173,
2016-11-11,-0.831019,108.517812,
2016-11-14,0.122075,108.650285,
2016-11-15,-0.488038,108.120031,
2016-11-16,-1.108444,106.921581,
2016-11-17,0.352221,107.298181,
2016-11-18,-0.614456,106.638881,
2016-11-21,1.885272,108.649314,
2016-11-22,0.629268,109.333010,
2016-11-23,2.033542,111.556342,
2016-11-24,1.234594,112.933611,
2016-11-25,0.712483,113.738243,
2016-11-28,-0.455866,113.219749,
2016-11-29,-1.879908,111.091323,
2016-11-30,0.546329,111.698247,
2016-12-01,0.013029,111.712800,
2016-12-02,-0.183734,111.507545,
2016-12-05,1.902572,113.629057,
2016-12-06,-0.719048,112.812010,
2016-12-07,-0.699114,112.023325,
2016-12-08,-0.485888,111.479017,
2016-12-09,0.517218,112.055606,
2016-12-12,-0.930732,111.012669,
2016-12-13,-0.573939,110.375524,
2016-12-14,0.183010,110.577523,
2016-12-15,-0.351272,110.189095,
2016-12-16,-1.164935,108.905464,
2016-12-19,-1.952181,106.779432,
2016-12-20,0.084296,106.869443,
2016-12-21,-0.184750,106.672001,
2016-12-22,0.334877,107.029221,
2016-12-23,-0.968480,105.992665,
2016-12-26,-0.139002,105.845333,
2016-12-27,0.041205,105.888946,
2016-12-28,0.977910,106.924445,
2016-12-29,-0.398943,106.497877,
2016-12-30,0.007588,106.505958,
2017-01-03,-0.320203,106.164923,
2017-01-04,2.421397,108.735597,
2017-01-05,-0.659849,108.018106,
2017-01-06,0.079592,108.104079,
2017-01-09,0.129043,108.243580,
2017-01-10,2.084356,110.499762,
2017-01-11,0.356988,110.894234,
2017-01-12,1.917373,113.020489,
2017-01-13,0.615228,113.715823,
2017-01-16,-1.054634,112.516537,
2017-01-17,-0.950693,111.446850,
2017-01-18,-0.144215,111.286128,
2017-01-19,-0.139761,111.130593,
2017-01-20,0.109357,111.252123,
2017-01-23,0.714825,112.047381,
2017-01-24,2.030481,114.322482,
2017-01-25,0.037999,114.365923,
2017-01-26,-1.262555,112.921991,
2017-01-27,0.739950,113.757558,
2017-01-30,-0.666283,112.999610,
2017-01-31,1.243584,114.404855,
2017-02-01,0.073167,114.488562,
2017-02-02,-0.616280,113.782992,
2017-02-03,-1.897390,111.624085,
2017-02-06,1.079119,112.828642,
2017-02-07,-0.377280,112.402962,
2017-02-08,0.679786,113.167062,
2017-02-09,-0.004169,113.162343,
2017-02-10,3.285681,116.880496,
2017-02-13,0.487967,117.450835,
2017-02-14,-0.683122,116.648502,
2017-02-15,0.064606,116.723865,
2017-02-16,-0.894516,115.679751,
2017-02-17,-0.187665,115.462660,
2017-02-20,1.042082,116.665876,
2017-02-21,-0.262142,116.360046,
2017-02-22,-0.304123,116.006168,
2017-02-23,-2.318931,113.316065,
2017-02-24,0.697454,114.106392,
2017-02-27,0.365280,114.523200,
2017-02-28,0.499269,115.094979,
2017-03-01,0.386976,115.540369,
2017-03-02,-0.980763,114.407191,
2017-03-03,0.170879,114.602690,
2017-03-06,-1.120456,113.318617,
2017-03-07,-1.121303,112.047972,
2017-03-08,-0.586451,111.390866,
2017-03-09,-0.631457,110.687481,
2017-03-10,0.514624,111.257105,
2017-03-13,0.880016,112.236186,
2017-03-14,0.437399,112.727106,
2017-03-15,0.637743,113.446016,
2017-03-16,0.528771,114.045886,
2017-03-17,0.438605,114.546097,
2017-03-20,-0.576109,113.886186,
2017-03-21,-1.745781,111.897982,
2017-03-22,0.659714,112.636188,
2017-03-23,0.366150,113.048606,
2017-03-24,-0.440508,112.550618,
2017-03-27,-0.145815,112.386502,
2017-03-28,1.254939,113.796884,
2017-03-29,0.118638,113.931890,
2017-03-30,0.004106,113.936568,
2017-03-31,-0.658077,113.186778,
2017-04-03,-1.346389,111.662844,
2017-04-04,0.116045,111.792423,
2017-04-05,1.804208,113.809391,
2017-04-06,-0.668799,113.048235,
2017-04-07,-0.383716,112.614450,
2017-04-10,-1.337032,111.108759,
2017-04-11,0.043187,111.156743,
2017-04-12,-2.055684,108.871712,
2017-04-13,0.887289,109.837719,
2017-04-14,-0.116699,109.709540,
2017-04-17,0.051450,109.765985,
2017-04-18,-0.952867,108.720062,
2017-04-19,-0.126475,108.582558,
2017-04-20,0.687670,109.329248,
2017-04-21,0.004044,109.333669,
2017-04-24,0.176309,109.526434,
2017-04-25,0.761349,110.360311,
2017-04-26,0.296685,110.687734,
2017-04-27,-0.172156,110.497179,
2017-04-28,0.478859,111.026304,
2017-05-01,-0.008067,111.017347,
2017-05-02,0.996207,112.123310,
2017-05-03,-2.748034,109.042123,
2017-05-04,-0.921368,108.037444,
2017-05-05,0.186855,108.239317,
2017-05-08,-1.357433,106.770041,
2017-05-09,0.030200,106.802285,
2017-05-10,-0.345405,106.433384,
2017-05-11,0.337409,106.792501,
2017-05-12,0.314051,107.127883,
2017-05-15,0.646933,107.820929,
2017-05-16,0.414172,108.267493,
2017-05-17,0.006314,108.274329,
2017-05-18,-0.297832,107.951853,
2017-05-19,1.588640,109.666820,
2017-05-22,0.382829,110.086656,
2017-05-23,0.398930,110.525825,
2017-05-24,-0.250145,110.249350,
2017-05-25,0.313477,110.594957,
2017-05-26,-0.676403,109.846889,
2017-05-29,-0.116186,109.719263,
2017-05-30,-0.038038,109.677527,
2017-05-31,0.609092,110.345565,
2017-06-01,0.241861,110.612447,
2017-06-02,-0.198645,110.392721,
2017-06-05,-0.458564,109.886500,
2017-06-06,-0.019932,109.864597,
2017-06-07,0.042017,109.910759,
2017-06-08,1.806756,111.896578,
2017-06-09,1.069010,113.092763,
2017-06-12,-0.905678,112.068508,
2017-06-13,-0.687249,111.298318,
2017-06-14,-1.009107,110.175199,
2017-06-15,0.029086,110.207244,
2017-06-16,-0.018969,110.186338,
2017-06-19,0.789616,111.056388,
2017-06-20,-0.595221,110.395357,
2017-06-21,0.879848,111.366668,
2017-06-22,0.281631,111.680312,
2017-06-23,0.373337,112.097256,
2017-06-26,0.058645,112.162995,
2017-06-27,0.626569,112.865774,
2017-06-28,0.491209,113.420180,
2017-06-29,0.405762,113.880397,
2017-06-30,0.535820,114.490591,
2017-07-03,-0.740685,113.642577,
2017-07-04,-0.320107,113.278799,
2017-07-05,-0.584018,112.617231,
2017-07-06,-0.218230,112.371466,
2017-07-07,-0.174979,112.174839,
2017-07-10,0.010045,112.186107,
2017-07-11,0.639814,112.903889,
2017-07-12,0.270732,113.209556,
2017-07-13,-0.319735,112.847585,
2017-07-14,0.917018,113.882418,
2017-07-17,1.040513,115.067379,
2017-07-18,-0.159588,114.883745,
2017-07-19,-0.482555,114.329367,
2017-07-20,0.092752,114.435410,
2017-07-21,0.181497,114.643106,
2017-07-24,0.202713,114.875502,13.867877
2017-07-25,2.452687,117.693039,16.873451
2017-07-26,0.668607,118.479942,18.118651
2017-07-27,0.329024,118.869769,18.238440
2017-07-28,0.278540,119.200869,19.041312
2017-07-31,0.381964,119.656173,18.693519
2017-08-01,-0.339791,119.249592,17.938991
2017-08-02,0.330837,119.644113,19.824910
2017-08-03,-0.244975,119.351015,19.256022
2017-08-04,0.169350,119.553136,18.767143
2017-08-07,0.552097,120.213186,19.931353
2017-08-08,0.698324,121.052663,20.081158
2017-08-09,-0.263542,120.733639,19.833320
2017-08-10,-0.743163,119.836392,19.897446
2017-08-11,0.369664,120.279385,21.118154
2017-08-14,-0.303634,119.914175,22.095454
2017-08-15,0.068622,119.996463,22.197411
2017-08-16,1.777021,122.128825,24.067381
2017-08-17,-0.872232,121.063579,23.191323
2017-08-18,-0.143361,120.890021,23.240370
2017-08-21,1.091517,122.209555,24.175529
2017-08-22,0.145888,122.387844,24.204482
2017-08-23,0.118035,122.532305,24.772745
2017-08-24,1.287017,124.109316,26.004220
2017-08-25,-0.004036,124.104308,26.127530
2017-08-28,-0.042861,124.051116,25.874414
2017-08-29,1.091768,125.405466,26.536998
2017-08-30,-0.440611,124.852915,26.466341
2017-08-31,0.614430,125.620049,27.276724
2017-09-01,0.384411,126.102947,28.259216
2017-09-04,1.006932,127.372718,27.617358
2017-09-05,-0.744760,126.424096,26.539108
2017-09-06,0.693372,127.300686,27.527842
2017-09-07,-0.006926,127.291869,27.516871
2017-09-08,-2.619851,123.957012,24.552524
2017-09-11,1.037609,125.243201,25.734747
2017-09-12,-0.944157,124.060709,23.433122
2017-09-13,-1.422766,122.295615,21.570300
2017-09-14,-0.702032,121.437061,20.990340
2017-09-15,-0.235934,121.150550,21.597482
2017-09-18,0.418982,121.658149,21.415053
2017-09-19,-0.037375,121.612679,21.782105
2017-09-20,0.024204,121.642113,20.590852
2017-09-21,-0.950233,120.486230,20.360179
2017-09-22,0.319884,120.871646,21.365745
2017-09-25,-0.256896,120.561132,21.079231
2017-09-26,-0.588374,119.851782,21.080641
2017-09-27,0.258095,120.161114,20.900092
2017-09-28,1.203516,121.607272,21.094252
2017-09-29,-0.432724,121.081049,20.787260
2017-10-02,-0.089042,120.973236,21.056145
2017-10-03,0.247858,121.273078,22.792357
2017-10-04,-0.095226,121.157595,23.348478
2017-10-05,2.036903,123.625458,25.389681
2017-10-06,-0.844979,122.580849,24.630900
2017-10-09,0.091890,122.693489,24.828071
2017-10-10,0.925704,123.829268,26.176710
2017-10-11,0.764844,124.776368,27.432057
2017-10-12,0.603913,125.529909,27.801284
2017-10-13,-0.155262,125.335008,25.839375
2017-10-16,2.313293,128.234374,28.089602
2017-10-17,-0.919012,127.055885,26.636033
2017-10-18,-0.776926,126.068755,24.987055
2017-10-19,-0.210415,125.803488,24.605122
2017-10-20,0.205253,126.061703,23.940996
2017-10-23,0.510631,126.705413,24.873364
2017-10-24,0.866238,127.802983,24.972489
2017-10-25,-0.394856,127.298345,24.117127
2017-10-26,-0.334866,126.872066,22.046317
2017-10-27,-1.579959,124.867540,18.110149
2017-10-30,0.104575,124.998121,15.923723
2017-10-31,0.118023,125.145647,13.421899
2017-11-01,0.617560,125.918496,14.872052
2017-11-02,-0.003977,125.913488,14.746074
2017-11-03,-0.500620,125.283140,14.733429
2017-11-06,0.997592,126.532955,16.840711
2017-11-07,-1.646413,124.449700,14.828992
2017-11-08,0.432511,124.987958,15.876922
2017-11-09,-0.365831,124.530714,13.642699
2017-11-10,-0.301922,124.154729,12.713024
2017-11-13,1.080635,125.496388,11.774720
2017-11-14,-1.170304,124.027699,9.370479
2017-11-15,-0.178792,123.805948,8.481570
2017-11-16,0.008883,123.816946,8.947362
2017-11-17,0.584248,124.540344,11.427713
2017-11-20,0.257349,124.860848,11.139889
2017-11-21,0.843771,125.914387,11.967091
2017-11-22,-0.054154,125.846200,12.096826
2017-11-23,0.257442,126.170180,10.469238
2017-11-24,0.586525,126.910200,11.775695
2017-11-27,-1.012756,125.624909,11.459345
2017-11-28,-1.245130,124.060716,10.693470
2017-11-29,-0.733155,123.151158,9.441729
2017-11-30,0.308651,123.531266,10.684995
2017-12-01,0.595312,124.266662,11.854134
2017-12-04,0.122260,124.418590,11.793476
2017-12-05,-3.056925,120.615206,9.040743
2017-12-06,0.086584,120.719640,10.299063
2017-12-07,0.001727,120.721725,12.272278
2017-12-08,0.136317,120.886289,12.324241
2017-12-11,0.986803,122.079198,13.491128
2017-12-12,0.335110,122.488298,13.491361
2017-12-13,0.652259,123.287240,15.114702
2017-12-14,0.390643,123.768853,15.643683
2017-12-15,1.202584,125.257277,16.797897
2017-12-18,0.479808,125.858272,16.303398
2017-12-19,0.085956,125.966455,16.789058
2017-12-20,0.918257,127.123150,17.695537
2017-12-21,0.469251,127.719677,18.484408
2017-12-22,0.857898,128.815381,16.946101
2017-12-25,-0.156380,128.613939,17.451634
2017-12-26,0.173745,128.837400,17.545668
2017-12-27,0.907011,130.005970,18.319631
2017-12-28,0.154799,130.207218,16.411380
2017-12-29,-0.180844,129.971746,15.874019
2018-01-02,-0.451272,129.385220,13.522503
2018-01-03,-0.342971,128.941467,12.565600
2018-01-04,0.209503,129.211603,13.835118
2018-01-05,-0.677162,128.336630,14.110894
2018-01-08,0.054550,128.406638,14.309748
2018-01-09,-0.209668,128.137410,14.239718
2018-01-10,0.333109,128.564248,14.462976
2018-01-11,-0.103722,128.430898,13.646918
2018-01-12,-0.263764,128.092144,11.372664
2018-01-15,1.020513,129.399340,12.350012
2018-01-16,-0.831287,128.323661,12.785844
2018-01-17,-0.302385,127.935629,11.745774
2018-01-18,-0.045618,127.877268,12.368659
2018-01-19,-0.087547,127.765315,11.045158
2018-01-22,0.150516,127.957623,11.122421
2018-01-23,-1.974798,125.430718,9.746050
2018-01-24,2.614780,128.710455,14.242851
2018-01-25,-0.475129,128.098914,12.693251
2018-01-26,-0.154451,127.901064,12.916674
2018-01-29,-0.000603,127.900293,12.238585
2018-01-30,-0.393698,127.396753,11.848280
2018-01-31,-0.137201,127.221963,8.478129
2018-02-01,0.063512,127.302764,8.054840
2018-02-02,-0.518234,126.643038,8.220724
2018-02-05,-0.093220,126.524981,8.062876
2018-02-06,-0.782060,125.535480,8.176282
2018-02-07,-2.403387,122.518376,5.931384
2018-02-08,-0.146721,122.338616,4.747865
2018-02-09,-1.233813,120.829187,3.768864
2018-02-12,1.163186,122.234656,5.229924
2018-02-13,1.776135,124.405708,9.336712
2018-02-14,0.773580,125.368086,9.412282
2018-02-15,0.408946,125.880773,9.455779
2018-02-16,0.015490,125.900272,8.973241
2018-02-19,-0.554957,125.201580,8.030509
2018-02-20,-0.761277,124.248449,8.251924
2018-02-21,0.391513,124.734898,8.471939
2018-02-22,0.369730,125.196081,9.967769
2018-02-23,-0.404675,124.689444,10.689910
2018-02-26,-0.140400,124.514380,11.137588
2018-02-27,-0.729873,123.605583,11.038498
2018-02-28,-0.557576,122.916388,9.966057
2018-03-01,-0.641346,122.128069,8.446479
2018-03-02,0.570244,122.824497,8.578657
2018-03-05,0.195750,123.064926,8.138498
2018-03-06,0.887426,124.157037,8.494632
2018-03-07,0.109804,124.293366,8.166729
2018-03-08,-0.721878,123.396119,8.020008
2018-03-09,1.505784,125.254198,11.275767
2018-03-12,0.294969,125.623659,10.912755
2018-03-13,0.072162,125.714312,10.619410
2018-03-14,0.147238,125.899411,11.208021
2018-03-15,-0.681181,125.041809,10.670431
2018-03-16,-0.430909,124.502992,8.991461
2018-03-19,-0.669343,123.669639,8.201299
2018-03-20,-0.914584,122.538576,7.278402
2018-03-21,0.668441,123.357674,8.604870
2018-03-22,-1.037840,122.077419,8.917142
2018-03-23,-1.046815,120.799495,7.748832
2018-03-26,-0.595683,120.079912,5.363242
2018-03-27,0.447151,120.616851,6.480442
2018-03-28,0.322752,121.006144,7.187128
2018-03-29,0.766738,121.933945,9.296993
2018-03-30,-0.124968,121.781566,9.128769
2018-04-02,0.025889,121.813093,11.231761
2018-04-03,0.734532,122.707849,11.080233
2018-04-04,-1.566249,120.785939,9.618355
2018-04-05,1.338348,122.402475,10.896389
2018-04-06,-0.835725,121.379527,11.014589
2018-04-09,1.044217,122.646993,12.179947
2018-04-10,1.472362,124.452801,12.956258
2018-04-11,-0.660211,123.631150,12.289815
2018-04-12,-0.978607,122.421288,11.130235
2018-04-13,0.051288,122.484076,10.423045
2018-04-16,0.492074,123.086788,10.617667
2018-04-17,0.077048,123.181624,10.866989
2018-04-18,1.841044,125.449452,12.213576
2018-04-19,-0.905824,124.313100,11.311692
2018-04-20,0.248797,124.622387,10.568902
2018-04-23,-0.126917,124.464221,13.228403
2018-04-24,0.755411,125.404438,14.906614
2018-04-25,-0.400955,124.901622,14.318173
2018-04-26,-0.029373,124.864935,15.655526
2018-04-27,-2.205788,122.110679,13.394852
2018-04-30,0.178196,122.328276,13.918892
2018-05-01,-0.640287,121.545024,12.939705
2018-05-02,0.761269,122.470308,13.384533
2018-05-03,0.714152,123.344932,13.451297
2018-05-04,0.200020,123.591646,13.237800
2018-05-07,0.072355,123.681070,13.303815
2018-05-08,-0.282293,123.331928,13.319399
2018-05-09,-0.009719,123.319941,11.733526
2018-05-10,0.997576,124.550152,12.344062
2018-05-11,0.095758,124.669419,12.041638
2018-05-14,-0.494114,124.053410,11.796757
2018-05-15,-0.606727,123.300744,10.875195
2018-05-16,0.592385,124.031159,12.144533
2018-05-17,0.107164,124.164075,12.367893
2018-05-18,-0.426658,123.634319,11.978368
2018-05-21,0.906650,124.755250,12.273688
2018-05-22,0.883890,125.857948,12.912125
2018-05-23,-1.880289,123.491455,11.212776
2018-05-24,0.925670,124.634579,12.593807
2018-05-25,-0.264319,124.305146,12.349073
2018-05-28,0.152645,124.494891,12.459593
2018-05-29,-0.401854,123.994604,10.266302
2018-05-30,0.267891,124.326774,9.470498
2018-05-31,0.088675,124.437022,10.468938
2018-06-01,0.656177,125.253549,11.812593
2018-06-04,1.014280,126.523970,13.835996
2018-06-05,1.096896,127.911807,14.897839
2018-06-06,0.959269,129.138825,15.871507
2018-06-07,0.067095,129.225470,15.152064
2018-06-08,0.529035,129.909119,16.276704
2018-06-11,-0.712406,128.983638,14.685748
2018-06-12,-0.047726,128.922079,14.356775
2018-06-13,0.239361,129.230669,14.223209
2018-06-14,-0.758395,128.250589,13.403296
2018-06-15,-1.568057,126.239547,11.198199
2018-06-18,-0.491951,125.618510,10.215028
2018-06-19,-1.545484,123.677096,8.252536
2018-06-20,0.252588,123.989490,7.970416
2018-06-21,-0.074326,123.897334,8.639504
2018-06-22,0.004509,123.902921,8.964633
2018-06-25,-0.853487,122.845426,8.693213
2018-06-26,0.356727,123.283648,9.267774
2018-06-27,-0.202732,123.033712,9.239968
2018-06-28,-0.377069,122.569789,8.852142
2018-06-29,-0.286340,122.218824,7.927616
2018-07-02,-0.405721,121.722956,7.250703
2018-07-03,-0.993057,120.514178,6.572930
2018-07-04,-1.435796,118.783840,4.213888
2018-07-05,-0.964255,117.638460,2.209817
2018-07-06,-0.462086,117.094869,1.906375
2018-07-09,1.432802,118.772607,3.812734
2018-07-10,-0.840780,117.773991,2.875691
2018-07-11,-2.672699,114.626247,-0.014707
2018-07-12,1.196926,115.998239,0.972605
2018-07-13,0.133103,116.152636,-1.317472
2018-07-16,-0.414040,115.671717,-2.398753
2018-07-17,-0.506229,115.086154,-3.234751
2018-07-18,1.095070,116.346427,-2.423786
2018-07-19,-1.739858,114.322165,-4.560193
2018-07-20,1.195659,115.689068,-3.031256
2018-07-23,-0.355752,115.277502,-3.717934
2018-07-24,2.203389,117.817513,-1.293193
2018-07-25,0.856850,118.827032,-0.609200
2018-07-26,-0.076752,118.735830,-1.236561
2018-07-27,-0.276560,118.407453,-2.209401
2018-07-30,-0.350544,117.992383,-2.296672
2018-07-31,1.718907,120.020563,0.153567
2018-08-01,-2.472168,117.053453,-2.718655
2018-08-02,0.465423,117.598247,-1.950215
2018-08-03,0.620592,118.328053,-1.400139
2018-08-06,-0.911950,117.248959,-4.077690
2018-08-07,0.229053,117.517522,-2.972841
2018-08-08,-0.043255,117.466689,-2.872641
2018-08-09,0.580979,118.149146,-3.378946
2018-08-10,-0.702953,117.318613,-4.230163
2018-08-13,-0.325080,116.937233,-4.673738
2018-08-14,-0.832203,115.964078,-6.788229
2018-08-15,-2.805817,112.710339,-9.630125
2018-08-16,0.932628,113.761507,-8.658949
2018-08-17,0.626132,114.473805,-9.120619
2018-08-20,0.644931,115.212081,-8.036175
2018-08-21,0.592895,115.895167,-8.057581
2018-08-22,-0.927672,114.820041,-9.373257
2018-08-23,-0.622355,114.105452,-10.999454
2018-08-24,1.454073,115.764629,-8.808303
2018-08-27,0.162533,115.952785,-9.336881
2018-08-28,0.773549,116.849737,-8.559383
2018-08-29,-0.677514,116.058064,-6.584421
2018-08-30,0.131777,116.211001,-7.484994
2018-08-31,-0.683690,115.416478,-7.222389
2018-09-03,-0.435782,114.913515,-6.226139
2018-09-04,-1.183444,113.553577,-6.712134
2018-09-05,0.255063,113.843210,-6.221184
2018-09-06,0.494178,114.405798,-6.146329
2018-09-07,-0.748032,113.550007,-6.859790
2018-09-10,0.009267,113.560530,-6.874724
2018-09-11,0.116298,113.692598,-5.803718
2018-09-12,1.733895,115.663908,-4.404056
2018-09-13,0.128420,115.812444,-4.018493
2018-09-14,-0.875726,114.798244,-4.307964
2018-09-17,0.665988,115.562786,-3.901947
2018-09-18,1.770853,117.609234,-3.342922
2018-09-19,-0.212036,117.359859,-3.121521
2018-09-20,0.567671,118.026078,-2.466373
2018-09-21,2.868936,121.412171,0.114628
2018-09-24,-0.332737,121.008187,-0.123393
2018-09-25,-0.662383,120.206649,-2.804416
2018-09-26,-0.018728,120.184137,-1.974576
2018-09-27,-1.401985,118.499174,-3.478330
2018-09-28,1.281070,120.017231,-3.126842
2018-10-01,-0.277416,119.684284,-4.166577
2018-10-02,0.271688,120.009452,-4.497354
2018-10-03,0.728777,120.884054,-3.615837
2018-10-04,-1.083671,119.574069,-6.992364
2018-10-05,-0.305347,119.208953,-6.374917
2018-10-08,0.132226,119.366578,-5.462819
2018-10-09,1.170439,120.763691,-4.088539
2018-10-10,-0.862480,119.722129,-5.159803
2018-10-11,0.713383,120.576206,-4.958284
2018-10-12,0.183328,120.797256,-5.637631
2018-10-15,-0.600700,120.071627,-5.844505
2018-10-16,0.153824,120.256326,-5.355372
2018-10-17,-0.409697,119.763640,-4.173336
2018-10-18,-1.585844,117.864375,-5.876410
2018-10-19,1.059049,119.112616,-4.940884
2018-10-22,-0.414080,118.619394,-5.971484
2018-10-23,-0.526640,117.994697,-6.495538
2018-10-24,0.387758,118.452232,-5.606653
2018-10-25,0.251261,118.749856,-6.348356
2018-10-26,-0.007890,118.740486,-4.696130
2018-10-29,-0.267475,118.422885,-5.395541
2018-10-30,-1.549519,116.587900,-6.590688
2018-10-31,-0.342182,116.188958,-6.631079
2018-11-01,1.652374,118.108833,-6.067046
2018-11-02,1.786174,120.218463,-3.119431
2018-11-05,-1.233098,118.736052,-4.181243
2018-11-06,0.141758,118.904370,-4.048468
2018-11-07,0.281398,119.238964,-4.350014
2018-11-08,-0.000310,119.238594,-4.607342
2018-11-09,-0.328231,118.847216,-5.776344
2018-11-12,0.040128,118.894906,-5.682056
2018-11-13,0.431607,119.408066,-5.508488
2018-11-14,1.009089,120.612999,-5.089268
2018-11-15,1.031024,121.856548,-3.045604
2018-11-16,0.778096,122.804709,-1.017573
2018-11-19,-0.344356,122.381824,-0.626666
2018-11-20,-1.635810,120.379890,-2.584179
2018-11-21,1.063965,121.660690,-2.119381
2018-11-22,0.113415,121.798671,-2.128216
2018-11-23,-1.578782,119.875736,-0.614969
2018-11-26,-0.272039,119.549627,-0.973926
2018-11-27,-0.402054,119.068973,-1.378517
2018-11-28,1.574716,120.943972,0.047705
2018-11-29,-0.694669,120.103812,-1.631353
2018-11-30,-0.244529,119.810124,-2.210731
2018-12-03,0.693919,120.641509,-2.169350
2018-12-04,-0.871779,119.589782,-3.434833
2018-12-05,0.141688,119.759227,-4.488655
2018-12-06,-0.501806,119.158268,-5.470385
2018-12-07,0.247615,119.453322,-5.308995
2018-12-10,-0.559888,118.784517,-6.784523
2018-12-11,0.164812,118.980288,-7.088000
2018-12-12,-0.241795,118.692600,-8.184326
2018-12-13,0.032840,118.731579,-7.994989
2018-12-14,-0.401263,118.255154,-8.570654
2018-12-17,-0.480935,117.686424,-9.955671
2018-12-18,-2.742430,114.458956,-12.891087
2018-12-19,1.649056,116.346449,-11.074472
2018-12-20,-0.634455,115.608283,-11.258655
2018-12-21,-0.415049,115.128452,-11.331008
2018-12-24,0.214858,115.375814,-11.325664
2018-12-25,-0.013407,115.360346,-10.659606
2018-12-26,0.047597,115.415254,-10.666556
2018-12-27,-0.077257,115.326088,-10.533954
2018-12-28,0.806175,116.255819,-10.063567
2018-12-31,-1.084022,114.995580,-11.049731
2019-01-01,-0.078604,114.905189,-10.864253
2019-01-02,-0.379232,114.469432,-12.259547
2019-01-03,-1.148683,113.154541,-12.580117
2019-01-04,2.313712,115.772611,-9.989923
2019-01-07,-0.353618,115.363218,-10.298540
2019-01-08,0.828847,116.319402,-9.385523
2019-01-09,-0.118568,116.181484,-9.654565
2019-01-10,-0.616036,115.465765,-8.277948
2019-01-11,0.256980,115.762489,-10.602477
2019-01-14,-0.246873,115.476702,-10.373393
2019-01-15,-0.135922,115.319744,-10.354837
2019-01-16,1.206403,116.710965,-9.155051
2019-01-17,0.109749,116.839054,-8.650887
2019-01-18,1.028338,118.040555,-7.490505
2019-01-21,-0.693220,117.222274,-8.249631
2019-01-22,-0.417038,116.733413,-8.147959
2019-01-23,0.316937,117.103384,-7.738260
2019-01-24,-0.365981,116.674807,-7.319778
2019-01-25,2.340875,119.406019,-2.573142
2019-01-28,-1.391698,117.744247,-3.827787
2019-01-29,0.801204,118.687619,-1.788288
2019-01-30,0.558344,119.350304,-2.387970
2019-01-31,0.667807,120.147333,-3.482930
2019-02-01,-0.316375,119.767217,-4.570410
2019-02-04,0.152362,119.949697,-4.826275
2019-02-05,0.341940,120.359853,-4.500408
2019-02-06,0.570809,121.046878,-3.374719
2019-02-07,-0.023373,121.018586,-2.633905
2019-02-08,-0.576434,120.320993,-3.602756
2019-02-11,-0.771984,119.392133,-4.746784
2019-02-12,-0.300716,119.033103,-4.642457
2019-02-13,0.134673,119.193409,-4.367375
2019-02-14,-0.201863,118.952801,-3.836893
2019-02-15,1.329034,120.533724,-1.957478
2019-02-18,0.258960,120.845858,-1.055441
2019-02-19,0.901203,121.934924,-0.726899
2019-02-20,1.214196,123.415453,0.284426
2019-02-21,-0.723707,122.522287,-1.325424
2019-02-22,1.243677,124.046069,-0.199160
2019-02-25,-0.110185,123.909389,0.415091
2019-02-26,-0.099919,123.785580,-1.179438
2019-02-27,0.502686,124.407833,-0.972546
2019-02-28,-0.729062,123.500823,-1.776415
2019-03-01,-0.465564,122.925847,-2.390196
2019-03-04,-0.416588,122.413753,-2.124143
2019-03-05,1.070682,123.724415,-0.627311
2019-03-06,-0.305330,123.346648,-0.261515
2019-03-07,-0.142192,123.171258,0.514984
2019-03-08,-0.481258,122.578487,-0.633652
2019-03-11,0.153723,122.766918,0.563215
2019-03-12,0.239869,123.061397,1.855129
2019-03-13,0.170439,123.271142,2.622888
2019-03-14,-1.424800,121.514774,0.741685
2019-03-15,0.744552,122.419515,1.161247
2019-03-18,0.253768,122.730177,0.650880
2019-03-19,-0.045558,122.674264,0.730359
2019-03-20,0.207864,122.929260,0.912122
2019-03-21,-0.787757,121.960876,-0.610601
2019-03-22,-1.092239,120.628772,-0.130205
2019-03-25,0.002684,120.632009,-1.456992
2019-03-26,-0.619582,119.884595,-1.239265
2019-03-27,0.009092,119.895495,-2.268976
2019-03-28,0.082589,119.994515,-3.648050
2019-03-29,1.316192,121.573873,-1.678045
2019-04-01,-0.044845,121.519354,-0.739473
2019-04-02,-0.754490,120.602503,-1.548099
2019-04-03,0.211230,120.857252,-1.827959
2019-04-04,-0.689799,120.023580,-2.597166
2019-04-05,-0.532107,119.384925,-4.954996
2019-04-08,1.648182,121.352606,-2.410297
2019-04-09,-0.335225,120.945802,-2.994573
2019-04-10,-0.522304,120.314098,-3.391249
2019-04-11,-0.842065,119.300975,-4.989451
2019-04-12,1.350455,120.912081,-3.246273
2019-04-15,-0.643446,120.134077,-3.862420
2019-04-16,-0.409063,119.642653,-2.041843
2019-04-17,0.645778,120.415280,-1.576178
2019-04-18,-1.145914,119.035424,-2.086363
2019-04-19,0.011537,119.049157,-2.833213
2019-04-22,-0.066410,118.970097,-3.611258
2019-04-23,-0.340644,118.564832,-4.152303
2019-04-24,0.486336,119.141456,-3.739475
2019-04-25,-1.328484,117.558680,-4.794171
2019-04-26,0.963923,118.691855,-3.825144
2019-04-29,-0.575608,118.008656,-5.395048
2019-04-30,-0.373187,117.568263,-5.864646
2019-05-01,-2.473359,114.660378,-7.873767
2019-05-02,-0.969214,113.549073,-8.239133
2019-05-03,0.807445,114.465920,-8.025568
2019-05-06,0.000000,114.465920,-8.132675
2019-05-07,-0.889374,113.447890,-8.598456
2019-05-08,-0.734427,112.614697,-10.238158
2019-05-09,0.181292,112.818858,-10.937037
2019-05-10,0.308534,113.166943,-8.730787
2019-05-13,-1.539210,111.425066,-11.203378
2019-05-14,0.395548,111.865805,-10.543941
2019-05-15,0.342289,112.248710,-10.354765
2019-05-16,0.070079,112.327372,-9.882047
2019-05-17,-0.115529,112.197601,-10.265177
2019-05-20,-0.513592,111.621363,-10.868728
2019-05-21,0.150729,111.789609,-11.372146
2019-05-22,-1.065100,110.598938,-13.452129
2019-05-23,0.138117,110.751694,-14.405031
2019-05-24,0.706145,111.533761,-14.656065
2019-05-27,0.171059,111.724549,-14.552225
2019-05-28,0.222092,111.972680,-14.858020
2019-05-29,-1.136393,110.700231,-15.285963
2019-05-30,-0.474860,110.174559,-15.714218
2019-05-31,-0.456430,109.671689,-16.410768
2019-06-03,0.559709,110.285532,-15.091334
2019-06-04,0.737326,111.098695,-12.776231
2019-06-05,-0.571779,110.463456,-12.856487
2019-06-06,0.070498,110.541330,-11.228463
2019-06-07,0.053309,110.600258,-11.427438
2019-06-10,0.429806,111.075625,-10.924199
2019-06-11,0.228569,111.329510,-10.700400
2019-06-12,-0.354730,110.934591,-10.198611
2019-06-13,-0.152005,110.765964,-10.706823
2019-06-14,-0.857901,109.815702,-11.365487
2019-06-17,1.093350,111.016372,-9.900289
2019-06-18,1.546224,112.732935,-8.079146
2019-06-19,-0.996109,111.609992,-8.673703
2019-06-20,1.269057,113.026387,-6.414610
2019-06-21,0.074091,113.110130,-4.894343
2019-06-24,0.035492,113.150275,-3.889922
2019-06-25,0.403405,113.606729,-3.024171
2019-06-26,-0.454362,113.090543,-4.902204
2019-06-27,0.055052,113.152802,-4.002832
2019-06-28,0.086704,113.250910,-1.207101
2019-07-01,-0.880660,112.253554,-3.281482
2019-07-02,-0.433895,111.766491,-3.849336
2019-07-03,0.666629,112.511560,-2.770019
2019-07-04,-0.443318,112.012775,-2.706808
2019-07-05,-0.112373,111.886903,-3.908361
2019-07-08,-0.206095,111.656310,-2.359497
2019-07-09,-0.872368,110.682256,-4.424261
2019-07-10,1.391954,112.222902,-2.685519
2019-07-11,-0.145924,112.059142,-5.011014
2019-07-12,0.225943,112.312332,-5.638526
2019-07-15,0.614298,113.002264,-4.949325
2019-07-16,-0.426456,112.520359,-5.099750
2019-07-17,0.375740,112.943143,-4.373554
2019-07-18,-0.288145,112.617703,-6.366416
2019-07-19,1.073526,113.826683,-2.795372
2019-07-22,-0.687155,113.044517,-3.949243
2019-07-23,-0.367571,112.628998,-4.936166
2019-07-24,0.260518,112.922417,-3.759853
2019-07-25,-0.176732,112.722847,-4.165532
2019-07-26,-0.290350,112.395557,-4.413039
2019-07-29,0.768625,113.259457,-4.226652
2019-07-30,-1.404830,111.668354,-4.936007
2019-07-31,-0.175495,111.472382,-4.786046
2019-08-01,-0.824039,110.553806,-4.777814
2019-08-02,-2.029124,108.310533,-3.981875
2019-08-05,-0.241380,108.049093,-5.151852
2019-08-06,0.795821,108.908970,-4.983362
2019-08-07,0.539616,109.496660,-5.088057
2019-08-08,0.620736,110.176346,-5.060383
2019-08-09,0.000692,110.177108,-4.127690
2019-08-12,-0.506922,109.618596,-4.011601
2019-08-13,1.366833,111.116899,-4.097628
2019-08-14,-1.018296,109.985400,-5.283545
2019-08-15,-0.422297,109.520935,-6.477308
2019-08-16,0.395728,109.954341,-5.402542
2019-08-19,-0.138239,109.802341,-5.672567
2019-08-20,-0.424748,109.335958,-5.412181
2019-08-21,0.292077,109.655303,-4.683796
2019-08-22,-0.482234,109.126508,-3.976694
2019-08-23,-0.896939,108.147710,-5.132418
2019-08-26,0.038854,108.189729,-5.586532
2019-08-27,0.693472,108.939995,-4.144610
2019-08-28,0.360688,109.332928,-3.793838
2019-08-29,0.422584,109.794952,-3.488375
2019-08-30,-0.471558,109.277205,-5.680083
2019-09-02,-0.291423,108.958746,-6.100268
2019-09-03,0.230441,109.209831,-4.990509
2019-09-04,2.090974,111.493381,-3.584876
2019-09-05,0.945208,112.547225,-4.399464
2019-09-06,-0.234628,112.283158,-4.422106
2019-09-09,0.135342,112.435124,-4.852922
2019-09-10,-0.285233,112.114423,-7.967115
2019-09-11,-0.176389,111.916665,-7.810367
2019-09-12,0.999928,113.035752,-6.150818
2019-09-13,1.320987,114.528939,-4.819751
2019-09-16,-1.645923,112.643880,-5.067465
2019-09-17,-1.066818,111.442175,-7.412947
2019-09-18,-0.185641,111.235293,-7.320960
2019-09-19,-0.210236,111.001436,-7.802737
2019-09-20,-0.328087,110.637255,-8.857498
2019-09-23,0.534218,111.228299,-7.235116
2019-09-24,-0.200122,111.005707,-7.129624
2019-09-25,0.074911,111.088863,-7.186880
2019-09-26,-0.864212,110.128820,-9.218490
2019-09-27,0.650581,110.845298,-7.703795
2019-09-30,-0.534309,110.253041,-8.950387
2019-10-01,-0.428315,109.780811,-9.562782
2019-10-02,0.107841,109.899199,-8.852488
2019-10-03,-0.766119,109.057241,-9.775262
2019-10-04,0.303161,109.387860,-9.062022
2019-10-07,0.367618,109.789989,-7.096524
2019-10-08,-0.551875,109.184086,-8.703408
2019-10-09,0.073052,109.263847,-8.215443
2019-10-10,1.258090,110.638484,-6.437170
2019-10-11,-0.013692,110.623336,-6.837871
2019-10-14,0.219984,110.866690,-6.869073
2019-10-15,-0.483240,110.330938,-7.345594
2019-10-16,-0.548011,109.726313,-7.627279
2019-10-17,0.350976,110.111425,-5.715269
2019-10-18,0.896378,111.098440,-4.480116
2019-10-21,0.296402,111.427737,-5.823023
2019-10-22,0.042621,111.475229,-7.550821
2019-10-23,0.740973,112.301230,-5.571816
2019-10-24,0.246273,112.577797,-5.467504
2019-10-25,0.406467,113.035389,-5.342864
2019-10-28,0.275354,113.346636,-5.067579
2019-10-29,0.208321,113.582761,-4.530703
2019-10-30,-0.258645,113.288984,-4.829803
2019-10-31,-0.848447,112.327787,-6.112548
2019-11-01,0.801914,113.228559,-6.317864
2019-11-04,0.262971,113.526318,-7.080983
2019-11-05,0.770794,114.401372,-7.088229
2019-11-06,-1.016753,113.238192,-7.765237
2019-11-07,1.256888,114.661469,-4.866845
2019-11-08,-0.852657,113.683800,-6.781503
2019-11-11,-0.660289,112.933158,-7.557332
2019-11-12,-0.548056,112.314221,-6.515519
2019-11-13,-0.325308,111.948854,-6.568947
2019-11-14,-0.614047,111.261436,-6.782023
2019-11-15,0.613221,111.943714,-7.733120
2019-11-18,-0.053584,111.883730,-7.089626
2019-11-19,0.671560,112.635096,-6.175483
2019-11-20,-0.404090,112.179949,-7.271915
2019-11-21,-0.125573,112.039081,-6.521965
2019-11-22,0.394468,112.481040,-6.269861
2019-11-25,0.144088,112.643111,-5.622808
2019-11-26,0.951386,113.714782,-4.923228
2019-11-27,0.192774,113.933995,-4.169178
2019-11-28,-0.581324,113.271669,-4.916875
2019-11-29,-0.011895,113.258196,-4.686683
2019-12-02,-0.810049,112.340750,-5.532865
2019-12-03,-0.553900,111.718494,-5.686235
2019-12-04,0.649906,112.444559,-4.556337
2019-12-05,0.402650,112.897317,-1.373760
2019-12-06,1.663521,114.775388,-1.359530
2019-12-09,0.624281,115.491908,-0.100714
2019-12-10,0.525103,116.098360,0.838928
2019-12-11,0.557436,116.745535,1.180190
2019-12-12,0.396160,117.208033,1.588974
2019-12-13,-0.157795,117.023085,1.383469
2019-12-16,0.790257,117.947869,2.247907
2019-12-17,-0.081953,117.851208,1.362978
2019-12-18,-0.214376,117.598563,2.238312
2019-12-19,0.530137,118.221996,2.845683
2019-12-20,-0.558886,117.561271,2.665183
2019-12-23,0.208911,117.806869,4.029208
2019-12-24,-0.100404,117.688586,1.641402
2019-12-25,0.104355,117.811399,2.099947
2019-12-26,0.029132,117.845720,1.303644
2019-12-27,0.393321,118.309232,1.814832
2019-12-30,-0.086987,118.206319,2.345749
2019-12-31,-0.800699,117.259842,1.285176
2020-01-02,0.512291,117.860553,2.043338
2020-01-03,-0.788750,116.930928,1.387475
2020-01-06,0.035731,116.972709,0.224015
2020-01-07,0.310279,117.335651,0.424126
2020-01-08,0.005442,117.342037,-0.593519
2020-01-09,-0.490426,116.766561,-0.389517
2020-01-10,0.385995,117.217274,0.413645
2020-01-13,1.172154,118.591242,1.262547
2020-01-14,0.000908,118.592319,1.630108
2020-01-15,-0.339942,118.189173,-1.024310
2020-01-16,-0.674994,117.391404,-0.300119
2020-01-17,0.054388,117.455251,-1.043757
2020-01-20,-0.167873,117.258076,-1.768562
2020-01-21,-1.504328,115.494130,-3.949906
2020-01-22,-0.267390,115.185310,-3.900778
2020-01-23,-0.884265,114.166767,-4.941221
2020-01-24,-1.361908,112.611920,-6.653845
2020-01-27,-2.628261,109.652185,-9.886449
2020-01-28,-0.576021,109.020565,-10.440760
2020-01-29,-1.008789,107.920778,-10.876569
2020-01-30,-1.287773,106.531003,-11.397726
2020-01-31,-0.397601,106.107435,-11.494951
2020-02-03,0.106664,106.220614,-11.522926
2020-02-04,1.169558,107.462925,-10.158088
2020-02-05,0.966061,108.501083,-10.516943
2020-02-06,0.604879,109.157383,-10.172511
2020-02-07,-1.256454,107.785871,-12.334091
2020-02-10,0.179391,107.979229,-13.361745
2020-02-11,0.907875,108.959545,-11.731628
2020-02-12,0.597446,109.610520,-12.371967
2020-02-13,0.573260,110.238874,-11.690098
2020-02-14,-0.484279,109.705010,-12.075584
2020-02-17,0.764788,110.544020,-11.815133
2020-02-18,-0.595277,109.885978,-11.680456
2020-02-19,0.636429,110.585324,-10.579392
2020-02-20,-0.803901,109.696327,-10.969084
2020-02-21,0.745478,110.514089,-11.291362
2020-02-24,-0.960340,109.452778,-11.950546
2020-02-25,-0.141043,109.298402,-11.949395
2020-02-26,-0.226884,109.050422,-11.694117
2020-02-27,0.077769,109.135230,-11.769983
2020-02-28,-0.936246,108.113455,-12.950221
2020-03-02,1.851812,110.115513,-11.285641
2020-03-03,0.659800,110.842054,-9.192960
2020-03-04,0.313771,111.189844,-9.621474
2020-03-05,-0.510197,110.622557,-10.386424
2020-03-06,-0.715794,109.830727,-11.059225
2020-03-09,-1.413333,108.278453,-12.690289
2020-03-10,0.437673,108.752359,-11.462694
2020-03-11,-1.304243,107.333964,-11.677269
2020-03-12,-1.254106,105.987883,-12.941989
2020-03-13,0.094748,106.088304,-12.225777
2020-03-16,-2.874267,103.039043,-15.151252
2020-03-17,-2.191607,100.780832,-17.449786
2020-03-18,-6.286293,94.445453,-25.249963
2020-03-19,1.175676,95.555826,-24.036290
2020-03-20,-1.965205,93.677958,-25.263712
2020-03-23,-1.535318,92.239703,-27.021946
2020-03-24,4.211354,96.124243,-22.204667
2020-03-25,0.406462,96.514952,-21.265500
2020-03-26,-1.345151,95.216680,-24.254527
2020-03-27,0.126457,95.337088,-23.792363
2020-03-30,-0.561078,94.802172,-23.831348
2020-03-31,1.929767,96.631633,-21.074335
2020-04-01,-1.890508,94.804804,-24.324359
2020-04-02,0.799945,95.563191,-22.882072
2020-04-03,-0.783849,94.814120,-23.259107
2020-04-06,1.443559,96.182818,-22.469570
2020-04-07,2.135411,98.236716,-19.204109
2020-04-08,-0.244278,97.996746,-19.460222
2020-04-09,0.025985,98.022210,-19.367808
2020-04-10,0.216462,98.234392,-18.810355
2020-04-13,0.204405,98.435188,-19.091315
2020-04-14,2.434580,100.831671,-15.348511
2020-04-15,-0.549425,100.277676,-16.858758
2020-04-16,0.673324,100.952870,-15.610421
2020-04-17,1.949151,102.920594,-13.306137
2020-04-20,-0.944248,101.948769,-11.750411
2020-04-21,-1.515302,100.403936,-12.303369
2020-04-22,0.930777,101.338473,-12.181100
2020-04-23,-0.164199,101.172076,-12.345434
2020-04-24,0.890036,102.072544,-10.565983
2020-04-27,0.031137,102.104327,-9.797713
2020-04-28,0.764234,102.884643,-9.217512
2020-04-29,0.736931,103.642831,-8.791342
2020-04-30,-1.038458,102.566544,-8.284051
2020-05-01,-1.399611,101.131011,-10.088317
2020-05-04,0.327435,101.462149,-10.103122
2020-05-05,0.478189,101.947330,-9.696126
2020-05-06,0.416213,102.371648,-9.165181
2020-05-07,1.014452,103.410159,-7.640925
2020-05-08,-0.069301,103.338495,-7.860865
2020-05-11,0.025818,103.365175,-6.764238
2020-05-12,-0.675009,102.667451,-7.579557
2020-05-13,-0.548896,102.103913,-8.833629
2020-05-14,0.182003,102.289745,-8.822704
2020-05-15,-0.333478,101.948631,-9.378584
2020-05-18,2.244982,104.237359,-6.015532
2020-05-19,0.147164,104.390759,-5.392486
2020-05-20,1.581013,106.041190,-3.366365
2020-05-21,-0.725422,105.271945,-4.652579
2020-05-22,-1.278419,103.926128,-6.673861
2020-05-25,0.218885,104.153607,-5.881795
2020-05-26,0.791987,104.978490,-5.163400
2020-05-27,-0.861205,104.074410,-6.081630
2020-05-28,0.817244,104.924951,-5.696593
2020-05-29,0.029511,104.955916,-5.895394
2020-06-01,1.475899,106.504959,-4.074921
2020-06-02,0.331341,106.857853,-3.592007
2020-06-03,0.057108,106.918878,-2.673313
2020-06-04,0.615636,107.577109,-3.146981
2020-06-05,1.860785,109.578888,-2.837688
2020-06-08,0.687852,110.332628,-1.151088
2020-06-09,0.959133,111.390865,-1.457598
2020-06-10,2.079875,113.707656,0.526879
2020-06-11,-1.724109,111.747212,-1.247752
2020-06-12,0.447643,112.247440,-1.203702
2020-06-15,-0.209268,112.012542,-0.957792
2020-06-16,0.167337,112.199980,-0.845632
2020-06-17,0.334228,112.574984,-0.598628
2020-06-18,0.593780,113.243432,0.877958
2020-06-19,-0.154421,113.068561,1.158257
2020-06-22,1.083332,114.293469,1.571346
2020-06-23,0.100217,114.408011,2.115817
2020-06-24,-0.499819,113.836177,1.727180
2020-06-25,0.701124,114.634310,2.632165
2020-06-26,-0.093365,114.527281,3.414952
2020-06-29,0.665667,115.289652,2.696058
2020-06-30,0.499291,115.865282,3.340137
2020-07-01,-0.045214,115.812895,3.069225
2020-07-02,0.346877,116.214623,2.803083
2020-07-03,-1.072893,114.967764,2.151760
2020-07-06,1.733828,116.961108,3.495694
2020-07-07,0.427114,117.460665,4.210458
2020-07-08,0.526473,118.079063,3.667746
2020-07-09,0.850155,119.082918,5.203834
2020-07-10,1.625624,121.018759,7.184636
2020-07-13,1.582367,122.933720,8.494434
2020-07-14,-0.422734,122.414037,8.247692
2020-07-15,-1.635669,120.411749,6.889271
2020-07-16,0.316961,120.793408,6.440045
2020-07-17,0.406254,121.284136,8.260267
2020-07-20,0.319994,121.672238,8.755399
2020-07-21,1.171903,123.098119,10.747941
2020-07-22,-0.921395,121.963898,11.872268
2020-07-23,-0.041535,121.913240,12.072396
2020-07-24,-1.359981,120.255243,9.910411
2020-07-27,0.350705,120.676984,9.722338
2020-07-28,0.604225,121.406144,9.705927
2020-07-29,-0.127613,121.251214,9.577540
2020-07-30,-0.647938,120.465581,9.435705
2020-07-31,-1.487674,118.673446,6.579278
2020-08-03,1.012140,119.874587,8.609846
2020-08-04,-1.319300,118.293081,7.704956
2020-08-05,0.469921,118.848966,7.778830
2020-08-06,-0.235206,118.569425,7.681681
2020-08-07,-3.105825,114.886867,4.952256
2020-08-10,2.310351,117.541157,6.944671
2020-08-11,0.043136,117.591860,7.471198
2020-08-12,0.576969,118.270328,8.947495
2020-08-13,-1.639282,116.331544,7.255781
2020-08-14,1.505814,118.083280,8.059291
2020-08-17,1.128268,119.415576,8.821203
2020-08-18,1.234335,120.889564,9.626288
2020-08-19,1.512789,122.718368,11.600422
2020-08-20,-0.850032,121.675223,11.038606
2020-08-21,-1.372325,120.005444,9.426601
2020-08-24,0.767720,120.926749,8.121976
2020-08-25,0.522909,121.559086,7.702754
2020-08-26,0.731101,122.447805,8.666098
2020-08-27,-0.205548,122.196116,8.325088
2020-08-28,0.584305,122.910113,9.193332
2020-08-31,-0.148161,122.728009,9.221606
2020-09-01,-0.243505,122.429160,7.982842
2020-09-02,-0.246305,122.127612,6.423896
2020-09-03,-1.031509,120.867855,7.046650
2020-09-04,2.142523,123.457476,10.239092
2020-09-07,0.299710,123.827490,10.724168
2020-09-08,-1.115584,122.446091,9.812772
2020-09-09,0.803689,123.430177,10.941875
2020-09-10,-1.431185,121.663662,8.967554
2020-09-11,0.739012,122.562771,9.904170
2020-09-14,0.630655,123.335719,10.457961
2020-09-15,-0.505940,122.711714,10.818704
2020-09-16,0.365693,123.160463,10.535257
2020-09-17,0.313553,123.546636,11.384060
2020-09-18,0.625721,124.319693,12.437067
2020-09-21,-1.935119,121.913959,10.375197
2020-09-22,1.072957,123.222044,12.211507
2020-09-23,-1.906562,120.872739,9.983833
2020-09-24,0.004343,120.877989,9.621232
2020-09-25,-0.187683,120.651121,9.986776
2020-09-28,0.270120,120.977024,10.183507
2020-09-29,0.027428,121.010205,8.960689
2020-09-30,0.869413,122.062283,9.840037
2020-10-01,-4.369449,116.728835,5.152510
2020-10-02,2.594794,119.757708,8.198622
2020-10-05,-0.359104,119.327653,8.388389
2020-10-06,0.199090,119.565222,8.236920
2020-10-07,1.565763,121.437330,8.898168
2020-10-08,0.216082,121.699735,8.818054
2020-10-09,1.264130,123.238178,10.031648
2020-10-12,-0.364478,122.789002,8.928264
2020-10-13,-0.395217,122.303719,8.286294
2020-10-14,0.248664,122.607845,8.129006
2020-10-15,0.586891,123.327418,8.439206
2020-10-16,-0.681063,122.487481,7.547709
2020-10-19,0.207973,122.742222,8.014446
2020-10-20,1.571773,124.671452,10.426062
2020-10-21,1.380588,126.392651,10.998491
2020-10-22,-0.859100,125.306811,9.873054
2020-10-23,-0.140532,125.130715,8.964585
2020-10-26,-0.860700,124.053716,9.122116
2020-10-27,0.113578,124.194613,7.986575
2020-10-28,-0.414850,123.679392,8.427176
2020-10-29,0.046168,123.736492,9.135812
2020-10-30,-0.452822,123.176186,9.231525
2020-11-02,0.653647,123.981324,10.208883
2020-11-03,0.135384,124.149174,10.960115
2020-11-04,0.703402,125.022442,11.049706
2020-11-05,0.451175,125.586513,11.553466
2020-11-06,0.725485,126.497624,11.607017
2020-11-09,-0.325412,126.085986,11.685983
2020-11-10,-0.079614,125.985604,11.731990
2020-11-11,-0.740468,125.052721,10.595075
2020-11-12,0.508926,125.689147,10.958726
2020-11-13,0.963231,126.899824,10.970458
2020-11-16,1.096251,128.290965,11.868156
2020-11-17,-0.089494,128.176153,12.361642
2020-11-18,-0.094093,128.055548,12.279400
2020-11-19,0.140163,128.235035,13.232813
2020-11-20,1.855015,130.613815,15.626273
2020-11-23,-0.526247,129.926463,14.450833
2020-11-24,1.235411,131.531588,15.276834
2020-11-25,0.316167,131.947448,13.942666
2020-11-26,1.107095,133.408232,14.421337
2020-11-27,0.955518,134.682972,14.848590
2020-11-30,0.839795,135.814033,15.128990
2020-12-01,1.388012,137.699149,16.112080
2020-12-02,-0.308201,137.274758,15.961323
2020-12-03,-0.097906,137.140358,15.076217
2020-12-04,0.595303,137.956758,15.751741
2020-12-07,-0.354364,137.467889,15.611354
2020-12-08,-0.164952,137.241134,14.917530
2020-12-09,-0.156426,137.026452,15.321434
2020-12-10,1.607317,139.228902,16.707277
2020-12-11,-0.944166,137.914351,15.859081
2020-12-14,0.239624,138.244827,15.994119
2020-12-15,0.394933,138.790801,16.359146
2020-12-16,-0.249163,138.444986,15.717122
2020-12-17,1.242709,140.165454,17.039197
2020-12-18,0.589913,140.992307,18.431298
2020-12-21,-1.089127,139.456722,16.825214
2020-12-22,-1.188630,137.799097,16.421341
2020-12-23,1.112570,139.332208,17.492042
2020-12-24,-0.238435,138.999991,16.943523
2020-12-25,0.099763,139.138662,17.037794
2020-12-28,-0.324145,138.687650,17.204755
2020-12-29,0.116939,138.849830,16.936373
2020-12-30,-0.121875,138.680607,15.649086
2020-12-31,-0.846981,137.506009,14.797590
2021-01-04,1.024028,138.914108,16.156931
2021-01-05,1.972913,141.654763,18.787917
2021-01-06,0.487170,142.344863,19.219531
2021-01-07,0.987317,143.750259,20.370020
2021-01-08,-0.741873,142.683814,21.141139
2021-01-11,-2.274142,139.438982,19.108488
2021-01-12,1.656535,141.748838,21.639650
2021-01-13,-0.269980,141.366144,22.740572
2021-01-14,1.125049,142.956582,26.522756
2021-01-15,-1.409366,140.941800,25.681050
2021-01-18,-0.043143,140.880994,26.651810
2021-01-19,0.541351,141.643654,28.487837
2021-01-20,0.494565,142.344175,29.379577
2021-01-21,0.078370,142.455730,29.351309
2021-01-22,-0.422003,141.854562,27.765641
2021-01-25,0.425636,142.458345,27.228949
2021-01-26,-0.158190,142.232990,26.467576
2021-01-27,-1.360821,140.297453,26.361826
2021-01-28,0.629281,141.180318,26.809904
2021-01-29,-0.970880,139.809627,24.930502
2021-02-01,-0.192162,139.540965,24.142486
2021-02-02,-0.328830,139.082113,23.241491
2021-02-03,0.676928,140.023599,24.401594
2021-02-04,-0.373387,139.500769,23.265630
2021-02-05,1.745488,141.935738,25.593114
2021-02-08,0.579568,142.758352,25.536597
2021-02-09,0.885169,144.022005,27.225022
2021-02-10,1.135952,145.658025,27.611857
2021-02-11,0.085617,145.782733,28.662417
2021-02-12,0.040333,145.841531,28.843885
2021-02-15,0.652773,146.793545,29.721679
2021-02-16,-0.036414,146.740093,29.607519
2021-02-17,-0.350591,146.225635,30.196969
2021-02-18,1.953637,149.082353,30.296893
2021-02-19,3.099846,153.703677,32.692032
2021-02-22,1.793925,156.461005,34.156776
2021-02-23,1.236089,158.395002,35.896791
2021-02-24,2.018893,161.592829,38.613943
2021-02-25,-1.137391,159.754887,38.893450
2021-02-26,-2.534764,155.705478,35.889290
2021-03-01,0.384212,156.303718,37.585589
2021-03-02,2.043089,159.497142,40.870123
2021-03-03,-1.422101,157.228931,39.343110
2021-03-04,-4.598520,149.998727,37.551884
2021-03-05,3.793864,155.689476,43.491531
2021-03-08,0.032357,155.739853,50.016455
2021-03-09,-1.670937,153.137538,47.162582
2021-03-10,0.575149,154.018307,49.720855
2021-03-11,2.034842,157.152336,53.282498
2021-03-12,0.048301,157.228242,49.205697
2021-03-15,-0.028511,157.183415,48.771544
2021-03-16,-1.733517,154.458615,48.377106
2021-03-17,1.690802,157.070204,49.927397
2021-03-18,-1.108015,155.329843,49.375856
2021-03-19,0.159545,155.577665,47.623890
2021-03-22,0.419801,156.230782,49.951420
2021-03-23,-2.352957,152.554738,46.773576
2021-03-24,0.225880,152.899328,47.786138
2021-03-25,-0.829964,151.630319,45.519472
2021-03-26,0.458988,152.326285,43.864479
2021-03-29,-0.405711,151.708280,43.702519
2021-03-30,-1.466986,149.482741,42.198685
2021-03-31,0.614043,150.400629,42.594622
2021-04-01,-0.215625,150.076328,42.174567
2021-04-02,0.143813,150.292157,39.912861
2021-04-06,2.228396,153.641262,42.667732
2021-04-07,-0.738807,152.506150,41.255115
2021-04-08,0.757818,153.661869,40.079678
2021-04-09,-0.499835,152.893814,40.527324
2021-04-12,-0.819971,151.640130,41.230873
2021-04-13,0.037001,151.696238,40.341396
2021-04-14,1.529633,154.016634,42.023781
2021-04-15,1.474400,156.287456,42.601320
2021-04-16,-1.146690,154.495323,41.416872
2021-04-19,0.956361,155.972856,41.607360
2021-04-20,-0.018765,155.943588,40.854365
2021-04-21,1.171082,157.769815,43.062530
2021-04-22,-0.161604,157.514852,44.310294
2021-04-23,1.286568,159.541387,45.261756
2021-04-26,2.054005,162.818375,46.817901
2021-04-27,0.732342,164.010763,47.132225
2021-04-28,0.015817,164.036704,46.138700
2021-04-29,0.069132,164.150106,46.277133
2021-04-30,-0.421830,163.457672,45.828596
2021-05-03,-0.102605,163.289957,46.403237
2021-05-04,0.961641,164.860220,47.910692
2021-05-05,0.001351,164.862448,47.730206
2021-05-06,1.189216,166.823018,49.246441
2021-05-07,2.448270,170.907297,49.445068
2021-05-10,0.465431,171.702752,49.762364
2021-05-11,0.410669,172.407882,48.603547
2021-05-12,-0.968846,170.737514,48.358042
2021-05-13,-1.056437,168.933780,48.582647
2021-05-14,-0.406748,168.246646,47.956424
2021-05-17,0.628592,169.304231,47.794181
2021-05-18,0.319857,169.845763,48.978462
2021-05-19,-2.346886,165.859677,45.789677
2021-05-20,-0.540923,164.962505,45.217779
2021-05-21,-0.789419,163.660259,42.960114
2021-05-24,0.776523,164.931118,43.402845
2021-05-25,0.002162,164.934685,43.347915
2021-05-26,0.064684,165.041371,42.798829
2021-05-27,2.813688,169.685121,43.729976
2021-05-28,-0.347500,169.095465,42.696374
2021-05-31,0.239933,169.501181,41.981457
2021-06-01,-0.497621,168.657707,39.424053
2021-06-02,-0.813924,167.284961,40.345943
2021-06-03,-2.188959,163.623162,37.686027
2021-06-04,1.283745,165.723667,39.171090
2021-06-07,-0.083454,165.585364,38.920404
2021-06-08,0.634567,166.636115,39.219296
2021-06-09,-0.628955,165.588049,37.996330
2021-06-10,-0.360215,164.991576,37.790005
2021-06-11,0.702444,166.150550,37.412487
2021-06-14,-0.494688,165.328623,36.816405
2021-06-15,-3.153890,160.114339,34.112781
2021-06-16,0.382420,160.726648,33.795794
2021-06-17,-3.402434,155.258030,30.427538
2021-06-18,-0.283459,154.817937,29.480215
2021-06-21,0.504792,155.599445,29.485689
2021-06-22,0.855719,156.930939,30.382991
2021-06-23,1.628184,159.486063,31.651786
2021-06-24,-0.530133,158.640575,32.198933
2021-06-25,-0.320887,158.131518,30.158561
2021-06-28,-0.346973,157.582844,29.384780
2021-06-29,-0.281968,157.138511,28.577323
2021-06-30,0.204101,157.459232,27.934654
2021-07-01,-0.912619,156.022230,25.405293
2021-07-02,0.803710,157.276196,24.635812
2021-07-05,1.356181,159.409146,26.406509
2021-07-06,-1.556348,156.928185,26.487117
2021-07-07,1.156801,158.743532,27.320818
2021-07-08,-0.789379,157.490444,26.122876
2021-07-09,1.444984,159.766155,27.238036
2021-07-12,-0.315730,159.261726,25.756717
2021-07-13,-0.407714,158.612392,26.273836
2021-07-14,-0.311138,158.118888,26.003756
2021-07-15,0.670287,159.178739,28.041120
2021-07-16,0.101026,159.339550,27.792003
2021-07-19,-1.834264,156.416841,25.338301
2021-07-20,1.228160,158.337890,26.686675
2021-07-21,0.023446,158.375014,27.360165
2021-07-22,0.818410,159.671171,29.674095
2021-07-23,1.473637,162.024145,30.129928
2021-07-26,1.628949,164.663435,33.073832
2021-07-27,-0.336602,164.109174,32.267841
2021-07-28,-0.739005,162.896399,31.761575
2021-07-29,1.544899,165.412984,36.449740
2021-07-30,-1.366844,163.152046,32.789402
2021-08-02,-0.478481,162.371395,32.266646
2021-08-03,-0.442503,161.652897,31.247851
2021-08-04,-0.970193,160.084552,31.925788
2021-08-05,0.251039,160.486427,30.681923
2021-08-06,0.090070,160.630978,29.650003
2021-08-09,-0.822337,159.310049,27.597487
2021-08-10,1.398724,161.538357,27.485058
2021-08-11,0.096848,161.694803,28.435524
2021-08-12,-0.379492,161.081185,29.437139
2021-08-13,0.294924,161.556252,28.966841
2021-08-16,-0.669753,160.474224,27.773289
2021-08-17,-1.535684,158.009847,25.497250
2021-08-18,-1.364001,155.854591,24.329620
2021-08-19,-1.327079,153.786277,22.411053
2021-08-20,1.136053,155.533370,23.688971
2021-08-23,1.620533,158.053840,25.540315
2021-08-24,1.563962,160.525742,27.338782
2021-08-25,0.509439,161.343523,28.883794
2021-08-26,-0.272574,160.903742,26.490954
2021-08-27,0.843111,162.260339,27.031269
2021-08-30,0.046705,162.336123,28.199816
2021-08-31,0.764972,163.577949,28.161401
2021-09-01,-1.492486,161.136572,28.099191
2021-09-02,0.648823,162.182062,28.009623
2021-09-03,0.347598,162.745804,27.727944
2021-09-06,-0.078838,162.617499,28.156299
2021-09-07,-1.440227,160.275437,26.340574
2021-09-08,-0.603112,159.308797,25.422573
2021-09-09,0.532354,160.156883,25.329744
2021-09-10,2.620333,164.353528,29.870422
2021-09-13,-1.126382,162.502280,27.670407
2021-09-14,-0.954245,160.951610,28.636551
2021-09-15,1.411767,163.223872,30.034103
2021-09-16,-2.340938,159.402901,27.853189
2021-09-17,-0.313490,158.903189,27.269450
2021-09-20,-2.318694,155.218711,24.896028
2021-09-21,0.053904,155.302380,24.084262
2021-09-22,2.193349,158.708703,30.721687
2021-09-23,0.052100,158.791391,28.212073
2021-09-24,0.834258,160.116121,29.402621
2021-09-27,0.072400,160.232045,29.276103
2021-09-28,-0.499276,159.432045,27.221945
2021-09-29,-0.994488,157.846513,26.006630
2021-09-30,-2.215622,154.349230,22.509888
2021-10-01,1.584143,156.794343,24.446758
2021-10-04,0.959062,158.298097,25.797249
2021-10-05,-0.721085,157.156634,24.825197
2021-10-06,-0.625999,156.172836,23.612056
2021-10-07,1.768527,158.934795,26.048519
2021-10-08,0.212194,159.272045,26.052731
2021-10-11,1.429517,161.548865,25.912578
2021-10-12,-0.974290,159.974911,23.562366
2021-10-13,2.557831,164.066798,26.950843
2021-10-14,2.578664,168.297529,29.637450
2021-10-15,2.070003,171.781292,32.550745
2021-10-18,-0.210857,171.419079,32.226152
2021-10-19,-0.728416,170.170434,31.910782
2021-10-20,0.801633,171.534576,32.663061
2021-10-21,-3.281560,165.905566,29.780301
2021-10-22,-0.339012,165.343127,28.789193
2021-10-25,0.861565,166.767665,29.511776
2021-10-26,-0.414727,166.076035,28.395247
2021-10-27,-1.882109,162.950303,26.045040
2021-10-28,0.561673,163.865551,25.882276
2021-10-29,-1.004498,162.219525,25.198641
2021-11-01,-0.334839,161.676351,24.942886
2021-11-02,0.104798,161.845784,25.790851
2021-11-03,-0.199490,161.522918,25.083527
2021-11-04,-0.583554,160.580344,23.539642
2021-11-05,0.562630,161.483817,23.010409
2021-11-08,1.285218,163.559236,24.376971
2021-11-09,-0.815896,162.224762,23.651865
2021-11-10,-0.725680,161.047529,22.783474
2021-11-11,1.339425,163.204640,22.275988
2021-11-12,1.388773,165.471181,24.182843
2021-11-15,-0.707941,164.299742,22.244542
2021-11-16,-0.642750,163.243706,21.284049
2021-11-17,-1.115948,161.421991,19.060815
2021-11-18,0.926448,162.917482,19.032017
2021-11-19,0.946789,164.459966,19.138063
2021-11-22,0.186462,164.766621,17.945883
2021-11-23,0.625211,165.796760,18.877825
2021-11-24,1.225699,167.828930,20.194028
2021-11-25,-0.539124,166.924124,19.059907
2021-11-26,-2.289804,163.101889,17.098473
2021-11-29,1.286235,165.199762,18.541594
2021-11-30,-1.074757,163.424265,17.617568
2021-12-01,-0.283781,162.960497,15.738847
2021-12-02,0.444739,163.685246,17.131251
2021-12-03,-0.454624,162.941093,16.436252
2021-12-06,1.550268,165.467117,17.580472
2021-12-07,-0.139371,165.236505,17.690478
2021-12-08,0.593068,166.216469,17.046743
2021-12-09,-1.116280,164.361027,15.336006
2021-12-10,-1.438317,161.996994,14.982346
2021-12-13,0.401893,162.648049,16.579185
2021-12-14,-0.347135,162.083441,15.125020
2021-12-15,-1.015552,160.437400,14.342996
2021-12-16,2.005096,163.654324,16.228542
2021-12-17,-0.077956,163.526746,16.475227
2021-12-20,-0.395206,162.880478,15.962368
2021-12-21,0.996642,164.503813,17.076025
2021-12-22,0.701959,165.658562,18.626120
2021-12-23,-0.129017,165.444834,17.478200
2021-12-24,-0.447005,164.705288,15.076489
2021-12-27,0.049865,164.787418,14.640354
2021-12-28,0.235853,165.176074,13.893454
2021-12-29,0.716331,166.359281,15.351870
2021-12-30,-0.500421,165.526784,17.150592
2021-12-31,0.987825,167.161900,16.490606
2022-01-03,-0.095609,167.002077,16.665296
2022-01-04,0.043340,167.074456,15.589860
2022-01-05,-1.076846,165.275321,15.926565
2022-01-06,-1.122833,163.419556,14.840533
2022-01-07,0.759761,164.661153,15.057532
2022-01-10,-0.792316,163.356516,13.768714
2022-01-11,1.369562,165.593785,15.050643
2022-01-12,2.087742,169.050956,17.539787
2022-01-13,-0.301381,168.541468,16.813218
2022-01-14,-1.983334,165.198728,14.968268
2022-01-17,0.035227,165.256924,16.373654
2022-01-18,-0.704082,164.093380,15.039773
2022-01-19,0.399956,164.749681,16.414555
2022-01-20,1.948074,167.959126,18.536244
2022-01-21,-0.556410,167.024585,18.307652
2022-01-24,-1.140960,165.118901,16.485485
2022-01-25,0.803013,166.444827,17.659377
2022-01-26,0.574238,167.400616,16.501543
2022-01-27,-1.270880,165.273154,14.644623
2022-01-28,-1.784916,162.323168,11.962311
2022-01-31,0.070672,162.437885,10.903410
2022-02-01,1.470627,164.826740,12.277748
2022-02-02,0.877346,166.272841,13.110943
2022-02-03,-0.286450,165.796553,12.173431
2022-02-04,0.412802,166.480966,12.621804
2022-02-07,-0.602498,165.477921,12.368690
2022-02-08,-0.484868,164.675572,9.947845
2022-02-09,2.098169,168.130744,8.971535
2022-02-10,0.709289,169.323277,7.900296
2022-02-11,-2.543860,165.015931,4.095009
2022-02-14,0.576534,165.967304,2.671104
2022-02-15,0.858359,167.391900,4.669709
2022-02-16,-0.321388,166.853922,6.915245
2022-02-17,-0.262024,166.416724,6.269401
2022-02-18,0.379851,167.048859,4.626033
2022-02-21,-0.479370,166.248077,5.577821
2022-02-22,-0.091571,166.095842,10.193817
2022-02-23,0.387769,166.739910,6.857169
2022-02-24,0.166903,167.018204,6.991581
2022-02-25,0.443021,167.758129,9.118678
2022-02-28,-0.055995,167.664192,8.489165
2022-03-01,1.635902,170.407014,8.097414
2022-03-02,1.366585,172.735771,9.406457
2022-03-03,1.312304,175.002590,10.738740
2022-03-04,1.138673,176.995297,13.619697
2022-03-07,-2.146145,173.196722,9.773520
2022-03-08,-0.235630,172.788617,10.651811
2022-03-09,-2.860909,167.845293,7.589762
2022-03-10,1.256577,169.954398,8.419587
2022-03-11,-0.193239,169.625981,10.607243
2022-03-14,-1.546975,167.001910,8.822553
2022-03-15,0.437284,167.732183,10.092311
2022-03-16,2.094508,171.245347,11.707248
2022-03-17,0.901334,172.788840,13.011081
2022-03-18,0.514085,173.677122,15.001702
2022-03-21,-0.814409,172.262680,13.571793
2022-03-22,-0.161109,171.985149,13.626412
2022-03-23,1.225382,174.092625,14.700637
2022-03-24,-0.750783,172.785568,11.743092
2022-03-25,0.121625,172.995719,12.606192
2022-03-28,0.688156,174.186200,12.537031
2022-03-29,0.064842,174.299146,13.102940
2022-03-30,-0.178910,173.987308,13.747221
2022-03-31,-0.023143,173.947042,13.687081
2022-04-01,-0.701012,172.727652,11.465548
2022-04-04,1.255970,174.897059,11.250059
2022-04-05,-0.009495,174.880452,12.393878
2022-04-06,-0.602025,173.827629,10.838218
2022-04-07,0.393641,174.511885,11.249852
2022-04-08,0.110947,174.705501,10.196460
2022-04-11,-1.615992,171.882274,8.729004
2022-04-12,1.393397,174.277276,8.834420
2022-04-13,1.135504,176.256201,7.930331
2022-04-14,-0.154779,175.983393,7.045758
2022-04-15,-0.562483,174.993517,6.465872
2022-04-18,-0.664498,173.830688,5.730048
2022-04-19,-0.309743,173.292260,5.842546
2022-04-20,-1.130656,171.332921,4.808107
2022-04-21,0.529223,172.239654,4.378888
2022-04-22,-1.635032,169.423480,2.728991
2022-04-25,-1.934810,166.145458,-0.406983
2022-04-26,-0.339497,165.581398,-3.165838
2022-04-27,0.768273,166.853515,-2.864853
2022-04-28,-1.686579,164.039399,-4.975644
2022-04-29,-0.325056,163.506178,-4.327660
2022-05-03,-2.801589,158.925407,-6.107185
2022-05-04,0.512968,159.740644,-5.187951
2022-05-05,-0.742472,158.554614,-6.559818
2022-05-06,-0.976287,157.006666,-7.860249
2022-05-09,-0.312031,156.516757,-5.797903
2022-05-10,-0.482273,155.761919,-5.738952
2022-05-11,0.514257,156.562935,-4.433461
2022-05-12,-1.619148,154.027949,-6.839385
2022-05-13,1.674655,156.607386,-5.180760
2022-05-16,0.738235,157.763517,-4.509899
2022-05-17,-0.332018,157.239713,-7.617301
2022-05-18,-0.855315,155.894819,-8.128190
2022-05-19,2.236478,159.381372,-6.156000
2022-05-20,0.684992,160.473121,-4.974480
2022-05-23,1.450887,162.801405,-2.716763
2022-05-24,-0.559281,161.890888,-1.064341
2022-05-25,0.233467,162.268850,-2.106722
2022-05-26,0.124833,162.471415,-1.898478
2022-05-27,1.107428,164.270669,-1.429699
2022-05-30,-0.156455,164.013659,-0.955336
2022-05-31,-1.042752,162.303403,-1.642698
2022-06-01,0.618955,163.307989,-1.725638
2022-06-02,0.205105,163.642941,-1.024828
2022-06-06,2.106477,167.090043,4.264467
2022-06-07,0.766965,168.371565,4.646815
2022-06-08,0.161143,168.642884,8.269492
2022-06-09,-1.450567,166.196606,7.092163
2022-06-10,-1.122134,164.331657,5.460164
2022-06-13,-0.236097,163.943675,4.371710
2022-06-14,-1.645460,161.246048,1.097490
2022-06-15,-0.448617,160.522670,1.179407
2022-06-16,-1.094507,158.765738,0.400269
2022-06-17,-1.310364,156.685330,-0.571178
2022-06-20,-0.461450,155.962306,-0.751330
2022-06-21,0.263386,156.373090,-0.692182
2022-06-22,-1.391496,154.197165,-1.176642
2022-06-23,-3.552105,148.719920,-5.593867
2022-06-24,-0.080965,148.599509,-7.021932
2022-06-27,0.044906,148.666238,-5.408450
2022-06-28,0.439080,149.319002,-6.120492
2022-06-29,0.154887,149.550278,-5.173214
2022-06-30,-1.446635,147.386831,-8.065058
2022-07-01,-1.857053,144.649780,-9.623341
2022-07-04,-0.743614,143.574143,-9.961186
2022-07-05,-3.281892,138.862195,-12.986517
2022-07-06,-0.335629,138.396133,-13.990761
2022-07-07,2.857017,142.350133,-11.274771
2022-07-08,-1.006639,140.917181,-10.435216
2022-07-11,-1.355546,139.006984,-13.020712
2022-07-12,-2.913715,134.956717,-16.001161
2022-07-13,0.869731,136.130478,-15.950270
2022-07-14,-3.517859,131.341599,-20.994381
2022-07-15,0.879969,132.497364,-21.734085
2022-07-18,2.282391,135.521473,-19.140180
2022-07-19,-1.039305,134.112991,-19.443175
2022-07-20,0.254746,134.454639,-20.721839
2022-07-21,0.002114,134.457482,-19.343453
2022-07-22,0.773005,135.496845,-18.093792
2022-07-25,1.416227,137.415788,-16.244015
2022-07-26,0.515481,138.124141,-14.754928
2022-07-27,1.203803,139.786883,-13.809037
2022-07-28,0.210915,140.081715,-13.688374
2022-07-29,1.269882,141.860588,-11.600750
2022-08-01,-1.095754,140.306145,-14.091583
2022-08-02,-0.250215,139.955078,-14.438913
2022-08-03,-0.260587,139.590374,-14.319626
2022-08-04,0.983082,140.962661,-13.635835
2022-08-05,1.473610,143.039901,-11.500971
2022-08-08,0.735007,144.091254,-9.221055
2022-08-09,0.175295,144.343839,-7.672524
2022-08-10,1.317291,146.245267,-5.027871
2022-08-11,0.673205,147.229797,-5.486570
2022-08-12,-0.486997,146.512792,-7.582299
2022-08-15,-0.841559,145.279801,-9.979277
2022-08-16,-0.185332,145.010551,-10.672927
2022-08-17,-0.733810,143.946449,-11.136496
2022-08-18,0.887741,145.224320,-11.092249
2022-08-19,0.779595,146.356481,-10.362372
2022-08-22,-0.165324,146.114519,-11.289894
2022-08-23,0.330731,146.597764,-9.455974
2022-08-24,-1.247595,144.768817,-11.358144
2022-08-25,0.940409,146.130236,-10.769125
2022-08-26,-0.313085,145.672724,-11.003832
2022-08-29,0.140778,145.877799,-9.412454
2022-08-30,-2.447023,142.308135,-11.284976
2022-08-31,-0.070698,142.207526,-11.886641
2022-09-01,-2.288939,138.952482,-16.788774
2022-09-02,-0.046452,138.887936,-15.702464
2022-09-05,0.847363,140.064821,-13.899844
2022-09-06,-0.114583,139.904331,-15.416387
2022-09-07,-0.323008,139.452429,-13.371144
2022-09-08,2.627748,143.116888,-10.463345
2022-09-09,-0.037415,143.063341,-8.154768
2022-09-12,1.098322,144.634636,-7.116324
2022-09-13,-1.431441,142.564278,-10.727750
2022-09-14,-0.801799,141.421199,-11.584867
2022-09-15,-1.032741,139.960684,-13.453775
2022-09-16,1.003823,141.365642,-12.527331
2022-09-19,-0.380674,140.827500,-12.408205
2022-09-20,-0.604106,139.976753,-12.014676
2022-09-21,-0.670464,139.038259,-10.446862
2022-09-22,0.266674,139.409038,-11.752270
2022-09-23,-2.543022,135.863836,-15.282677
2022-09-26,-1.308605,134.085915,-15.876223
2022-09-27,0.068089,134.177212,-15.180191
2022-09-28,1.769967,136.552105,-15.178776
2022-09-29,0.354189,137.035757,-15.037182
2022-09-30,-0.434502,136.440334,-16.892026
2022-10-03,0.321656,136.879203,-15.591819
2022-10-04,1.595341,139.062893,-16.534735
2022-10-05,-0.263982,138.695792,-19.345043
2022-10-06,-1.201141,137.029860,-22.602325
2022-10-07,-0.896813,135.800958,-23.292104
2022-10-10,0.830003,136.928110,-21.734445
2022-10-11,0.089412,137.050540,-22.443509
2022-10-12,-0.150673,136.844042,-19.257685
2022-10-13,0.904426,138.081695,-18.017737
2022-10-14,-1.384966,136.169311,-20.270257
2022-10-17,0.546913,136.914040,-19.309245
2022-10-18,-0.770552,135.859045,-18.182735
2022-10-19,-0.621708,135.014399,-19.366485
2022-10-20,1.491809,137.028556,-16.876116
2022-10-21,1.348422,138.876280,-15.201303
2022-10-24,-0.588146,138.059486,-15.895929
2022-10-25,-0.414167,137.487688,-16.111267
2022-10-26,2.602340,141.065586,-12.956948
2022-10-27,0.132757,141.252860,-13.385331
2022-10-28,-1.412617,139.257499,-16.085049
2022-10-31,-1.490215,137.182263,-16.767236
2022-11-01,2.007294,139.935914,-14.051497
2022-11-02,-0.213051,139.637780,-15.595309
2022-11-03,-0.668281,138.704607,-17.645050
2022-11-04,5.538435,146.386672,-11.544089
2022-11-07,-1.582981,144.069399,-12.494909
2022-11-08,0.851770,145.296540,-10.524524
2022-11-09,0.477325,145.990076,-10.970518
2022-11-10,1.542653,148.242197,-10.381977
2022-11-11,3.365862,153.231825,-7.257809
2022-11-14,-1.667212,150.677126,-9.562340
2022-11-15,-0.205802,150.367029,-10.986602
2022-11-16,-1.000607,148.862446,-11.451666
2022-11-17,-1.246181,147.007350,-10.389250
2022-11-18,-0.557320,146.188049,-12.226161
2022-11-21,-1.312986,144.268621,-12.467268
2022-11-22,1.175518,145.964526,-11.014420
2022-11-23,0.395780,146.542224,-11.063175
2022-11-24,0.221059,146.866168,-10.386699
2022-11-25,-0.421227,146.247529,-12.347190
2022-11-28,0.401654,146.834939,-11.806872
2022-11-29,1.262782,148.689144,-11.143313
2022-11-30,2.177228,151.926445,-7.866891
2022-12-01,0.526854,152.726875,-5.892658
2022-12-02,1.245347,154.628855,-5.056089
2022-12-05,-1.304501,152.611720,-6.021435
2022-12-06,0.329122,153.113999,-4.672110
2022-12-07,0.521008,153.911734,-6.137714
2022-12-08,0.160487,154.158742,-5.899370
2022-12-09,-0.452201,153.461634,-5.956607
2022-12-12,-1.877775,150.579969,-8.843945
2022-12-13,0.491568,151.320173,-9.053088
2022-12-14,0.575107,152.190425,-8.350528
2022-12-15,-1.723005,149.568176,-9.640543
2022-12-16,-0.114153,149.397440,-9.804613
2022-12-19,0.141097,149.608235,-9.899191
2022-12-20,1.051192,151.180905,-9.567263
2022-12-21,0.388257,151.767875,-8.678080
2022-12-22,-1.178386,149.979464,-10.846443
2022-12-23,0.849738,151.253897,-9.904639
2022-12-26,-0.392209,150.660665,-10.340950
2022-12-27,0.104743,150.818472,-9.153576
2022-12-28,-0.809811,149.597127,-8.837499
2022-12-29,0.378168,150.162857,-9.216933
2022-12-30,-0.445671,149.493625,-8.868128
2023-01-03,-0.656614,148.512028,-10.887175
2023-01-04,-0.808327,147.311565,-13.765035
2023-01-05,1.953987,150.190014,-11.528057
2023-01-06,2.061499,153.286180,-7.484253
2023-01-09,1.618873,155.767688,-5.913566
2023-01-10,0.882340,157.142089,-4.328523
2023-01-11,2.721754,161.419111,-2.042308
2023-01-12,-0.166623,161.150149,-4.138412
2023-01-13,0.707540,162.290351,-2.875399
2023-01-16,-1.346921,160.104429,-3.083954
2023-01-17,1.597460,162.662034,-2.298925
2023-01-18,0.170148,162.938799,-2.701517
2023-01-19,0.806272,164.252529,-0.619453
2023-01-20,0.813888,165.589360,1.992178
2023-01-23,0.105479,165.764022,2.026955
2023-01-24,-0.220100,165.399175,0.346693
2023-01-25,0.177276,165.692388,-0.349708
2023-01-26,0.425688,166.397720,0.361937
2023-01-27,-0.726915,165.188150,-0.779585
2023-01-30,-0.623488,164.158222,-0.800705
2023-01-31,0.438367,164.877837,0.122751
2023-02-01,-1.804852,161.902036,-3.775048
2023-02-02,-1.147680,160.043919,-5.636150
2023-02-03,-1.164746,158.179813,-4.230958
2023-02-06,-0.030593,158.131421,-4.836434
2023-02-07,0.310012,158.621647,-5.381598
2023-02-08,0.311095,159.115111,-4.749080
2023-02-09,-0.053829,159.029462,-4.540555
2023-02-10,-1.138817,157.218407,-6.065037
2023-02-13,0.510532,158.021058,-5.075282
2023-02-14,0.437740,158.712779,-4.546884
2023-02-15,-1.159988,156.871730,-6.100671
2023-02-16,1.708516,159.551908,-4.573350
2023-02-17,-0.262096,159.133730,-5.277832
2023-02-20,0.870370,160.518781,-4.355217
2023-02-21,0.477355,161.285025,-5.501663
2023-02-22,-0.400362,160.639301,-7.260161
2023-02-23,-2.214942,157.081233,-10.803769
2023-02-24,-1.423205,154.845646,-13.369438
2023-02-27,0.788744,156.066981,-10.414279
2023-02-28,1.242607,158.006280,-8.943420
2023-03-01,0.974951,159.546764,-5.070561
2023-03-02,-1.673070,156.877434,-8.006533
2023-03-03,-0.397460,156.253909,-8.211359
2023-03-06,0.468121,156.985367,-6.185265
2023-03-07,-1.384840,154.811371,-8.016114
2023-03-08,0.594250,155.731338,-9.496498
2023-03-09,-0.408626,155.094979,-10.803258
2023-03-10,-0.402318,154.471004,-11.719155
2023-03-13,1.159753,156.262486,-9.748332
2023-03-14,-0.930548,154.808388,-10.521998
2023-03-15,-2.121705,151.523812,-13.884470
2023-03-16,-0.125943,151.332979,-13.256877
2023-03-17,0.871070,152.651194,-12.511130
2023-03-20,1.116176,154.355050,-12.086937
2023-03-21,0.432917,155.023280,-11.719776
2023-03-22,0.854692,156.348252,-10.689645
2023-03-23,0.643191,157.353869,-10.025368
2023-03-24,-0.442120,156.658175,-9.764989
2023-03-27,0.572200,157.554573,-10.442567
2023-03-28,-0.387850,156.943497,-10.821676
2023-03-29,0.164565,157.201771,-10.053402
2023-03-30,0.053929,157.286548,-10.392356
2023-03-31,-0.046730,157.213048,-10.549982
2023-04-03,-1.076521,155.520617,-10.003148
2023-04-04,-1.178027,153.688543,-12.571946
2023-04-05,0.514701,154.479579,-13.187671
2023-04-06,0.461518,155.192530,-12.572316
2023-04-07,0.033235,155.244108,-11.975016
2023-04-10,0.223901,155.591700,-11.084650
2023-04-11,0.361300,156.153853,-10.413778
2023-04-12,0.617508,157.118116,-8.661072
2023-04-13,0.710002,158.233658,-8.481406
2023-04-14,-0.017020,158.206727,-6.849881
2023-04-17,-0.876451,156.820122,-5.776423
2023-04-18,0.496121,157.598140,-4.941453
2023-04-19,-0.409941,156.952081,-6.117573
2023-04-20,-0.904101,155.533076,-5.324822
2023-04-21,-0.847736,154.214566,-5.850586
2023-04-24,-0.348471,153.677173,-3.358083
2023-04-25,-1.898278,150.759953,-5.786267
2023-04-26,0.133017,150.960489,-4.908096
2023-04-27,0.861050,152.260335,-3.069648
2023-04-28,0.021719,152.293404,-2.735413
2023-05-02,-0.572666,151.421271,-2.826285
2023-05-03,-0.672805,150.402501,-4.014303
2023-05-04,0.643380,151.370160,-1.740585
2023-05-05,0.562464,152.221563,-2.840484
2023-05-08,0.035111,152.275009,-3.540903
2023-05-09,-0.212988,151.950681,-3.421547
2023-05-10,-1.214482,150.105268,-3.784471
2023-05-11,-2.736351,145.997861,-8.770793
2023-05-12,0.558615,146.813427,-8.896388
2023-05-15,0.358772,147.340152,-9.978721
2023-05-16,-1.307182,145.414148,-10.733672
2023-05-17,1.720495,147.915990,-9.261004
2023-05-18,-1.202664,146.137058,-10.595714
2023-05-19,1.020142,147.627863,-10.682082
2023-05-22,-0.695141,146.601642,-11.223072
2023-05-23,-0.325833,146.123966,-10.501210
2023-05-24,-1.550270,143.858649,-12.680670
2023-05-25,1.220321,145.614187,-11.672630
2023-05-26,1.520494,147.828242,-12.248177
2023-05-29,0.030430,147.873226,-12.981791
2023-05-30,-0.711596,146.820966,-13.856944
2023-05-31,0.056012,146.903204,-12.339757
2023-06-01,1.093258,148.509235,-10.123954
2023-06-02,0.130215,148.702616,-9.757448
2023-06-05,0.382640,149.271611,-7.716390
2023-06-06,0.140008,149.480604,-7.126854
2023-06-07,-0.266594,149.082097,-6.293263
2023-06-08,1.114585,150.743744,-3.865819
2023-06-09,-0.449134,150.066702,-3.853448
2023-06-12,-0.130937,149.870209,-4.247511
2023-06-13,1.293918,151.809406,-1.560624
2023-06-14,1.081498,153.451222,3.131794
2023-06-15,0.328796,153.955763,3.541048
2023-06-16,0.468887,154.677642,3.963944
2023-06-19,-0.288994,154.230633,3.236413
2023-06-20,0.185159,154.516205,3.266634
2023-06-21,0.161819,154.766242,4.885522
2023-06-22,0.355537,155.316493,7.114942
2023-06-23,-1.301705,153.294730,6.551083
2023-06-26,-0.482977,152.554352,9.403890
2023-06-27,-0.335334,152.042785,9.404186
2023-06-28,-1.296732,150.071197,5.282008
2023-06-29,-0.547280,149.249888,5.744965
2023-06-30,1.442727,151.403157,8.542202
2023-07-03,0.061482,151.496243,11.560671
2023-07-04,-0.079507,151.375793,10.615162
2023-07-05,-0.403598,150.764843,13.791974
2023-07-06,-0.601573,149.857883,12.312465
2023-07-07,0.545041,150.674670,10.599291
2023-07-10,0.312399,151.145376,11.955947
2023-07-11,-0.339456,150.632305,11.361491
2023-07-12,1.604312,153.048917,12.950956
2023-07-13,1.750166,155.727527,13.915950
2023-07-14,-0.527447,154.906147,11.980816
2023-07-17,-1.533980,152.529919,9.920791
2023-07-18,0.073927,152.642680,8.798077
2023-07-19,-0.033031,152.592261,8.554347
2023-07-20,0.552511,153.435350,7.843451
2023-07-21,-0.135892,153.226844,8.809268
2023-07-24,0.913540,154.626632,9.969188
2023-07-25,1.437574,156.849504,11.657454
2023-07-26,-1.135901,155.067850,9.536772
2023-07-27,-0.389552,154.463779,7.683601
2023-07-28,1.293008,156.461008,8.236002
2023-07-31,1.429853,158.698170,9.480587
2023-08-01,-1.991452,155.537771,6.160348
2023-08-02,-1.042958,153.915577,4.440964
2023-08-03,1.097392,155.604635,6.020566
2023-08-04,-0.757655,154.425688,6.105146
2023-08-07,-0.415899,153.783434,5.873884
2023-08-08,-1.015885,152.221172,5.589319
2023-08-09,0.293551,152.668018,4.998617
2023-08-10,-0.385939,152.078813,3.835360
2023-08-11,-0.629418,151.121602,3.369414
2023-08-14,0.227223,151.464986,3.266194
2023-08-15,-1.090156,149.813781,3.425496
2023-08-16,-0.043271,149.748955,2.446201
2023-08-17,0.281426,150.170388,3.040808
2023-08-18,0.424656,150.808096,3.323886
2023-08-21,0.060859,150.899875,5.862187
2023-08-22,0.896058,152.252025,6.824976
2023-08-23,-0.015427,152.228536,9.125090
2023-08-24,-1.021765,150.673118,8.144531
2023-08-25,0.087034,150.804254,7.387735
2023-08-28,-0.279546,150.382687,7.222445
2023-08-29,0.593558,151.275295,8.137779
2023-08-30,-0.108772,151.110750,5.435132
2023-08-31,-0.467663,150.404061,5.003794
2023-09-01,0.242257,150.768425,4.153424
2023-09-04,-0.326706,150.275855,5.267967
2023-09-05,0.672066,151.285808,6.742815
2023-09-06,-0.818097,150.048144,6.959465
2023-09-07,-0.568200,149.195570,5.390826
2023-09-08,-0.800844,148.000747,4.968158
2023-09-11,1.701603,150.519132,7.261384
2023-09-12,-0.119533,150.339212,7.814501
2023-09-13,0.021804,150.371991,7.569983
2023-09-14,0.148976,150.596010,10.294764
2023-09-15,-0.085282,150.467579,11.526689
2023-09-18,-0.060659,150.376307,11.397947
2023-09-19,-0.099605,150.226525,9.543806
2023-09-20,0.297656,150.673683,9.487457
2023-09-21,-0.748575,149.545778,9.171515
2023-09-22,-0.231150,149.200103,8.618957
2023-09-25,-0.603729,148.299338,6.430649
2023-09-26,-0.943096,146.900733,5.747409
2023-09-27,-0.622763,145.985890,6.331111
2023-09-28,1.158502,147.677139,8.383813
2023-09-29,1.251761,149.525703,8.801226
2023-10-02,-1.920491,146.654076,6.772683
2023-10-03,-0.336499,146.160587,6.586403
2023-10-04,-0.433210,145.527404,5.251891
2023-10-05,-0.712457,144.490585,5.931530
2023-10-06,1.564284,146.750829,6.938282
2023-10-09,0.491387,147.471943,8.202002
2023-10-10,-0.746624,146.370882,8.076225
2023-10-11,-0.291309,145.944491,6.303700
2023-10-12,-0.315767,145.483646,4.648021
2023-10-13,0.044561,145.548475,5.282455
2023-10-16,0.440367,146.189422,6.136882
2023-10-17,-0.068133,146.089819,3.499670
2023-10-18,0.265792,146.478113,3.632440
2023-10-19,0.358746,147.003598,5.413233
2023-10-20,-1.015191,145.511230,5.894284
2023-10-23,0.320792,145.978018,4.227149
2023-10-24,1.147339,147.652881,5.581234
2023-10-25,-0.936295,146.270415,5.311052
2023-10-26,0.036700,146.324095,-0.042757
2023-10-27,0.937823,147.696357,2.486340
2023-10-30,0.630464,148.627529,2.266661
2023-10-31,-0.145134,148.411820,1.645233
2023-11-01,-0.106379,148.253941,0.007922
2023-11-02,0.635804,149.196546,-2.668743
2023-11-03,0.072359,149.304502,-0.915145
2023-11-06,0.688848,150.332983,-0.022644
2023-11-07,-0.086995,150.202202,0.895970
2023-11-08,-0.729202,149.106925,1.418108
2023-11-09,0.271672,149.512007,2.248290
2023-11-10,-0.783020,148.341298,2.783870
2023-11-13,1.686561,150.843165,3.287704
2023-11-14,0.496326,151.591839,3.387804
2023-11-15,0.856210,152.889784,4.019555
2023-11-16,0.017136,152.915983,4.458805
2023-11-17,0.739015,154.046055,4.794253
2023-11-20,1.151340,155.819649,4.684140
2023-11-21,0.282904,156.260469,2.812780
2023-11-22,-0.979962,154.729175,1.302514
2023-11-23,0.092721,154.872642,0.157535
2023-11-24,0.393365,155.481857,1.863213
2023-11-27,-0.747533,154.319579,0.784291
2023-11-28,0.783630,155.528873,1.045211
2023-11-29,-0.091590,155.386424,0.793221
2023-11-30,0.128814,155.586584,1.375179
2023-12-01,1.660702,158.170413,4.917872
2023-12-04,-1.702645,155.477332,2.710200
2023-12-05,-1.125137,153.728000,1.005227
2023-12-06,-0.904007,152.338288,1.835131
2023-12-07,1.064089,153.959303,3.007816
2023-12-08,0.748320,155.111412,3.612354
2023-12-11,-0.694817,154.033672,1.869406
2023-12-12,-0.033503,153.982067,1.448393
2023-12-13,-0.326508,153.479304,2.306735
2023-12-14,1.942203,156.460183,3.384170
2023-12-15,0.018843,156.489665,3.795991
2023-12-18,-0.356789,155.931327,3.333876
2023-12-19,1.154801,157.732023,5.295167
2023-12-20,-0.434765,157.046259,4.481999
2023-12-21,0.286646,157.496427,5.214902
2023-12-22,-0.523166,156.672458,5.349142
2023-12-25,-0.058586,156.580670,6.102151
2023-12-26,0.391091,157.193043,4.557337
2023-12-27,1.101140,158.923958,3.611920
2023-12-28,-0.341761,158.380818,1.663665
2023-12-29,-0.281835,157.934445,0.502962
2024-01-02,-0.293969,157.470167,-2.476813
2024-01-03,0.065214,157.572860,-2.244858
2024-01-04,-0.144739,157.344791,-3.094750
2024-01-05,-0.760564,156.148083,-2.502148
2024-01-08,0.053842,156.232155,-4.033156
2024-01-09,-0.803147,154.977381,-5.009549
2024-01-10,0.480674,155.722317,-5.333065
2024-01-11,-0.391236,155.113075,-6.535662
2024-01-12,-0.351686,154.567564,-6.993392
2024-01-15,0.780394,155.773800,-5.995684
2024-01-16,-0.451121,155.071073,-6.624944
2024-01-17,-0.230939,154.712953,-7.280934
2024-01-18,0.534427,155.539781,-6.018360
2024-01-19,0.865424,156.885859,-4.531220
2024-01-22,-0.550858,156.021640,-5.521010
2024-01-23,0.995639,157.575052,-2.708957
2024-01-24,1.511727,159.957157,-0.054226
2024-01-25,-0.103332,159.791870,1.013971
2024-01-26,-0.248731,159.394419,0.795528
2024-01-29,0.223940,159.751367,0.709686
2024-01-30,0.637564,160.769884,1.034614
2024-01-31,0.012103,160.789343,1.100560
2024-02-01,-1.104590,159.013279,1.135175
2024-02-02,-0.474768,158.258335,0.150043
2024-02-05,-0.665782,157.204678,-0.954751
2024-02-06,0.539630,158.053002,0.750197
2024-02-07,-0.928904,156.584842,-1.877133
2024-02-08,-0.549778,155.723972,-2.165989
2024-02-09,-0.600488,154.788868,-3.634891
2024-02-12,0.708725,155.885895,-3.404884
2024-02-13,-0.788874,154.656152,-3.795721
2024-02-14,0.186936,154.945260,-1.369119
2024-02-15,1.710479,157.595565,1.760325
2024-02-16,1.249425,159.564603,2.216360
2024-02-19,-0.391105,158.940538,0.589538
2024-02-20,1.651749,161.565836,1.257564
2024-02-21,-0.167934,161.294512,2.776714
2024-02-22,0.179753,161.584444,3.354557
2024-02-23,-1.184096,159.671129,1.696365
2024-02-26,-1.355287,157.507127,1.726329
2024-02-27,0.803304,158.772387,1.933932
2024-02-28,0.201412,159.092174,2.544605
2024-02-29,0.887415,160.503983,3.831235
2024-03-01,0.841843,161.855174,3.516475
2024-03-04,0.225827,162.220687,4.676953
2024-03-05,0.502911,163.036514,7.323140
2024-03-06,0.268198,163.473775,7.717001
2024-03-07,0.880166,164.912616,7.726019
2024-03-08,-1.333570,162.713390,5.273484
2024-03-11,0.698354,163.849706,5.537428
2024-03-12,0.023316,163.887909,4.709681
2024-03-13,2.277984,167.621249,6.320975
2024-03-14,-0.242192,167.215283,6.521590
2024-03-15,1.448141,169.636796,7.388776
2024-03-18,0.328263,170.193651,8.105106
2024-03-19,-1.251601,168.063506,6.681177
2024-03-20,0.038756,168.128641,6.666012
2024-03-21,-0.399641,167.456731,6.312311
2024-03-22,-1.032387,165.727930,6.356916
2024-03-25,0.024603,165.768703,7.566536
2024-03-26,-0.019496,165.736384,7.033657
2024-03-27,-0.479017,164.942479,6.093032
2024-03-28,0.501758,165.770092,6.560307
2024-03-29,-0.155744,165.511915,6.180791
2024-04-01,0.142971,165.748549,5.963012
2024-04-02,1.617167,168.428979,6.951632
2024-04-03,2.479336,172.604900,8.693238
2024-04-04,0.925377,174.202146,9.631381
2024-04-05,-0.113530,174.004374,10.398101
2024-04-08,0.894080,175.560111,10.793312
2024-04-09,-0.597121,174.511806,10.605185
2024-04-10,-0.765785,173.175421,10.744665
2024-04-11,0.046170,173.255375,11.642174
2024-04-12,0.477924,174.083404,12.468039
2024-04-15,1.632830,176.925890,16.004209
2024-04-16,-0.856446,175.410615,15.011146
2024-04-17,0.778423,176.776051,14.929190
2024-04-18,1.695106,179.772593,16.588373
2024-04-19,0.777374,181.170099,17.937054
2024-04-22,-0.247401,180.721883,18.364425
2024-04-23,-1.263649,178.438192,16.451405
2024-04-24,0.391643,179.137033,16.281395
2024-04-25,1.288599,181.445391,17.526657
2024-04-26,0.605028,182.543185,18.343078
2024-04-29,1.830605,185.884830,21.379045
2024-04-30,-1.648877,182.819818,22.490910
2024-05-01,-0.443074,182.009791,21.489791
2024-05-02,-0.540652,181.025751,20.589542
2024-05-03,0.603427,182.118109,22.506956
2024-05-06,0.027630,182.168429,20.828721
2024-05-07,1.141522,184.247922,23.173732
2024-05-08,-0.912712,182.566268,21.241855
2024-05-09,0.893207,184.196963,22.828665
2024-05-10,0.760273,185.597362,23.912426
2024-05-13,1.520532,188.419429,26.983927
2024-05-14,-0.860578,186.797932,24.906689
2024-05-15,1.779609,190.122205,25.161597
2024-05-16,0.322335,190.735036,25.452989
2024-05-17,2.619744,195.731806,28.753146
2024-05-20,1.780023,199.215878,30.461516
2024-05-21,-1.041880,197.140288,28.326845
2024-05-22,-2.944751,191.334997,25.207736
2024-05-23,-0.247303,190.861820,24.578217
2024-05-24,-0.347327,190.198905,24.090375
2024-05-27,-0.465424,189.313673,23.890814
2024-05-28,0.557114,190.368366,23.337963
2024-05-29,-0.182710,190.020544,23.605232
2024-05-30,-2.566994,185.142729,21.135739
2024-05-31,-0.259848,184.661640,19.589935
2024-06-03,0.831107,186.196375,19.341915
2024-06-04,-2.027053,182.422076,16.965779
2024-06-05,0.346775,183.054670,16.844163
2024-06-06,1.352375,185.530256,18.476887
2024-06-07,-3.521622,178.996582,14.706773
2024-06-10,0.491539,179.876420,15.035420
2024-06-11,-0.338619,179.267325,14.341320
2024-06-12,1.088004,181.217761,16.733700
2024-06-13,-1.489276,178.518929,15.717370
2024-06-14,-0.568477,177.504090,15.483169
2024-06-17,-1.637578,174.597323,15.137248
2024-06-18,0.272291,175.072735,15.957952
2024-06-19,0.692889,176.285795,15.216032
2024-06-20,0.583432,177.314303,15.736306
2024-06-21,-1.466514,174.713965,14.338471
2024-06-24,0.404944,175.421457,15.147011
2024-06-25,-0.924817,173.799130,14.821281
2024-06-26,0.862185,175.297599,15.136208
2024-06-27,-0.715622,174.043130,14.106101
2024-06-28,0.725061,175.305050,15.168580
2024-07-01,0.502201,176.185434,14.077945
2024-07-02,0.458678,176.993558,12.800548
2024-07-03,1.261108,179.225637,14.582612
2024-07-04,0.630659,180.355940,16.757158
2024-07-05,0.886335,181.954499,17.565688
2024-07-08,-1.070118,180.007371,16.522840
2024-07-09,-0.115807,179.798910,15.855975
2024-07-10,0.221005,180.196274,16.212721
2024-07-11,-0.539392,179.224309,14.762476
2024-07-12,1.226777,181.422991,14.554450
2024-07-15,-1.141010,179.352936,14.549281
2024-07-16,-0.590607,178.293665,14.347236
2024-07-17,-0.235458,177.873857,12.826781
2024-07-18,-2.019149,174.282320,9.367242
2024-07-19,-0.451944,173.494661,10.925822
2024-07-22,-0.633527,172.395525,11.338715
2024-07-23,-0.177482,172.089554,10.069661
2024-07-24,-1.237304,169.960284,9.585179
2024-07-25,0.261074,170.404006,10.262678
2024-07-26,0.118517,170.605964,11.402205
2024-07-29,-0.254491,170.171787,10.854269
2024-07-30,-0.805117,168.801705,10.432579
2024-07-31,1.751344,171.758003,12.800170
2024-08-01,-2.229950,167.927885,10.318015
2024-08-02,1.269792,170.060220,12.675954
2024-08-05,-1.846824,166.919506,10.855144
2024-08-06,0.989398,168.571004,11.558648
2024-08-07,-1.803406,165.530985,9.315026
2024-08-08,0.632523,166.578007,9.884717
2024-08-09,-0.100291,166.410944,8.892309
2024-08-12,1.292721,168.562173,10.192174
2024-08-13,-0.283877,168.083664,10.934915
2024-08-14,-0.441319,167.341879,10.405623
2024-08-15,1.392829,169.672665,12.068779
2024-08-16,0.397382,170.346914,11.873570
2024-08-19,0.991041,172.035122,12.968564
2024-08-20,-0.447277,171.265648,12.989044
2024-08-21,0.928191,172.855320,13.670989
2024-08-22,-0.796371,171.478750,13.198671
2024-08-23,1.358411,173.808137,13.878121
2024-08-26,-0.032567,173.751533,14.667010
2024-08-27,1.296453,176.004139,16.524952
2024-08-28,-1.618638,173.155270,15.697139
2024-08-29,-0.405889,172.452452,13.603136
2024-08-30,0.072134,172.576848,13.794848
2024-09-02,-0.210471,172.213624,13.562354
2024-09-03,-1.763020,169.177463,11.634742
2024-09-04,-0.505360,168.322508,11.213419
2024-09-05,1.271162,170.462160,12.537247
2024-09-06,-1.321691,168.209176,11.306398
2024-09-09,1.085416,170.034945,12.088752
2024-09-10,-0.261594,169.590145,12.578206
2024-09-11,1.121999,171.492945,13.925375
2024-09-12,0.707426,172.706130,15.235869
2024-09-13,0.185732,173.026900,16.369000
2024-09-16,0.909230,174.600112,17.898831
2024-09-17,0.145539,174.854222,16.892422
2024-09-18,0.565763,175.843482,16.212599
2024-09-19,1.181442,177.920972,19.326288
2024-09-20,-0.338815,177.318149,19.323964
2024-09-23,0.544182,178.283082,20.300822
2024-09-24,2.226458,182.252480,23.217863
2024-09-25,0.285220,182.772301,21.950502
2024-09-26,2.349105,187.065814,23.782256
2024-09-27,-0.985934,185.221468,23.540854
2024-09-30,-1.617411,182.225676,22.201955
2024-10-01,1.007186,184.061028,23.520370
2024-10-02,1.151604,186.180682,24.620842
2024-10-03,-1.316308,183.729972,22.856395
2024-10-04,0.201573,184.100322,23.125921
2024-10-07,0.196992,184.462986,23.057280
2024-10-08,-1.612489,181.488540,21.073545
2024-10-09,-0.620108,180.363116,21.471886
2024-10-10,0.506464,181.276591,21.656794
2024-10-11,0.653351,182.460963,21.167213
2024-10-14,-1.339764,180.016417,20.759099
2024-10-15,-1.060700,178.106982,19.656040
2024-10-16,0.751567,179.445576,19.471344
2024-10-17,-1.151293,177.379632,17.684888
2024-10-18,0.602958,178.449157,18.431275
2024-10-21,-0.628857,177.326967,17.906868
2024-10-22,0.574001,178.344825,17.845436
2024-10-23,-1.246856,176.121123,16.518410
2024-10-24,0.138218,176.364554,15.970046
2024-10-25,-1.028838,174.550048,15.022911
2024-10-28,-1.223669,172.414133,14.523567
2024-10-29,-1.318772,170.140384,12.924718
2024-10-30,0.250731,170.566979,13.961237
2024-10-31,0.030067,170.618263,12.318803
2024-11-01,-0.023750,170.577740,11.799950
2024-11-04,0.981113,172.251301,11.923716
2024-11-05,0.430746,172.993267,12.336403
2024-11-06,-3.776092,166.460882,7.750873
2024-11-07,4.311419,173.637709,10.827175
2024-11-08,-1.831527,170.457487,8.696164
2024-11-11,-1.036370,168.690917,8.639182
2024-11-12,-1.856371,165.559389,6.672686
2024-11-13,-1.095832,163.745135,5.178212
2024-11-14,-0.711646,162.579849,5.214362
2024-11-15,0.493905,163.382839,4.926476
2024-11-18,0.889665,164.836398,5.903838
2024-11-19,0.022087,164.872806,5.797192
2024-11-20,-0.427371,164.168188,3.721842
2024-11-21,-0.621407,163.148035,4.815803
2024-11-22,-0.416880,162.467904,5.529566
2024-11-25,0.443012,163.187656,6.879717
2024-11-26,-1.238692,161.166264,4.574823
2024-11-27,0.664998,162.238017,4.492085
2024-11-28,-0.307294,161.739469,4.881560
2024-11-29,-0.237793,161.354864,4.676992
2024-12-02,-0.038855,161.292170,4.965171
2024-12-03,1.026754,162.948243,4.063107
2024-12-04,-0.769053,161.695084,3.272239
2024-12-05,-0.294568,161.218782,3.334663
2024-12-06,-0.538626,160.350415,1.646398
2024-12-09,1.731583,163.127015,3.798872
2024-12-10,0.139218,163.354117,3.651757
2024-12-11,-0.450238,162.618635,3.725043
2024-12-12,-0.750360,161.398411,3.030457
2024-12-13,0.208947,161.735647,2.848857
2024-12-16,0.595478,162.698747,2.347448
2024-12-17,-0.823491,161.358937,1.862893
2024-12-18,0.140700,161.585968,2.285727
2024-12-19,-1.471845,159.207673,1.097345
2024-12-20,0.262800,159.626071,1.294607
2024-12-23,0.235764,160.002411,1.674937
2024-12-24,-0.161080,159.744680,2.277199
2024-12-25,-0.314620,159.242091,1.908255
2024-12-26,-0.398676,158.607230,2.315172
2024-12-27,0.118363,158.794962,1.953942
2024-12-30,-0.979434,157.239670,1.361683
2024-12-31,-1.563589,154.781088,0.138048
2025-01-02,-0.253876,154.388137,-0.893516
2025-01-03,1.042045,155.996930,0.595279
2025-01-06,1.321797,158.058894,2.139622
2025-01-07,0.058151,158.150806,1.664752
2025-01-08,0.790544,159.401057,1.590487
2025-01-09,0.365374,159.983467,2.507576
2025-01-10,-0.564503,159.080355,0.950759
2025-01-13,0.294776,159.549286,-0.255313
2025-01-14,1.093289,161.293620,0.935428
2025-01-15,0.685618,162.399478,1.867746
2025-01-16,0.355335,162.976540,1.998761
2025-01-17,-0.393925,162.334535,0.968518
2025-01-20,0.846993,163.709497,1.799842
2025-01-21,0.064857,163.815673,2.975414
2025-01-22,0.212419,164.163649,3.663506
2025-01-23,-0.080941,164.030773,4.250541
2025-01-24,0.481263,164.820192,4.192470
2025-01-27,-1.569204,162.233827,3.544069
2025-01-28,-0.708739,161.084012,3.384101
2025-01-29,0.782410,162.344350,4.765765
2025-01-30,0.454728,163.082576,4.513237
2025-01-31,-0.117894,162.890311,5.187276
2025-02-03,0.673398,163.987212,5.671656
2025-02-04,0.799260,165.297896,4.771724
2025-02-05,0.489778,166.107489,4.018622
2025-02-06,0.227323,166.485090,4.637560
2025-02-07,1.471389,168.934734,4.459974
2025-02-10,0.738386,170.182124,5.363722
2025-02-11,-0.950014,168.565370,4.229575
2025-02-12,0.623231,169.615921,6.042034
2025-02-13,0.159987,169.887284,7.566448
2025-02-14,-0.180753,169.580207,6.585436
2025-02-17,-0.720862,168.357768,5.660754
2025-02-18,0.652780,169.456774,5.427911
2025-02-19,-0.346293,168.869957,4.242698
2025-02-20,1.605946,171.581917,5.610313
2025-02-21,-0.442967,170.821866,4.664711
2025-02-24,-0.233363,170.423232,4.163236
2025-02-25,-0.734235,169.171924,2.549977
2025-02-26,0.323713,169.719555,4.215709
2025-02-27,-0.175331,169.421984,3.344297
2025-02-28,-0.426966,168.698609,2.893104
2025-03-03,0.264833,169.145379,0.905161
2025-03-04,-0.158685,168.876971,0.988836
2025-03-05,1.771612,171.868816,1.307183
2025-03-06,0.733574,173.129601,1.710354
2025-03-07,-1.050930,171.310130,1.913362
2025-03-10,-1.153620,169.333861,0.714287
2025-03-11,1.324097,171.576006,2.430136
2025-03-12,1.004264,173.299082,4.467143
2025-03-13,-0.583492,172.287896,3.857343
2025-03-14,0.296732,172.799129,4.173134
2025-03-17,0.873555,174.308625,5.523063
2025-03-18,0.121744,174.520835,5.144229
2025-03-19,1.195991,176.608088,6.488990
2025-03-20,-0.823510,175.153703,5.519202
2025-03-21,-0.491029,174.293648,3.422733
2025-03-24,0.614754,175.365124,1.586506
2025-03-25,0.975879,177.076476,1.636532
2025-03-26,-1.348223,174.689090,0.392733
2025-03-27,-0.775147,173.334993,-1.275540
2025-03-28,-0.563844,172.357654,-1.242069
2025-03-31,-0.552393,171.405562,-1.027261
2025-04-01,0.158889,171.677907,-0.914658
2025-04-02,0.136937,171.912997,-1.254600
2025-04-03,-2.838229,167.033712,-5.753528
2025-04-04,-5.759337,157.413679,-10.825236
2025-04-07,0.528458,158.245543,-11.073579
2025-04-08,-1.114277,156.482250,-13.875010
2025-04-09,2.896129,161.014177,-11.794395
2025-04-10,0.755978,162.231409,-10.793552
2025-04-11,1.754718,165.078112,-7.782351
2025-04-14,0.061737,165.180026,-8.111512
2025-04-15,-0.946021,163.617387,-10.342403
2025-04-16,0.462083,164.373435,-10.484589
2025-04-17,0.481969,165.165665,-11.817829
2025-04-18,-0.062556,165.062344,-10.217782
2025-04-21,0.283497,165.530291,-9.490628
2025-04-22,1.133563,167.406680,-7.821323
2025-04-23,-0.065211,167.297512,-8.488169
2025-04-24,0.574192,168.258121,-7.943246
2025-04-25,-0.783898,166.939149,-9.865288
2025-04-28,0.357618,167.536153,-8.591405
2025-04-29,0.701172,168.710869,-8.781922
2025-04-30,-2.779302,164.021885,-12.357974
2025-05-01,1.094361,165.816877,-12.778645
2025-05-02,0.548095,166.725712,-11.367744
2025-05-06,1.466071,169.170029,-11.676275
2025-05-07,0.301306,169.679749,-11.697239
2025-05-08,0.045905,169.757641,-14.237361
2025-05-09,-1.001944,168.056764,-17.008724
2025-05-12,0.258368,168.490970,-15.703344
2025-05-13,0.895223,169.999340,-11.823124
2025-05-14,-0.221830,169.622230,-11.797592
2025-05-15,-0.154784,169.359683,-11.604564
2025-05-16,-1.246806,167.248097,-12.392696
2025-05-19,0.156760,167.510276,-12.791627
2025-05-20,0.082779,167.648939,-12.526005
2025-05-21,-0.332459,167.091575,-10.258502
2025-05-22,-0.277846,166.627317,-10.276549
2025-05-23,1.116255,168.487303,-9.994150
2025-05-26,0.062799,168.593111,-7.883491
2025-05-27,-0.344481,168.012340,-8.574743
2025-05-28,0.275329,168.474926,-9.643104
2025-05-29,0.327296,169.026337,-5.731217
2025-05-30,-0.649694,167.928183,-6.873365
2025-06-02,0.975743,169.566731,-5.563158
2025-06-03,-0.038626,169.501234,-6.683920
2025-06-04,-0.358584,168.893429,-5.542672
2025-06-05,0.333945,169.457441,-4.639184
2025-06-06,-0.128296,169.240033,-3.116429
2025-06-09,1.062453,171.038128,-2.331501
2025-06-10,-0.414508,170.329161,-3.437371
2025-06-11,-0.493459,169.488656,-4.513788
2025-06-12,0.109934,169.674982,-2.926541
2025-06-13,-0.249363,169.251876,-3.580341
2025-06-16,0.182548,169.560841,-2.468840
2025-06-17,-0.472914,168.758965,-3.801364
2025-06-18,0.067216,168.872398,-3.015976
2025-06-19,-0.003263,168.866888,-3.741684
2025-06-20,0.464947,169.652030,-3.778758
2025-06-23,0.583987,170.642776,-3.654099
2025-06-24,-0.285864,170.154971,-5.193594
2025-06-25,0.361076,170.769359,-5.461848
2025-06-26,1.498024,173.327525,-4.857363
2025-06-27,-0.244121,172.904396,-4.025898
2025-06-30,0.079009,173.041006,-3.831047
2025-07-01,0.507687,173.919512,-3.545405
2025-07-02,0.683608,175.108441,-2.323270
2025-07-03,-0.594177,174.067986,-4.138532
2025-07-04,0.358636,174.692257,-2.632968
2025-07-07,-0.667187,173.526732,-2.710033
2025-07-08,-1.123808,171.576625,-3.604467
2025-07-09,-0.083596,171.433194,-1.648286
2025-07-10,0.038406,171.499034,-1.156919
2025-07-11,-0.290376,171.001042,-0.812175
2025-07-14,0.075358,171.129905,-0.559206
2025-07-15,-0.022012,171.092235,0.663801
2025-07-16,-0.221890,170.712599,0.180931
2025-07-17,0.523385,171.606083,0.584504
2025-07-18,1.190694,173.649387,2.022981
2025-07-21,0.521259,174.554550,3.351262
2025-07-22,-0.032279,174.498207,1.582794
2025-07-23,0.150911,174.761543,3.988780
2025-07-24,-0.847191,173.280978,1.876182
2025-07-25,-0.388575,172.607651,3.350940
2025-07-28,-0.339717,172.021273,2.026110
2025-07-29,0.161962,172.299883,4.007807
2025-07-30,-0.478449,171.475517,2.897679
2025-07-31,-1.190582,169.433960,1.800294
2025-08-01,0.137530,169.666983,0.653293
2025-08-04,0.647544,170.765651,1.583030
2025-08-05,-0.849775,169.314527,1.171919
2025-08-06,0.151977,169.571846,-0.059438
2025-08-07,-0.264388,169.123518,-0.720770
2025-08-08,0.460259,169.901925,-1.247729
2025-08-11,-0.533165,168.996068,-1.334040
2025-08-12,1.143868,170.929160,-1.120574
2025-08-13,-0.305465,170.407032,-0.626947
2025-08-14,0.047003,170.487129,-1.929223
2025-08-15,-0.241127,170.076037,-2.138069
2025-08-18,-0.199168,169.737301,-3.625556
2025-08-19,-0.550596,168.802734,-2.545792
2025-08-20,0.103606,168.977625,-2.035525
2025-08-21,0.296040,169.477866,-1.812030
2025-08-22,0.247396,169.897147,-1.354247
2025-08-25,-0.049815,169.812512,0.374672
2025-08-26,0.160747,170.085480,1.041931
2025-08-27,-0.553680,169.143752,-0.776438
2025-08-28,0.710901,170.346197,1.262452
2025-08-29,0.867156,171.823365,1.046302
2025-09-01,-0.262094,171.373026,1.045801
2025-09-02,0.957557,173.014021,0.883051
2025-09-03,-0.414571,172.296756,-0.237317
2025-09-04,-0.794198,170.928377,-1.220245
2025-09-05,-0.321160,170.379424,-2.447042
2025-09-08,0.255399,170.814572,-2.337402
2025-09-09,0.015757,170.841487,-2.885814
2025-09-10,0.647486,171.947662,-3.414933
2025-09-11,0.233895,172.349839,-2.841921
2025-09-12,0.192072,172.680876,-3.192740
2025-09-15,0.695573,173.881997,-4.701608
2025-09-16,-0.277917,173.398749,-5.264727
2025-09-17,-1.294243,171.154548,-8.889356
2025-09-18,-0.294799,170.649985,-8.193764
2025-09-19,0.272592,171.115164,-6.290909
2025-09-22,-0.120509,170.908954,-7.413639
2025-09-23,-0.543258,169.980478,-9.103402
2025-09-24,2.576193,174.359503,-5.234786
2025-09-25,0.274298,174.837768,-5.162234
2025-09-26,-0.694413,173.623672,-6.055867
2025-09-29,1.617729,176.432433,-2.825453
2025-09-30,-0.958852,174.740707,-3.166893
2025-10-01,0.599817,175.788832,-3.074054
2025-10-02,1.094937,177.713608,-2.636294
2025-10-03,1.626883,180.604801,0.326317
2025-10-06,-0.307073,180.050212,1.085137
2025-10-07,0.320893,180.627980,0.656760
2025-10-08,-0.442929,179.827928,1.370819
2025-10-09,0.455879,180.647725,1.224514
2025-10-10,0.069484,180.773246,1.924816
2025-10-13,-0.482026,179.901872,0.869265
2025-10-14,-1.447833,177.297194,0.665543
2025-10-15,-0.476239,176.452837,0.050045
2025-10-16,0.129842,176.681948,1.213970
2025-10-17,0.179613,176.999291,2.624640
2025-10-20,0.471820,177.834410,4.422895
2025-10-21,-0.745999,176.507768,3.423683
2025-10-22,0.831029,177.974599,4.221216
2025-10-23,0.723890,179.262940,4.966252
2025-10-24,1.063371,181.169170,5.047678
2025-10-27,0.464962,182.011538,5.081741
2025-10-28,0.210734,182.395098,9.141486
2025-10-29,0.182657,182.728254,5.102911
2025-10-30,-1.210152,180.516965,5.733884
2025-10-31,-0.299247,179.976774,6.475966
2025-11-03,-0.532378,179.018618,7.815984
2025-11-04,-1.317868,176.659390,7.591236
2025-11-05,0.729439,177.948012,9.032218
2025-11-06,-0.343515,177.336735,8.195423
2025-11-07,0.246698,177.774222,7.556088
2025-11-10,0.990116,179.534393,8.519249
2025-11-11,-0.205420,179.165593,8.741904
2025-11-12,0.550057,180.151106,9.913800
2025-11-13,-0.277521,179.651149,10.053644
2025-11-14,-0.016823,179.620926,9.594786
2025-11-17,-0.328393,179.031064,10.512280
2025-11-18,-0.553051,178.040931,9.294898
2025-11-19,0.350740,178.665392,9.952791
2025-11-20,-1.102812,176.695048,9.081929
2025-11-21,0.901399,178.287775,10.018152
2025-11-24,0.253841,178.740342,9.250152
2025-11-25,0.414073,179.480457,10.435396
2025-11-26,0.919287,181.130397,11.645486
2025-11-27,-0.423093,180.364047,11.761578
2025-11-28,1.932023,183.848722,11.958412
2025-12-01,0.407332,184.597597,12.225796
2025-12-02,-0.596604,183.496280,12.078659
2025-12-03,2.081324,187.315432,14.891809
2025-12-04,-0.264135,186.820666,14.418596
2025-12-05,1.499065,189.621229,15.312824
2025-12-08,-0.086161,189.457849,16.053526
2025-12-09,-1.381356,186.840761,14.521940
2025-12-10,0.391595,187.572421,16.395555
2025-12-11,1.881863,191.102276,17.997474
2025-12-12,-2.011537,187.258182,15.729943
2025-12-15,0.696267,188.561999,16.585007
2025-12-16,-0.480171,187.656580,16.418796
2025-12-17,1.084889,189.692445,17.897315
2025-12-18,0.274291,190.212755,18.052938
2025-12-19,0.953931,192.027253,19.986610
2025-12-22,0.641043,193.258230,22.201549
2025-12-23,0.880480,194.959830,23.332374
2025-12-24,0.301576,195.547783,22.596844
2025-12-25,-0.104272,195.343882,21.179380
2025-12-26,0.023093,195.388993,21.144336
2025-12-29,2.076656,199.446550,22.412288
2025-12-30,1.216665,201.873146,23.256903
2025-12-31,-0.994973,199.864562,22.823050
2026-01-02,0.010103,199.884754,22.538810
2026-01-05,3.953397,207.786993,25.328705
2026-01-06,1.003825,209.872810,25.644247
2026-01-07,-2.348050,204.944891,22.913486
2026-01-08,-0.536482,203.845400,22.770263
2026-01-09,1.344084,206.585252,23.261968
2026-01-12,1.785860,210.274575,24.967232
2026-01-13,-0.197865,209.858516,24.556978
2026-01-14,0.942652,211.836750,25.576188
2026-01-15,-0.462285,210.857460,24.632723
2026-01-16,-2.135964,206.353622,24.055264
2026-01-19,0.995480,208.407832,25.757085
2026-01-20,-1.372265,205.547924,23.595951
2026-01-21,-0.359456,204.809069,22.782150
2026-01-22,0.534452,205.903675,23.433142
2026-01-23,1.520514,209.034468,24.271071
2026-01-26,0.257169,209.572041,23.731827
2026-01-27,-1.010300,207.454734,22.227806
2026-01-28,0.637880,208.778047,22.636596
2026-01-29,2.419319,213.829054,23.566443
2026-01-30,-2.746439,207.956368,20.045911
2026-02-02,-0.834390,206.221200,20.162575
2026-02-03,2.814825,212.025965,22.317215
2026-02-04,-2.566359,206.584617,19.557492
2026-02-05,-1.023090,204.471071,18.710049
2026-02-06,0.859833,206.229181,20.289679
2026-02-09,0.664694,207.599974,20.301515
2026-02-10,-0.541661,206.475486,20.105276
2026-02-11,0.977553,208.493894,19.484895
2026-02-12,-1.884851,204.564094,18.026005
2026-02-13,0.450359,205.485368,18.708989
2026-02-16,-0.372032,204.720897,19.073207
2026-02-17,-1.130624,202.406273,17.612953
2026-02-18,0.882935,204.193388,18.667498
2026-02-19,0.051094,204.297719,19.146459
2026-02-20,0.720733,205.770160,19.600124
2026-02-23,-0.847324,204.026619,18.908001
2026-02-24,2.099400,208.309954,19.229565
2026-02-25,0.960529,210.310832,19.454614
2026-02-26,-0.559987,209.133118,19.949544
2026-02-27,-0.216364,208.680629,20.893272
2026-03-02,-0.923082,206.754337,18.650496
2026-03-03,-0.087016,206.574427,17.564187
2026-03-04,-0.052243,206.466507,18.097131
2026-03-05,-1.372100,203.633581,16.419239
2026-03-06,0.165532,203.970660,15.714873
2026-03-09,-0.429223,203.095171,15.163056
2026-03-10,1.764601,206.678991,15.723374
2026-03-11,-0.079088,206.515533,16.471174
2026-03-12,-0.725048,205.018195,16.235722
2026-03-13,-1.065428,202.833874,14.551707
2026-03-16,1.295766,205.462126,14.868001
2026-03-17,-0.930637,203.550020,15.290401
2026-03-18,-2.683053,198.088665,13.348864
2026-03-19,-0.897185,196.311444,13.013070
2026-03-20,-2.436521,191.528274,11.100299
2026-03-23,2.498678,196.313948,13.409507
2026-03-24,-0.826654,194.691112,12.442574
2026-03-25,1.162244,196.953897,16.477401
2026-03-26,-1.405829,194.185062,20.993439
2026-03-27,0.516618,195.188256,20.981661
2026-03-30,0.208712,195.595637,22.310687
2026-03-31,1.610493,198.745690,21.053365
2026-04-01,0.725097,200.186789,21.022710
2026-04-02,-0.612484,198.960678,18.668843
2026-04-03,-0.208280,198.546282,18.398629
2026-04-07,-0.223454,198.102623,19.125450
2026-04-08,2.701266,203.453902,21.329857
2026-04-09,-0.239854,202.965910,20.608904
2026-04-10,0.796658,204.582854,21.464980
2026-04-13,1.570326,207.795472,22.740009
2026-04-14,0.911082,209.688659,22.519779
2026-04-15,-0.160199,209.352740,22.424684
2026-04-16,-0.204760,208.924070,21.647165
2026-04-17,0.780238,210.554176,23.211362
2026-04-20,-0.084168,210.376957,22.770179
2026-04-21,-0.348566,209.643656,21.722279
2026-04-22,2.576765,215.045680,27.085060
2026-04-23,-1.411478,212.010357,24.575110
2026-04-24,-0.331766,211.306978,23.696193
2026-04-27,-0.234064,210.812385,22.006427
2026-04-28,-1.554526,207.535252,20.138838
2026-04-29,-0.171991,207.178310,19.920804
2026-04-30,0.423490,208.055690,21.350398
2026-05-01,0.106061,208.276356,21.198367
2026-05-04,0.316883,208.936348,20.623509
2026-05-05,0.872322,210.758945,21.714125
2026-05-06,1.593955,214.118348,23.450413
2026-05-07,-0.841278,212.317016,23.860220
2026-05-08,1.270722,215.014974,24.966297
2026-05-11,1.935124,219.175780,26.800191
2026-05-12,0.765571,220.853727,27.895860
2026-05-13,-0.265022,220.268415,27.908718
2026-05-14,-0.224146,219.774691,26.574250
2026-05-15,-2.626125,214.003134,23.850247
2026-05-18,0.099793,214.216695,24.295067
2026-05-19,-0.846723,212.402872,23.169788
2026-05-20,1.202003,214.955960,24.037863
2026-05-21,-0.108686,214.722332,24.580931
2026-05-22,-0.195045,214.303527,23.414682
2026-05-25,0.219822,214.774614,23.672896
2026-05-26,-0.006842,214.759919,24.025283
2026-05-27,-0.460746,213.770420,23.230083
2026-05-28,0.928427,215.755123,24.282605
2026-05-29,-0.828506,213.967580,22.393800
2026-06-01,1.607671,217.407474,24.404055
2026-06-02,0.760197,219.060199,25.656058
2026-06-03,-1.126409,216.592685,24.413382
2026-06-04,0.246403,217.126375,24.909157
2026-06-05,-2.149034,212.460256,22.554313
2026-06-08,-0.462576,211.477467,22.564700
2026-06-09,0.016632,211.512639,22.514137
2026-06-10,-0.499833,210.455428,22.016313
2026-06-11,0.972435,212.501971,22.520181
2026-06-12,1.041503,214.715186,22.974009
2026-06-15,0.666076,216.145353,23.924150
2026-06-16,0.196367,216.569791,23.759899
2026-06-17,0.121192,216.832257,22.394103
2026-06-18,-0.773862,215.154274,21.861651
2026-06-19,0.428033,216.075205,22.209792
2026-06-22,0.135499,216.367984,21.838797
2026-06-23,-1.894666,212.268532,19.244669
2026-06-24,-1.682499,208.697117,18.143805
2026-06-25,1.970461,212.809412,19.737109
2026-06-26,-0.014570,212.778406,20.391961
2026-06-29,0.023086,212.827528,21.545215
2026-06-30,0.014068,212.857468,21.642913
2026-07-01,0.027188,212.915339,21.631698
2026-07-02,-0.174422,212.543967,21.747922
2026-07-03,0.586602,213.790754,22.257481
2026-07-06,0.122022,214.051626,22.401443
2026-07-07,0.009433,214.071817,22.633012
2026-07-08,-0.561520,212.869760,21.547889
2026-07-09,1.469465,215.997807,21.823001
2026-07-10,-0.022542,215.949116,21.280550
2026-07-13,-0.173709,215.573994,21.138975
2026-07-14,0.418836,216.476896,21.406139
2026-07-15,0.174274,216.854160,22.431063
2026-07-16,-0.148025,216.533162,22.672261
2026-07-17,-0.067188,216.387677,22.945345
2026-07-20,0.713565,217.931744,23.494545
2026-07-21,1.601455,221.421822,25.562908
2026-07-22,-0.576445,220.145446,26.182521
2026-07-23,-1.057809,217.816728,24.981642
2026-07-24,0.500113,218.906057,24.835052
2026-07-27,0.813022,220.685811,26.498193
2026-07-28,-0.364675,219.881024,25.980990
2026-07-29,-0.285982,219.252203,25.959335
2026-07-30,0.595813,220.558537,26.094177
2026-07-31,0.313118,221.249145,26.941397
2026-08-03,0.341740,222.005242,26.145179
