指标名称,南华沪铜指数
频率,日
单位,点
指标ID,S0105912
来源,南华期货
2026-07-08,8445.063
2026-07-07,8456.5585
2026-07-06,8457.3796
2026-07-03,8458.2007
2026-07-02,8374.448
2026-07-01,8369.5214
2026-06-30,8485.2972
2026-06-29,8480.3705
2026-06-26,8341.736
2026-06-25,8312.3329
2026-06-24,8504.6765
2026-06-23,8507.633
2026-06-22,8624.2659
2026-06-18,8612.7669
2026-06-17,8662.8698
2026-06-16,8599.6251
2026-06-15,8680.9397
2026-06-12,8594.697
2026-06-11,8469.0291
2026-06-10,8550.3436
2026-06-09,8597.9824
2026-06-08,8553.6291
2026-06-05,8643.9785
2026-06-04,8646.4426
2026-06-03,8744.1843
2026-06-02,8764.7182
2026-06-01,8603.7319
2026-05-29,8631.6581
2026-05-28,8563.4854
2026-05-27,8604.398
2026-05-26,8630.3604
2026-05-25,8684.4386
2026-05-22,8620.9857
2026-05-21,8552.7544
2026-05-20,8547.822
2026-05-19,8593.8576
2026-05-18,8575.7722
2026-05-15,8606.1885
2026-05-14,8778.822
2026-05-13,8922.6832
2026-05-12,8763.2028
2026-05-11,8603.7223
2026-05-08,8601.2562
2026-05-07,8468.9038
2026-05-06,8447.5302
2026-04-30,8305.3131
2026-04-29,8357.1031
2026-04-28,8407.5809
2026-04-27,8449.509
2026-04-24,8421.5588
2026-04-23,8448.6848
2026-04-22,8437.1766
2026-04-21,8396.0757
2026-04-20,8435.5325
2026-04-17,8411.6941
2026-04-16,8443.7527
2026-04-15,8397.7198
2026-04-14,8324.5603
2026-04-13,8195.5037
2026-04-10,8093.5737
2026-04-09,8041.7867
2026-04-08,8080.4214
2026-04-07,7934.1025
2026-04-03,7908.62
2026-04-02,7878.2054
2026-04-01,7977.6694
2026-03-31,7836.2826
2026-03-30,7869.1632
2026-03-27,7883.7942
2026-03-26,7838.0947
2026-03-25,7857.8219
2026-03-24,7729.0967
2026-03-23,7570.4542
2026-03-20,7787.4574
2026-03-19,7761.154
2026-03-18,8105.5645
2026-03-17,8172.145
2026-03-16,8204.2023
2026-03-13,8256.8092
2026-03-12,8315.1699
2026-03-11,8332.4315
2026-03-10,8363.6668
2026-03-09,8251.8773
2026-03-06,8319.2798
2026-03-05,8320.9238
2026-03-04,8376.8185
2026-03-03,8412.1638
2026-03-02,8564.2304
2026-02-27,8572.4502
2026-02-26,8460.6607
2026-02-25,8478.7535
2026-02-24,8389.3964
2026-02-13,8291.5991
2026-02-12,8460.4356
2026-02-11,8442.3085
2026-02-10,8390.3989
2026-02-09,8408.5261
2026-02-06,8265.9808
2026-02-05,8344.2571
2026-02-04,8688.6729
2026-02-03,8633.4675
2026-02-02,8097.8926
2026-01-30,8560.9589
2026-01-29,9014.1377
2026-01-28,8513.3985
2026-01-27,8476.4457
2026-01-26,8418.674
2026-01-23,8371.9372
2026-01-22,8319.0653
2026-01-21,8366.9804
2026-01-20,8362.8498
2026-01-19,8358.7192
2026-01-16,8324.8481
2026-01-15,8493.3774
2026-01-14,8601.5996
2026-01-13,8466.1153
2026-01-12,8590.0338
2026-01-09,8391.7641
2026-01-08,8364.5021
2026-01-07,8558.6411
2026-01-06,8710.6479
2026-01-05,8382.6768
2025-12-31,8127.4046
2025-12-30,8115.8388
2025-12-29,8174.8429
2025-12-26,8166.2455
2025-12-25,7959.3934
2025-12-24,7949.8005
2025-12-23,7770.2889
2025-12-22,7802.5513
2025-12-19,7708.2457
2025-12-18,7660.2656
2025-12-17,7678.4649
2025-12-16,7604.0131
2025-12-15,7651.1659
2025-12-12,7790.1427
2025-12-11,7636.2756
2025-12-10,7604.0131
2025-12-09,7541.9699
2025-12-08,7695.837
2025-12-05,7678.4649
2025-12-04,7529.5613
2025-12-03,7381.4849
2025-12-02,7356.6676
2025-12-01,7388.9301
2025-11-28,7230.0995
2025-11-27,7199.4915
2025-11-26,7164.4133
2025-11-25,7164.7442
2025-11-24,7122.3844
2025-11-21,7087.6346
2025-11-20,7126.5231
2025-11-19,7124.8683
2025-11-18,7087.6346
2025-11-17,7153.0004
2025-11-14,7190.2341
2025-11-13,7246.4983
2025-11-12,7185.2696
2025-11-11,7175.3406
2025-11-10,7158.7923
2025-11-07,7112.4571
2025-11-06,7144.7262
2025-11-05,7090.1169
2025-11-04,7091.7717
2025-11-03,7229.95
2025-10-31,7200.9904
2025-10-30,7278.7674
2025-10-29,7339.501
2025-10-28,7195.3652
2025-10-27,7311.0299
2025-10-24,7256.7562
2025-10-23,7120.2578
2025-10-22,7066.4856
2025-10-21,7064.8311
2025-10-20,7063.1766
2025-10-17,6981.2775
2025-10-16,7037.5314
2025-10-15,7102.058
2025-10-14,6980.4502
2025-10-13,7041.6677
2025-10-10,7107.0215
2025-10-09,7182.3025
2025-09-30,6875.3877
2025-09-29,6813.343
2025-09-26,6822.939
2025-09-25,6841.3041
2025-09-24,6613.8176
2025-09-23,6610.8397
2025-09-22,6630.6921
2025-09-19,6605.0495
2025-09-18,6582.7155
2025-09-17,6663.7794
2025-09-16,6689.422
2025-09-15,6692.7308
2025-09-12,6706.7929
2025-09-11,6625.729
2025-09-10,6597.6048
2025-09-09,6587.6786
2025-09-08,6586.0243
2025-09-05,6629.0377
2025-09-04,6595.9505
2025-09-03,6622.4203
2025-09-02,6584.3699
2025-09-01,6596.7776
2025-08-29,6567.8263
2025-08-28,6528.1215
2025-08-27,6550.2894
2025-08-26,6549.7931
2025-08-25,6591.1501
2025-08-22,6504.9642
2025-08-21,6493.3852
2025-08-20,6503.3101
2025-08-19,6523.1599
2025-08-18,6526.4683
2025-08-15,6538.0473
2025-08-14,6528.1224
2025-08-13,6565.3409
2025-08-12,6540.5286
2025-08-11,6538.0473
2025-08-08,6490.0768
2025-08-07,6490.0768
2025-08-06,6475.1891
2025-08-05,6499.5064
2025-08-04,6478.8284
2025-08-01,6484.4528
2025-07-31,6454.6772
2025-07-30,6528.289
2025-07-29,6520.8451
2025-07-28,6534.0787
2025-07-25,6554.7562
2025-07-24,6607.6905
2025-07-23,6582.8775
2025-07-22,6595.284
2025-07-21,6597.7653
2025-07-18,6487.7612
2025-07-17,6438.9624
2025-07-16,6448.8876
2025-07-15,6450.5418
2025-07-14,6475.3547
2025-07-11,6479.4902
2025-07-10,6489.4154
2025-07-09,6467.9108
2025-07-08,6571.2981
2025-07-07,6544.0039
2025-07-04,6580.7126
2025-07-03,6649.3065
2025-07-02,6646.9926
2025-07-01,6654.2562
2025-06-30,6590.7173
2025-06-27,6594.8432
2025-06-26,6509.8496
2025-06-25,6492.5208
2025-06-24,6476.0172
2025-06-23,6443.01
2025-06-20,6415.779
2025-06-19,6447.1359
2025-06-18,6493.346
2025-06-17,6467.7654
2025-06-16,6464.4647
2025-06-13,6419.9049
2025-06-12,6473.5417
2025-06-11,6535.4302
2025-06-10,6499.9474
2025-06-09,6501.5978
2025-06-06,6503.9078
2025-06-05,6440.2403
2025-06-04,6441.0625
2025-06-03,6396.0701
2025-05-30,6391.9516
2025-05-29,6435.608
2025-05-28,6414.1916
2025-05-27,6416.6628
2025-05-26,6415.8391
2025-05-23,6372.1827
2025-05-22,6391.9516
2025-05-21,6409.2494
2025-05-20,6358.1797
2025-05-19,6373.8301
2025-05-16,6401.0124
2025-05-15,6383.7146
2025-05-14,6462.7902
2025-05-13,6391.9516
2025-05-12,6407.602
2025-05-09,6336.3483
2025-05-08,6325.9952
2025-05-07,6369.3283
2025-05-06,6353.9207
2025-04-30,6322.8061
2025-04-29,6353.9207
2025-04-28,6352.283
2025-04-25,6340.8198
2025-04-24,6338.3634
2025-04-23,6377.666
2025-04-22,6314.6181
2025-04-21,6328.5377
2025-04-18,6234.3752
2025-04-17,6204.8983
2025-04-16,6162.3205
2025-04-15,6212.2675
2025-04-14,6244.2009
2025-04-11,6152.4948
2025-04-10,6159.0453
2025-04-09,5895.3903
2025-04-08,5994.4656
2025-04-07,6024.586
2025-04-03,6450.7981
2025-04-02,6536.0605
2025-04-01,6580.5703
2025-03-31,6541.298
2025-03-28,6582.2067
2025-03-27,6673.0239
2025-03-26,6709.0236
2025-03-25,6701.66
2025-03-24,6695.9328
2025-03-21,6595.2974
2025-03-20,6682.0238
2025-03-19,6618.2063
2025-03-18,6566.6614
2025-03-17,6587.9339
2025-03-14,6586.2975
2025-03-13,6500.3893
2025-03-12,6502.0256
2025-03-11,6387.4813
2025-03-10,6409.572
2025-03-07,6412.0265
2025-03-06,6405.1531
2025-03-05,6343.2882
2025-03-04,6298.2786
2025-03-03,6307.9359
2025-02-28,6290.7436
2025-02-27,6309.5732
2025-02-26,6314.4853
2025-02-25,6299.7491
2025-02-24,6330.0403
2025-02-21,6317.7601
2025-02-20,6373.4303
2025-02-19,6325.9469
2025-02-18,6304.6612
2025-02-17,6321.8535
2025-02-14,6411.9083
2025-02-13,6363.6062
2025-02-12,6317.7601
2025-02-11,6327.5842
2025-02-10,6350.1855
2025-02-07,6340.3525
2025-02-06,6274.9296
2025-02-05,6177.9846
2025-01-27,6198.4986
2025-01-24,6225.577
2025-01-23,6150.9062
2025-01-22,6196.8574
2025-01-21,6205.8836
2025-01-20,6187.0107
2025-01-17,6280.5544
2025-01-16,6257.5788
2025-01-15,6174.7024
2025-01-14,6197.678
2025-01-13,6205.063
2025-01-10,6182.9079
2025-01-09,6154.1884
2025-01-08,6117.2633
2025-01-07,6117.099
2025-01-06,6046.1739
2025-01-03,5990.0116
2025-01-02,6019.9055
2024-12-31,6060.1587
2024-12-30,6101.2333
2024-12-27,6086.4465
2024-12-26,6082.339
2024-12-25,6090.5539
2024-12-24,6083.982
2024-12-23,6092.1969
2024-12-20,6066.7306
2024-12-19,6065.0876
2024-12-18,6074.1241
2024-12-17,6110.2698
2024-12-16,6115.1987
2024-12-13,6148.88
2024-12-12,6204.7415
2024-12-11,6208.0275
2024-12-10,6175.1678
2024-12-09,6141.4865
2024-12-06,6143.951
2024-12-05,6127.5185
2024-12-04,6145.1043
2024-12-03,6109.1061
2024-12-02,6058.3174
2024-11-29,6067.3572
2024-11-28,6062.4264
2024-11-27,6092.0113
2024-11-26,6059.961
2024-11-25,6094.4767
2024-11-22,6061.6046
2024-11-21,6118.3089
2024-11-20,6132.2795
2024-11-19,6109.2691
2024-11-18,6060.7828
2024-11-15,6071.4662
2024-11-14,6013.9402
2024-11-13,6100.2293
2024-11-12,6189.8056
2024-11-11,6296.6397
2024-11-08,6341.8388
2024-11-07,6286.7781
2024-11-06,6314.7193
2024-11-05,6385.42
2024-11-04,6367.6597
2024-11-01,6292.6649
2024-10-31,6294.3096
2024-10-30,6305.0002
2024-10-29,6291.0202
2024-10-28,6321.4473
2024-10-25,6281.9742
2024-10-24,6332.1379
2024-10-23,6309.112
2024-10-22,6348.585
2024-10-21,6392.1699
2024-10-18,6332.1379
2024-10-17,6251.5471
2024-10-16,6307.4673
2024-10-15,6291.0202
2024-10-14,6374.9004
2024-10-11,6344.8059
2024-10-10,6316.5258
2024-10-09,6373.5707
2024-10-08,6352.6951
2024-09-30,6477.5961
2024-09-27,6473.4875
2024-09-26,6388.0289
2024-09-25,6336.2608
2024-09-24,6305.8572
2024-09-23,6185.8865
2024-09-20,6231.081
2024-09-19,6215.4683
2024-09-18,6120.1492
2024-09-13,6074.133
2024-09-12,6065.0941
2024-09-11,6014.1476
2024-09-10,6006.7522
2024-09-09,5947.5886
2024-09-06,6000.1785
2024-09-05,5880.381
2024-09-04,5893.6942
2024-09-03,5991.1663
2024-09-02,6051.4928
2024-08-30,6101.641
2024-08-29,6099.9968
2024-08-28,6132.0588
2024-08-27,6166.587
2024-08-26,6179.7407
2024-08-23,6042.4496
2024-08-22,6077.8
2024-08-21,6079.4442
2024-08-20,6067.9348
2024-08-19,6078.6221
2024-08-16,6081.9105
2024-08-15,5994.7677
2024-08-14,5932.288
2024-08-13,5952.8405
2024-08-12,5942.1532
2024-08-09,5902.6923
2024-08-08,5820.4821
2024-08-07,5879.6735
2024-08-06,5835.2638
2024-08-05,5945.1779
2024-08-02,6068.4489
2024-08-01,6157.5139
2024-07-31,6131.9879
2024-07-30,6045.5291
2024-07-29,6096.581
2024-07-26,6105.6386
2024-07-25,6013.4159
2024-07-24,6175.629
2024-07-23,6151.7499
2024-07-22,6238.2088
2024-07-19,6318.9036
2024-07-18,6470.4124
2024-07-17,6476.1763
2024-07-16,6543.6965
2024-07-15,6562.6351
2024-07-12,6514.8769
2024-07-11,6601.3357
2024-07-10,6572.5161
2024-07-09,6649.9174
2024-07-08,6600.5123
2024-07-05,6640.8598
2024-07-04,6598.3427
2024-07-03,6578.0599
2024-07-02,6500.5058
2024-07-01,6447.836
2024-06-28,6473.4423
2024-06-27,6405.7095
2024-06-26,6482.5284
2024-06-25,6498.2226
2024-06-24,6498.2227
2024-06-21,6551.0873
2024-06-20,6575.0416
2024-06-19,6542.8272
2024-06-18,6485.8325
2024-06-17,6466.0083
2024-06-14,6591.5618
2024-06-13,6628.7323
2024-06-12,6610.5601
2024-06-11,6613.8641
2024-06-07,6750.1558
2024-06-06,6728.3383
2024-06-05,6625.9803
2024-06-04,6788.2473
2024-06-03,6749.6816
2024-05-31,6831.6616
2024-05-30,6861.4725
2024-05-29,7077.6014
2024-05-28,7005.5584
2024-05-27,6916.9538
2024-05-24,6960.014
2024-05-23,6879.6902
2024-05-22,7139.7074
2024-05-21,7211.7504
2024-05-20,7259.779
2024-05-17,6976.5756
2024-05-16,6839.9424
2024-05-15,6796.8822
2024-05-14,6834.9739
2024-05-13,6741.4008
2024-05-10,6723.1831
2024-05-09,6609.51
2024-05-08,6600.0619
2024-05-07,6681.3207
2024-05-06,6746.8592
2024-04-30,6819.8879
2024-04-29,6716.9838
2024-04-26,6730.2618
2024-04-25,6652.2538
2024-04-24,6587.5238
2024-04-23,6474.6612
2024-04-22,6601.6316
2024-04-19,6586.6939
2024-04-18,6537.7315
2024-04-17,6383.3753
2024-04-16,6367.6077
2024-04-15,6387.5246
2024-04-12,6382.5454
2024-04-11,6329.4336
2024-04-10,6373.4168
2024-04-09,6317.8154
2024-04-08,6277.6329
2024-04-03,6151.5689
2024-04-02,6088.595
2024-04-01,6077.1263
2024-03-29,6029.7397
2024-03-28,6027.2457
2024-03-27,5993.1606
2024-03-26,5985.6785
2024-03-25,6010.6188
2024-03-22,6009.7875
2024-03-21,6088.7652
2024-03-20,6037.2218
2024-03-19,6062.1621
2024-03-18,6054.68
2024-03-15,6079.6204
2024-03-14,5949.9307
2024-03-13,5854.3261
2024-03-12,5811.0962
2024-03-11,5777.0111
2024-03-08,5818.5783
2024-03-07,5781.1678
2024-03-06,5743.5867
2024-03-05,5740.5935
2024-03-04,5750.2379
2024-03-01,5729.2873
2024-02-29,5735.1064
2024-02-28,5715.9866
2024-02-27,5735.9377
2024-02-26,5740.0942
2024-02-23,5766.6956
2024-02-22,5757.5514
2024-02-21,5740.9255
2024-02-20,5687.7226
2024-02-19,5688.5539
2024-02-08,5656.1334
2024-02-07,5669.77
2024-02-06,5663.4483
2024-02-05,5703.7065
2024-02-02,5710.1949
2024-02-01,5740.8091
2024-01-31,5769.9291
2024-01-30,5739.1451
2024-01-29,5722.505
2024-01-26,5729.993
2024-01-25,5730.825
2024-01-24,5689.225
2024-01-23,5666.7609
2024-01-22,5650.1209
2024-01-19,5638.4729
2024-01-18,5646.7929
2024-01-17,5634.3129
2024-01-16,5641.8009
2024-01-15,5630.1529
2024-01-12,5670.9209
2024-01-11,5673.417
2024-01-10,5636.8089
2024-01-09,5675.913
2024-01-08,5682.569
2024-01-05,5691.7215
2024-01-04,5692.7198
2024-01-03,5710.3625
2024-01-02,5738.8251
2023-12-29,5735.4963
2023-12-28,5770.4485
2023-12-27,5763.791
2023-12-26,5769.6163
2023-12-25,5748.8114
2023-12-22,5745.4826
2023-12-21,5739.6573
2023-12-20,5733.8319
2023-12-19,5688.0611
2023-12-18,5700.5441
2023-12-15,5696.3831
2023-12-14,5660.5986
2023-12-13,5621.4854
2023-12-12,5658.9342
2023-12-11,5674.746
2023-12-08,5639.7937
2023-12-07,5592.3585
2023-12-06,5645.7445
2023-12-05,5634.2771
2023-12-04,5692.09
2023-12-01,5673.3241
2023-11-30,5661.7053
2023-11-29,5650.9163
2023-11-28,5618.5495
2023-11-27,5651.7463
2023-11-24,5647.5967
2023-11-23,5626.8487
2023-11-22,5637.6376
2023-11-21,5651.7463
2023-11-20,5615.2298
2023-11-17,5616.8897
2023-11-16,5617.7196
2023-11-15,5609.4204
2023-11-14,5585.3528
2023-11-13,5562.945
2023-11-10,5565.4347
2023-11-09,5557.1355
2023-11-08,5590.3323
2023-11-07,5587.0126
2023-11-06,5601.9471
2023-11-03,5613.3933
2023-11-02,5587.0252
2023-11-01,5575.75
2023-10-31,5578.2362
2023-10-30,5579.065
2023-10-27,5542.6005
2023-10-26,5515.2521
2023-10-25,5545.9155
2023-10-24,5510.2797
2023-10-23,5439.837
2023-10-20,5474.644
2023-10-19,5502.8211
2023-10-18,5523.5395
2023-10-17,5453.9255
2023-10-16,5516.0809
2023-10-13,5502.8211
2023-10-12,5538.4481
2023-10-11,5535.1325
2023-10-10,5495.8921
2023-10-09,5574.6616
2023-09-28,5561.428
2023-09-27,5541.5776
2023-09-26,5557.2925
2023-09-25,5596.9934
2023-09-22,5625.9419
2023-09-21,5651.582
2023-09-20,5669.7783
2023-09-19,5672.2596
2023-09-18,5729.3296
2023-09-15,5755.7968
2023-09-14,5729.3296
2023-09-13,5701.2081
2023-09-12,5711.1333
2023-09-11,5692.9371
2023-09-08,5670.6054
2023-09-07,5705.3436
2023-09-06,5730.3063
2023-09-05,5694.4562
2023-09-04,5716.7439
2023-09-01,5748.2577
2023-08-31,5723.5269
2023-08-30,5719.4051
2023-08-29,5703.7422
2023-08-28,5679.8358
2023-08-25,5682.3089
2023-08-24,5677.3627
2023-08-23,5684.782
2023-08-22,5643.564
2023-08-21,5629.5499
2023-08-18,5581.7371
2023-08-17,5583.3858
2023-08-16,5547.9383
2023-08-15,5631.1986
2023-08-14,5580.0883
2023-08-11,5603.9948
2023-08-10,5638.6179
2023-08-09,5638.6179
2023-08-08,5651.8076
2023-08-07,5674.0653
2023-08-04,5697.1316
2023-08-03,5658.7689
2023-08-02,5704.515
2023-08-01,5801.8716
2023-07-31,5713.9395
2023-07-28,5678.6024
2023-07-27,5670.3844
2023-07-26,5680.246
2023-07-25,5665.4536
2023-07-24,5598.8883
2023-07-21,5636.6908
2023-07-20,5616.146
2023-07-19,5633.4036
2023-07-18,5613.6806
2023-07-17,5632.5819
2023-07-14,5674.4934
2023-07-13,5618.6113
2023-07-12,5546.2934
2023-07-11,5579.987
2023-07-10,5545.4716
2023-07-07,5530.6793
2023-07-06,5550.8801
2023-07-05,5547.1053
2023-07-04,5575.1427
2023-07-03,5587.1019
2023-06-30,5508.5256
2023-06-29,5502.7961
2023-06-28,5539.6288
2023-06-27,5578.0984
2023-06-26,5577.2799
2023-06-21,5614.1125
2023-06-20,5592.013
2023-06-19,5583.8279
2023-06-16,5601.0165
2023-06-15,5537.9918
2023-06-14,5528.9882
2023-06-13,5495.4296
2023-06-12,5455.3229
2023-06-09,5476.604
2023-06-08,5438.9529
2023-06-07,5429.1308
2023-06-06,5421.1141
2023-06-05,5367.001
2023-06-02,5407.1974
2023-06-01,5363.2641
2023-05-31,5297.9778
2023-05-30,5288.1849
2023-05-29,5321.6441
2023-05-26,5274.3116
2023-05-25,5178.8304
2023-05-24,5210.6575
2023-05-23,5240.8524
2023-05-22,5293.0814
2023-05-19,5349.3907
2023-05-18,5355.9194
2023-05-17,5255.5418
2023-05-16,5242.4845
2023-05-15,5292.2653
2023-05-12,5262.0704
2023-05-11,5316.7476
2023-05-10,5479.9632
2023-05-09,5464.7878
2023-05-08,5497.9011
2023-05-05,5445.3933
2023-05-04,5454.0341
2023-04-28,5493.9695
2023-04-27,5424.6938
2023-04-26,5495.5995
2023-04-25,5548.5751
2023-04-24,5562.4302
2023-04-21,5588.5105
2023-04-20,5644.746
2023-04-19,5654.5261
2023-04-18,5679.7914
2023-04-17,5711.5767
2023-04-14,5696.9065
2023-04-13,5627.6308
2023-04-12,5600.7356
2023-04-11,5603.9956
2023-04-10,5590.1405
2023-04-07,5615.884
2023-04-06,5572.5599
2023-04-04,5618.1433
2023-04-03,5624.4905
2023-03-31,5628.5574
2023-03-30,5665.9726
2023-03-29,5635.0644
2023-03-28,5638.3179
2023-03-27,5632.6242
2023-03-24,5674.1064
2023-03-23,5559.4205
2023-03-22,5537.4593
2023-03-21,5492.7237
2023-03-20,5418.7065
2023-03-17,5452.0549
2023-03-16,5387.7983
2023-03-15,5578.9415
2023-03-14,5568.3676
2023-03-13,5630.9975
2023-03-10,5595.209
2023-03-09,5636.6911
2023-03-08,5604.9695
2023-03-07,5661.9057
2023-03-06,5639.7806
2023-03-03,5680.7807
2023-03-02,5679.4777
2023-03-01,5703.076
2023-02-28,5619.2551
2023-02-27,5558.2205
2023-02-24,5664.8276
2023-02-23,5697.3794
2023-02-22,5712.8415
2023-02-21,5716.9105
2023-02-20,5655.8759
2023-02-17,5612.7447
2023-02-16,5581.0067
2023-02-15,5591.5861
2023-02-14,5591.5861
2023-02-13,5549.2687
2023-02-10,5575.3102
2023-02-09,5591.5861
2023-02-08,5589.9585
2023-02-07,5556.5929
2023-02-06,5561.1503
2023-02-03,5606.3987
2023-02-02,5620.8845
2023-02-01,5672.6464
2023-01-31,5635.2086
2023-01-30,5642.5334
2023-01-20,5731.2448
2023-01-19,5671.0187
2023-01-18,5721.4784
2023-01-17,5566.8438
2023-01-16,5586.3766
2023-01-13,5585.5628
2023-01-12,5588.0044
2023-01-11,5534.2892
2023-01-10,5419.5341
2023-01-09,5378.8408
2023-01-06,5305.5928
2023-01-05,5226.6478
2023-01-04,5251.0638
2023-01-03,5353.6109
2022-12-30,5392.6765
2022-12-29,5408.14
2022-12-28,5408.14
2022-12-27,5451.8816
2022-12-26,5420.6811
2022-12-23,5368.1329
2022-12-22,5405.0809
2022-12-21,5399.0044
2022-12-20,5338.3983
2022-12-19,5346.4472
2022-12-16,5362.2145
2022-12-15,5419.7226
2022-12-14,5464.9075
2022-12-13,5426.2949
2022-12-12,5423.8303
2022-12-09,5516.6647
2022-12-08,5450.1197
2022-12-07,5374.5377
2022-12-06,5404.2756
2022-12-05,5445.5168
2022-12-02,5442.8876
2022-12-01,5413.8006
2022-11-30,5314.3819
2022-11-29,5347.2476
2022-11-28,5269.1915
2022-11-25,5354.6423
2022-11-24,5339.8528
2022-11-23,5316.8468
2022-11-22,5264.2617
2022-11-21,5316.8468
2022-11-18,5374.3617
2022-11-17,5441.7364
2022-11-16,5456.526
2022-11-15,5494.3215
2022-11-14,5486.9267
2022-11-11,5536.2253
2022-11-10,5440.0931
2022-11-09,5414.6222
2022-11-08,5334.1013
2022-11-07,5329.1714
2022-11-04,5203.2874
2022-11-03,5134.1879
2022-11-02,5151.4574
2022-11-01,5133.4157
2022-10-31,5028.8836
2022-10-28,5091.2787
2022-10-27,5141.5189
2022-10-26,5084.7961
2022-10-25,5109.9162
2022-10-24,5092.0891
2022-10-21,5006.1945
2022-10-20,4960.8162
2022-10-19,4956.7646
2022-10-18,5014.2978
2022-10-17,5028.8836
2022-10-14,5063.7276
2022-10-13,4967.5483
2022-10-12,4997.6388
2022-10-11,4969.7372
2022-10-10,4882.2793
2022-09-30,4887.0611
2022-09-29,4851.1972
2022-09-28,4783.4542
2022-09-27,4819.3181
2022-09-26,4761.1388
2022-09-23,4901.4067
2022-09-22,4931.6918
2022-09-21,4965.9618
2022-09-20,4947.6314
2022-09-19,4921.3311
2022-09-16,4892.64
2022-09-15,4910.9704
2022-09-14,4923.7221
2022-09-13,4998.6379
2022-09-09,4992.2621
2022-09-08,4837.6486
2022-09-07,4794.6118
2022-09-06,4879.9369
2022-09-05,4799.8168
2022-09-02,4717.236
2022-09-01,4808.1343
2022-08-31,4917.4821
2022-08-30,4928.5754
2022-08-29,4956.3085
2022-08-26,5046.6393
2022-08-25,4974.5332
2022-08-24,4996.7197
2022-08-23,4960.2704
2022-08-22,4941.2534
2022-08-19,4874.6939
2022-08-18,4813.6809
2022-08-17,4879.4481
2022-08-16,4890.5414
2022-08-15,4847.7531
2022-08-12,4961.8552
2022-08-11,4944.4229
2022-08-10,4814.4733
2022-08-09,4827.9437
2022-08-08,4802.5877
2022-08-05,4755.8375
2022-08-04,4630.4438
2022-08-03,4712.8419
2022-08-02,4750.6035
2022-08-01,4797.4841
2022-07-29,4739.1321
2022-07-28,4730.4581
2022-07-27,4604.2915
2022-07-26,4643.7186
2022-07-25,4495.4729
2022-07-22,4475.7593
2022-07-21,4418.1958
2022-07-20,4471.8166
2022-07-19,4400.0594
2022-07-18,4430.024
2022-07-15,4208.4439
2022-07-14,4370.0948
2022-07-13,4410.3104
2022-07-12,4512.8208
2022-07-11,4609.0228
2022-07-08,4640.5644
2022-07-07,4618.4853
2022-07-06,4543.1186
2022-07-05,4733.7447
2022-07-04,4777.4053
2022-07-01,4853.5093
2022-06-30,5028.3396
2022-06-29,4998.4136
2022-06-28,5110.242
2022-06-27,5020.4643
2022-06-24,4996.0511
2022-06-23,5212.6201
2022-06-22,5259.084
2022-06-21,5335.4738
2022-06-20,5334.6863
2022-06-17,5475.6531
2022-06-16,5539.4425
2022-06-15,5552.0429
2022-06-14,5621.345
2022-06-13,5631.5828
2022-06-10,5706.3976
2022-06-09,5722.148
2022-06-08,5723.7231
2022-06-07,5692.7014
2022-06-06,5708.1217
2022-06-02,5664.2407
2022-06-01,5622.4341
2022-05-31,5663.2675
2022-05-30,5649.9181
2022-05-27,5645.9918
2022-05-26,5581.6008
2022-05-25,5616.9373
2022-05-24,5612.2258
2022-05-23,5631.072
2022-05-20,5620.0784
2022-05-19,5587.8829
2022-05-18,5575.3188
2022-05-17,5614.5816
2022-05-16,5575.3188
2022-05-13,5552.5463
2022-05-12,5533.7002
2022-05-11,5591.745
2022-05-10,5602.2437
2022-05-09,5580.3268
2022-05-06,5629.279
2022-05-05,5685.7369
2022-04-29,5751.3776
2022-04-28,5729.4974
2022-04-27,5729.4974
2022-04-26,5724.8088
2022-04-25,5731.0603
2022-04-22,5855.3088
2022-04-21,5807.6411
2022-04-20,5809.9854
2022-04-19,5852.9645
2022-04-18,5826.3956
2022-04-15,5840.4615
2022-04-14,5777.9465
2022-04-13,5770.1321
2022-04-12,5720.9016
2022-04-11,5715.4315
2022-04-08,5759.3378
2022-04-07,5730.5913
2022-04-06,5754.4887
2022-04-01,5710.6088
2022-03-31,5723.0978
2022-03-30,5792.5681
2022-03-29,5742.6119
2022-03-28,5693.4364
2022-03-25,5741.8314
2022-03-24,5743.3925
2022-03-23,5712.1699
2022-03-22,5707.4865
2022-03-21,5688.753
2022-03-18,5680.9474
2022-03-17,5634.8941
2022-03-16,5618.5022
2022-03-15,5557.6182
2022-03-14,5596.6464
2022-03-11,5627.0884
2022-03-10,5607.5743
2022-03-09,5673.9223
2022-03-08,5776.9568
2022-03-07,5854.2326
2022-03-04,5690.4615
2022-03-03,5702.1702
2022-03-02,5583.9638
2022-03-01,5546.7997
2022-02-28,5542.1155
2022-02-25,5518.6948
2022-02-24,5540.5541
2022-02-23,5572.5624
2022-02-22,5549.9224
2022-02-21,5581.15
2022-02-18,5610.8162
2022-02-17,5554.6065
2022-02-16,5582.7114
2022-02-15,5548.361
2022-02-14,5572.5624
2022-02-11,5581.9307
2022-02-10,5697.322
2022-02-09,5496.8684
2022-02-08,5508.4196
2022-02-07,5497.0251
2022-01-28,5486.0982
2022-01-27,5446.293
2022-01-26,5520.44
2022-01-25,5429.9026
2022-01-24,5500.9276
2022-01-21,5564.1477
2022-01-20,5555.5622
2022-01-19,5465.0248
2022-01-18,5471.2688
2022-01-17,5478.2933
2022-01-14,5582.8796
2022-01-13,5580.5381
2022-01-12,5557.1232
2022-01-11,5446.293
2022-01-10,5450.1954
2022-01-07,5427.4018
2022-01-06,5429.2729
2022-01-05,5477.0615
2022-01-04,5447.3823
2021-12-31,5498.161
2021-12-30,5469.2562
2021-12-29,5484.0992
2021-12-28,5503.6295
2021-12-27,5431.7581
2021-12-24,5448.9448
2021-12-23,5482.5368
2021-12-22,5444.2575
2021-12-21,5408.3218
2021-12-20,5351.2934
2021-12-17,5408.3218
2021-12-16,5341.9189
2021-12-15,5295.8275
2021-12-14,5373.1673
2021-12-13,5429.4145
2021-12-10,5420.04
2021-12-09,5432.5393
2021-12-08,5421.6024
2021-12-07,5414.5715
2021-12-06,5381.1419
2021-12-03,5413.6118
2021-12-02,5348.2346
2021-12-01,5428.3778
2021-11-30,5412.7902
2021-11-29,5473.5818
2021-11-26,5499.3013
2021-11-25,5609.1938
2021-11-24,5550.7403
2021-11-23,5513.3301
2021-11-22,5469.6849
2021-11-19,5495.4044
2021-11-18,5331.7347
2021-11-17,5438.5097
2021-11-16,5456.4354
2021-11-15,5493.8456
2021-11-12,5478.258
2021-11-11,5465.788
2021-11-10,5455.656
2021-11-09,5475.9199
2021-11-08,5427.5984
2021-11-05,5398.7613
2021-11-04,5440.4958
2021-11-03,5538.9828
2021-11-02,5408.5436
2021-11-01,5447.0791
2021-10-29,5478.1432
2021-10-28,5522.4094
2021-10-27,5479.6964
2021-10-26,5591.5269
2021-10-25,5600.0695
2021-10-22,5621.8143
2021-10-21,5638.123
2021-10-20,5687.8254
2021-10-19,5877.3161
2021-10-18,5916.9227
2021-10-15,5728.2087
2021-10-14,5619.4845
2021-10-13,5431.6078
2021-10-12,5398.5511
2021-10-11,5443.8446
2021-10-08,5334.2335
2021-09-30,5265.2697
2021-09-29,5297.0396
2021-09-28,5364.4536
2021-09-27,5367.5531
2021-09-24,5353.6054
2021-09-23,5307.8878
2021-09-22,5317.1863
2021-09-17,5356.7049
2021-09-16,5386.925
2021-09-15,5400.8727
2021-09-14,5405.5219
2021-09-13,5533.3762
2021-09-10,5421.7943
2021-09-09,5365.2285
2021-09-08,5315.6365
2021-09-07,5348.1812
2021-09-06,5381.6509
2021-09-03,5349.1165
2021-09-02,5342.7649
2021-09-01,5333.1633
2021-08-31,5426.0486
2021-08-30,5428.3707
2021-08-27,5350.9663
2021-08-26,5309.1679
2021-08-25,5348.6442
2021-08-24,5306.8458
2021-08-23,5234.0856
2021-08-20,5189.9651
2021-08-19,5155.9072
2021-08-18,5309.942
2021-08-17,5388.8945
2021-08-16,5388.1204
2021-08-13,5415.2119
2021-08-12,5452.3661
2021-08-11,5405.1494
2021-08-10,5385.0242
2021-08-09,5378.0578
2021-08-06,5446.1737
2021-08-05,5362.7241
2021-08-04,5431.0148
2021-08-03,5457.1876
2021-08-02,5537.5787
2021-07-30,5563.9186
2021-07-29,5547.6498
2021-07-28,5566.2427
2021-07-27,5560.0451
2021-07-26,5482.5748
2021-07-23,5404.3297
2021-07-22,5345.4523
2021-07-21,5272.6302
2021-07-20,5284.2507
2021-07-19,5330.7329
2021-07-16,5377.2151
2021-07-15,5336.9305
2021-07-14,5343.9029
2021-07-13,5369.4681
2021-07-12,5352.4246
2021-07-09,5347.7764
2021-07-08,5336.1558
2021-07-07,5362.4958
2021-07-06,5439.8355
2021-07-05,5397.1964
2021-07-02,5298.8519
2021-07-01,5298.8519
2021-06-30,5308.9435
2021-06-29,5290.3129
2021-06-28,5327.5741
2021-06-25,5333.008
2021-06-24,5315.93
2021-06-23,5324.469
2021-06-22,5237.5262
2021-06-21,5163.7801
2021-06-18,5230.5397
2021-06-17,5351.6386
2021-06-16,5326.7978
2021-06-15,5468.8561
2021-06-11,5589.1787
2021-06-10,5549.5887
2021-06-09,5566.6667
2021-06-08,5558.904
2021-06-07,5555.7989
2021-06-04,5519.1399
2021-06-03,5684.967
2021-06-02,5735.0445
2021-06-01,5771.9211
2021-05-31,5755.5767
2021-05-28,5708.8783
2021-05-27,5599.1371
2021-05-26,5586.6842
2021-05-25,5621.708
2021-05-24,5575.7879
2021-05-21,5616.2598
2021-05-20,5735.3407
2021-05-19,5785.1523
2021-05-18,5939.257
2021-05-17,5832.629
2021-05-14,5817.8412
2021-05-13,5926.8041
2021-05-12,6017.0877
2021-05-11,5930.9585
2021-05-10,6068.2421
2021-05-07,5846.1868
2021-05-06,5716.2203
2021-04-30,5610.8557
2021-04-29,5649.0992
2021-04-28,5567.9295
2021-04-27,5656.9039
2021-04-26,5539.8322
2021-04-23,5419.6386
2021-04-22,5397.0048
2021-04-21,5363.4442
2021-04-20,5420.4191
2021-04-19,5436.8092
2021-04-16,5349.3956
2021-04-15,5310.3717
2021-04-14,5176.91
2021-04-13,5145.6909
2021-04-12,5132.4228
2021-04-09,5215.1534
2021-04-08,5226.8606
2021-04-07,5232.0131
2021-04-06,5241.0732
2021-04-02,5245.7632
2021-04-01,5089.2738
2021-03-31,5129.1498
2021-03-30,5151.0425
2021-03-29,5187.0091
2021-03-26,5173.7171
2021-03-25,5126.0222
2021-03-24,5197.9554
2021-03-23,5241.7409
2021-03-22,5222.9757
2021-03-19,5161.9888
2021-03-18,5232.3583
2021-03-17,5233.922
2021-03-16,5218.2844
2021-03-15,5279.2712
2021-03-12,5232.3583
2021-03-11,5266.7611
2021-03-10,5113.5121
2021-03-09,5169.8077
2021-03-08,5150.2606
2021-03-05,5161.207
2021-03-04,5203.4401
2021-03-03,5309.0517
2021-03-02,5227.5141
2021-03-01,5279.4826
2021-02-26,5318.6189
2021-02-25,5490.8185
2021-02-24,5315.488
2021-02-23,5318.6189
2021-02-22,5273.2208
2021-02-19,5034.4896
2021-02-18,4957.7825
2021-02-10,4762.1012
2021-02-09,4669.7396
2021-02-08,4607.1215
2021-02-05,4560.158
2021-02-04,4529.6265
2021-02-03,4465.4209
2021-02-02,4488.6017
2021-02-01,4536.536
2021-01-29,4508.3344
2021-01-28,4524.7854
2021-01-27,4599.9895
2021-01-26,4580.4051
2021-01-25,4628.9745
2021-01-22,4607.0399
2021-01-21,4648.5589
2021-01-20,4631.3246
2021-01-19,4613.307
2021-01-18,4643.8587
2021-01-15,4597.6394
2021-01-14,4601.5563
2021-01-13,4604.6898
2021-01-12,4599.2062
2021-01-11,4596.0727
2021-01-08,4733.1636
2021-01-07,4662.1629
2021-01-06,4630.4894
2021-01-05,4558.9732
2021-01-04,4562.7382
2020-12-31,4530.5731
2020-12-30,4587.8427
2020-12-29,4564.3073
2020-12-28,4610.5936
2020-12-25,4594.1188
2020-12-24,4560.3847
2020-12-23,4538.4183
2020-12-22,4542.3408
2020-12-21,4650.6039
2020-12-18,4656.88
2020-12-17,4607.4556
2020-12-16,4545.4789
2020-12-15,4529.0041
2020-12-14,4539.9873
2020-12-11,4542.3408
2020-12-10,4512.5293
2020-12-09,4495.27
2020-12-08,4467.0274
2020-12-07,4473.3035
2020-12-04,4505.6244
2020-12-03,4460.598
2020-12-02,4485.2276
2020-12-01,4473.6203
2020-11-30,4523.8152
2020-11-27,4401.4652
2020-11-26,4337.9373
2020-11-25,4278.3308
2020-11-24,4295.5853
2020-11-23,4232.8417
2020-11-20,4197.5484
2020-11-19,4135.5891
2020-11-18,4156.765
2020-11-17,4149.7064
2020-11-16,4214.0186
2020-11-13,4095.59
2020-11-12,4067.3554
2020-11-11,4077.5512
2020-11-10,4047.748
2020-11-09,4068.924
2020-11-06,4036.7679
2020-11-05,4035.356
2020-11-04,4050.7322
2020-11-03,4064.3848
2020-11-02,4007.5773
2020-10-30,3997.3759
2020-10-29,4038.9662
2020-10-28,4068.0009
2020-10-27,4053.0912
2020-10-26,4065.6468
2020-10-23,4076.6329
2020-10-22,4107.2371
2020-10-21,4100.1746
2020-10-20,4033.4732
2020-10-19,4016.994
2020-10-16,4040.5357
2020-10-15,4024.0565
2020-10-14,4046.0304
2020-10-13,4031.4324
2020-10-12,4044.3042
2020-10-09,4037.3966
2020-09-30,3997.368
2020-09-29,3998.1529
2020-09-28,4020.1294
2020-09-25,4006.0016
2020-09-24,3974.6066
2020-09-23,4038.9664
2020-09-22,4066.437
2020-09-21,4096.2622
2020-09-18,4107.2505
2020-09-17,4031.1176
2020-09-16,4060.9429
2020-09-15,4097.0471
2020-09-14,4092.3379
2020-09-11,4057.8034
2020-09-10,4062.5126
2020-09-09,4069.5765
2020-09-08,4129.227
2020-09-07,4103.3261
2020-09-04,4053.2431
2020-09-03,4062.8193
2020-09-02,4087.1523
2020-09-01,4159.3662
2020-08-31,4080.0879
2020-08-28,4080.8728
2020-08-27,4041.6261
2020-08-26,4037.7014
2020-08-25,4013.3685
2020-08-24,4045.5508
2020-08-21,4065.9591
2020-08-20,4084.7975
2020-08-19,4102.066
2020-08-18,3993.7451
2020-08-17,3980.4012
2020-08-14,3932.5203
2020-08-13,3960.7779
2020-08-12,3915.2517
2020-08-11,3949.7888
2020-08-10,3943.5093
2020-08-07,4027.4973
2020-08-06,4034.0909
2020-08-05,4030.6372
2020-08-04,4045.8649
2020-08-03,4006.459
2020-07-31,4066.8894
2020-07-30,4056.6868
2020-07-29,4071.5983
2020-07-28,4043.3451
2020-07-27,4049.6236
2020-07-24,4019.8007
2020-07-23,4078.6615
2020-07-22,4113.1932
2020-07-21,4070.8134
2020-07-20,4023.7248
2020-07-17,4034.7121
2020-07-16,3971.9273
2020-07-15,4091.2185
2020-07-14,4095.9274
2020-07-13,4150.0793
2020-07-10,3956.2311
2020-07-09,3976.6361
2020-07-08,3902.8639
2020-07-07,3867.5475
2020-07-06,3844.9526
2020-07-03,3833.4998
2020-07-02,3873.8113
2020-07-01,3868.7925
2020-06-30,3824.8913
2020-06-29,3792.7494
2020-06-24,3751.984
2020-06-23,3751.2
2020-06-22,3721.4099
2020-06-19,3737.8729
2020-06-18,3665.7495
2020-06-17,3655.5581
2020-06-16,3684.5643
2020-06-15,3617.1446
2020-06-12,3665.7495
2020-06-11,3673.589
2020-06-10,3668.1013
2020-06-09,3622.6323
2020-06-08,3585.0027
2020-06-05,3541.1015
2020-06-04,3502.5398
2020-06-03,3510.2189
2020-06-02,3488.439
2020-06-01,3491.5716
2020-05-29,3439.9026
2020-05-28,3421.1138
2020-05-27,3416.4167
2020-05-26,3433.6397
2020-05-25,3417.1995
2020-05-22,3386.6678
2020-05-21,3456.3427
2020-05-20,3423.4624
2020-05-19,3420.331
2020-05-18,3375.7077
2020-05-15,3361.6162
2020-05-14,3345.1761
2020-05-13,3355.3533
2020-05-12,3354.5704
2020-05-11,3393.055
2020-05-08,3393.367
2020-05-07,3362.7508
2020-05-06,3332.1529
2020-04-30,3349.3128
2020-04-29,3315.7729
2020-04-28,3299.3929
2020-04-27,3314.2129
2020-04-24,3258.833
2020-04-23,3272.093
2020-04-22,3205.0131
2020-04-21,3232.3131
2020-04-20,3301.7329
2020-04-17,3297.8329
2020-04-16,3241.6731
2020-04-15,3241.6731
2020-04-14,3256.493
2020-04-13,3258.833
2020-04-10,3254.153
2020-04-09,3176.1532
2020-04-08,3176.9332
2020-04-07,3161.1836
2020-04-03,3108.4942
2020-04-02,3087.9265
2020-04-01,3037.2945
2020-03-31,3048.9764
2020-03-30,3015.4883
2020-03-27,3051.3128
2020-03-26,3027.1702
2020-03-25,3065.331
2020-03-24,2974.991
2020-03-23,2897.1117
2020-03-20,3030.2853
2020-03-19,2925.927
2020-03-18,3112.0587
2020-03-17,3319.9965
2020-03-16,3319.9965
2020-03-13,3399.4334
2020-03-12,3383.8576
2020-03-11,3449.2762
2020-03-10,3481.9855
2020-03-09,3418.1245
2020-03-06,3505.3494
2020-03-05,3539.9436
2020-03-04,3536.825
2020-03-03,3562.7265
2020-03-02,3532.5966
2020-02-28,3466.9901
2020-02-27,3548.9982
2020-02-26,3563.8378
2020-02-25,3588.8307
2020-02-24,3592.7359
2020-02-21,3591.9548
2020-02-20,3626.3201
2020-02-19,3623.9771
2020-02-18,3613.8237
2020-02-17,3631.0063
2020-02-14,3602.1082
2020-02-13,3584.1445
2020-02-12,3570.086
2020-02-11,3570.867
2020-02-10,3558.3706
2020-02-07,3579.4584
2020-02-06,3605.5614
2020-02-05,3568.1847
2020-02-04,3544.8703
2020-02-03,3527.8047
2020-01-23,3761.2163
2020-01-22,3801.9458
2020-01-21,3792.5467
2020-01-20,3845.8084
2020-01-17,3857.5573
2020-01-16,3853.641
2020-01-15,3858.3406
2020-01-14,3862.2569
2020-01-13,3833.2762
2020-01-10,3838.7591
2020-01-09,3834.8428
2020-01-08,3827.0101
2020-01-07,3838.6082
2020-01-06,3819.9473
2020-01-03,3830.4589
2020-01-02,3865.7779
2019-12-31,3859.4959
2019-12-30,3887.7648
2019-12-27,3905.0403
2019-12-26,3898.7583
2019-12-25,3894.8321
2019-12-24,3894.0468
2019-12-23,3851.6434
2019-12-20,3850.0729
2019-12-19,3856.3549
2019-12-18,3853.2139
2019-12-17,3868.1336
2019-12-16,3855.5696
2019-12-13,3848.5024
2019-12-12,3850.0729
2019-12-11,3847.7172
2019-12-10,3823.3745
2019-12-09,3803.7432
2019-12-06,3722.0774
2019-12-05,3713.2794
2019-12-04,3695.5204
2019-12-03,3702.7528
2019-12-02,3720.522
2019-11-29,3722.0952
2019-11-28,3724.4549
2019-11-27,3726.8146
2019-11-26,3702.4307
2019-11-25,3704.7904
2019-11-22,3686.6991
2019-11-21,3705.577
2019-11-20,3700.8575
2019-11-19,3688.2722
2019-11-18,3695.3515
2019-11-15,3691.4186
2019-11-14,3699.2844
2019-11-13,3699.2844
2019-11-12,3718.1623
2019-11-11,3710.2965
2019-11-08,3723.6683
2019-11-07,3716.5891
2019-11-06,3720.366
2019-11-05,3724.6177
2019-11-04,3708.0778
2019-11-01,3713.9092
2019-10-31,3730.461
2019-10-30,3744.6483
2019-10-29,3731.2492
2019-10-28,3738.3428
2019-10-25,3735.1901
2019-10-24,3732.8256
2019-10-23,3698.9338
2019-10-22,3713.9092
2019-10-21,3706.0274
2019-10-18,3670.5593
2019-10-17,3676.8647
2019-10-16,3684.7465
2019-10-15,3701.2983
2019-10-14,3702.0865
2019-10-11,3697.3566
2019-10-10,3681.7454
2019-10-09,3675.5948
2019-10-08,3689.1589
2019-09-30,3727.0207
2019-09-27,3700.9907
2019-09-26,3716.7664
2019-09-25,3707.301
2019-09-24,3716.7664
2019-09-23,3697.0467
2019-09-20,3717.5552
2019-09-19,3712.8225
2019-09-18,3731.7534
2019-09-17,3734.1198
2019-09-16,3751.4731
2019-09-12,3745.9516
2019-09-11,3730.1758
2019-09-10,3741.2188
2019-09-09,3740.4301
2019-09-06,3742.7964
2019-09-05,3706.5091
2019-09-04,3678.4236
2019-09-03,3659.3306
2019-09-02,3680.9505
2019-08-30,3684.8966
2019-08-29,3673.8475
2019-08-28,3674.6367
2019-08-27,3660.4306
2019-08-26,3632.0185
2019-08-23,3662.0091
2019-08-22,3654.9061
2019-08-21,3664.3768
2019-08-20,3679.3721
2019-08-19,3678.5828
2019-08-16,3673.8475
2019-08-15,3665.166
2019-08-14,3676.2152
2019-08-13,3674.6367
2019-08-12,3689.632
2019-08-09,3684.1074
2019-08-08,3670.6906
2019-08-07,3627.2831
2019-08-06,3645.2797
2019-08-05,3639.1214
2019-08-02,3668.8133
2019-08-01,3683.0304
2019-07-31,3690.9305
2019-07-30,3732.0111
2019-07-29,3705.1507
2019-07-26,3717.0009
2019-07-25,3714.6308
2019-07-24,3720.1609
2019-07-23,3736.7511
2019-07-22,3745.4413
2019-07-19,3789.6819
2019-07-18,3695.6706
2019-07-17,3701.9907
2019-07-16,3705.9407
2019-07-15,3705.9407
2019-07-12,3686.9805
2019-07-11,3680.6604
2019-07-10,3640.3698
2019-07-09,3649.0599
2019-07-08,3664.8602
2019-07-05,3659.3301
2019-07-04,3666.125
2019-07-03,3657.2734
2019-07-02,3685.731
2019-07-01,3745.1858
2019-06-28,3717.5081
2019-06-27,3723.8344
2019-06-26,3733.3239
2019-06-25,3723.8344
2019-06-24,3696.9476
2019-06-21,3704.8555
2019-06-20,3711.1818
2019-06-19,3704.0647
2019-06-18,3663.7343
2019-06-17,3649.5001
2019-06-14,3664.5251
2019-06-13,3658.9896
2019-06-12,3675.5962
2019-06-11,3708.8094
2019-06-10,3658.1988
2019-06-06,3639.219
2019-06-05,3679.5516
2019-06-04,3660.2497
2019-06-03,3649.9652
2019-05-31,3653.9213
2019-05-30,3683.197
2019-05-29,3703.7691
2019-05-28,3729.0886
2019-05-27,3740.9571
2019-05-24,3732.2536
2019-05-23,3693.4831
2019-05-22,3731.4623
2019-05-21,3774.189
2019-05-20,3767.8591
2019-05-17,3768.6504
2019-05-16,3781.3101
2019-05-15,3776.5627
2019-05-14,3757.5731
2019-05-13,3771.0241
2019-05-10,3778.9364
2019-05-09,3763.5851
2019-05-08,3785.4241
2019-05-07,3820.7146
2019-05-06,3798.4017
2019-04-30,3871.1892
2019-04-29,3864.8599
2019-04-26,3874.3539
2019-04-25,3890.9684
2019-04-24,3873.5627
2019-04-23,3889.3861
2019-04-22,3896.5066
2019-04-19,3918.6594
2019-04-18,3916.2858
2019-04-17,3917.077
2019-04-16,3914.7035
2019-04-15,3908.3742
2019-04-12,3898.8801
2019-04-11,3898.089
2019-04-10,3921.824
2019-04-09,3946.3503
2019-04-08,3901.2536
2019-04-04,3926.2575
2019-04-03,3923.5669
2019-04-02,3906.4572
2019-04-01,3921.0385
2019-03-29,3868.7157
2019-03-28,3833.8338
2019-03-27,3836.2121
2019-03-26,3823.5278
2019-03-25,3814.8074
2019-03-22,3879.8145
2019-03-21,3917.8674
2019-03-20,3899.6337
2019-03-19,3910.7325
2019-03-18,3912.318
2019-03-15,3909.9397
2019-03-14,3893.2916
2019-03-13,3911.5253
2019-03-12,3920.2457
2019-03-11,3899.6337
2019-03-08,3887.7422
2019-03-07,3901.2192
2019-03-06,3918.3071
2019-03-05,3924.3227
2019-03-04,3944.3755
2019-03-01,3983.9804
2019-02-28,3957.1576
2019-02-27,3950.8463
2019-02-26,3959.5243
2019-02-25,3985.5582
2019-02-22,3938.2238
2019-02-21,3918.5011
2019-02-20,3921.6567
2019-02-19,3894.045
2019-02-18,3883.7892
2019-02-15,3802.5318
2019-02-14,3825.4101
2019-02-13,3808.6745
2019-02-12,3807.4112
2019-02-11,3812.4715
2019-02-01,3818.6398
2019-01-31,3804.4
2019-01-30,3773.5471
2019-01-29,3764.0539
2019-01-28,3760.8895
2019-01-25,3748.2319
2019-01-24,3743.4853
2019-01-23,3760.8895
2019-01-22,3760.0984
2019-01-21,3781.4581
2019-01-18,3786.2047
2019-01-17,3748.2319
2019-01-16,3748.2319
2019-01-15,3718.1701
2019-01-14,3709.468
2019-01-11,3743.4853
2019-01-10,3758.5162
2019-01-09,3771.9649
2019-01-08,3745.0675
2019-01-07,3752.3453
2019-01-04,3730.0388
2019-01-03,3742.5346
2019-01-02,3769.5793
2018-12-28,3821.7589
2018-12-27,3817.0153
2018-12-26,3798.0409
2018-12-25,3795.6691
2018-12-24,3802.7845
2018-12-21,3827.2931
2018-12-20,3812.2717
2018-12-19,3801.9939
2018-12-18,3868.4043
2018-12-17,3892.1222
2018-12-14,3865.2419
2018-12-13,3900.8188
2018-12-12,3880.2633
2018-12-11,3881.0539
2018-12-10,3868.4043
2018-12-07,3888.1693
2018-12-06,3872.3611
2018-12-05,3900.9671
2018-12-04,3923.5636
2018-12-03,3970.6524
2018-11-30,3928.7729
2018-11-29,3916.1301
2018-11-28,3894.005
2018-11-27,3862.3978
2018-11-26,3895.5854
2018-11-23,3903.4872
2018-11-22,3916.9202
2018-11-21,3904.2774
2018-11-20,3917.7104
2018-11-19,3933.514
2018-11-16,3917.7104
2018-11-15,3912.9693
2018-11-14,3857.6568
2018-11-13,3879.7818
2018-11-12,3865.5586
2018-11-09,3886.1032
2018-11-08,3901.1166
2018-11-07,3909.0184
2018-11-06,3924.1854
2018-11-05,3933.5031
2018-11-02,3936.3458
2018-11-01,3844.7992
2018-10-31,3870.8362
2018-10-30,3921.3322
2018-10-29,3926.8552
2018-10-26,3925.2772
2018-10-25,3926.0662
2018-10-24,3971.0393
2018-10-23,3949.7363
2018-10-22,3985.2413
2018-10-19,3957.6263
2018-10-18,3943.4243
2018-10-17,3957.6263
2018-10-16,3949.7363
2018-10-15,3982.0853
2018-10-12,3996.2873
2018-10-11,3931.6275
2018-10-10,3996.7232
2018-10-09,3974.5065
2018-10-08,3935.292
2018-09-28,3947.8824
2018-09-27,3944.7348
2018-09-26,3976.2109
2018-09-25,3962.8336
2018-09-21,3914.0457
2018-09-20,3882.5697
2018-09-19,3906.1767
2018-09-18,3830.6342
2018-09-17,3771.6166
2018-09-14,3810.1748
2018-09-13,3825.9128
2018-09-12,3755.8786
2018-09-11,3770.0428
2018-09-10,3734.6323
2018-09-07,3742.5013
2018-09-06,3736.2102
2018-09-05,3730.8623
2018-09-04,3752.0827
2018-09-03,3783.979
2018-08-31,3816.1864
2018-08-30,3833.4685
2018-08-29,3835.8251
2018-08-28,3821.6853
2018-08-27,3832.6829
2018-08-24,3810.6876
2018-08-23,3769.8392
2018-08-22,3793.4056
2018-08-21,3825.613
2018-08-20,3790.2634
2018-08-17,3747.0583
2018-08-16,3737.6318
2018-08-15,3813.8298
2018-08-14,3890.0278
2018-08-13,3906.5243
2018-08-10,3896.3122
2018-08-09,3923.8063
2018-08-08,3890.8134
2018-08-07,3892.3845
2018-08-06,3878.2406
2018-08-03,3873.21
2018-08-02,3881.5445
2018-08-01,3920.2369
2018-07-31,3921.0237
2018-07-30,3884.0404
2018-07-27,3941.4826
2018-07-26,3945.417
2018-07-25,3927.3188
2018-07-24,3880.106
2018-07-23,3857.2864
2018-07-20,3823.4506
2018-07-19,3829.7456
2018-07-18,3797.4836
2018-07-17,3840.762
2018-07-16,3833.68
2018-07-13,3833.68
2018-07-12,3855.7127
2018-07-11,3786.4672
2018-07-10,3915.5156
2018-07-09,3933.6138
2018-07-06,3868.3028
2018-07-05,3889.2401
2018-07-04,3951.762
2018-07-03,4057.8102
2018-07-02,4040.6216
2018-06-29,4076.1279
2018-06-28,4074.5498
2018-06-27,4061.9254
2018-06-26,4073.7608
2018-06-25,4077.706
2018-06-22,4092.6975
2018-06-21,4085.5962
2018-06-20,4101.3768
2018-06-19,4077.706
2018-06-15,4233.9339
2018-06-14,4231.5668
2018-06-13,4223.6765
2018-06-12,4258.3938
2018-06-11,4273.3853
2018-06-08,4243.4022
2018-06-07,4273.3853
2018-06-06,4207.0503
2018-06-05,4149.9673
2018-06-04,4102.6493
2018-06-01,4079.8397
2018-05-31,4071.9146
2018-05-30,4024.364
2018-05-29,4098.0674
2018-05-28,4090.1423
2018-05-25,4080.6322
2018-05-24,4075.8772
2018-05-23,4102.8225
2018-05-22,4076.6697
2018-05-21,4071.1221
2018-05-18,4064.782
2018-05-17,4045.7618
2018-05-16,4043.3843
2018-05-15,4058.442
2018-05-14,4086.1798
2018-05-11,4076.6697
2018-05-10,4047.3468
2018-05-09,4031.4966
2018-05-08,4071.1221
2018-05-07,4068.9018
2018-05-04,4080.0139
2018-05-03,4061.1107
2018-05-02,4071.7605
2018-04-27,4101.1911
2018-04-26,4103.5773
2018-04-25,4100.3957
2018-04-24,4098.8048
2018-04-23,4125.0537
2018-04-20,4088.4643
2018-04-19,4131.4171
2018-04-18,4070.1697
2018-04-17,4042.3299
2018-04-16,4016.081
2018-04-13,4018.4673
2018-04-12,4026.4215
2018-04-11,4064.6017
2018-04-10,4070.1697
2018-04-09,4038.0097
2018-04-04,4011.7237
2018-04-03,4019.533
2018-04-02,4021.128
2018-03-30,4004.3699
2018-03-29,3980.4299
2018-03-28,3930.9538
2018-03-27,3959.6819
2018-03-26,3910.2058
2018-03-23,3998.7839
2018-03-22,4088.9581
2018-03-21,4036.29
2018-03-20,4104.9181
2018-03-19,4103.3221
2018-03-16,4159.1822
2018-03-15,4159.1822
2018-03-14,4175.9402
2018-03-13,4128.8581
2018-03-12,4146.4142
2018-03-09,4084.9681
2018-03-08,4151.2022
2018-03-07,4187.9102
2018-03-06,4199.7334
2018-03-05,4160.7274
2018-03-02,4191.9181
2018-03-01,4188.8778
2018-02-28,4212.9104
2018-02-27,4275.3951
2018-02-26,4293.8201
2018-02-23,4293.019
2018-02-22,4225.7278
2018-02-14,4228.9321
2018-02-13,4176.8616
2018-02-12,4142.4149
2018-02-09,4130.3986
2018-02-08,4175.2594
2018-02-07,4236.943
2018-02-06,4240.1495
2018-02-05,4262.932
2018-02-02,4300.8202
2018-02-01,4257.6108
2018-01-31,4276.8978
2018-01-30,4256.8072
2018-01-29,4307.4356
2018-01-26,4293.774
2018-01-25,4326.7226
2018-01-24,4237.5201
2018-01-23,4317.0791
2018-01-22,4331.5444
2018-01-19,4316.2755
2018-01-18,4313.061
2018-01-17,4305.8284
2018-01-16,4363.69
2018-01-15,4419.14
2018-01-12,4403.87
2018-01-11,4428.78
2018-01-10,4403.87
2018-01-09,4420.75
2018-01-08,4395.03
2018-01-05,4420.75
2018-01-04,4445.83
2018-01-03,4418.32
2018-01-02,4451.16
2017-12-29,4468.39
2017-12-28,4492.56
2017-12-27,4427.31
2017-12-26,4449.86
2017-12-25,4406.36
2017-12-22,4390.25
2017-12-21,4368.5
2017-12-20,4324.2
2017-12-19,4300.84
2017-12-18,4314.53
2017-12-15,4262.98
2017-12-14,4212.23
2017-12-13,4217.06
2017-12-12,4194.5
2017-12-11,4134.09
2017-12-08,4164.7
2017-12-07,4125.23
2017-12-06,4143.91
2017-12-05,4235.6
2017-12-04,4317.94
2017-12-01,4264.75
2017-11-30,4259.91
2017-11-29,4284.9
2017-11-28,4305.86
2017-11-27,4334.88
2017-11-24,4380.84
2017-11-23,4341.33
2017-11-22,4362.29
2017-11-21,4307.47
2017-11-20,4268.78
2017-11-17,4265.55
2017-11-16,4257.49
2017-11-15,4260.71
2017-11-14,4355.85
2017-11-13,4325.21
2017-11-10,4319.57
2017-11-09,4291.35
2017-11-08,4306.67
2017-11-07,4401.8
2017-11-06,4407.61
2017-11-03,4385.34
2017-11-02,4361.45
2017-11-01,4394.54
2017-10-31,4342.89
2017-10-30,4322.72
2017-10-27,4356.61
2017-10-26,4420.36
2017-10-25,4405.03
2017-10-24,4476.84
2017-10-23,4388.89
2017-10-20,4446.18
2017-10-19,4407.45
2017-10-18,4429.24
2017-10-17,4447.79
2017-10-16,4445.37
2017-10-13,4309.81
2017-10-12,4293.2
2017-10-11,4228.54
2017-10-10,4182.6
2017-10-09,4200.33
2017-09-29,4178.56
2017-09-28,4080.23
2017-09-27,4073.78
2017-09-26,4081.84
2017-09-25,4051.21
2017-09-22,4000.43
2017-09-21,4043.15
2017-09-20,4095.54
2017-09-19,4089.09
2017-09-18,4086.67
2017-09-15,4060.88
2017-09-14,4060.88
2017-09-13,4110.86
2017-09-12,4167.28
2017-09-11,4153.58
2017-09-08,4170.5
2017-09-07,4255.14
2017-09-06,4294.48
2017-09-05,4330.78
2017-09-04,4292.69
2017-09-01,4264.27
2017-08-31,4265.89
2017-08-30,4256.2
2017-08-29,4253.77
2017-08-28,4273.96
2017-08-25,4261.85
2017-08-24,4190.78
2017-08-23,4164.13
2017-08-22,4215.01
2017-08-21,4171.39
2017-08-18,4123.74
2017-08-17,4156.86
2017-08-16,4051.87
2017-08-15,4064.79
2017-08-14,4042.98
2017-08-11,4035.71
2017-08-10,4101.94
2017-08-09,4143.94
2017-08-08,4074.48
2017-08-07,4073.67
2017-08-04,4072.22
2017-08-03,4036.96
2017-08-02,4053.3
2017-08-01,4065.77
2017-07-31,4108.72
2017-07-28,4046.33
2017-07-27,4054.43
2017-07-26,4055.24
2017-07-25,3934.52
2017-07-24,3869.7
2017-07-21,3889.14
2017-07-20,3872.13
2017-07-19,3885.9
2017-07-18,3864.02
2017-07-17,3873.75
2017-07-14,3821.08
2017-07-13,3840.53
2017-07-12,3828.37
2017-07-11,3812.17
2017-07-10,3789.48
2017-07-07,3818.65
2017-07-06,3805.36
2017-07-05,3819.63
2017-07-04,3810.22
2017-07-03,3857.13
2017-06-30,3853.89
2017-06-29,3851.45
2017-06-28,3810.04
2017-06-27,3793.8
2017-06-26,3801.92
2017-06-23,3791.36
2017-06-22,3719.9
2017-06-21,3696.35
2017-06-20,3722.34
2017-06-19,3709.34
2017-06-16,3693.92
2017-06-15,3702.85
2017-06-14,3732.08
2017-06-13,3721.53
2017-06-12,3765.37
2017-06-09,3729.65
2017-06-08,3675.24
2017-06-07,3644.38
2017-06-06,3647.47
2017-06-05,3676.71
2017-06-02,3684.35
2017-06-01,3684.51
2017-05-31,3675.57
2017-05-26,3738.14
2017-05-25,3735.71
2017-05-24,3720.27
2017-05-23,3719.45
2017-05-22,3721.89
2017-05-19,3681.26
2017-05-18,3653.63
2017-05-17,3688.57
2017-05-16,3670.69
2017-05-15,3691.82
2017-05-12,3651.19
2017-05-11,3678.82
2017-05-10,3645.5
2017-05-09,3634.94
2017-05-08,3632.5
2017-05-05,3657.05
2017-05-04,3674.76
2017-05-03,3788.58
2017-05-02,3805.82
2017-04-28,3768.41
2017-04-27,3765.15
2017-04-26,3760.27
2017-04-25,3744.01
2017-04-24,3734.25
2017-04-21,3744.01
2017-04-20,3705.78
2017-04-19,3728.55
2017-04-18,3729.37
2017-04-17,3780.61
2017-04-14,3750.51
2017-04-13,3780.61
2017-04-12,3760.27
2017-04-11,3796.06
2017-04-10,3836.91
2017-04-07,3845.86
2017-04-06,3900.94
2017-04-05,3869.3
2017-03-31,3896.23
2017-03-30,3872.57
2017-03-29,3878.28
2017-03-28,3813.82
2017-03-27,3774.65
2017-03-24,3843.19
2017-03-23,3844.83
2017-03-22,3807.29
2017-03-21,3858.7
2017-03-20,3915
2017-03-17,3895.42
2017-03-16,3929.69
2017-03-15,3889.7
2017-03-14,3864.41
2017-03-13,3880.73
2017-03-10,3806.48
2017-03-09,3799.95
2017-03-08,3859.51
2017-03-07,3910.92
2017-03-06,3925.46
2017-03-03,3956.36
2017-03-02,3990.22
2017-03-01,3986.46
2017-02-28,3911.89
2017-02-27,3911.07
2017-02-24,3913.53
2017-02-23,3965.15
2017-02-22,3987.28
2017-02-21,4008.58
2017-02-20,3996.29
2017-02-17,3962.7
2017-02-16,3988.92
2017-02-15,3993.83
2017-02-14,4106.09
2017-02-13,4106.91
2017-02-10,3918.45
2017-02-09,3899.6
2017-02-08,3918.14
2017-02-07,3851.18
2017-02-06,3830.33
2017-02-03,3844.46
2017-01-26,3947.87
2017-01-25,3915.95
2017-01-24,3868.29
2017-01-23,3850.21
2017-01-20,3786.93
2017-01-19,3840.35
2017-01-18,3829.66
2017-01-17,3844.46
2017-01-16,3940.61
2017-01-13,3895.41
2017-01-12,3860.89
2017-01-11,3875.68
2017-01-10,3789.39
2017-01-09,3758.17
2017-01-06,3726.94
2017-01-05,3760.63
2017-01-04,3740.89
2017-01-03,3760.97
2016-12-30,3740.06
2016-12-29,3766.26
2016-12-28,3754.72
2016-12-27,3677.22
2016-12-26,3633.52
2016-12-23,3715.97
2016-12-22,3663.2
2016-12-21,3737.4
2016-12-20,3701.13
2016-12-19,3762.1395
2016-12-16,3830.57
2016-12-15,3857.78
2016-12-14,3833.05
2016-12-13,3868.5
2016-12-12,3894.06
2016-12-09,3907.25
2016-12-08,3892.41
2016-12-07,3986.4
2016-12-06,3931.98
2016-12-05,3904.78
2016-12-02,3845.53
2016-12-01,3880.7
2016-11-30,3802.39
2016-11-29,3854.79
2016-11-28,4083.88
2016-11-25,3978.02
2016-11-24,3987.12
2016-11-23,3784.49
2016-11-22,3821.71
2016-11-21,3731.56
2016-11-18,3656.3
2016-11-17,3611.64
2016-11-16,3686.9
2016-11-15,3611.64
2016-11-14,3764.64
2016-11-11,3862.23
2016-11-10,3631.49
2016-11-09,3440.45
2016-11-08,3345.34
2016-11-07,3339.55
2016-11-04,3236.47
2016-11-03,3225.55
2016-11-02,3192.12
2016-11-01,3204.7
2016-10-31,3177.38
2016-10-28,3167.45
2016-10-27,3130.21
2016-10-26,3125.24
2016-10-25,3145.93
2016-10-24,3091.31
2016-10-21,3077.2373
2016-10-20,3087.9968
2016-10-19,3078.0649
2016-10-18,3095.4458
2016-10-17,3088.8245
2016-10-14,3092.9628
2016-10-13,3114.4819
2016-10-12,3140.967
2016-10-11,3158.1832
2016-10-10,3117.29
2016-09-30,3121.7596
2016-09-29,3116.7937
2016-09-28,3103.5518
2016-09-27,3118.4489
2016-09-26,3125.0698
2016-09-23,3133.3459
2016-09-22,3115.966
2016-09-21,3086.9996
2016-09-20,3085.3443
2016-09-19,3081.2063
2016-09-14,3039.8256
2016-09-13,3029.0666
2016-09-12,2993.4792
2016-09-09,3030.7218
2016-09-08,3026.5837
2016-09-07,3041.4808
2016-09-06,3026.5821
2016-09-05,3021.9465
2016-09-02,3034.1982
2016-09-01,3025.0905
2016-08-31,3003.5596
2016-08-30,3002.7315
2016-08-29,3015.9813
2016-08-26,3016.81
2016-08-25,2992.29
2016-08-24,3015.33
2016-08-23,3054
2016-08-22,3075.61
2016-08-19,3076.21
2016-08-18,3074.57
2016-08-17,3062.22
2016-08-16,3062.22
2016-08-15,3069.81
2016-08-12,3090.2
2016-08-11,3087.73
2016-08-10,3082.79
2016-08-09,3062.22
2016-08-08,3088.55
2016-08-05,3095.13
2016-08-04,3095.46
2016-08-03,3109.13
2016-08-02,3127.08
2016-08-01,3146.52
2016-07-29,3088.82
2016-07-28,3117.67
2016-07-27,3111.08
2016-07-26,3116.85
2016-07-25,3145.7
2016-07-22,3147.35
2016-07-21,3186.09
2016-07-20,3155.59
2016-07-19,3195.16
2016-07-18,3120.14
2016-07-15,3173.73
2016-07-14,3185.27
2016-07-13,3180.32
2016-07-12,3064.91
2016-07-11,3051.72
2016-07-08,2963.37
2016-07-07,2986.84
2016-07-06,3024.87
2016-07-05,3058.05
2016-07-04,3108.22
2016-07-01,3075.89
2016-06-30,3094.87
2016-06-29,3066.65
2016-06-28,3069.95
2016-06-27,3031.15
2016-06-24,2969.24
2016-06-23,2994.01
2016-06-22,2993.18
2016-06-21,2936.22
2016-06-20,2927.14
2016-06-17,2935.4
2016-06-16,2923.02
2016-06-15,2915.59
2016-06-14,2898.25
2016-06-13,2909.81
2016-06-08,2908.16
2016-06-07,2958.51
2016-06-06,2993.18
2016-06-03,2948.61
2016-06-02,2912.62
2016-06-01,2905.19
2016-05-31,2950.9
2016-05-30,2944.96
2016-05-27,2962.28
2016-05-26,2974.65
2016-05-25,2927.63
2016-05-24,2902.89
2016-05-23,2901.24
2016-05-20,2913.61
2016-05-19,2903.71
2016-05-18,2918.56
2016-05-17,2961.46
2016-05-16,2937.53
2016-05-13,2926.81
2016-05-12,2989.5
2016-05-11,2966.41
2016-05-10,2965.58
2016-05-09,2956.51
2016-05-06,3020.85
2016-05-05,3039
2016-05-04,3071.17
2016-05-03,3126.45
2016-04-29,3107.13
2016-04-28,3076.26
2016-04-27,3107.14
2016-04-26,3112.92
2016-04-25,3147.6
2016-04-22,3135.21
2016-04-21,3145.95
2016-04-20,3084.84
2016-04-19,3050.16
2016-04-18,3022.92
2016-04-15,3056.68
2016-04-14,3062.49
2016-04-13,3061.29
2016-04-12,2990.19
2016-04-11,2977.73
2016-04-08,2971.9082
2016-04-07,3045.8735
2016-04-06,3052.522
2016-04-05,3052.688
2016-04-01,3084.7519
2016-03-31,3063.1592
2016-03-30,3074.6173
2016-03-29,3118.6115
2016-03-28,3113.631
2016-03-25,3133.553
2016-03-24,3123.592
2016-03-23,3167.5863
2016-03-22,3166.7562
2016-03-21,3167.5863
2016-03-18,3185.85
2016-03-17,3149.3245
2016-03-16,3118.6115
2016-03-15,3092.049
2016-03-14,3133.553
2016-03-11,3130.2327
2016-03-10,3096.1994
2016-03-09,3097.8595
2016-03-08,3133.553
2016-03-07,3161.7757
2016-03-04,3149.6465
2016-03-03,3070.6681
2016-03-02,3067.6752
2016-03-01,2994.9062
2016-02-29,2984.9121
2016-02-26,2984.9121
2016-02-25,2991.5748
2016-02-24,2982.4135
2016-02-23,3014.8944
2016-02-22,3027.39
2016-02-19,2973.25
2016-02-18,2973.25
2016-02-17,2954.93
2016-02-16,2977.42
2016-02-15,2977.42
2016-02-05,3040.71
2016-02-04,3039.71
2016-02-03,2982.48
2016-02-02,2980.31
2016-02-01,2963.93
2016-01-29,2983.16
2016-01-28,2976.47
2016-01-27,2991.52
2016-01-26,2934.67
2016-01-25,2927.98
2016-01-22,2942.19
2016-01-21,2913.76
2016-01-20,2932.99
2016-01-19,2956.4
2016-01-18,2925.47
2016-01-15,2909.58
2016-01-14,2920.45
2016-01-13,2910.42
2016-01-12,2895.37
2016-01-11,2907.0752
2016-01-08,2983.16
2016-01-07,3017.44
2016-01-06,3029.9801
2016-01-05,3052.7126
2016-01-04,3009.2682
2015-12-31,3056.5196
2015-12-30,3041.3334
2015-12-29,3026.3227
2015-12-28,2980.4567
2015-12-25,3030.4924
2015-12-24,3016.3156
2015-12-23,3033.8281
2015-12-22,3031.3263
2015-12-21,3022.1531
2015-12-18,2986.2942
2015-12-17,2930.4211
2015-12-16,2956.2728
2015-12-15,2970.4496
2015-12-14,3013.4319
2015-12-11,2999.253
2015-12-10,2912.5115
2015-12-09,2920.018
2015-12-08,2894.9964
2015-12-07,2946.7077
2015-12-04,2886.6559
2015-12-03,2868.3068
2015-12-02,2910.3152
2015-12-01,2924.1438
2015-11-30,2897.8321
2015-11-27,2943.26
2015-11-26,2929.12
2015-11-25,2880.04
2015-11-24,2815.98
2015-11-23,2787.7
2015-11-20,2904.16
2015-11-19,2892.52
2015-11-18,2901.67
2015-11-17,2909.15
2015-11-16,2997.34
2015-11-13,3013.97
2015-11-12,3103.82
2015-11-11,3086.35
2015-11-10,3125.45
2015-11-09,3129.61
2015-11-06,3163.72
2015-11-05,3179.6805
2015-11-04,3229.38
2015-11-03,3196.31
2015-11-02,3202.96
2015-10-30,3224.54
2015-10-29,3239.48
2015-10-28,3231.18
2015-10-27,3262.72
2015-10-26,3241.97
2015-10-23,3295.09
2015-10-22,3259.4
2015-10-21,3229.52
2015-10-20,3253.59
2015-10-19,3268.53
2015-10-16,3281.81
2015-10-15,3321.65
2015-10-14,3289.28
2015-10-13,3299.24
2015-10-12,3332.44
2015-10-09,3328.12
2015-10-08,3233.4
2015-09-30,3191.29
2015-09-29,3123.58
2015-09-28,3169.08
2015-09-25,3226.16
2015-09-24,3213.75
2015-09-23,3220.37
2015-09-22,3302.26
2015-09-21,3337
2015-09-18,3367.61
2015-09-17,3390.77
2015-09-16,3387.46
2015-09-15,3328.18
2015-09-14,3360.1665
2015-09-11,3404.84
2015-09-10,3396.56
2015-09-09,3395.87
2015-09-08,3270
2015-09-07,3256.76
2015-09-02,3227.66
2015-09-01,3238.24
2015-08-31,3242.36
2015-08-28,3248.97
2015-08-27,3207.73
2015-08-26,3203.6
2015-08-25,3201.95
2015-08-24,3157.41
2015-08-21,3211.85
2015-08-20,3185.46
2015-08-19,3196.18
2015-08-18,3199.48
2015-08-17,3229.17
2015-08-14,3237.42
2015-08-13,3264.64
2015-08-12,3245.67
2015-08-11,3221.75
2015-08-10,3133.49
2015-08-07,3131.84
2015-08-06,3138.44
2015-08-05,3144.21
2015-08-04,3149.99
2015-08-03,3123.59
2015-07-31,3154.4
2015-07-30,3179.89
2015-07-29,3200.41
2015-07-28,3137.94
2015-07-27,3136.3
2015-07-24,3115.01
2015-07-23,3207.52
2015-07-22,3205.07
2015-07-21,3281.2
2015-07-20,3258.28
2015-07-17,3313.95
2015-07-16,3330.32
2015-07-15,3328.88
2015-07-14,3297.57
2015-07-13,3285.29
2015-07-10,3304.12
2015-07-09,3313.13
2015-07-08,3116.65
2015-07-07,3256.64
2015-07-06,3334.41
2015-07-03,3468.05
2015-07-02,3453.66
2015-07-01,3434.88
2015-06-30,3445.33
2015-06-29,3481.21
2015-06-26,3450.22
2015-06-25,3419.22
2015-06-24,3441.25
2015-06-23,3418.41
2015-06-19,3411.07
2015-06-18,3432.27
2015-06-17,3410.25
2015-06-16,3437.98
2015-06-15,3442.88
2015-06-12,3465.72
2015-06-11,3526.08
2015-06-10,3537.49
2015-06-09,3527.71
2015-06-08,3520.37
2015-06-05,3491.82
2015-06-04,3539.94
2015-06-03,3550.54
2015-06-02,3563.59
2015-06-01,3561.31
2015-05-29,3614.26
2015-05-28,3612.14
2015-05-27,3614.58
2015-05-26,3622.72
2015-05-25,3638.18
2015-05-22,3670.73
2015-05-21,3671.54
2015-05-20,3642.25
2015-05-19,3719.55
2015-05-18,3752.1
2015-05-15,3746.41
2015-05-14,3748.85
2015-05-13,3764.31
2015-05-12,3729.32
2015-05-11,3726.06
2015-05-08,3740.71
2015-05-07,3731.76
2015-05-06,3753.73
2015-05-05,3721.18
2015-05-04,3720.2
2015-04-30,3601.66
2015-04-29,3562.66
2015-04-28,3561.52
2015-04-27,3559.09
2015-04-24,3512.86
2015-04-23,3486.9
2015-04-22,3512.86
2015-04-21,3517.73
2015-04-20,3558.28
2015-04-17,3543.68
2015-04-16,3515.29
2015-04-15,3487.71
2015-04-14,3476.36
2015-04-13,3542.87
2015-04-10,3530.7
2015-04-09,3512.86
2015-04-08,3525.03
2015-04-07,3526.65
2015-04-03,3510.43
2015-04-02,3529.89
2015-04-01,3508.8
2015-03-31,3516.1
2015-03-30,3554.37
2015-03-27,3551.77
2015-03-26,3563.27
2015-03-25,3539.8
2015-03-24,3553.56
2015-03-23,3535.75
2015-03-20,3402.22
2015-03-19,3376.32
2015-03-18,3368.23
2015-03-17,3433.78
2015-03-16,3464.54
2015-03-13,3466.96
2015-03-12,3444.3
2015-03-11,3405.46
2015-03-10,3417.6
2015-03-09,3423.26
2015-03-06,3415.17
2015-03-05,3439.45
2015-03-04,3436.21
2015-03-03,3442.68
2015-03-02,3494.73
2015-02-27,3460.15
2015-02-26,3441.75
2015-02-25,3393.36
2015-02-17,3403.04
2015-02-16,3404.65
2015-02-13,3396.59
2015-02-12,3315.14
2015-02-11,3314.34
2015-02-10,3332.08
2015-02-09,3327.24
2015-02-06,3360.3
2015-02-05,3306.27
2015-02-04,3319.18
2015-02-03,3286.92
2015-02-02,3249.02
2015-01-30,3152.25
2015-01-29,3170.12
2015-01-28,3198.58
2015-01-27,3243.36
2015-01-26,3159.85
2015-01-23,3283.14
2015-01-22,3327.17
2015-01-21,3303.15
2015-01-20,3302.35
2015-01-19,3343.98
2015-01-16,3285.54
2015-01-15,3275.93
2015-01-14,3297.55
2015-01-13,3433.64
2015-01-12,3519.3
2015-01-09,3542.52
2015-01-08,3576.95
2015-01-07,3574.54
2015-01-06,3586.55
2015-01-05,3608.97
2014-12-31,3666.61
2014-12-30,3625.78
2014-12-29,3604.97
2014-12-26,3643.39
2014-12-25,3653
2014-12-24,3652.84
2014-12-23,3653.16
2014-12-22,3677.05
2014-12-19,3640.49
2014-12-18,3621.45
2014-12-17,3620.66
2014-12-16,3639.7
2014-12-15,3705.54
2014-12-12,3679.36
2014-12-11,3665.88
2014-12-10,3669.84
2014-12-09,3644.46
2014-12-08,3642.0785
2014-12-05,3656.36
2014-12-04,3632.56
2014-12-03,3588.13
2014-12-02,3601.75
2014-12-01,3534.11
2014-11-28,3648.92
2014-11-27,3703.86
2014-11-26,3693.65
2014-11-25,3756.49
2014-11-24,3754.92
2014-11-21,3737.64
2014-11-20,3729
2014-11-19,3718
2014-11-18,3740
2014-11-17,3741.57
2014-11-14,3704.65
2014-11-13,3723.5
2014-11-12,3717.22
2014-11-11,3703.86
2014-11-10,3732.14
2014-11-07,3707
2014-11-06,3677.15
2014-11-05,3659.08
2014-11-04,3747.07
2014-11-03,3715.64
2014-10-31,3753.35
2014-10-30,3732.14
2014-10-29,3752.57
2014-10-28,3734.5
2014-10-27,3696.01
2014-10-24,3722.04
2014-10-23,3702.46
2014-10-22,3698.56
2014-10-21,3655.19
2014-10-20,3664.54
2014-10-17,3639.62
2014-10-16,3692.56
2014-10-15,3762.63
2014-10-14,3744.72
2014-10-13,3725.26
2014-10-10,3677.77
2014-10-09,3719.81
2014-10-08,3712.8
2014-09-30,3739.85
2014-09-29,3710.82
2014-09-26,3728.33
2014-09-25,3716.89
2014-09-24,3719.98
2014-09-23,3716.89
2014-09-22,3700.68
2014-09-19,3764.75
2014-09-18,3791
2014-09-17,3819.56
2014-09-16,3760.12
2014-09-15,3734.64
2014-09-12,3750.86
2014-09-11,3719.98
2014-09-10,3772.47
2014-09-09,3808.75
2014-09-05,3846.5762
2014-09-04,3821.8968
2014-09-03,3833.3016
2014-09-02,3828.9939
2014-09-01,3815.618
2014-08-29,3822.529
2014-08-28,3858.6195
2014-08-27,3862.459
2014-08-26,3886.2634
2014-08-25,3890.8707
2014-08-22,3897.7816
2014-08-21,3857.0838
2014-08-20,3803.3318
2014-08-19,3792.5815
2014-08-18,3760.33
2014-08-15,3755.723
2014-08-14,3756.4909
2014-08-13,3785.6705
2014-08-12,3823.2968
2014-08-11,3830.9757
2014-08-08,3817.1538
2014-08-07,3820.2253
2014-08-06,3817.4649
2014-08-05,3879.8666
2014-08-04,3857.1796
2014-08-01,3880.3018
2014-07-31,3874.1815
2014-07-30,3847.4049
2014-07-29,3885.6571
2014-07-28,3873.4164
2014-07-25,3904.7832
2014-07-24,3874.9465
2014-07-23,3825.9837
2014-07-22,3816.8032
2014-07-21,3790.7917
2014-07-18,3805.3275
2014-07-17,3819.0983
2014-07-16,3858.8806
2014-07-15,3874.1815
2014-07-14,3876.4766
2014-07-11,3894.8376
2014-07-10,3868.8261
2014-07-09,3896.3677
2014-07-08,3896.3677
2014-07-07,3890.2474
2014-07-04,3930.7947
2014-07-03,3909.3735
2014-07-02,3849.949
2014-07-01,3856.0404
2014-06-30,3794.7009
2014-06-27,3781.6469
2014-06-26,3780.1296
2014-06-25,3750.544
2014-06-24,3747.5096
2014-06-23,3758.8887
2014-06-20,3698.9589
2014-06-19,3645.8565
2014-06-18,3651.1668
2014-06-17,3655.7184
2014-06-16,3643.5807
2014-06-13,3620.8226
2014-06-12,3600.3402
2014-06-11,3630.6844
2014-06-10,3601.8574
2014-06-09,3593.5128
2014-06-06,3661.0286
2014-06-05,3665.5803
2014-06-04,3650.4082
2014-06-03,3693.6486
2014-05-30,3689.8556
2014-05-29,3676.9593
2014-05-28,3711.8552
2014-05-27,3705.0277
2014-05-26,3727.0273
2014-05-23,3694.4073
2014-05-22,3661.0286
2014-05-21,3642.8221
2014-05-20,3703.4257
2014-05-19,3715.2204
2014-05-16,3668.352
2014-05-15,3697.5916
2014-05-14,3683.3094
2014-05-13,3659.2552
2014-05-12,3643.4695
2014-05-09,3588.5958
2014-05-08,3548.7559
2014-05-07,3554.0177
2014-05-06,3575.0652
2014-05-05,3583.3339
2014-04-30,3581.8305
2014-04-29,3581.0788
2014-04-28,3605.8848
2014-04-25,3602.1263
2014-04-24,3551.7627
2014-04-23,3517.1846
2014-04-22,3490.1236
2014-04-21,3504.4058
2014-04-18,3484.8617
2014-04-17,3498.3923
2014-04-16,3471.3312
2014-04-15,3499.8956
2014-04-14,3516.433
2014-04-11,3513.4262
2014-04-10,3472.8346
2014-04-09,3485.9032
2014-04-08,3510.9678
2014-04-04,3508.4176
2014-04-03,3482.6381
2014-04-02,3503.6043
2014-04-01,3499.8604
2014-03-31,3503.6
2014-03-28,3478.1454
2014-03-27,3424.2322
2014-03-26,3454.9328
2014-03-25,3436.2129
2014-03-24,3401.0196
2014-03-21,3382.2998
2014-03-20,3383.7974
2014-03-19,3350.1017
2014-03-18,3361.3267
2014-03-17,3307.9292
2014-03-14,3313.7606
2014-03-13,3322.127
2014-03-12,3330.3409
2014-03-11,3453.5485
2014-03-10,3484.9105
2014-03-07,3652.921
2014-03-06,3669.3486
2014-03-05,3687.2698
2014-03-04,3658.1479
2014-03-03,3640.9735
2014-02-28,3679.8026
2014-02-27,3674.5756
2014-02-26,3709.9683
2014-02-25,3697.7242
2014-02-24,3728.7782
2014-02-21,3772.5114
2014-02-20,3767.2884
2014-02-19,3785.942
2014-02-18,3782.9574
2014-02-17,3810.5648
2014-02-14,3780.719
2014-02-13,3776.9882
2014-02-12,3779.2267
2014-02-11,3759.8269
2014-02-10,3810.5648
2014-02-07,3807.5802
2014-01-30,3801.611
2014-01-29,3809.8186
2014-01-28,3805.3418
2014-01-27,3803.8495
2014-01-24,3825.4877
2014-01-23,3835.9337
2014-01-22,3852.3489
2014-01-21,3852.6469
2014-01-20,3864.1311
2014-01-17,3866.6647
2014-01-16,3859.3611
2014-01-15,3833.2844
2014-01-14,3858.6161
2014-01-13,3851.1656
2014-01-10,3826.5789
2014-01-09,3816.1482
2014-01-08,3878.7325
2014-01-07,3863.8314
2014-01-06,3857.126
2014-01-03,3868.3017
2014-01-02,3924.18
2013-12-31,3895.1236
2013-12-30,3899.5939
2013-12-27,3903.3191
2013-12-26,3889.609
2013-12-25,3901.0855
2013-12-24,3832.22
2013-12-23,3821.49
2013-12-20,3828.9396
2013-12-19,3804.3425
2013-12-18,3823.722
2013-12-17,3834.9025
2013-12-16,3831.921
2013-12-13,3813.2869
2013-12-12,3843.1015
2013-12-11,3808.8147
2013-12-10,3808.8147
2013-12-09,3791.6713
2013-12-06,3794.6528
2013-12-05,3780.4909
2013-12-04,3753.6577
2013-12-03,3739.4958
2013-12-02,3773.7826
2013-11-29,3771.5465
2013-11-28,3758.1299
2013-11-27,3776.0187
2013-11-26,3785.7084
2013-11-25,3764.8488
2013-11-22,3762.9129
2013-11-21,3748.3385
2013-11-20,3755.4703
2013-11-19,3713.8996
2013-11-18,3742.8506
2013-11-15,3717.6112
2013-11-14,3745.0776
2013-11-13,3757.6973
2013-11-12,3821.5381
2013-11-11,3834.1578
2013-11-08,3822.2804
2013-11-07,3822.2804
2013-11-06,3829.7037
2013-11-05,3830.4461
2013-11-04,3837.8694
2013-11-01,3877.9555
2013-10-31,3846.0351
2013-10-30,3866.0781
2013-10-29,3823.7651
2013-10-28,3823.7651
2013-10-25,3797.041
2013-10-24,3840.0964
2013-10-23,3867.5628
2013-10-22,3872.0168
2013-10-21,3884.6365
2013-10-18,3878.6978
2013-10-17,3845.2928
2013-10-16,3875.7152
2013-10-15,3871.708
2013-10-14,3878.5305
2013-10-11,3836.8701
2013-10-10,3819.8305
2013-10-09,3840.5744
2013-10-08,3890.9523
2013-09-30,3911.6961
2013-09-27,3878.3578
2013-09-26,3873.1718
2013-09-25,3834.6475
2013-09-24,3833.9067
2013-09-23,3856.8731
2013-09-18,3828.7207
2013-09-17,3812.422
2013-09-16,3791.6782
2013-09-13,3799.8275
2013-09-12,3808.7177
2013-09-11,3856.1322
2013-09-10,3851.6871
2013-09-09,3873.9127
2013-09-06,3841.3152
2013-09-05,3827.9799
2013-09-04,3853.9097
2013-09-03,3879.0986
2013-09-02,3889.4706
2013-08-30,3849.4646
2013-08-29,3879.8395
2013-08-28,3879.0986
2013-08-27,3913.1778
2013-08-26,3953.1838
2013-08-23,3904.3025
2013-08-22,3907.5607
2013-08-21,3888.1733
2013-08-20,3865.9864
2013-08-19,3908.1205
2013-08-16,3933.9923
2013-08-15,3857.1161
2013-08-14,3860.812
2013-08-13,3857.1161
2013-08-12,3877.8135
2013-08-09,3808.3292
2013-08-08,3807.59
2013-08-07,3701.1461
2013-08-06,3709.2772
2013-08-05,3709.2772
2013-08-02,3698.9285
2013-08-01,3697.4501
2013-07-31,3636.8362
2013-07-30,3614.6603
2013-07-29,3629.4442
2013-07-26,3698.9285
2013-07-25,3732.1922
2013-07-24,3735.149
2013-07-23,3715.1908
2013-07-22,3721.8435
2013-07-19,3661.9688
2013-07-18,3673.0567
2013-07-17,3687.8406
2013-07-16,3714.4516
2013-07-15,3688.5928
2013-07-12,3674.4185
2013-07-11,3743.6012
2013-07-10,3600.4228
2013-07-09,3619.5701
2013-07-08,3598.2135
2013-07-05,3640.9266
2013-07-04,3691.7405
2013-07-03,3722.6707
2013-07-02,3689.5312
2013-07-01,3639.4538
2013-06-28,3577.5933
2013-06-27,3592.322
2013-06-26,3539.2988
2013-06-25,3577.5933
2013-06-24,3531.198
2013-06-21,3656.3917
2013-06-20,3661.5468
2013-06-19,3752.1281
2013-06-18,3758.0195
2013-06-17,3807.9131
2013-06-14,3789.6736
2013-06-13,3794.5224
2013-06-07,3899.9489
2013-06-06,3894.8116
2013-06-05,3936.6439
2013-06-04,3896.2794
2013-06-03,3890.4082
2013-05-31,3869.125
2013-05-30,3847.108
2013-05-29,3837.5673
2013-05-28,3863.9877
2013-05-27,3853.7131
2013-05-24,3882.3352
2013-05-23,3841.9707
2013-05-22,3932.2405
2013-05-21,3920.4981
2013-05-20,3855.1809
2013-05-17,3888.21
2013-05-16,3827.2927
2013-05-15,3815.5503
2013-05-14,3866.1894
2013-05-13,3919.0303
2013-05-10,3920.4981
2013-05-09,3887.6273
2013-05-08,3891.882
2013-05-07,3833.6653
2013-05-06,3876.7468
2013-05-03,3749.3041
2013-05-02,3638.7073
2013-04-26,3791.785
2013-04-25,3755.896
2013-04-24,3706.0908
2013-04-23,3594.7616
2013-04-22,3591.8319
2013-04-19,3712.6827
2013-04-18,3700.9638
2013-04-17,3825.4767
2013-04-16,3874.5495
2013-04-15,3909.7061
2013-04-12,4037.6637
2013-04-11,4019.2192
2013-04-10,4036.6351
2013-04-09,4031.221
2013-04-08,3996.1033
2013-04-03,3955.1326
2013-04-02,3985.8606
2013-04-01,3931.7208
2013-03-29,4011.4673
2013-03-28,4045.8534
2013-03-27,4064.8755
2013-03-26,4079.5079
2013-03-25,4089.0189
2013-03-22,4070.582
2013-03-21,4081.5555
2013-03-20,4052.4407
2013-03-19,4022.4551
2013-03-18,4044.3958
2013-03-15,4177.5025
2013-03-14,4151.905
2013-03-13,4157.7559
2013-03-12,4120.4568
2013-03-11,4129.9644
2013-03-08,4149.711
2013-03-07,4134.3525
2013-03-06,4146.7856
2013-03-05,4163.6067
2013-03-04,4118.4136
2013-03-01,4147.6605
2013-02-28,4215.369
2013-02-27,4204.3991
2013-02-26,4176.6087
2013-02-25,4189.0412
2013-02-22,4213.9064
2013-02-21,4213.9064
2013-02-20,4289.9644
2013-02-19,4298.7403
2013-02-18,4307.5162
2013-02-08,4365.2911
2013-02-07,4366.0224
2013-02-06,4376.261
2013-02-05,4369.679
2013-02-04,4384.3056
2013-02-01,4363.0971
2013-01-31,4364.5583
2013-01-30,4333.9465
2013-01-29,4302.576
2013-01-28,4289.8154
2013-01-25,4303.7601
2013-01-24,4288.3476
2013-01-23,4300.0904
2013-01-22,4307.4297
2013-01-21,4270.7333
2013-01-18,4284.6779
2013-01-17,4237.7065
2013-01-16,4252.385
2013-01-15,4234.7707
2013-01-14,4294.9529
2013-01-11,4289.0815
2013-01-10,4314.0351
2013-01-09,4281.7422
2013-01-08,4278.8065
2013-01-07,4272.935
2013-01-04,4282.9203
2012-12-31,4247.9534
2012-12-28,4234.2846
2012-12-27,4224.728
2012-12-26,4198.2545
2012-12-25,4193.1069
2012-12-24,4180.6055
2012-12-21,4172.5164
2012-12-20,4182.0763
2012-12-19,4239.4355
2012-12-18,4256.3491
2012-12-17,4274.7335
2012-12-14,4253.4076
2012-12-13,4236.494
2012-12-12,4263.7029
2012-12-11,4257.8199
2012-12-10,4263.7029
2012-12-07,4224.728
2012-12-06,4221.0511
2012-12-05,4247.5246
2012-12-04,4212.2266
2012-12-03,4232.0818
2012-11-30,4213.6955
2012-11-29,4147.0567
2012-11-28,4134.6978
2012-11-27,4135.8747
2012-11-26,4135.8747
2012-11-23,4128.5207
2012-11-22,4121.1667
2012-11-21,4110.8711
2012-11-20,4143.2286
2012-11-19,4121.9021
2012-11-16,4099.1048
2012-11-15,4106.4588
2012-11-14,4111.6065
2012-11-13,4078.5137
2012-11-12,4093.957
2012-11-09,4113.0773
2012-11-08,4096.1632
2012-11-07,4162.349
2012-11-06,4122.6375
2012-11-05,4102.0464
2012-11-02,4163.8198
2012-11-01,4199.414
2012-10-31,4181.0258
2012-10-30,4154.8374
2012-10-29,4168.0767
2012-10-26,4170.2828
2012-10-25,4208.522
2012-10-24,4228.377
2012-10-23,4212.1989
2012-10-22,4257.0564
2012-10-19,4298.9725
2012-10-18,4348.2423
2012-10-17,4313.6799
2012-10-16,4323.2397
2012-10-15,4305.5909
2012-10-12,4337.2118
2012-10-11,4337.2118
2012-10-10,4328.3873
2012-10-09,4355.596
2012-10-08,4333.5349
2012-09-28,4395.306
2012-09-27,4343.8301
2012-09-26,4349.713
2012-09-25,4351.9192
2012-09-24,4344.8582
2012-09-21,4392.3642
2012-09-20,4362.0629
2012-09-19,4446.3463
2012-09-18,4383.815
2012-09-17,4397.0569
2012-09-14,4440.461
2012-09-13,4274.2012
2012-09-12,4288.1788
2012-09-11,4293.3284
2012-09-10,4275.6725
2012-09-07,4167.5301
2012-09-06,4135.8966
2012-09-05,4099.8491
2012-09-04,4121.1833
2012-09-03,4132.9539
2012-08-31,4077.0436
2012-08-30,4096.1708
2012-08-29,4061.5946
2012-08-28,4080.7219
2012-08-27,4107.9414
2012-08-24,4091.7568
2012-08-23,4118.2407
2012-08-22,4070.4226
2012-08-21,4037.3292
2012-08-20,4022.0362
2012-08-17,4022.0392
2012-08-16,3990.1918
2012-08-15,4009.9888
2012-08-14,4004.8563
2012-08-13,3991.6583
2012-08-10,4004.8563
2012-08-09,4044.4502
2012-08-08,4010.7221
2012-08-07,4010.7221
2012-08-06,3993.1247
2012-08-03,3966.7288
2012-08-02,4007.0559
2012-08-01,4016.5878
2012-07-31,4036.3848
2012-07-30,4020.2539
2012-07-27,4015.8546
2012-07-26,3974.0873
2012-07-25,3934.2591
2012-07-24,3994.3775
2012-07-23,3984.8775
2012-07-20,4088.5705
2012-07-19,4106.0961
2012-07-18,4076.1565
2012-07-17,4083.4589
2012-07-16,4101.7147
2012-07-13,4072.5054
2012-07-12,4027.231
2012-07-11,4027.231
2012-07-10,4022.1193
2012-07-09,4029.4217
2012-07-06,4068.8542
2012-07-05,4087.8403
2012-07-04,4087.11
2012-07-03,4096.603
2012-07-02,4043.2961
2012-06-29,4033.8031
2012-06-28,3957.8589
2012-06-27,3924.3015
2012-06-26,3916.7182
2012-06-25,3946.1279
2012-06-21,3947.7282
2012-06-20,4010.9209
2012-06-19,3988.404
2012-06-18,4010.1946
2012-06-15,4000.0256
2012-06-14,3928.843
2012-06-13,3927.3903
2012-06-12,3903.4207
2012-06-11,3947.7282
2012-06-08,3851.8496
2012-06-07,3896.1571
2012-06-06,3909.2315
2012-06-05,3885.2619
2012-06-04,3832.9644
2012-06-01,3946.2755
2012-05-31,3960.8026
2012-05-30,4018.1844
2012-05-29,4073.3873
2012-05-28,4082.8299
2012-05-25,4021.8162
2012-05-24,4005.5609
2012-05-23,3996.9965
2012-05-22,4055.5298
2012-05-21,4059.0034
2012-05-18,4014.8916
2012-05-17,4030.0777
2012-05-16,3954.8708
2012-05-15,4045.9868
2012-05-14,4068.4043
2012-05-11,4146.5037
2012-05-10,4177.5989
2012-05-09,4150.1194
2012-05-08,4168.9212
2012-05-07,4164.296
2012-05-04,4214.0012
2012-05-03,4198.8325
2012-05-02,4245.0529
2012-04-27,4223.3871
2012-04-26,4209.6654
2012-04-25,4159.1118
2012-04-24,4159.834
2012-04-23,4140.3348
2012-04-20,4170.6669
2012-04-19,4164.8894
2012-04-18,4175.7223
2012-04-17,4082.5593
2012-04-16,4096.281
2012-04-13,4190.8884
2012-04-12,4206.7766
2012-04-11,4179.7647
2012-04-10,4286.9415
2012-04-09,4319.1548
2012-04-06,4356.7195
2012-04-05,4330.6963
2012-03-30,4337.925
2012-03-29,4318.4076
2012-03-28,4345.1536
2012-03-27,4388.5257
2012-03-26,4350.2137
2012-03-23,4339.3707
2012-03-22,4319.1304
2012-03-21,4366.1168
2012-03-20,4362.5025
2012-03-19,4358.8881
2012-03-16,4393.5857
2012-03-15,4367.5625
2012-03-14,4375.5141
2012-03-13,4412.3803
2012-03-12,4382.144
2012-03-09,4376.3554
2012-03-08,4307.2677
2012-03-07,4302.7764
2012-03-06,4367.2565
2012-03-05,4420.1446
2012-03-02,4443.3285
2012-03-01,4367.981
2012-02-29,4424.4916
2012-02-28,4423.7671
2012-02-27,4375.9504
2012-02-24,4319.4398
2012-02-23,4377.3994
2012-02-22,4382.4709
2012-02-21,4350.5931
2012-02-20,4299.1539
2012-02-17,4328.8582
2012-02-16,4289.5839
2012-02-15,4373.9384
2012-02-14,4351.1681
2012-02-13,4395.4241
2012-02-10,4450.612
2012-02-09,4434.6365
2012-02-08,4457.8735
2012-02-07,4359.1163
2012-02-06,4395.4241
2012-02-03,4343.867
2012-02-02,4348.2239
2012-02-01,4320.63
2012-01-31,4401.9595
2012-01-30,4380.7373
2012-01-20,4413.9138
2012-01-19,4400.522
2012-01-18,4312.7089
2012-01-17,4347.6886
2012-01-16,4228.9033
2012-01-13,4226.717
2012-01-12,4182.9924
2012-01-11,4143.6402
2012-01-10,4071.4945
2012-01-09,4043.8022
2012-01-06,4073.6807
2012-01-05,4085.3406
2012-01-04,4065.6645
2011-12-30,4034.3285
2011-12-29,3951.2517
2011-12-28,4020.4824
2011-12-27,4011.7375
2011-12-26,4022.6686
2011-12-23,4070.037
2011-12-22,3999.57
2011-12-21,3980.5283
2011-12-20,3919.2472
2011-12-19,3907.6492
2011-12-16,3956.8657
2011-12-15,3869.2892
2011-12-14,4032.1381
2011-12-13,4061.8128
2011-12-12,4108.1342
2011-12-09,4130.5712
2011-12-08,4187.7492
2011-12-07,4223.9378
2011-12-06,4173.9975
2011-12-05,4194.9869
2011-12-02,4202.2247
2011-12-01,4194.9869
2011-11-30,3948.9042
2011-11-29,4014.0437
2011-11-28,4007.5298
2011-11-25,3878.6982
2011-11-24,3938.6467
2011-11-23,3929.563
2011-11-22,3977.7645
2011-11-21,3985.6633
2011-11-18,4012.8985
2011-11-17,4086.0037
2011-11-16,4057.335
2011-11-15,4120.4061
2011-11-14,4187.7775
2011-11-11,3985.6633
2011-11-10,3929.7594
2011-11-09,4154.8085
2011-11-08,4145.4912
2011-11-07,4153.3751
2011-11-04,4254.4322
2011-11-03,4070.9526
2011-11-02,4204.9787
2011-11-01,4136.1739
2011-10-31,4173.4431
2011-10-28,4246.5483
2011-10-27,4159.8255
2011-10-26,4100.8104
2011-10-25,4066.7256
2011-10-24,3935.5103
2011-10-21,3721.2595
2011-10-20,3655.6992
2011-10-19,3869.4827
2011-10-18,3848.1044
2011-10-17,3983.5006
2011-10-14,3991.3394
2011-10-13,3910.8142
2011-10-12,3914.3773
2011-10-11,3863.0692
2011-10-10,3882.3098
2011-09-30,3904.4007
2011-09-29,3748.3387
2011-09-28,3931.48
2011-09-27,3922.216
2011-09-26,3799.6468
2011-09-23,4058.897
2011-09-22,4291.18
2011-09-21,4487.8028
2011-09-20,4483.5402
2011-09-19,4514.8042
2011-09-16,4687.4666
2011-09-15,4624.2281
2011-09-14,4622.0965
2011-09-13,4711.6252
2011-09-09,4804.7066
2011-09-08,4811.812
2011-09-07,4817.4964
2011-09-06,4760.6528
2011-09-05,4767.7582
2011-09-02,4819.628
2011-09-01,4845.2077
2011-08-31,4857.2869
2011-08-30,4849.4709
2011-08-29,4803.996
2011-08-26,4791.9168
2011-08-25,4745.7313
2011-08-24,4722.9939
2011-08-23,4735.3547
2011-08-22,4685.632
2011-08-19,4713.4633
2011-08-18,4736.6028
2011-08-17,4743.6999
2011-08-16,4720.2795
2011-08-15,4776.3466
2011-08-12,4716.7309
2011-08-11,4734.4737
2011-08-10,4761.4427
2011-08-09,4681.2455
2011-08-08,4803.3155
2011-08-05,4866.4797
2011-08-04,5082.2315
2011-08-03,5114.1684
2011-08-02,5110.6199
2011-08-01,5212.1083
2011-07-29,5156.751
2011-07-28,5163.001
2011-07-27,5166.9811
2011-07-26,5169.1186
2011-07-25,5089.948
2011-07-22,5119.8554
2011-07-21,5126.9762
2011-07-20,5156.8835
2011-07-19,5173.9734
2011-07-18,5115.5829
2011-07-15,5101.3413
2011-07-14,5135.5211
2011-07-13,5159.7318
2011-07-12,5065.0252
2011-07-11,5089.2359
2011-07-08,5117.7191
2011-07-07,5059.3286
2011-07-06,5039.3903
2011-07-05,5008.0588
2011-07-04,5038.8147
2011-07-01,4977.4491
2011-06-30,4979.4383
2011-06-29,4860.2162
2011-06-28,4807.6272
2011-06-27,4789.8607
2011-06-24,4849.5563
2011-06-23,4805.4952
2011-06-22,4814.0232
2011-06-21,4850.2669
2011-06-20,4801.9419
2011-06-17,4855.9522
2011-06-16,4843.1603
2011-06-15,4875.8507
2011-06-14,4811.1805
2011-06-13,4774.9368
2011-06-10,4803.3632
2011-06-09,4787.7287
2011-06-08,4796.9673
2011-06-07,4850.9776
2011-06-03,4862.3482
2011-06-02,4808.3379
2011-06-01,4854.5309
2011-05-31,4871.0048
2011-05-30,4840.5068
2011-05-27,4874.8107
2011-05-26,4839.9584
2011-05-25,4766.3684
2011-05-24,4727.4506
2011-05-23,4694.9012
2011-05-20,4779.8127
2011-05-19,4772.0291
2011-05-18,4729.5734
2011-05-17,4708.3455
2011-05-16,4662.3517
2011-05-13,4701.9771
2011-05-12,4544.1831
2011-05-11,4694.1936
2011-05-10,4747.9709
2011-05-09,4739.4797
2011-05-06,4665.8897
2011-05-05,4743.7253
2011-05-04,4805.2862
2011-05-03,4882.4142
2011-04-29,4896.5661
2011-04-28,4952.8138
2011-04-27,4918.3629
2011-04-26,4942.203
2011-04-25,4995.1997
2011-04-22,5033.2342
2011-04-21,5034.6429
2011-04-20,5005.0605
2011-04-19,4910.6786
2011-04-18,5003.6518
2011-04-15,4988.8606
2011-04-14,5007.8779
2011-04-13,5083.9469
2011-04-12,5093.1034
2011-04-11,5167.7637
2011-04-08,5152.9725
2011-04-07,5049.4341
2011-04-06,5034.6429
2011-04-01,4961.3912
2011-03-31,4979.7042
2011-03-30,5021.9647
2011-03-29,4988.8606
2011-03-28,5005.7648
2011-03-25,5096.6251
2011-03-24,5100.1468
2011-03-23,5069.86
2011-03-22,5022.2215
2011-03-21,5035.755
2011-03-18,5057.1875
2011-03-17,4925.5584
2011-03-16,4970.7017
2011-03-15,4840.9147
2011-03-14,4886.7633
2011-03-11,4882.5312
2011-03-10,4883.2365
2011-03-09,5050.4078
2011-03-08,5013.0235
2011-03-07,5233.8025
2011-03-04,5270.4815
2011-03-03,5229.5704
2011-03-02,5269.0708
2011-03-01,5219.6953
2011-02-28,5242.2669
2011-02-25,5120.2389
2011-02-24,5037.7113
2011-02-23,5057.4615
2011-02-22,5190.07
2011-02-21,5264.1332
2011-02-18,5209.1148
2011-02-17,5267.66
2011-02-16,5336.7857
2011-02-15,5368.5847
2011-02-14,5377.4839
2011-02-11,5328.1553
2011-02-10,5356.5614
2011-02-09,5330.2515
2011-02-01,5329.5404
2011-01-31,5220.7452
2011-01-28,5100.5728
2011-01-27,5098.4396
2011-01-26,5034.4424
2011-01-25,5036.5757
2011-01-24,5104.1282
2011-01-21,5046.5308
2011-01-20,5092.0399
2011-01-19,5183.7691
2011-01-18,5119.772
2011-01-17,5069.2853
2011-01-14,5087.7734
2011-01-13,5097.7285
2011-01-12,5074.2629
2011-01-11,5042.9754
2011-01-10,4980.4004
2011-01-07,4961.8975
2011-01-06,5117.7195
2011-01-05,5059.8053
2011-01-04,5135.7794
2010-12-31,5139.3558
2010-12-30,5065.681
2010-12-29,4971.978
2010-12-28,4935.4983
2010-12-27,4914.7549
2010-12-24,4931.9218
2010-12-23,4911.1784
2010-12-22,4914.0396
2010-12-21,4953.3805
2010-12-20,4909.7478
2010-12-17,4894.7268
2010-12-16,4804.6003
2010-12-15,4855.3858
2010-12-14,4921.9078
2010-12-13,4919.7619
2010-12-10,4848.2329
2010-12-09,4822.4825
2010-12-08,4686.5775
2010-12-07,4781.711
2010-12-06,4687.2928
2010-12-03,4705.8903
2010-12-02,4676.5634
2010-12-01,4554.2489
2010-11-30,4482.0047
2010-11-29,4466.2683
2010-11-26,4414.1704
2010-11-25,4441.7853
2010-11-24,4468.253
2010-11-23,4395.7086
2010-11-22,4530.2347
2010-11-19,4580.3241
2010-11-18,4488.0164
2010-11-17,4404.2954
2010-11-16,4601.791
2010-11-15,4646.156
2010-11-12,4696.961
2010-11-11,4951.7018
2010-11-10,4831.487
2010-11-09,4867.2652
2010-11-08,4764.9396
2010-11-05,4822.1847
2010-11-04,4629.698
2010-11-03,4584.6175
2010-11-02,4547.5264
2010-11-01,4560.4244
2010-10-29,4474.1308
2010-10-28,4571.0368
2010-10-27,4594.7172
2010-10-26,4629.879
2010-10-25,4636.3373
2010-10-22,4505.7363
2010-10-21,4498.5604
2010-10-20,4495.69
2010-10-19,4550.9443
2010-10-18,4522.2408
2010-10-15,4584.671
2010-10-14,4587.5477
2010-10-13,4518.4212
2010-10-12,4470.2538
2010-10-11,4525.625
2010-10-08,4359.4744
2010-09-30,4358.7552
2010-09-29,4372.4212
2010-09-28,4342.212
2010-09-27,4358.7552
2010-09-21,4303.3716
2010-09-20,4333.5808
2010-09-17,4322.7918
2010-09-16,4247.9881
2010-09-15,4250.1459
2010-09-14,4246.5496
2010-09-13,4282.5129
2010-09-10,4230.0065
2010-09-09,4214.1826
2010-09-08,4299.7753
2010-09-07,4292.5827
2010-09-06,4351.5625
2010-09-03,4308.4065
2010-09-02,4308.4065
2010-09-01,4286.1093
2010-08-31,4203.3686
2010-08-30,4272.6048
2010-08-27,4163.7628
2010-08-26,4127.7728
2010-08-25,4086.0272
2010-08-24,4096.8235
2010-08-23,4116.2567
2010-08-20,4106.1802
2010-08-19,4193.2701
2010-08-18,4177.4356
2010-08-17,4156.5628
2010-08-16,4124.174
2010-08-13,4126.3333
2010-08-12,4050.0396
2010-08-11,4080.9889
2010-08-10,4119.8555
2010-08-09,4194.7096
2010-08-06,4162.3208
2010-08-05,4131.3715
2010-08-04,4149.2206
2010-08-03,4136.4059
2010-08-02,4149.9367
2010-07-30,4049.3363
2010-07-29,4045.7382
2010-07-28,4044.2989
2010-07-27,3965.1401
2010-07-26,3998.9625
2010-07-23,3986.7289
2010-07-22,3880.9438
2010-07-21,3839.2055
2010-07-20,3818.3363
2010-07-19,3765.084
2010-07-16,3822.6541
2010-07-15,3804.6634
2010-07-14,3807.5419
2010-07-13,3762.9251
2010-07-12,3818.3363
2010-07-09,3860.0747
2010-07-08,3813.299
2010-07-07,3751.4111
2010-07-06,3759.4666
2010-07-05,3760.7593
2010-07-02,3756.019
2010-07-01,3681.3477
2010-06-30,3733.6925
2010-06-29,3796.0761
2010-06-28,3869.2155
2010-06-25,3813.2854
2010-06-24,3837.6652
2010-06-23,3809.7001
2010-06-22,3788.9056
2010-06-21,3850.5721
2010-06-18,3651.9486
2010-06-17,3705.0104
2010-06-11,3685.65
2010-06-10,3629.7199
2010-06-09,3612.5107
2010-06-08,3547.2589
2010-06-07,3592.4332
2010-06-04,3799.6614
2010-06-03,3860.1771
2010-06-02,3824.7668
2010-06-01,3876.9371
2010-05-31,3946.7361
2010-05-28,3996.8943
2010-05-27,3963.9332
2010-05-26,3933.1217
2010-05-25,3879.3807
2010-05-24,3957.4843
2010-05-21,3845.7031
2010-05-20,3867.916
2010-05-19,3807.0096
2010-05-18,3850.0024
2010-05-17,3839.9707
2010-05-14,4038.454
2010-05-13,4065.6827
2010-05-12,4010.5087
2010-05-11,3992.595
2010-05-10,4061.3835
2010-05-07,3908.0426
2010-05-06,4013.9624
2010-05-05,4076.0473
2010-05-04,4167.5429
2010-04-30,4208.286
2010-04-29,4209.721
2010-04-28,4183.1726
2010-04-27,4343.1807
2010-04-26,4409.1931
2010-04-23,4348.2034
2010-04-22,4352.5086
2010-04-21,4371.8818
2010-04-20,4362.5539
2010-04-19,4310.1746
2010-04-16,4473.7704
2010-04-15,4490.991
2010-04-14,4490.2734
2010-04-13,4483.0982
2010-04-12,4515.3868
2010-04-09,4515.3868
2010-04-08,4455.1147
2010-04-07,4528.3023
2010-04-06,4546.9579
2010-04-02,4527.2805
2010-04-01,4484.4391
2010-03-31,4420.8366
2010-03-30,4448.2016
2010-03-29,4451.8069
2010-03-26,4337.8799
2010-03-25,4277.3111
2010-03-24,4275.869
2010-03-23,4294.6165
2010-03-22,4292.4533
2010-03-19,4342.9273
2010-03-18,4293.1743
2010-03-17,4336.4378
2010-03-16,4239.8161
2010-03-15,4209.5317
2010-03-12,4296.7796
2010-03-11,4276.59
2010-03-10,4371.0485
2010-03-09,4345.8115
2010-03-08,4376.0959
2010-03-05,4316.9692
2010-03-04,4283.8006
2010-03-03,4301.827
2010-03-02,4266.9054
2010-03-01,4383.719
2010-02-26,4195.7717
2010-02-25,4185.6546
2010-02-24,4205.8996
2010-02-23,4257.9582
2010-02-22,4266.6346
2010-02-12,4078.6453
2010-02-11,4004.8956
2010-02-10,3952.114
2010-02-09,3846.5508
2010-02-08,3800.2765
2010-02-05,3758.3404
2010-02-04,3904.3936
2010-02-03,4041.0474
2010-02-02,3926.0847
2010-02-01,3938.3763
2010-01-29,4017.9103
2010-01-28,4156.0101
2010-01-27,4304.2325
2010-01-26,4282.9724
2010-01-25,4328.64
2010-01-22,4296.1042
2010-01-21,4404.3444
2010-01-20,4407.9575
2010-01-19,4453.4823
2010-01-18,4399.2861
2010-01-15,4372.5493
2010-01-14,4389.8921
2010-01-13,4319.0758
2010-01-12,4458.5406
2010-01-11,4492.5036
2010-01-08,4385.5564
2010-01-07,4420.242
2010-01-06,4453.4823
2010-01-05,4378.3303
2010-01-04,4339.8663
2009-12-31,4336.5369
2009-12-30,4271.2869
2009-12-29,4226.9907
2009-12-28,4219.7477
2009-12-25,4174.1171
2009-12-24,4136.4537
2009-12-23,4027.8093
2009-12-22,4006.8048
2009-12-21,4034.328
2009-12-18,4019.8421
2009-12-17,4032.1551
2009-12-16,4006.8048
2009-12-15,3991.5945
2009-12-14,3982.903
2009-12-11,3930.7537
2009-12-10,3920.6135
2009-12-09,3956.104
2009-12-08,4044.4681
2009-12-07,4040.1224
2009-12-04,4050.2625
2009-12-03,4050.6964
2009-12-02,4026.8915
2009-12-01,3979.2397
2009-11-30,3963.6694
2009-11-27,3896.6613
2009-11-26,3998.6301
2009-11-25,3982.6064
2009-11-24,3924.3386
2009-11-23,4007.3702
2009-11-20,3910.5
2009-11-19,3899.5747
2009-11-18,3928.7087
2009-11-17,3874.8109
2009-11-16,3841.1182
2009-11-13,3732.3337
2009-11-12,3735.2526
2009-11-11,3714.488
2009-11-10,3712.2931
2009-11-09,3753.9961
2009-11-06,3741.5583
2009-11-05,3710.0982
2009-11-04,3740.8267
2009-11-03,3713.7564
2009-11-02,3716.6829
2009-10-30,3745.9481
2009-10-29,3660.3474
2009-10-28,3751.8012
2009-10-27,3743.0216
2009-10-26,3794.2357
2009-10-23,3755.4593
2009-10-22,3691.8075
2009-10-21,3660.3474
2009-10-20,3673.5167
2009-10-19,3621.5709
2009-10-16,3568.8935
2009-10-15,3563.7721
2009-10-14,3591.1187
2009-10-13,3576.0616
2009-10-12,3585.1218
2009-10-09,3566.8612
2009-09-30,3520.1115
2009-09-29,3394.4715
2009-09-28,3352.1045
2009-09-25,3449.2563
2009-09-24,3521.5724
2009-09-23,3522.3029
2009-09-22,3553.7129
2009-09-21,3563.2089
2009-09-18,3556.6347
2009-09-17,3626.7594
2009-09-16,3562.4784
2009-09-15,3533.9903
2009-09-14,3477.7445
2009-09-11,3593.8884
2009-09-10,3666.2045
2009-09-09,3661.0912
2009-09-08,3640.6382
2009-09-07,3617.2633
2009-09-04,3614.3415
2009-09-03,3553.7129
2009-09-02,3454.3696
2009-09-01,3607.7673
2009-08-31,3601.9235
2009-08-28,3704.1887
2009-08-27,3629.6812
2009-08-26,3652.4741
2009-08-25,3608.5
2009-08-24,3600.7542
2009-08-21,3422.2872
2009-08-20,3474.0848
2009-08-19,3396.7532
2009-08-18,3511.2915
2009-08-17,3486.487
2009-08-14,3659.3887
2009-08-13,3638.9615
2009-08-12,3471.8961
2009-08-11,3536.8255
2009-08-10,3552.1459
2009-08-07,3401.1305
2009-08-06,3494.512
2009-08-05,3501.8074
2009-08-04,3485.0279
2009-08-03,3443.444
2009-07-31,3295.3467
2009-07-30,3147.2494
2009-07-29,3127.5517
2009-07-28,3270.5422
2009-07-27,3278.1286
2009-07-24,3187.2518
2009-07-23,3165.9545
2009-07-22,3134.5966
2009-07-21,3137.5138
2009-07-20,3173.2503
2009-07-17,3044.8908
2009-07-16,3029.5752
2009-07-15,3014.9889
2009-07-14,2895.3812
2009-07-13,2837.036
2009-07-10,2872.0431
2009-07-09,2871.3138
2009-07-08,2834.1187
2009-07-07,2853.0809
2009-07-06,2820.2617
2009-07-03,2899.7571
2009-07-02,2928.2004
2009-07-01,2944.2453
2009-06-30,2982.1697
2009-06-29,2937.0794
2009-06-26,2945.5416
2009-06-25,2863.8413
2009-06-24,2845.1782
2009-06-23,2792.7325
2009-06-22,2780.3495
2009-06-19,2842.9929
2009-06-18,2857.5612
2009-06-17,2869.2158
2009-06-16,2866.3021
2009-06-15,2896.8954
2009-06-12,3011.9846
2009-06-11,3027.2812
2009-06-10,3039.6642
2009-06-09,2985.0333
2009-06-08,2948.6127
2009-06-05,2999.6016
2009-06-04,2882.8642
2009-06-03,2966.2653
2009-06-02,2895.8143
2009-06-01,2857.2986
2009-05-27,2712.8284
2009-05-26,2655.1863
2009-05-25,2683.6426
2009-05-22,2646.4305
2009-05-21,2630.3783
2009-05-20,2668.32
2009-05-19,2689.4797
2009-05-18,2572.0065
2009-05-15,2618.7039
2009-05-14,2590.2477
2009-05-13,2728.151
2009-05-12,2682.9129
2009-05-11,2684.3722
2009-05-08,2839.7871
2009-05-07,2787.9821
2009-05-06,2771.2002
2009-05-05,2727.4214
2009-05-04,2762.4445
2009-04-30,2641.323
2009-04-29,2545.3073
2009-04-28,2491.6316
2009-04-27,2523.9803
2009-04-24,2549.3348
2009-04-23,2664.2608
2009-04-22,2631.0118
2009-04-21,2701.1239
2009-04-20,2826.1693
2009-04-17,2839.9026
2009-04-16,2912.1831
2009-04-15,2844.9622
2009-04-14,2788.5834
2009-04-13,2904.9551
2009-04-10,2760.394
2009-04-09,2659.924
2009-04-08,2551.788
2009-04-07,2579.7087
2009-04-03,2452.6801
2009-04-02,2457.7017
2009-04-01,2379.7135
2009-03-31,2398.3162
2009-03-30,2371.1276
2009-03-27,2376.8516
2009-03-26,2422.6428
2009-03-25,2325.3364
2009-03-24,2350.3785
2009-03-23,2397.6007
2009-03-20,2326.7674
2009-03-19,2217.2977
2009-03-18,2187.9627
2009-03-17,2177.9459
2009-03-16,2127.8617
2009-03-13,2064.9511
2009-03-12,2057.1201
2009-03-11,2071.2249
2009-03-10,2079.4791
2009-03-09,2064.5393
2009-03-06,2119.3186
2009-03-05,2098.6874
2009-03-04,2080.1905
2009-03-03,1994.8202
2009-03-02,1965.652
2009-02-27,1981.3032
2009-02-26,1979.1689
2009-02-25,1956.4035
2009-02-24,1888.8187
2009-02-23,1940.7523
2009-02-20,1888.1073
2009-02-19,1899.49
2009-02-18,1881.7045
2009-02-17,1948.5779
2009-02-16,1949.2819
2009-02-13,2014.6083
2009-02-12,2008.7967
2009-02-11,1979.733
2009-02-10,2095.312
2009-02-09,2092.4757
2009-02-06,2029.3681
2009-02-05,1937.8977
2009-02-04,1923.0071
2009-02-03,1878.3355
2009-02-02,1784.0287
2009-01-23,1831.5367
2009-01-22,1873.372
2009-01-21,1929.1428
2009-01-20,1970.4102
2009-01-19,1983.3769
2009-01-16,1948.1777
2009-01-15,1879.3028
2009-01-14,1946.7721
2009-01-13,1853.299
2009-01-12,1977.6956
2009-01-09,1917.2543
2009-01-08,1810.4278
2009-01-07,1844.1625
2009-01-06,1844.1625
2009-01-05,1743.6612
2008-12-31,1675.4891
2008-12-30,1611.5337
2008-12-29,1610.1281
2008-12-26,1572.8794
2008-12-25,1608.0197
2008-12-24,1620.6221
2008-12-23,1609.0586
2008-12-22,1647.7813
2008-12-19,1598.5405
2008-12-18,1616.9224
2008-12-17,1668.6639
2008-12-16,1681.5993
2008-12-15,1728.5751
2008-12-12,1653.0053
2008-12-11,1717.6822
2008-12-10,1722.4478
2008-12-09,1642.7931
2008-12-08,1710.8741
2008-12-05,1681.5993
2008-12-04,1763.2964
2008-12-03,1825.9309
2008-12-02,1843.6319
2008-12-01,1908.9896
2008-11-28,1897.4159
2008-11-27,1930.0947
2008-11-26,1895.907
2008-11-25,1894.8658
2008-11-24,1822.6821
2008-11-21,1843.7228
2008-11-20,1867.5128
2008-11-19,1957.386
2008-11-18,1917.0752
2008-11-17,1940.2044
2008-11-14,1982.4977
2008-11-13,1919.7186
2008-11-12,1932.2744
2008-11-11,1937.561
2008-11-10,2048.5809
2008-11-07,1967.9593
2008-11-06,2052.5459
2008-11-05,2119.9508
2008-11-04,2099.465
2008-11-03,2152.9924
2008-10-31,2075.0142
2008-10-30,2187.3557
2008-10-29,2102.7692
2008-10-28,2101.4475
2008-10-27,2150.3491
2008-10-24,2240.1673
2008-10-23,2240.1673
2008-10-22,2383.7067
2008-10-21,2468.1988
2008-10-20,2606.3811
2008-10-17,2504.3894
2008-10-16,2636.6496
2008-10-15,2745.8794
2008-10-14,2839.3169
2008-10-13,2743.2473
2008-10-10,2888.0097
2008-10-09,3008.4257
2008-10-08,3008.4257
2008-10-07,3200.5649
2008-10-06,3369.6737
2008-09-26,3511.146
2008-09-25,3516.4101
2008-09-24,3519.7001
2008-09-23,3557.8648
2008-09-22,3574.5086
2008-09-19,3455.401
2008-09-18,3422.0254
2008-09-17,3499.0731
2008-09-16,3478.4334
2008-09-12,3641.616
2008-09-11,3578.4069
2008-09-10,3561.6372
2008-09-09,3572.602
2008-09-08,3557.7672
2008-09-05,3654.5158
2008-09-04,3738.3645
2008-09-03,3722.2398
2008-09-02,3695.7952
2008-09-01,3748.0394
2008-08-29,3784.1589
2008-08-28,3832.5331
2008-08-27,3837.6931
2008-08-26,3810.6035
2008-08-25,3853.1728
2008-08-22,3885.1018
2008-08-21,3830.4837
2008-08-20,3801.1359
2008-08-19,3706.0826
2008-08-18,3760.8178
2008-08-15,3629.7079
2008-08-14,3715.6295
2008-08-13,3659.6214
2008-08-12,3590.8841
2008-08-11,3642.437
2008-08-08,3753.1804
2008-08-07,3789.4584
2008-08-06,3799.6417
2008-08-05,3752.5439
2008-08-04,3883.6538
2008-08-01,3910.385
2008-07-31,3929.5886
2008-07-30,3874.5436
2008-07-29,3899.7944
2008-07-28,3910.8198
2008-07-25,3888.042
2008-07-24,3903.8599
2008-07-23,3948.7827
2008-07-22,3965.8661
2008-07-21,3953.2118
2008-07-18,3944.9864
2008-07-17,3930.434
2008-07-16,3940.5574
2008-07-15,3957.0081
2008-07-14,3968.3969
2008-07-11,3977.8877
2008-07-10,3948.15
2008-07-09,3946.2519
2008-07-08,3994.971
2008-07-07,3982.3167
2008-07-04,3993.7056
2008-07-03,4063.9371
2008-07-02,4029.7704
2008-07-01,3996.8692
2008-06-30,4012.4283
2008-06-27,3945.779
2008-06-26,3946.4063
2008-06-25,3949.5601
2008-06-24,3938.831
2008-06-23,3967.2315
2008-06-20,3963.4447
2008-06-19,3960.2891
2008-06-18,3890.8657
2008-06-17,3900.3326
2008-06-16,3840.376
2008-06-13,3804.4021
2008-06-12,3783.575
2008-06-11,3789.8863
2008-06-10,3784.2062
2008-06-06,3827.1224
2008-06-05,3790.5174
2008-06-04,3772.2148
2008-06-03,3822.0735
2008-06-02,3794.9352
2008-05-30,3822.0735
2008-05-29,3878.8744
2008-05-28,3940.5053
2008-05-27,3926.9048
2008-05-26,3952.1824
2008-05-23,3936.213
2008-05-22,3965.0635
2008-05-21,3929.9411
2008-05-20,3968.8266
2008-05-19,3959.4188
2008-05-16,3953.147
2008-05-15,3871.6129
2008-05-14,3894.1916
2008-05-13,3943.112
2008-05-12,3896.7003
2008-05-09,3968.8266
2008-05-08,4033.4267
2008-05-07,4031.5451
2008-05-06,4070.4306
2008-05-05,4050.3606
2008-04-30,4100.5354
2008-04-29,4109.316
2008-04-28,4126.8772
2008-04-25,4071.0578
2008-04-24,4105.9198
2008-04-23,4068.9225
2008-04-22,4046.2288
2008-04-21,4030.5772
2008-04-18,4034.3301
2008-04-17,4058.0983
2008-04-16,4026.8244
2008-04-15,4041.8358
2008-04-14,4028.7008
2008-04-11,4095.0014
2008-04-10,4148.167
2008-04-09,4112.5148
2008-04-08,4113.7658
2008-04-07,4175.688
2008-04-03,4136.9084
2008-04-02,4088.7467
2008-04-01,4018.6932
2008-03-31,4135.032
2008-03-28,4138.1594
2008-03-27,4073.7352
2008-03-26,4039.9594
2008-03-25,4042.4613
2008-03-24,4001.3419
2008-03-21,4026.058
2008-03-20,3929.2894
2008-03-19,4063.3671
2008-03-18,4040.354
2008-03-17,4225.7028
2008-03-14,4192.1161
2008-03-13,4147.3338
2008-03-12,4141.1141
2008-03-11,4210.7754
2008-03-10,4252.4477
2008-03-07,4300.3399
2008-03-06,4317.7552
2008-03-05,4219.483
2008-03-04,4317.7552
2008-03-03,4312.7794
2008-02-29,4279.1927
2008-02-28,4282.3026
2008-02-27,4236.8983
2008-02-26,4148.5778
2008-02-25,4352.0433
2008-02-22,4232.4771
2008-02-21,4188.3129
2008-02-20,4115.1622
2008-02-19,4118.2869
2008-02-18,4079.5412
2008-02-15,4006.4244
2008-02-14,4018.2981
2008-02-13,3977.6777
2008-02-05,3907.0606
2008-02-04,3880.8136
2008-02-01,3825.1948
2008-01-31,3820.1954
2008-01-30,3782.6996
2008-01-29,3783.9495
2008-01-28,3689.5851
2008-01-25,3766.4514
2008-01-24,3746.4537
2008-01-23,3681.4341
2008-01-22,3654.965
2008-01-21,3780.3112
2008-01-18,3741.8581
2008-01-17,3761.6661
2008-01-16,3684.2911
2008-01-15,3785.1881
2008-01-14,3855.1352
2008-01-11,3869.9912
2008-01-10,3766.6181
2008-01-09,3831.6132
2008-01-08,3703.4801
2008-01-07,3658.293
2008-01-04,3701.6231
2008-01-03,3584.632
2008-01-02,3524.5889
2007-12-28,3522.2249
2007-12-27,3600.2462
2007-12-26,3634.8444
2007-12-25,3590.7504
2007-12-24,3651.1555
2007-12-21,3548.0396
2007-12-20,3418.0771
2007-12-19,3331.4353
2007-12-18,3259.4373
2007-12-17,3348.5196
2007-12-14,3342.4181
2007-12-13,3391.2303
2007-12-12,3347.9095
2007-12-11,3488.2447
2007-12-10,3499.2274
2007-12-07,3479.7025
2007-12-06,3465.669
2007-12-05,3508.3797
2007-12-04,3421.1278
2007-12-03,3519.9726
2007-11-30,3547.4295
2007-11-29,3482.1431
2007-11-28,3386.5733
2007-11-27,3319.8076
2007-11-26,3328.1766
2007-11-23,3364.6312
2007-11-22,3305.6131
2007-11-21,3227.3239
2007-11-20,3359.2112
2007-11-19,3456.1694
2007-11-16,3504.9496
2007-11-15,3613.3501
2007-11-14,3599.499
2007-11-13,3569.3877
2007-11-12,3592.2723
2007-11-09,3745.2374
2007-11-08,3727.1707
2007-11-07,3822.9244
2007-11-06,3821.72
2007-11-05,3775.9509
2007-11-02,3837.3778
2007-11-01,3878.9314
2007-10-31,3926.5071
2007-10-30,3926.5071
2007-10-29,4001.2943
2007-10-26,3954.326
2007-10-25,3917.2383
2007-10-24,3908.9298
2007-10-23,3945.6249
2007-10-22,3914.3438
2007-10-19,3991.9449
2007-10-18,4003.9761
2007-10-17,4014.8041
2007-10-16,4067.7413
2007-10-15,4077.9678
2007-10-12,4023.8275
2007-10-11,4025.6322
2007-10-10,4017.8119
2007-10-09,3981.1168
2007-10-08,4068.3429
2007-09-28,4094.2099
2007-09-27,4062.3052
2007-09-26,4056.0408
2007-09-25,4096.0556
2007-09-24,4058.8026
2007-09-21,4041.916
2007-09-20,4040.7099
2007-09-19,4033.4728
2007-09-18,3970.1482
2007-09-17,3988.844
2007-09-14,3968.3389
2007-09-13,3944.8184
2007-09-12,3954.4678
2007-09-11,3912.2515
2007-09-10,3875.4629
2007-09-07,3914.0607
2007-09-06,3886.9216
2007-09-05,3908.0298
2007-09-04,3916.4731
2007-09-03,3914.6638
2007-08-31,3957.4833
2007-08-30,3927.9318
2007-08-29,3858.4435
2007-08-28,3910.3993
2007-08-27,3958.9705
2007-08-24,3894.6095
2007-08-23,3930.7488
2007-08-22,3812.0915
2007-08-21,3795.8288
2007-08-20,3815.1031
2007-08-17,3710.2992
2007-08-16,3878.9492
2007-08-15,3872.926
2007-08-14,3915.0885
2007-08-13,3945.8069
2007-08-10,3878.9492
2007-08-09,3980.7415
2007-08-08,3980.1392
2007-08-07,3992.1856
2007-08-06,3960.2626
2007-08-03,4092.7732
2007-08-02,4091.5686
2007-08-01,4081.9315
2007-07-31,4152.4031
2007-07-30,4081.0933
2007-07-27,4068.2824
2007-07-26,4105.6775
2007-07-25,4084.8483
2007-07-24,4092.121
2007-07-23,4224.2423
2007-07-20,4129.0907
2007-07-19,3996.3635
2007-07-18,3907.2726
2007-07-17,3888.4847
2007-07-16,3930.9089
2007-07-13,3909.0908
2007-07-12,3968.4847
2007-07-11,3932.1211
2007-07-10,4024.8483
2007-07-09,4039.3938
2007-07-06,3960.6059
2007-07-05,4011.515
2007-07-04,3978.7877
2007-07-03,4026.0604
2007-07-02,3895.1514
2007-06-29,3878.7877
2007-06-28,3790.9089
2007-06-27,3663.0302
2007-06-26,3796.3635
2007-06-25,3820.6132
2007-06-22,3890.116
2007-06-21,3924.9679
2007-06-20,3921.3211
2007-06-19,3898.8092
2007-06-18,3950.5256
2007-06-15,3841.0085
2007-06-14,3858.6529
2007-06-13,3822.7557
2007-06-12,3827.6231
2007-06-11,3858.6529
2007-06-08,3913.4115
2007-06-07,3985.2061
2007-06-06,4072.8197
2007-06-05,4092.2895
2007-06-04,3973.0375
2007-06-01,4023.537
2007-05-31,3961.4773
2007-05-30,3850.7434
2007-05-29,3888.4659
2007-05-28,3872.6468
2007-05-25,3759.4791
2007-05-24,3867.7745
2007-05-23,3786.1033
2007-05-22,3896.2577
2007-05-21,3906.3566
2007-05-18,3720.4267
2007-05-17,3899.6509
2007-05-16,4104.4786
2007-05-15,4065.4638
2007-05-14,4198.9676
2007-05-11,4231.8863
2007-05-10,4433.0564
2007-05-09,4461.7079
2007-05-08,4418.4258
2007-04-30,4327.5945
2007-04-27,4161.172
2007-04-26,4334.3002
2007-04-25,4297.7238
2007-04-24,4459.8791
2007-04-23,4392.2128
2007-04-20,4440.3717
2007-04-19,4484.2633
2007-04-18,4619.1529
2007-04-17,4416.0118
2007-04-16,4471.227
2007-04-13,4354.7198
2007-04-12,4475.6672
2007-04-11,4346.7385
2007-04-10,4383.5753
2007-04-09,4276.1347
2007-04-06,4150.2757
2007-04-05,4061.2536
2007-04-04,4028.7144
2007-04-03,3928.6412
2007-04-02,3878.2976
2007-03-30,3875.2279
2007-03-29,3788.6615
2007-03-28,3805.238
2007-03-27,3850.8109
2007-03-26,3840.3645
2007-03-23,3820.6952
2007-03-22,3749.992
2007-03-21,3708.7968
2007-03-20,3765.9782
2007-03-19,3704.4928
2007-03-16,3751.8366
2007-03-15,3625.7916
2007-03-14,3574.7587
2007-03-13,3603.6569
2007-03-12,3548.32
2007-03-09,3522.4962
2007-03-08,3562.4617
2007-03-07,3471.4633
2007-03-06,3463.9656
2007-03-05,3380.3929
2007-03-02,3523.3267
2007-03-01,3535.1245
2007-02-28,3575.6734
2007-02-27,3559.0852
2007-02-26,3546.1833
2007-02-16,3412.8635
2007-02-15,3372.929
2007-02-14,3326.2363
2007-02-13,3216.8773
2007-02-12,3237.7661
2007-02-09,3155.4396
2007-02-08,3081.1
2007-02-07,3122.2632
2007-02-06,3085.554
2007-02-05,3070.49
2007-02-02,3208.1891
2007-02-01,3250.1992
2007-01-31,3208.5532
2007-01-30,3175.9607
2007-01-29,3311.7629
2007-01-26,3266.4955
2007-01-25,3294.2595
2007-01-24,3265.8919
2007-01-23,3154.2323
2007-01-22,3171.7357
2007-01-19,3098.1008
2007-01-18,3232.0923
2007-01-17,3189.8427
2007-01-16,3137.9361
2007-01-15,3266.4955
2007-01-12,3260.4598
2007-01-11,3307.5379
2007-01-10,3293.6559
2007-01-09,3218.8158
2007-01-08,3164.3415
2007-01-05,3302.0462
2007-01-04,3461.4913
2006-12-29,3615.0035
2006-12-28,3625.158
2006-12-27,3577.9695
2006-12-26,3572.5936
2006-12-25,3558.8551
2006-12-22,3535.5595
2006-12-21,3648.4537
2006-12-20,3754.7773
2006-12-19,3749.9987
2006-12-18,3768.5158
2006-12-15,3769.7104
2006-12-14,3764.3345
2006-12-13,3812.7177
2006-12-12,3832.4294
2006-12-11,3804.9525
2006-12-08,3818.0936
2006-12-07,3836.0133
2006-12-06,3880.4955
2006-12-05,3821.3162
2006-12-04,3896.6594
2006-12-01,3880.634
2006-11-30,3893.6642
2006-11-29,3890.1105
2006-11-28,3914.9863
2006-11-27,3959.9998
2006-11-24,3920.3169
2006-11-23,3808.9678
2006-11-22,3790.607
2006-11-21,3689.3268
2006-11-20,3704.7261
2006-11-17,3689.3268
2006-11-16,3740.263
2006-11-15,3675.7043
2006-11-14,3787.6456
2006-11-13,3853.389
2006-11-10,3994.9445
2006-11-09,3976.5837
2006-11-08,4050.619
2006-11-07,4051.2113
2006-11-06,4027.2936
2006-11-03,3984.132
2006-11-02,4025.2257
2006-11-01,4117.1028
2006-10-31,4093.5361
2006-10-30,4112.3895
2006-10-27,4130.6537
2006-10-26,4177.1979
2006-10-25,4157.1662
2006-10-24,4153.6312
2006-10-23,4207.2455
2006-10-20,4212.548
2006-10-19,4220.7963
2006-10-18,4211.3696
2006-10-17,4265.5731
2006-10-16,4122.4053
2006-10-13,4112.9787
2006-10-12,4113.0989
2006-10-11,4084.5402
2006-10-10,4106.3752
2006-10-09,4122.8937
2006-09-29,4141.6234
2006-09-28,4137.5263
2006-09-27,4131.0879
2006-09-26,4078.4104
2006-09-25,4098.8961
2006-09-22,4132.2586
2006-09-21,4069.0455
2006-09-20,4022.2211
2006-09-19,4121.1377
2006-09-18,4061.4366
2006-09-15,4018.7092
2006-09-14,4139.2822
2006-09-13,4010.515
2006-09-12,4073.728
2006-09-11,4165.621
2006-09-08,4317.8005
2006-09-07,4369.3074
2006-09-06,4325.8764
2006-09-05,4165.8619
2006-09-04,4161.8783
2006-09-01,4074.0299
2006-08-31,3931.4506
2006-08-30,3929.1132
2006-08-29,3954.2399
2006-08-28,3958.3303
2006-08-25,3953.6556
2006-08-24,3956.5773
2006-08-23,3967.6798
2006-08-22,3972.9388
2006-08-21,3900.4805
2006-08-18,3905.1552
2006-08-17,3967.6798
2006-08-16,3937.8783
2006-08-15,3934.3723
2006-08-14,3975.2762
2006-08-11,4082.2107
2006-08-10,4103.8314
2006-08-09,3937.8783
2006-08-08,4008.5837
2006-08-07,4057.084
2006-08-04,3975.2762
2006-08-03,4105.5844
2006-08-02,3947.8121
2006-08-01,3995.1438
2006-07-31,3956.5773
2006-07-28,3837.9559
2006-07-27,3797.731
2006-07-26,3705.3124
2006-07-25,3745.7748
2006-07-24,3653.0509
2006-07-21,3728.7162
2006-07-20,3857.1713
2006-07-19,3847.7864
2006-07-18,4050.7337
2006-07-17,4228.4592
2006-07-14,4149.8611
2006-07-13,4176.256
2006-07-12,4299.4321
2006-07-11,4190.3333
2006-07-10,4116.4276
2006-07-07,4048.3875
2006-07-06,3867.7292
2006-07-05,3922.2787
2006-07-04,3866.5561
2006-07-03,3813.7664
2006-06-30,3632.5216
2006-06-29,3475.912
2006-06-28,3467.1137
2006-06-27,3577.3856
2006-06-26,3445.9978
2006-06-23,3434.2667
2006-06-22,3604.0942
2006-06-21,3477.0978
2006-06-20,3455.0234
2006-06-19,3446.3274
2006-06-16,3522.6515
2006-06-15,3486.2508
2006-06-14,3391.1392
2006-06-13,3495.0574
2006-06-12,3715.2231
2006-06-09,3908.3819
2006-06-08,4021.6938
2006-06-07,3966.5056
2006-06-06,4086.2758
2006-06-05,4238.3369
2006-06-02,4121.5023
2006-06-01,4132.0702
2006-05-31,4311.7255
2006-05-30,4497.2518
2006-05-29,4476.703
2006-05-26,4344.0164
2006-05-25,4271.8021
2006-05-24,4335.7969
2006-05-23,4147.9222
2006-05-22,4335.1174
2006-05-19,4484.9879
2006-05-18,4606.0007
2006-05-17,4784.3853
2006-05-16,4707.3221
2006-05-15,4899.0976
2006-05-12,4794.3858
2006-05-11,4676.1439
2006-05-10,4477.3093
2006-05-09,4312.0059
2006-05-08,4118.4657
2006-04-28,4000.2238
2006-04-27,4101.4059
2006-04-26,3906.1008
2006-04-25,3780.1282
2006-04-24,3658.7484
2006-04-21,3484.7795
2006-04-20,3570.8924
2006-04-19,3623.1637
2006-04-18,3529.7802
2006-04-17,3476.3342
2006-04-14,3368.2678
2006-04-13,3304.2501
2006-04-12,3277.8208
2006-04-11,3294.2657
2006-04-10,3224.3749
2006-04-07,3160.3572
2006-04-06,3132.7533
2006-04-05,3054.0527
2006-04-04,3039.9571
2006-04-03,2947.1609
2006-03-31,2958.9072
2006-03-30,2891.953
2006-03-29,2854.8542
2006-03-28,2878.3162
2006-03-27,2872.6869
2006-03-24,2861.9131
2006-03-23,2844.3589
2006-03-22,2826.2196
2006-03-21,2853.7211
2006-03-20,2850.2103
2006-03-17,2759.5138
2006-03-16,2708.0216
2006-03-15,2713.873
2006-03-14,2713.2878
2006-03-13,2697.4891
2006-03-10,2661.2105
2006-03-09,2690.4674
2006-03-08,2678.7647
2006-03-07,2693.9783
2006-03-06,2733.1826
2006-03-03,2732.5974
2006-03-02,2688.986
2006-03-01,2627.3649
2006-02-28,2623.5241
2006-02-27,2651.0844
2006-02-24,2701.867
2006-02-23,2674.7445
2006-02-22,2689.1714
2006-02-21,2698.4046
2006-02-20,2660.3176
2006-02-17,2649.9302
2006-02-16,2643.0053
2006-02-15,2730.7208
2006-02-14,2713.9856
2006-02-13,2683.9777
2006-02-10,2764.1912
2006-02-09,2782.0805
2006-02-08,2743.4164
2006-02-07,2826.5153
2006-02-06,2746.821
2006-01-27,2647.4195
2006-01-26,2628.8296
2006-01-25,2554.3321
2006-01-24,2529.7877
2006-01-23,2520.0841
2006-01-20,2509.8097
2006-01-19,2526.9337
2006-01-18,2484.1236
2006-01-17,2548.0533
2006-01-16,2548.0533
2006-01-13,2503.5309
2006-01-12,2500.1061
2006-01-11,2504.1017
2006-01-10,2497.8229
2006-01-09,2469.2828
2006-01-06,2457.8668
2006-01-05,2441.8844
2006-01-04,2424.7604
2005-12-30,2380.6394
2005-12-29,2363.5492
2005-12-28,2401.7617
2005-12-27,2400.965
2005-12-26,2391.8962
2005-12-23,2320.4794
2005-12-22,2290.439
2005-12-21,2260.3986
2005-12-20,2263.2326
2005-12-19,2271.7346
2005-12-16,2250.763
2005-12-15,2245.6618
2005-12-14,2283.0706
2005-12-13,2238.8602
2005-12-12,2275.1354
2005-12-09,2235.4594
2005-12-08,2224.1234
2005-12-07,2194.6498
2005-12-06,2179.3705
2005-12-05,2174.6196
2005-12-02,2176.1866
2005-12-01,2109.3375
2005-11-30,2100.3545
2005-11-29,2047.0175
2005-11-28,2034.6657
2005-11-25,2060.4921
2005-11-24,2021.1911
2005-11-23,1999.2949
2005-11-22,2077.8968
2005-11-21,2082.9498
2005-11-18,2080.704
2005-11-17,2085.1955
2005-11-16,2101.4773
2005-11-15,2101.4773
2005-11-14,2098.1087
2005-11-11,2082.3883
2005-11-10,2053.7548
2005-11-09,2058.8077
2005-11-08,2061.0535
2005-11-07,2054.8777
2005-11-04,2054.8777
2005-11-03,2058.2463
2005-11-02,2061.615
2005-11-01,2052.1974
2005-10-31,2038.023
2005-10-28,2056.8529
2005-10-27,2063.199
2005-10-26,2076.5171
2005-10-25,2055.985
2005-10-24,2082.0663
2005-10-21,2051.5456
2005-10-20,2094.8295
2005-10-19,2083.1762
2005-10-18,2098.714
2005-10-17,2063.199
2005-10-14,2036.5627
2005-10-13,2054.3202
2005-10-12,2069.858
2005-10-11,2042.6669
2005-10-10,2050.4358
2005-09-30,1974.4115
2005-09-29,1972.4171
2005-09-28,1970.0967
2005-09-27,1971.6286
2005-09-26,1956.1835
2005-09-23,1964.3684
2005-09-22,1960.5488
2005-09-21,1909.8026
2005-09-20,1905.4373
2005-09-19,1866.6956
2005-09-16,1871.0609
2005-09-15,1889.0676
2005-09-14,1896.7068
2005-09-13,1905.983
2005-09-12,1890.7045
2005-09-09,1885.248
2005-09-08,1904.8917
2005-09-07,1892.8872
2005-09-06,1909.3317
2005-09-05,1915.3916
2005-09-02,1896.7725
2005-09-01,1885.9688
2005-08-31,1899.9909
2005-08-30,1892.4405
2005-08-29,1899.4516
2005-08-26,1876.2612
2005-08-25,1876.2612
2005-08-24,1882.7329
2005-08-23,1896.755
2005-08-22,1866.0143
2005-08-19,1842.824
2005-08-18,1858.464
2005-08-17,1888.6654
2005-08-16,1885.9688
2005-08-15,1873.5647
2005-08-12,1837.4309
2005-08-11,1841.206
2005-08-10,1804.5329
2005-08-09,1850.9136
2005-08-08,1820.7122
2005-08-05,1850.3743
2005-08-04,1859.6193
2005-08-03,1870.2444
2005-08-02,1874.2891
2005-08-01,1859.5404
2005-07-29,1867.5099
2005-07-28,1866.9786
2005-07-27,1835.1008
2005-07-26,1846.7893
2005-07-25,1837.226
2005-07-22,1787.8153
2005-07-21,1775.5955
2005-07-20,1771.3451
2005-07-19,1768.6886
2005-07-18,1767.626
2005-07-15,1763.3756
2005-07-14,1771.8764
2005-07-13,1757.5314
2005-07-12,1764.9695
2005-07-11,1757.0001
2005-07-08,1755.9375
2005-07-07,1755.4062
2005-07-06,1729.9251
2005-07-05,1716.7255
2005-07-04,1700.3321
2005-07-01,1728.5492
2005-06-30,1741.4257
2005-06-29,1713.0973
2005-06-28,1739.8805
2005-06-27,1755.8475
2005-06-24,1744.001
2005-06-23,1722.3684
2005-06-22,1754.8173
2005-06-21,1749.1517
2005-06-20,1770.2692
2005-06-17,1714.6425
2005-06-16,1693.5249
2005-06-15,1683.7387
2005-06-14,1665.7116
2005-06-13,1684.2538
2005-06-10,1676.0128
2005-06-09,1646.1392
2005-06-08,1640.4735
2005-06-07,1667.2567
2005-06-06,1674.5176
2005-06-03,1607.4635
2005-06-02,1583.349
2005-06-01,1535.5966
2005-05-31,1523.1847
2005-05-30,1540.0648
2005-05-27,1547.0155
2005-05-26,1536.5895
2005-05-25,1538.5754
2005-05-24,1538.5754
2005-05-23,1515.7376
2005-05-20,1527.653
2005-05-19,1526.66
2005-05-18,1524.1777
2005-05-17,1511.7658
2005-05-16,1542.5472
2005-05-13,1534.6036
2005-05-12,1589.2159
2005-05-11,1610.0678
2005-05-10,1622.4797
2005-05-09,1607.5854
2005-04-29,1593.1877
2005-04-28,1582.2652
2005-04-27,1583.482
2005-04-26,1620.4065
2005-04-25,1602.4265
2005-04-22,1622.8187
2005-04-21,1599.7591
2005-04-20,1612.2497
2005-04-19,1581.0232
2005-04-18,1554.1203
2005-04-15,1547.3946
2005-04-14,1523.3742
2005-04-13,1587.2685
2005-04-12,1598.3179
2005-04-11,1592.553
2005-04-08,1558.9244
2005-04-07,1562.7677
2005-04-06,1542.5905
2005-04-05,1519.531
2005-04-04,1516.1681
2005-04-01,1523.8546
2005-03-31,1516.014
2005-03-30,1503.0069
2005-03-29,1509.439
2005-03-28,1505.1193
2005-03-25,1502.3199
2005-03-24,1484.5907
2005-03-23,1487.8566
2005-03-22,1496.2547
2005-03-21,1499.5206
2005-03-18,1484.1241
2005-03-17,1499.5206
2005-03-16,1496.2547
2005-03-15,1462.1959
2005-03-14,1457.9968
2005-03-11,1454.2644
2005-03-10,1460.3296
2005-03-09,1458.4634
2005-03-08,1442.6004
2005-03-07,1435.1354
2005-03-04,1424.3506
2005-03-03,1428.4274
2005-03-02,1424.744
2005-03-01,1430.7964
2005-02-28,1437.6423
2005-02-25,1407.5202
2005-02-24,1425.776
2005-02-23,1407.0638
2005-02-22,1423.0376
2005-02-21,1409.8022
2005-02-18,1414.3662
2005-02-17,1382.4185
2005-02-16,1368.7267
2005-02-04,1335.8663
2005-02-03,1319.997
2005-02-02,1345.0239
2005-02-01,1349.0496
2005-01-31,1344.4369
2005-01-28,1350.6141
2005-01-27,1351.0553
2005-01-26,1327.2288
2005-01-25,1349.2904
2005-01-24,1351.0553
2005-01-21,1323.6989
2005-01-20,1304.7259
2005-01-19,1305.6084
2005-01-18,1290.6064
2005-01-17,1292.3714
2005-01-14,1270.7509
2005-01-13,1271.1922
2005-01-12,1275.1633
2005-01-11,1257.9552
2005-01-10,1242.0708
2005-01-07,1253.1373
2005-01-06,1254.2874
2005-01-05,1231.6717
2005-01-04,1259.354
2004-12-31,1285.0989
2004-12-30,1261.0703
2004-12-29,1264.0739
2004-12-28,1258.0667
2004-12-27,1256.7795
2004-12-24,1243.9071
2004-12-23,1234.8963
2004-12-22,1258.0667
2004-12-21,1246.0525
2004-12-20,1242.6198
2004-12-17,1222.8821
2004-12-16,1235.3254
2004-12-15,1219.4494
2004-12-14,1203.5734
2004-12-13,1197.5663
2004-12-10,1175.254
2004-12-09,1177.3994
2004-12-08,1173.9668
2004-12-07,1204.8606
2004-12-06,1199.3996
2004-12-03,1197.6388
2004-12-02,1228.5127
2004-12-01,1227.9985
2004-11-30,1240.709
2004-11-29,1220.2082
2004-11-26,1231.2786
2004-11-25,1230.0486
2004-11-24,1216.108
2004-11-23,1194.3772
2004-11-22,1198.0673
2004-11-19,1198.0673
2004-11-18,1218.5681
2004-11-17,1193.1471
2004-11-16,1175.1064
2004-11-15,1213.6479
2004-11-12,1197.2473
2004-11-11,1186.9969
2004-11-10,1173.8764
2004-11-09,1162.8059
2004-11-08,1173.0563
2004-11-05,1147.6353
2004-11-04,1134.5148
2004-11-03,1139.435
2004-11-02,1123.0344
2004-11-01,1111.1439
2004-10-29,1091.4631
2004-10-28,1098.8434
2004-10-27,1092.2831
2004-10-26,1089.7707
2004-10-25,1116.8959
2004-10-22,1103.2775
2004-10-21,1097.6108
2004-10-20,1081.7264
2004-10-19,1083.712
2004-10-18,1103.9646
2004-10-15,1094.0368
2004-10-14,1139.7044
2004-10-13,1166.7079
2004-10-12,1176.2385
2004-10-11,1214.7581
2004-10-08,1193.3142
2004-09-30,1152.8091
2004-09-29,1147.2495
2004-09-28,1155.1917
2004-09-27,1145.6611
2004-09-24,1137.3218
2004-09-23,1131.7622
2004-09-22,1135.7333
2004-09-21,1109.9212
2004-09-20,1090.4629
2004-09-17,1076.1669
2004-09-16,1053.1346
2004-09-15,1034.0733
2004-09-14,1038.8386
2004-09-13,1034.0733
2004-09-10,1029.308
2004-09-09,1028.1167
2004-09-08,1026.9253
2004-09-07,1011.0409
2004-09-06,1019.3802
2004-09-03,1023.3513
2004-09-02,1033.6762
2004-09-01,1031.9327
2004-08-31,1035.7911
2004-08-30,1026.969
2004-08-27,1019.431
2004-08-26,1022.9182
2004-08-25,1017.8811
2004-08-24,1021.7558
2004-08-23,1023.6931
2004-08-20,1027.9553
2004-08-19,1020.9808
2004-08-18,1042.2916
2004-08-17,1039.9668
2004-08-16,1034.5423
2004-08-13,1012.844
2004-08-12,1009.7442
2004-08-11,1008.1944
2004-08-10,1003.5447
2004-08-09,1020.5934
2004-08-06,1013.2315
2004-08-05,1039.9668
2004-08-04,1011.2941
2004-08-03,1011.6816
2004-08-02,1008.1944
2004-07-30,997.3452
2004-07-29,983.7838
2004-07-28,960.9231
2004-07-27,955.886
2004-07-26,961.3106
2004-07-23,979.1342
2004-07-22,1000.8324
2004-07-21,998.1202
2004-07-20,1006.257
2004-07-19,1011.0517
2004-07-16,1000.1802
2004-07-15,995.5625
2004-07-14,990.0345
2004-07-13,1000.3833
2004-07-12,1007.2825
2004-07-09,995.0172
2004-07-08,993.1008
2004-07-07,985.8183
2004-07-06,993.4841
2004-07-05,988.5013
2004-07-02,975.0862
2004-07-01,985.8183
2004-06-30,961.2879
2004-06-29,968.187
2004-06-28,975.4695
2004-06-25,971.6366
2004-06-24,954.3887
2004-06-23,935.6075
2004-06-22,954.3887
2004-06-21,956.6884
2004-06-18,947.8727
2004-06-17,956.6884
2004-06-16,952.4722
2004-06-15,932.1579
2004-06-14,922.1924
2004-06-11,933.3078
2004-06-10,939.8237
2004-06-09,968.5703
2004-06-08,986.9682
2004-06-07,991.9509
2004-06-04,963.5876
2004-06-03,978.9191
2004-06-02,1016.0981
2004-06-01,1000
数据来源：Wind
